step,callsign_a,callsign_b,h_sep_nm,v_sep_ft,alt_a_ft,alt_b_ft,lat_a,lon_a,lat_b,lon_b,duration_steps,resolved_step,severity
0,FFT3470,FFT4426,1.8988,76.2,1257.3,1264.92,29.938247680664062,-95.23988611557904,29.91632080078125,-95.26740579044116,7,7,HIGH
0,AAL2230,NKS939,1.6704,990.6,1013.46,1021.08,25.82066345214844,-80.1644388834635,25.829177856445312,-80.15975952148438,313,313,CRITICAL
0,AAL2230,UAL2311,2.9925,83.8,1013.46,1036.3200000000002,25.82066345214844,-80.1644388834635,25.804650258209744,-80.20641398879718,30,30,MODERATE
0,FFT3470,NKS1498,2.6848,259.1,1257.3,1021.08,29.938247680664062,-95.23988611557904,29.90272521972656,-95.25827847994287,7,7,MODERATE
0,AAL2230,UAL1927,2.9122,7.6,1013.46,1036.3200000000002,25.82066345214844,-80.1644388834635,25.81187438964844,-80.17740885416663,182,182,CRITICAL
0,UAL1927,UAL2215,2.9823,236.2,1036.3200000000002,1013.46,25.81187438964844,-80.17740885416663,25.8046875,-80.20090738932288,98,98,HIGH
0,NKS687,UAL1457,2.9047,76.2,1013.46,1013.46,29.90669379800053,-95.26654411764709,29.909533484507413,-95.2704754997702,120,120,CRITICAL
0,ENY4071,UAL1795,2.9706,167.6,1028.7,1028.7,25.83858683957892,-80.158943763146,25.81074860136388,-80.18143563900355,25,25,MODERATE
0,ENY3814,UAL2657,2.9302,289.6,1043.94,1028.7,29.91156005859375,-95.27225269990812,29.9154052734375,-95.27386833639709,17,17,CRITICAL
0,NKS1564,UAL1795,2.9332,304.8,1021.08,1028.7,25.81842041015625,-80.16962687174475,25.81074860136388,-80.18143563900355,96,96,CRITICAL
0,NAC802,UAL2215,2.9766,45.7,1013.46,1013.46,25.772063691737287,-80.1933547685731,25.8046875,-80.20090738932288,21,21,MODERATE
0,AAL1465,NKS687,2.9343,22.9,1021.08,1013.46,29.90716552734375,-95.22891117976263,29.90669379800053,-95.26654411764709,266,266,HIGH
0,NAC810,TXG403,2.9962,30.5,1021.08,1013.46,25.777463751324152,-80.21455009028597,25.761310124801376,-80.16671810510024,42,42,MODERATE
0,UAL1848,UAL413,2.6608,358.1,1424.94,1074.42,29.897781372070312,-95.20730825570912,29.900894165039062,-95.25917640099158,3,3,MODERATE
0,FFT3470,NKS272,2.8867,243.8,1257.3,1074.42,29.938247680664062,-95.23988611557904,29.897003173828125,-95.2521514892578,7,7,MODERATE
0,NKS687,UAL1114,2.9076,259.1,1013.46,1021.08,29.90669379800053,-95.26654411764709,29.90711975097656,-95.26646540715144,51,51,CRITICAL
0,SHH3006,TXG403,2.8017,83.8,1028.7,1013.46,25.76852572166313,-80.18703244767096,25.761310124801376,-80.16671810510024,316,316,HIGH
0,NKS687,UAL2245,2.0778,221.0,1013.46,1059.18,29.90669379800053,-95.26654411764709,29.905483439817267,-95.26552088120404,11,11,CRITICAL
0,AAL1341,FFT4879,2.9542,541.0,1036.3200000000002,1013.46,18.503082275390625,-65.97702026367188,18.52820962162341,-66.00311279296875,314,314,MODERATE
0,NKS1336,NKS3010,2.9891,121.9,1120.14,1021.08,29.89228820800781,-95.2438589242788,29.896408081054688,-95.25035564716046,14,14,CRITICAL
0,NKS2012,UAL2261,1.7227,327.7,1021.08,1181.1,26.125348624536542,-80.05605257474457,26.13223835573358,-80.05520747258113,3,3,CRITICAL
0,ENY3814,NKS1155,1.8896,15.2,1043.94,1036.3200000000002,29.91156005859375,-95.27225269990812,29.90343514135328,-95.28399299172791,15,15,CRITICAL
0,AAL1465,SWA4490,2.3348,175.3,1021.08,1120.14,29.90716552734375,-95.22891117976263,29.9381103515625,-95.24979535271144,10,10,MODERATE
0,AAL1511,SHH906,1.5165,899.2,1013.46,1021.08,25.76527404785156,-80.17466227213538,25.77328491210937,-80.19098917643225,170,170,HIGH
0,AAL2733,NKS271,2.9443,106.7,1036.3200000000002,1028.7,25.7833293332892,-80.41282221956072,25.78463279594809,-80.38178066037733,344,344,HIGH
0,AAL714,NKS271,2.9362,30.5,1021.08,1028.7,25.778961181640625,-80.39108276367188,25.78463279594809,-80.38178066037733,53,53,CRITICAL
0,FFT3378,NKS271,2.9595,137.2,1028.7,1028.7,25.779744810977224,-80.39623908276826,25.78463279594809,-80.38178066037733,52,52,CRITICAL
0,UAL1167,UAL2245,2.456,228.6,1188.72,1059.18,29.89254191770392,-95.24397906135113,29.905483439817267,-95.26552088120404,13,13,HIGH
0,UAL1563,UAL2215,2.9726,15.2,1021.08,1013.46,25.826669466697563,-80.16391970076648,25.8046875,-80.20090738932288,44,44,MODERATE
0,AAL1465,UAL2245,2.538,685.8,1021.08,1059.18,29.90716552734375,-95.22891117976263,29.905483439817267,-95.26552088120404,13,13,HIGH
0,NAC810,UAL1927,2.9474,7.6,1021.08,1036.3200000000002,25.777463751324152,-80.21455009028597,25.81187438964844,-80.17740885416663,3,3,MODERATE
0,FFT4426,UAL2245,2.0946,129.5,1264.92,1059.18,29.91632080078125,-95.26740579044116,29.905483439817267,-95.26552088120404,11,11,CRITICAL
0,AAL1613,SHH3006,2.9544,304.8,1036.3200000000002,1028.7,25.764816284179688,-80.17410278320312,25.76852572166313,-80.18703244767096,274,274,CRITICAL
0,FFT1418,NKS1498,2.9963,0.0,1013.46,1021.08,29.937837245100635,-95.24602661132808,29.90272521972656,-95.25827847994287,18,18,MODERATE
0,NKS3010,UAL413,2.2275,30.5,1021.08,1074.42,29.896408081054688,-95.25035564716046,29.900894165039062,-95.25917640099158,12,12,CRITICAL
0,NKS1562,UAL774,2.9565,480.1,1005.84,1028.7,28.350906372070312,-81.35032653808594,28.34351620431673,-81.3614071116728,80,80,CRITICAL
0,AAL1856,SHH3006,2.8644,716.3,1036.3200000000002,1028.7,25.766510009765625,-80.17868041992188,25.76852572166313,-80.18703244767096,416,416,CRITICAL
0,SHH3006,SHH906,2.6915,998.2,1028.7,1021.08,25.76852572166313,-80.18703244767096,25.77328491210937,-80.19098917643225,158,158,CRITICAL
0,ENY3814,UAL1457,1.5129,7.6,1043.94,1013.46,29.91156005859375,-95.27225269990812,29.909533484507413,-95.2704754997702,15,15,CRITICAL
0,UAL2245,UAL759,1.5181,236.2,1059.18,1028.7,29.905483439817267,-95.26552088120404,29.901168823242188,-95.25801438551684,11,11,CRITICAL
0,AAL1856,N453QS,2.9772,76.2,1036.3200000000002,1028.7,25.766510009765625,-80.17868041992188,25.787017822265625,-80.21835327148438,173,173,MODERATE
0,FFT4426,UAL1114,2.9911,480.1,1264.92,1021.08,29.91632080078125,-95.26740579044116,29.90711975097656,-95.26646540715144,32,32,CRITICAL
0,NKS2012,NKS693,2.964,22.9,1021.08,1028.7,26.125348624536542,-80.05605257474457,26.12856072894597,-80.0545208270733,407,407,CRITICAL
0,FFT1418,FFT3470,2.9874,731.5,1013.46,1257.3,29.937837245100635,-95.24602661132808,29.938247680664062,-95.23988611557904,13,13,CRITICAL
0,SWA4490,UAL1457,2.9398,137.2,1120.14,1013.46,29.9381103515625,-95.24979535271144,29.909533484507413,-95.2704754997702,9,9,MODERATE
0,FFT3470,NKS1847,2.9236,251.5,1257.3,1028.7,29.938247680664062,-95.23988611557904,29.891921997070312,-95.24417583759016,4,4,MODERATE
0,UAL1019,UAL1058,2.9854,259.1,1051.56,1013.46,20.996566772460938,-86.81224822998047,21.01181030273437,-86.80185045514787,15,15,HIGH
0,PXG210,UAL496T,2.9984,7.6,1021.08,1021.08,29.993637084960938,-95.42266845703124,29.95468139648437,-95.40699678308825,18,18,MODERATE
0,NKS3010,UAL1848,2.5103,442.0,1021.08,1424.94,29.896408081054688,-95.25035564716046,29.897781372070312,-95.20730825570912,3,3,MODERATE
0,UAL1114,UAL2657,2.9441,525.8,1021.08,1028.7,29.90711975097656,-95.26646540715144,29.9154052734375,-95.27386833639709,16,16,CRITICAL
0,ENY3814,NKS1708,2.1973,68.6,1043.94,1021.08,29.91156005859375,-95.27225269990812,29.9186577231197,-95.27206420898438,15,15,CRITICAL
0,FFT1418,FFT4426,1.6834,861.1,1013.46,1264.92,29.937837245100635,-95.24602661132808,29.91632080078125,-95.26740579044116,35,35,HIGH
0,ENY3954,SHH906,2.9587,22.9,1013.46,1021.08,25.815216064453125,-80.16428629557288,25.77328491210937,-80.19098917643225,2,2,MODERATE
0,AAL1856,TXG403,2.4759,571.5,1036.3200000000002,1013.46,25.766510009765625,-80.17868041992188,25.761310124801376,-80.16671810510024,382,382,CRITICAL
0,ENY3814,SWA4490,2.9233,114.3,1043.94,1120.14,29.91156005859375,-95.27225269990812,29.9381103515625,-95.24979535271144,9,9,HIGH
0,AAL368,UAL2311,2.9751,144.8,1181.1,1036.3200000000002,25.765173960540253,-80.17500967349645,25.804650258209744,-80.20641398879718,3,3,MODERATE
0,AAL1511,N453QS,2.9979,205.7,1013.46,1028.7,25.76527404785156,-80.17466227213538,25.787017822265625,-80.21835327148438,55,55,MODERATE
0,NKS1708,UAL2657,2.9588,647.7,1021.08,1028.7,29.9186577231197,-95.27206420898438,29.9154052734375,-95.27386833639709,8,8,CRITICAL
0,AAL2541,NKS271,2.9997,609.6,1013.46,1028.7,25.78356209447828,-80.39053862949584,25.78463279594809,-80.38178066037733,537,537,CRITICAL
0,NKS1904,UAL2662,2.7675,289.6,1097.28,1173.48,29.9381103515625,-95.24871826171876,29.9146728515625,-95.2752147001379,6,6,HIGH
0,AAL2217,NKS271,2.9852,137.2,1021.08,1028.7,25.76788330078125,-80.40781656901038,25.78463279594809,-80.38178066037733,20,20,HIGH
0,NKS1904,UAL496,2.1865,327.7,1097.28,1021.08,29.9381103515625,-95.24871826171876,29.933074951171875,-95.25658102596508,7,7,CRITICAL
0,NKS687,UAL759,2.678,998.2,1013.46,1028.7,29.90669379800053,-95.26654411764709,29.901168823242188,-95.25801438551684,98,98,CRITICAL
0,AAL1511,AAL1856,1.9284,449.6,1013.46,1036.3200000000002,25.76527404785156,-80.17466227213538,25.766510009765625,-80.17868041992188,212,212,CRITICAL
0,NKS1336,UAL1167,2.8593,617.2,1120.14,1188.72,29.89228820800781,-95.2438589242788,29.89254191770392,-95.24397906135113,45,45,CRITICAL
0,AAL324,UAL1020,2.9879,541.0,1028.7,1043.94,29.94407524496821,-95.40444946289062,29.968963623046875,-95.4184139476103,30,30,HIGH
0,AAL1465,NKS1708,2.6099,53.3,1021.08,1021.08,29.90716552734375,-95.22891117976263,29.9186577231197,-95.27206420898438,248,248,MODERATE
0,UAL2657,UAL413,2.4976,655.3,1028.7,1074.42,29.9154052734375,-95.27386833639709,29.900894165039062,-95.25917640099158,13,13,HIGH
0,NKS797,UAL413,2.9374,320.0,1112.52,1074.42,29.938023454051905,-95.25860595703124,29.900894165039062,-95.25917640099158,21,21,MODERATE
0,NKS3010,UAL496,2.7389,38.1,1021.08,1021.08,29.896408081054688,-95.25035564716046,29.933074951171875,-95.25658102596508,10,10,MODERATE
0,NKS1708,NKS3010,2.1672,15.2,1021.08,1021.08,29.9186577231197,-95.27206420898438,29.896408081054688,-95.25035564716046,10,10,HIGH
0,NKS1708,UAL759,2.9827,426.7,1021.08,1028.7,29.9186577231197,-95.27206420898438,29.901168823242188,-95.25801438551684,69,69,HIGH
0,FFT4426,NKS2801,2.4519,944.9,1264.92,1021.08,29.91632080078125,-95.26740579044116,29.895675659179688,-95.2488767183744,30,30,HIGH
0,ENY3814,NKS1498,0.8038,7.6,1043.94,1021.08,29.91156005859375,-95.27225269990812,29.90272521972656,-95.25827847994287,15,15,CRITICAL
0,FFT4426,UAL759,2.5825,998.2,1264.92,1028.7,29.91632080078125,-95.26740579044116,29.901168823242188,-95.25801438551684,34,34,HIGH
0,NKS1336,SWA4490,2.8667,38.1,1120.14,1120.14,29.89228820800781,-95.2438589242788,29.9381103515625,-95.24979535271144,2,2,MODERATE
0,NKS257,UAL2162,2.9883,320.0,1021.08,1036.3200000000002,26.06414794921875,-80.2651804798054,26.07195320775953,-80.23827772874097,206,206,HIGH
0,NKS1498,UAL1167,2.9897,541.0,1021.08,1188.72,29.90272521972656,-95.25827847994287,29.89254191770392,-95.24397906135113,29,29,CRITICAL
0,NKS272,NKS3010,2.0424,7.6,1074.42,1021.08,29.897003173828125,-95.2521514892578,29.896408081054688,-95.25035564716046,12,12,CRITICAL
0,ENY3689,UAL1795,2.9789,198.1,1013.46,1028.7,25.83526611328125,-80.15562813237028,25.81074860136388,-80.18143563900355,193,193,MODERATE
0,ENY3689,ENY4071,2.9972,167.6,1013.46,1028.7,25.83526611328125,-80.15562813237028,25.83858683957892,-80.158943763146,204,204,CRITICAL
0,NKS1904,UAL1114,2.5182,53.3,1097.28,1021.08,29.9381103515625,-95.24871826171876,29.90711975097656,-95.26646540715144,6,6,MODERATE
0,NAC802,UAL2311,2.9334,83.8,1013.46,1036.3200000000002,25.772063691737287,-80.1933547685731,25.804650258209744,-80.20641398879718,22,22,MODERATE
0,NAC810,UAL2311,2.9577,137.2,1021.08,1036.3200000000002,25.777463751324152,-80.21455009028597,25.804650258209744,-80.20641398879718,33,33,HIGH
0,UAL1114,UAL759,2.8995,769.6,1021.08,1028.7,29.90711975097656,-95.26646540715144,29.901168823242188,-95.25801438551684,52,52,CRITICAL
0,FFT4426,NKS1155,0.1241,891.5,1264.92,1036.3200000000002,29.91632080078125,-95.26740579044116,29.90343514135328,-95.28399299172791,35,35,HIGH
0,UAL1167,UAL1848,2.2077,281.9,1188.72,1424.94,29.89254191770392,-95.24397906135113,29.897781372070312,-95.20730825570912,3,3,HIGH
0,UAL1457,UAL723,2.3863,30.5,1013.46,1127.76,29.909533484507413,-95.2704754997702,29.92140430515095,-95.32342529296876,25,25,MODERATE
0,NKS1171,NKS956,2.9384,388.6,1021.08,1021.08,26.063666909427965,-80.27514531062201,26.064132431806144,-80.26759221003607,226,226,CRITICAL
0,UAL1114,UAL2662,2.6593,563.9,1021.08,1173.48,29.90711975097656,-95.26646540715144,29.9146728515625,-95.2752147001379,56,56,CRITICAL
0,UAL1927,UAL2311,2.9977,228.6,1036.3200000000002,1036.3200000000002,25.81187438964844,-80.17740885416663,25.804650258209744,-80.20641398879718,197,197,HIGH
0,NKS210,NKS257,0.3491,998.2,1013.46,1021.08,26.074859619140625,-80.24180862138854,26.06414794921875,-80.2651804798054,94,94,HIGH
0,AAL2230,ENY4071,2.9588,289.6,1013.46,1028.7,25.82066345214844,-80.1644388834635,25.83858683957892,-80.158943763146,99,99,HIGH
0,NKS1847,UAL759,2.9592,487.7,1028.7,1028.7,29.891921997070312,-95.24417583759016,29.901168823242188,-95.25801438551684,30,30,CRITICAL
0,AAL165,AAL2541,2.9916,190.5,1120.14,1013.46,25.777130126953125,-80.39769490559894,25.78356209447828,-80.39053862949584,42,42,CRITICAL
0,AAL1856,AJT8541,2.9209,129.5,1036.3200000000002,1013.46,25.766510009765625,-80.17868041992188,25.78924146749205,-80.22221979105245,13,13,MODERATE
0,NKS3010,UAL2662,1.7195,426.7,1021.08,1173.48,29.896408081054688,-95.25035564716046,29.9146728515625,-95.2752147001379,12,12,HIGH
0,NKS1847,SWA4490,2.8522,91.4,1028.7,1120.14,29.891921997070312,-95.24417583759016,29.9381103515625,-95.24979535271144,4,4,MODERATE
0,AAL2171,AAL2217,2.5765,213.4,1051.56,1021.08,25.763671875,-80.41275024414062,25.76788330078125,-80.40781656901038,74,74,CRITICAL
0,NKS1498,UAL496,2.9775,213.4,1021.08,1021.08,29.90272521972656,-95.25827847994287,29.933074951171875,-95.25658102596508,30,30,HIGH
0,AAL2171,AAL714,2.9865,342.9,1051.56,1021.08,25.763671875,-80.41275024414062,25.778961181640625,-80.39108276367188,44,44,HIGH
0,NKS1336,UAL1848,1.9811,236.2,1120.14,1424.94,29.89228820800781,-95.2438589242788,29.897781372070312,-95.20730825570912,3,3,HIGH
0,FFT3470,NKS797,2.872,487.7,1257.3,1112.52,29.938247680664062,-95.23988611557904,29.938023454051905,-95.25860595703124,10,10,CRITICAL
0,FFT3470,NKS1708,2.2589,281.9,1257.3,1021.08,29.938247680664062,-95.23988611557904,29.9186577231197,-95.27206420898438,7,7,MODERATE
0,N453QS,SHH3006,2.9662,655.3,1028.7,1028.7,25.787017822265625,-80.21835327148438,25.76852572166313,-80.18703244767096,274,274,MODERATE
0,NKS1708,SWA4490,2.9791,198.1,1021.08,1120.14,29.9186577231197,-95.27206420898438,29.9381103515625,-95.24979535271144,10,10,HIGH
0,AAL217R,AAL9601,2.9437,289.6,1028.7,1013.46,12.517181396484377,-69.9153347673087,12.504364013671877,-69.91126224912449,373,373,CRITICAL
0,NKS352,UAL2261,2.3823,297.2,1021.08,1181.1,26.114089965820312,-80.05877224904185,26.13223835573358,-80.05520747258113,3,3,HIGH
0,NAC802,NAC810,2.989,15.2,1013.46,1021.08,25.772063691737287,-80.1933547685731,25.777463751324152,-80.21455009028597,178,178,HIGH
0,NKS939,UAL2215,2.97,30.5,1021.08,1013.46,25.829177856445312,-80.15975952148438,25.8046875,-80.20090738932288,37,37,MODERATE
0,NKS1846,NKS939,2.9474,350.5,1021.08,1021.08,25.817917645987816,-80.1663035266804,25.829177856445312,-80.15975952148438,89,89,CRITICAL
0,NKS1336,UAL1114,2.6669,304.8,1120.14,1021.08,29.89228820800781,-95.2438589242788,29.90711975097656,-95.26646540715144,48,48,HIGH
0,NKS1336,NKS687,2.7606,320.0,1120.14,1013.46,29.89228820800781,-95.2438589242788,29.90669379800053,-95.26654411764709,18,18,HIGH
0,NKS1708,UAL723,2.7417,53.3,1021.08,1127.76,29.9186577231197,-95.27206420898438,29.92140430515095,-95.32342529296876,24,24,MODERATE
0,UAL1795,UAL2215,2.982,342.9,1028.7,1013.46,25.81074860136388,-80.18143563900355,25.8046875,-80.20090738932288,98,98,HIGH
0,AAL2217,AAL714,2.9893,442.0,1021.08,1021.08,25.76788330078125,-80.40781656901038,25.778961181640625,-80.39108276367188,67,67,HIGH
0,ENY3689,NKS939,2.975,342.9,1013.46,1021.08,25.83526611328125,-80.15562813237028,25.829177856445312,-80.15975952148438,149,149,CRITICAL
0,NKS1155,NKS1904,2.9199,144.8,1036.3200000000002,1097.28,29.90343514135328,-95.28399299172791,29.9381103515625,-95.24871826171876,6,6,MODERATE
0,NKS1847,UAL1114,2.3018,205.7,1028.7,1021.08,29.891921997070312,-95.24417583759016,29.90711975097656,-95.26646540715144,40,40,HIGH
0,AAL1465,NKS1498,2.9973,53.3,1021.08,1021.08,29.90716552734375,-95.22891117976263,29.90272521972656,-95.25827847994287,60,60,HIGH
0,FFT3470,UAL759,2.7446,243.8,1257.3,1028.7,29.938247680664062,-95.23988611557904,29.901168823242188,-95.25801438551684,7,7,MODERATE
0,AJT8541,UAL1927,2.9588,53.3,1013.46,1036.3200000000002,25.78924146749205,-80.22221979105245,25.81187438964844,-80.17740885416663,5,5,MODERATE
0,NKS3010,NKS687,2.9693,106.7,1021.08,1013.46,29.896408081054688,-95.25035564716046,29.90669379800053,-95.26654411764709,12,12,HIGH
0,FFT1418,NKS1336,2.8295,129.5,1013.46,1120.14,29.937837245100635,-95.24602661132808,29.89228820800781,-95.2438589242788,2,2,MODERATE
0,AAL1856,AAL368,2.9462,83.8,1036.3200000000002,1181.1,25.766510009765625,-80.17868041992188,25.765173960540253,-80.17500967349645,410,410,CRITICAL
0,NKS2801,UAL759,2.8226,495.3,1021.08,1028.7,29.895675659179688,-95.2488767183744,29.901168823242188,-95.25801438551684,290,290,CRITICAL
0,FFT1737,NKS1562,2.9904,640.1,1013.46,1005.84,28.356830144332623,-81.34358125574448,28.350906372070312,-81.35032653808594,174,174,CRITICAL
0,FFT3470,SWA4490,0.7533,167.6,1257.3,1120.14,29.938247680664062,-95.23988611557904,29.9381103515625,-95.24979535271144,33,33,CRITICAL
0,FFT1418,NKS687,2.9686,91.4,1013.46,1013.46,29.937837245100635,-95.24602661132808,29.90669379800053,-95.26654411764709,18,18,MODERATE
0,AAL1613,AAL967,0.0853,998.2,1036.3200000000002,1013.46,25.764816284179688,-80.17410278320312,25.76083374023437,-80.1656595865885,167,167,CRITICAL
0,UAL1114,UAL1167,1.7847,327.7,1021.08,1188.72,29.90711975097656,-95.26646540715144,29.89254191770392,-95.24397906135113,41,41,HIGH
0,AAL1465,UAL1114,2.677,342.9,1021.08,1021.08,29.90716552734375,-95.22891117976263,29.90711975097656,-95.26646540715144,51,51,HIGH
0,NKS1498,UAL2245,1.5937,236.2,1021.08,1059.18,29.90272521972656,-95.25827847994287,29.905483439817267,-95.26552088120404,11,11,CRITICAL
0,NKS1155,NKS3010,1.9438,53.3,1036.3200000000002,1021.08,29.90343514135328,-95.28399299172791,29.896408081054688,-95.25035564716046,10,10,HIGH
0,NKS797,UAL496,1.6908,983.0,1112.52,1021.08,29.938023454051905,-95.25860595703124,29.933074951171875,-95.25658102596508,50,50,CRITICAL
0,NKS797,UAL1167,2.9868,61.0,1112.52,1188.72,29.938023454051905,-95.25860595703124,29.89254191770392,-95.24397906135113,5,5,MODERATE
0,AAL1465,UAL2657,1.8363,701.0,1021.08,1028.7,29.90716552734375,-95.22891117976263,29.9154052734375,-95.27386833639709,18,18,MODERATE
0,AAL1613,SHH906,2.114,876.3,1036.3200000000002,1021.08,25.764816284179688,-80.17410278320312,25.77328491210937,-80.19098917643225,170,170,HIGH
0,UAL413,UAL759,2.9756,83.8,1074.42,1028.7,29.900894165039062,-95.25917640099158,29.901168823242188,-95.25801438551684,37,37,CRITICAL
0,AAL368,NAC802,2.961,289.6,1181.1,1013.46,25.765173960540253,-80.17500967349645,25.772063691737287,-80.1933547685731,111,111,HIGH
0,AJT8541,N453QS,2.2306,106.7,1013.46,1028.7,25.78924146749205,-80.22221979105245,25.787017822265625,-80.21835327148438,302,302,CRITICAL
0,NKS272,NKS797,2.9767,350.5,1074.42,1112.52,29.897003173828125,-95.2521514892578,29.938023454051905,-95.25860595703124,22,22,MODERATE
0,NKS1498,UAL759,2.9963,883.9,1021.08,1028.7,29.90272521972656,-95.25827847994287,29.901168823242188,-95.25801438551684,149,149,CRITICAL
0,ENY3814,FFT4426,1.82,495.3,1043.94,1264.92,29.91156005859375,-95.27225269990812,29.91632080078125,-95.26740579044116,15,15,CRITICAL
0,NKS1847,UAL1167,1.4653,38.1,1028.7,1188.72,29.891921997070312,-95.24417583759016,29.89254191770392,-95.24397906135113,41,41,CRITICAL
0,AAL1465,NKS1847,2.9187,312.4,1021.08,1028.7,29.90716552734375,-95.22891117976263,29.891921997070312,-95.24417583759016,31,31,HIGH
0,AAL1856,SHH906,2.4318,579.1,1036.3200000000002,1021.08,25.766510009765625,-80.17868041992188,25.77328491210937,-80.19098917643225,170,170,CRITICAL
0,ENY3689,ENY3954,2.9761,251.5,1013.46,1013.46,25.83526611328125,-80.15562813237028,25.815216064453125,-80.16428629557288,230,230,HIGH
0,NKS1155,NKS1708,1.9193,45.7,1036.3200000000002,1021.08,29.90343514135328,-95.28399299172791,29.9186577231197,-95.27206420898438,39,39,HIGH
0,AAL1613,NAC802,2.9571,243.8,1036.3200000000002,1013.46,25.764816284179688,-80.17410278320312,25.772063691737287,-80.1933547685731,105,105,HIGH
0,NAC802,SHH3006,2.9348,708.7,1013.46,1028.7,25.772063691737287,-80.1933547685731,25.76852572166313,-80.18703244767096,113,113,CRITICAL
0,ENY3954,UAL1563,2.9589,548.6,1013.46,1021.08,25.815216064453125,-80.16428629557288,25.826669466697563,-80.16391970076648,231,231,CRITICAL
0,NKS3010,UAL2657,2.4375,685.8,1021.08,1028.7,29.896408081054688,-95.25035564716046,29.9154052734375,-95.27386833639709,12,12,HIGH
0,NKS1847,NKS272,2.3622,716.3,1028.7,1074.42,29.891921997070312,-95.24417583759016,29.897003173828125,-95.2521514892578,41,41,CRITICAL
0,FFT3470,UAL2657,2.432,175.3,1257.3,1028.7,29.938247680664062,-95.23988611557904,29.9154052734375,-95.27386833639709,14,14,MODERATE
0,NKS1846,UAL2311,2.9528,922.0,1021.08,1036.3200000000002,25.817917645987816,-80.1663035266804,25.804650258209744,-80.20641398879718,83,83,MODERATE
0,NKS3010,NKS797,2.9364,144.8,1021.08,1112.52,29.896408081054688,-95.25035564716046,29.938023454051905,-95.25860595703124,10,10,MODERATE
0,NKS1564,NKS939,2.939,167.6,1021.08,1021.08,25.81842041015625,-80.16962687174475,25.829177856445312,-80.15975952148438,107,107,CRITICAL
0,AAL1511,UAL2311,2.9949,7.6,1013.46,1036.3200000000002,25.76527404785156,-80.17466227213538,25.804650258209744,-80.20641398879718,2,2,MODERATE
0,AJT8541,SHH906,2.9856,518.2,1013.46,1021.08,25.78924146749205,-80.22221979105245,25.77328491210937,-80.19098917643225,63,63,HIGH
0,FFT4426,UAL496,1.4029,998.2,1264.92,1021.08,29.91632080078125,-95.26740579044116,29.933074951171875,-95.25658102596508,31,31,HIGH
0,AAL1511,AJT8313,2.9877,472.4,1013.46,1028.7,25.76527404785156,-80.17466227213538,25.78266906738281,-80.21072387695312,80,80,MODERATE
0,NKS2801,UAL1114,1.529,861.1,1021.08,1021.08,29.895675659179688,-95.2488767183744,29.90711975097656,-95.26646540715144,51,51,HIGH
0,NKS939,UAL1927,2.9486,15.2,1021.08,1036.3200000000002,25.829177856445312,-80.15975952148438,25.81187438964844,-80.17740885416663,161,161,HIGH
0,NAC802,TXG403,2.9898,358.1,1013.46,1013.46,25.772063691737287,-80.1933547685731,25.761310124801376,-80.16671810510024,103,103,HIGH
0,NKS1904,UAL413,2.6767,91.4,1097.28,1074.42,29.9381103515625,-95.24871826171876,29.900894165039062,-95.25917640099158,6,6,MODERATE
0,NKS1336,UAL759,2.9654,655.3,1120.14,1028.7,29.89228820800781,-95.2438589242788,29.901168823242188,-95.25801438551684,35,35,CRITICAL
0,ENY3954,NKS939,2.958,190.5,1013.46,1021.08,25.815216064453125,-80.16428629557288,25.829177856445312,-80.15975952148438,143,143,CRITICAL
0,ENY3814,NKS1847,1.0469,121.9,1043.94,1028.7,29.91156005859375,-95.27225269990812,29.891921997070312,-95.24417583759016,25,25,HIGH
0,NKS939,UAL1563,2.9976,106.7,1021.08,1021.08,25.829177856445312,-80.15975952148438,25.826669466697563,-80.16391970076648,130,130,CRITICAL
0,UAL1563,UAL1795,2.9886,388.6,1021.08,1028.7,25.826669466697563,-80.16391970076648,25.81074860136388,-80.18143563900355,202,202,HIGH
0,FFT4426,NKS1336,2.893,15.2,1264.92,1120.14,29.91632080078125,-95.26740579044116,29.89228820800781,-95.2438589242788,10,10,HIGH
0,AAL1856,AAL967,0.5134,998.2,1036.3200000000002,1013.46,25.766510009765625,-80.17868041992188,25.76083374023437,-80.1656595865885,144,144,CRITICAL
0,AAL2217,AAL2541,2.9698,99.1,1021.08,1013.46,25.76788330078125,-80.40781656901038,25.78356209447828,-80.39053862949584,24,24,HIGH
0,NKS1847,NKS687,2.5917,121.9,1028.7,1013.46,29.891921997070312,-95.24417583759016,29.90669379800053,-95.26654411764709,20,20,HIGH
0,UAL1167,UAL413,2.6386,883.9,1188.72,1074.42,29.89254191770392,-95.24397906135113,29.900894165039062,-95.25917640099158,47,47,CRITICAL
0,ENY3814,UAL723,2.2444,45.7,1043.94,1127.76,29.91156005859375,-95.27225269990812,29.92140430515095,-95.32342529296876,15,15,MODERATE
0,SWA4490,UAL2657,2.9931,22.9,1120.14,1028.7,29.9381103515625,-95.24979535271144,29.9154052734375,-95.27386833639709,13,13,HIGH
0,FFT4426,NKS1498,2.6488,845.8,1264.92,1021.08,29.91632080078125,-95.26740579044116,29.90272521972656,-95.25827847994287,35,35,CRITICAL
0,AAL368,UAL2215,2.9764,114.3,1181.1,1013.46,25.765173960540253,-80.17500967349645,25.8046875,-80.20090738932288,8,8,MODERATE
0,NKS1155,UAL759,2.8266,91.4,1036.3200000000002,1028.7,29.90343514135328,-95.28399299172791,29.901168823242188,-95.25801438551684,39,39,HIGH
0,NKS272,UAL2662,2.7763,205.7,1074.42,1173.48,29.897003173828125,-95.2521514892578,29.9146728515625,-95.2752147001379,100,100,HIGH
0,NKS1336,NKS1847,0.8326,83.8,1120.14,1028.7,29.89228820800781,-95.2438589242788,29.891921997070312,-95.24417583759016,41,41,CRITICAL
0,AAL510,AAL9601,2.9586,731.5,1013.46,1013.46,12.498825073242188,-69.91618715483565,12.504364013671877,-69.91126224912449,387,387,CRITICAL
0,UAL1630,UAL1739,2.8942,15.2,1013.46,1021.08,28.51259393207097,-81.32311652688418,28.51929745431673,-81.32457059972427,56,56,CRITICAL
0,FFT1418,NKS1904,1.6292,312.4,1013.46,1097.28,29.937837245100635,-95.24602661132808,29.9381103515625,-95.24871826171876,7,7,CRITICAL
0,AAL967,AJT8313,2.9991,213.4,1013.46,1028.7,25.76083374023437,-80.1656595865885,25.78266906738281,-80.21072387695312,39,39,MODERATE
0,AAL1511,UAL1927,2.9672,30.5,1013.46,1036.3200000000002,25.76527404785156,-80.17466227213538,25.81187438964844,-80.17740885416663,3,3,MODERATE
0,NKS2801,NKS3010,1.8228,7.6,1021.08,1021.08,29.895675659179688,-95.2488767183744,29.896408081054688,-95.25035564716046,12,12,CRITICAL
0,UAL2105,UAL2620,2.4579,99.1,1051.56,1021.08,29.963424682617188,-95.3994571461397,29.93746482719809,-95.38917846679686,11,11,HIGH
0,NKS1336,NKS797,2.9512,38.1,1120.14,1112.52,29.89228820800781,-95.2438589242788,29.938023454051905,-95.25860595703124,2,2,MODERATE
0,SHH3006,UAL1795,2.9476,45.7,1028.7,1028.7,25.76852572166313,-80.18703244767096,25.81074860136388,-80.18143563900355,8,8,MODERATE
0,FFT1418,UAL1167,2.946,144.8,1013.46,1188.72,29.937837245100635,-95.24602661132808,29.89254191770392,-95.24397906135113,5,5,MODERATE
0,AJT8541,NAC802,2.9749,609.6,1013.46,1013.46,25.78924146749205,-80.22221979105245,25.772063691737287,-80.1933547685731,103,103,HIGH
0,NKS1847,UAL2245,2.7871,525.8,1028.7,1059.18,29.891921997070312,-95.24417583759016,29.905483439817267,-95.26552088120404,13,13,HIGH
0,AAL2733,AAL714,2.9744,129.5,1036.3200000000002,1021.08,25.7833293332892,-80.41282221956072,25.778961181640625,-80.39108276367188,43,43,HIGH
0,SHH3006,UAL2311,2.985,121.9,1028.7,1036.3200000000002,25.76852572166313,-80.18703244767096,25.804650258209744,-80.20641398879718,17,17,MODERATE
0,AAL1014,AAL3149,2.6471,449.6,1028.7,1028.7,18.502280025158896,-65.97989169034088,18.53260803222656,-66.00257328578402,459,459,MODERATE
0,ENY4071,UAL1563,2.9911,281.9,1028.7,1021.08,25.83858683957892,-80.158943763146,25.826669466697563,-80.16391970076648,184,184,CRITICAL
0,NAC810,SHH906,2.9356,83.8,1021.08,1021.08,25.777463751324152,-80.21455009028597,25.77328491210937,-80.19098917643225,117,117,HIGH
0,UAL2245,UAL413,1.2382,243.8,1059.18,1074.42,29.905483439817267,-95.26552088120404,29.900894165039062,-95.25917640099158,11,11,CRITICAL
0,NKS272,UAL2657,2.941,762.0,1074.42,1028.7,29.897003173828125,-95.2521514892578,29.9154052734375,-95.27386833639709,16,16,HIGH
0,AAL3149,NKS1210,2.6992,30.5,1028.7,1021.08,18.53260803222656,-66.00257328578402,18.544549457097457,-66.01834383877838,126,126,HIGH
0,NKS2801,UAL1457,0.8118,990.6,1021.08,1013.46,29.895675659179688,-95.2488767183744,29.909533484507413,-95.2704754997702,261,261,HIGH
0,UAL1630,UAL2247,2.9458,7.6,1013.46,1028.7,28.51259393207097,-81.32311652688418,28.499047230866,-81.3229549632353,61,61,CRITICAL
0,NKS1155,NKS1498,2.8781,83.8,1036.3200000000002,1021.08,29.90343514135328,-95.28399299172791,29.90272521972656,-95.25827847994287,39,39,HIGH
0,AAL1465,UAL1848,1.4764,434.3,1021.08,1424.94,29.90716552734375,-95.22891117976263,29.897781372070312,-95.20730825570912,3,3,HIGH
0,NKS272,SWA4490,2.9695,121.9,1074.42,1120.14,29.897003173828125,-95.2521514892578,29.9381103515625,-95.24979535271144,7,7,MODERATE
0,AAL368,UAL1927,2.9533,129.5,1181.1,1036.3200000000002,25.765173960540253,-80.17500967349645,25.81187438964844,-80.17740885416663,3,3,MODERATE
0,NKS1847,UAL1848,2.2255,434.3,1028.7,1424.94,29.891921997070312,-95.24417583759016,29.897781372070312,-95.20730825570912,3,3,HIGH
0,NKS1155,NKS1847,2.5349,68.6,1036.3200000000002,1028.7,29.90343514135328,-95.28399299172791,29.891921997070312,-95.24417583759016,10,10,MODERATE
0,ENY4071,NKS939,2.9833,61.0,1028.7,1021.08,25.83858683957892,-80.158943763146,25.829177856445312,-80.15975952148438,195,195,CRITICAL
0,AAL368,TXG403,2.983,320.0,1181.1,1013.46,25.765173960540253,-80.17500967349645,25.761310124801376,-80.16671810510024,388,388,CRITICAL
0,NKS1846,UAL1563,2.9529,182.9,1021.08,1021.08,25.817917645987816,-80.1663035266804,25.826669466697563,-80.16391970076648,77,77,CRITICAL
0,NAC802,UAL1795,2.9908,15.2,1013.46,1028.7,25.772063691737287,-80.1933547685731,25.81074860136388,-80.18143563900355,11,11,MODERATE
0,AAL1511,TXG403,1.6653,68.6,1013.46,1013.46,25.76527404785156,-80.17466227213538,25.761310124801376,-80.16671810510024,212,212,CRITICAL
0,UAL1457,UAL2662,2.9782,289.6,1013.46,1173.48,29.909533484507413,-95.2704754997702,29.9146728515625,-95.2752147001379,57,57,CRITICAL
0,AJT8541,SHH3006,2.9586,365.8,1013.46,1028.7,25.78924146749205,-80.22221979105245,25.76852572166313,-80.18703244767096,48,48,MODERATE
0,FFT3470,NKS1336,2.8656,114.3,1257.3,1120.14,29.938247680664062,-95.23988611557904,29.89228820800781,-95.2438589242788,2,2,MODERATE
0,NKS1498,NKS1708,2.9676,15.2,1021.08,1021.08,29.90272521972656,-95.25827847994287,29.9186577231197,-95.27206420898438,70,70,HIGH
0,NKS1171,NKS210,1.8219,990.6,1021.08,1013.46,26.063666909427965,-80.27514531062201,26.074859619140625,-80.24180862138854,211,211,HIGH
0,NKS687,UAL2662,2.9646,342.9,1013.46,1173.48,29.90669379800053,-95.26654411764709,29.9146728515625,-95.2752147001379,67,67,CRITICAL
0,UAL2657,UAL2662,2.8251,365.8,1028.7,1173.48,29.9154052734375,-95.27386833639709,29.9146728515625,-95.2752147001379,16,16,CRITICAL
0,NKS1336,NKS272,2.9863,563.9,1120.14,1074.42,29.89228820800781,-95.2438589242788,29.897003173828125,-95.2521514892578,64,64,CRITICAL
0,NKS1847,NKS797,2.9027,99.1,1028.7,1112.52,29.891921997070312,-95.24417583759016,29.938023454051905,-95.25860595703124,4,4,MODERATE
0,AAL2541,FFT3378,2.9575,91.4,1013.46,1028.7,25.78356209447828,-80.39053862949584,25.779744810977224,-80.39623908276826,52,52,CRITICAL
0,ENY3689,UAL1927,2.9828,784.9,1013.46,1036.3200000000002,25.83526611328125,-80.15562813237028,25.81187438964844,-80.17740885416663,267,267,HIGH
0,UAL1167,UAL2662,1.8308,579.1,1188.72,1173.48,29.89254191770392,-95.24397906135113,29.9146728515625,-95.2752147001379,41,41,MODERATE
0,UAL2245,UAL496,2.8008,251.5,1059.18,1021.08,29.905483439817267,-95.26552088120404,29.933074951171875,-95.25658102596508,11,11,HIGH
0,NKS797,UAL2245,2.9158,99.1,1112.52,1059.18,29.938023454051905,-95.25860595703124,29.905483439817267,-95.26552088120404,9,9,HIGH
0,NKS1846,UAL2215,2.9637,381.0,1021.08,1013.46,25.817917645987816,-80.1663035266804,25.8046875,-80.20090738932288,405,405,MODERATE
0,NKS1708,NKS1847,2.7455,106.7,1021.08,1028.7,29.9186577231197,-95.27206420898438,29.891921997070312,-95.24417583759016,10,10,MODERATE
0,UAL1167,UAL759,2.8924,762.0,1188.72,1028.7,29.89254191770392,-95.24397906135113,29.901168823242188,-95.25801438551684,36,36,CRITICAL
0,UAL1020,UAL496T,1.3291,114.3,1043.94,1021.08,29.968963623046875,-95.4184139476103,29.95468139648437,-95.40699678308825,50,50,HIGH
0,UAL1167,UAL2657,2.8189,190.5,1188.72,1028.7,29.89254191770392,-95.24397906135113,29.9154052734375,-95.27386833639709,18,18,MODERATE
0,FFT3470,NKS1904,1.1589,68.6,1257.3,1097.28,29.938247680664062,-95.23988611557904,29.9381103515625,-95.24871826171876,7,7,CRITICAL
0,UAL1457,UAL413,2.5365,251.5,1013.46,1074.42,29.909533484507413,-95.2704754997702,29.900894165039062,-95.25917640099158,35,35,CRITICAL
0,AAL1511,AAL967,0.7248,998.2,1013.46,1013.46,25.76527404785156,-80.17466227213538,25.76083374023437,-80.1656595865885,171,171,CRITICAL
0,NKS210,NKS956,2.9888,868.7,1013.46,1021.08,26.074859619140625,-80.24180862138854,26.064132431806144,-80.26759221003607,298,298,HIGH
0,NKS3010,UAL2245,2.7474,480.1,1021.08,1059.18,29.896408081054688,-95.25035564716046,29.905483439817267,-95.26552088120404,13,13,CRITICAL
0,AJT8313,UAL2215,2.9535,30.5,1028.7,1013.46,25.78266906738281,-80.21072387695312,25.8046875,-80.20090738932288,28,28,HIGH
0,NKS272,UAL2245,1.1103,259.1,1074.42,1059.18,29.897003173828125,-95.2521514892578,29.905483439817267,-95.26552088120404,11,11,CRITICAL
0,AAL1026,AAL987,2.1298,998.2,1379.22,1280.16,18.34181446140096,-69.7335205078125,18.333295401880296,-69.76138583096588,101,101,HIGH
0,NKS2012,NKS352,0.2862,449.6,1021.08,1021.08,26.125348624536542,-80.05605257474457,26.114089965820312,-80.05877224904185,282,282,CRITICAL
0,AAL1613,AJT8541,2.9864,22.9,1036.3200000000002,1013.46,25.764816284179688,-80.17410278320312,25.78924146749205,-80.22221979105245,1,1,MODERATE
0,NKS1564,UAL1563,2.9365,0.0,1021.08,1021.08,25.81842041015625,-80.16962687174475,25.826669466697563,-80.16391970076648,92,92,CRITICAL
0,SHH906,UAL1795,2.9368,38.1,1021.08,1028.7,25.77328491210937,-80.19098917643225,25.81074860136388,-80.18143563900355,10,10,MODERATE
0,AAL1014,AAL1341,2.0774,289.6,1028.7,1036.3200000000002,18.502280025158896,-65.97989169034088,18.503082275390625,-65.97702026367188,344,344,CRITICAL
0,ENY3954,ENY4071,2.3133,114.3,1013.46,1028.7,25.815216064453125,-80.16428629557288,25.83858683957892,-80.158943763146,492,492,HIGH
0,AJT8313,TXG403,0.8666,998.2,1028.7,1013.46,25.78266906738281,-80.21072387695312,25.761310124801376,-80.16671810510024,237,237,MODERATE
0,AAL1026,AJT862,2.8315,304.8,1379.22,1074.42,18.34181446140096,-69.7335205078125,18.347261073225635,-69.68443159623575,2,2,MODERATE
0,NKS2801,UAL1167,2.4522,944.9,1021.08,1188.72,29.895675659179688,-95.2488767183744,29.89254191770392,-95.24397906135113,39,39,CRITICAL
0,UAL1795,UAL1927,2.9197,83.8,1028.7,1036.3200000000002,25.81074860136388,-80.18143563900355,25.81187438964844,-80.17740885416663,199,199,CRITICAL
0,UAL1167,UAL496,2.9148,160.0,1188.72,1021.08,29.89254191770392,-95.24397906135113,29.933074951171875,-95.25658102596508,8,8,MODERATE
0,AJT8541,UAL2311,2.9701,83.8,1013.46,1036.3200000000002,25.78924146749205,-80.22221979105245,25.804650258209744,-80.20641398879718,38,38,HIGH
0,NKS1846,UAL1795,2.9694,403.9,1021.08,1028.7,25.817917645987816,-80.1663035266804,25.81074860136388,-80.18143563900355,83,83,CRITICAL
0,ENY3814,UAL413,2.9824,457.2,1043.94,1074.42,29.91156005859375,-95.27225269990812,29.900894165039062,-95.25917640099158,16,16,CRITICAL
0,NKS1708,UAL496,2.998,914.4,1021.08,1021.08,29.9186577231197,-95.27206420898438,29.933074951171875,-95.25658102596508,103,103,HIGH
0,AAL324,UAL2620,2.5996,160.0,1028.7,1021.08,29.94407524496821,-95.40444946289062,29.93746482719809,-95.38917846679686,11,11,CRITICAL
0,SHH3006,UAL2215,2.9858,38.1,1028.7,1013.46,25.76852572166313,-80.18703244767096,25.8046875,-80.20090738932288,17,17,MODERATE
0,ENY3814,NKS687,1.0469,83.8,1043.94,1013.46,29.91156005859375,-95.27225269990812,29.90669379800053,-95.26654411764709,15,15,CRITICAL
0,SWA4490,UAL413,2.9815,99.1,1120.14,1074.42,29.9381103515625,-95.24979535271144,29.900894165039062,-95.25917640099158,8,8,MODERATE
0,NKS1904,UAL2245,2.48,68.6,1097.28,1059.18,29.9381103515625,-95.24871826171876,29.905483439817267,-95.26552088120404,6,6,MODERATE
0,ENY3954,NKS1846,2.931,426.7,1013.46,1021.08,25.815216064453125,-80.16428629557288,25.817917645987816,-80.1663035266804,79,79,CRITICAL
0,ENY3814,NKS1336,1.1074,15.2,1043.94,1120.14,29.91156005859375,-95.27225269990812,29.89228820800781,-95.2438589242788,25,25,HIGH
0,NKS797,UAL759,2.9547,358.1,1112.52,1028.7,29.938023454051905,-95.25860595703124,29.901168823242188,-95.25801438551684,31,31,MODERATE
0,AAL1613,NAC810,2.9546,175.3,1036.3200000000002,1021.08,25.764816284179688,-80.17410278320312,25.777463751324152,-80.21455009028597,95,95,MODERATE
0,NKS1498,UAL1457,2.9505,213.4,1021.08,1013.46,29.90272521972656,-95.25827847994287,29.909533484507413,-95.2704754997702,152,152,CRITICAL
0,NKS1155,UAL1114,2.9633,396.2,1036.3200000000002,1021.08,29.90343514135328,-95.28399299172791,29.90711975097656,-95.26646540715144,33,33,CRITICAL
0,NKS272,NKS2801,2.8712,640.1,1074.42,1021.08,29.897003173828125,-95.2521514892578,29.895675659179688,-95.2488767183744,53,53,CRITICAL
0,FFT4426,UAL1457,2.7151,876.3,1264.92,1013.46,29.91632080078125,-95.26740579044116,29.909533484507413,-95.2704754997702,35,35,CRITICAL
0,AJT8313,NAC810,2.9605,114.3,1028.7,1021.08,25.78266906738281,-80.21072387695312,25.777463751324152,-80.21455009028597,149,149,CRITICAL
0,UAL2620,UAL496T,2.8206,190.5,1021.08,1021.08,29.93746482719809,-95.38917846679686,29.95468139648437,-95.40699678308825,15,15,HIGH
0,UAL2657,UAL496,2.6764,655.3,1028.7,1021.08,29.9154052734375,-95.27386833639709,29.933074951171875,-95.25658102596508,13,13,HIGH
0,UAL1848,UAL759,2.8896,419.1,1424.94,1028.7,29.897781372070312,-95.20730825570912,29.901168823242188,-95.25801438551684,3,3,MODERATE
0,AAL1511,SHH3006,2.9191,91.4,1013.46,1028.7,25.76527404785156,-80.17466227213538,25.76852572166313,-80.18703244767096,212,212,CRITICAL
0,FFT4426,NKS797,1.4671,845.8,1264.92,1112.52,29.91632080078125,-95.26740579044116,29.938023454051905,-95.25860595703124,37,37,HIGH
0,AAL2230,UAL1795,2.9744,464.8,1013.46,1028.7,25.82066345214844,-80.1644388834635,25.81074860136388,-80.18143563900355,253,253,HIGH
0,UAL1114,UAL1457,2.8187,411.5,1021.08,1013.46,29.90711975097656,-95.26646540715144,29.909533484507413,-95.2704754997702,51,51,CRITICAL
0,AAL1026,AAL972,2.9752,617.2,1379.22,1112.52,18.34181446140096,-69.7335205078125,18.343963623046875,-69.7296360560826,77,77,CRITICAL
0,UAL1739,UAL584,2.9684,373.4,1021.08,1043.94,28.51929745431673,-81.32457059972427,28.483566284179688,-81.3224909855769,279,279,MODERATE
0,NKS956,UAL2162,1.8633,998.2,1021.08,1036.3200000000002,26.064132431806144,-80.26759221003607,26.07195320775953,-80.23827772874097,118,118,HIGH
0,AAL1613,AAL1856,2.9126,213.4,1036.3200000000002,1036.3200000000002,25.764816284179688,-80.17410278320312,25.766510009765625,-80.17868041992188,351,351,CRITICAL
0,AAL165,FFT2284,1.5685,998.2,1120.14,1028.7,25.777130126953125,-80.39769490559894,25.7760206319518,-80.39675730579302,106,106,CRITICAL
0,NKS272,UAL1848,2.5415,381.0,1074.42,1424.94,29.897003173828125,-95.2521514892578,29.897781372070312,-95.20730825570912,3,3,MODERATE
0,UAL2662,UAL413,1.9167,167.6,1173.48,1074.42,29.9146728515625,-95.2752147001379,29.900894165039062,-95.25917640099158,38,38,HIGH
0,AAL967,SHH3006,0.8047,990.6,1013.46,1028.7,25.76083374023437,-80.1656595865885,25.76852572166313,-80.18703244767096,185,185,HIGH
0,FFT1418,UAL496,2.9792,685.8,1013.46,1021.08,29.937837245100635,-95.24602661132808,29.933074951171875,-95.25658102596508,247,247,CRITICAL
0,ENY4071,UAL1927,2.9773,91.4,1028.7,1036.3200000000002,25.83858683957892,-80.158943763146,25.81187438964844,-80.17740885416663,52,52,HIGH
0,NKS1336,NKS1498,2.9878,449.6,1120.14,1021.08,29.89228820800781,-95.2438589242788,29.90272521972656,-95.25827847994287,24,24,CRITICAL
0,AAL1613,AJT8313,2.8044,754.4,1036.3200000000002,1028.7,25.764816284179688,-80.17410278320312,25.78266906738281,-80.21072387695312,359,359,MODERATE
0,AAL1613,AAL368,2.7155,137.2,1036.3200000000002,1181.1,25.764816284179688,-80.17410278320312,25.765173960540253,-80.17500967349645,354,354,CRITICAL
0,ENY4071,NKS1846,2.959,160.0,1028.7,1021.08,25.83858683957892,-80.158943763146,25.817917645987816,-80.1663035266804,59,59,HIGH
0,NAC810,UAL1795,2.982,30.5,1021.08,1028.7,25.777463751324152,-80.21455009028597,25.81074860136388,-80.18143563900355,9,9,MODERATE
0,NKS2801,UAL413,2.6488,274.3,1021.08,1074.42,29.895675659179688,-95.2488767183744,29.900894165039062,-95.25917640099158,38,38,CRITICAL
0,SHH906,UAL2215,2.9593,45.7,1021.08,1013.46,25.77328491210937,-80.19098917643225,25.8046875,-80.20090738932288,19,19,HIGH
0,AAL1465,NKS1155,2.9177,289.6,1021.08,1036.3200000000002,29.90716552734375,-95.22891117976263,29.90343514135328,-95.28399299172791,67,67,MODERATE
0,NKS3010,UAL759,2.5558,38.1,1021.08,1028.7,29.896408081054688,-95.25035564716046,29.901168823242188,-95.25801438551684,12,12,CRITICAL
0,FFT3470,NKS687,2.7091,236.2,1257.3,1013.46,29.938247680664062,-95.23988611557904,29.90669379800053,-95.26654411764709,7,7,MODERATE
0,NKS797,SWA4490,1.8401,68.6,1112.52,1120.14,29.938023454051905,-95.25860595703124,29.9381103515625,-95.24979535271144,10,10,CRITICAL
0,AAL368,AAL967,0.7056,998.2,1181.1,1013.46,25.765173960540253,-80.17500967349645,25.76083374023437,-80.1656595865885,157,157,CRITICAL
0,NKS1904,SWA4490,0.9851,190.5,1097.28,1120.14,29.9381103515625,-95.24871826171876,29.9381103515625,-95.24979535271144,7,7,CRITICAL
0,NKS1155,UAL1167,2.5228,190.5,1036.3200000000002,1188.72,29.90343514135328,-95.28399299172791,29.89254191770392,-95.24397906135113,10,10,MODERATE
0,NKS1336,UAL496,2.9807,213.4,1120.14,1021.08,29.89228820800781,-95.2438589242788,29.933074951171875,-95.25658102596508,5,5,MODERATE
0,NKS1155,UAL2657,2.9469,487.7,1036.3200000000002,1028.7,29.90343514135328,-95.28399299172791,29.9154052734375,-95.27386833639709,4,4,CRITICAL
0,AAL1465,NKS1904,2.1158,335.3,1021.08,1097.28,29.90716552734375,-95.22891117976263,29.9381103515625,-95.24871826171876,7,7,MODERATE
0,AAL967,TXG403,0.3163,998.2,1013.46,1013.46,25.76083374023437,-80.1656595865885,25.761310124801376,-80.16671810510024,175,175,CRITICAL
0,NKS939,UAL1795,2.9506,175.3,1021.08,1028.7,25.829177856445312,-80.15975952148438,25.81074860136388,-80.18143563900355,118,118,HIGH
0,ENY3814,FFT1418,2.8511,0.0,1043.94,1013.46,29.91156005859375,-95.27225269990812,29.937837245100635,-95.24602661132808,12,12,MODERATE
0,FFT4426,UAL1167,2.283,160.0,1264.92,1188.72,29.91632080078125,-95.26740579044116,29.89254191770392,-95.24397906135113,10,10,HIGH
0,AAL1511,NAC810,2.9467,236.2,1013.46,1021.08,25.76527404785156,-80.17466227213538,25.777463751324152,-80.21455009028597,73,73,MODERATE
0,FFT3470,UAL1848,2.9626,167.6,1257.3,1424.94,29.938247680664062,-95.23988611557904,29.897781372070312,-95.20730825570912,1,1,MODERATE
0,AAL2171,FFT3378,2.9436,228.6,1051.56,1028.7,25.763671875,-80.41275024414062,25.779744810977224,-80.39623908276826,45,45,HIGH
0,NKS693,UAL1956,0.825,998.2,1028.7,1028.7,26.12856072894597,-80.0545208270733,26.10737946073888,-80.06371131310095,99,99,HIGH
0,NKS3010,UAL1457,2.8142,45.7,1021.08,1013.46,29.896408081054688,-95.25035564716046,29.909533484507413,-95.2704754997702,11,11,HIGH
0,NKS1498,NKS687,2.9885,243.8,1021.08,1013.46,29.90272521972656,-95.25827847994287,29.90669379800053,-95.26654411764709,95,95,CRITICAL
0,AAL368,AJT8541,2.9856,167.6,1181.1,1013.46,25.765173960540253,-80.17500967349645,25.78924146749205,-80.22221979105245,4,4,MODERATE
0,FFT1418,NKS1847,2.8681,7.6,1013.46,1028.7,29.937837245100635,-95.24602661132808,29.891921997070312,-95.24417583759016,4,4,MODERATE
0,AAL1856,NAC802,2.9899,68.6,1036.3200000000002,1013.46,25.766510009765625,-80.17868041992188,25.772063691737287,-80.1933547685731,111,111,CRITICAL
0,UAL1114,UAL413,1.5968,419.1,1021.08,1074.42,29.90711975097656,-95.26646540715144,29.900894165039062,-95.25917640099158,38,38,CRITICAL
0,NKS1171,UAL2162,2.7842,998.2,1021.08,1036.3200000000002,26.063666909427965,-80.27514531062201,26.07195320775953,-80.23827772874097,109,109,MODERATE
0,ENY3954,UAL1927,2.9338,289.6,1013.46,1036.3200000000002,25.815216064453125,-80.16428629557288,25.81187438964844,-80.17740885416663,211,211,CRITICAL
0,NKS1904,NKS272,2.7095,114.3,1097.28,1074.42,29.9381103515625,-95.24871826171876,29.897003173828125,-95.2521514892578,6,6,MODERATE
0,UAL2662,UAL759,2.8508,906.8,1173.48,1028.7,29.9146728515625,-95.2752147001379,29.901168823242188,-95.25801438551684,67,67,HIGH
0,FFT1418,NKS797,2.9793,632.5,1013.46,1112.52,29.937837245100635,-95.24602661132808,29.938023454051905,-95.25860595703124,99,99,CRITICAL
0,ENY4071,NKS1564,2.9565,83.8,1028.7,1021.08,25.83858683957892,-80.158943763146,25.81842041015625,-80.16962687174475,73,73,HIGH
0,SHH906,UAL1927,2.9625,15.2,1021.08,1036.3200000000002,25.77328491210937,-80.19098917643225,25.81187438964844,-80.17740885416663,8,8,MODERATE
0,AAL1465,FFT4426,1.1763,807.7,1021.08,1264.92,29.90716552734375,-95.22891117976263,29.91632080078125,-95.26740579044116,35,35,MODERATE
0,FFT3470,UAL1457,2.7,274.3,1257.3,1013.46,29.938247680664062,-95.23988611557904,29.909533484507413,-95.2704754997702,7,7,MODERATE
0,NKS2801,UAL496,2.9972,15.2,1021.08,1021.08,29.895675659179688,-95.2488767183744,29.933074951171875,-95.25658102596508,18,18,MODERATE
0,NKS3010,UAL1114,2.3864,152.4,1021.08,1021.08,29.896408081054688,-95.25035564716046,29.90711975097656,-95.26646540715144,12,12,HIGH
0,NKS797,UAL2662,2.9529,304.8,1112.52,1173.48,29.938023454051905,-95.25860595703124,29.9146728515625,-95.2752147001379,10,10,HIGH
0,NKS2801,NKS687,2.9013,304.8,1021.08,1013.46,29.895675659179688,-95.2488767183744,29.90669379800053,-95.26654411764709,182,182,HIGH
0,AAL368,AJT8313,2.7786,914.4,1181.1,1028.7,25.765173960540253,-80.17500967349645,25.78266906738281,-80.21072387695312,393,393,MODERATE
0,NKS1708,UAL1114,2.9138,365.8,1021.08,1021.08,29.9186577231197,-95.27206420898438,29.90711975097656,-95.26646540715144,23,23,CRITICAL
0,SHH906,UAL2311,2.9172,160.0,1021.08,1036.3200000000002,25.77328491210937,-80.19098917643225,25.804650258209744,-80.20641398879718,20,20,MODERATE
0,UAL1956,UAL2261,2.8766,312.4,1028.7,1181.1,26.10737946073888,-80.06371131310095,26.13223835573358,-80.05520747258113,3,3,HIGH
0,AAL1856,UAL2311,2.9622,53.3,1036.3200000000002,1036.3200000000002,25.766510009765625,-80.17868041992188,25.804650258209744,-80.20641398879718,7,7,MODERATE
0,NKS1904,UAL2657,1.7063,297.2,1097.28,1028.7,29.9381103515625,-95.24871826171876,29.9154052734375,-95.27386833639709,7,7,HIGH
0,NKS1708,UAL2662,2.8464,228.6,1021.08,1173.48,29.9186577231197,-95.27206420898438,29.9146728515625,-95.2752147001379,29,29,CRITICAL
0,NKS1336,UAL2245,2.6427,312.4,1120.14,1059.18,29.89228820800781,-95.2438589242788,29.905483439817267,-95.26552088120404,13,13,HIGH
0,NKS272,UAL496,2.9979,45.7,1074.42,1021.08,29.897003173828125,-95.2521514892578,29.933074951171875,-95.25658102596508,19,19,MODERATE
0,NKS1708,NKS797,2.8624,586.7,1021.08,1112.52,29.9186577231197,-95.27206420898438,29.938023454051905,-95.25860595703124,113,113,HIGH
0,ENY3814,UAL2662,2.9659,243.8,1043.94,1173.48,29.91156005859375,-95.27225269990812,29.9146728515625,-95.2752147001379,24,24,CRITICAL
0,NKS2801,NKS797,2.9932,304.8,1021.08,1112.52,29.895675659179688,-95.2488767183744,29.938023454051905,-95.25860595703124,20,20,MODERATE
0,AAL2230,UAL2215,2.9778,53.3,1013.46,1013.46,25.82066345214844,-80.1644388834635,25.8046875,-80.20090738932288,83,83,MODERATE
0,NKS1847,UAL496,2.8944,22.9,1028.7,1021.08,29.891921997070312,-95.24417583759016,29.933074951171875,-95.25658102596508,6,6,MODERATE
0,FFT4426,UAL723,2.812,160.0,1264.92,1127.76,29.91632080078125,-95.26740579044116,29.92140430515095,-95.32342529296876,4,4,MODERATE
0,ENY3954,UAL1795,2.9829,76.2,1013.46,1028.7,25.815216064453125,-80.16428629557288,25.81074860136388,-80.18143563900355,227,227,CRITICAL
0,AJT8313,AJT8541,2.963,495.3,1028.7,1013.46,25.78266906738281,-80.21072387695312,25.78924146749205,-80.22221979105245,205,205,CRITICAL
0,FFT3470,UAL413,2.8479,221.0,1257.3,1074.42,29.938247680664062,-95.23988611557904,29.900894165039062,-95.25917640099158,7,7,MODERATE
0,UAL1457,UAL2657,2.9167,632.5,1013.46,1028.7,29.909533484507413,-95.2704754997702,29.9154052734375,-95.27386833639709,8,8,CRITICAL
0,NKS1336,NKS1904,2.8356,30.5,1120.14,1097.28,29.89228820800781,-95.2438589242788,29.9381103515625,-95.24871826171876,2,2,MODERATE
0,NKS3010,SWA4490,2.9708,167.6,1021.08,1120.14,29.896408081054688,-95.25035564716046,29.9381103515625,-95.24979535271144,7,7,MODERATE
0,PXG210,UAL1020,2.9749,114.3,1021.08,1043.94,29.993637084960938,-95.42266845703124,29.968963623046875,-95.4184139476103,40,40,HIGH
0,AAL1856,UAL1795,2.9262,30.5,1036.3200000000002,1028.7,25.766510009765625,-80.17868041992188,25.81074860136388,-80.18143563900355,5,5,MODERATE
0,NKS797,UAL2657,2.8015,518.2,1112.52,1028.7,29.938023454051905,-95.25860595703124,29.9154052734375,-95.27386833639709,13,13,HIGH
0,AAL1465,UAL1167,2.9841,556.3,1021.08,1188.72,29.90716552734375,-95.22891117976263,29.89254191770392,-95.24397906135113,38,38,HIGH
0,FFT4426,NKS3010,2.9629,403.9,1264.92,1021.08,29.91632080078125,-95.26740579044116,29.896408081054688,-95.25035564716046,11,11,HIGH
0,NKS1847,UAL413,0.2451,457.2,1028.7,1074.42,29.891921997070312,-95.24417583759016,29.900894165039062,-95.25917640099158,41,41,CRITICAL
0,AAL1821,AAL972,2.8402,457.2,1165.86,1112.52,18.34263610839844,-69.7458703177316,18.343963623046875,-69.7296360560826,526,526,CRITICAL
0,NAC810,UAL2215,2.9727,53.3,1021.08,1013.46,25.777463751324152,-80.21455009028597,25.8046875,-80.20090738932288,28,28,HIGH
0,FFT1418,UAL1114,2.9733,121.9,1013.46,1021.08,29.937837245100635,-95.24602661132808,29.90711975097656,-95.26646540715144,13,13,MODERATE
0,NKS687,UAL1167,2.9468,381.0,1013.46,1188.72,29.90669379800053,-95.26654411764709,29.89254191770392,-95.24397906135113,17,17,HIGH
0,AAL1613,TXG403,2.9291,594.4,1036.3200000000002,1013.46,25.764816284179688,-80.17410278320312,25.761310124801376,-80.16671810510024,358,358,CRITICAL
0,ENY3689,NKS1564,2.957,365.8,1013.46,1021.08,25.83526611328125,-80.15562813237028,25.81842041015625,-80.16962687174475,87,87,HIGH
0,ENY3814,NKS3010,2.4293,61.0,1043.94,1021.08,29.91156005859375,-95.27225269990812,29.896408081054688,-95.25035564716046,12,12,HIGH
0,NKS1498,UAL2657,2.6731,632.5,1021.08,1028.7,29.90272521972656,-95.25827847994287,29.9154052734375,-95.27386833639709,13,13,HIGH
0,FFT4426,SWA4490,2.5333,190.5,1264.92,1120.14,29.91632080078125,-95.26740579044116,29.9381103515625,-95.24979535271144,10,10,HIGH
0,AAL2171,NKS271,2.9953,137.2,1051.56,1028.7,25.763671875,-80.41275024414062,25.78463279594809,-80.38178066037733,11,11,MODERATE
0,NKS1498,UAL413,2.8694,175.3,1021.08,1074.42,29.90272521972656,-95.25827847994287,29.900894165039062,-95.25917640099158,36,36,CRITICAL
0,N453QS,NAC810,2.9918,106.7,1028.7,1021.08,25.787017822265625,-80.21835327148438,25.777463751324152,-80.21455009028597,154,154,CRITICAL
0,SWA4490,UAL2662,2.9387,281.9,1120.14,1173.48,29.9381103515625,-95.24979535271144,29.9146728515625,-95.2752147001379,6,6,HIGH
0,AJT8313,UAL1795,2.9816,114.3,1028.7,1028.7,25.78266906738281,-80.21072387695312,25.81074860136388,-80.18143563900355,13,13,MODERATE
0,AAL714,FFT2284,2.9265,45.7,1021.08,1028.7,25.778961181640625,-80.39108276367188,25.7760206319518,-80.39675730579302,230,230,CRITICAL
0,AAL1465,UAL496,2.969,533.4,1021.08,1021.08,29.90716552734375,-95.22891117976263,29.933074951171875,-95.25658102596508,47,47,MODERATE
0,AAL1028,AAL510,2.9075,99.1,1005.84,1013.46,12.494430541992188,-69.9280258704876,12.498825073242188,-69.91618715483565,172,172,CRITICAL
0,FFT1418,UAL1457,2.9677,7.6,1013.46,1013.46,29.937837245100635,-95.24602661132808,29.909533484507413,-95.2704754997702,20,20,MODERATE
0,ENY3814,NKS2801,2.9646,541.0,1043.94,1021.08,29.91156005859375,-95.27225269990812,29.895675659179688,-95.2488767183744,22,22,HIGH
0,NKS210,UAL2162,1.0538,990.6,1013.46,1036.3200000000002,26.074859619140625,-80.24180862138854,26.07195320775953,-80.23827772874097,91,91,CRITICAL
0,ENY3814,UAL1167,1.1693,91.4,1043.94,1188.72,29.91156005859375,-95.27225269990812,29.89254191770392,-95.24397906135113,25,25,HIGH
0,UAL1630,UAL1692,2.9032,114.3,1013.46,1028.7,28.51259393207097,-81.32311652688418,28.51327514648437,-81.32370581993689,57,57,CRITICAL
0,UAL1114,UAL2245,1.3283,121.9,1021.08,1059.18,29.90711975097656,-95.26646540715144,29.905483439817267,-95.26552088120404,11,11,CRITICAL
0,NKS1155,UAL723,2.5295,83.8,1036.3200000000002,1127.76,29.90343514135328,-95.28399299172791,29.92140430515095,-95.32342529296876,24,24,MODERATE
0,AAL967,NAC810,2.9682,68.6,1013.46,1021.08,25.76083374023437,-80.1656595865885,25.777463751324152,-80.21455009028597,27,27,MODERATE
0,FFT1418,NKS2801,2.9927,38.1,1013.46,1021.08,29.937837245100635,-95.24602661132808,29.895675659179688,-95.2488767183744,10,10,MODERATE
0,NKS1155,UAL2245,2.6479,236.2,1036.3200000000002,1059.18,29.90343514135328,-95.28399299172791,29.905483439817267,-95.26552088120404,11,11,CRITICAL
0,NKS1336,UAL1457,2.9408,365.8,1120.14,1013.46,29.89228820800781,-95.2438589242788,29.909533484507413,-95.2704754997702,13,13,HIGH
0,NKS1564,UAL2311,2.9776,708.7,1021.08,1036.3200000000002,25.81842041015625,-80.16962687174475,25.804650258209744,-80.20641398879718,83,83,MODERATE
0,NKS939,UAL2311,2.9993,7.6,1021.08,1036.3200000000002,25.829177856445312,-80.15975952148438,25.804650258209744,-80.20641398879718,6,6,MODERATE
0,AAL1465,NKS1336,2.9463,449.6,1021.08,1120.14,29.90716552734375,-95.22891117976263,29.89228820800781,-95.2438589242788,35,35,HIGH
0,NKS1171,NKS257,1.2842,983.0,1021.08,1021.08,26.063666909427965,-80.27514531062201,26.06414794921875,-80.2651804798054,111,111,CRITICAL
0,AAL1026,AAL1821,2.9317,853.4,1379.22,1165.86,18.34181446140096,-69.7335205078125,18.34263610839844,-69.7458703177316,42,42,CRITICAL
0,ENY3954,NKS1564,2.9662,289.6,1013.46,1021.08,25.815216064453125,-80.16428629557288,25.81842041015625,-80.16962687174475,94,94,CRITICAL
0,ENY3814,UAL2245,1.7927,243.8,1043.94,1059.18,29.91156005859375,-95.27225269990812,29.905483439817267,-95.26552088120404,11,11,CRITICAL
0,FFT4426,UAL2662,2.9968,693.4,1264.92,1173.48,29.91632080078125,-95.26740579044116,29.9146728515625,-95.2752147001379,34,34,CRITICAL
0,AJT862,CMP298,2.9707,624.8,1074.42,1790.7,18.347261073225635,-69.68443159623575,18.379806518554688,-69.65974535260881,4,4,MODERATE
0,AAL972,AJT862,2.8819,45.7,1112.52,1074.42,18.343963623046875,-69.7296360560826,18.347261073225635,-69.68443159623575,9,9,MODERATE
0,FFT1418,NKS3010,2.9389,61.0,1013.46,1021.08,29.937837245100635,-95.24602661132808,29.896408081054688,-95.25035564716046,9,9,MODERATE
0,NKS1336,UAL2662,2.9786,586.7,1120.14,1173.48,29.89228820800781,-95.2438589242788,29.9146728515625,-95.2752147001379,48,48,MODERATE
0,AAL2230,ENY3954,2.9767,281.9,1013.46,1013.46,25.82066345214844,-80.1644388834635,25.815216064453125,-80.16428629557288,205,205,CRITICAL
0,FFT1418,NKS272,2.9816,38.1,1013.46,1074.42,29.937837245100635,-95.24602661132808,29.897003173828125,-95.2521514892578,11,11,MODERATE
0,AAL2541,FFT2284,2.9705,129.5,1013.46,1028.7,25.78356209447828,-80.39053862949584,25.7760206319518,-80.39675730579302,48,48,CRITICAL
0,N453QS,SHH906,2.8195,167.6,1028.7,1021.08,25.787017822265625,-80.21835327148438,25.77328491210937,-80.19098917643225,141,141,HIGH
0,NKS1708,NKS272,2.5782,106.7,1021.08,1074.42,29.9186577231197,-95.27206420898438,29.897003173828125,-95.2521514892578,24,24,HIGH
0,AJT8541,UAL1795,2.9535,38.1,1013.46,1028.7,25.78924146749205,-80.22221979105245,25.81074860136388,-80.18143563900355,10,10,MODERATE
0,UAL2215,UAL2311,2.9527,769.6,1013.46,1036.3200000000002,25.8046875,-80.20090738932288,25.804650258209744,-80.20641398879718,106,106,CRITICAL
0,NKS687,NKS797,2.992,388.6,1013.46,1112.52,29.90669379800053,-95.26654411764709,29.938023454051905,-95.25860595703124,51,51,HIGH
0,NKS1155,UAL1457,2.9499,45.7,1036.3200000000002,1013.46,29.90343514135328,-95.28399299172791,29.909533484507413,-95.2704754997702,39,39,CRITICAL
0,UAL2247,UAL584,2.9696,381.0,1028.7,1043.94,28.499047230866,-81.3229549632353,28.483566284179688,-81.3224909855769,500,500,CRITICAL
0,AAL1465,UAL2662,2.9994,731.5,1021.08,1173.48,29.90716552734375,-95.22891117976263,29.9146728515625,-95.2752147001379,102,102,MODERATE
0,NKS1155,UAL413,2.7672,213.4,1036.3200000000002,1074.42,29.90343514135328,-95.28399299172791,29.900894165039062,-95.25917640099158,31,31,HIGH
0,NKS272,UAL1167,0.8983,678.2,1074.42,1188.72,29.897003173828125,-95.2521514892578,29.89254191770392,-95.24397906135113,41,41,CRITICAL
0,AAL1465,NKS2801,2.9971,480.1,1021.08,1021.08,29.90716552734375,-95.22891117976263,29.895675659179688,-95.2488767183744,72,72,HIGH
0,FFT1418,NKS1155,1.8237,61.0,1013.46,1036.3200000000002,29.937837245100635,-95.24602661132808,29.90343514135328,-95.28399299172791,39,39,MODERATE
0,SWA4490,UAL1167,2.9293,68.6,1120.14,1188.72,29.9381103515625,-95.24979535271144,29.89254191770392,-95.24397906135113,5,5,MODERATE
0,NKS272,UAL413,2.5906,259.1,1074.42,1074.42,29.897003173828125,-95.2521514892578,29.900894165039062,-95.25917640099158,41,41,CRITICAL
0,AAL1511,AJT8541,2.9852,7.6,1013.46,1013.46,25.76527404785156,-80.17466227213538,25.78924146749205,-80.22221979105245,2,2,MODERATE
0,AAL1856,UAL1927,2.9531,7.6,1036.3200000000002,1036.3200000000002,25.766510009765625,-80.17868041992188,25.81187438964844,-80.17740885416663,4,4,MODERATE
0,AAL1511,NAC802,2.9698,373.4,1013.46,1013.46,25.76527404785156,-80.17466227213538,25.772063691737287,-80.1933547685731,101,101,HIGH
0,AAL1856,UAL2215,2.9566,53.3,1036.3200000000002,1013.46,25.766510009765625,-80.17868041992188,25.8046875,-80.20090738932288,10,10,MODERATE
0,AAL1465,UAL759,2.979,464.8,1021.08,1028.7,29.90716552734375,-95.22891117976263,29.901168823242188,-95.25801438551684,69,69,HIGH
0,NKS1904,UAL759,2.5286,114.3,1097.28,1028.7,29.9381103515625,-95.24871826171876,29.901168823242188,-95.25801438551684,6,6,MODERATE
0,ENY3954,UAL2311,2.9335,91.4,1013.46,1036.3200000000002,25.815216064453125,-80.16428629557288,25.804650258209744,-80.20641398879718,40,40,MODERATE
0,NKS1708,UAL1167,2.7217,228.6,1021.08,1188.72,29.9186577231197,-95.27206420898438,29.89254191770392,-95.24397906135113,10,10,MODERATE
0,NKS1498,NKS272,2.8082,7.6,1021.08,1074.42,29.90272521972656,-95.25827847994287,29.897003173828125,-95.2521514892578,42,42,CRITICAL
0,AAL1465,NKS797,2.6707,586.7,1021.08,1112.52,29.90716552734375,-95.22891117976263,29.938023454051905,-95.25860595703124,124,124,MODERATE
0,ENY3814,NKS272,2.9182,541.0,1043.94,1074.42,29.91156005859375,-95.27225269990812,29.897003173828125,-95.2521514892578,20,20,HIGH
0,UAL2662,UAL723,2.5412,45.7,1173.48,1127.76,29.9146728515625,-95.2752147001379,29.92140430515095,-95.32342529296876,1,1,MODERATE
0,NKS272,UAL1114,1.5062,708.7,1074.42,1021.08,29.897003173828125,-95.2521514892578,29.90711975097656,-95.26646540715144,57,57,CRITICAL
0,NKS1155,UAL496,1.7336,266.7,1036.3200000000002,1021.08,29.90343514135328,-95.28399299172791,29.933074951171875,-95.25658102596508,39,39,MODERATE
0,PXG210,UAL2105,2.8727,53.3,1021.08,1051.56,29.993637084960938,-95.42266845703124,29.963424682617188,-95.3994571461397,6,6,MODERATE
0,FFT1418,UAL2662,2.9423,381.0,1013.46,1173.48,29.937837245100635,-95.24602661132808,29.9146728515625,-95.2752147001379,9,9,MODERATE
0,NKS687,UAL496,2.996,632.5,1013.46,1021.08,29.90669379800053,-95.26654411764709,29.933074951171875,-95.25658102596508,48,48,HIGH
0,FFT4426,NKS687,2.9025,937.3,1264.92,1013.46,29.91632080078125,-95.26740579044116,29.90669379800053,-95.26654411764709,36,36,CRITICAL
0,ENY3814,UAL759,0.712,30.5,1043.94,1028.7,29.91156005859375,-95.27225269990812,29.901168823242188,-95.25801438551684,15,15,CRITICAL
0,SWA4490,UAL2245,2.927,76.2,1120.14,1059.18,29.9381103515625,-95.24979535271144,29.905483439817267,-95.26552088120404,9,9,MODERATE
0,NKS1155,NKS272,2.7311,144.8,1036.3200000000002,1074.42,29.90343514135328,-95.28399299172791,29.897003173828125,-95.2521514892578,25,25,HIGH
0,AAL1465,UAL413,2.9624,129.5,1021.08,1074.42,29.90716552734375,-95.22891117976263,29.900894165039062,-95.25917640099158,37,37,HIGH
0,AAL2217,FFT3378,2.9233,205.7,1021.08,1028.7,25.76788330078125,-80.40781656901038,25.779744810977224,-80.39623908276826,69,69,CRITICAL
0,NKS1155,NKS687,2.3796,213.4,1036.3200000000002,1013.46,29.90343514135328,-95.28399299172791,29.90669379800053,-95.26654411764709,39,39,CRITICAL
0,NKS1498,NKS2801,2.9664,274.3,1021.08,1021.08,29.90272521972656,-95.25827847994287,29.895675659179688,-95.2488767183744,145,145,CRITICAL
0,NKS1847,NKS2801,2.847,731.5,1028.7,1021.08,29.891921997070312,-95.24417583759016,29.895675659179688,-95.2488767183744,36,36,CRITICAL
0,ENY3814,FFT3470,2.6738,251.5,1043.94,1257.3,29.91156005859375,-95.27225269990812,29.938247680664062,-95.23988611557904,7,7,MODERATE
0,N453QS,NAC802,2.9735,251.5,1028.7,1013.46,25.787017822265625,-80.21835327148438,25.772063691737287,-80.1933547685731,117,117,HIGH
0,AAL2230,UAL1563,2.9935,167.6,1013.46,1021.08,25.82066345214844,-80.1644388834635,25.826669466697563,-80.16391970076648,178,178,CRITICAL
0,NKS1336,NKS1708,2.9139,297.2,1120.14,1021.08,29.89228820800781,-95.2438589242788,29.9186577231197,-95.27206420898438,8,8,MODERATE
0,NAC802,SHH906,2.9744,61.0,1013.46,1021.08,25.772063691737287,-80.1933547685731,25.77328491210937,-80.19098917643225,111,111,CRITICAL
0,NKS1708,NKS2801,2.9866,480.1,1021.08,1021.08,29.9186577231197,-95.27206420898438,29.895675659179688,-95.2488767183744,57,57,HIGH
0,AAL1613,UAL2311,2.9617,0.0,1036.3200000000002,1036.3200000000002,25.764816284179688,-80.17410278320312,25.804650258209744,-80.20641398879718,1,1,MODERATE
0,UAL2245,UAL2657,1.665,144.8,1059.18,1028.7,29.905483439817267,-95.26552088120404,29.9154052734375,-95.27386833639709,28,28,CRITICAL
0,ENY3954,UAL2215,2.9927,190.5,1013.46,1013.46,25.815216064453125,-80.16428629557288,25.8046875,-80.20090738932288,78,78,MODERATE
0,UAL1056,UAL1058,2.9876,22.9,1028.7,1013.46,20.990936279296875,-86.80288042340959,21.01181030273437,-86.80185045514787,16,16,HIGH
0,UAL2657,UAL759,2.6389,640.1,1028.7,1028.7,29.9154052734375,-95.27386833639709,29.901168823242188,-95.25801438551684,13,13,HIGH
0,NKS1564,UAL1927,2.9498,221.0,1021.08,1036.3200000000002,25.81842041015625,-80.16962687174475,25.81187438964844,-80.17740885416663,100,100,CRITICAL
0,NKS1155,NKS1336,2.9781,297.2,1036.3200000000002,1120.14,29.90343514135328,-95.28399299172791,29.89228820800781,-95.2438589242788,9,9,MODERATE
0,AAL1511,AAL368,2.3262,99.1,1013.46,1181.1,25.76527404785156,-80.17466227213538,25.765173960540253,-80.17500967349645,212,212,CRITICAL
0,NKS1498,UAL1848,2.9306,426.7,1021.08,1424.94,29.90272521972656,-95.25827847994287,29.897781372070312,-95.20730825570912,3,3,MODERATE
0,ENY3814,UAL496,2.9081,53.3,1043.94,1021.08,29.91156005859375,-95.27225269990812,29.933074951171875,-95.25658102596508,15,15,HIGH
0,AAL1856,NAC810,2.9909,38.1,1036.3200000000002,1021.08,25.766510009765625,-80.17868041992188,25.777463751324152,-80.21455009028597,117,117,MODERATE
0,AJT8541,NAC810,2.9542,518.2,1013.46,1021.08,25.78924146749205,-80.22221979105245,25.777463751324152,-80.21455009028597,149,149,CRITICAL
0,FFT3470,UAL2662,2.9831,167.6,1257.3,1173.48,29.938247680664062,-95.23988611557904,29.9146728515625,-95.2752147001379,7,7,MODERATE
0,FFT4426,UAL2657,2.9271,175.3,1264.92,1028.7,29.91632080078125,-95.26740579044116,29.9154052734375,-95.27386833639709,17,17,CRITICAL
0,NKS1498,UAL2662,2.9492,411.5,1021.08,1173.48,29.90272521972656,-95.25827847994287,29.9146728515625,-95.2752147001379,65,65,HIGH
0,N453QS,UAL2311,2.9577,236.2,1028.7,1036.3200000000002,25.787017822265625,-80.21835327148438,25.804650258209744,-80.20641398879718,35,35,HIGH
0,UAL1167,UAL1457,2.9256,365.8,1188.72,1013.46,29.89254191770392,-95.24397906135113,29.909533484507413,-95.2704754997702,11,11,HIGH
0,NKS1498,SWA4490,2.9122,121.9,1021.08,1120.14,29.90272521972656,-95.25827847994287,29.9381103515625,-95.24979535271144,9,9,MODERATE
0,AAL324,UAL2105,2.8791,30.5,1028.7,1051.56,29.94407524496821,-95.40444946289062,29.963424682617188,-95.3994571461397,14,14,HIGH
0,NKS352,UAL1956,0.055,998.2,1021.08,1028.7,26.114089965820312,-80.05877224904185,26.10737946073888,-80.06371131310095,105,105,CRITICAL
0,ENY3689,NKS1846,2.9606,403.9,1013.46,1021.08,25.83526611328125,-80.15562813237028,25.817917645987816,-80.1663035266804,71,71,HIGH
0,AAL2230,NKS1564,2.9177,53.3,1013.46,1021.08,25.82066345214844,-80.1644388834635,25.81842041015625,-80.16962687174475,94,94,CRITICAL
0,NKS687,SWA4490,2.9502,99.1,1013.46,1120.14,29.90669379800053,-95.26654411764709,29.9381103515625,-95.24979535271144,9,9,MODERATE
0,AAL2541,AAL714,2.9329,83.8,1013.46,1021.08,25.78356209447828,-80.39053862949584,25.778961181640625,-80.39108276367188,52,52,CRITICAL
0,NKS257,NKS956,0.2113,998.2,1021.08,1021.08,26.06414794921875,-80.2651804798054,26.064132431806144,-80.26759221003607,121,121,CRITICAL
0,NKS1904,NKS3010,2.7246,160.0,1097.28,1021.08,29.9381103515625,-95.24871826171876,29.896408081054688,-95.25035564716046,6,6,MODERATE
0,AAL165,AAL2733,2.997,160.0,1120.14,1036.3200000000002,25.777130126953125,-80.39769490559894,25.7833293332892,-80.41282221956072,38,38,CRITICAL
0,FFT1737,UAL774,2.8584,182.9,1013.46,1028.7,28.356830144332623,-81.34358125574448,28.34351620431673,-81.3614071116728,69,69,HIGH
0,NKS1847,NKS3010,0.7269,198.1,1028.7,1021.08,29.891921997070312,-95.24417583759016,29.896408081054688,-95.25035564716046,12,12,CRITICAL
0,NKS2801,UAL2245,0.998,274.3,1021.08,1059.18,29.895675659179688,-95.2488767183744,29.905483439817267,-95.26552088120404,11,11,HIGH
0,NKS693,UAL2261,1.4817,304.8,1028.7,1181.1,26.12856072894597,-80.0545208270733,26.13223835573358,-80.05520747258113,3,3,CRITICAL
0,AAL165,AAL2171,2.8425,106.7,1120.14,1051.56,25.777130126953125,-80.39769490559894,25.763671875,-80.41275024414062,57,57,HIGH
0,FFT4426,NKS272,2.765,807.7,1264.92,1074.42,29.91632080078125,-95.26740579044116,29.897003173828125,-95.2521514892578,25,25,HIGH
0,NKS1846,UAL1927,2.9076,266.7,1021.08,1036.3200000000002,25.817917645987816,-80.1663035266804,25.81187438964844,-80.17740885416663,82,82,CRITICAL
0,NKS1904,NKS2801,2.797,144.8,1097.28,1021.08,29.9381103515625,-95.24871826171876,29.895675659179688,-95.2488767183744,6,6,MODERATE
0,AJT8313,N453QS,2.9893,327.7,1028.7,1028.7,25.78266906738281,-80.21072387695312,25.787017822265625,-80.21835327148438,236,236,CRITICAL
0,UAL1114,UAL496,2.989,251.5,1021.08,1021.08,29.90711975097656,-95.26646540715144,29.933074951171875,-95.25658102596508,19,19,HIGH
0,NKS1498,NKS1847,2.309,205.7,1021.08,1028.7,29.90272521972656,-95.25827847994287,29.891921997070312,-95.24417583759016,20,20,CRITICAL
0,AAL368,SHH3006,2.8448,556.3,1181.1,1028.7,25.765173960540253,-80.17500967349645,25.76852572166313,-80.18703244767096,408,408,CRITICAL
0,NKS1336,NKS2801,2.6604,868.7,1120.14,1021.08,29.89228820800781,-95.2438589242788,29.895675659179688,-95.2488767183744,40,40,CRITICAL
0,AAL2217,AAL2733,2.9141,76.2,1021.08,1036.3200000000002,25.76788330078125,-80.40781656901038,25.7833293332892,-80.41282221956072,25,25,CRITICAL
0,AAL2217,FFT2284,2.8886,358.1,1021.08,1028.7,25.76788330078125,-80.40781656901038,25.7760206319518,-80.39675730579302,70,70,CRITICAL
0,NKS1904,NKS797,2.262,228.6,1097.28,1112.52,29.9381103515625,-95.24871826171876,29.938023454051905,-95.25860595703124,7,7,CRITICAL
0,FFT1418,UAL2245,2.9443,221.0,1013.46,1059.18,29.937837245100635,-95.24602661132808,29.905483439817267,-95.26552088120404,11,11,MODERATE
0,AAL967,NAC802,2.9502,563.9,1013.46,1013.46,25.76083374023437,-80.1656595865885,25.772063691737287,-80.1933547685731,103,103,HIGH
0,AAL368,SHH906,2.8789,815.3,1181.1,1021.08,25.765173960540253,-80.17500967349645,25.77328491210937,-80.19098917643225,170,170,CRITICAL
0,NKS1498,UAL1114,2.4532,419.1,1021.08,1021.08,29.90272521972656,-95.25827847994287,29.90711975097656,-95.26646540715144,51,51,CRITICAL
0,AAL324,UAL496T,2.9642,693.4,1028.7,1021.08,29.94407524496821,-95.40444946289062,29.95468139648437,-95.40699678308825,32,32,CRITICAL
0,UAL1019,UAL1056,2.9652,586.7,1051.56,1028.7,20.996566772460938,-86.81224822998047,20.990936279296875,-86.80288042340959,46,46,CRITICAL
0,UAL1795,UAL2311,2.9795,182.9,1028.7,1036.3200000000002,25.81074860136388,-80.18143563900355,25.804650258209744,-80.20641398879718,246,246,HIGH
0,UAL1692,UAL2247,2.9838,274.3,1028.7,1028.7,28.51327514648437,-81.32370581993689,28.499047230866,-81.3229549632353,177,177,CRITICAL
0,UAL1692,UAL584,2.974,198.1,1028.7,1043.94,28.51327514648437,-81.32370581993689,28.483566284179688,-81.3224909855769,270,270,HIGH
0,UAL2105,UAL496T,2.4861,320.0,1051.56,1021.08,29.963424682617188,-95.3994571461397,29.95468139648437,-95.40699678308825,14,14,CRITICAL
0,FFT1418,SWA4490,1.1783,152.4,1013.46,1120.14,29.937837245100635,-95.24602661132808,29.9381103515625,-95.24979535271144,10,10,CRITICAL
0,NKS1847,UAL2657,2.8316,495.3,1028.7,1028.7,29.891921997070312,-95.24417583759016,29.9154052734375,-95.27386833639709,18,18,MODERATE
0,ENY3814,NKS797,2.8663,190.5,1043.94,1112.52,29.91156005859375,-95.27225269990812,29.938023454051905,-95.25860595703124,15,15,HIGH
0,FFT3470,UAL2245,2.7233,182.9,1257.3,1059.18,29.938247680664062,-95.23988611557904,29.905483439817267,-95.26552088120404,7,7,MODERATE
0,NKS2801,UAL2662,2.6348,998.2,1021.08,1173.48,29.895675659179688,-95.2488767183744,29.9146728515625,-95.2752147001379,72,72,HIGH
0,AAL1465,UAL1457,2.9754,38.1,1021.08,1013.46,29.90716552734375,-95.22891117976263,29.909533484507413,-95.2704754997702,59,59,MODERATE
0,AAL1341,GXA401,0.5506,899.2,1036.3200000000002,1021.08,18.503082275390625,-65.97702026367188,18.476815951072563,-65.97904274680394,357,357,HIGH
0,NKS1498,NKS1904,2.451,137.2,1021.08,1097.28,29.90272521972656,-95.25827847994287,29.9381103515625,-95.24871826171876,6,6,MODERATE
0,NKS687,UAL2657,2.9122,556.3,1013.46,1028.7,29.90669379800053,-95.26654411764709,29.9154052734375,-95.27386833639709,13,13,CRITICAL
0,FFT2284,NKS271,2.9673,182.9,1028.7,1028.7,25.7760206319518,-80.39675730579302,25.78463279594809,-80.38178066037733,48,48,CRITICAL
0,ENY3814,NKS1904,2.3916,121.9,1043.94,1097.28,29.91156005859375,-95.27225269990812,29.9381103515625,-95.24871826171876,6,6,MODERATE
0,AAL165,AAL2217,2.9371,106.7,1120.14,1021.08,25.777130126953125,-80.39769490559894,25.76788330078125,-80.40781656901038,138,138,CRITICAL
0,AAL1856,AJT8313,2.932,746.8,1036.3200000000002,1028.7,25.766510009765625,-80.17868041992188,25.78266906738281,-80.21072387695312,378,378,HIGH
0,AAL1821,AAL987,2.9197,15.2,1165.86,1280.16,18.34263610839844,-69.7458703177316,18.333295401880296,-69.76138583096588,63,63,HIGH
0,AJT8313,SHH3006,0.9524,998.2,1028.7,1028.7,25.78266906738281,-80.21072387695312,25.76852572166313,-80.18703244767096,260,260,HIGH
0,UAL413,UAL496,2.9773,22.9,1074.42,1021.08,29.900894165039062,-95.25917640099158,29.933074951171875,-95.25658102596508,20,20,HIGH
0,AAL1465,NKS272,2.9403,22.9,1021.08,1074.42,29.90716552734375,-95.22891117976263,29.897003173828125,-95.2521514892578,45,45,HIGH
0,NKS2801,UAL2657,2.8255,746.8,1021.08,1028.7,29.895675659179688,-95.2488767183744,29.9154052734375,-95.27386833639709,16,16,HIGH
0,AJT8313,SHH906,2.6321,30.5,1028.7,1021.08,25.78266906738281,-80.21072387695312,25.77328491210937,-80.19098917643225,150,150,HIGH
0,UAL1563,UAL1927,2.999,53.3,1021.08,1036.3200000000002,25.826669466697563,-80.16391970076648,25.81187438964844,-80.17740885416663,276,276,HIGH
0,UAL1692,UAL1739,1.5693,365.8,1028.7,1021.08,28.51327514648437,-81.32370581993689,28.51929745431673,-81.32457059972427,645,645,CRITICAL
0,AAL165,NKS271,2.9973,228.6,1120.14,1028.7,25.777130126953125,-80.39769490559894,25.78463279594809,-80.38178066037733,41,41,CRITICAL
0,NKS3010,UAL1167,2.7451,182.9,1021.08,1188.72,29.896408081054688,-95.25035564716046,29.89254191770392,-95.24397906135113,14,14,CRITICAL
0,NKS2801,UAL1848,2.415,434.3,1021.08,1424.94,29.895675659179688,-95.2488767183744,29.897781372070312,-95.20730825570912,3,3,MODERATE
0,AAL1465,FFT1418,2.9933,76.2,1021.08,1013.46,29.90716552734375,-95.22891117976263,29.937837245100635,-95.24602661132808,40,40,MODERATE
0,AAL1511,UAL2215,2.9609,15.2,1013.46,1013.46,25.76527404785156,-80.17466227213538,25.8046875,-80.20090738932288,7,7,MODERATE
0,SWA4490,UAL496,1.7688,175.3,1120.14,1021.08,29.9381103515625,-95.24979535271144,29.933074951171875,-95.25658102596508,10,10,CRITICAL
0,AJT8313,UAL1927,2.9892,30.5,1028.7,1036.3200000000002,25.78266906738281,-80.21072387695312,25.81187438964844,-80.17740885416663,9,9,MODERATE
0,FFT2284,FFT3378,0.3997,990.6,1028.7,1028.7,25.7760206319518,-80.39675730579302,25.779744810977224,-80.39623908276826,136,136,CRITICAL
0,AAL1028,AAL9601,2.95,182.9,1005.84,1013.46,12.494430541992188,-69.9280258704876,12.504364013671877,-69.91126224912449,170,170,HIGH
0,AAL972,AAL987,2.9709,22.9,1112.52,1280.16,18.343963623046875,-69.7296360560826,18.333295401880296,-69.76138583096588,93,93,HIGH
0,NKS1846,SHH906,2.9936,0.0,1021.08,1021.08,25.817917645987816,-80.1663035266804,25.77328491210937,-80.19098917643225,1,1,MODERATE
0,AAL2171,AAL2733,2.9549,30.5,1051.56,1036.3200000000002,25.763671875,-80.41275024414062,25.7833293332892,-80.41282221956072,23,23,HIGH
0,NKS797,UAL1457,2.9927,304.8,1112.52,1013.46,29.938023454051905,-95.25860595703124,29.909533484507413,-95.2704754997702,36,36,HIGH
0,AAL368,UAL1795,2.957,144.8,1181.1,1028.7,25.765173960540253,-80.17500967349645,25.81074860136388,-80.18143563900355,4,4,MODERATE
0,FFT1418,UAL759,2.955,38.1,1013.46,1028.7,29.937837245100635,-95.24602661132808,29.901168823242188,-95.25801438551684,16,16,MODERATE
0,AAL2541,AAL2733,2.971,38.1,1013.46,1036.3200000000002,25.78356209447828,-80.39053862949584,25.7833293332892,-80.41282221956072,327,327,HIGH
0,UAL2657,UAL723,2.6039,99.1,1028.7,1127.76,29.9154052734375,-95.27386833639709,29.92140430515095,-95.32342529296876,1,1,MODERATE
0,NKS2801,SWA4490,2.9565,152.4,1021.08,1120.14,29.895675659179688,-95.2488767183744,29.9381103515625,-95.24979535271144,6,6,MODERATE
0,AAL1465,FFT3470,2.6641,624.8,1021.08,1257.3,29.90716552734375,-95.22891117976263,29.938247680664062,-95.23988611557904,12,12,HIGH
0,NKS1904,UAL1167,2.9352,22.9,1097.28,1188.72,29.9381103515625,-95.24871826171876,29.89254191770392,-95.24397906135113,5,5,MODERATE
0,N453QS,UAL2215,2.9894,15.2,1028.7,1013.46,25.787017822265625,-80.21835327148438,25.8046875,-80.20090738932288,30,30,HIGH
0,AAL165,FFT3378,2.9891,396.2,1120.14,1028.7,25.777130126953125,-80.39769490559894,25.779744810977224,-80.39623908276826,171,171,CRITICAL
0,AAL1014,GXA401,1.7165,990.6,1028.7,1021.08,18.502280025158896,-65.97989169034088,18.476815951072563,-65.97904274680394,248,248,HIGH
0,NKS1708,UAL1457,2.9819,99.1,1021.08,1013.46,29.9186577231197,-95.27206420898438,29.909533484507413,-95.2704754997702,79,79,CRITICAL
0,AAL1028,CMP349,2.931,7.6,1005.84,1021.08,12.494430541992188,-69.9280258704876,12.489349365234377,-69.9644891146956,27,27,MODERATE
0,AAL1028,AAL217R,2.984,350.5,1005.84,1028.7,12.494430541992188,-69.9280258704876,12.517181396484377,-69.9153347673087,165,165,HIGH
0,AJT8313,NAC802,2.9498,114.3,1028.7,1013.46,25.78266906738281,-80.21072387695312,25.772063691737287,-80.1933547685731,118,118,HIGH
0,FFT4426,NKS1847,2.9805,297.2,1264.92,1028.7,29.91632080078125,-95.26740579044116,29.891921997070312,-95.24417583759016,15,15,HIGH
0,NKS1155,SWA4490,2.8087,99.1,1036.3200000000002,1120.14,29.90343514135328,-95.28399299172791,29.9381103515625,-95.24979535271144,5,5,MODERATE
0,NKS352,NKS693,1.6676,815.3,1021.08,1028.7,26.114089965820312,-80.05877224904185,26.12856072894597,-80.0545208270733,282,282,CRITICAL
0,NKS272,UAL1457,2.3346,175.3,1074.42,1013.46,29.897003173828125,-95.2521514892578,29.909533484507413,-95.2704754997702,25,25,HIGH
0,N453QS,UAL1795,2.9765,61.0,1028.7,1028.7,25.787017822265625,-80.21835327148438,25.81074860136388,-80.18143563900355,13,13,MODERATE
0,AAL714,FFT3378,2.9417,640.1,1021.08,1028.7,25.778961181640625,-80.39108276367188,25.779744810977224,-80.39623908276826,226,226,CRITICAL
0,NKS1336,UAL2657,2.8189,297.2,1120.14,1028.7,29.89228820800781,-95.2438589242788,29.9154052734375,-95.27386833639709,18,18,MODERATE
0,NKS1155,NKS797,2.8036,228.6,1036.3200000000002,1112.52,29.90343514135328,-95.28399299172791,29.938023454051905,-95.25860595703124,71,71,MODERATE
0,AAL1613,UAL2215,2.9683,30.5,1036.3200000000002,1013.46,25.764816284179688,-80.17410278320312,25.8046875,-80.20090738932288,6,6,MODERATE
0,NKS1708,UAL2245,2.6332,274.3,1021.08,1059.18,29.9186577231197,-95.27206420898438,29.905483439817267,-95.26552088120404,11,11,CRITICAL
0,FFT3470,UAL1167,2.995,99.1,1257.3,1188.72,29.938247680664062,-95.23988611557904,29.89254191770392,-95.24397906135113,5,5,MODERATE
0,NKS1155,NKS2801,2.9192,259.1,1036.3200000000002,1021.08,29.90343514135328,-95.28399299172791,29.895675659179688,-95.2488767183744,39,39,HIGH
0,FFT1418,UAL413,2.9785,45.7,1013.46,1074.42,29.937837245100635,-95.24602661132808,29.900894165039062,-95.25917640099158,14,14,MODERATE
0,SWA4490,UAL1114,2.9376,7.6,1120.14,1021.08,29.9381103515625,-95.24979535271144,29.90711975097656,-95.26646540715144,8,8,MODERATE
0,AJT8541,UAL2215,2.9759,266.7,1013.46,1013.46,25.78924146749205,-80.22221979105245,25.8046875,-80.20090738932288,31,31,HIGH
0,UAL1457,UAL496,2.9496,243.8,1013.46,1021.08,29.909533484507413,-95.2704754997702,29.933074951171875,-95.25658102596508,34,34,HIGH
0,FFT4879,NKS1210,2.6558,99.1,1013.46,1021.08,18.52820962162341,-66.00311279296875,18.544549457097457,-66.01834383877838,126,126,HIGH
0,FFT4426,UAL413,2.781,967.7,1264.92,1074.42,29.91632080078125,-95.26740579044116,29.900894165039062,-95.25917640099158,30,30,HIGH
0,NKS1708,UAL413,2.594,106.7,1021.08,1074.42,29.9186577231197,-95.27206420898438,29.900894165039062,-95.25917640099158,26,26,HIGH
0,AAL165,AAL714,2.8956,670.6,1120.14,1021.08,25.777130126953125,-80.39769490559894,25.778961181640625,-80.39108276367188,166,166,CRITICAL
0,NKS1847,NKS1904,2.8603,137.2,1028.7,1097.28,29.891921997070312,-95.24417583759016,29.9381103515625,-95.24871826171876,4,4,MODERATE
0,AAL368,N453QS,2.9762,304.8,1181.1,1028.7,25.765173960540253,-80.17500967349645,25.787017822265625,-80.21835327148438,217,217,MODERATE
0,AAL217R,AAL510,1.0197,998.2,1028.7,1013.46,12.517181396484377,-69.9153347673087,12.498825073242188,-69.91618715483565,351,351,HIGH
0,UAL2662,UAL496,2.9547,388.6,1173.48,1021.08,29.9146728515625,-95.2752147001379,29.933074951171875,-95.25658102596508,13,13,HIGH
0,ENY3689,UAL1563,2.9946,495.3,1013.46,1021.08,25.83526611328125,-80.15562813237028,25.826669466697563,-80.16391970076648,346,346,CRITICAL
0,NKS272,NKS687,2.7497,236.2,1074.42,1013.46,29.897003173828125,-95.2521514892578,29.90669379800053,-95.26654411764709,27,27,CRITICAL
0,N453QS,UAL1927,2.9802,15.2,1028.7,1036.3200000000002,25.787017822265625,-80.21835327148438,25.81187438964844,-80.17740885416663,8,8,MODERATE
0,NKS1904,UAL1457,2.3918,152.4,1097.28,1013.46,29.9381103515625,-95.24871826171876,29.909533484507413,-95.2704754997702,6,6,MODERATE
0,NKS1708,NKS687,2.3822,91.4,1021.08,1013.46,29.9186577231197,-95.27206420898438,29.90669379800053,-95.26654411764709,200,200,CRITICAL
0,AAL1613,UAL1795,2.9837,22.9,1036.3200000000002,1028.7,25.764816284179688,-80.17410278320312,25.81074860136388,-80.18143563900355,4,4,MODERATE
0,AAL2733,FFT3378,2.9915,38.1,1036.3200000000002,1028.7,25.7833293332892,-80.41282221956072,25.779744810977224,-80.39623908276826,46,46,CRITICAL
0,AAL2230,NKS1846,2.9481,182.9,1013.46,1021.08,25.82066345214844,-80.1644388834635,25.817917645987816,-80.1663035266804,79,79,CRITICAL
0,NKS1904,NKS687,2.4253,121.9,1097.28,1013.46,29.9381103515625,-95.24871826171876,29.90669379800053,-95.26654411764709,6,6,MODERATE
0,UAL1630,UAL584,2.9715,213.4,1013.46,1043.94,28.51259393207097,-81.32311652688418,28.483566284179688,-81.3224909855769,61,61,HIGH
0,NAC810,SHH3006,2.9924,762.0,1021.08,1028.7,25.777463751324152,-80.21455009028597,25.76852572166313,-80.18703244767096,127,127,HIGH
0,NKS1336,UAL413,1.9377,205.7,1120.14,1074.42,29.89228820800781,-95.2438589242788,29.900894165039062,-95.25917640099158,47,47,CRITICAL
0,NKS1498,NKS797,2.9979,266.7,1021.08,1112.52,29.90272521972656,-95.25827847994287,29.938023454051905,-95.25860595703124,34,34,MODERATE
0,AAL1613,UAL1927,2.9853,0.0,1036.3200000000002,1036.3200000000002,25.764816284179688,-80.17410278320312,25.81187438964844,-80.17740885416663,3,3,MODERATE
0,AAL368,NAC810,2.9864,259.1,1181.1,1021.08,25.765173960540253,-80.17500967349645,25.777463751324152,-80.21455009028597,119,119,MODERATE
0,NKS1847,UAL1457,2.9291,213.4,1028.7,1013.46,29.891921997070312,-95.24417583759016,29.909533484507413,-95.2704754997702,20,20,HIGH
0,AAL510,CMP349,2.9816,7.6,1013.46,1021.08,12.498825073242188,-69.91618715483565,12.489349365234377,-69.9644891146956,7,7,MODERATE
0,SWA4490,UAL759,2.9624,106.7,1120.14,1028.7,29.9381103515625,-95.24979535271144,29.901168823242188,-95.25801438551684,9,9,MODERATE
0,AAL1465,ENY3814,2.9942,411.5,1021.08,1043.94,29.90716552734375,-95.22891117976263,29.91156005859375,-95.27225269990812,18,18,MODERATE
0,NKS1498,NKS3010,2.6692,38.1,1021.08,1021.08,29.90272521972656,-95.25827847994287,29.896408081054688,-95.25035564716046,12,12,CRITICAL
0,AAL2171,AAL2541,2.9559,76.2,1051.56,1013.46,25.763671875,-80.41275024414062,25.78356209447828,-80.39053862949584,19,19,HIGH
0,AAL1465,NKS3010,2.1385,45.7,1021.08,1021.08,29.90716552734375,-95.22891117976263,29.896408081054688,-95.25035564716046,12,12,HIGH
0,FFT3470,UAL1114,2.7718,152.4,1257.3,1021.08,29.938247680664062,-95.23988611557904,29.90711975097656,-95.26646540715144,7,7,MODERATE
0,UAL1020,UAL2105,2.9812,114.3,1043.94,1051.56,29.968963623046875,-95.4184139476103,29.963424682617188,-95.3994571461397,11,11,HIGH
0,SHH3006,UAL1927,2.9546,0.0,1028.7,1036.3200000000002,25.76852572166313,-80.18703244767096,25.81187438964844,-80.17740885416663,6,6,MODERATE
0,NKS797,UAL1114,2.9068,30.5,1112.52,1021.08,29.938023454051905,-95.25860595703124,29.90711975097656,-95.26646540715144,20,20,HIGH
0,AAL3149,FFT4879,2.91,274.3,1028.7,1013.46,18.53260803222656,-66.00257328578402,18.52820962162341,-66.00311279296875,397,397,CRITICAL
0,NKS1847,UAL2662,2.3951,449.6,1028.7,1173.48,29.891921997070312,-95.24417583759016,29.9146728515625,-95.2752147001379,40,40,MODERATE
0,AAL2733,FFT2284,2.9533,99.1,1036.3200000000002,1028.7,25.7833293332892,-80.41282221956072,25.7760206319518,-80.39675730579302,41,41,CRITICAL
0,UAL496,UAL759,2.9942,38.1,1021.08,1028.7,29.933074951171875,-95.25658102596508,29.901168823242188,-95.25801438551684,27,27,HIGH
0,NKS1708,NKS1904,1.915,152.4,1021.08,1097.28,29.9186577231197,-95.27206420898438,29.9381103515625,-95.24871826171876,6,6,HIGH
0,AAL1511,AAL1613,1.38,7.6,1013.46,1036.3200000000002,25.76527404785156,-80.17466227213538,25.764816284179688,-80.17410278320312,212,212,CRITICAL
0,FFT3470,NKS2801,2.9574,266.7,1257.3,1021.08,29.938247680664062,-95.23988611557904,29.895675659179688,-95.2488767183744,7,7,MODERATE
0,FFT4426,NKS1904,2.7959,7.6,1264.92,1097.28,29.91632080078125,-95.26740579044116,29.9381103515625,-95.24871826171876,7,7,HIGH
0,AAL2230,ENY3689,2.9533,365.8,1013.46,1013.46,25.82066345214844,-80.1644388834635,25.83526611328125,-80.15562813237028,174,174,CRITICAL
0,AAL1613,N453QS,2.978,38.1,1036.3200000000002,1028.7,25.764816284179688,-80.17410278320312,25.787017822265625,-80.21835327148438,73,73,MODERATE
0,FFT3470,NKS3010,2.8927,289.6,1257.3,1021.08,29.938247680664062,-95.23988611557904,29.896408081054688,-95.25035564716046,7,7,MODERATE
0,NKS1564,NKS1846,2.953,602.0,1021.08,1021.08,25.81842041015625,-80.16962687174475,25.817917645987816,-80.1663035266804,445,445,CRITICAL
0,NKS2012,UAL1956,2.9798,922.0,1021.08,1028.7,26.125348624536542,-80.05605257474457,26.10737946073888,-80.06371131310095,483,483,HIGH
0,NKS1564,SHH906,2.9457,0.0,1021.08,1021.08,25.81842041015625,-80.16962687174475,25.77328491210937,-80.19098917643225,1,1,MODERATE
0,NKS687,UAL413,2.3715,396.2,1013.46,1074.42,29.90669379800053,-95.26654411764709,29.900894165039062,-95.25917640099158,35,35,CRITICAL
0,AAL1014,FFT4879,1.9727,243.8,1028.7,1013.46,18.502280025158896,-65.97989169034088,18.52820962162341,-66.00311279296875,397,397,MODERATE
0,FFT1418,UAL2657,2.518,617.2,1013.46,1028.7,29.937837245100635,-95.24602661132808,29.9154052734375,-95.27386833639709,13,13,HIGH
0,UAL2245,UAL2662,0.9274,160.0,1059.18,1173.48,29.905483439817267,-95.26552088120404,29.9146728515625,-95.2752147001379,11,11,CRITICAL
0,ENY3814,UAL1114,2.5363,137.2,1043.94,1021.08,29.91156005859375,-95.27225269990812,29.90711975097656,-95.26646540715144,25,25,CRITICAL
0,UAL1457,UAL2245,2.2196,228.6,1013.46,1059.18,29.909533484507413,-95.2704754997702,29.905483439817267,-95.26552088120404,11,11,CRITICAL
0,FFT4426,NKS1708,1.8401,899.2,1264.92,1021.08,29.91632080078125,-95.26740579044116,29.9186577231197,-95.27206420898438,35,35,CRITICAL
0,FFT1418,NKS1708,2.9881,0.0,1013.46,1021.08,29.937837245100635,-95.24602661132808,29.9186577231197,-95.27206420898438,82,82,HIGH
0,FFT3470,UAL496,2.9977,647.7,1257.3,1021.08,29.938247680664062,-95.23988611557904,29.933074951171875,-95.25658102596508,12,12,CRITICAL
0,AAL1511,UAL1795,2.9653,7.6,1013.46,1028.7,25.76527404785156,-80.17466227213538,25.81074860136388,-80.18143563900355,4,4,MODERATE
0,AAL1341,AAL3149,2.9957,472.4,1036.3200000000002,1028.7,18.503082275390625,-65.97702026367188,18.53260803222656,-66.00257328578402,289,289,MODERATE
0,NAC802,UAL1927,2.9733,53.3,1013.46,1036.3200000000002,25.772063691737287,-80.1933547685731,25.81187438964844,-80.17740885416663,8,8,MODERATE
0,NKS1564,UAL2215,2.9665,952.5,1021.08,1013.46,25.81842041015625,-80.16962687174475,25.8046875,-80.20090738932288,398,398,HIGH
0,UAL1563,UAL2311,2.9741,99.1,1021.08,1036.3200000000002,25.826669466697563,-80.16391970076648,25.804650258209744,-80.20641398879718,20,20,MODERATE
0,NKS1155,UAL2662,2.9878,175.3,1036.3200000000002,1173.48,29.90343514135328,-95.28399299172791,29.9146728515625,-95.2752147001379,35,35,CRITICAL
0,UAL1020,UAL2620,2.8593,61.0,1043.94,1021.08,29.968963623046875,-95.4184139476103,29.93746482719809,-95.38917846679686,17,17,MODERATE
0,UAL1739,UAL2247,2.9827,152.4,1021.08,1028.7,28.51929745431673,-81.32457059972427,28.499047230866,-81.3229549632353,188,188,HIGH
0,AAL967,SHH906,0.5611,990.6,1013.46,1021.08,25.76083374023437,-80.1656595865885,25.77328491210937,-80.19098917643225,133,133,HIGH
0,AJT8313,UAL2311,2.9653,228.6,1028.7,1036.3200000000002,25.78266906738281,-80.21072387695312,25.804650258209744,-80.20641398879718,33,33,HIGH
0,AAL2171,FFT2284,2.9288,167.6,1051.56,1028.7,25.763671875,-80.41275024414062,25.7760206319518,-80.39675730579302,55,55,HIGH
0,SHH906,TXG403,1.9529,914.4,1021.08,1013.46,25.77328491210937,-80.19098917643225,25.761310124801376,-80.16671810510024,170,170,HIGH
0,UAL1457,UAL759,0.423,998.2,1013.46,1028.7,29.909533484507413,-95.2704754997702,29.901168823242188,-95.25801438551684,100,100,CRITICAL
0,NKS272,UAL759,2.9552,289.6,1074.42,1028.7,29.897003173828125,-95.2521514892578,29.901168823242188,-95.25801438551684,47,47,CRITICAL
1,UAL1848,UAL2657,1.6016,45.7,1470.66,1447.8000000000002,29.896591962394066,-95.20148782169116,29.91156005859375,-95.23137709673712,2,3,HIGH
1,UAL1848,UAL2662,2.465,7.6,1470.66,1310.64,29.896591962394066,-95.20148782169116,29.897383350436968,-95.25130328010113,2,3,MODERATE
2,UAL1114,UAL1848,2.9811,365.8,1112.52,1478.28,29.900828216035485,-95.2569041532629,29.89626609672934,-95.1998721852022,1,3,MODERATE
3,NKS687,UAL723,2.0813,152.4,1074.42,1150.62,29.90414428710937,-95.26287372295673,29.918975830078125,-95.31722124885113,22,25,MODERATE
3,PXG210,UAL2620,2.6946,175.3,1043.94,1127.76,29.99099990068856,-95.4251037597656,29.951385498046875,-95.39945714613972,16,19,MODERATE
4,AAL1026,AJT862,2.9708,297.2,1615.44,1242.0600000000002,18.33585577496028,-69.75364546342325,18.34945678710937,-69.70526014055525,3,7,MODERATE
7,UAL723,UAL759,2.7685,228.6,1173.48,1120.14,29.90981279793432,-95.2987491383272,29.896079887778072,-95.24990306181064,26,33,MODERATE
7,NKS1498,UAL723,2.9279,76.2,1112.52,1173.48,29.897506713867188,-95.2507781982422,29.90981279793432,-95.2987491383272,23,30,MODERATE
7,UAL1114,UAL723,2.8236,7.6,1226.8200000000002,1173.48,29.893891932600635,-95.24634866153492,29.90981279793432,-95.2987491383272,29,36,MODERATE
7,UAL413,UAL723,1.9429,541.0,1135.38,1173.48,29.89296088784428,-95.2459716796875,29.90981279793432,-95.2987491383272,29,36,MODERATE
7,FFT4426,UAL723,2.7025,731.5,1447.8000000000002,1173.48,29.914607678429554,-95.25157470703124,29.90981279793432,-95.2987491383272,17,24,MODERATE
8,UAL1848,UAL2657,2.9875,129.5,1889.76,1760.22,29.88642883300781,-95.15200688288763,29.908493041992188,-95.20345247708832,1,9,MODERATE
8,NKS272,UAL723,2.9741,53.3,1120.14,1173.48,29.89082336425781,-95.24274972768929,29.908416230799787,-95.29616411994483,1,9,MODERATE
10,UAL1848,UAL2657,2.9125,114.3,1912.62,1783.0800000000002,29.885787963867188,-95.14889056865984,29.90785217285156,-95.20007206843452,2,12,MODERATE
10,UAL496,UAL723,2.9707,7.6,1135.38,1173.48,29.93183898925781,-95.2419864430147,29.904319633871825,-95.28873219209558,9,19,MODERATE
10,NKS2801,UAL723,2.8189,426.7,1112.52,1173.48,29.887481689453125,-95.23656991811896,29.904319633871825,-95.28873219209558,25,35,MODERATE
10,NKS797,UAL723,2.8827,137.2,1242.0600000000002,1173.48,29.93463134765625,-95.2447868795956,29.904319633871825,-95.28873219209558,4,14,MODERATE
10,NKS272,UAL723,1.9994,388.6,1127.76,1173.48,29.88821255958686,-95.23886287913604,29.904319633871825,-95.28873219209558,26,36,MODERATE
11,UAL1848,UAL2245,1.7054,304.8,1920.24,1851.66,29.885467529296875,-95.14730600210332,29.889816284179688,-95.16706026517429,16,27,HIGH
11,UAL2662,UAL723,2.0861,15.2,1546.86,1173.48,29.884115962658896,-95.23293887867646,29.90130615234375,-95.28336745042066,24,35,MODERATE
11,FFT4426,NKS1336,2.8882,121.9,1645.92,1531.62,29.91371154785156,-95.23789349724268,29.871500306210272,-95.21258185891544,2,13,MODERATE
12,FFT3470,UAL2245,2.9574,61.0,1920.24,1859.28,29.93872173761917,-95.17225341796876,29.88979533567267,-95.16567454618564,1,13,MODERATE
12,NKS3010,UAL1848,2.8693,502.9,1379.22,1958.34,29.84408103813559,-95.16799029181983,29.884395276085804,-95.14187083524814,2,14,MODERATE
13,UAL1848,UAL2657,1.8713,160.0,1973.58,1874.52,29.88402285818326,-95.14014748965992,29.90464782714844,-95.1842264028696,14,27,MODERATE
14,NKS797,UAL2657,2.9577,480.1,1402.0800000000002,1889.76,29.9309475139036,-95.23020629882812,29.90436618610964,-95.18236945657168,2,16,MODERATE
14,NKS797,UAL2662,2.9869,129.5,1402.0800000000002,1531.62,29.9309475139036,-95.23020629882812,29.88121032714844,-95.22901681753302,1,15,MODERATE
15,ENY3814,NKS3010,2.8789,106.7,1607.8200000000002,1584.96,29.85777282714844,-95.18987802358774,29.834305068193853,-95.1519416360294,7,22,MODERATE
17,NKS3010,UAL1167,2.8882,160.0,1615.44,1760.22,29.832733154296875,-95.14936593862676,29.8612060546875,-95.19515991210938,2,19,MODERATE
18,AAL1465,UAL723,2.9415,38.1,1264.92,1173.48,29.899703979492188,-95.20440321702222,29.887700484970868,-95.2594891716452,13,31,MODERATE
19,UAL1167,UAL723,1.5504,228.6,1798.3200000000002,1165.86,29.85951232910156,-95.19241333007812,29.87880900754767,-95.2439790613511,17,36,MODERATE
19,NKS1847,UAL723,2.3176,320.0,1485.9,1165.86,29.864913940429688,-95.20244891826924,29.87880900754767,-95.2439790613511,1,20,MODERATE
19,ENY3814,UAL413,2.9779,594.4,1684.02,1158.24,29.852181127515887,-95.18080767463238,29.881415932865465,-95.2265301872702,5,24,MODERATE
19,NKS1336,UAL723,1.4177,137.2,1729.74,1165.86,29.85923767089844,-95.19309997558594,29.87880900754767,-95.2439790613511,17,36,MODERATE
21,NKS1847,UAL723,1.0673,68.6,1630.68,1165.86,29.85585021972656,-95.18765963040865,29.87530517578125,-95.2378903902494,15,36,MODERATE
21,UAL1563,UAL2311,2.999,106.7,1295.4,1188.72,25.8519287109375,-80.15837471440153,25.80853271484375,-80.18585205078125,1,22,MODERATE
22,ENY3814,NKS272,2.4333,640.1,1744.98,1143.0,29.847381591796875,-95.17318725585938,29.875457246424787,-95.21925982306988,3,25,MODERATE
24,ENY3814,UAL723,2.5053,495.3,1783.0800000000002,1287.78,29.84403448589777,-95.1679364372702,29.860700187036542,-95.21204331341912,1,25,MODERATE
25,ENY3814,NKS3010,0.0707,350.5,2171.7000000000003,1988.82,29.8236911579714,-95.12819177964154,29.82229459083686,-95.1126816693474,8,33,CRITICAL
25,NKS1336,NKS1498,2.9969,449.6,1805.94,1356.36,29.85406494140625,-95.18470177283656,29.883819580078125,-95.23091829740082,1,26,MODERATE
25,FFT3470,UAL2657,2.9657,662.9,3101.34,2438.4,29.93714904785156,-95.05257999195771,29.906982421875,-95.09770906888522,1,26,MODERATE
26,NKS272,UAL1457,2.9919,121.9,1226.8200000000002,1348.74,29.85907085871292,-95.19297880284928,29.8890380859375,-95.23889394906848,1,27,MODERATE
28,SWA4490,UAL2657,2.8641,662.9,3185.1600000000003,2567.94,29.948823573225635,-95.05607299804689,29.908276574086333,-95.08171530330884,2,30,MODERATE
28,FFT3470,UAL2657,2.9634,579.1,3154.6800000000003,2567.94,29.935928603350103,-95.04124145507814,29.908276574086333,-95.08171530330884,4,32,MODERATE
29,AAL967,NAC810,2.995,99.1,1325.88,1402.0800000000002,25.743527169954977,-80.13059796027414,25.766921997070312,-80.17913818359375,8,37,MODERATE
31,NKS1498,UAL1167,2.9628,525.8,1432.5600000000002,1965.96,29.879425048828125,-95.22447439340442,29.85045869471663,-95.17779181985291,2,33,MODERATE
36,NKS3010,UAL723,1.8797,563.9,2362.2000000000003,2910.84,29.821563720703125,-95.0673382098858,29.794509887695312,-95.051756638747,4,40,HIGH
36,NKS1708,UAL2105,0.7085,784.9,1463.04,2263.1400000000003,29.90725242485434,-95.2200137867647,29.93037414550781,-95.26772891773896,89,125,MODERATE
37,SWA4490,UAL2657,2.2747,365.8,3413.76,2857.5,29.94488525390625,-95.020751953125,29.91151428222656,-95.04493264590992,4,41,MODERATE
37,AAL324,UAL1020,2.9381,655.3,1851.66,1196.34,29.875900268554688,-95.37896963266223,29.92469787597656,-95.38319307215072,1,38,MODERATE
37,UAL1167,UAL759,2.9712,777.2,2118.36,1348.74,29.84273102323888,-95.1654052734375,29.871597290039062,-95.21148094764123,2,39,MODERATE
38,NKS939,UAL2215,2.9857,38.1,1554.48,1592.5800000000002,25.876387256686968,-80.16501793494592,25.82666015625,-80.16464233398438,1,39,MODERATE
40,AAL967,AJT8313,2.9539,259.1,1455.42,1684.02,25.737213134765625,-80.11769612630206,25.761062622070312,-80.16581217447913,3,43,MODERATE
40,AAL967,NAC810,2.972,129.5,1455.42,1584.96,25.737213134765625,-80.11769612630206,25.76087951660156,-80.16596476236975,1,41,MODERATE
41,NKS3010,UAL413,0.7627,320.0,2446.02,1927.86,29.82122388936705,-95.05624210133271,29.822250366210938,-95.11160043569711,7,48,MODERATE
41,NKS1847,NKS3010,1.4786,594.4,3025.1400000000003,2446.02,29.819732666015625,-95.02994243915263,29.82122388936705,-95.05624210133271,2,43,HIGH
42,NKS272,UAL1167,2.9355,990.6,1638.3000000000002,2628.9,29.84124755859375,-95.16378549429083,29.808701337394066,-95.12172923368566,1,43,MODERATE
42,AAL967,NAC810,3.0,144.8,1470.66,1615.44,25.736160278320312,-80.1153564453125,25.759918212890625,-80.16408284505206,2,44,MODERATE
43,NAC810,TXG403,2.9675,76.2,1638.3000000000002,1584.96,25.75907561738612,-80.16236503169222,25.735382080078125,-80.11408487955725,4,47,MODERATE
45,AAL967,AJT8313,2.9686,297.2,1516.38,1790.7,25.73435637910487,-80.11106095224056,25.75799560546875,-80.15940348307288,3,48,MODERATE
46,AAL1026,AAL1821,2.9591,533.4,3360.42,2606.04,18.40484619140625,-69.94585626775569,18.396148681640625,-69.89433288574219,12,58,MODERATE
46,AAL967,NAC810,2.9609,175.3,1524.0,1699.26,25.73412361791578,-80.1104909069133,25.757260080111227,-80.15884111512383,1,47,MODERATE
48,NKS1336,UAL1167,2.4156,502.9,2438.4,3017.52,29.810073852539062,-95.12269240159252,29.775788905256885,-95.0933478860294,4,52,MODERATE
48,NKS272,UAL759,2.9614,327.7,1790.7,1485.9,29.834444724907307,-95.15269559972428,29.86377263473252,-95.19890280330884,4,52,MODERATE
49,AAL967,AJT8313,2.673,998.2,1562.1,1866.9,25.732589721679688,-80.10650634765625,25.755844116210938,-80.15492757161456,75,124,MODERATE
49,AJT8541,SHH3006,2.9733,381.0,1424.94,1805.94,25.76563948291843,-80.17630523105834,25.742202758789062,-80.12786865234375,1,50,MODERATE
49,AAL967,NAC810,2.9843,182.9,1562.1,1744.98,25.732589721679688,-80.10650634765625,25.75556945800781,-80.15543619791663,1,50,MODERATE
49,NAC810,TXG403,2.986,83.8,1744.98,1661.16,25.75556945800781,-80.15543619791663,25.73244773735434,-80.10655241192512,1,50,MODERATE
51,UAL1020,UAL1457,2.9536,525.8,1196.34,1706.88,29.8992919921875,-95.25146484375,29.86885070800781,-95.20709698016827,2,53,MODERATE
51,NKS1336,UAL1114,2.1374,61.0,2567.94,2278.38,29.80060124801377,-95.11440501493564,29.832504272460938,-95.14883774977464,52,103,MODERATE
51,NKS1708,UAL1020,2.6645,61.0,1706.88,1196.34,29.902862548828125,-95.19806495079628,29.8992919921875,-95.25146484375,28,79,MODERATE
52,FFT4426,NKS797,2.3148,998.2,3307.0800000000004,2308.86,29.90790415618379,-95.10024126838238,29.91051108150159,-95.1446174172794,1,53,MODERATE
52,NKS687,NKS797,2.6092,457.2,1897.38,2308.86,29.88006591796875,-95.18982520470252,29.91051108150159,-95.1446174172794,61,113,MODERATE
53,ENY4071,UAL1927,2.9751,99.1,1775.46,1874.52,25.92107740499205,-80.1663384070763,25.872116088867188,-80.15785649137678,1,54,MODERATE
54,FFT4426,NKS797,2.9365,998.2,3345.1800000000003,2346.96,29.90780639648437,-95.09512094350958,29.90986633300781,-95.14181283804083,18,72,MODERATE
54,NAC810,TXG403,2.9767,121.9,1836.42,1729.74,25.752651408567267,-80.14946127837555,25.73021322993909,-80.0999709795106,5,59,MODERATE
55,UAL1020,UAL1457,2.9907,594.4,1196.34,1775.46,29.89817473847987,-95.24607938878675,29.86586748543432,-95.20224178538604,2,57,MODERATE
57,NKS1336,UAL1167,2.6927,426.7,2743.2000000000003,3200.4,29.782771740929554,-95.09894875919116,29.740874726893537,-95.0676592658548,2,59,MODERATE
57,UAL1114,UAL1167,2.8364,190.5,3131.82,3200.4,29.766403198242188,-95.08418743426984,29.740874726893537,-95.0676592658548,15,72,HIGH
58,ENY4071,UAL1927,2.9935,99.1,1874.52,1973.58,25.929689568988348,-80.16945472130408,25.88094937599311,-80.15778174767127,1,59,MODERATE
59,AAL967,NAC810,2.9806,259.1,1684.02,1920.24,25.728240966796875,-80.0936381022135,25.74971008300781,-80.14333089192706,5,64,MODERATE
60,NKS1336,UAL1167,2.9854,442.0,2804.1600000000003,3246.1200000000003,29.77602166644597,-95.09313246783093,29.73326110839844,-95.06390498234674,1,61,MODERATE
60,NAC810,TXG403,2.982,152.4,1935.48,1798.3200000000002,25.74911343849311,-80.14205068912145,25.72787475585937,-80.09251912434894,5,65,MODERATE
63,UAL1020,UAL1457,2.9564,708.7,1196.34,1897.38,29.895263671875,-95.23176339956429,29.859603881835938,-95.19214923565204,2,65,MODERATE
64,AJT8541,SHH906,2.9767,518.2,1562.1,2080.26,25.757400512695312,-80.15965779622394,25.734603881835938,-80.111083984375,2,66,MODERATE
66,AAL967,NAC810,2.9748,281.9,1767.84,2049.78,25.725082397460938,-80.08397420247394,25.74543581170551,-80.13412187684258,1,67,MODERATE
66,NAC810,TXG403,2.9819,190.5,2049.78,1874.52,25.74543581170551,-80.13412187684258,25.72532524496821,-80.08473522258254,12,78,MODERATE
68,UAL1020,UAL1457,2.3419,746.8,1211.5800000000002,1988.82,29.893472962460272,-95.22292193244488,29.85548633640095,-95.185546875,5,73,MODERATE
69,NKS1847,UAL2657,0.5798,266.7,10317.48,10058.4,29.3572998046875,-92.42195716271031,29.365477481130824,-92.42356244255514,2,71,CRITICAL
70,NKS687,UAL1020,2.6929,30.5,2133.6,1242.0600000000002,29.87471008300781,-95.1590846135066,29.891189575195312,-95.21179786095252,10,80,MODERATE
71,NKS1498,UAL1020,2.6843,670.6,1965.96,1249.68,29.84771211268538,-95.17994600183825,29.890633275953387,-95.20891974954044,2,73,MODERATE
72,UAL1020,UAL759,2.9621,373.4,1310.64,1524.0,29.88853454589844,-95.19774803748498,29.845230102539062,-95.16938429612378,4,76,MODERATE
72,UAL1019,UAL1058,2.9889,617.2,2407.92,1752.6,21.07704162597656,-86.77066872336644,21.1068311788268,-86.81096394856769,39,111,MODERATE
73,FFT4426,NKS797,2.9889,998.2,3657.6,2659.38,29.906786902476163,-95.05678064682904,29.9034816935911,-95.1140818876379,1,74,MODERATE
73,NKS2801,UAL1020,2.8808,297.2,1569.72,1851.66,29.83895874023437,-95.15955998347356,29.875410694186968,-95.12571447035846,3,76,MODERATE
73,UAL1020,UAL2662,1.775,426.7,1851.66,2575.56,29.875410694186968,-95.12571447035846,29.84124755859375,-95.10837848369891,7,80,MODERATE
73,NKS797,UAL1020,2.0478,502.9,2659.38,1851.66,29.9034816935911,-95.1140818876379,29.875410694186968,-95.12571447035846,7,80,HIGH
73,AAL1465,UAL1020,1.1518,91.4,2065.02,1851.66,29.87924194335937,-95.12263958270734,29.875410694186968,-95.12571447035846,7,80,CRITICAL
74,AAL967,NAC810,2.985,342.9,1859.28,2164.08,25.72169417041843,-80.07364524985258,25.74252319335937,-80.12385050455725,7,81,MODERATE
74,AAL1613,N453QS,2.997,45.7,2087.88,2049.78,25.722625215174787,-80.07748010023585,25.742503020722985,-80.1283177789652,6,80,MODERATE
75,AAL1511,NAC810,2.9903,243.8,1943.1,2186.94,25.720763125662074,-80.07214240308076,25.74224853515625,-80.12201944986975,1,76,MODERATE
75,NKS2801,UAL2662,2.6811,998.2,1600.2,2598.42,29.83758544921875,-95.15734159029444,29.84088134765625,-95.1060016338642,1,76,MODERATE
77,NKS3010,UAL413,2.9479,38.1,10668.0,10629.9,29.618133544921875,-92.15685917780952,29.630126953125,-92.21010061410756,2,79,MODERATE
78,FFT3470,UAL2245,2.9861,434.3,9029.7,8214.36,30.09397345074152,-93.38510742187498,30.08657164492849,-93.4409729003906,427,505,MODERATE
79,NKS687,UAL2662,2.9854,396.2,2263.1400000000003,2659.38,29.872146606445312,-95.14466505784252,29.840103149414062,-95.10082538311298,1,80,MODERATE
81,AAL1613,N453QS,2.979,38.1,2171.7000000000003,2125.98,25.71968078613281,-80.068613688151,25.73812866210937,-80.11952718098956,3,84,MODERATE
81,NAC810,TXG403,2.9997,198.1,2278.38,2080.26,25.741851289393537,-80.11385935657427,25.71866827496028,-80.06473181382665,1,82,MODERATE
82,NKS687,UAL2105,2.9971,708.7,2293.62,3002.28,29.8714599609375,-95.14080927922174,29.90995245464777,-95.17746869255514,1,83,MODERATE
83,NKS687,UAL2662,2.9875,411.5,2331.7200000000003,2727.96,29.87080202264301,-95.13707778033093,29.8388671875,-95.09279691256006,4,87,MODERATE
83,AAL967,NAC810,2.9853,365.8,1950.72,2316.48,25.717987060546875,-80.06245930989581,25.742019653320312,-80.11077880859375,1,84,MODERATE
86,AAL1511,AJT8313,2.9736,495.3,2087.88,2583.1800000000003,25.71578203621557,-80.05732122457249,25.73393740896451,-80.10846983711673,1,87,MODERATE
86,AAL1613,N453QS,2.9977,38.1,2232.6600000000003,2194.56,25.71762084960937,-80.06220499674475,25.7354736328125,-80.11396300117923,1,87,MODERATE
87,NKS687,UAL2105,1.93,586.7,2377.44,3055.6200000000003,29.86987097788665,-95.13174617991729,29.90707397460937,-95.16484187199518,38,125,MODERATE
88,NKS687,UAL2662,2.9813,419.1,2385.06,2804.1600000000003,29.86949157714844,-95.1297173133263,29.83779648603019,-95.08564668543198,1,89,MODERATE
88,AAL1511,AJT8313,2.9784,487.7,2118.36,2606.04,25.7148044392214,-80.05436735333137,25.732820155256885,-80.10567143278303,1,89,MODERATE
88,AAL1613,N453QS,2.9984,22.9,2263.1400000000003,2240.28,25.716567993164062,-80.05900065104163,25.734100341796875,-80.11093139648438,2,90,MODERATE
89,FFT1418,UAL2105,2.9853,777.2,2225.04,3101.34,29.93890794657044,-95.1146301269531,29.90455239506091,-95.1535572725184,22,111,MODERATE
90,AAL2230,UAL2311,2.9881,388.6,2400.3,1623.0600000000002,25.933639526367188,-80.17070842239093,25.885299682617188,-80.15837471440153,75,165,MODERATE
90,NKS797,UAL2105,2.8786,152.4,2865.1200000000003,3124.2000000000003,29.897616111626057,-95.08871639476104,29.902816772460938,-95.14561579777644,16,106,MODERATE
91,NKS687,UAL2662,2.9792,426.7,2438.4,2849.88,29.86847441075212,-95.12415268841914,29.83691199351165,-95.08009966681988,2,93,MODERATE
91,AAL1511,AJT8313,2.9923,487.7,2156.46,2644.1400000000003,25.71336131984905,-80.0500661022258,25.73130798339844,-80.10167439778644,1,92,MODERATE
94,AAL1511,AJT8313,2.9759,495.3,2202.1800000000003,2689.86,25.711918200476696,-80.04576485112028,25.72974770756091,-80.09732804208431,3,97,MODERATE
94,AAL1465,UAL2105,2.9964,815.3,2331.7200000000003,3154.6800000000003,29.872571007680083,-95.09033203125,29.90106097722457,-95.13767018037686,2,96,MODERATE
97,NKS1576,UAL774,2.7717,563.9,2491.74,2849.88,28.41046142578125,-81.53931250939002,28.36102294921875,-81.53371370755707,28,125,MODERATE
97,AAL1465,UAL2105,2.9991,792.5,2369.82,3162.3,29.87164306640625,-95.0859832763672,29.90012993246821,-95.13330796185664,1,98,MODERATE
99,AJT862,UPS6335,2.9927,281.9,3992.88,3695.7,18.571829068458687,-69.89232288707387,18.597930908203125,-69.84906332833424,45,144,MODERATE
99,AAL1465,UAL2105,1.9773,800.1,2400.3,3177.54,29.87104797363281,-95.08291978102466,29.8992919921875,-95.12953814338238,26,125,MODERATE
102,NKS272,UAL2662,2.9707,76.2,3337.56,3253.74,29.81703418796345,-94.9798224954044,29.829463635460804,-95.03281537224264,2,104,MODERATE
103,NKS1336,UAL1167,2.946,632.5,4762.5,5273.04,29.451461791992188,-94.9447983961839,29.424226405256885,-94.93329216452209,11,114,HIGH
104,AAL1511,AJT8313,2.9314,548.6,2346.96,2827.02,25.70722961425781,-80.03153483072913,25.724853515625,-80.08331298828125,20,124,MODERATE
105,NKS272,UAL2662,1.8984,243.8,3406.1400000000003,3642.36,29.818896277476163,-94.94971780215992,29.82136354608051,-94.98159969554229,2,107,HIGH
107,NKS797,UAL2105,2.9649,160.0,3108.96,3268.98,29.89021430581303,-95.0569960650276,29.895754022113348,-95.11359719669116,1,108,MODERATE
107,AAL2230,ENY4071,2.981,297.2,2636.52,2339.34,25.95305879237288,-80.17774728628302,25.990447998046875,-80.21408368956367,1,108,MODERATE
109,UAL1114,UAL1167,2.085,647.7,4815.84,5463.54,29.426055908203125,-94.93365361140324,29.39337158203125,-94.9201847956731,1,110,MODERATE
109,NKS1336,UAL1114,2.7589,182.9,4914.900000000001,4815.84,29.42514038085937,-94.93365361140326,29.426055908203125,-94.93365361140324,10,119,CRITICAL
109,NKS797,UAL2105,2.9721,190.5,3116.5800000000004,3284.2200000000003,29.889422917770126,-95.05360322840072,29.89505573854608,-95.11058134191175,4,113,MODERATE
110,AAL2171,AAL2217,2.9282,221.0,3307.0800000000004,3078.48,25.57562255859375,-80.34652709960938,25.62158203125,-80.36417643229163,51,161,MODERATE
111,UAL1114,UAL1167,0.1751,876.3,4853.9400000000005,5570.22,29.40000915527344,-94.92266728327824,29.37408964512712,-94.91201961741729,9,120,HIGH
112,AAL2230,ENY4071,2.9949,91.4,2705.1,2407.92,25.958645060911017,-80.18102205716644,25.99214172363281,-80.2212351673054,60,172,MODERATE
116,NKS1336,UAL1167,2.923,632.5,5006.34,5638.8,29.408165883209744,-94.9265064912684,29.362125720007946,-94.90695728975186,3,119,MODERATE
117,UAL1019,UAL1058,2.9756,602.0,3124.2000000000003,2514.6,21.153579711914062,-86.78560014204544,21.1812744140625,-86.829345703125,2,119,MODERATE
121,UAL1019,UAL1058,2.9817,541.0,3177.54,2567.94,21.160903930664062,-86.78704833984375,21.186355590820312,-86.83059414950282,165,286,MODERATE
125,NKS797,UAL2105,1.6952,647.7,3352.8,3878.58,29.872384798728813,-94.98138427734376,29.869903564453125,-94.99962439903848,5,130,CRITICAL
125,AAL1511,AJT8313,2.9134,655.3,2651.76,3200.4,25.697067260742188,-80.00076293945312,25.714599609375,-80.05259195963538,87,212,MODERATE
128,ENY4071,UAL1927,2.9765,91.4,2606.04,2689.86,25.994796752929688,-80.24351875737028,25.957155389300848,-80.20722022423377,55,183,MODERATE
129,FFT1737,UAL774,2.8398,15.2,3131.82,2613.6600000000003,28.351821899414062,-81.51770958533655,28.353424072265625,-81.51232205904444,20,149,CRITICAL
129,NKS1562,UAL774,2.1699,45.7,2766.06,2613.6600000000003,28.32294011520127,-81.53121050666363,28.353424072265625,-81.51232205904444,3,132,MODERATE
132,NKS797,UAL2662,2.7691,7.6,4381.5,4511.04,29.821701049804688,-94.7654782808744,29.79250115863348,-94.79493982651654,5,137,MODERATE
133,NKS1562,UAL774,2.8416,160.0,2819.4,2811.78,28.322479248046875,-81.5367243840144,28.359786987304688,-81.53022766113281,14,147,MODERATE
138,NKS352,UAL1956,1.7062,243.8,2910.84,1912.62,26.247848510742188,-80.14148064379424,26.25009155273437,-80.14443451503536,144,282,CRITICAL
139,AAL165,AAL2217,2.9695,99.1,3398.52,3299.46,25.62114133673199,-80.35789057893572,25.601356635659428,-80.30762294553358,1,140,MODERATE
140,NKS687,UAL1457,2.8531,45.7,3131.82,3116.5800000000004,29.851821899414062,-95.03348130446216,29.82033939684852,-95.07805319393384,42,182,MODERATE
141,NKS693,UAL1956,2.9834,373.4,2971.8,1973.58,26.25457763671875,-80.15972209426593,26.25173795021186,-80.14938354492188,157,298,CRITICAL
142,NKS797,UAL2105,2.338,708.7,5135.88,6065.52,29.782379150390625,-94.59946852463942,29.774734497070312,-94.5777071439303,3,145,HIGH
143,NKS1576,UAL774,2.0475,266.7,3131.82,3093.7200000000003,28.395721435546875,-81.60343463604266,28.36665344238281,-81.56038724459131,6,149,MODERATE
144,ENY3954,NKS939,2.9972,243.8,2697.48,2903.2200000000003,25.99127817962129,-80.21794245793268,25.972796941207623,-80.26891268216644,7,151,MODERATE
146,NKS797,UAL2105,2.1187,967.7,5608.320000000001,6309.360000000001,29.754002457958155,-94.4805908203125,29.76042666677701,-94.51500387752758,7,153,HIGH
150,NKS1576,UAL774,2.6366,426.7,3192.78,3619.5,28.393524169921875,-81.61310049203723,28.35329217425848,-81.63310331456802,1,151,MODERATE
151,NKS1708,NKS2801,2.7523,556.3,3070.86,2712.7200000000003,29.870132446289062,-95.03944983849158,29.82069396972656,-95.04753112792967,97,248,MODERATE
152,AAL1465,NKS2801,2.9835,221.0,3032.76,2727.96,29.855625993114405,-95.00502642463238,29.820618710275426,-95.04541733685664,14,166,MODERATE
155,FFT2284,FFT3378,0.5287,998.2,2247.9,3246.1200000000003,25.622956874006885,-80.36524934588738,25.625244140625,-80.37114461263019,125,280,CRITICAL
155,UAL2105,UAL2662,1.2467,312.4,7399.02,7086.6,29.704010009765625,-94.1916010929988,29.706619262695312,-94.21531677246094,1,156,HIGH
155,NKS1708,UAL759,1.8867,251.5,3116.5800000000004,2141.2200000000003,29.868667602539062,-95.03263620229863,29.82037353515625,-95.04584092360278,248,403,MODERATE
160,NKS1708,UAL1457,1.1564,998.2,3169.92,3246.1200000000003,29.867111206054688,-95.02518873948316,29.819412231445312,-95.04145695612982,255,415,MODERATE
163,NKS687,UAL759,2.3813,883.9,3261.36,2263.1400000000003,29.84490966796875,-94.99645526592548,29.81982732223252,-95.03292308134188,11,174,MODERATE
164,UAL1457,UAL759,0.4649,998.2,3276.6000000000004,2278.38,29.81922912597656,-95.03390385554388,29.8197807699947,-95.03125359030332,81,245,CRITICAL
167,AAL165,AAL714,2.9866,662.9,3665.22,3002.28,25.60249328613281,-80.30670166015625,25.61969821735964,-80.35846062426299,1,168,MODERATE
172,AAL165,FFT3378,2.9879,403.9,3756.66,3352.8,25.599929809570312,-80.29118855794269,25.61192321777344,-80.34474690755206,1,173,MODERATE
175,NKS687,UAL759,2.9979,906.8,3368.04,2461.26,29.838168903932733,-94.96097340303312,29.819129038665253,-95.01418169806988,1,176,MODERATE
179,NKS687,UAL759,2.9986,868.7,3383.28,2514.6,29.8370361328125,-94.95504525991583,29.81895446777344,-95.00870924729566,1,180,MODERATE
180,AAL1856,N453QS,2.9781,106.7,3634.74,3528.0600000000004,25.67542124602754,-79.93476147921581,25.692645574020126,-79.9863764924823,1,181,MODERATE
181,NKS687,UAL759,2.9918,838.2,3390.9,2552.7000000000003,29.83630681442002,-94.95127958409928,29.818817138671875,-95.00506474421576,1,182,MODERATE
186,NKS1171,NKS257,2.9701,845.8,3101.34,2103.12,26.22064105534957,-80.4894843468299,26.19200134277344,-80.45391730542451,18,204,MODERATE
188,NKS687,UAL1457,2.9915,83.8,3436.6200000000003,3520.44,29.83287048339844,-94.9329141470102,29.81773247153072,-94.98763140510113,1,189,MODERATE
191,NKS687,UAL1457,2.9517,129.5,3451.86,3543.3,29.8319091796875,-94.92794917179988,29.817352294921875,-94.9825638991136,9,200,MODERATE
195,AAL1465,UAL1457,2.9389,411.5,3322.32,3589.02,29.8399658203125,-94.92361802321216,29.8165283203125,-94.97427133413458,28,223,MODERATE
198,UAL2662,UAL413,1.1414,609.6,10058.4,10668.0,29.57324011851165,-91.93892535041364,29.5631103515625,-91.8915499173678,24,222,MODERATE
211,NKS3010,UAL2662,2.9917,609.6,10668.0,10058.4,29.540313720703125,-91.78305992713342,29.552215576171875,-91.83867821326623,1,212,MODERATE
215,NKS3010,UAL2662,2.9508,609.6,10668.0,10058.4,29.538162231445312,-91.77297152005708,29.549917447364937,-91.82782341452209,1,216,MODERATE
216,AAL165,AAL2217,2.9223,502.9,4160.52,4663.4400000000005,25.60176086425781,-80.180918375651,25.60400390625,-80.12700398763019,1,217,MODERATE
217,NKS3010,UAL2662,2.875,609.6,10668.0,10058.4,29.53706359863281,-91.76774245042066,29.54864501953125,-91.82167053222656,5,222,MODERATE
219,AAL165,AAL2217,2.985,594.4,4183.38,4701.54,25.60189819335937,-80.17567952473956,25.604049682617188,-80.12166341145831,132,351,MODERATE
220,AAL967,SHH3006,0.2474,998.2,2377.44,3375.6600000000003,25.65669250488281,-79.8775736490885,25.65903485831568,-79.88594487028303,33,253,CRITICAL
223,UAL2662,UAL413,2.9142,609.6,10058.4,10668.0,29.55834340240996,-91.86783734489892,29.54935882051112,-91.82599235983456,34,257,MODERATE
225,AAL967,TXG403,2.947,922.0,2423.1600000000003,3421.38,25.654861450195312,-79.87218221028644,25.648361206054688,-79.85310872395831,55,280,HIGH
226,AAL1465,UAL1457,2.9748,442.0,3558.54,3985.26,29.82667050119173,-94.85870361328124,29.80758408368644,-94.91180419921876,5,231,MODERATE
226,NKS3010,UAL2662,2.8327,609.6,10668.0,10058.4,29.531890869140625,-91.74312884990984,29.53837249238612,-91.7731610466452,909,1135,HIGH
227,NKS1171,NKS956,2.9784,388.6,3314.7000000000003,3703.32,26.24629133838718,-80.56263850285455,26.230137711864405,-80.51034780649036,1,228,MODERATE
229,NKS257,NKS956,1.284,990.6,2720.34,3718.56,26.22678595074153,-80.50094604492188,26.231185913085938,-80.5137202424823,60,289,CRITICAL
232,AAL1465,UAL1457,2.9962,457.2,3627.12,4084.32,29.82408142089844,-94.84607989971454,29.8055419921875,-94.89947979266827,1,233,MODERATE
246,UAL1457,UAL759,2.1419,617.2,4274.820000000001,3314.7000000000003,29.80092711367849,-94.87189797794116,29.800228830111227,-94.8699592141544,66,312,CRITICAL
249,AAL1465,NKS1708,2.8853,15.2,4008.12,4023.36,29.809632382150426,-94.7750674977022,29.82403564453125,-94.82791020320012,1,250,MODERATE
251,AAL1465,NKS1708,2.9962,7.6,4046.22,4038.6,29.808380126953125,-94.768805870643,29.823132531117583,-94.82375201056988,1,252,MODERATE
252,FFT1737,UAL1630,2.9518,617.2,4876.8,3878.58,28.3865770242982,-81.70505299287686,28.397735595703125,-81.67368375338037,52,304,HIGH
253,AAL1465,NKS1708,2.7503,38.1,4061.46,4061.46,29.807647705078125,-94.7652141864483,29.822296142578125,-94.81977609487676,24,277,MODERATE
254,AAL2230,UAL1795,2.9802,495.3,4191.0,3710.94,25.91348939022776,-80.39916405310998,25.94407421047405,-80.35532437838037,2,256,MODERATE
255,NKS1708,NKS2801,2.9855,640.1,4076.7,3436.6200000000003,29.821456650556144,-94.81572768267466,29.799957275390625,-94.86752436711237,2,257,MODERATE
257,NKS272,UAL413,2.927,609.6,11277.6,10668.0,29.54095458984375,-91.78686288686896,29.5294189453125,-91.73113896296576,2,259,MODERATE
260,NKS272,UAL413,2.9585,609.6,11277.6,10668.0,29.53944396972656,-91.77967951847955,29.52803789559057,-91.72458424287686,1,261,MODERATE
261,AJT8313,SHH3006,0.9702,998.2,4808.22,3810.0,25.6298000529661,-79.7973805553508,25.63506045583951,-79.8143264482606,1,262,CRITICAL
262,NKS2801,UAL1457,0.7877,998.2,3467.1000000000004,4465.320000000001,29.79798889160156,-94.85468937800482,29.795713263042902,-94.8398006663603,1,263,CRITICAL
263,NKS272,UAL413,2.9486,609.6,11277.6,10668.0,29.537887573242188,-91.77233769343452,29.526408567266948,-91.71672147863052,3,266,MODERATE
271,ENY3954,UAL2311,2.9839,76.2,3802.38,3878.58,25.9915574930482,-80.43201739971454,25.9983541197696,-80.37724421574518,1,272,MODERATE
273,NKS1708,NKS2801,2.8702,830.6,4236.72,3512.82,29.81332397460937,-94.77752098670372,29.793944278005824,-94.82838350183825,28,301,MODERATE
274,ENY3954,UAL2311,2.9671,76.2,3848.1,3924.3,25.98980712890625,-80.43671230100233,25.9983541197696,-80.38284301757812,2,276,MODERATE
277,ENY3954,UAL2311,2.9045,99.1,3878.58,3970.02,25.987518310546875,-80.44199817585496,25.99830756753178,-80.3887059138371,6,283,MODERATE
282,N453QS,SHH3006,2.996,678.2,4754.88,4076.7,25.63994844081038,-79.8280075361144,25.62263100834216,-79.77706621278008,8,290,MODERATE
283,NKS352,UAL1956,2.8615,998.2,3886.2,3627.12,26.28781593452065,-80.39462162898138,26.31411794888771,-80.38141690767725,86,369,HIGH
283,NKS2012,NKS352,2.9861,449.6,3436.6200000000003,3886.2,26.283370971679688,-80.39489170290386,26.28781593452065,-80.39462162898138,151,434,CRITICAL
283,NKS352,NKS693,2.9762,746.8,3886.2,3078.48,26.28781593452065,-80.39462162898138,26.292388916015625,-80.42515592755012,333,616,HIGH
288,ENY3954,UAL2311,2.9494,91.4,4015.74,4107.18,25.97676086425781,-80.46013598172169,25.99639892578125,-80.41004474346454,1,289,MODERATE
292,AJT8541,SHH3006,1.5112,861.1,4541.52,4221.4800000000005,25.63282594842426,-79.80639763598174,25.61597403833421,-79.75721827093162,12,304,MODERATE
292,ENY3954,UAL2311,2.9538,190.5,4053.84,4152.900000000001,25.9720458984375,-80.46661376953125,25.994888305664062,-80.41733075987617,15,307,MODERATE
292,AAL1341,AAL3149,2.9843,449.6,4716.780000000001,4267.2,18.799346923828125,-66.30631583077565,18.828826904296875,-66.34859357561385,1,293,MODERATE
294,UAL1019,UAL1058,2.9989,556.3,4770.12,4213.860000000001,21.475845336914062,-86.851318359375,21.445405604475635,-86.89387003580725,1,295,MODERATE
296,AAL368,AJT8541,2.4348,739.1,4655.820000000001,4800.6,25.60577909825212,-79.7255548441185,25.621353149414062,-79.7722880045573,9,305,MODERATE
296,AAL1856,AJT8541,2.9821,15.2,4823.46,4800.6,25.604049682617188,-79.72035725911456,25.621353149414062,-79.7722880045573,3,299,MODERATE
297,UAL1019,UAL1058,2.7851,327.7,4800.6,4244.34,21.48171634997352,-86.85251871744788,21.4508056640625,-86.89453125,100,397,MODERATE
298,AAL1341,AAL3149,2.9861,388.6,4762.5,4366.26,18.80580061573093,-66.3150246360085,18.835454391220868,-66.35717218572444,2,300,MODERATE
300,AAL1856,AJT8541,2.1554,594.4,4861.56,4861.56,25.601729053561968,-79.7132211361291,25.61851501464844,-79.7637939453125,5,305,MODERATE
302,AJT8313,AJT8541,1.8352,22.9,5455.92,5204.46,25.59759521484375,-79.70438639322913,25.601775605799787,-79.71348024764151,3,305,CRITICAL
302,AAL1613,AJT8541,0.1407,769.6,4709.16,5204.46,25.586837768554688,-79.67015584309894,25.601775605799787,-79.71348024764151,3,305,MODERATE
303,NKS1708,NKS2801,2.7243,823.0,4549.14,3741.42,29.797715009269066,-94.70317167394302,29.782026905124468,-94.75142535041364,41,344,MODERATE
303,NKS257,UAL2162,2.9977,464.8,3429.0,3352.8,26.259093203787074,-80.60272803673377,26.21131896972656,-80.59015813863499,92,395,MODERATE
306,NKS2801,UAL759,2.5696,670.6,3802.38,4472.9400000000005,29.780044555664062,-94.7384878305288,29.771087129237287,-94.68486112706802,6,312,MODERATE
308,ENY3954,UAL2311,0.8244,998.2,4168.14,4373.88,25.95501708984375,-80.48977833873818,25.98392292604608,-80.4464369553786,241,549,MODERATE
312,AAL1465,UAL759,2.9293,274.3,4899.66,4739.64,29.776254427635063,-94.61188821231616,29.764802577131885,-94.64140050551472,22,334,HIGH
322,NKS272,UAL413,2.9208,609.6,11277.6,10668.0,29.503463745117188,-91.6094970703125,29.49195991128178,-91.55391917509188,2,324,MODERATE
326,NKS272,UAL413,2.9441,609.6,11277.6,10668.0,29.5003858663268,-91.5948486328125,29.489044189453125,-91.540040236253,1,327,MODERATE
328,NKS272,UAL413,2.9579,609.6,11277.6,10668.0,29.499298095703125,-91.58974280724158,29.488082885742188,-91.5354978121244,270,598,MODERATE
329,AAL2541,AAL2733,2.9806,38.1,1805.94,1767.84,25.76284634864936,-80.80978105653008,25.748748779296875,-80.86263020833331,1,330,MODERATE
333,AAL2541,AAL2733,2.9952,38.1,1805.94,1767.84,25.761520385742188,-80.81466674804688,25.747329711914062,-80.86776733398438,1,334,MODERATE
335,AAL1465,UAL759,2.9275,259.1,5326.38,5059.68,29.75819215936176,-94.52399758731616,29.756011962890625,-94.58008399376502,3,338,MODERATE
336,AAL2541,AAL2733,2.9764,38.1,1805.94,1767.84,25.760513305664062,-80.8184814453125,25.74627685546875,-80.87158203125,3,339,MODERATE
340,ENY3954,UAL1795,2.8216,556.3,4450.08,4632.96,25.920565330376057,-80.53712698129505,25.880859375,-80.50371853810435,329,669,MODERATE
345,NKS1708,NKS2801,2.9519,830.6,5090.16,4259.58,29.77001953125,-94.57078786996692,29.763080144332623,-94.62685977711396,1,346,MODERATE
346,ENY4071,UAL1795,2.813,586.7,4724.400000000001,4716.780000000001,25.905303955078125,-80.55911657945165,25.87657346563824,-80.51367539625898,146,492,MODERATE
347,NKS1708,NKS2801,2.9528,472.4,5105.400000000001,4282.4400000000005,29.76917848748676,-94.56675809972428,29.76242841300317,-94.62249755859376,112,459,MODERATE
357,NKS2801,UAL759,2.6267,944.9,4556.76,5387.34,29.750885009765625,-94.54242412860576,29.74658203125,-94.51532804048976,69,426,HIGH
358,FFT2284,FFT3378,2.9813,716.3,4495.8,5494.02,25.60801360566737,-79.9818161298644,25.607967053429554,-79.98264528670398,189,547,CRITICAL
358,SHH3006,TXG403,2.9991,15.2,4899.66,4884.42,25.57081836765095,-79.6266778909935,25.551910400390625,-79.57611083984375,2,360,MODERATE
358,UAL1457,UAL759,2.531,579.1,5913.12,5394.96,29.75437487586069,-94.56982780905332,29.746261596679688,-94.51310964731069,50,408,MODERATE
361,SHH3006,TXG403,2.9507,15.2,4922.52,4907.280000000001,25.568909725900426,-79.62149566074584,25.550079345703125,-79.5711771647135,1,362,MODERATE
363,SHH3006,TXG403,2.5693,61.0,4953.0,4937.76,25.5673828125,-79.61746215820312,25.54829406738281,-79.56654866536456,16,379,MODERATE
372,AAL1341,AAL3149,2.9899,68.6,5334.0,5257.8,18.8881049721928,-66.42473810369319,18.918550135725635,-66.46593683416194,2,374,MODERATE
375,FFT1737,UAL1692,2.4973,998.2,6339.84,5394.96,28.42144775390625,-81.89515333909253,28.453193276615465,-81.85186049517466,13,388,MODERATE
376,FFT1737,UAL1739,2.3978,998.2,6347.46,5379.72,28.42172241210937,-81.8966850867638,28.453007067664192,-81.85245289522061,17,393,MODERATE
378,AAL1341,AAL3149,2.9948,53.3,5379.72,5326.38,18.894927978515625,-66.43388475690568,18.926055908203125,-66.47508348737443,1,379,MODERATE
378,ENY4071,UAL2311,2.9962,289.6,4899.66,5189.22,25.875274658203125,-80.60150722287733,25.906460002317267,-80.5582017164964,1,379,MODERATE
379,AAL1856,AJT8313,2.9834,754.4,5806.4400000000005,6553.200000000001,25.544265747070312,-79.5587158203125,25.513978085275426,-79.51525994066924,2,381,MODERATE
380,ENY4071,UAL2311,2.9367,358.1,4899.66,5196.84,25.87322170451536,-80.60441824106067,25.90415954589844,-80.56144858306305,13,393,MODERATE
381,AAL1341,AAL3149,2.9295,83.8,5410.2,5349.240000000001,18.898727416992188,-66.43903459821428,18.929718017578125,-66.47930145263672,19,400,MODERATE
382,UAL1563,UAL1927,2.9735,358.1,5280.66,5638.8,26.194244384765625,-80.52444745909492,26.243453979492188,-80.5306661353921,1,383,MODERATE
385,UAL1563,UAL1927,2.9958,464.8,5303.52,5684.52,26.19876150357521,-80.52703857421875,26.24731548761917,-80.53501422588641,91,476,MODERATE
386,AAL972,AAL987,2.8777,91.4,6096.0,6080.76,18.909988403320312,-70.29263632638111,18.87460327148437,-70.32942090715682,337,723,MODERATE
391,AAL1613,TXG403,1.885,114.3,6286.5,6172.200000000001,25.47198486328125,-79.35765584309894,25.44061175847457,-79.35896387640035,1,392,HIGH
393,UAL1795,UAL2311,2.9237,746.8,5212.08,5273.04,25.841426526085804,-80.59633695162256,25.889373779296875,-80.58238479326354,271,664,MODERATE
394,ENY4071,UAL2311,1.9541,998.2,4899.66,5288.280000000001,25.857068077992583,-80.62723599947412,25.88804626464844,-80.58419857385024,51,445,MODERATE
394,AAL368,AJT8313,2.9959,929.6,5890.26,6819.900000000001,25.515792846679688,-79.51604207356769,25.48930539923199,-79.46918991376765,1,395,MODERATE
396,NKS257,UAL2162,2.9645,472.4,3939.54,4411.9800000000005,26.310440322100103,-80.76324462890625,26.27288818359375,-80.72748724019749,1,397,MODERATE
400,AAL368,AJT8313,2.9221,922.0,5974.08,6896.1,25.508857339115465,-79.50043876216097,25.48195014565678,-79.45550882591391,1,401,MODERATE
402,AAL368,AJT8313,0.7742,678.2,6019.8,6926.58,25.50462108547405,-79.49090345850527,25.479343220338983,-79.45063752948113,19,421,MODERATE
404,AAL1341,AAL3149,2.9303,99.1,5646.42,5562.6,18.92559814453125,-66.4742006574358,18.9609375,-66.51118142264227,2,406,MODERATE
407,AAL1341,AAL3149,2.9972,91.4,5684.52,5593.08,18.92939680713718,-66.47862104936075,18.9650092690678,-66.51527543501419,2,409,MODERATE
411,AAL1341,AAL3149,2.9981,91.4,5722.62,5631.18,18.934424448821503,-66.4842140891335,18.97045588089248,-66.52076859907669,1,412,MODERATE
415,UAL1457,UAL759,0.6833,685.8,6896.1,6278.88,29.72080993652344,-94.33933551494891,29.716621010990465,-94.30588666130518,11,426,HIGH
415,AAL1856,AJT8313,1.6908,579.1,6362.700000000001,7101.84,25.499679565429688,-79.44625854492188,25.46123439982786,-79.41695303287145,4,419,MODERATE
415,AAL1856,AAL368,1.491,68.6,6362.700000000001,6377.9400000000005,25.499679565429688,-79.44625854492188,25.4725341796875,-79.41884358723959,4,419,MODERATE
419,UAL2105,UAL723,2.6488,609.6,10668.0,11277.6,29.61639404296875,-92.1469292273888,29.6063232421875,-92.09918095515326,935,1354,MODERATE
426,AAL1465,UAL759,1.4401,30.5,6705.6,6576.06,29.70144498146186,-94.16882683249082,29.70679848881091,-94.21573414522058,22,448,MODERATE
428,NKS1564,UAL2215,2.4541,998.2,5242.56,6233.160000000001,25.777184437897244,-80.85268992298052,25.82441711425781,-80.83587646484375,14,442,MODERATE
429,UAL1457,UAL759,2.5977,518.2,7231.38,6637.02,29.709503173828125,-94.23839862530048,29.7049363992982,-94.19887767118564,20,449,MODERATE
430,AAL1341,AAL3149,0.7768,411.5,6332.22,5920.740000000001,19.01573181152344,-66.56689780099052,19.00648731296345,-66.55732310901988,1,431,CRITICAL
430,AAL1014,AAL1341,0.2562,541.0,5791.200000000001,6332.22,19.01875305175781,-66.57008579799106,19.01573181152344,-66.56689780099052,1,431,CRITICAL
430,AAL368,AJT8313,0.8215,838.2,7040.88,7673.34,25.39398193359375,-79.26712036132812,25.402532027939618,-79.30672699550414,9,439,MODERATE
435,N453QS,SHH3006,2.8383,975.4,6835.14,5859.780000000001,25.517795368776483,-79.49909138229657,25.505505577992583,-79.4485128150796,1,436,MODERATE
444,NKS1564,UAL2215,2.3031,998.2,5387.34,6385.56,25.79059148238877,-80.8868408203125,25.8270263671875,-80.87351481119788,1,445,MODERATE
446,NKS1708,UAL496,2.227,624.8,6012.18,6256.02,29.718529652741,-94.3227969898897,29.72987365722656,-94.37113248384917,60,506,MODERATE
449,NKS693,UAL2162,2.6317,327.7,4922.52,5135.88,26.34055961996821,-80.76757577749396,26.31092834472656,-80.81159483711673,273,722,MODERATE
459,AAL1026,AAL1821,2.9879,746.8,7940.04,7094.22,19.014450073242188,-70.40142059326172,19.060813774496825,-70.38386119495738,147,606,MODERATE
460,AAL1465,UAL759,2.1339,83.8,9989.82,9906.0,29.67286190744173,-92.8857421875,29.67347717285156,-92.92664161095252,1,461,MODERATE
460,ENY4071,UAL2311,2.1367,998.2,5067.3,6065.52,25.784683227539062,-80.73623657226562,25.80404663085937,-80.70307413736975,1,461,MODERATE
476,ENY4071,UAL2311,2.2798,967.7,5303.52,6271.26,25.77318094544492,-80.77267628795693,25.7877983481197,-80.73375773879718,1,477,MODERATE
477,UAL1563,UAL1927,2.9381,472.4,6103.62,6576.06,26.33986133640095,-80.62438377967248,26.36997985839844,-80.66742519162733,1,478,MODERATE
479,UAL1563,UAL1927,2.9634,472.4,6111.240000000001,6591.3,26.342742919921875,-80.62669286188088,26.37314618644068,-80.67081157977765,4,483,MODERATE
482,AAL1465,UAL759,2.9319,609.6,10668.0,10058.4,29.6583841614804,-92.35430549172791,29.64837543034957,-92.30201272403492,2,484,MODERATE
483,ENY4071,UAL2311,2.9776,906.8,5463.54,6370.320000000001,25.765777587890625,-80.799814860026,25.781890869140625,-80.74773152669269,1,484,MODERATE
488,NKS956,UAL2162,2.9517,914.4,6499.860000000001,5577.84,26.362380981445312,-80.92176905218162,26.33843994140625,-80.87326337706367,4,492,MODERATE
490,ENY4071,NKS939,1.8923,457.2,5593.08,5524.5,25.75828422934321,-80.82719335016213,25.743992692333155,-80.8786528965212,13,503,MODERATE
498,NKS956,UAL2162,2.9931,899.2,6576.06,5676.900000000001,26.37171936035156,-80.93633111917745,26.345672607421875,-80.88953558004124,2,500,MODERATE
499,ENY3689,UAL1563,2.9235,358.1,5966.46,6301.740000000001,26.33638000488281,-80.68805046801299,26.37318420410156,-80.650634765625,72,571,MODERATE
500,AAL1821,AAL987,2.8944,457.2,7399.02,6934.200000000001,19.129714965820312,-70.43467385428289,19.080179505429022,-70.43519731001419,3,503,MODERATE
501,ENY4071,NKS1846,2.1427,7.6,6073.14,6469.38,25.72998046875,-80.93093872070312,25.720297603283896,-80.96545525316924,27,528,HIGH
502,UAL2247,UAL584,2.9567,373.4,6461.76,6835.14,28.28466796875,-81.94696866548975,28.273641295352224,-82.00146843405332,1,503,MODERATE
503,NKS956,UAL2162,2.9935,906.8,6621.780000000001,5722.62,26.377212524414062,-80.9426534400796,26.348845918299787,-80.89682358961835,4,507,MODERATE
504,AAL1821,AAL987,2.9078,472.4,7421.88,6964.68,19.136135295286017,-70.43939208984375,19.08665026648569,-70.43854314630681,149,653,MODERATE
509,NKS956,UAL2162,2.9709,891.5,6690.360000000001,5783.58,26.384307861328125,-80.95001220703125,26.353912353515625,-80.90710334058076,10,519,MODERATE
510,AAL1465,UAL496,2.6554,0.0,10668.0,10668.0,29.63999602754237,-92.2613525390625,29.651046752929688,-92.3124107947716,3,513,MODERATE
511,FFT3470,UAL2245,2.986,472.4,11132.82,10668.0,30.24755859375,-92.22855511833644,30.252809686175848,-92.17188720703126,2,513,MODERATE
513,NKS210,UAL1927,2.4212,213.4,7505.700000000001,7719.06,26.559310913085938,-80.9344655162883,26.58519162970074,-80.89988708496094,1,514,MODERATE
514,AAL1465,UAL496,2.974,0.0,10668.0,10668.0,29.636364952992583,-92.24347282858456,29.64784240722656,-92.29698768028844,414,928,MODERATE
514,NKS352,UAL2162,2.9773,0.0,5882.64,5836.92,26.353128724179022,-80.86006164550781,26.35806326138771,-80.91451791616583,454,968,MODERATE
526,NKS956,UAL2162,2.9777,845.8,6842.76,5996.9400000000005,26.406234741210938,-80.97260673091097,26.371004783501057,-80.9336383526142,1,527,MODERATE
527,AAL1821,AAL972,2.9423,457.2,7589.52,7124.700000000001,19.175239175052965,-70.46820623224431,19.13008117675781,-70.45174189976285,9,536,MODERATE
538,AAL1821,AAL972,2.9873,464.8,7665.72,7200.900000000001,19.193487652277543,-70.481689453125,19.1470750711732,-70.46401145241475,4,542,MODERATE
546,NKS956,UAL2162,2.9837,754.4,7010.400000000001,6256.02,26.4304985434322,-80.99786611703723,26.39442055912341,-80.95978370079627,2,548,MODERATE
551,NKS956,UAL2162,2.9985,731.5,7056.120000000001,6332.22,26.437388274629235,-81.00510230431189,26.40182236493644,-80.96760089580829,3,554,MODERATE
555,NKS1847,UAL2657,2.9554,609.6,10668.0,10058.4,28.95977783203125,-90.54472116323616,28.9518608481197,-90.48846076516544,2,557,MODERATE
555,NKS956,UAL2162,2.9319,678.2,7086.6,6377.9400000000005,26.442535400390625,-81.0104888340212,26.406280517578125,-80.97234761939859,7,562,MODERATE
558,NKS1847,UAL2657,2.2515,609.6,10668.0,10058.4,28.958267211914062,-90.53780188927284,28.950324624271715,-90.48145967371325,410,968,MODERATE
563,NKS956,UAL2162,2.9656,670.6,7139.9400000000005,6461.76,26.4517822265625,-81.02023142688677,26.415648379568324,-80.98228454589844,2,565,MODERATE
569,NKS956,UAL2162,2.9942,533.4,7162.8,6515.1,26.459518432617188,-81.02841935067806,26.423355102539062,-80.99043360296287,13,582,MODERATE
578,NKS1846,NKS939,2.7283,975.4,7078.9800000000005,6217.92,25.67802817134534,-81.11993753685141,25.691940307617188,-81.06877644856769,100,678,MODERATE
583,NKS956,UAL2162,2.9685,502.9,7200.900000000001,6675.12,26.47714233398437,-81.04707537956955,26.44162452827065,-81.00980318509613,5,588,MODERATE
584,UAL1630,UAL774,0.2829,502.9,7513.320000000001,6995.160000000001,28.201583862304688,-82.37828768216644,28.20208740234375,-82.37691439115082,2,586,CRITICAL
586,NKS1562,UAL774,2.1322,434.3,6934.200000000001,7368.54,28.208221435546875,-82.48656639685998,28.17713928222656,-82.50605656550482,1,587,MODERATE
597,NKS956,UAL2162,2.9979,442.0,7246.620000000001,6804.660000000001,26.495635986328125,-81.06656056530068,26.459243774414062,-81.02836752837555,1,598,MODERATE
599,NKS272,UAL413,2.9513,609.6,11277.6,10668.0,29.342899645789192,-90.86258832146144,29.331710815429688,-90.8101888803335,5,604,MODERATE
601,NKS956,UAL2162,2.901,434.3,7261.860000000001,6858.0,26.50117492675781,-81.07241648548052,26.465057373046875,-81.03448256006777,57,658,MODERATE
602,UAL1019,UAL1020,2.8799,213.4,2103.12,1165.86,29.884162514896715,-95.19572538488052,29.89570746987553,-95.25011848000918,38,640,MODERATE
603,NKS2012,NKS257,2.9587,449.6,6606.54,6050.280000000001,26.56466209282309,-81.06521019568811,26.52341681011653,-81.0955810546875,107,710,MODERATE
605,NKS272,UAL413,2.9675,609.6,11277.6,10668.0,29.33940822795286,-90.8466473747702,29.32759094238281,-90.79127971942609,333,938,MODERATE
608,UAL1019,UAL1058,2.7858,15.2,2049.78,1889.76,29.885284423828125,-95.20873436560998,29.886932373046875,-95.1710216815655,41,649,HIGH
610,AAL1026,AAL1821,2.9983,746.8,8915.4,8161.02,19.281052411612816,-70.53891823508519,19.31822204589844,-70.57371956961492,3,613,MODERATE
610,UAL1020,UAL1058,2.7355,259.1,1264.92,1836.42,29.88935852050781,-95.24042569673976,29.89073181152344,-95.19885723407452,24,634,MODERATE
620,NKS352,NKS693,2.9739,746.8,6850.38,6096.0,26.469602423199152,-81.03843102088342,26.505203247070312,-81.07604404665386,3,623,MODERATE
622,NKS257,NKS956,2.9877,609.6,6332.22,7322.820000000001,26.548553466796875,-81.12221771816036,26.52783927270921,-81.10044039212738,391,1013,HIGH
624,NKS352,NKS693,2.954,739.1,6880.860000000001,6141.72,26.47504903502384,-81.04418827937201,26.510801153667902,-81.0819537823017,1,625,MODERATE
628,NKS352,NKS693,2.9972,723.9,6911.34,6179.820000000001,26.4810791015625,-81.05059929613799,26.51736501920021,-81.08887305626502,2,630,MODERATE
637,AAL2230,UAL2311,2.4081,998.2,8587.74,8008.620000000001,25.667404174804688,-81.15926106770831,25.68177795410156,-81.10697428385413,195,832,MODERATE
639,NKS352,NKS693,2.9826,708.7,6979.92,6278.88,26.4964165121822,-81.06690040001502,26.532494496491,-81.10487717848554,2,641,MODERATE
645,NKS257,NKS693,2.9191,266.7,6591.3,6324.6,26.57783637612553,-81.15325927734375,26.542144775390625,-81.11501441811612,3,648,MODERATE
646,UAL1692,UAL1739,2.9721,502.9,7764.780000000001,7383.780000000001,28.43316650390625,-82.40263718825116,28.435958862304688,-82.43179321289062,40,686,HIGH
650,NKS257,NKS693,2.9537,213.4,6629.400000000001,6355.08,26.585037231445312,-81.16087715580778,26.549532615532307,-81.12283559945911,141,791,MODERATE
654,AAL1821,AAL987,2.992,480.1,8481.060000000001,8008.620000000001,19.401580810546875,-70.63537052699496,19.378326416015625,-70.5888257707868,2,656,MODERATE
662,NKS1708,UAL496T,2.9011,0.0,10660.38,10614.66,29.635899430614405,-92.50434426700366,29.665879071769066,-92.53838034237133,12,674,MODERATE
664,NKS1336,UAL1019,2.9195,708.7,1005.84,1805.94,29.903155827926376,-95.2605662626379,29.89184363413665,-95.2927174287684,7,671,HIGH
679,ENY3954,NKS939,2.941,365.8,7216.14,6835.14,25.65325927734375,-81.24038696289062,25.66941600734905,-81.29136571344338,2,681,MODERATE
683,ENY3954,NKS939,2.8637,807.7,7239.0,6880.860000000001,25.65456584348517,-81.25120342902414,25.672760009765625,-81.29964192708331,294,977,MODERATE
693,NKS1336,UAL1020,2.9178,381.0,1767.84,2446.02,29.855987548828125,-95.18728989821216,29.82701110839844,-95.14080927922174,97,790,MODERATE
786,NKS693,NKS956,2.9461,937.3,7269.48,8244.84,26.799238819186968,-81.38777512770429,26.770660400390625,-81.3574391491008,8,794,MODERATE
800,AAL2230,UAL1795,2.9453,632.5,9144.0,8488.68,25.76206970214844,-81.49175008138019,25.73552018505032,-81.4471435546875,3,803,MODERATE
804,AAL2230,UAL1795,2.9891,548.6,9144.0,8526.78,25.76629121424788,-81.50062417084314,25.738918498411017,-81.45491690005895,9,813,MODERATE
811,AAL1821,AAL972,1.001,274.3,10187.94,9974.58,19.876190185546875,-70.9881591796875,19.89605712890625,-71.00959232875277,13,824,HIGH
817,AAL2230,ENY3954,2.9474,952.5,9144.0,8145.780000000001,25.78170000496557,-81.5332203991008,25.79557257183528,-81.58317709868805,7,824,MODERATE
834,ENY3954,NKS1846,2.9,708.7,8282.94,8846.82,25.81626892089844,-81.63035074869788,25.848175048828125,-81.67262239276238,162,996,MODERATE
843,NKS1171,NKS2012,1.0473,762.0,8526.78,9288.78,27.206954956054688,-81.82503178434553,27.173858642578125,-81.78854888340209,12,855,MODERATE
845,AAL2230,UAL1795,2.994,228.6,9144.0,8915.4,25.806427001953125,-81.585693359375,25.77685857223252,-81.54109738907721,1,846,MODERATE
847,AAL2230,UAL1795,2.9775,213.4,9144.0,8930.640000000001,25.807891845703125,-81.58884684244788,25.77839479608051,-81.54456948334314,1,848,MODERATE
850,AAL2230,UAL1795,2.924,121.9,9144.0,8953.5,25.810702049126057,-81.59473347214032,25.78111267089844,-81.55075073242188,9,859,MODERATE
856,NKS1171,NKS2012,1.3958,754.4,8602.98,9357.36,27.227333198159428,-81.84703533466046,27.24449157714844,-81.86467584573995,1,857,HIGH
870,NKS257,NKS352,2.9838,411.5,8046.72,8458.2,26.881263862221928,-81.47592984713037,26.84541320800781,-81.43734913951943,1,871,MODERATE
873,NKS257,NKS352,2.9974,632.5,8069.580000000001,8488.68,26.88514709472656,-81.48005071675999,26.851144564353813,-81.44349905160755,123,996,MODERATE
879,AAL2541,NKS939,2.4763,990.6,7063.740000000001,7863.84,25.88085627151748,-81.77715594951923,25.87191824185646,-81.7237032376803,387,1266,MODERATE
882,NKS271,NKS939,2.7361,312.4,6941.820000000001,7879.080000000001,25.86776733398437,-81.71594583763267,25.876899331302965,-81.73431983360877,46,928,HIGH
886,AAL2541,NKS271,2.979,373.4,7117.08,7033.26,25.886349435579977,-81.78977966308594,25.878570556640625,-81.73900676223468,44,930,MODERATE
889,UAL496,UAL759,2.9674,609.6,10668.0,10058.4,29.436813354492188,-91.27282949594348,29.42036256951801,-91.21932085822613,1,890,MODERATE
891,NKS2012,UAL2261,2.9599,0.0,10363.2,10363.2,27.36498816538665,-82.3325465275691,27.37457792637712,-82.38705561711237,2,893,MODERATE
892,UAL496,UAL759,2.9977,609.6,10668.0,10058.4,29.43516540527344,-91.26490666316109,29.41854703224311,-91.21081183938418,2,894,MODERATE
895,NKS2012,UAL2261,2.9267,0.0,10363.2,10363.2,27.3665771484375,-82.3411819170106,27.37620725470074,-82.39598200871393,2,897,MODERATE
895,UAL496,UAL759,2.9747,0.0,10668.0,10058.4,29.433563232421875,-91.2569838303786,29.41691770391949,-91.2033260569853,534,1429,MODERATE
898,NKS2012,UAL2261,0.7173,0.0,10363.2,10363.2,27.373443603515625,-82.37802757407133,27.37738037109375,-82.40243587853774,299,1197,HIGH
906,NKS352,NKS956,2.9074,579.1,8656.32,9113.52,26.90611267089844,-81.50228248452237,26.94223022460937,-81.54032005454008,170,1076,MODERATE
921,AAL3149,FFT2284,2.9924,312.4,10965.18,11285.22,22.28553384037341,-72.50172932942706,22.32806396484375,-72.49458451704544,8,929,MODERATE
924,AAL2230,ENY3954,2.8868,449.6,9144.0,8686.800000000001,25.90338134765625,-81.7927464899027,25.91111522609905,-81.84687687800482,2,926,MODERATE
925,ENY3954,NKS271,2.6789,922.0,8694.42,7749.54,25.911953166379767,-81.84872553898737,25.946820792505296,-81.88506493201623,3,928,MODERATE
929,AAL1465,UAL496,2.9577,0.0,10668.0,10668.0,29.422085002317267,-91.22691434972428,29.4158935546875,-91.1712287454044,3,932,MODERATE
929,AAL2230,ENY3954,2.7513,251.5,9144.0,8724.9,25.91339628575212,-81.81418198805585,25.919122211003707,-81.86525785006006,74,1003,MODERATE
939,NKS272,UAL413,2.9938,609.6,11277.6,10668.0,29.13890773967161,-90.00791661879595,29.14398193359375,-89.95108971228967,5,944,MODERATE
939,AAL2230,NKS939,2.8752,952.5,9144.0,8145.780000000001,25.92913094213453,-81.84798607459436,25.94179315082097,-81.87307504507208,19,958,HIGH
942,AAL2230,NKS1846,2.9675,381.0,9144.0,9525.0,25.931900024414062,-81.85389680682488,25.95543295650159,-81.90223106971155,1,943,MODERATE
944,AAL2230,NKS1846,2.6847,998.2,9144.0,9540.24,25.9368896484375,-81.8646240234375,25.957763671875,-81.90727377837555,82,1026,MODERATE
951,NKS257,UAL2162,2.9691,647.7,8519.16,8877.300000000001,26.984377068988348,-81.5862156794621,26.94854736328125,-81.5479379330041,64,1015,MODERATE
959,AAL2230,NKS939,2.9856,952.5,9144.0,8191.5,25.98452810513771,-81.96667010967548,25.96232268769862,-81.91717881422773,1,960,MODERATE
961,NKS693,UAL1956,1.1327,990.6,8587.74,8557.26,27.20516967773437,-81.8225961361291,27.239390227754235,-81.78212092472955,340,1301,MODERATE
963,AAL2230,NKS939,2.9681,937.3,9144.0,8206.74,25.98847961425781,-81.97516099461967,25.967164120431672,-81.92753131573016,3,966,MODERATE
967,NKS1336,UAL1020,2.9064,998.2,7025.64,6027.42,29.20468139648437,-94.83990009014424,29.212554931640625,-94.78517972506006,1,968,MODERATE
967,AAL2230,NKS939,2.9639,929.6,9144.0,8214.36,25.99355923927436,-81.98605464054987,25.97135382183528,-81.93651052621692,2,969,MODERATE
979,AAL2541,ENY3954,2.3864,998.2,8077.200000000001,9067.8,25.96995725470074,-81.98124812199518,25.98666950807733,-82.02028127817005,3,982,MODERATE
981,UAL1795,UAL2311,1.0838,998.2,10279.38,11277.6,25.910934448242188,-81.84612346145343,25.92503434520657,-81.87914921687201,22,1003,HIGH
984,NKS1847,NKS1904,1.2,609.6,10668.0,11277.6,28.646026611328125,-89.15310199444112,28.665298461914062,-89.15928180401141,4,988,HIGH
986,AAL2230,NKS939,2.9924,861.1,9144.0,8282.94,26.012191772460938,-82.02589502874412,25.98992816472457,-81.97628314678485,1,987,MODERATE
988,AAL2230,NKS939,2.9585,853.4,9144.0,8290.560000000001,26.014068603515625,-82.02993716833726,25.9920695676642,-81.98087838979865,1,989,MODERATE
1034,ENY3954,NKS271,2.9676,259.1,9715.5,9067.8,26.08549990896451,-82.24814194899335,26.127769340903072,-82.27423447829023,237,1271,MODERATE
1084,NKS956,UAL2162,2.9931,426.7,9144.0,9570.72,27.163375854492188,-81.79844694317512,27.13764953613281,-81.75045949108193,1,1085,MODERATE
1088,NKS956,UAL2162,2.9714,594.4,9144.0,9593.58,27.165206909179688,-81.8050801978921,27.14218139648437,-81.75533078751471,24,1112,MODERATE
1091,NKS272,NKS3010,0.2862,624.8,11292.84,10668.0,28.955886840820312,-89.52093271108771,28.937164306640625,-89.47064913236176,4,1095,MODERATE
1101,NKS272,UAL774,2.6955,914.4,11277.6,10363.2,28.874313354492188,-89.30590702937201,28.833572387695312,-89.32502746582031,2,1103,MODERATE
1130,AAL972,AJT862,2.9772,609.6,10363.2,10972.8,20.434066772460938,-71.42197200230191,20.401052701271187,-71.38211891867894,143,1273,MODERATE
1137,NKS1904,UAL2662,0.3969,0.0,11277.6,11277.6,28.37022399902344,-87.98902658315802,28.37065615896451,-88.00134995404412,6,1143,CRITICAL
1142,ENY3814,NKS1847,2.4989,0.0,10668.0,10668.0,28.259629071769066,-87.6103120691636,28.246175475039724,-87.56485882927393,17,1159,MODERATE
1151,AAL3149,NAC802,2.4813,312.4,10972.8,11285.22,22.83261108398437,-73.66937255859375,22.850875854492188,-73.70897327769887,7,1158,MODERATE
1152,ENY3814,UAL2662,2.3588,609.6,10668.0,11277.6,28.24435993776483,-87.55775002872241,28.25917053222656,-87.60814960186299,20,1172,MODERATE
1164,NKS272,NKS3010,2.8318,609.6,11277.6,10668.0,28.789581298828125,-89.08380361703723,28.771796792240465,-89.03681137982537,2,1166,MODERATE
1169,NKS1847,UAL2662,2.8231,609.6,10668.0,11277.6,28.198516845703125,-87.40183903620795,28.208999633789062,-87.4366466815655,48,1217,HIGH
1178,ENY3814,NKS1847,2.9536,0.0,10668.0,10668.0,28.20353362519862,-87.4181590360754,28.187798968816207,-87.36527386833643,1,1179,MODERATE
1182,ENY3814,NKS1847,2.9483,0.0,10668.0,10668.0,28.19762149099576,-87.39790972541363,28.18194580078125,-87.3451115534856,1,1183,MODERATE
1184,FFT2284,GXA401,1.0503,304.8,11277.6,11582.4,21.8770751953125,-71.61013516512782,21.84230998411017,-71.57506306966144,9,1193,MODERATE
1190,ENY3814,NKS1847,2.9239,0.0,10668.0,10668.0,28.189132690429688,-87.36888005183295,28.173385620117188,-87.31606116661658,48,1238,MODERATE
1194,UAL1848,UAL774,2.932,221.0,10226.04,10363.2,28.928054809570312,-89.59155156062201,28.884979248046875,-89.56788870004505,18,1212,MODERATE
1198,ENY3814,UAL2662,2.9798,609.6,10668.0,11277.6,28.173660278320312,-87.31637807992786,28.17699884964248,-87.26020364200366,1,1199,MODERATE
1198,NKS2012,UAL2261,2.9688,7.6,10363.2,10363.2,27.503341416181144,-83.08157113882208,27.505389714645126,-83.09430049015924,95,1293,CRITICAL
1203,NKS1904,NKS3010,2.9856,609.6,11277.6,10668.0,28.2271728515625,-87.49944833608771,28.26926538499735,-87.52371395335479,8,1211,MODERATE
1211,AAL2541,NKS1846,2.9833,0.0,9974.58,10972.8,26.17809230998411,-82.46163588303784,26.211470264499468,-82.45418842022235,170,1381,MODERATE
1217,NKS1904,NKS3010,2.9665,617.2,11285.22,10668.0,28.201080322265625,-87.41018442007208,28.24710651979608,-87.40318747127758,4,1221,MODERATE
1232,AAL2541,UAL1795,2.9104,609.6,10287.0,10363.2,26.19480456336069,-82.50029930701623,26.17529917571504,-82.45582580566406,287,1519,MODERATE
1239,ENY3814,NKS1847,2.8111,0.0,10668.0,10668.0,28.130905151367188,-87.17096768892725,28.116531372070312,-87.1225855900691,59,1298,MODERATE
1246,AAL1026,UPS6335,1.0545,0.0,11582.4,11590.02,20.363845825195312,-71.35149274553572,20.324020385742188,-71.32044655936102,30,1276,MODERATE
1267,AAL2541,NKS939,2.4996,998.2,10683.24,9685.02,26.222503144862287,-82.5648968036358,26.26400756835937,-82.56852635797463,1,1268,MODERATE
1312,ENY3814,NKS1847,2.9759,0.0,10668.0,10668.0,28.02291094246557,-86.80712531594668,28.038645598847985,-86.86065673828125,5,1317,MODERATE
1335,AAL2230,NKS939,2.9752,609.6,9144.0,9753.6,26.35033558990996,-82.75868929349457,26.32823181152344,-82.70870568617335,2,1337,MODERATE
1341,AAL2230,NKS939,2.9987,609.6,9144.0,9753.6,26.355689097259003,-82.77036226712738,26.33390264996028,-82.72102942833533,2,1343,MODERATE
1344,AAL2230,NKS939,2.9874,602.0,9144.0,9753.6,26.358342574814618,-82.77617234450116,26.33660888671875,-82.72699895894749,533,1877,MODERATE
1360,NKS257,NKS956,2.9926,632.5,8526.78,9151.62,27.248235152939618,-82.34913165752704,27.27369922702595,-82.30096083420972,3,1363,MODERATE
1364,NKS257,NKS956,2.9995,624.8,8526.78,9151.62,27.25070242154396,-82.35668475811298,27.275142346398304,-82.3076688326322,1,1365,MODERATE
1366,NKS257,NKS956,2.9591,624.8,8526.78,9151.62,27.25195933196504,-82.36054053673377,27.27593994140625,-82.31128044848174,3,1369,MODERATE
1370,NKS257,NKS956,2.9956,609.6,8526.78,9151.62,27.254425048828125,-82.36807769199584,27.277469958289192,-82.31839106633112,97,1467,MODERATE
1377,NKS1846,UAL1795,2.9747,609.6,10972.8,10363.2,26.35215112718485,-82.76085486778845,26.303054809570312,-82.75342833321048,1,1378,MODERATE
1379,NKS1576,UAL1739,2.8735,609.6,10972.8,10363.2,29.491820254568324,-83.95795036764707,29.54046734308792,-83.96468218635113,24,1403,MODERATE
1382,NKS1846,UAL1795,2.9969,609.6,10972.8,10363.2,26.356527037539724,-82.77046790489783,26.30712890625,-82.76296363686612,2,1384,MODERATE
1382,AAL2541,NKS1846,2.981,0.0,10972.8,10972.8,26.307357788085938,-82.76254905844633,26.356527037539724,-82.77046790489783,2,1384,MODERATE
1382,NKS272,UAL2105,2.6181,602.0,11277.6,10668.0,28.543441772460938,-88.4464381291316,28.554258184917902,-88.47386977251838,18,1400,HIGH
1385,AAL2541,NKS1846,2.9932,0.0,10972.8,10972.8,26.309602381819385,-82.76777414175177,26.35894775390625,-82.77569697453424,1,1386,MODERATE
1390,NKS1846,UAL1795,2.9995,609.6,10972.8,10363.2,26.36355642545021,-82.78578538161054,26.31397829217426,-82.77891892653241,1,1391,MODERATE
1398,NKS1846,UAL1795,2.9912,609.6,10972.8,10363.2,26.369980634269066,-82.79988802396332,26.32044982910156,-82.79390155144455,1,1399,MODERATE
1403,NKS1846,UAL1795,2.9975,609.6,10972.8,10363.2,26.37460327148437,-82.80996646521226,26.326035321769066,-82.80701857346753,114,1517,MODERATE
1410,NKS272,UAL723,2.2791,0.0,11277.6,11277.6,28.51473999023437,-88.37286142202521,28.525543212890625,-88.39942932128906,32,1442,HIGH
1411,UAL1457,UAL774,2.905,304.8,10058.4,10363.2,28.997360229492188,-90.01769432654748,28.96922483282574,-89.974365234375,23,1434,MODERATE
1412,NKS272,NKS687,2.9823,602.0,11277.6,10675.62,28.51300048828125,-88.36842463566705,28.4634813211732,-88.37283863740808,1,1413,MODERATE
1430,UAL496,UAL759,2.987,0.0,10058.4,10058.4,29.14878845214844,-89.90265479454627,29.09907531738281,-89.90048922025238,1,1431,MODERATE
1443,AAL2217,AAL9601,2.9297,304.8,10668.0,10363.2,20.388437044822563,-73.43346613103694,20.348785400390625,-73.40613228934149,23,1466,MODERATE
1443,NKS687,UAL2105,1.367,533.4,10645.14,10668.0,28.366373353085272,-87.97291475183823,28.37223893505032,-87.99881879021139,57,1500,HIGH
1445,NKS272,UAL723,2.9707,7.6,11277.6,11277.6,28.4739555746822,-88.26889935661768,28.454269409179688,-88.21762671837439,8,1453,MODERATE
1468,NKS257,NKS956,2.9646,602.0,8542.02,9144.0,27.315270375397244,-82.55406893216644,27.31658935546875,-82.49851442732898,1,1469,MODERATE
1470,NKS257,NKS956,2.9981,609.6,8542.02,9151.62,27.31648073358051,-82.55781907301679,27.31727600097656,-82.50162376547758,1,1471,MODERATE
1472,NKS257,NKS956,2.9912,602.0,8542.02,9144.0,27.317642211914062,-82.5613748802329,27.318099975585938,-82.50530314895343,1,1473,MODERATE
1480,NKS257,NKS956,2.9987,609.6,8542.02,9151.62,27.322485972259003,-82.57620004507208,27.32127561407574,-82.5200007512019,1,1481,MODERATE
1507,NKS1708,UAL774,2.9338,914.4,11277.6,10363.2,29.013263249801376,-90.20378561580884,29.00553557832362,-90.15020033892466,25,1532,MODERATE
1520,AAL2541,UAL1795,2.9288,609.6,10972.8,10363.2,26.41811564817267,-83.02241398737982,26.43915725966632,-83.07232783390924,2,1522,MODERATE
1561,GXA401,N453QS,2.9189,914.4,11582.4,12496.8,22.158737182617188,-72.2344582297585,22.195358276367188,-72.26546963778407,20,1581,MODERATE
1563,NKS797,UAL2105,2.905,0.0,10668.0,10668.0,28.07225631455244,-87.00746424057905,28.096603134931144,-87.05485624425552,1,1564,MODERATE
1567,NKS797,UAL2105,2.7947,0.0,10668.0,10668.0,28.06732177734375,-86.98990455040564,28.09083065744173,-87.03557631548716,45,1612,MODERATE
1573,AJT8541,GXA401,2.9658,914.4,10668.0,11582.4,22.20565795898437,-72.28889049183238,22.16933945478019,-72.25667317708331,19,1592,MODERATE
1596,AAL1341,AAL165,2.9179,914.4,10972.8,11887.2,21.79473359706038,-71.89092000325519,21.79925537109375,-71.94352028586644,21,1617,MODERATE
1615,NKS797,UAL2105,2.7867,7.6,10668.0,10668.0,28.01090046510858,-86.79075353285845,28.00177622649629,-86.73598345588238,4,1619,MODERATE
1615,AAL1028,AAL3149,0.3004,624.8,2453.6400000000003,2133.6,25.5494384765625,-79.84995524088538,25.54339599609375,-79.79593912760413,107,1722,MODERATE
1620,NKS797,UAL2105,2.7612,0.0,10668.0,10668.0,28.00121759964248,-86.75644818474268,27.994171142578125,-86.71007009652942,8,1628,MODERATE
1621,AAL1821,AAL510,2.9945,144.8,2545.08,2689.86,25.67132464909957,-80.18609964622641,25.65156555175781,-80.13529459635413,1,1622,MODERATE
1623,AAL1821,AAL510,2.9902,137.2,2545.08,2682.24,25.671890258789062,-80.18890380859375,25.652984619140625,-80.13778686523438,1,1624,MODERATE
1625,AAL1821,AAL510,2.9965,121.9,2537.46,2667.0,25.6724419028072,-80.19159281028891,25.65428653005826,-80.1402369085348,4,1629,MODERATE
1634,AAL1821,AAL510,2.9813,106.7,2514.6,2628.9,25.674819946289062,-80.20395914713538,25.659393310546875,-80.15141805013019,2,1636,MODERATE
1637,AAL1821,AAL510,2.9895,91.4,2514.6,2613.6600000000003,25.675552368164062,-80.20772298177081,25.66094970703125,-80.15513102213538,8,1645,MODERATE
1643,AAL1821,NAC811,2.9988,15.2,2499.36,2636.52,25.676925659179688,-80.215098063151,25.726070080773304,-80.22185703493511,205,1848,MODERATE
1648,AAL1821,AAL510,2.9784,99.1,2484.1200000000003,2575.56,25.678207397460938,-80.22201538085938,25.666534423828125,-80.16840616861975,2,1650,MODERATE
1649,AAL1026,AJT862,2.86,609.6,11582.4,10972.8,21.14501953125,-72.55950372869319,21.17228362519862,-72.60325113932288,55,1704,MODERATE
1651,AAL1821,AAL510,2.9798,99.1,2468.88,2560.32,25.67889404296875,-80.22572835286456,25.66801944021451,-80.17195215765037,2,1653,MODERATE
1657,AAL1821,AAL510,2.9924,83.8,2446.02,2529.84,25.680216126522776,-80.23279154075766,25.6710205078125,-80.17888387044269,2,1659,MODERATE
1660,AAL1821,AAL510,2.9843,83.8,2430.78,2514.6,25.68091441009004,-80.23673003574584,25.67253500728284,-80.1823684404481,1,1661,MODERATE
1662,AAL1821,AAL510,2.9962,83.8,2423.1600000000003,2506.98,25.68145751953125,-80.23946126302081,25.673583984375,-80.18478393554688,1,1663,MODERATE
1667,AAL967,FFT4879,2.867,304.8,10066.02,9761.22,22.30453491210937,-72.6844482421875,22.26214599609375,-72.65798117897725,20,1687,MODERATE
1687,AAL1341,NAC810,2.859,304.8,10972.8,11277.6,21.875781043101163,-72.07539876302081,21.91049194335937,-72.11385830965907,23,1710,MODERATE
1709,AAL1026,AJT862,2.6186,609.6,11582.4,10972.8,21.23848090737553,-72.71077473958331,21.26445705607786,-72.752685546875,3,1712,MODERATE
1732,AAL2733,UAL759,2.9758,914.4,9144.0,10058.4,28.09581174688824,-87.2240672392004,28.1448778055482,-87.21765854779414,5,1737,MODERATE
1745,NKS1171,UAL2657,2.8432,983.0,10980.42,10058.4,27.44696665618379,-84.05967125525842,27.41433353747352,-84.10187354454627,16,1761,MODERATE
1762,NKS1564,NKS1847,2.8849,304.8,10965.18,10668.0,27.10173526052701,-84.01218707744891,27.113433837890625,-84.06308156139443,19,1781,MODERATE
1768,AAL2733,NKS1498,1.7531,906.8,9144.0,10058.4,28.60732773603019,-89.23984303193936,28.619293212890625,-89.29222693810095,16,1784,MODERATE
1801,AAL1465,AAL324,2.8766,609.6,10668.0,11277.6,28.26228254932468,-87.61925192440259,28.24813842773437,-87.57059537447412,19,1820,MODERATE
1828,AAL1465,NKS272,2.9477,602.0,10668.0,11269.98,28.180984497070312,-87.34109731820914,28.16517458123676,-87.28836957146143,1,1829,MODERATE
1831,AAL1465,NKS272,2.9619,602.0,10668.0,11269.98,28.178535073490465,-87.33279957490811,28.162628173828125,-87.27982741135816,1,1832,MODERATE
1833,ENY3814,NKS1564,2.9703,312.4,10668.0,10972.8,27.169701527741,-84.23149108886719,27.16937566207627,-84.18004549466644,20,1853,MODERATE
1834,AAL1465,NKS272,2.9793,602.0,10668.0,11269.98,28.17562866210937,-87.32287480280951,28.160007282838983,-87.27097455193018,12,1846,MODERATE
1847,AAL1465,NKS272,1.9343,602.0,10668.0,11269.98,28.16340559619968,-87.28126077090991,28.14883474576271,-87.23306094898896,31,1878,MODERATE
1894,UAL496,UAL496T,0.3201,609.6,10058.4,10668.0,28.59638796014301,-87.67940745634189,28.602486303297137,-87.70154167624081,13,1907,HIGH
1908,UAL413,UAL496T,1.4477,0.0,10668.0,10668.0,28.43696594238281,-87.12469834547778,28.44551215737553,-87.15416403377758,5,1913,HIGH
1911,NKS1498,NKS2801,1.3613,594.4,10058.4,10675.62,28.15850830078125,-87.30227543757513,28.18281555175781,-87.34732994666467,57,1968,MODERATE
1914,AAL324,NKS2801,2.9201,617.2,11277.6,10668.0,28.16244506835937,-87.2780315692608,28.176393670550848,-87.32520608340991,50,1964,MODERATE
1926,UAL1630,UAL496T,2.3465,304.8,10972.8,10668.0,28.357681274414062,-86.85257544884314,28.37178039550781,-86.90085190993089,10,1936,MODERATE
1942,NKS1562,UAL496T,2.7133,914.4,11582.4,10668.0,28.2403564453125,-86.60802401029144,28.288742065429688,-86.61700322077824,3,1945,MODERATE
1949,FFT3378,GXA401,2.8626,312.4,11277.6,11590.02,22.53016585010593,-72.94794718424475,22.48538259732521,-72.92424519856769,20,1969,MODERATE
1963,UAL1630,UAL413,2.7128,304.8,10972.8,10668.0,28.381409725900426,-86.93411434397979,28.3963623046875,-86.9849923940805,21,1984,MODERATE
1975,NKS1564,UAL1457,2.8916,914.4,10972.8,10058.4,27.304051286083155,-84.5168715256911,27.3036323159428,-84.5691622220553,19,1994,MODERATE
1986,UAL496T,UAL584,2.565,304.8,10668.0,10363.2,28.065739001257946,-85.86257036994485,28.059873419292902,-85.84156709558823,3,1989,HIGH
1990,AAL1026,AJT862,2.7853,602.0,11582.4,10972.8,21.697540283203125,-73.46093195134944,21.6713236146054,-73.41756184895831,95,2085,MODERATE
2024,NKS1562,UAL413,2.953,914.4,11582.4,10668.0,28.30096435546875,-86.82315532977765,28.34967041015625,-86.82484553410455,7,2031,MODERATE
2035,AAL1014,AAL967,2.9755,906.8,10972.8,10066.02,21.93141096729343,-71.76081339518225,21.92326432567532,-71.81020100911456,20,2055,MODERATE
2039,UAL1630,UAL496,2.3058,914.4,10972.8,10058.4,28.43568963519597,-87.12023566750918,28.45053979905985,-87.17145134420957,19,2058,MODERATE
2058,NKS2012,UAL496T,2.889,320.0,10355.58,10668.0,27.84778142379502,-85.04009540264423,27.85671945345604,-85.09566086989184,16,2074,MODERATE
2061,AAL1856,AAL368,1.7247,53.3,7955.280000000001,7848.6,20.141756736626057,-70.88818359375,20.09776487188824,-70.87290261008519,17,2078,MODERATE
2111,UAL1927,UAL496T,2.7203,914.4,11582.4,10668.0,27.8152879617982,-84.8500530536358,27.824386596679688,-84.90338019604951,21,2132,MODERATE
2111,NKS1171,UAL723,2.8078,297.2,11574.78,11277.6,27.532808982719807,-85.00454829289362,27.54128149000265,-85.0542508638822,19,2130,MODERATE
2156,NKS2012,UAL584,2.4418,7.6,10355.58,10363.2,28.142257690429688,-86.17570143479566,28.172436730336333,-86.22043385225186,15,2171,MODERATE
2176,NKS2012,UAL413,2.7885,297.2,10370.82,10668.0,28.18728689420021,-86.36799531824448,28.22625732421875,-86.4029810978816,7,2183,MODERATE
2189,NKS1564,UAL759,2.7805,914.4,10972.8,10058.4,27.507531117584744,-85.03122182992786,27.51356506347656,-85.08330723024761,20,2209,MODERATE
2189,NKS2012,UAL496,2.3821,312.4,10370.82,10058.4,28.232675326072563,-86.56197940602021,28.276527534096928,-86.57555075252759,3,2192,MODERATE
2196,NKS693,UAL496T,2.9163,304.8,10363.2,10668.0,27.77488061937235,-84.61131169245795,27.822189331054688,-84.62820376989976,8,2204,MODERATE
2196,UAL413,UAL584,2.6609,304.8,10668.0,10363.2,28.212478637695312,-86.35607792780951,28.197189331054688,-86.3040513258714,22,2218,MODERATE
2229,UAL496,UAL584,2.685,304.8,10058.4,10363.2,28.2335598185911,-86.42798928653491,28.219547595007946,-86.38005873736216,21,2250,MODERATE
2238,NKS1155,UAL1739,2.7512,922.0,11285.22,10363.2,30.289947509765625,-86.69790828929229,30.28436279296875,-86.64421530330884,22,2260,MODERATE
2239,NKS1846,NKS271,1.7278,7.6,10972.8,10972.8,27.163375854492188,-84.57259843934257,27.179855346679688,-84.61042872015037,18,2257,MODERATE
2258,AAL324,NKS2801,1.078,602.0,11277.6,10660.38,27.826904296875,-86.13483356979658,27.823654174804688,-86.12384724167157,106,2364,CRITICAL
2260,AAL1014,FFT3378,2.6939,304.8,10972.8,11277.6,22.15639793266684,-72.230478922526,22.19485008110434,-72.26455688476562,21,2281,MODERATE
2281,AAL1465,NKS1171,2.6923,914.4,10668.0,11582.4,27.63159283136917,-85.47717167780951,27.61590472722457,-85.42382460374097,23,2304,MODERATE
2289,NKS1171,NKS272,0.5683,304.8,11582.4,11277.6,27.62191772460937,-85.44357587706367,27.635513305664062,-85.49088963922465,3,2292,MODERATE
2289,AAL1465,NKS272,0.3043,609.6,10668.0,11277.6,27.62608337402344,-85.45870798938677,27.635513305664062,-85.49088963922465,3,2292,HIGH
2319,AAL1465,NKS1564,2.8439,312.4,10668.0,10980.42,27.606216430664062,-85.39232361991452,27.62969970703125,-85.34298878795693,13,2332,MODERATE
2321,NKS352,NKS693,1.6687,609.6,10972.8,10355.58,27.82749938964844,-84.92198440263857,27.833676095736227,-84.95648310734674,3,2324,HIGH
2325,NKS1498,UAL1956,2.7397,914.4,10058.4,9144.0,27.926640914658368,-85.97594041090747,27.8963819600768,-85.93188946063702,13,2338,MODERATE
2353,NKS1846,NKS2801,2.8406,297.2,10972.8,10675.62,27.70244533732786,-85.82144517164966,27.74313199318061,-85.85017864520734,18,2371,MODERATE
2356,AAL324,NKS1846,1.7704,304.8,11277.6,10972.8,27.74601823192532,-85.860848060021,27.705322265625,-85.82835647295104,8,2364,MODERATE
2364,AAL324,NKS1171,1.2193,304.8,11277.6,11582.4,27.687827934653072,-85.66483717698317,27.680984755693856,-85.6410686786358,9,2373,HIGH
2379,NKS693,UAL413,2.6776,228.6,10370.82,10652.76,28.04241943359375,-85.78167255108173,28.08030985169492,-85.80559225643384,7,2386,MODERATE
2381,AAL1465,AAL324,2.8552,602.0,10668.0,11277.6,27.57435607910156,-85.24302356647996,27.58168029785156,-85.28474051997347,26,2407,MODERATE
2384,NKS1171,NKS2801,2.7703,899.2,11582.4,10675.62,27.698767710540253,-85.70085965670069,27.713653564453125,-85.7510894199587,15,2399,MODERATE
2386,UAL1927,UAL413,2.5357,998.2,11582.4,10591.8,28.032547255693856,-85.75033748851104,28.07616670252913,-85.77128690831802,4,2390,MODERATE
2392,NKS1171,PXG210,2.7702,922.0,11582.4,12496.8,27.704132080078125,-85.71895959242335,27.738616426112287,-85.748291015625,9,2401,MODERATE
2393,NKS693,UAL496,0.6749,304.8,10363.2,10058.4,28.065273478879767,-85.8581004423254,28.076889038085938,-85.89856074406549,10,2403,MODERATE
2404,AAL2230,NKS939,2.9728,617.2,9144.0,9761.22,27.362823486328125,-85.03127763856132,27.383514404296875,-85.07760677697524,4,2408,MODERATE
2408,AAL1465,AAL324,2.9713,602.0,10675.62,11277.6,27.56297483282574,-85.18291766826923,27.554214477539062,-85.1279780549823,1,2409,MODERATE
2409,AAL2230,NKS939,2.997,609.6,9144.0,9753.6,27.410702462923727,-85.14187739445613,27.38933498576536,-85.09106562687799,1,2410,MODERATE
2411,AAL2230,NKS939,2.9335,609.6,9144.0,9753.6,27.41317749023437,-85.14761870762084,27.39226777674788,-85.09787926307092,1,2412,MODERATE
2412,NKS352,UAL496,0.5693,914.4,10972.8,10058.4,28.001220703125,-85.64539982722357,27.998748779296875,-85.63721290001503,3,2415,CRITICAL
2420,ENY3814,NKS1904,2.98,7.6,10668.0,10675.62,26.63947153899629,-82.81895564152643,26.688584149894066,-82.82698411207929,1,2421,MODERATE
2428,ENY3814,NKS1904,2.9998,7.6,10668.0,10675.62,26.63179041975636,-82.79893728402942,26.680949582891948,-82.80892005333533,1,2429,MODERATE
2432,ENY3814,NKS1904,2.9676,7.6,10668.0,10675.62,26.62815934520657,-82.78942988469049,26.67681884765625,-82.79913560399467,1,2433,MODERATE
2435,ENY3814,NKS1904,2.9929,0.0,10668.0,10668.0,26.625411987304688,-82.78224153338738,26.674301147460938,-82.79312421690742,1,2436,MODERATE
2439,ENY3814,NKS1904,2.9912,7.6,10668.0,10668.0,26.621795654296875,-82.77275805203419,26.670428777145126,-82.78398953951319,3,2442,MODERATE
2444,ENY3814,NKS1904,2.9631,45.7,10668.0,10668.0,26.617591987221928,-82.76180560772235,26.666052866790253,-82.7736370380108,437,2881,MODERATE
2446,AAL2230,NKS939,2.8258,609.6,9144.0,9745.98,27.46572720802436,-85.26927654559796,27.46229553222656,-85.25971034787736,8,2454,CRITICAL
2580,UAL2162,UAL496,2.9704,914.4,10972.8,10058.4,27.810516357421875,-84.58871517541274,27.821456909179688,-84.64126299012383,20,2600,MODERATE
2663,NKS1576,UAL2245,2.9689,922.0,11590.02,10668.0,30.81385803222656,-86.11584831686582,30.811248779296875,-86.1730418485754,19,2682,MODERATE
2683,UAL1692,UAL2245,2.8927,304.8,10363.2,10668.0,30.78909146583686,-86.04453735351564,30.814361572265625,-86.09199075137866,17,2700,MODERATE
2686,FFT1737,UAL2245,2.8344,906.8,11582.4,10668.0,30.7988674357786,-86.0278381347656,30.814741748874468,-86.08172607421875,18,2704,MODERATE
2686,FFT4426,UAL1563,2.9381,304.8,11277.6,10972.8,28.66188695875265,-86.76829618566177,28.61323987023305,-86.76247989430146,9,2695,MODERATE
2772,FFT3470,NKS1576,2.6499,312.4,11269.98,11582.4,30.813446044921875,-86.41802619485293,30.8195366293697,-86.36253662109374,22,2794,MODERATE
2793,FFT1737,FFT3470,2.7778,312.4,11590.02,11269.98,30.81825256347656,-86.30433924057905,30.813577942929022,-86.36077880859375,21,2814,MODERATE
2797,FFT3470,UAL1692,2.8657,914.4,11269.98,10363.2,30.81358337402344,-86.34569953469668,30.818000405521715,-86.29172973632814,24,2821,MODERATE
2834,AAL2733,ENY4071,2.0596,99.1,1729.74,1828.8,29.89235570875265,-95.32734590418198,29.892013549804688,-95.38435715895434,17,2851,MODERATE
2882,ENY3814,NKS1904,2.9871,38.1,6614.160000000001,6659.88,26.202020160222457,-81.6979804405799,26.224685668945312,-81.74688375221109,16,2898,MODERATE
2894,NKS687,NKS797,2.8914,365.8,9441.18,9829.8,26.980636596679688,-82.29272806419516,27.007965087890625,-82.27676679503242,3,2897,HIGH
2899,ENY3814,NKS1904,2.9972,38.1,6431.280000000001,6469.38,26.185401011321503,-81.66016211876502,26.208251953125,-81.70905347140331,2,2901,MODERATE
2903,ENY3814,NKS1904,2.9512,38.1,6393.18,6431.280000000001,26.182159423828125,-81.65277445091391,26.204910278320312,-81.70133194833431,1,2904,MODERATE
2950,UAL2261,UAL584,2.4736,0.0,10363.2,10363.2,28.76971435546875,-88.13058119553784,28.72170658434852,-88.12300738166363,226,3176,MODERATE
2955,NKS687,NKS797,2.4552,335.3,9448.8,9204.96,26.9227884583554,-82.16136052058295,26.928374726893537,-82.12179917555585,11,2966,MODERATE
2957,UAL1457,UAL2105,2.9199,624.8,8221.98,9220.2,26.319351196289062,-81.98728741339914,26.320961127846928,-81.94744403545673,86,3043,MODERATE
2966,NKS210,UAL2162,2.7477,602.0,11574.78,10972.8,28.22727526648569,-86.40607048483457,28.19692320742849,-86.36422549977021,9,2975,MODERATE
2978,NKS687,UAL2657,1.2976,38.1,5349.240000000001,4914.900000000001,26.43365478515625,-81.36220680092862,26.406646728515625,-81.32297731795398,10,2988,MODERATE
3057,NKS352,UAL2162,2.766,0.0,10972.8,10972.8,28.461246813757946,-87.20866483800552,28.425201416015625,-87.1965848482572,5,3062,MODERATE
3065,NKS693,UAL2162,2.6313,609.6,10363.2,10972.8,28.510405976893537,-87.3779296875,28.46942138671875,-87.36027057354268,1,3066,MODERATE
3196,FFT1418,NKS1576,2.9026,312.4,11277.6,11582.4,30.780807495117188,-87.39203957950366,30.789276123046875,-87.33856201171875,25,3221,MODERATE
3237,FFT1418,UAL1692,2.8701,914.4,11277.6,10363.2,30.784762107719807,-87.29890136718751,30.753662109375,-87.25697236902573,18,3255,MODERATE
3253,FFT1418,FFT1737,2.9745,304.8,11277.6,11582.4,30.786251779329977,-87.26281127929684,30.796819137314618,-87.20903320312499,28,3281,MODERATE
3362,NKS1846,UAL2162,1.4515,0.0,10972.8,10972.8,28.83677673339844,-89.09177926870493,28.8419975668697,-89.11016127642466,8,3370,HIGH
3415,ENY3814,UAL1848,2.3278,236.2,1356.36,1028.7,25.77337646484375,-80.61162312825519,25.80143815380032,-80.5687037054098,15,3430,MODERATE
3429,UAL1167,UAL1956,2.7793,472.4,1097.28,1844.04,29.893612619173727,-95.27575324563418,29.89141845703125,-95.21956223707934,37,3466,MODERATE
3496,NKS352,NKS693,1.3078,609.6,10972.8,10363.2,28.766647338867188,-88.28312213604266,28.78138655323093,-88.33449419806988,147,3643,MODERATE
3508,UAL1059,UAL1956,2.9034,22.9,1805.94,1844.04,29.89202984308792,-95.43010038488052,29.89207639532574,-95.37640739889709,37,3545,MODERATE
3680,NKS1846,UAL1630,2.8313,281.9,10972.8,10721.34,29.32017517089844,-91.67198181152344,29.36773681640625,-91.6752037635216,8,3688,MODERATE
3703,NKS1564,UAL2162,2.9667,0.0,10980.42,10972.8,28.944133176641948,-89.89148308249082,28.97071450443591,-89.93892894071689,164,3867,MODERATE
3723,NKS2012,UAL1059,2.9732,861.1,2278.38,1424.94,29.862655381024894,-95.07767621208644,29.90525067862817,-95.09905646829044,17,3740,MODERATE
3774,NKS2012,UAL2105,2.9994,137.2,1973.58,1249.68,29.8853759765625,-95.16008817232569,29.87573655985169,-95.21532844094668,37,3811,MODERATE
3783,NKS1846,NKS2012,2.9832,61.0,2034.54,1927.86,29.878692626953125,-95.126706636869,29.88802635063559,-95.17342960133271,48,3831,MODERATE
3788,NKS1846,UAL2105,2.9404,114.3,1996.44,1470.66,29.88070678710937,-95.13716477614184,29.8705227092161,-95.1935173483456,19,3807,MODERATE
3799,NKS272,UAL723,0.8605,144.8,1973.58,2080.26,26.114913940429688,-80.78578733048346,26.10798463983051,-80.73150047889123,311,4110,MODERATE
3816,UAL1795,UAL2247,2.5517,0.0,10363.2,10363.2,29.245834350585938,-92.5352008526142,29.29457842293432,-92.53902659696688,21,3837,MODERATE
3828,AAL1465,NKS1708,2.8829,388.6,8625.84,8633.460000000001,26.3291015625,-82.00666895452537,26.359506380760063,-82.03195425180289,61,3889,MODERATE
3865,NKS271,NKS693,2.7494,609.6,10972.8,10363.2,29.00473022460937,-89.27838839017429,28.997668250132413,-89.24124325022979,18,3883,HIGH
3896,UAL1795,UAL2247,2.8274,76.2,1143.0,1280.16,29.82783430713718,-94.8050106272978,29.819035934189618,-94.75422578699448,6,3902,MODERATE
4215,AAL324,NKS1708,2.9878,83.8,2720.34,2804.1600000000003,25.851342152741,-80.87564321664661,25.888595581054688,-80.91187099240858,3,4218,MODERATE
4299,NKS271,NKS693,2.9842,609.6,10972.8,10363.2,29.19863426079184,-90.28941434972428,29.191909790039062,-90.23293128380408,2,4301,MODERATE
4302,NKS271,NKS693,2.9994,609.6,10972.8,10363.2,29.1995653055482,-90.29711555032168,29.19286178330244,-90.24040670955884,1,4303,MODERATE
4308,NKS271,NKS693,2.9102,609.6,10965.18,10363.2,29.20111083984375,-90.309571486253,29.19451904296875,-90.25321373572716,234,4542,MODERATE
4539,AAL324,UAL1739,2.996,213.4,1539.24,1844.04,29.861165709414724,-95.2194752412684,29.891564320709744,-95.23773193359376,8,4547,MODERATE
4578,AAL2230,AAL324,2.0803,7.6,3627.12,3634.74,29.79892536745233,-94.90927303538604,29.806137084960938,-94.87021813025842,1,4579,MODERATE
4606,AAL2541,UAL584,0.6983,823.0,10591.8,9753.6,29.46626307600636,-92.65788358800552,29.465103149414062,-92.63756385216344,4,4610,HIGH
4679,NKS271,UAL2105,2.9006,304.8,10972.8,11277.6,29.313292422537074,-91.2154433306526,29.338058213056144,-91.26030417049634,22,4701,MODERATE
4682,NKS352,UAL1563,2.7489,602.0,10972.8,10363.2,29.34288024902344,-91.69559185321516,29.369659423828125,-91.74244220440204,43,4725,MODERATE
4700,NKS693,UAL2105,2.7949,914.4,10363.2,11277.6,29.30654234805349,-91.15604176240812,29.32311494471663,-91.20752671185664,23,4723,MODERATE
4775,NKS1498,PXG210,2.9842,68.6,1859.28,1790.7,26.143569946289062,-80.2153274248231,26.162567138671875,-80.26678697118217,3,4778,MODERATE
4779,NKS1498,PXG210,2.7315,266.7,1851.66,1790.7,26.1440626241393,-80.20980834960938,26.162841796875,-80.26082740639737,118,4897,MODERATE
4805,UAL1927,UAL2162,2.9385,861.1,11224.26,10363.2,29.343923795021187,-92.26549933938418,29.308364868164062,-92.30485769418569,2,4807,MODERATE
4834,UAL1927,UAL2162,2.0393,403.9,10972.8,10363.2,29.355514526367188,-92.38255427433891,29.324558064088983,-92.4264705882353,25,4859,MODERATE
4860,AAL2230,NKS352,2.5375,129.5,1409.7,1851.66,29.889312744140625,-95.49284714918872,29.894851684570312,-95.44171846829926,112,4972,MODERATE
4912,NKS1564,UAL1563,2.1799,160.0,1257.3,1203.96,29.951568603515625,-94.86182717715992,29.91046142578125,-94.89435636080223,28,4940,MODERATE
5020,SWA575,UAL2105,2.9482,304.8,10972.8,11277.6,29.13034212791313,-90.3691729377298,29.094314575195312,-90.407233605018,14,5034,MODERATE
5232,AAL2171,UAL1809,2.4981,167.6,1226.8200000000002,1181.1,25.78533107951536,-80.01270222214032,25.795623779296875,-80.01352945963538,10,5242,CRITICAL
5352,NKS257,NKS693,2.9509,38.1,1844.04,1836.42,29.891510009765625,-95.31484750600958,29.84282412771451,-95.30364990234376,7,5359,MODERATE
5402,NKS1576,NKS956,2.6211,22.9,1821.18,1798.3200000000002,29.891372680664062,-95.27216984675482,29.89173889160156,-95.24296100323016,33,5435,HIGH
5424,NKS1576,NKS693,2.9002,335.3,1821.18,1676.4,29.891830444335938,-95.36106403057391,29.87690734863281,-95.4152562068059,118,5542,MODERATE
5445,NKS1576,NKS956,2.5819,342.9,1813.56,1798.3200000000002,29.89215087890625,-95.44261638934796,29.892059326171875,-95.38551917442908,24,5469,MODERATE
5446,NKS693,NKS956,2.4894,7.6,1447.8000000000002,1798.3200000000002,29.889422917770126,-95.45611213235291,29.89212294756356,-95.40037267348345,24,5470,MODERATE
5603,NKS1576,NKS956,2.9568,167.6,1516.38,1196.34,29.89291433560646,-95.72511560776655,29.91921634997352,-95.7738098144531,210,5813,MODERATE
6200,ENY3689,FFT1737,1.0584,320.0,1760.22,1447.8000000000002,29.89230915651483,-95.43349322150738,29.892013549804688,-95.48228337214545,2,6202,MODERATE
6263,AAL1028,AAL2217,2.9072,7.6,10378.44,10378.44,20.67842102050781,-73.71100289481026,20.704852605270126,-73.73489102450282,97,6360,MODERATE
6362,AAL1028,AAL2217,2.9753,7.6,10370.82,10363.2,20.904142735368115,-73.92016046697444,20.8677388853946,-73.886152787642,11,6373,MODERATE
6374,AAL1028,AAL2217,2.9898,7.6,10370.82,10363.2,20.92495158567267,-73.93943647904825,20.88739013671875,-73.9044407435826,1,6375,MODERATE
6376,AAL1028,AAL2217,2.9468,7.6,10370.82,10363.2,20.927325749801376,-73.94163374467325,20.8897705078125,-73.90664781842912,2,6378,MODERATE
6380,AAL1028,AAL2217,2.9432,7.6,10370.82,10363.2,20.933703406382413,-73.94757634943181,20.896728515625,-73.91312190464566,1,6381,MODERATE
6383,AAL1028,AAL2217,2.9685,7.6,10370.82,10363.2,20.93891725701801,-73.95242032137782,20.90162891452596,-73.91766357421875,1,6384,MODERATE
6385,AAL1028,AAL2217,2.9998,7.6,10370.82,10363.2,20.94245522709216,-73.95571621981532,20.90478515625,-73.92057691301619,1,6386,MODERATE
