callsign,step,pos_uncertainty_nm,alt_uncertainty_ft,spd_uncertainty_kt,eff_particles
AAL1511,1,0.0,0.0,0.0,1.0
AAL1511,2,0.0,0.0,0.0,1.0
AAL165,1,0.0,0.0,0.0,1.0
AAL2733,1,0.0,0.0,0.0,1.0
AAL2733,2,0.0,0.0,0.0,1.0
AAL2733,3,0.0,0.0,0.0,1.0
AAL2733,4,0.0,0.0,0.0,1.0
AAL2733,5,0.0,0.0,0.0,1.0
ENY3814,1,0.0,0.0,0.0,1.0
ENY3814,2,0.0151,10.86,0.0,1.3
ENY3814,3,0.0036,7.59,0.0,1.0
ENY3814,4,0.0,0.0,0.0,1.0
ENY3814,5,0.0,0.0,0.0,1.0
ENY3814,6,0.0108,15.11,0.0,1.7
ENY3814,7,0.0,0.0,0.0,1.0
ENY3814,8,0.0,0.0,0.0,1.0
ENY3814,9,0.0037,2.46,0.0,1.0
ENY3814,10,0.0,0.0,0.0,1.0
ENY3814,11,0.0,0.0,0.0,1.0
ENY3814,12,0.0,0.0,0.0,1.0
ENY3814,13,0.0117,15.05,0.0,2.0
ENY3814,14,0.0,0.0,0.0,1.0
ENY3814,15,0.0003,6.34,0.0,1.1
ENY3814,16,0.0,0.0,0.0,1.0
ENY3814,17,0.0,0.0,0.0,1.0
ENY3814,18,0.0,0.0,0.0,1.0
ENY3814,19,0.0,0.0,0.0,1.0
ENY3814,20,0.0,0.0,0.0,1.0
ENY3814,21,0.0,0.0,0.0,1.0
ENY3814,22,0.0,0.0,0.0,1.0
ENY3814,23,0.0,0.0,0.0,1.0
ENY3814,24,0.0,0.0,0.0,1.0
ENY3814,25,0.0,0.0,0.0,1.0
ENY3814,26,0.0,0.0,0.0,1.0
ENY3814,27,0.0,0.0,0.0,1.0
ENY3814,28,0.0,0.0,0.0,1.0
ENY3814,29,0.0,0.0,0.0,1.0
ENY3814,30,0.0,0.0,0.0,1.0
ENY3814,31,0.0,0.0,0.0,1.0
ENY3814,32,0.0,0.0,0.0,1.0
ENY3814,33,0.0,0.0,0.0,1.0
ENY3814,34,0.0058,4.37,0.0,2.0
ENY3814,35,0.0,0.0,0.0,1.0
ENY3814,36,0.0087,20.46,0.0,1.4
ENY3814,37,0.0008,0.76,0.0,1.0
ENY3814,38,0.0,0.0,0.0,1.0
ENY3814,39,0.0,0.0,0.0,1.0
ENY3814,40,0.0,0.0,0.0,1.0
ENY3814,41,0.0,0.0,0.0,1.0
ENY3814,42,0.0,0.0,0.0,1.0
ENY3814,43,0.0,0.0,0.0,1.0
ENY3814,44,0.0,0.0,0.0,1.0
ENY3814,45,0.0,0.0,0.0,1.0
ENY3814,46,0.0,0.0,0.0,1.0
ENY3814,47,0.0,0.0,0.0,1.0
ENY3814,48,0.0,0.0,0.0,1.0
ENY3814,49,0.0,0.0,0.0,1.0
ENY3814,50,0.0,0.0,0.0,1.0
ENY3814,51,0.0,0.0,0.0,1.0
ENY3814,52,0.0,0.0,0.0,1.0
ENY3814,53,0.0,0.0,0.0,1.0
ENY3814,54,0.0,0.0,0.0,1.0
ENY3814,55,0.0,0.0,0.0,1.0
ENY3814,56,0.0,0.0,0.0,1.0
ENY3814,57,0.0,0.0,0.0,1.0
ENY3814,58,0.0,0.0,0.0,1.0
ENY3814,59,0.0,0.0,0.0,1.0
ENY3814,60,0.0,0.0,0.0,1.0
ENY3814,61,0.0,0.0,0.0,1.0
ENY3814,62,0.0075,16.17,0.0,2.2
ENY3814,63,0.0,0.0,0.0,1.0
ENY3814,64,0.0,0.0,0.0,1.0
ENY3814,65,0.0,0.0,0.0,1.0
ENY3814,66,0.0,0.0,0.0,1.0
ENY3814,67,0.0,0.0,0.0,1.0
ENY3814,68,0.0,0.0,0.0,1.0
ENY3814,69,0.0,0.0,0.0,1.0
ENY3814,70,0.006,4.77,0.0,1.2
ENY3814,71,0.0,0.0,0.0,1.0
ENY3814,72,0.0,0.0,0.0,1.0
ENY3814,73,0.0,0.0,0.0,1.0
ENY3814,74,0.0072,21.84,0.0,2.6
ENY3814,75,0.0,0.0,0.0,1.0
ENY3814,76,0.0,0.0,0.0,1.0
ENY3814,77,0.0,0.0,0.0,1.0
ENY3814,78,0.0,0.0,0.0,1.0
ENY3814,79,0.0,0.0,0.0,1.0
ENY3814,80,0.0,0.0,0.0,1.0
ENY3814,81,0.0,0.0,0.0,1.0
ENY3814,82,0.0,0.0,0.0,1.0
ENY3814,83,0.0,0.0,0.0,1.0
ENY3814,84,0.0,0.0,0.0,1.0
ENY3814,85,0.0,0.0,0.0,1.0
ENY3814,86,0.0,0.0,0.0,1.0
ENY3814,87,0.0,0.0,0.0,1.0
ENY3814,88,0.0,0.0,0.0,1.0
ENY3814,89,0.0,0.0,0.0,1.0
ENY3814,90,0.0,0.0,0.0,1.0
ENY3814,91,0.0,0.0,0.0,1.0
ENY3814,92,0.0,0.0,0.0,1.0
ENY3814,93,0.0,0.0,0.0,1.0
ENY3814,94,0.0,0.0,0.0,1.0
ENY3814,95,0.0,0.0,0.0,1.0
ENY3814,96,0.0,0.0,0.0,1.0
ENY3814,97,0.0,0.0,0.0,1.0
ENY3814,98,0.0,0.0,0.0,1.0
ENY3814,99,0.0,0.0,0.0,1.0
ENY3814,100,0.0,0.0,0.0,1.0
ENY3814,101,0.0,0.0,0.0,1.0
ENY3814,102,0.0,0.0,0.0,1.0
ENY3814,103,0.0,0.0,0.0,1.0
ENY3814,104,0.0064,15.81,0.0,1.1
ENY3814,105,0.0,0.0,0.0,1.0
ENY3814,106,0.0,0.0,0.0,1.0
ENY3814,107,0.0086,26.29,0.0,1.6
ENY3814,108,0.0,0.0,0.0,1.0
ENY3814,109,0.0153,9.67,0.0,2.0
ENY3814,110,0.0,0.0,0.0,1.0
ENY3814,111,0.0,0.0,0.0,1.0
ENY3814,112,0.0,0.0,0.0,1.0
ENY3814,113,0.0,0.0,0.0,1.0
ENY3814,114,0.0,0.0,0.0,1.0
ENY3814,115,0.0,0.0,0.0,1.0
ENY3814,116,0.0,0.0,0.0,1.0
ENY3814,117,0.0,0.0,0.0,1.0
ENY3814,118,0.0,0.0,0.0,1.0
ENY3814,119,0.0,0.0,0.0,1.0
ENY3814,120,0.0,0.0,0.0,1.0
ENY3814,121,0.0,0.0,0.0,1.0
ENY3814,122,0.0,0.0,0.0,1.0
ENY3814,123,0.0,0.0,0.0,1.0
ENY3814,124,0.0,0.0,0.0,1.0
ENY3814,125,0.0,0.0,0.0,1.0
ENY3814,126,0.0,0.0,0.0,1.0
ENY3814,127,0.0,0.0,0.0,1.0
ENY3814,128,0.0,0.0,0.0,1.0
ENY3814,129,0.0,0.0,0.0,1.0
ENY3814,130,0.0135,15.06,0.0,2.5
ENY3814,131,0.0,0.0,0.0,1.0
ENY3814,132,0.0042,1.24,0.0,1.0
ENY3814,133,0.0,0.0,0.0,1.0
ENY3814,134,0.0,0.0,0.0,1.0
ENY3814,135,0.0,0.0,0.0,1.0
ENY3814,136,0.0,0.0,0.0,1.0
ENY3814,137,0.0,0.0,0.0,1.0
ENY3814,138,0.0,0.0,0.0,1.0
ENY3814,139,0.0,0.0,0.0,1.0
ENY3814,140,0.0,0.0,0.0,1.0
ENY3814,141,0.0,0.0,0.0,1.0
ENY3814,142,0.0,0.0,0.0,1.0
ENY3814,143,0.0,0.0,0.0,1.0
ENY3814,144,0.0,0.0,0.0,1.0
ENY3814,145,0.0,0.0,0.0,1.0
ENY3814,146,0.0,0.0,0.0,1.0
ENY3814,147,0.0,0.0,0.0,1.0
ENY3814,148,0.0074,7.75,0.0,1.2
ENY3814,149,0.0087,32.75,0.0,2.6
ENY3814,150,0.0028,7.89,0.0,1.0
ENY3814,151,0.0,0.0,0.0,1.0
ENY3814,152,0.0,0.0,0.0,1.0
ENY3814,153,0.0,0.0,0.0,1.0
ENY3814,154,0.0,0.0,0.0,1.0
ENY3814,155,0.0,0.0,0.0,1.0
ENY3814,156,0.0,0.0,0.0,1.0
ENY3814,157,0.0,0.0,0.0,1.0
ENY3814,158,0.0,0.0,0.0,1.0
ENY3814,159,0.0,0.0,0.0,1.0
ENY3814,160,0.0,0.0,0.0,1.0
ENY3814,161,0.0,0.0,0.0,1.0
ENY3814,162,0.0,0.0,0.0,1.0
ENY3814,163,0.0,0.0,0.0,1.0
ENY3814,164,0.0,0.0,0.0,1.0
ENY3814,165,0.0025,5.6,0.0,1.0
ENY3814,166,0.0,0.0,0.0,1.0
ENY3814,167,0.0,0.0,0.0,1.0
ENY3814,168,0.0,0.0,0.0,1.0
ENY3814,169,0.0,0.0,0.0,1.0
ENY3814,170,0.0,0.0,0.0,1.0
ENY3814,171,0.0,0.0,0.0,1.0
ENY3814,172,0.0,0.0,0.0,1.0
ENY3814,173,0.0,0.0,0.0,1.0
ENY3814,174,0.0,0.0,0.0,1.0
ENY3814,175,0.0,0.0,0.0,1.0
ENY3814,176,0.0047,4.05,0.0,1.0
ENY3814,177,0.0,0.0,0.0,1.0
ENY3814,178,0.0,0.0,0.0,1.0
ENY3814,179,0.0,0.0,0.0,1.0
ENY3814,180,0.0,0.0,0.0,1.0
ENY3814,181,0.0,0.0,0.0,1.0
ENY3814,182,0.0,0.0,0.0,1.0
ENY3814,183,0.0,0.0,0.0,1.0
ENY3814,184,0.0,0.0,0.0,1.0
ENY3814,185,0.0,0.0,0.0,1.0
ENY3814,186,0.0,0.0,0.0,1.0
ENY3814,187,0.0,0.0,0.0,1.0
ENY3814,188,0.0,0.0,0.0,1.0
ENY3814,189,0.0,0.0,0.0,1.0
ENY3814,190,0.0,0.0,0.0,1.0
ENY3814,191,0.0002,5.47,0.0,1.2
ENY3814,192,0.0,0.0,0.0,1.0
ENY3814,193,0.0,0.0,0.0,1.0
ENY3814,194,0.0,0.0,0.0,1.0
ENY3814,195,0.0,0.0,0.0,1.0
ENY3814,196,0.0019,13.25,0.0,1.1
ENY3814,197,0.0,0.0,0.0,1.0
ENY3814,198,0.0,0.0,0.0,1.0
ENY3814,199,0.0,0.0,0.0,1.0
ENY3814,200,0.0,0.0,0.0,1.0
ENY3814,201,0.0,0.0,0.0,1.0
ENY3814,202,0.0034,6.15,0.0,1.0
ENY3814,203,0.0,0.0,0.0,1.0
ENY3814,204,0.0035,3.81,0.0,1.1
ENY3814,205,0.0,0.0,0.0,1.0
ENY3814,206,0.0,0.0,0.0,1.0
ENY3814,207,0.0,0.0,0.0,1.0
ENY3814,208,0.0,0.0,0.0,1.0
ENY3814,209,0.0,0.0,0.0,1.0
ENY3814,210,0.0,0.0,0.0,1.0
ENY3814,211,0.0,0.0,0.0,1.0
ENY3814,212,0.0,0.0,0.0,1.0
ENY3814,213,0.0,0.0,0.0,1.0
ENY3814,214,0.0,0.0,0.0,1.0
ENY3814,215,0.0,0.0,0.0,1.0
ENY3814,216,0.0,0.0,0.0,1.0
ENY3814,217,0.0,0.0,0.0,1.0
ENY3814,218,0.0,0.0,0.0,1.0
ENY3814,219,0.0,0.0,0.0,1.0
ENY3814,220,0.0,0.0,0.0,1.0
ENY3814,221,0.0,0.0,0.0,1.0
ENY3814,222,0.0,0.0,0.0,1.0
ENY3814,223,0.0,0.0,0.0,1.0
ENY3814,224,0.0,0.0,0.0,1.0
ENY3814,225,0.0,0.0,0.0,1.0
ENY3814,226,0.0,0.0,0.0,1.0
ENY3814,227,0.0,0.0,0.0,1.0
ENY3814,228,0.0,0.0,0.0,1.0
ENY3814,229,0.0,0.0,0.0,1.0
ENY3814,230,0.0,0.0,0.0,1.0
ENY3814,231,0.0,0.0,0.0,1.0
ENY3814,232,0.0,0.0,0.0,1.0
ENY3814,233,0.0,0.0,0.0,1.0
ENY3814,234,0.0,0.0,0.0,1.0
ENY3814,235,0.0,0.0,0.0,1.0
ENY3814,236,0.0,0.0,0.0,1.0
ENY3814,237,0.0,0.0,0.0,1.0
ENY3814,238,0.0,0.0,0.0,1.0
ENY3814,239,0.0003,3.79,0.0,1.0
ENY3814,240,0.0,0.0,0.0,1.0
ENY3814,241,0.0,0.0,0.0,1.0
ENY3814,242,0.0,0.0,0.0,1.0
ENY3814,243,0.0022,17.22,0.0,1.6
ENY3814,244,0.0,0.0,0.0,1.0
ENY3814,245,0.0,0.0,0.0,1.0
ENY3814,246,0.0,0.0,0.0,1.0
ENY3814,247,0.0,0.0,0.0,1.0
ENY3814,248,0.0,0.0,0.0,1.0
ENY3814,249,0.0,0.0,0.0,1.0
ENY3814,250,0.0,0.0,0.0,1.0
ENY3814,251,0.0,0.0,0.0,1.0
ENY3814,252,0.0,0.0,0.0,1.0
ENY3814,253,0.0,0.0,0.0,1.0
ENY3814,254,0.0,0.0,0.0,1.0
ENY3814,255,0.0,0.0,0.0,1.0
ENY3814,256,0.0,0.0,0.0,1.0
ENY3814,257,0.0,0.0,0.0,1.0
ENY3814,258,0.0,0.0,0.0,1.0
ENY3814,259,0.0,0.0,0.0,1.0
ENY3814,260,0.0,0.0,0.0,1.0
ENY3814,261,0.0,0.0,0.0,1.0
ENY3814,262,0.0,0.0,0.0,1.0
ENY3814,263,0.0,0.0,0.0,1.0
ENY3814,264,0.0,0.0,0.0,1.0
ENY3814,265,0.0,0.0,0.0,1.0
ENY3814,266,0.0,0.0,0.0,1.0
ENY3814,267,0.0,0.0,0.0,1.0
ENY3814,268,0.0,0.0,0.0,1.0
ENY3814,269,0.0,0.0,0.0,1.0
ENY3814,270,0.0,0.0,0.0,1.0
ENY3814,271,0.0,0.0,0.0,1.0
ENY3814,272,0.0,0.0,0.0,1.0
ENY3814,273,0.0,0.0,0.0,1.0
ENY3814,274,0.0,0.0,0.0,1.0
ENY3814,275,0.0,0.0,0.0,1.0
ENY3814,276,0.0,0.0,0.0,1.0
ENY3814,277,0.0,0.0,0.0,1.0
ENY3814,278,0.0,0.0,0.0,1.0
ENY3814,279,0.0,0.0,0.0,1.0
ENY3814,280,0.0186,14.09,0.0,2.1
ENY3814,281,0.0,0.0,0.0,1.0
ENY3814,282,0.0,0.0,0.0,1.0
ENY3814,283,0.0,0.0,0.0,1.0
ENY3814,284,0.0,0.0,0.0,1.0
ENY3814,285,0.0037,5.07,0.0,1.1
ENY3814,286,0.0,0.0,0.0,1.0
ENY3814,287,0.0,0.0,0.0,1.0
ENY3814,288,0.0,0.0,0.0,1.0
ENY3814,289,0.0,0.0,0.0,1.0
ENY3814,290,0.0,0.0,0.0,1.0
ENY3814,291,0.0,0.0,0.0,1.0
ENY3814,292,0.0,0.0,0.0,1.0
ENY3814,293,0.0,0.0,0.0,1.0
ENY3814,294,0.0,0.0,0.0,1.0
ENY3814,295,0.0,0.0,0.0,1.0
ENY3814,296,0.0,0.0,0.0,1.0
ENY3814,297,0.0,0.0,0.0,1.0
ENY3814,298,0.0,0.0,0.0,1.0
ENY3814,299,0.0,0.0,0.0,1.0
ENY3814,300,0.0042,5.88,0.0,1.3
ENY3814,301,0.0,0.0,0.0,1.0
ENY3814,302,0.0,0.0,0.0,1.0
ENY3814,303,0.0,0.0,0.0,1.0
ENY3814,304,0.0,0.0,0.0,1.0
ENY3814,305,0.0,0.0,0.0,1.0
ENY3814,306,0.0,0.0,0.0,1.0
ENY3814,307,0.0,0.0,0.0,1.0
ENY3814,308,0.0,0.0,0.0,1.0
ENY3814,309,0.0,0.0,0.0,1.0
ENY3814,310,0.0,0.0,0.0,1.0
ENY3814,311,0.0,0.0,0.0,1.0
ENY3814,312,0.0,0.0,0.0,1.0
ENY3814,313,0.0,0.0,0.0,1.0
ENY3814,314,0.0,0.0,0.0,1.0
ENY3814,315,0.0,0.0,0.0,1.0
ENY3814,316,0.0,0.0,0.0,1.0
ENY3814,317,0.0,0.0,0.0,1.0
ENY3814,318,0.0,0.0,0.0,1.0
ENY3814,319,0.0,0.0,0.0,1.0
ENY3814,320,0.0,0.0,0.0,1.0
ENY3814,321,0.0,0.0,0.0,1.0
ENY3814,322,0.0,0.0,0.0,1.0
ENY3814,323,0.0,0.0,0.0,1.0
ENY3814,324,0.0,0.0,0.0,1.0
ENY3814,325,0.0013,1.84,0.0,1.0
ENY3814,326,0.0,0.0,0.0,1.0
ENY3814,327,0.0,0.0,0.0,1.0
ENY3814,328,0.0,0.0,0.0,1.0
ENY3814,329,0.0,0.0,0.0,1.0
ENY3814,330,0.0,0.0,0.0,1.0
ENY3814,331,0.0021,4.0,0.0,1.0
ENY3814,332,0.0,0.0,0.0,1.0
ENY3814,333,0.0,0.0,0.0,1.0
ENY3814,334,0.0,0.0,0.0,1.0
ENY3814,335,0.0,0.0,0.0,1.0
ENY3814,336,0.0,0.0,0.0,1.0
ENY3814,337,0.0,0.0,0.0,1.0
ENY3814,338,0.0,0.0,0.0,1.0
ENY3814,339,0.0,0.0,0.0,1.0
ENY3814,340,0.0,0.0,0.0,1.0
ENY3814,341,0.0,0.0,0.0,1.0
ENY3814,342,0.0,0.0,0.0,1.0
ENY3814,343,0.0,0.0,0.0,1.0
ENY3814,344,0.0,0.0,0.0,1.0
ENY3814,345,0.0,0.0,0.0,1.0
ENY3814,346,0.0,0.0,0.0,1.0
ENY3814,347,0.0,0.0,0.0,1.0
ENY3814,348,0.0,0.0,0.0,1.0
ENY3814,349,0.0,0.0,0.0,1.0
ENY3814,350,0.0,0.0,0.0,1.0
ENY3814,351,0.0,0.0,0.0,1.0
ENY3814,352,0.0,0.0,0.0,1.0
ENY3814,353,0.0,0.0,0.0,1.0
ENY3814,354,0.0,0.0,0.0,1.0
ENY3814,355,0.0,0.0,0.0,1.0
ENY3814,356,0.0,0.0,0.0,1.0
ENY3814,357,0.0,0.0,0.0,1.0
ENY3814,358,0.0,0.0,0.0,1.0
ENY3814,359,0.0,0.0,0.0,1.0
ENY3814,360,0.0061,10.81,0.0,1.1
ENY3814,361,0.0,0.0,0.0,1.0
ENY3814,362,0.0,0.0,0.0,1.0
ENY3814,363,0.0,0.0,0.0,1.0
ENY3814,364,0.0,0.0,0.0,1.0
ENY3814,365,0.0,0.0,0.0,1.0
ENY3814,366,0.0,0.0,0.0,1.0
ENY3814,367,0.0,0.0,0.0,1.0
ENY3814,368,0.0,0.0,0.0,1.0
ENY3814,369,0.0,0.0,0.0,1.0
ENY3814,370,0.0,0.0,0.0,1.0
ENY3814,371,0.0,0.0,0.0,1.0
ENY3814,372,0.0,0.0,0.0,1.0
ENY3814,373,0.0,0.0,0.0,1.0
ENY3814,374,0.0,0.0,0.0,1.0
ENY3814,375,0.0,0.0,0.0,1.0
ENY3814,376,0.0,0.0,0.0,1.0
ENY3814,377,0.0,0.0,0.0,1.0
ENY3814,378,0.0,0.0,0.0,1.0
ENY3814,379,0.0,0.0,0.0,1.0
ENY3814,380,0.0,0.0,0.0,1.0
ENY3814,381,0.0,0.0,0.0,1.0
ENY3814,382,0.0,0.0,0.0,1.0
ENY3814,383,0.0,0.0,0.0,1.0
ENY3814,384,0.0,0.0,0.0,1.0
ENY3814,385,0.0,0.0,0.0,1.0
ENY3814,386,0.0,0.0,0.0,1.0
ENY3814,387,0.0,0.0,0.0,1.0
ENY3814,388,0.0,0.0,0.0,1.0
ENY3814,389,0.0,0.0,0.0,1.0
ENY3814,390,0.0,0.0,0.0,1.0
ENY3814,391,0.0,0.0,0.0,1.0
ENY3814,392,0.0,0.0,0.0,1.0
ENY3814,393,0.0,0.0,0.0,1.0
ENY3814,394,0.0,0.0,0.0,1.0
ENY3814,395,0.0129,15.89,0.0,1.3
ENY3814,396,0.0,0.0,0.0,1.0
ENY3814,397,0.0,0.0,0.0,1.0
ENY3814,398,0.0,0.0,0.0,1.0
ENY3814,399,0.0,0.0,0.0,1.0
ENY3814,400,0.0,0.0,0.0,1.0
ENY3814,401,0.0,0.0,0.0,1.0
ENY3814,402,0.0,0.0,0.0,1.0
ENY3814,403,0.0,0.0,0.0,1.0
ENY3814,404,0.0,0.0,0.0,1.0
ENY3814,405,0.0,0.0,0.0,1.0
ENY3814,406,0.0,0.0,0.0,1.0
ENY3814,407,0.0,0.0,0.0,1.0
ENY3814,408,0.0,0.0,0.0,1.0
ENY3814,409,0.0,0.0,0.0,1.0
ENY3814,410,0.0,0.0,0.0,1.0
ENY3814,411,0.0,0.0,0.0,1.0
ENY3814,412,0.0,0.0,0.0,1.0
ENY3814,413,0.0,0.0,0.0,1.0
ENY3814,414,0.0,0.0,0.0,1.0
ENY3814,415,0.0,0.0,0.0,1.0
ENY3814,416,0.0,0.0,0.0,1.0
ENY3814,417,0.0133,17.0,0.0,3.3
ENY3814,418,0.0,0.0,0.0,1.0
ENY3814,419,0.0,0.0,0.0,1.0
ENY3814,420,0.0,0.0,0.0,1.0
ENY3814,421,0.0,0.0,0.0,1.0
ENY3814,422,0.0,0.0,0.0,1.0
ENY3814,423,0.0,0.0,0.0,1.0
ENY3814,424,0.0,0.0,0.0,1.0
ENY3814,425,0.0,0.0,0.0,1.0
ENY3814,426,0.0,0.0,0.0,1.0
ENY3814,427,0.0,0.0,0.0,1.0
ENY3814,428,0.0,0.0,0.0,1.0
ENY3814,429,0.0,0.0,0.0,1.0
ENY3814,430,0.0,0.0,0.0,1.0
ENY3814,431,0.0,0.0,0.0,1.0
ENY3814,432,0.0103,44.51,0.0,1.6
ENY3814,433,0.0,0.0,0.0,1.0
ENY3814,434,0.013,23.55,0.0,3.3
ENY3814,435,0.0,0.0,0.0,1.0
ENY3814,436,0.0,0.0,0.0,1.0
ENY3814,437,0.0,0.0,0.0,1.0
ENY3814,438,0.0,0.0,0.0,1.0
ENY3814,439,0.0,0.0,0.0,1.0
ENY3814,440,0.0,0.0,0.0,1.0
ENY3814,441,0.0,0.0,0.0,1.0
ENY3814,442,0.0,0.0,0.0,1.0
ENY3814,443,0.0,0.0,0.0,1.0
ENY3814,444,0.0,0.0,0.0,1.0
ENY3814,445,0.0,0.0,0.0,1.0
ENY3814,446,0.0,0.0,0.0,1.0
ENY3814,447,0.0055,23.6,0.0,1.7
ENY3814,448,0.0,0.0,0.0,1.0
ENY3814,449,0.0,0.0,0.0,1.0
ENY3814,450,0.0,0.0,0.0,1.0
ENY3814,451,0.0,0.0,0.0,1.0
ENY3814,452,0.0009,4.94,0.0,1.1
ENY3814,453,0.0,0.0,0.0,1.0
ENY3814,454,0.0,0.0,0.0,1.0
ENY3814,455,0.0,0.0,0.0,1.0
ENY3814,456,0.0,0.0,0.0,1.0
ENY3814,457,0.0,0.0,0.0,1.0
ENY3814,458,0.0,0.0,0.0,1.0
ENY3814,459,0.0,0.0,0.0,1.0
ENY3814,460,0.009,14.09,0.0,3.3
ENY3814,461,0.0,0.0,0.0,1.0
ENY3814,462,0.0,0.0,0.0,1.0
ENY3814,463,0.0,0.0,0.0,1.0
ENY3814,464,0.0,0.0,0.0,1.0
ENY3814,465,0.002,5.11,0.0,1.1
ENY3814,466,0.0,0.0,0.0,1.0
ENY3814,467,0.0,0.0,0.0,1.0
ENY3814,468,0.0,0.0,0.0,1.0
ENY3814,469,0.0,0.0,0.0,1.0
ENY3814,470,0.0,0.0,0.0,1.0
ENY3814,471,0.0,0.0,0.0,1.0
ENY3814,472,0.0,0.0,0.0,1.0
ENY3814,473,0.0,0.0,0.0,1.0
ENY3814,474,0.0,0.0,0.0,1.0
ENY3814,475,0.0,0.0,0.0,1.0
ENY3814,476,0.0,0.0,0.0,1.0
ENY3814,477,0.0,0.0,0.0,1.0
ENY3814,478,0.0,0.0,0.0,1.0
ENY3814,479,0.0,0.0,0.0,1.0
ENY3814,480,0.0,0.0,0.0,1.0
ENY3814,481,0.0,0.0,0.0,1.0
ENY3814,482,0.0,0.0,0.0,1.0
ENY3814,483,0.0,0.0,0.0,1.0
ENY3814,484,0.0,0.0,0.0,1.0
ENY3814,485,0.0,0.0,0.0,1.0
ENY3814,486,0.0,0.0,0.0,1.0
ENY3814,487,0.0,0.0,0.0,1.0
ENY3814,488,0.0,0.0,0.0,1.0
ENY3814,489,0.0,0.0,0.0,1.0
ENY3814,490,0.0198,7.32,0.0,1.5
ENY3814,491,0.0,0.0,0.0,1.0
ENY3814,492,0.0,0.0,0.0,1.0
ENY3814,493,0.0105,24.2,0.0,1.3
ENY3814,494,0.0,0.0,0.0,1.0
ENY3814,495,0.0,0.0,0.0,1.0
ENY3814,496,0.0,0.0,0.0,1.0
ENY3814,497,0.0,0.0,0.0,1.0
ENY3814,498,0.0,0.0,0.0,1.0
ENY3814,499,0.0027,4.19,0.0,1.3
ENY3814,500,0.0,0.0,0.0,1.0
ENY3814,501,0.0,0.0,0.0,1.0
ENY3814,502,0.0,0.0,0.0,1.0
ENY3814,503,0.0,0.0,0.0,1.0
ENY3814,504,0.0,0.0,0.0,1.0
ENY3814,505,0.0,0.0,0.0,1.0
ENY3814,506,0.0,0.0,0.0,1.0
ENY3814,507,0.0,0.0,0.0,1.0
ENY3814,508,0.0,0.0,0.0,1.0
ENY3814,509,0.0,0.0,0.0,1.0
ENY3814,510,0.0,0.0,0.0,1.0
ENY3814,511,0.0,0.0,0.0,1.0
ENY3814,512,0.0,0.0,0.0,1.0
ENY3814,513,0.0,0.0,0.0,1.0
ENY3814,514,0.0,0.0,0.0,1.0
ENY3814,515,0.0,0.0,0.0,1.0
ENY3814,516,0.0,0.0,0.0,1.0
ENY3814,517,0.0,0.0,0.0,1.0
ENY3814,518,0.0,0.0,0.0,1.0
ENY3814,519,0.0,0.0,0.0,1.0
ENY3814,520,0.0,0.0,0.0,1.0
ENY3814,521,0.0,0.0,0.0,1.0
ENY3814,522,0.0,0.0,0.0,1.0
ENY3814,523,0.0051,34.85,0.0,2.4
ENY3814,524,0.0,0.0,0.0,1.0
ENY3814,525,0.0,0.0,0.0,1.0
ENY3814,526,0.0,0.0,0.0,1.0
ENY3814,527,0.0,0.0,0.0,1.0
ENY3814,528,0.0135,10.56,0.0,2.4
ENY3814,529,0.0,0.0,0.0,1.0
ENY3814,530,0.0,0.0,0.0,1.0
ENY3814,531,0.0,0.0,0.0,1.0
ENY3814,532,0.0,0.0,0.0,1.0
ENY3814,533,0.0,0.0,0.0,1.0
ENY3814,534,0.0,0.0,0.0,1.0
ENY3814,535,0.0,0.0,0.0,1.0
ENY3814,536,0.0,0.0,0.0,1.0
ENY3814,537,0.0,0.0,0.0,1.0
ENY3814,538,0.0043,2.05,0.0,1.0
ENY3814,539,0.012,6.51,0.0,2.2
ENY3814,540,0.0,0.0,0.0,1.0
ENY3814,541,0.0,0.0,0.0,1.0
ENY3814,542,0.0,0.0,0.0,1.0
ENY3814,543,0.0,0.0,0.0,1.0
ENY3814,544,0.0,0.0,0.0,1.0
ENY3814,545,0.0,0.0,0.0,1.0
ENY3814,546,0.0,0.0,0.0,1.0
ENY3814,547,0.0,0.0,0.0,1.0
ENY3814,548,0.0012,0.41,0.0,1.0
ENY3814,549,0.0,0.0,0.0,1.0
ENY3814,550,0.0,0.0,0.0,1.0
ENY3814,551,0.0,0.0,0.0,1.0
ENY3814,552,0.0,0.0,0.0,1.0
ENY3814,553,0.0,0.0,0.0,1.0
ENY3814,554,0.0,0.0,0.0,1.0
ENY3814,555,0.0,0.0,0.0,1.0
ENY3814,556,0.0,0.0,0.0,1.0
ENY3814,557,0.0,0.0,0.0,1.0
ENY3814,558,0.0,0.0,0.0,1.0
ENY3814,559,0.0,0.0,0.0,1.0
ENY3814,560,0.0,0.0,0.0,1.0
ENY3814,561,0.0,0.0,0.0,1.0
ENY3814,562,0.0084,6.44,0.0,1.4
ENY3814,563,0.0,0.0,0.0,1.0
ENY3814,564,0.0,0.0,0.0,1.0
ENY3814,565,0.0,0.0,0.0,1.0
ENY3814,566,0.0,0.0,0.0,1.0
ENY3814,567,0.0,0.0,0.0,1.0
ENY3814,568,0.0,0.0,0.0,1.0
ENY3814,569,0.0,0.0,0.0,1.0
ENY3814,570,0.0,0.0,0.0,1.0
ENY3814,571,0.0,0.0,0.0,1.0
ENY3814,572,0.0,0.0,0.0,1.0
ENY3814,573,0.0,0.0,0.0,1.0
ENY3814,574,0.0,0.0,0.0,1.0
ENY3814,575,0.0,0.0,0.0,1.0
ENY3814,576,0.0,0.0,0.0,1.0
ENY3814,577,0.0,0.0,0.0,1.0
ENY3814,578,0.0,0.0,0.0,1.0
ENY3814,579,0.0,0.0,0.0,1.0
ENY3814,580,0.0001,9.48,0.0,1.6
ENY3814,581,0.0,0.0,0.0,1.0
ENY3814,582,0.0,0.0,0.0,1.0
ENY3814,583,0.0,0.0,0.0,1.0
ENY3814,584,0.0,0.0,0.0,1.0
ENY3814,585,0.0,0.0,0.0,1.0
ENY3814,586,0.0,0.0,0.0,1.0
ENY3814,587,0.0,0.0,0.0,1.0
ENY3814,588,0.0,0.0,0.0,1.0
ENY3814,589,0.0,0.0,0.0,1.0
ENY3814,590,0.0,0.0,0.0,1.0
ENY3814,591,0.0,0.0,0.0,1.0
ENY3814,592,0.0,0.0,0.0,1.0
ENY3814,593,0.0,0.0,0.0,1.0
ENY3814,594,0.0,0.0,0.0,1.0
ENY3814,595,0.0,0.0,0.0,1.0
ENY3814,596,0.0,0.0,0.0,1.0
ENY3814,597,0.0,0.0,0.0,1.0
ENY3814,598,0.0,0.0,0.0,1.0
ENY3814,599,0.0,0.0,0.0,1.0
ENY3814,600,0.0,0.0,0.0,1.0
ENY3814,601,0.0,0.0,0.0,1.0
ENY3814,602,0.0,0.0,0.0,1.0
ENY3814,603,0.0,0.0,0.0,1.0
ENY3814,604,0.0,0.0,0.0,1.0
ENY3814,605,0.0,0.0,0.0,1.0
ENY3814,606,0.0,0.0,0.0,1.0
ENY3814,607,0.0,0.0,0.0,1.0
ENY3814,608,0.0,0.0,0.0,1.0
ENY3814,609,0.0,0.0,0.0,1.0
ENY3814,610,0.0,0.0,0.0,1.0
ENY3814,611,0.0,0.0,0.0,1.0
ENY3814,612,0.0,0.0,0.0,1.0
ENY3814,613,0.0,0.0,0.0,1.0
ENY3814,614,0.0,0.0,0.0,1.0
ENY3814,615,0.0016,9.49,0.0,1.1
ENY3814,616,0.0,0.0,0.0,1.0
ENY3814,617,0.0,0.0,0.0,1.0
ENY3814,618,0.0,0.0,0.0,1.0
ENY3814,619,0.0,0.0,0.0,1.0
ENY3814,620,0.0,0.0,0.0,1.0
ENY3814,621,0.0,0.0,0.0,1.0
ENY3814,622,0.0018,13.28,0.0,1.1
ENY3814,623,0.0,0.0,0.0,1.0
ENY3814,624,0.0,0.0,0.0,1.0
ENY3814,625,0.0057,9.24,0.0,1.1
ENY3814,626,0.0,0.0,0.0,1.0
ENY3814,627,0.0,0.0,0.0,1.0
ENY3814,628,0.0,0.0,0.0,1.0
ENY3814,629,0.0,0.0,0.0,1.0
ENY3814,630,0.0,0.0,0.0,1.0
ENY3814,631,0.0,0.0,0.0,1.0
ENY3814,632,0.0,0.0,0.0,1.0
ENY3814,633,0.0,0.0,0.0,1.0
ENY3814,634,0.0,0.0,0.0,1.0
ENY3814,635,0.0,0.0,0.0,1.0
ENY3814,636,0.0,0.0,0.0,1.0
ENY3814,637,0.0,0.0,0.0,1.0
ENY3814,638,0.0018,14.1,0.0,1.9
ENY3814,639,0.0,0.0,0.0,1.0
ENY3814,640,0.0,0.0,0.0,1.0
ENY3814,641,0.0,0.0,0.0,1.0
ENY3814,642,0.0,0.0,0.0,1.0
ENY3814,643,0.0,0.0,0.0,1.0
ENY3814,644,0.0,0.0,0.0,1.0
ENY3814,645,0.0,0.0,0.0,1.0
ENY3814,646,0.0,0.0,0.0,1.0
ENY3814,647,0.0,0.0,0.0,1.0
ENY3814,648,0.0,0.0,0.0,1.0
ENY3814,649,0.0,0.0,0.0,1.0
ENY3814,650,0.0,0.0,0.0,1.0
ENY3814,651,0.0,0.0,0.0,1.0
ENY3814,652,0.0,0.0,0.0,1.0
ENY3814,653,0.0,0.0,0.0,1.0
ENY3814,654,0.0,0.0,0.0,1.0
ENY3814,655,0.0,0.0,0.0,1.0
ENY3814,656,0.0,0.0,0.0,1.0
ENY3814,657,0.0,0.0,0.0,1.0
ENY3814,658,0.0,0.0,0.0,1.0
ENY3814,659,0.01,16.94,0.0,1.5
ENY3814,660,0.0,0.0,0.0,1.0
ENY3814,661,0.0,0.0,0.0,1.0
ENY3814,662,0.0,0.0,0.0,1.0
ENY3814,663,0.0,0.0,0.0,1.0
ENY3814,664,0.0,0.0,0.0,1.0
ENY3814,665,0.0,0.0,0.0,1.0
ENY3814,666,0.0,0.0,0.0,1.0
ENY3814,667,0.0,0.0,0.0,1.0
ENY3814,668,0.0,0.0,0.0,1.0
ENY3814,669,0.0,0.0,0.0,1.0
ENY3814,670,0.0,0.0,0.0,1.0
ENY3814,671,0.0,0.0,0.0,1.0
ENY3814,672,0.0,0.0,0.0,1.0
ENY3814,673,0.0,0.0,0.0,1.0
ENY3814,674,0.0,0.0,0.0,1.0
ENY3814,675,0.0,0.0,0.0,1.0
ENY3814,676,0.0,0.0,0.0,1.0
ENY3814,677,0.0,0.0,0.0,1.0
ENY3814,678,0.0,0.0,0.0,1.0
ENY3814,679,0.0156,14.94,0.0,4.1
ENY3814,680,0.0,0.0,0.0,1.0
ENY3814,681,0.0,0.0,0.0,1.0
ENY3814,682,0.0,0.0,0.0,1.0
ENY3814,683,0.0077,7.47,0.0,1.4
ENY3814,684,0.0,0.0,0.0,1.0
ENY3814,685,0.0,0.0,0.0,1.0
ENY3814,686,0.0,0.0,0.0,1.0
ENY3814,687,0.0,0.0,0.0,1.0
ENY3814,688,0.0,0.0,0.0,1.0
ENY3814,689,0.0,0.0,0.0,1.0
ENY3814,690,0.0,0.0,0.0,1.0
ENY3814,691,0.0,0.0,0.0,1.0
ENY3814,692,0.0,0.0,0.0,1.0
ENY3814,693,0.0,0.0,0.0,1.0
ENY3814,694,0.0,0.0,0.0,1.0
ENY3814,695,0.0222,4.87,0.0,2.2
ENY3814,696,0.0,0.0,0.0,1.0
ENY3814,697,0.0,0.0,0.0,1.0
ENY3814,698,0.0,0.0,0.0,1.0
ENY3814,699,0.0,0.0,0.0,1.0
ENY3814,700,0.0,0.0,0.0,1.0
ENY3814,701,0.0,0.0,0.0,1.0
ENY3814,702,0.0,0.0,0.0,1.0
ENY3814,703,0.0,0.0,0.0,1.0
ENY3814,704,0.0,0.0,0.0,1.0
ENY3814,705,0.0,0.0,0.0,1.0
ENY3814,706,0.0,0.0,0.0,1.0
ENY3814,707,0.0,0.0,0.0,1.0
ENY3814,708,0.0,0.0,0.0,1.0
ENY3814,709,0.0,0.0,0.0,1.0
ENY3814,710,0.0,0.0,0.0,1.0
ENY3814,711,0.0,0.0,0.0,1.0
ENY3814,712,0.0,0.0,0.0,1.0
ENY3814,713,0.0,0.0,0.0,1.0
ENY3814,714,0.0,0.0,0.0,1.0
ENY3814,715,0.0,0.0,0.0,1.0
ENY3814,716,0.0,0.0,0.0,1.0
ENY3814,717,0.0,0.0,0.0,1.0
ENY3814,718,0.0,0.0,0.0,1.0
ENY3814,719,0.0,0.0,0.0,1.0
ENY3814,720,0.0,0.0,0.0,1.0
ENY3814,721,0.0,0.0,0.0,1.0
ENY3814,722,0.0,0.0,0.0,1.0
ENY3814,723,0.0,0.0,0.0,1.0
ENY3814,724,0.0,0.0,0.0,1.0
ENY3814,725,0.0,0.0,0.0,1.0
ENY3814,726,0.0,0.0,0.0,1.0
ENY3814,727,0.0014,8.56,0.0,1.0
ENY3814,728,0.0,0.0,0.0,1.0
ENY3814,729,0.0,0.0,0.0,1.0
ENY3814,730,0.0,0.0,0.0,1.0
ENY3814,731,0.0,0.0,0.0,1.0
ENY3814,732,0.0,0.0,0.0,1.0
ENY3814,733,0.0,0.0,0.0,1.0
ENY3814,734,0.0,0.0,0.0,1.0
ENY3814,735,0.0,0.0,0.0,1.0
ENY3814,736,0.0,0.0,0.0,1.0
ENY3814,737,0.0,0.0,0.0,1.0
ENY3814,738,0.0,0.0,0.0,1.0
ENY3814,739,0.0077,36.95,0.0,1.8
ENY3814,740,0.0,0.0,0.0,1.0
ENY3814,741,0.0,0.0,0.0,1.0
ENY3814,742,0.0,0.0,0.0,1.0
ENY3814,743,0.0045,1.69,0.0,1.1
ENY3814,744,0.0,0.0,0.0,1.0
ENY3814,745,0.0,0.0,0.0,1.0
ENY3814,746,0.0,0.0,0.0,1.0
ENY3814,747,0.0,0.0,0.0,1.0
ENY3814,748,0.0,0.0,0.0,1.0
ENY3814,749,0.0,0.0,0.0,1.0
ENY3814,750,0.0,0.0,0.0,1.0
ENY3814,751,0.0,0.0,0.0,1.0
ENY3814,752,0.0,0.0,0.0,1.0
ENY3814,753,0.0,0.0,0.0,1.0
ENY3814,754,0.0,0.0,0.0,1.0
ENY3814,755,0.0,0.0,0.0,1.0
ENY3814,756,0.0,0.0,0.0,1.0
ENY3814,757,0.0,0.0,0.0,1.0
ENY3814,758,0.0,0.0,0.0,1.0
ENY3814,759,0.0,0.0,0.0,1.0
ENY3814,760,0.0,0.0,0.0,1.0
ENY3814,761,0.0,0.0,0.0,1.0
ENY3814,762,0.0,0.0,0.0,1.0
ENY3814,763,0.0,0.0,0.0,1.0
ENY3814,764,0.0,0.0,0.0,1.0
ENY3814,765,0.0,0.0,0.0,1.0
ENY3814,766,0.0,0.0,0.0,1.0
ENY3814,767,0.0,0.0,0.0,1.0
ENY3814,768,0.0,0.0,0.0,1.0
ENY3814,769,0.0,0.0,0.0,1.0
ENY3814,770,0.0,0.0,0.0,1.0
ENY3814,771,0.0,0.0,0.0,1.0
ENY3814,772,0.0,0.0,0.0,1.0
ENY3814,773,0.0,0.0,0.0,1.0
ENY3814,774,0.0,0.0,0.0,1.0
ENY3814,775,0.0102,9.97,0.0,2.1
ENY3814,776,0.0,0.0,0.0,1.0
ENY3814,777,0.0,0.0,0.0,1.0
ENY3814,778,0.0174,25.34,0.0,2.0
ENY3814,779,0.0,0.0,0.0,1.0
ENY3814,780,0.0,0.0,0.0,1.0
ENY3814,781,0.0,0.0,0.0,1.0
ENY3814,782,0.0,0.0,0.0,1.0
ENY3814,783,0.0,0.0,0.0,1.0
ENY3814,784,0.0,0.0,0.0,1.0
ENY3814,785,0.0,0.0,0.0,1.0
ENY3814,786,0.0199,8.33,0.0,1.7
ENY3814,787,0.0,0.0,0.0,1.0
ENY3814,788,0.0,0.0,0.0,1.0
ENY3814,789,0.0,0.0,0.0,1.0
ENY3814,790,0.0,0.0,0.0,1.0
ENY3814,791,0.0,0.0,0.0,1.0
ENY3814,792,0.0,0.0,0.0,1.0
ENY3814,793,0.0,0.0,0.0,1.0
ENY3814,794,0.0,0.0,0.0,1.0
ENY3814,795,0.0,0.0,0.0,1.0
ENY3814,796,0.0,0.0,0.0,1.0
ENY3814,797,0.0,0.0,0.0,1.0
ENY3814,798,0.0,0.0,0.0,1.0
ENY3814,799,0.0,0.0,0.0,1.0
ENY3814,800,0.0,0.0,0.0,1.0
ENY3814,801,0.0,0.0,0.0,1.0
ENY3814,802,0.0,0.0,0.0,1.0
ENY3814,803,0.0,0.0,0.0,1.0
ENY3814,804,0.0,0.0,0.0,1.0
ENY3814,805,0.0,0.0,0.0,1.0
ENY3814,806,0.0,0.0,0.0,1.0
ENY3814,807,0.0,0.0,0.0,1.0
ENY3814,808,0.0,0.0,0.0,1.0
ENY3814,809,0.0033,17.2,0.0,1.9
ENY3814,810,0.0,0.0,0.0,1.0
ENY3814,811,0.0,0.0,0.0,1.0
ENY3814,812,0.0,0.0,0.0,1.0
ENY3814,813,0.0,0.0,0.0,1.0
ENY3814,814,0.0,0.0,0.0,1.0
ENY3814,815,0.0,0.0,0.0,1.0
ENY3814,816,0.0,0.0,0.0,1.0
ENY3814,817,0.0,0.0,0.0,1.0
ENY3814,818,0.0,0.0,0.0,1.0
ENY3814,819,0.0,0.0,0.0,1.0
ENY3814,820,0.0,0.0,0.0,1.0
ENY3814,821,0.0,0.0,0.0,1.0
ENY3814,822,0.0,0.0,0.0,1.0
ENY3814,823,0.0052,2.64,0.0,1.1
ENY3814,824,0.0,0.0,0.0,1.0
ENY3814,825,0.0104,11.38,0.0,2.0
ENY3814,826,0.0,0.0,0.0,1.0
ENY3814,827,0.0,0.0,0.0,1.0
ENY3814,828,0.0,0.0,0.0,1.0
ENY3814,829,0.0,0.0,0.0,1.0
ENY3814,830,0.0,0.0,0.0,1.0
ENY3814,831,0.0,0.0,0.0,1.0
ENY3814,832,0.0,0.0,0.0,1.0
ENY3814,833,0.0,0.0,0.0,1.0
ENY3814,834,0.0,0.0,0.0,1.0
ENY3814,835,0.0,0.0,0.0,1.0
ENY3814,836,0.0,0.0,0.0,1.0
ENY3814,837,0.0,0.0,0.0,1.0
ENY3814,838,0.0,0.0,0.0,1.0
ENY3814,839,0.0,0.0,0.0,1.0
ENY3814,840,0.0099,24.29,0.0,2.9
ENY3814,841,0.0,0.0,0.0,1.0
ENY3814,842,0.0,0.0,0.0,1.0
ENY3814,843,0.0,0.0,0.0,1.0
ENY3814,844,0.0,0.0,0.0,1.0
ENY3814,845,0.0,0.0,0.0,1.0
ENY3814,846,0.0,0.0,0.0,1.0
ENY3814,847,0.0,0.0,0.0,1.0
ENY3814,848,0.0,0.0,0.0,1.0
ENY3814,849,0.0,0.0,0.0,1.0
ENY3814,850,0.002,5.61,0.0,1.1
ENY3814,851,0.0,0.0,0.0,1.0
ENY3814,852,0.0,0.0,0.0,1.0
ENY3814,853,0.0,0.0,0.0,1.0
ENY3814,854,0.0,0.0,0.0,1.0
ENY3814,855,0.0,0.0,0.0,1.0
ENY3814,856,0.0,0.0,0.0,1.0
ENY3814,857,0.0,0.0,0.0,1.0
ENY3814,858,0.0,0.0,0.0,1.0
ENY3814,859,0.0,0.0,0.0,1.0
ENY3814,860,0.0,0.0,0.0,1.0
ENY3814,861,0.0,0.0,0.0,1.0
ENY3814,862,0.0,0.0,0.0,1.0
ENY3814,863,0.0,0.0,0.0,1.0
ENY3814,864,0.0,0.0,0.0,1.0
ENY3814,865,0.0,0.0,0.0,1.0
ENY3814,866,0.0004,1.66,0.0,1.0
ENY3814,867,0.0,0.0,0.0,1.0
ENY3814,868,0.0,0.0,0.0,1.0
ENY3814,869,0.002,4.61,0.0,1.1
ENY3814,870,0.0001,2.11,0.0,1.0
ENY3814,871,0.0,0.0,0.0,1.0
ENY3814,872,0.0,0.0,0.0,1.0
ENY3814,873,0.0,0.0,0.0,1.0
ENY3814,874,0.0,0.0,0.0,1.0
ENY3814,875,0.0,0.0,0.0,1.0
ENY3814,876,0.0,0.0,0.0,1.0
ENY3814,877,0.0,0.0,0.0,1.0
ENY3814,878,0.0,0.0,0.0,1.0
ENY3814,879,0.0,0.0,0.0,1.0
ENY3814,880,0.0,0.0,0.0,1.0
ENY3814,881,0.0,0.0,0.0,1.0
ENY3814,882,0.0,0.0,0.0,1.0
ENY3814,883,0.0,0.0,0.0,1.0
ENY3814,884,0.0,0.0,0.0,1.0
ENY3814,885,0.0,0.0,0.0,1.0
ENY3814,886,0.0,0.0,0.0,1.0
ENY3814,887,0.0,0.0,0.0,1.0
ENY3814,888,0.0,0.0,0.0,1.0
ENY3814,889,0.0043,9.79,0.0,1.2
ENY3814,890,0.0,0.0,0.0,1.0
ENY3814,891,0.0,0.0,0.0,1.0
ENY3814,892,0.0,0.0,0.0,1.0
ENY3814,893,0.0,0.0,0.0,1.0
ENY3814,894,0.0,0.0,0.0,1.0
ENY3814,895,0.0,0.0,0.0,1.0
ENY3814,896,0.0,0.0,0.0,1.0
ENY3814,897,0.0164,12.96,0.0,1.7
ENY3814,898,0.0106,5.66,0.0,1.2
ENY3814,899,0.0,0.0,0.0,1.0
ENY3814,900,0.0,0.0,0.0,1.0
ENY3814,901,0.0,0.0,0.0,1.0
ENY3814,902,0.0,0.0,0.0,1.0
ENY3814,903,0.0,0.0,0.0,1.0
ENY3814,904,0.0,0.0,0.0,1.0
ENY3814,905,0.0,0.0,0.0,1.0
ENY3814,906,0.0,0.0,0.0,1.0
ENY3814,907,0.0,0.0,0.0,1.0
ENY3814,908,0.0,0.0,0.0,1.0
ENY3814,909,0.0,0.0,0.0,1.0
ENY3814,910,0.0,0.0,0.0,1.0
ENY3814,911,0.0,0.0,0.0,1.0
ENY3814,912,0.0005,3.03,0.0,1.0
ENY3814,913,0.0,0.0,0.0,1.0
ENY3814,914,0.0,0.0,0.0,1.0
ENY3814,915,0.0,0.0,0.0,1.0
ENY3814,916,0.0,0.0,0.0,1.0
ENY3814,917,0.0101,10.19,0.0,2.4
ENY3814,918,0.0,0.0,0.0,1.0
ENY3814,919,0.0,0.0,0.0,1.0
ENY3814,920,0.0,0.0,0.0,1.0
ENY3814,921,0.0,0.0,0.0,1.0
ENY3814,922,0.0,0.0,0.0,1.0
ENY3814,923,0.0,0.0,0.0,1.0
ENY3814,924,0.0,0.0,0.0,1.0
ENY3814,925,0.0,0.0,0.0,1.0
ENY3814,926,0.0,0.0,0.0,1.0
ENY3814,927,0.0,0.0,0.0,1.0
ENY3814,928,0.0029,17.05,0.0,1.8
ENY3814,929,0.0,0.0,0.0,1.0
ENY3814,930,0.0,0.0,0.0,1.0
ENY3814,931,0.0,0.0,0.0,1.0
ENY3814,932,0.0,0.0,0.0,1.0
ENY3814,933,0.0,0.0,0.0,1.0
ENY3814,934,0.0,0.0,0.0,1.0
ENY3814,935,0.0,0.0,0.0,1.0
ENY3814,936,0.0,0.0,0.0,1.0
ENY3814,937,0.0,0.0,0.0,1.0
ENY3814,938,0.0,0.0,0.0,1.0
ENY3814,939,0.0007,3.86,0.0,1.0
ENY3814,940,0.0,0.0,0.0,1.0
ENY3814,941,0.0,0.0,0.0,1.0
ENY3814,942,0.0,0.0,0.0,1.0
ENY3814,943,0.0,0.0,0.0,1.0
ENY3814,944,0.0,0.0,0.0,1.0
ENY3814,945,0.0,0.0,0.0,1.0
ENY3814,946,0.0,0.0,0.0,1.0
ENY3814,947,0.0,0.0,0.0,1.0
ENY3814,948,0.0,0.0,0.0,1.0
ENY3814,949,0.0,0.0,0.0,1.0
ENY3814,950,0.0,0.0,0.0,1.0
ENY3814,951,0.0,0.0,0.0,1.0
ENY3814,952,0.0,0.0,0.0,1.0
ENY3814,953,0.0108,5.33,0.0,1.9
ENY3814,954,0.0,0.0,0.0,1.0
ENY3814,955,0.0,0.0,0.0,1.0
ENY3814,956,0.0,0.0,0.0,1.0
ENY3814,957,0.0,0.0,0.0,1.0
ENY3814,958,0.0,0.0,0.0,1.0
ENY3814,959,0.0,0.0,0.0,1.0
ENY3814,960,0.0,0.0,0.0,1.0
ENY3814,961,0.0,0.0,0.0,1.0
ENY3814,962,0.0,0.0,0.0,1.0
ENY3814,963,0.0,0.0,0.0,1.0
ENY3814,964,0.0,0.0,0.0,1.0
ENY3814,965,0.0,0.0,0.0,1.0
ENY3814,966,0.0,0.0,0.0,1.0
ENY3814,967,0.0,0.0,0.0,1.0
ENY3814,968,0.0,0.0,0.0,1.0
ENY3814,969,0.0,0.0,0.0,1.0
ENY3814,970,0.0,0.0,0.0,1.0
ENY3814,971,0.0,0.0,0.0,1.0
ENY3814,972,0.0,0.0,0.0,1.0
ENY3814,973,0.0,0.0,0.0,1.0
ENY3814,974,0.0,0.0,0.0,1.0
ENY3814,975,0.0,0.0,0.0,1.0
ENY3814,976,0.0,0.0,0.0,1.0
ENY3814,977,0.0,0.0,0.0,1.0
ENY3814,978,0.0,0.0,0.0,1.0
ENY3814,979,0.0,0.0,0.0,1.0
ENY3814,980,0.0,0.0,0.0,1.0
ENY3814,981,0.0,0.0,0.0,1.0
ENY3814,982,0.0,0.0,0.0,1.0
ENY3814,983,0.0,0.0,0.0,1.0
ENY3814,984,0.0,0.0,0.0,1.0
ENY3814,985,0.0,0.0,0.0,1.0
ENY3814,986,0.0,0.0,0.0,1.0
ENY3814,987,0.0,0.0,0.0,1.0
ENY3814,988,0.0,0.0,0.0,1.0
ENY3814,989,0.0012,1.61,0.0,1.0
ENY3814,990,0.0052,19.74,0.0,3.1
ENY3814,991,0.0,0.0,0.0,1.0
ENY3814,992,0.0,0.0,0.0,1.0
ENY3814,993,0.0073,18.94,0.0,1.5
ENY3814,994,0.0,0.0,0.0,1.0
ENY3814,995,0.0,0.0,0.0,1.0
ENY3814,996,0.0,0.0,0.0,1.0
ENY3814,997,0.0029,9.55,0.0,1.2
ENY3814,998,0.0,0.0,0.0,1.0
ENY3814,999,0.0,0.0,0.0,1.0
ENY3814,1000,0.0,0.0,0.0,1.0
ENY3814,1001,0.0,0.0,0.0,1.0
ENY3814,1002,0.0133,6.55,0.0,1.1
ENY3814,1003,0.0,0.0,0.0,1.0
ENY3814,1004,0.0036,42.6,0.0,1.7
ENY3814,1005,0.0,0.0,0.0,1.0
ENY3814,1006,0.0,0.0,0.0,1.0
ENY3814,1007,0.0,0.0,0.0,1.0
ENY3814,1008,0.0,0.0,0.0,1.0
ENY3814,1009,0.0,0.0,0.0,1.0
ENY3814,1010,0.0,0.0,0.0,1.0
ENY3814,1011,0.0,0.0,0.0,1.0
ENY3814,1012,0.0,0.0,0.0,1.0
ENY3814,1013,0.0,0.0,0.0,1.0
ENY3814,1014,0.0,0.0,0.0,1.0
ENY3814,1015,0.003,14.1,0.0,1.3
ENY3814,1016,0.0,0.0,0.0,1.0
ENY3814,1017,0.0,0.0,0.0,1.0
ENY3814,1018,0.0,0.0,0.0,1.0
ENY3814,1019,0.0,0.0,0.0,1.0
ENY3814,1020,0.0,0.0,0.0,1.0
ENY3814,1021,0.0,0.0,0.0,1.0
ENY3814,1022,0.0,0.0,0.0,1.0
ENY3814,1023,0.0,0.0,0.0,1.0
ENY3814,1024,0.0,0.0,0.0,1.0
ENY3814,1025,0.0,0.0,0.0,1.0
ENY3814,1026,0.0,0.0,0.0,1.0
ENY3814,1027,0.0,0.0,0.0,1.0
ENY3814,1028,0.0,0.0,0.0,1.0
ENY3814,1029,0.0052,13.26,0.0,1.3
ENY3814,1030,0.0,0.0,0.0,1.0
ENY3814,1031,0.0,0.0,0.0,1.0
ENY3814,1032,0.0,0.0,0.0,1.0
ENY3814,1033,0.0,0.0,0.0,1.0
ENY3814,1034,0.0,0.0,0.0,1.0
ENY3814,1035,0.0,0.0,0.0,1.0
ENY3814,1036,0.0,0.0,0.0,1.0
ENY3814,1037,0.0,0.0,0.0,1.0
ENY3814,1038,0.0,0.0,0.0,1.0
ENY3814,1039,0.0,0.0,0.0,1.0
ENY3814,1040,0.0,0.0,0.0,1.0
ENY3814,1041,0.0,0.0,0.0,1.0
ENY3814,1042,0.0,0.0,0.0,1.0
ENY3814,1043,0.0,0.0,0.0,1.0
ENY3814,1044,0.0021,2.91,0.0,1.0
ENY3814,1045,0.0,0.0,0.0,1.0
ENY3814,1046,0.0,0.0,0.0,1.0
ENY3814,1047,0.0,0.0,0.0,1.0
ENY3814,1048,0.0,0.0,0.0,1.0
ENY3814,1049,0.0,0.0,0.0,1.0
ENY3814,1050,0.0,0.0,0.0,1.0
ENY3814,1051,0.0,0.0,0.0,1.0
ENY3814,1052,0.0,0.0,0.0,1.0
ENY3814,1053,0.0,0.0,0.0,1.0
ENY3814,1054,0.0,0.0,0.0,1.0
ENY3814,1055,0.0025,11.38,0.0,1.0
ENY3814,1056,0.0,0.0,0.0,1.0
ENY3814,1057,0.0,0.0,0.0,1.0
ENY3814,1058,0.0,0.0,0.0,1.0
ENY3814,1059,0.0,0.0,0.0,1.0
ENY3814,1060,0.0,0.0,0.0,1.0
ENY3814,1061,0.0,0.0,0.0,1.0
ENY3814,1062,0.0,0.0,0.0,1.0
ENY3814,1063,0.0,0.0,0.0,1.0
ENY3814,1064,0.013,13.02,0.0,2.7
ENY3814,1065,0.0,0.0,0.0,1.0
ENY3814,1066,0.0,0.0,0.0,1.0
ENY3814,1067,0.0,0.0,0.0,1.0
ENY3814,1068,0.0,0.0,0.0,1.0
ENY3814,1069,0.0,0.0,0.0,1.0
ENY3814,1070,0.0,0.0,0.0,1.0
ENY3814,1071,0.0,0.0,0.0,1.0
ENY3814,1072,0.0116,26.91,0.0,2.7
ENY3814,1073,0.0,0.0,0.0,1.0
ENY3814,1074,0.0017,11.11,0.0,1.0
ENY3814,1075,0.0,0.0,0.0,1.0
ENY3814,1076,0.0,0.0,0.0,1.0
ENY3814,1077,0.0,0.0,0.0,1.0
ENY3814,1078,0.0,0.0,0.0,1.0
ENY3814,1079,0.0,0.0,0.0,1.0
ENY3814,1080,0.0195,45.2,0.0,4.5
ENY3814,1081,0.0,0.0,0.0,1.0
ENY3814,1082,0.0,0.0,0.0,1.0
ENY3814,1083,0.0,0.0,0.0,1.0
ENY3814,1084,0.0,0.0,0.0,1.0
ENY3814,1085,0.0,0.0,0.0,1.0
ENY3814,1086,0.0,0.0,0.0,1.0
ENY3814,1087,0.0,0.0,0.0,1.0
ENY3814,1088,0.0,0.0,0.0,1.0
ENY3814,1089,0.0,0.0,0.0,1.0
ENY3814,1090,0.0,0.0,0.0,1.0
ENY3814,1091,0.0,0.0,0.0,1.0
ENY3814,1092,0.0,0.0,0.0,1.0
ENY3814,1093,0.0,0.0,0.0,1.0
ENY3814,1094,0.0,0.0,0.0,1.0
ENY3814,1095,0.0,0.0,0.0,1.0
ENY3814,1096,0.0,0.0,0.0,1.0
ENY3814,1097,0.0,0.0,0.0,1.0
ENY3814,1098,0.0,0.0,0.0,1.0
ENY3814,1099,0.0,0.0,0.0,1.0
ENY3814,1100,0.0,0.0,0.0,1.0
ENY3814,1101,0.0,0.0,0.0,1.0
ENY3814,1102,0.0,0.0,0.0,1.0
ENY3814,1103,0.0,0.0,0.0,1.0
ENY3814,1104,0.0,0.0,0.0,1.0
ENY3814,1105,0.0024,6.72,0.0,1.0
ENY3814,1106,0.0,0.0,0.0,1.0
ENY3814,1107,0.0,0.0,0.0,1.0
ENY3814,1108,0.0,0.0,0.0,1.0
ENY3814,1109,0.0,0.0,0.0,1.0
ENY3814,1110,0.0022,14.54,0.0,1.6
ENY3814,1111,0.0,0.0,0.0,1.0
ENY3814,1112,0.0,0.0,0.0,1.0
ENY3814,1113,0.0,0.0,0.0,1.0
ENY3814,1114,0.004,2.4,0.0,1.1
ENY3814,1115,0.0,0.0,0.0,1.0
ENY3814,1116,0.018,15.41,0.0,2.1
ENY3814,1117,0.0,0.0,0.0,1.0
ENY3814,1118,0.0146,18.75,0.0,1.7
ENY3814,1119,0.0,0.0,0.0,1.0
ENY3814,1120,0.0,0.0,0.0,1.0
ENY3814,1121,0.0,0.0,0.0,1.0
ENY3814,1122,0.0,0.0,0.0,1.0
ENY3814,1123,0.0,0.0,0.0,1.0
ENY3814,1124,0.0,0.0,0.0,1.0
ENY3814,1125,0.0,0.0,0.0,1.0
ENY3814,1126,0.0,0.0,0.0,1.0
ENY3814,1127,0.0,0.0,0.0,1.0
ENY3814,1128,0.0,0.0,0.0,1.0
ENY3814,1129,0.0,0.0,0.0,1.0
ENY3814,1130,0.0067,15.01,0.0,1.3
ENY3814,1131,0.0,0.0,0.0,1.0
ENY3814,1132,0.0,0.0,0.0,1.0
ENY3814,1133,0.0,0.0,0.0,1.0
ENY3814,1134,0.0,0.0,0.0,1.0
ENY3814,1135,0.0,0.0,0.0,1.0
ENY3814,1136,0.0,0.0,0.0,1.0
ENY3814,1137,0.0,0.0,0.0,1.0
ENY3814,1138,0.0,0.0,0.0,1.0
ENY3814,1139,0.0108,50.87,0.0,2.3
ENY3814,1140,0.0,0.0,0.0,1.0
ENY3814,1141,0.0,0.0,0.0,1.0
ENY3814,1142,0.0,0.0,0.0,1.0
ENY3814,1143,0.0,0.0,0.0,1.0
ENY3814,1144,0.0,0.0,0.0,1.0
ENY3814,1145,0.0151,7.15,0.0,1.5
ENY3814,1146,0.0,0.0,0.0,1.0
ENY3814,1147,0.0012,6.48,0.0,1.1
ENY3814,1148,0.0,0.0,0.0,1.0
ENY3814,1149,0.0,0.0,0.0,1.0
ENY3814,1150,0.0,0.0,0.0,1.0
ENY3814,1151,0.0,0.0,0.0,1.0
ENY3814,1152,0.0,0.0,0.0,1.0
ENY3814,1153,0.0,0.0,0.0,1.0
ENY3814,1154,0.0,0.0,0.0,1.0
ENY3814,1155,0.0,0.0,0.0,1.0
ENY3814,1156,0.0,0.0,0.0,1.0
ENY3814,1157,0.0,0.0,0.0,1.0
ENY3814,1158,0.0,0.0,0.0,1.0
ENY3814,1159,0.0,0.0,0.0,1.0
ENY3814,1160,0.0,0.0,0.0,1.0
ENY3814,1161,0.0,0.0,0.0,1.0
ENY3814,1162,0.0,0.0,0.0,1.0
ENY3814,1163,0.0,0.0,0.0,1.0
ENY3814,1164,0.0,0.0,0.0,1.0
ENY3814,1165,0.0,0.0,0.0,1.0
ENY3814,1166,0.0,0.0,0.0,1.0
ENY3814,1167,0.0,0.0,0.0,1.0
ENY3814,1168,0.0,0.0,0.0,1.0
ENY3814,1169,0.0,0.0,0.0,1.0
ENY3814,1170,0.0,0.0,0.0,1.0
ENY3814,1171,0.0,0.0,0.0,1.0
ENY3814,1172,0.0066,13.57,0.0,1.9
ENY3814,1173,0.0,0.0,0.0,1.0
ENY3814,1174,0.0,0.0,0.0,1.0
ENY3814,1175,0.0,0.0,0.0,1.0
ENY3814,1176,0.0,0.0,0.0,1.0
ENY3814,1177,0.0,0.0,0.0,1.0
ENY3814,1178,0.0163,11.45,0.0,1.4
ENY3814,1179,0.0148,26.64,0.0,3.2
ENY3814,1180,0.0,0.0,0.0,1.0
ENY3814,1181,0.0,0.0,0.0,1.0
ENY3814,1182,0.0,0.0,0.0,1.0
ENY3814,1183,0.0,0.0,0.0,1.0
ENY3814,1184,0.0,0.0,0.0,1.0
ENY3814,1185,0.0,0.0,0.0,1.0
ENY3814,1186,0.0,0.0,0.0,1.0
ENY3814,1187,0.0,0.0,0.0,1.0
ENY3814,1188,0.0,0.0,0.0,1.0
ENY3814,1189,0.0,0.0,0.0,1.0
ENY3814,1190,0.0,0.0,0.0,1.0
ENY3814,1191,0.0,0.0,0.0,1.0
ENY3814,1192,0.0,0.0,0.0,1.0
ENY3814,1193,0.0,0.0,0.0,1.0
ENY3814,1194,0.0,0.0,0.0,1.0
ENY3814,1195,0.0,0.0,0.0,1.0
ENY3814,1196,0.0,0.0,0.0,1.0
ENY3814,1197,0.0,0.0,0.0,1.0
ENY3814,1198,0.0037,19.92,0.0,1.3
ENY3814,1199,0.0,0.0,0.0,1.0
ENY3814,1200,0.0,0.0,0.0,1.0
ENY3814,1201,0.0,0.0,0.0,1.0
ENY3814,1202,0.0,0.0,0.0,1.0
ENY3814,1203,0.0,0.0,0.0,1.0
ENY3814,1204,0.0,0.0,0.0,1.0
ENY3814,1205,0.0021,3.67,0.0,1.0
ENY3814,1206,0.0,0.0,0.0,1.0
ENY3814,1207,0.0051,8.31,0.0,1.1
ENY3814,1208,0.0,0.0,0.0,1.0
ENY3814,1209,0.0,0.0,0.0,1.0
ENY3814,1210,0.0,0.0,0.0,1.0
ENY3814,1211,0.0,0.0,0.0,1.0
ENY3814,1212,0.0,0.0,0.0,1.0
ENY3814,1213,0.0,0.0,0.0,1.0
ENY3814,1214,0.0,0.0,0.0,1.0
ENY3814,1215,0.0,0.0,0.0,1.0
ENY3814,1216,0.0,0.0,0.0,1.0
ENY3814,1217,0.0,0.0,0.0,1.0
ENY3814,1218,0.0067,7.85,0.0,1.0
ENY3814,1219,0.0,0.0,0.0,1.0
ENY3814,1220,0.0,0.0,0.0,1.0
ENY3814,1221,0.0,0.0,0.0,1.0
ENY3814,1222,0.0,0.0,0.0,1.0
ENY3814,1223,0.0,0.0,0.0,1.0
ENY3814,1224,0.0,0.0,0.0,1.0
ENY3814,1225,0.0,0.0,0.0,1.0
ENY3814,1226,0.0,0.0,0.0,1.0
ENY3814,1227,0.0,0.0,0.0,1.0
ENY3814,1228,0.0,0.0,0.0,1.0
ENY3814,1229,0.0,0.0,0.0,1.0
ENY3814,1230,0.0,0.0,0.0,1.0
ENY3814,1231,0.0,0.0,0.0,1.0
ENY3814,1232,0.0,0.0,0.0,1.0
ENY3814,1233,0.0,0.0,0.0,1.0
ENY3814,1234,0.0,0.0,0.0,1.0
ENY3814,1235,0.0,0.0,0.0,1.0
ENY3814,1236,0.0,0.0,0.0,1.0
ENY3814,1237,0.0,0.0,0.0,1.0
ENY3814,1238,0.0,0.0,0.0,1.0
ENY3814,1239,0.0,0.0,0.0,1.0
ENY3814,1240,0.0,0.0,0.0,1.0
ENY3814,1241,0.0,0.0,0.0,1.0
ENY3814,1242,0.0,0.0,0.0,1.0
ENY3814,1243,0.0,0.0,0.0,1.0
ENY3814,1244,0.0,0.0,0.0,1.0
ENY3814,1245,0.0,0.0,0.0,1.0
ENY3814,1246,0.0,0.0,0.0,1.0
ENY3814,1247,0.0,0.0,0.0,1.0
ENY3814,1248,0.0,0.0,0.0,1.0
ENY3814,1249,0.0,0.0,0.0,1.0
ENY3814,1250,0.0,0.0,0.0,1.0
ENY3814,1251,0.0,0.0,0.0,1.0
ENY3814,1252,0.0,0.0,0.0,1.0
ENY3814,1253,0.0,0.0,0.0,1.0
ENY3814,1254,0.0,0.0,0.0,1.0
ENY3814,1255,0.0076,12.4,0.0,1.1
ENY3814,1256,0.0124,41.67,0.0,2.0
ENY3814,1257,0.0,0.0,0.0,1.0
ENY3814,1258,0.0,0.0,0.0,1.0
ENY3814,1259,0.0,0.0,0.0,1.0
ENY3814,1260,0.0,0.0,0.0,1.0
ENY3814,1261,0.0,0.0,0.0,1.0
ENY3814,1262,0.0,0.0,0.0,1.0
ENY3814,1263,0.0,0.0,0.0,1.0
ENY3814,1264,0.0193,51.59,0.0,2.0
ENY3814,1265,0.0,0.0,0.0,1.0
ENY3814,1266,0.0,0.0,0.0,1.0
ENY3814,1267,0.0,0.0,0.0,1.0
ENY3814,1268,0.0,0.0,0.0,1.0
ENY3814,1269,0.0,0.0,0.0,1.0
ENY3814,1270,0.0022,6.31,0.0,1.3
ENY3814,1271,0.0,0.0,0.0,1.0
ENY3814,1272,0.0,0.0,0.0,1.0
ENY3814,1273,0.0,0.0,0.0,1.0
ENY3814,1274,0.0,0.0,0.0,1.0
ENY3814,1275,0.0,0.0,0.0,1.0
ENY3814,1276,0.0,0.0,0.0,1.0
ENY3814,1277,0.0,0.0,0.0,1.0
ENY3814,1278,0.0,0.0,0.0,1.0
ENY3814,1279,0.0,0.0,0.0,1.0
ENY3814,1280,0.0,0.0,0.0,1.0
ENY3814,1281,0.0,0.0,0.0,1.0
ENY3814,1282,0.0,0.0,0.0,1.0
ENY3814,1283,0.0,0.0,0.0,1.0
ENY3814,1284,0.0143,1.9,0.0,1.1
ENY3814,1285,0.0,0.0,0.0,1.0
ENY3814,1286,0.0,0.0,0.0,1.0
ENY3814,1287,0.0,0.0,0.0,1.0
ENY3814,1288,0.0,0.0,0.0,1.0
ENY3814,1289,0.0,0.0,0.0,1.0
ENY3814,1290,0.0,0.0,0.0,1.0
ENY3814,1291,0.0,0.0,0.0,1.0
ENY3814,1292,0.0,0.0,0.0,1.0
ENY3814,1293,0.0,0.0,0.0,1.0
ENY3814,1294,0.0,0.0,0.0,1.0
ENY3814,1295,0.0,0.0,0.0,1.0
ENY3814,1296,0.0,0.0,0.0,1.0
ENY3814,1297,0.0,0.0,0.0,1.0
ENY3814,1298,0.0,0.0,0.0,1.0
ENY3814,1299,0.0,0.0,0.0,1.0
ENY3814,1300,0.0146,23.72,0.0,4.9
ENY3814,1301,0.0,0.0,0.0,1.0
ENY3814,1302,0.0,0.0,0.0,1.0
ENY3814,1303,0.0,0.0,0.0,1.0
ENY3814,1304,0.0,0.0,0.0,1.0
ENY3814,1305,0.0,0.0,0.0,1.0
ENY3814,1306,0.0,0.0,0.0,1.0
ENY3814,1307,0.0,0.0,0.0,1.0
ENY3814,1308,0.0,0.0,0.0,1.0
ENY3814,1309,0.0121,9.71,0.0,2.5
ENY3814,1310,0.0,0.0,0.0,1.0
ENY3814,1311,0.0,0.0,0.0,1.0
ENY3814,1312,0.0,0.0,0.0,1.0
ENY3814,1313,0.0,0.0,0.0,1.0
ENY3814,1314,0.0023,3.84,0.0,1.6
ENY3814,1315,0.0,0.0,0.0,1.0
ENY3814,1316,0.0,0.0,0.0,1.0
ENY3814,1317,0.0,0.0,0.0,1.0
ENY3814,1318,0.0,0.0,0.0,1.0
ENY3814,1319,0.0,0.0,0.0,1.0
ENY3814,1320,0.0,0.0,0.0,1.0
ENY3814,1321,0.0,0.0,0.0,1.0
ENY3814,1322,0.0,0.0,0.0,1.0
ENY3814,1323,0.0105,15.23,0.0,1.7
ENY3814,1324,0.0,0.0,0.0,1.0
ENY3814,1325,0.0,0.0,0.0,1.0
ENY3814,1326,0.0,0.0,0.0,1.0
ENY3814,1327,0.0,0.0,0.0,1.0
ENY3814,1328,0.0,0.0,0.0,1.0
ENY3814,1329,0.0,0.0,0.0,1.0
ENY3814,1330,0.0,0.0,0.0,1.0
ENY3814,1331,0.0,0.0,0.0,1.0
ENY3814,1332,0.0,0.0,0.0,1.0
ENY3814,1333,0.0,0.0,0.0,1.0
ENY3814,1334,0.0,0.0,0.0,1.0
ENY3814,1335,0.0,0.0,0.0,1.0
ENY3814,1336,0.0,0.0,0.0,1.0
ENY3814,1337,0.0,0.0,0.0,1.0
ENY3814,1338,0.0,0.0,0.0,1.0
ENY3814,1339,0.0,0.0,0.0,1.0
ENY3814,1340,0.0,0.0,0.0,1.0
ENY3814,1341,0.0,0.0,0.0,1.0
ENY3814,1342,0.0,0.0,0.0,1.0
ENY3814,1343,0.0,0.0,0.0,1.0
ENY3814,1344,0.0,0.0,0.0,1.0
ENY3814,1345,0.0,0.0,0.0,1.0
ENY3814,1346,0.0,0.0,0.0,1.0
ENY3814,1347,0.0,0.0,0.0,1.0
ENY3814,1348,0.0,0.0,0.0,1.0
ENY3814,1349,0.0,0.0,0.0,1.0
ENY3814,1350,0.0,0.0,0.0,1.0
ENY3814,1351,0.0,0.0,0.0,1.0
ENY3814,1352,0.0,0.0,0.0,1.0
ENY3814,1353,0.0,0.0,0.0,1.0
ENY3814,1354,0.0,0.0,0.0,1.0
ENY3814,1355,0.0,0.0,0.0,1.0
ENY3814,1356,0.0,0.0,0.0,1.0
ENY3814,1357,0.0,0.0,0.0,1.0
ENY3814,1358,0.0,0.0,0.0,1.0
ENY3814,1359,0.0,0.0,0.0,1.0
ENY3814,1360,0.0,0.0,0.0,1.0
ENY3814,1361,0.0,0.0,0.0,1.0
ENY3814,1362,0.0,0.0,0.0,1.0
ENY3814,1363,0.0,0.0,0.0,1.0
ENY3814,1364,0.0,0.0,0.0,1.0
ENY3814,1365,0.0,0.0,0.0,1.0
ENY3814,1366,0.0,0.0,0.0,1.0
ENY3814,1367,0.0,0.0,0.0,1.0
ENY3814,1368,0.0,0.0,0.0,1.0
ENY3814,1369,0.0,0.0,0.0,1.0
ENY3814,1370,0.0158,15.22,0.0,1.3
ENY3814,1371,0.0,0.0,0.0,1.0
ENY3814,1372,0.0,0.0,0.0,1.0
ENY3814,1373,0.0,0.0,0.0,1.0
ENY3814,1374,0.0,0.0,0.0,1.0
ENY3814,1375,0.0153,6.52,0.0,1.6
ENY3814,1376,0.0,0.0,0.0,1.0
ENY3814,1377,0.0124,40.87,0.0,1.6
ENY3814,1378,0.0,0.0,0.0,1.0
ENY3814,1379,0.0,0.0,0.0,1.0
ENY3814,1380,0.0,0.0,0.0,1.0
ENY3814,1381,0.0,0.0,0.0,1.0
ENY3814,1382,0.0,0.0,0.0,1.0
ENY3814,1383,0.0,0.0,0.0,1.0
ENY3814,1384,0.0,0.0,0.0,1.0
ENY3814,1385,0.0,0.0,0.0,1.0
ENY3814,1386,0.0,0.0,0.0,1.0
ENY3814,1387,0.0,0.0,0.0,1.0
ENY3814,1388,0.0088,13.16,0.0,2.7
ENY3814,1389,0.0,0.0,0.0,1.0
ENY3814,1390,0.0,0.0,0.0,1.0
ENY3814,1391,0.0,0.0,0.0,1.0
ENY3814,1392,0.0,0.0,0.0,1.0
ENY3814,1393,0.0,0.0,0.0,1.0
ENY3814,1394,0.0,0.0,0.0,1.0
ENY3814,1395,0.009,25.46,0.0,1.7
ENY3814,1396,0.0,0.0,0.0,1.0
FFT161,1,0.0,0.0,0.0,1.0
FFT3470,1,0.0036,13.31,0.31,2.0
NAC802,1,0.0,0.0,0.0,1.0
NKS1155,1,0.0,0.0,0.0,1.0
NKS1155,2,0.0,0.0,0.0,1.0
NKS1155,3,0.0261,20.97,0.0,5.1
NKS1155,4,0.0032,15.08,0.0,1.0
NKS1155,5,0.0,0.0,0.0,1.0
NKS1155,6,0.0,0.0,0.0,1.0
NKS1155,7,0.0,0.0,0.0,1.0
NKS1155,8,0.001,1.3,0.0,1.0
NKS1155,9,0.0,0.0,0.0,1.0
NKS1155,10,0.0002,1.3,0.0,1.0
NKS1155,11,0.0,0.0,0.0,1.0
NKS1155,12,0.0,0.0,0.0,1.0
NKS1155,13,0.0,0.0,0.0,1.0
NKS1155,14,0.0,0.0,0.0,1.0
NKS1155,15,0.0,0.0,0.0,1.0
NKS1155,16,0.0016,4.13,0.0,1.0
NKS1155,17,0.0,0.0,0.0,1.0
NKS1155,18,0.0,0.0,0.0,1.0
NKS1155,19,0.0,0.0,0.0,1.0
NKS1155,20,0.0,0.0,0.0,1.0
NKS1155,21,0.0,0.0,0.0,1.0
NKS1155,22,0.0,0.0,0.0,1.0
NKS1155,23,0.0,0.0,0.0,1.0
NKS1155,24,0.0,0.0,0.0,1.0
NKS1155,25,0.0,0.0,0.0,1.0
NKS1155,26,0.0062,12.25,0.0,1.1
NKS1155,27,0.0,0.0,0.0,1.0
NKS1155,28,0.0047,14.53,0.0,3.7
NKS1155,29,0.0,0.0,0.0,1.0
NKS1155,30,0.0,0.0,0.0,1.0
NKS1155,31,0.0,0.0,0.0,1.0
NKS1155,32,0.0,0.0,0.0,1.0
NKS1155,33,0.0,0.0,0.0,1.0
NKS1155,34,0.0,0.0,0.0,1.0
NKS1155,35,0.0,0.0,0.0,1.0
NKS1155,36,0.0,0.0,0.0,1.0
NKS1155,37,0.0,0.0,0.0,1.0
NKS1155,38,0.0,0.0,0.0,1.0
NKS1155,39,0.0,0.0,0.0,1.0
NKS1155,40,0.0,0.0,0.0,1.0
NKS1155,41,0.0,0.0,0.0,1.0
NKS1155,42,0.0,0.0,0.0,1.0
NKS1155,43,0.0053,12.9,0.0,2.7
NKS1155,44,0.0,0.0,0.0,1.0
NKS1155,45,0.0,0.0,0.0,1.0
NKS1155,46,0.0,0.0,0.0,1.0
NKS1155,47,0.0,0.0,0.0,1.0
NKS1155,48,0.0,0.0,0.0,1.0
NKS1155,49,0.0,0.0,0.0,1.0
NKS1155,50,0.0,0.0,0.0,1.0
NKS1155,51,0.0,0.0,0.0,1.0
NKS1155,52,0.0,0.0,0.0,1.0
NKS1155,53,0.0,0.0,0.0,1.0
NKS1155,54,0.0,0.0,0.0,1.0
NKS1155,55,0.0,0.0,0.0,1.0
NKS1155,56,0.0,0.0,0.0,1.0
NKS1155,57,0.0047,25.26,0.0,1.6
NKS1155,58,0.0,0.0,0.0,1.0
NKS1155,59,0.0,0.0,0.0,1.0
NKS1155,60,0.0,0.0,0.0,1.0
NKS1155,61,0.0,0.0,0.0,1.0
NKS1155,62,0.0,0.0,0.0,1.0
NKS1155,63,0.0,0.0,0.0,1.0
NKS1155,64,0.0,0.0,0.0,1.0
NKS1155,65,0.0,0.0,0.0,1.0
NKS1155,66,0.0,0.0,0.0,1.0
NKS1155,67,0.0015,15.07,0.0,1.1
NKS1155,68,0.0,0.0,0.0,1.0
NKS1155,69,0.0,0.0,0.0,1.0
NKS1155,70,0.0,0.0,0.0,1.0
NKS1155,71,0.0,0.0,0.0,1.0
NKS1155,72,0.0,0.0,0.0,1.0
NKS1155,73,0.0006,0.0,0.0,1.0
NKS1155,74,0.0,0.0,0.0,1.0
NKS1155,75,0.0,0.0,0.0,1.0
NKS1155,76,0.0,0.0,0.0,1.0
NKS1155,77,0.0011,1.13,0.0,1.0
NKS1155,78,0.0,0.0,0.0,1.0
NKS1155,79,0.0,0.0,0.0,1.0
NKS1155,80,0.0,0.0,0.0,1.0
NKS1155,81,0.0,0.0,0.0,1.0
NKS1155,82,0.0,0.0,0.0,1.0
NKS1155,83,0.0,0.0,0.0,1.0
NKS1155,84,0.0048,17.59,0.0,3.0
NKS1155,85,0.0,0.0,0.0,1.0
NKS1155,86,0.0,0.0,0.0,1.0
NKS1155,87,0.0051,11.19,0.0,2.1
NKS1155,88,0.0,0.0,0.0,1.0
NKS1155,89,0.0,0.0,0.0,1.0
NKS1155,90,0.0024,6.25,0.0,1.0
NKS1155,91,0.0,0.0,0.0,1.0
NKS1155,92,0.0,0.0,0.0,1.0
NKS1155,93,0.0,0.0,0.0,1.0
NKS1155,94,0.0,0.0,0.0,1.0
NKS1155,95,0.0,0.0,0.0,1.0
NKS1155,96,0.0,0.0,0.0,1.0
NKS1155,97,0.0,0.0,0.0,1.0
NKS1155,98,0.0,0.0,0.0,1.0
NKS1155,99,0.0,0.0,0.0,1.0
NKS1155,100,0.0,0.0,0.0,1.0
NKS1155,101,0.0,0.0,0.0,1.0
NKS1155,102,0.0,0.0,0.0,1.0
NKS1155,103,0.0,0.0,0.0,1.0
NKS1155,104,0.005,6.26,0.0,1.1
NKS1155,105,0.0011,10.53,0.0,1.0
NKS1155,106,0.0,0.0,0.0,1.0
NKS1155,107,0.0,0.0,0.0,1.0
NKS1155,108,0.0,0.0,0.0,1.0
NKS1155,109,0.0,0.0,0.0,1.0
NKS1155,110,0.0,0.0,0.0,1.0
NKS1155,111,0.0,0.0,0.0,1.0
NKS1155,112,0.0,0.0,0.0,1.0
NKS1155,113,0.0,0.0,0.0,1.0
NKS1155,114,0.0,0.0,0.0,1.0
NKS1155,115,0.0,0.0,0.0,1.0
NKS1155,116,0.0,0.0,0.0,1.0
NKS1155,117,0.0,0.0,0.0,1.0
NKS1155,118,0.0,0.0,0.0,1.0
NKS1155,119,0.0,0.0,0.0,1.0
NKS1155,120,0.0,0.0,0.0,1.0
NKS1155,121,0.0,0.0,0.0,1.0
NKS1155,122,0.0,0.0,0.0,1.0
NKS1155,123,0.0,0.0,0.0,1.0
NKS1155,124,0.0,0.0,0.0,1.0
NKS1155,125,0.0,0.0,0.0,1.0
NKS1155,126,0.0,0.0,0.0,1.0
NKS1155,127,0.0,0.0,0.0,1.0
NKS1155,128,0.0,0.0,0.0,1.0
NKS1155,129,0.0,0.0,0.0,1.0
NKS1155,130,0.0,0.0,0.0,1.0
NKS1155,131,0.0,0.0,0.0,1.0
NKS1155,132,0.0,0.0,0.0,1.0
NKS1155,133,0.0,0.0,0.0,1.0
NKS1155,134,0.0,0.0,0.0,1.0
NKS1155,135,0.0,0.0,0.0,1.0
NKS1155,136,0.0,0.0,0.0,1.0
NKS1155,137,0.0,0.0,0.0,1.0
NKS1155,138,0.0,0.0,0.0,1.0
NKS1155,139,0.0,0.0,0.0,1.0
NKS1155,140,0.0,0.0,0.0,1.0
NKS1155,141,0.0,0.0,0.0,1.0
NKS1155,142,0.0,0.0,0.0,1.0
NKS1155,143,0.0,0.0,0.0,1.0
NKS1155,144,0.0,0.0,0.0,1.0
NKS1155,145,0.0,0.0,0.0,1.0
NKS1155,146,0.0,0.0,0.0,1.0
NKS1155,147,0.0,0.0,0.0,1.0
NKS1155,148,0.0,0.0,0.0,1.0
NKS1155,149,0.0,0.0,0.0,1.0
NKS1155,150,0.0,0.0,0.0,1.0
NKS1155,151,0.0,0.0,0.0,1.0
NKS1155,152,0.0,0.0,0.0,1.0
NKS1155,153,0.0,0.0,0.0,1.0
NKS1155,154,0.0023,5.11,0.0,1.4
NKS1155,155,0.0,0.0,0.0,1.0
NKS1155,156,0.0,0.0,0.0,1.0
NKS1155,157,0.0,0.0,0.0,1.0
NKS1155,158,0.0,0.0,0.0,1.0
NKS1155,159,0.0,0.0,0.0,1.0
NKS1155,160,0.0,0.0,0.0,1.0
NKS1155,161,0.0,0.0,0.0,1.0
NKS1155,162,0.0,0.0,0.0,1.0
NKS1155,163,0.0,0.0,0.0,1.0
NKS1155,164,0.0077,32.87,0.0,3.1
NKS1155,165,0.0,0.0,0.0,1.0
NKS1155,166,0.0,0.0,0.0,1.0
NKS1155,167,0.0,0.0,0.0,1.0
NKS1155,168,0.0,0.0,0.0,1.0
NKS1155,169,0.0,0.0,0.0,1.0
NKS1155,170,0.0048,24.13,0.0,3.8
NKS1155,171,0.0,0.0,0.0,1.0
NKS1155,172,0.0,0.0,0.0,1.0
NKS1155,173,0.0,0.0,0.0,1.0
NKS1155,174,0.0,0.0,0.0,1.0
NKS1155,175,0.0,0.0,0.0,1.0
NKS1155,176,0.0,0.0,0.0,1.0
NKS1155,177,0.0,0.0,0.0,1.0
NKS1155,178,0.0,0.0,0.0,1.0
NKS1155,179,0.0,0.0,0.0,1.0
NKS1155,180,0.0,0.0,0.0,1.0
NKS1155,181,0.0,0.0,0.0,1.0
NKS1155,182,0.0,0.0,0.0,1.0
NKS1155,183,0.0,0.0,0.0,1.0
NKS1155,184,0.0,0.0,0.0,1.0
NKS1155,185,0.0,0.0,0.0,1.0
NKS1155,186,0.0,0.0,0.0,1.0
NKS1155,187,0.0,0.0,0.0,1.0
NKS1155,188,0.0,0.0,0.0,1.0
NKS1155,189,0.0,0.0,0.0,1.0
NKS1155,190,0.0,0.0,0.0,1.0
NKS1155,191,0.0,0.0,0.0,1.0
NKS1155,192,0.0,0.0,0.0,1.0
NKS1155,193,0.0,0.0,0.0,1.0
NKS1155,194,0.0,0.0,0.0,1.0
NKS1155,195,0.0,0.0,0.0,1.0
NKS1155,196,0.0,0.0,0.0,1.0
NKS1155,197,0.0,0.0,0.0,1.0
NKS1155,198,0.0,0.0,0.0,1.0
NKS1155,199,0.0,0.0,0.0,1.0
NKS1155,200,0.0,0.0,0.0,1.0
NKS1155,201,0.0,0.0,0.0,1.0
NKS1155,202,0.0,0.0,0.0,1.0
NKS1155,203,0.0,0.0,0.0,1.0
NKS1155,204,0.0,0.0,0.0,1.0
NKS1155,205,0.0,0.0,0.0,1.0
NKS1155,206,0.0,0.0,0.0,1.0
NKS1155,207,0.0,0.0,0.0,1.0
NKS1155,208,0.0,0.0,0.0,1.0
NKS1155,209,0.0,0.0,0.0,1.0
NKS1155,210,0.0,0.0,0.0,1.0
NKS1155,211,0.0,0.0,0.0,1.0
NKS1155,212,0.0,0.0,0.0,1.0
NKS1155,213,0.0,0.0,0.0,1.0
NKS1155,214,0.0021,8.22,0.0,1.0
NKS1155,215,0.0,0.0,0.0,1.0
NKS1155,216,0.0,0.0,0.0,1.0
NKS1155,217,0.0,0.0,0.0,1.0
NKS1155,218,0.0,0.0,0.0,1.0
NKS1155,219,0.0,0.0,0.0,1.0
NKS1155,220,0.0,0.0,0.0,1.0
NKS1155,221,0.0,0.0,0.0,1.0
NKS1155,222,0.0,0.0,0.0,1.0
NKS1155,223,0.003,16.91,0.0,1.9
NKS1155,224,0.0,0.0,0.0,1.0
NKS1155,225,0.0,0.0,0.0,1.0
NKS1155,226,0.0,0.0,0.0,1.0
NKS1155,227,0.0,0.0,0.0,1.0
NKS1155,228,0.005,2.79,0.0,1.2
NKS1155,229,0.0,0.0,0.0,1.0
NKS1155,230,0.0,0.0,0.0,1.0
NKS1155,231,0.0,0.0,0.0,1.0
NKS1155,232,0.0,0.0,0.0,1.0
NKS1155,233,0.0,0.0,0.0,1.0
NKS1155,234,0.0,0.0,0.0,1.0
NKS1155,235,0.0,0.0,0.0,1.0
NKS1155,236,0.003,7.38,0.0,1.5
NKS1155,237,0.0,0.0,0.0,1.0
NKS1155,238,0.0,0.0,0.0,1.0
NKS1155,239,0.0,0.0,0.0,1.0
NKS1155,240,0.0,0.0,0.0,1.0
NKS1155,241,0.0,0.0,0.0,1.0
NKS1155,242,0.0045,5.57,0.0,1.5
NKS1155,243,0.009,13.23,0.0,1.6
NKS1155,244,0.0,0.0,0.0,1.0
NKS1155,245,0.0,0.0,0.0,1.0
NKS1155,246,0.0,0.0,0.0,1.0
NKS1155,247,0.0,0.0,0.0,1.0
NKS1155,248,0.0,0.0,0.0,1.0
NKS1155,249,0.0,0.0,0.0,1.0
NKS1155,250,0.0,0.0,0.0,1.0
NKS1155,251,0.0,0.0,0.0,1.0
NKS1155,252,0.0,0.0,0.0,1.0
NKS1155,253,0.0036,3.23,0.0,1.0
NKS1155,254,0.0,0.0,0.0,1.0
NKS1155,255,0.0,0.0,0.0,1.0
NKS1155,256,0.0,0.0,0.0,1.0
NKS1155,257,0.0,0.0,0.0,1.0
NKS1155,258,0.0,0.0,0.0,1.0
NKS1155,259,0.0,0.0,0.0,1.0
NKS1155,260,0.0,0.0,0.0,1.0
NKS1155,261,0.0,0.0,0.0,1.0
NKS1155,262,0.0,0.0,0.0,1.0
NKS1155,263,0.0006,2.72,0.0,1.0
NKS1155,264,0.0,0.0,0.0,1.0
NKS1155,265,0.0,0.0,0.0,1.0
NKS1155,266,0.0,0.0,0.0,1.0
NKS1155,267,0.0,0.0,0.0,1.0
NKS1155,268,0.0,0.0,0.0,1.0
NKS1155,269,0.0072,4.57,0.0,2.0
NKS1155,270,0.0,0.0,0.0,1.0
NKS1155,271,0.0,0.0,0.0,1.0
NKS1155,272,0.0,0.0,0.0,1.0
NKS1155,273,0.0,0.0,0.0,1.0
NKS1155,274,0.0,0.0,0.0,1.0
NKS1155,275,0.0,0.0,0.0,1.0
NKS1155,276,0.0,0.0,0.0,1.0
NKS1155,277,0.0,0.0,0.0,1.0
NKS1155,278,0.0,0.0,0.0,1.0
NKS1155,279,0.0,0.0,0.0,1.0
NKS1155,280,0.0,0.0,0.0,1.0
NKS1155,281,0.0,0.0,0.0,1.0
NKS1155,282,0.0,0.0,0.0,1.0
NKS1155,283,0.0,0.0,0.0,1.0
NKS1155,284,0.0,0.0,0.0,1.0
NKS1155,285,0.0,0.0,0.0,1.0
NKS1155,286,0.0,0.0,0.0,1.0
NKS1155,287,0.0,0.0,0.0,1.0
NKS1155,288,0.0,0.0,0.0,1.0
NKS1155,289,0.0,0.0,0.0,1.0
NKS1155,290,0.0,0.0,0.0,1.0
NKS1155,291,0.0,0.0,0.0,1.0
NKS1155,292,0.0,0.0,0.0,1.0
NKS1155,293,0.0,0.0,0.0,1.0
NKS1155,294,0.0,0.0,0.0,1.0
NKS1155,295,0.0075,10.89,0.0,2.2
NKS1155,296,0.0,0.0,0.0,1.0
NKS1155,297,0.0015,28.67,0.0,2.2
NKS1155,298,0.0,0.0,0.0,1.0
NKS1155,299,0.0,0.0,0.0,1.0
NKS1155,300,0.0,0.0,0.0,1.0
NKS1155,301,0.0,0.0,0.0,1.0
NKS1155,302,0.0,0.0,0.0,1.0
NKS1155,303,0.0,0.0,0.0,1.0
NKS1155,304,0.0,0.0,0.0,1.0
NKS1155,305,0.0,0.0,0.0,1.0
NKS1155,306,0.0,0.0,0.0,1.0
NKS1155,307,0.0,0.0,0.0,1.0
NKS1155,308,0.0,0.0,0.0,1.0
NKS1155,309,0.0,0.0,0.0,1.0
NKS1155,310,0.0,0.0,0.0,1.0
NKS1155,311,0.0,0.0,0.0,1.0
NKS1155,312,0.0,0.0,0.0,1.0
NKS1155,313,0.0,0.0,0.0,1.0
NKS1155,314,0.0,0.0,0.0,1.0
NKS1155,315,0.0,0.0,0.0,1.0
NKS1155,316,0.0,0.0,0.0,1.0
NKS1155,317,0.0,0.0,0.0,1.0
NKS1155,318,0.0,0.0,0.0,1.0
NKS1155,319,0.0,0.0,0.0,1.0
NKS1155,320,0.0,0.0,0.0,1.0
NKS1155,321,0.0,0.0,0.0,1.0
NKS1155,322,0.0,0.0,0.0,1.0
NKS1155,323,0.0,0.0,0.0,1.0
NKS1155,324,0.0,0.0,0.0,1.0
NKS1155,325,0.0,0.0,0.0,1.0
NKS1155,326,0.0,0.0,0.0,1.0
NKS1155,327,0.0,0.0,0.0,1.0
NKS1155,328,0.0,0.0,0.0,1.0
NKS1155,329,0.0,0.0,0.0,1.0
NKS1155,330,0.0,0.0,0.0,1.0
NKS1155,331,0.0,0.0,0.0,1.0
NKS1155,332,0.0,0.0,0.0,1.0
NKS1155,333,0.0,0.0,0.0,1.0
NKS1155,334,0.0,0.0,0.0,1.0
NKS1155,335,0.0,0.0,0.0,1.0
NKS1155,336,0.0,0.0,0.0,1.0
NKS1155,337,0.0,0.0,0.0,1.0
NKS1155,338,0.0007,4.22,0.0,1.1
NKS1155,339,0.0,0.0,0.0,1.0
NKS1155,340,0.0037,16.66,0.0,1.5
NKS1155,341,0.0,0.0,0.0,1.0
NKS1155,342,0.0,0.0,0.0,1.0
NKS1155,343,0.0,0.0,0.0,1.0
NKS1155,344,0.0,0.0,0.0,1.0
NKS1155,345,0.0,0.0,0.0,1.0
NKS1155,346,0.0041,22.04,0.0,1.7
NKS1155,347,0.0012,19.77,0.0,1.8
NKS1155,348,0.0,0.0,0.0,1.0
NKS1155,349,0.0,0.0,0.0,1.0
NKS1155,350,0.0,0.0,0.0,1.0
NKS1155,351,0.0,0.0,0.0,1.0
NKS1155,352,0.0,0.0,0.0,1.0
NKS1155,353,0.0,0.0,0.0,1.0
NKS1155,354,0.0,0.0,0.0,1.0
NKS1155,355,0.0,0.0,0.0,1.0
NKS1155,356,0.0,0.0,0.0,1.0
NKS1155,357,0.0,0.0,0.0,1.0
NKS1155,358,0.0,0.0,0.0,1.0
NKS1155,359,0.0,0.0,0.0,1.0
NKS1155,360,0.0,0.0,0.0,1.0
NKS1155,361,0.0,0.0,0.0,1.0
NKS1155,362,0.0,0.0,0.0,1.0
NKS1155,363,0.0,0.0,0.0,1.0
NKS1155,364,0.0,0.0,0.0,1.0
NKS1155,365,0.0,0.0,0.0,1.0
NKS1155,366,0.0,0.0,0.0,1.0
NKS1155,367,0.0,0.0,0.0,1.0
NKS1155,368,0.0,0.0,0.0,1.0
NKS1155,369,0.0,0.0,0.0,1.0
NKS1155,370,0.0,0.0,0.0,1.0
NKS1155,371,0.0,0.0,0.0,1.0
NKS1155,372,0.0,0.0,0.0,1.0
NKS1155,373,0.0,0.0,0.0,1.0
NKS1155,374,0.0,0.0,0.0,1.0
NKS1155,375,0.0,0.0,0.0,1.0
NKS1155,376,0.0,0.0,0.0,1.0
NKS1155,377,0.0,0.0,0.0,1.0
NKS1155,378,0.0,0.0,0.0,1.0
NKS1155,379,0.0,0.0,0.0,1.0
NKS1155,380,0.0,0.0,0.0,1.0
NKS1155,381,0.0,0.0,0.0,1.0
NKS1155,382,0.0,0.0,0.0,1.0
NKS1155,383,0.0,0.0,0.0,1.0
NKS1155,384,0.0,0.0,0.0,1.0
NKS1155,385,0.0,0.0,0.0,1.0
NKS1155,386,0.0,0.0,0.0,1.0
NKS1155,387,0.0,0.0,0.0,1.0
NKS1155,388,0.0,0.0,0.0,1.0
NKS1155,389,0.0,0.0,0.0,1.0
NKS1155,390,0.0,0.0,0.0,1.0
NKS1155,391,0.0,0.0,0.0,1.0
NKS1155,392,0.0,0.0,0.0,1.0
NKS1155,393,0.0,0.0,0.0,1.0
NKS1155,394,0.0,0.0,0.0,1.0
NKS1155,395,0.0,0.0,0.0,1.0
NKS1155,396,0.0,0.0,0.0,1.0
NKS1155,397,0.0,0.0,0.0,1.0
NKS1155,398,0.0,0.0,0.0,1.0
NKS1155,399,0.0,0.0,0.0,1.0
NKS1155,400,0.0,0.0,0.0,1.0
NKS1155,401,0.0,0.0,0.0,1.0
NKS1155,402,0.0,0.0,0.0,1.0
NKS1155,403,0.0,0.0,0.0,1.0
NKS1155,404,0.0,0.0,0.0,1.0
NKS1155,405,0.0,0.0,0.0,1.0
NKS1155,406,0.0,0.0,0.0,1.0
NKS1155,407,0.0,0.0,0.0,1.0
NKS1155,408,0.0,0.0,0.0,1.0
NKS1155,409,0.0,0.0,0.0,1.0
NKS1155,410,0.0,0.0,0.0,1.0
NKS1155,411,0.0,0.0,0.0,1.0
NKS1155,412,0.0,0.0,0.0,1.0
NKS1155,413,0.0,0.0,0.0,1.0
NKS1155,414,0.0,0.0,0.0,1.0
NKS1155,415,0.0,0.0,0.0,1.0
NKS1155,416,0.0,0.0,0.0,1.0
NKS1155,417,0.0,0.0,0.0,1.0
NKS1155,418,0.0,0.0,0.0,1.0
NKS1155,419,0.0017,3.7,0.0,1.1
NKS1155,420,0.0,0.0,0.0,1.0
NKS1155,421,0.0,0.0,0.0,1.0
NKS1155,422,0.0009,14.82,0.0,1.1
NKS1155,423,0.0,0.0,0.0,1.0
NKS1155,424,0.0,0.0,0.0,1.0
NKS1155,425,0.0,0.0,0.0,1.0
NKS1155,426,0.0,0.0,0.0,1.0
NKS1155,427,0.001,0.21,0.0,1.0
NKS1155,428,0.0,0.0,0.0,1.0
NKS1155,429,0.0,0.0,0.0,1.0
NKS1155,430,0.0,0.0,0.0,1.0
NKS1155,431,0.0,0.0,0.0,1.0
NKS1155,432,0.0,0.0,0.0,1.0
NKS1155,433,0.0,0.0,0.0,1.0
NKS1155,434,0.0,0.0,0.0,1.0
NKS1155,435,0.0,0.0,0.0,1.0
NKS1155,436,0.0,0.0,0.0,1.0
NKS1155,437,0.0,0.0,0.0,1.0
NKS1155,438,0.0,0.0,0.0,1.0
NKS1155,439,0.0,0.0,0.0,1.0
NKS1155,440,0.0,0.0,0.0,1.0
NKS1155,441,0.0,0.0,0.0,1.0
NKS1155,442,0.0,0.0,0.0,1.0
NKS1155,443,0.0,0.0,0.0,1.0
NKS1155,444,0.0,0.0,0.0,1.0
NKS1155,445,0.0,0.0,0.0,1.0
NKS1155,446,0.0,0.0,0.0,1.0
NKS1155,447,0.0,0.0,0.0,1.0
NKS1155,448,0.0,0.0,0.0,1.0
NKS1155,449,0.0,0.0,0.0,1.0
NKS1155,450,0.0,0.0,0.0,1.0
NKS1155,451,0.0,0.0,0.0,1.0
NKS1155,452,0.0,0.0,0.0,1.0
NKS1155,453,0.0,0.0,0.0,1.0
NKS1155,454,0.0,0.0,0.0,1.0
NKS1155,455,0.0,0.0,0.0,1.0
NKS1155,456,0.0,0.0,0.0,1.0
NKS1155,457,0.0,0.0,0.0,1.0
NKS1155,458,0.0,0.0,0.0,1.0
NKS1155,459,0.002,5.3,0.0,1.1
NKS1155,460,0.0,0.0,0.0,1.0
NKS1155,461,0.0,0.0,0.0,1.0
NKS1155,462,0.0,0.0,0.0,1.0
NKS1155,463,0.0,0.0,0.0,1.0
NKS1155,464,0.0,0.0,0.0,1.0
NKS1155,465,0.0,0.0,0.0,1.0
NKS1155,466,0.0,0.0,0.0,1.0
NKS1155,467,0.0,0.0,0.0,1.0
NKS1155,468,0.0023,3.36,0.0,1.1
NKS1155,469,0.0,0.0,0.0,1.0
NKS1155,470,0.0,0.0,0.0,1.0
NKS1155,471,0.0,0.0,0.0,1.0
NKS1155,472,0.0039,20.14,0.0,2.3
NKS1155,473,0.0,0.0,0.0,1.0
NKS1155,474,0.0,0.0,0.0,1.0
NKS1155,475,0.0,0.0,0.0,1.0
NKS1155,476,0.0,0.0,0.0,1.0
NKS1155,477,0.0047,19.01,0.0,2.4
NKS1155,478,0.0037,12.09,0.0,1.2
NKS1155,479,0.0,0.0,0.0,1.0
NKS1155,480,0.0,0.0,0.0,1.0
NKS1155,481,0.0128,16.84,0.0,1.6
NKS1155,482,0.0,0.0,0.0,1.0
NKS1155,483,0.0,0.0,0.0,1.0
NKS1155,484,0.0,0.0,0.0,1.0
NKS1155,485,0.0,0.0,0.0,1.0
NKS1155,486,0.0,0.0,0.0,1.0
NKS1155,487,0.0,0.0,0.0,1.0
NKS1155,488,0.0,0.0,0.0,1.0
NKS1155,489,0.0,0.0,0.0,1.0
NKS1155,490,0.0,0.0,0.0,1.0
NKS1155,491,0.0,0.0,0.0,1.0
NKS1155,492,0.0014,1.59,0.0,1.0
NKS1155,493,0.0,0.0,0.0,1.0
NKS1155,494,0.0,0.0,0.0,1.0
NKS1155,495,0.0,0.0,0.0,1.0
NKS1155,496,0.0,0.0,0.0,1.0
NKS1155,497,0.0,0.0,0.0,1.0
NKS1155,498,0.0,0.0,0.0,1.0
NKS1155,499,0.0,0.0,0.0,1.0
NKS1155,500,0.0,0.0,0.0,1.0
NKS1155,501,0.0,0.0,0.0,1.0
NKS1155,502,0.0,0.0,0.0,1.0
NKS1155,503,0.0,0.0,0.0,1.0
NKS1155,504,0.0,0.0,0.0,1.0
NKS1155,505,0.0121,19.45,0.0,2.1
NKS1155,506,0.0016,18.74,0.0,1.6
NKS1155,507,0.0,0.0,0.0,1.0
NKS1155,508,0.0,0.0,0.0,1.0
NKS1155,509,0.0,0.0,0.0,1.0
NKS1155,510,0.0,0.0,0.0,1.0
NKS1155,511,0.0,0.0,0.0,1.0
NKS1155,512,0.0,0.0,0.0,1.0
NKS1155,513,0.0,0.0,0.0,1.0
NKS1155,514,0.0,0.0,0.0,1.0
NKS1155,515,0.0,0.0,0.0,1.0
NKS1155,516,0.0,0.0,0.0,1.0
NKS1155,517,0.0,0.0,0.0,1.0
NKS1155,518,0.0,0.0,0.0,1.0
NKS1155,519,0.0,0.0,0.0,1.0
NKS1155,520,0.0,0.0,0.0,1.0
NKS1155,521,0.0,0.0,0.0,1.0
NKS1155,522,0.0032,30.55,0.0,1.2
NKS1155,523,0.0,0.0,0.0,1.0
NKS1155,524,0.0,0.0,0.0,1.0
NKS1155,525,0.0,0.0,0.0,1.0
NKS1155,526,0.0035,16.49,0.0,1.3
NKS1155,527,0.0,0.0,0.0,1.0
NKS1155,528,0.0,0.0,0.0,1.0
NKS1155,529,0.0,0.0,0.0,1.0
NKS1155,530,0.0,0.0,0.0,1.0
NKS1155,531,0.0,0.0,0.0,1.0
NKS1155,532,0.0,0.0,0.0,1.0
NKS1155,533,0.0024,3.87,0.0,1.0
NKS1155,534,0.0,0.0,0.0,1.0
NKS1155,535,0.0,0.0,0.0,1.0
NKS1155,536,0.0,0.0,0.0,1.0
NKS1155,537,0.0,0.0,0.0,1.0
NKS1155,538,0.0,0.0,0.0,1.0
NKS1155,539,0.0,0.0,0.0,1.0
NKS1155,540,0.0,0.0,0.0,1.0
NKS1155,541,0.0,0.0,0.0,1.0
NKS1155,542,0.0,0.0,0.0,1.0
NKS1155,543,0.0,0.0,0.0,1.0
NKS1155,544,0.0,0.0,0.0,1.0
NKS1155,545,0.0,0.0,0.0,1.0
NKS1155,546,0.0,0.0,0.0,1.0
NKS1155,547,0.0,0.0,0.0,1.0
NKS1155,548,0.0,0.0,0.0,1.0
NKS1155,549,0.0,0.0,0.0,1.0
NKS1155,550,0.0,0.0,0.0,1.0
NKS1155,551,0.0,0.0,0.0,1.0
NKS1155,552,0.0,0.0,0.0,1.0
NKS1155,553,0.0,0.0,0.0,1.0
NKS1155,554,0.0,0.0,0.0,1.0
NKS1155,555,0.0,0.0,0.0,1.0
NKS1155,556,0.0,0.0,0.0,1.0
NKS1155,557,0.0,0.0,0.0,1.0
NKS1155,558,0.0,0.0,0.0,1.0
NKS1155,559,0.0,0.0,0.0,1.0
NKS1155,560,0.0,0.0,0.0,1.0
NKS1155,561,0.0,0.0,0.0,1.0
NKS1155,562,0.0,0.0,0.0,1.0
NKS1155,563,0.0,0.0,0.0,1.0
NKS1155,564,0.0,0.0,0.0,1.0
NKS1155,565,0.0,0.0,0.0,1.0
NKS1155,566,0.0042,7.39,0.0,1.2
NKS1155,567,0.0,0.0,0.0,1.0
NKS1155,568,0.0,0.0,0.0,1.0
NKS1155,569,0.0,0.0,0.0,1.0
NKS1155,570,0.0,0.0,0.0,1.0
NKS1155,571,0.0,0.0,0.0,1.0
NKS1155,572,0.0,0.0,0.0,1.0
NKS1155,573,0.0,0.0,0.0,1.0
NKS1155,574,0.0,0.0,0.0,1.0
NKS1155,575,0.0,0.0,0.0,1.0
NKS1155,576,0.0,0.0,0.0,1.0
NKS1155,577,0.0,0.0,0.0,1.0
NKS1155,578,0.0,0.0,0.0,1.0
NKS1155,579,0.0,0.0,0.0,1.0
NKS1155,580,0.0,0.0,0.0,1.0
NKS1155,581,0.0,0.0,0.0,1.0
NKS1155,582,0.0,0.0,0.0,1.0
NKS1155,583,0.0,0.0,0.0,1.0
NKS1155,584,0.0063,5.39,0.0,1.2
NKS1155,585,0.0,0.0,0.0,1.0
NKS1155,586,0.0,0.0,0.0,1.0
NKS1155,587,0.0,0.0,0.0,1.0
NKS1155,588,0.0,0.0,0.0,1.0
NKS1155,589,0.0,0.0,0.0,1.0
NKS1155,590,0.0,0.0,0.0,1.0
NKS1155,591,0.0,0.0,0.0,1.0
NKS1155,592,0.0,0.0,0.0,1.0
NKS1155,593,0.0,0.0,0.0,1.0
NKS1155,594,0.0,0.0,0.0,1.0
NKS1155,595,0.0,0.0,0.0,1.0
NKS1155,596,0.0,0.0,0.0,1.0
NKS1155,597,0.0023,3.56,0.0,1.1
NKS1155,598,0.0,0.0,0.0,1.0
NKS1155,599,0.0,0.0,0.0,1.0
NKS1155,600,0.0,0.0,0.0,1.0
NKS1155,601,0.0,0.0,0.0,1.0
NKS1155,602,0.0,0.0,0.0,1.0
NKS1155,603,0.0,0.0,0.0,1.0
NKS1155,604,0.0,0.0,0.0,1.0
NKS1155,605,0.0,0.0,0.0,1.0
NKS1155,606,0.0,0.0,0.0,1.0
NKS1155,607,0.0,0.0,0.0,1.0
NKS1155,608,0.0,0.0,0.0,1.0
NKS1155,609,0.0,0.0,0.0,1.0
NKS1155,610,0.0,0.0,0.0,1.0
NKS1155,611,0.0,0.0,0.0,1.0
NKS1155,612,0.0,0.0,0.0,1.0
NKS1155,613,0.0,0.0,0.0,1.0
NKS1155,614,0.0,0.0,0.0,1.0
NKS1155,615,0.0,0.0,0.0,1.0
NKS1155,616,0.0,0.0,0.0,1.0
NKS1155,617,0.0,0.0,0.0,1.0
NKS1155,618,0.0,0.0,0.0,1.0
NKS1155,619,0.0,0.0,0.0,1.0
NKS1155,620,0.0,0.0,0.0,1.0
NKS1155,621,0.0,0.0,0.0,1.0
NKS1155,622,0.0,0.0,0.0,1.0
NKS1155,623,0.0,0.0,0.0,1.0
NKS1155,624,0.0,0.0,0.0,1.0
NKS1155,625,0.0,0.0,0.0,1.0
NKS1155,626,0.0,0.0,0.0,1.0
NKS1155,627,0.0,0.0,0.0,1.0
NKS1155,628,0.0,0.0,0.0,1.0
NKS1155,629,0.0,0.0,0.0,1.0
NKS1155,630,0.0,0.0,0.0,1.0
NKS1155,631,0.0,0.0,0.0,1.0
NKS1155,632,0.0,0.0,0.0,1.0
NKS1155,633,0.0,0.0,0.0,1.0
NKS1155,634,0.0013,22.76,0.0,2.0
NKS1155,635,0.0,0.0,0.0,1.0
NKS1155,636,0.0,0.0,0.0,1.0
NKS1155,637,0.0,0.0,0.0,1.0
NKS1155,638,0.002,1.81,0.0,1.6
NKS1155,639,0.0,0.0,0.0,1.0
NKS1155,640,0.0,0.0,0.0,1.0
NKS1155,641,0.0033,0.17,0.0,1.0
NKS1155,642,0.0,0.0,0.0,1.0
NKS1155,643,0.0,0.0,0.0,1.0
NKS1155,644,0.0,0.0,0.0,1.0
NKS1155,645,0.0,0.0,0.0,1.0
NKS1155,646,0.0,0.0,0.0,1.0
NKS1155,647,0.0,0.0,0.0,1.0
NKS1155,648,0.0,0.0,0.0,1.0
NKS1155,649,0.0,0.0,0.0,1.0
NKS1155,650,0.0,0.0,0.0,1.0
NKS1155,651,0.0,0.0,0.0,1.0
NKS1155,652,0.0,0.0,0.0,1.0
NKS1155,653,0.0,0.0,0.0,1.0
NKS1155,654,0.0034,16.28,0.0,1.2
NKS1155,655,0.0,0.0,0.0,1.0
NKS1155,656,0.0,0.0,0.0,1.0
NKS1155,657,0.0,0.0,0.0,1.0
NKS1155,658,0.0,0.0,0.0,1.0
NKS1155,659,0.0,0.0,0.0,1.0
NKS1155,660,0.0,0.0,0.0,1.0
NKS1155,661,0.0,0.0,0.0,1.0
NKS1155,662,0.0,0.0,0.0,1.0
NKS1155,663,0.0,0.0,0.0,1.0
NKS1155,664,0.0,0.0,0.0,1.0
NKS1155,665,0.0,0.0,0.0,1.0
NKS1155,666,0.0,0.0,0.0,1.0
NKS1155,667,0.0027,5.51,0.0,1.6
NKS1155,668,0.0,0.0,0.0,1.0
NKS1155,669,0.0,0.0,0.0,1.0
NKS1155,670,0.0,0.0,0.0,1.0
NKS1155,671,0.0,0.0,0.0,1.0
NKS1155,672,0.0,0.0,0.0,1.0
NKS1155,673,0.0,0.0,0.0,1.0
NKS1155,674,0.0,0.0,0.0,1.0
NKS1155,675,0.0,0.0,0.0,1.0
NKS1155,676,0.0,0.0,0.0,1.0
NKS1155,677,0.0,0.0,0.0,1.0
NKS1155,678,0.0,0.0,0.0,1.0
NKS1155,679,0.0062,2.9,0.0,1.1
NKS1155,680,0.0,0.0,0.0,1.0
NKS1155,681,0.0,0.0,0.0,1.0
NKS1155,682,0.0,0.0,0.0,1.0
NKS1155,683,0.0,0.0,0.0,1.0
NKS1155,684,0.0,0.0,0.0,1.0
NKS1155,685,0.0,0.0,0.0,1.0
NKS1155,686,0.0053,23.75,0.0,2.0
NKS1155,687,0.0,0.0,0.0,1.0
NKS1155,688,0.0,0.0,0.0,1.0
NKS1155,689,0.0,0.0,0.0,1.0
NKS1155,690,0.0,0.0,0.0,1.0
NKS1155,691,0.0,0.0,0.0,1.0
NKS1155,692,0.0,0.0,0.0,1.0
NKS1155,693,0.0,0.0,0.0,1.0
NKS1155,694,0.0,0.0,0.0,1.0
NKS1155,695,0.0,0.0,0.0,1.0
NKS1155,696,0.0,0.0,0.0,1.0
NKS1155,697,0.0,0.0,0.0,1.0
NKS1155,698,0.0028,6.36,0.0,1.4
NKS1155,699,0.0,0.0,0.0,1.0
NKS1155,700,0.0,0.0,0.0,1.0
NKS1155,701,0.0,0.0,0.0,1.0
NKS1155,702,0.0,0.0,0.0,1.0
NKS1155,703,0.0,0.0,0.0,1.0
NKS1155,704,0.0,0.0,0.0,1.0
NKS1155,705,0.0,0.0,0.0,1.0
NKS1155,706,0.0,0.0,0.0,1.0
NKS1155,707,0.0,0.0,0.0,1.0
NKS1155,708,0.0,0.0,0.0,1.0
NKS1155,709,0.0,0.0,0.0,1.0
NKS1155,710,0.0,0.0,0.0,1.0
NKS1155,711,0.0,0.0,0.0,1.0
NKS1155,712,0.0,0.0,0.0,1.0
NKS1155,713,0.0,0.0,0.0,1.0
NKS1155,714,0.0,0.0,0.0,1.0
NKS1155,715,0.0,0.0,0.0,1.0
NKS1155,716,0.0065,9.82,0.0,2.0
NKS1155,717,0.0,0.0,0.0,1.0
NKS1155,718,0.001,2.87,0.0,1.2
NKS1155,719,0.0,0.0,0.0,1.0
NKS1155,720,0.0,0.0,0.0,1.0
NKS1155,721,0.0,0.0,0.0,1.0
NKS1155,722,0.0,0.0,0.0,1.0
NKS1155,723,0.0,0.0,0.0,1.0
NKS1155,724,0.0,0.0,0.0,1.0
NKS1155,725,0.0,0.0,0.0,1.0
NKS1155,726,0.0,0.0,0.0,1.0
NKS1155,727,0.0,0.0,0.0,1.0
NKS1155,728,0.0,0.0,0.0,1.0
NKS1155,729,0.0,0.0,0.0,1.0
NKS1155,730,0.0,0.0,0.0,1.0
NKS1155,731,0.0,0.0,0.0,1.0
NKS1155,732,0.0,0.0,0.0,1.0
NKS1155,733,0.0,0.0,0.0,1.0
NKS1155,734,0.0,0.0,0.0,1.0
NKS1155,735,0.0,0.0,0.0,1.0
NKS1155,736,0.0,0.0,0.0,1.0
NKS1155,737,0.0,0.0,0.0,1.0
NKS1155,738,0.0,0.0,0.0,1.0
NKS1155,739,0.0,0.0,0.0,1.0
NKS1155,740,0.0,0.0,0.0,1.0
NKS1155,741,0.0,0.0,0.0,1.0
NKS1155,742,0.0,0.0,0.0,1.0
NKS1155,743,0.0,0.0,0.0,1.0
NKS1155,744,0.0,0.0,0.0,1.0
NKS1155,745,0.0,0.0,0.0,1.0
NKS1155,746,0.0,0.0,0.0,1.0
NKS1155,747,0.0,0.0,0.0,1.0
NKS1155,748,0.0,0.0,0.0,1.0
NKS1155,749,0.0,0.0,0.0,1.0
NKS1155,750,0.0,0.0,0.0,1.0
NKS1155,751,0.0,0.0,0.0,1.0
NKS1155,752,0.0,0.0,0.0,1.0
NKS1155,753,0.0,0.0,0.0,1.0
NKS1155,754,0.0049,20.55,0.0,1.9
NKS1155,755,0.0055,48.35,0.0,1.4
NKS1155,756,0.0,0.0,0.0,1.0
NKS1155,757,0.0,0.0,0.0,1.0
NKS1155,758,0.0,0.0,0.0,1.0
NKS1155,759,0.0,0.0,0.0,1.0
NKS1155,760,0.0,0.0,0.0,1.0
NKS1155,761,0.0,0.0,0.0,1.0
NKS1155,762,0.0,0.0,0.0,1.0
NKS1155,763,0.0,0.0,0.0,1.0
NKS1155,764,0.0031,10.78,0.0,2.3
NKS1155,765,0.0,0.0,0.0,1.0
NKS1155,766,0.0,0.0,0.0,1.0
NKS1155,767,0.0,0.0,0.0,1.0
NKS1155,768,0.0,0.0,0.0,1.0
NKS1155,769,0.0,0.0,0.0,1.0
NKS1155,770,0.0,0.0,0.0,1.0
NKS1155,771,0.0,0.0,0.0,1.0
NKS1155,772,0.001,6.93,0.0,1.3
NKS1155,773,0.0037,19.46,0.0,2.6
NKS1155,774,0.0,0.0,0.0,1.0
NKS1155,775,0.0,0.0,0.0,1.0
NKS1155,776,0.0,0.0,0.0,1.0
NKS1155,777,0.0046,13.06,0.0,1.5
NKS1155,778,0.0,0.0,0.0,1.0
NKS1155,779,0.0,0.0,0.0,1.0
NKS1155,780,0.0,0.0,0.0,1.0
NKS1155,781,0.0,0.0,0.0,1.0
NKS1155,782,0.0,0.0,0.0,1.0
NKS1155,783,0.0,0.0,0.0,1.0
NKS1155,784,0.0,0.0,0.0,1.0
NKS1155,785,0.0,0.0,0.0,1.0
NKS1155,786,0.0,0.0,0.0,1.0
NKS1155,787,0.0,0.0,0.0,1.0
NKS1155,788,0.0,0.0,0.0,1.0
NKS1155,789,0.0,0.0,0.0,1.0
NKS1155,790,0.0,0.0,0.0,1.0
NKS1155,791,0.0,0.0,0.0,1.0
NKS1155,792,0.0,0.0,0.0,1.0
NKS1155,793,0.0,0.0,0.0,1.0
NKS1155,794,0.0,0.0,0.0,1.0
NKS1155,795,0.0,0.0,0.0,1.0
NKS1155,796,0.0,0.0,0.0,1.0
NKS1155,797,0.0,0.0,0.0,1.0
NKS1155,798,0.0,0.0,0.0,1.0
NKS1155,799,0.0,0.0,0.0,1.0
NKS1155,800,0.0042,8.38,0.0,1.3
NKS1155,801,0.0,0.0,0.0,1.0
NKS1155,802,0.0,0.0,0.0,1.0
NKS1155,803,0.0021,6.84,0.0,1.0
NKS1155,804,0.0,0.0,0.0,1.0
NKS1155,805,0.0,0.0,0.0,1.0
NKS1155,806,0.0,0.0,0.0,1.0
NKS1155,807,0.0,0.0,0.0,1.0
NKS1155,808,0.0,0.0,0.0,1.0
NKS1155,809,0.0,0.0,0.0,1.0
NKS1155,810,0.0,0.0,0.0,1.0
NKS1155,811,0.0,0.0,0.0,1.0
NKS1155,812,0.0,0.0,0.0,1.0
NKS1155,813,0.011,8.0,0.0,1.9
NKS1155,814,0.0,0.0,0.0,1.0
NKS1155,815,0.0,0.0,0.0,1.0
NKS1155,816,0.0,0.0,0.0,1.0
NKS1155,817,0.0,0.0,0.0,1.0
NKS1155,818,0.0,0.0,0.0,1.0
NKS1155,819,0.0,0.0,0.0,1.0
NKS1155,820,0.0,0.0,0.0,1.0
NKS1155,821,0.0,0.0,0.0,1.0
NKS1155,822,0.0,0.0,0.0,1.0
NKS1155,823,0.0,0.0,0.0,1.0
NKS1155,824,0.0,0.0,0.0,1.0
NKS1155,825,0.0,0.0,0.0,1.0
NKS1155,826,0.0,0.0,0.0,1.0
NKS1155,827,0.0,0.0,0.0,1.0
NKS1155,828,0.0,0.0,0.0,1.0
NKS1155,829,0.0,0.0,0.0,1.0
NKS1155,830,0.0,0.0,0.0,1.0
NKS1155,831,0.0,0.0,0.0,1.0
NKS1155,832,0.0,0.0,0.0,1.0
NKS1155,833,0.0,0.0,0.0,1.0
NKS1155,834,0.0,0.0,0.0,1.0
NKS1155,835,0.0,0.0,0.0,1.0
NKS1155,836,0.0,0.0,0.0,1.0
NKS1155,837,0.0022,3.89,0.0,1.2
NKS1155,838,0.0,0.0,0.0,1.0
NKS1155,839,0.0,0.0,0.0,1.0
NKS1155,840,0.0,0.0,0.0,1.0
NKS1155,841,0.0,0.0,0.0,1.0
NKS1155,842,0.0,0.0,0.0,1.0
NKS1155,843,0.0,0.0,0.0,1.0
NKS1155,844,0.0,0.0,0.0,1.0
NKS1155,845,0.0,0.0,0.0,1.0
NKS1155,846,0.0,0.0,0.0,1.0
NKS1155,847,0.0,0.0,0.0,1.0
NKS1155,848,0.0011,1.51,0.0,1.2
NKS1155,849,0.0,0.0,0.0,1.0
NKS1155,850,0.0,0.0,0.0,1.0
NKS1155,851,0.0,0.0,0.0,1.0
NKS1155,852,0.0,0.0,0.0,1.0
NKS1155,853,0.0,0.0,0.0,1.0
NKS1155,854,0.0,0.0,0.0,1.0
NKS1155,855,0.0,0.0,0.0,1.0
NKS1155,856,0.0,0.0,0.0,1.0
NKS1155,857,0.0,0.0,0.0,1.0
NKS1155,858,0.0,0.0,0.0,1.0
NKS1155,859,0.0,0.0,0.0,1.0
NKS1155,860,0.0,0.0,0.0,1.0
NKS1155,861,0.0,0.0,0.0,1.0
NKS1155,862,0.0,0.0,0.0,1.0
NKS1155,863,0.0,0.0,0.0,1.0
NKS1155,864,0.0,0.0,0.0,1.0
NKS1155,865,0.0,0.0,0.0,1.0
NKS1155,866,0.0,0.0,0.0,1.0
NKS1155,867,0.0,0.0,0.0,1.0
NKS1155,868,0.0,0.0,0.0,1.0
NKS1155,869,0.0,0.0,0.0,1.0
NKS1155,870,0.0,0.0,0.0,1.0
NKS1155,871,0.0,0.0,0.0,1.0
NKS1155,872,0.0,0.0,0.0,1.0
NKS1155,873,0.0,0.0,0.0,1.0
NKS1155,874,0.0033,1.41,0.0,1.9
NKS1155,875,0.0,0.0,0.0,1.0
NKS1155,876,0.0,0.0,0.0,1.0
NKS1155,877,0.0,0.0,0.0,1.0
NKS1155,878,0.0,0.0,0.0,1.0
NKS1155,879,0.0,0.0,0.0,1.0
NKS1155,880,0.0089,14.5,0.0,1.9
NKS1155,881,0.0,0.0,0.0,1.0
NKS1155,882,0.0,0.0,0.0,1.0
NKS1155,883,0.0,0.0,0.0,1.0
NKS1155,884,0.0,0.0,0.0,1.0
NKS1155,885,0.0104,15.64,0.0,1.8
NKS1155,886,0.0,0.0,0.0,1.0
NKS1155,887,0.0,0.0,0.0,1.0
NKS1155,888,0.0,0.0,0.0,1.0
NKS1155,889,0.0,0.0,0.0,1.0
NKS1155,890,0.0,0.0,0.0,1.0
NKS1155,891,0.0,0.0,0.0,1.0
NKS1155,892,0.0,0.0,0.0,1.0
NKS1155,893,0.0,0.0,0.0,1.0
NKS1155,894,0.0,0.0,0.0,1.0
NKS1155,895,0.0,0.0,0.0,1.0
NKS1155,896,0.0,0.0,0.0,1.0
NKS1155,897,0.0,0.0,0.0,1.0
NKS1155,898,0.0,0.0,0.0,1.0
NKS1155,899,0.0,0.0,0.0,1.0
NKS1155,900,0.0,0.0,0.0,1.0
NKS1155,901,0.0,0.0,0.0,1.0
NKS1155,902,0.0,0.0,0.0,1.0
NKS1155,903,0.0,0.0,0.0,1.0
NKS1155,904,0.0,0.0,0.0,1.0
NKS1155,905,0.0,0.0,0.0,1.0
NKS1155,906,0.0,0.0,0.0,1.0
NKS1155,907,0.0,0.0,0.0,1.0
NKS1155,908,0.0,0.0,0.0,1.0
NKS1155,909,0.0,0.0,0.0,1.0
NKS1155,910,0.0,0.0,0.0,1.0
NKS1155,911,0.0,0.0,0.0,1.0
NKS1155,912,0.0,0.0,0.0,1.0
NKS1155,913,0.0,0.0,0.0,1.0
NKS1155,914,0.0,0.0,0.0,1.0
NKS1155,915,0.0,0.0,0.0,1.0
NKS1155,916,0.0,0.0,0.0,1.0
NKS1155,917,0.0,0.0,0.0,1.0
NKS1155,918,0.0,0.0,0.0,1.0
NKS1155,919,0.0,0.0,0.0,1.0
NKS1155,920,0.0,0.0,0.0,1.0
NKS1155,921,0.0,0.0,0.0,1.0
NKS1155,922,0.0,0.0,0.0,1.0
NKS1155,923,0.0,0.0,0.0,1.0
NKS1155,924,0.0,0.0,0.0,1.0
NKS1155,925,0.0,0.0,0.0,1.0
NKS1155,926,0.0,0.0,0.0,1.0
NKS1155,927,0.0,0.0,0.0,1.0
NKS1155,928,0.0,0.0,0.0,1.0
NKS1155,929,0.0,0.0,0.0,1.0
NKS1155,930,0.0,0.0,0.0,1.0
NKS1155,931,0.0,0.0,0.0,1.0
NKS1155,932,0.0,0.0,0.0,1.0
NKS1155,933,0.0,0.0,0.0,1.0
NKS1155,934,0.0,0.0,0.0,1.0
NKS1155,935,0.0,0.0,0.0,1.0
NKS1155,936,0.0,0.0,0.0,1.0
NKS1155,937,0.0,0.0,0.0,1.0
NKS1155,938,0.0,0.0,0.0,1.0
NKS1155,939,0.0,0.0,0.0,1.0
NKS1155,940,0.0,0.0,0.0,1.0
NKS1155,941,0.0,0.0,0.0,1.0
NKS1155,942,0.0,0.0,0.0,1.0
NKS1155,943,0.0,0.0,0.0,1.0
NKS1155,944,0.0,0.0,0.0,1.0
NKS1155,945,0.0056,10.13,0.0,1.3
NKS1155,946,0.0,0.0,0.0,1.0
NKS1155,947,0.0,0.0,0.0,1.0
NKS1155,948,0.0,0.0,0.0,1.0
NKS1155,949,0.0,0.0,0.0,1.0
NKS1155,950,0.0,0.0,0.0,1.0
NKS1155,951,0.0,0.0,0.0,1.0
NKS1155,952,0.0,0.0,0.0,1.0
NKS1155,953,0.0,0.0,0.0,1.0
NKS1155,954,0.0,0.0,0.0,1.0
NKS1155,955,0.0,0.0,0.0,1.0
NKS1155,956,0.0,0.0,0.0,1.0
NKS1155,957,0.0,0.0,0.0,1.0
NKS1155,958,0.0,0.0,0.0,1.0
NKS1155,959,0.0,0.0,0.0,1.0
NKS1155,960,0.0,0.0,0.0,1.0
NKS1155,961,0.0,0.0,0.0,1.0
NKS1155,962,0.0,0.0,0.0,1.0
NKS1155,963,0.0,0.0,0.0,1.0
NKS1155,964,0.0,0.0,0.0,1.0
NKS1155,965,0.0,0.0,0.0,1.0
NKS1155,966,0.0,0.0,0.0,1.0
NKS1155,967,0.0,0.0,0.0,1.0
NKS1155,968,0.0,0.0,0.0,1.0
NKS1155,969,0.0,0.0,0.0,1.0
NKS1155,970,0.0,0.0,0.0,1.0
NKS1155,971,0.0,0.0,0.0,1.0
NKS1155,972,0.0,0.0,0.0,1.0
NKS1155,973,0.0,0.0,0.0,1.0
NKS1155,974,0.0,0.0,0.0,1.0
NKS1155,975,0.0,0.0,0.0,1.0
NKS1155,976,0.0,0.0,0.0,1.0
NKS1155,977,0.0,0.0,0.0,1.0
NKS1155,978,0.0,0.0,0.0,1.0
NKS1155,979,0.0,0.0,0.0,1.0
NKS1155,980,0.0,0.0,0.0,1.0
NKS1155,981,0.0,0.0,0.0,1.0
NKS1155,982,0.0,0.0,0.0,1.0
NKS1155,983,0.0,0.0,0.0,1.0
NKS1155,984,0.0,0.0,0.0,1.0
NKS1155,985,0.0,0.0,0.0,1.0
NKS1155,986,0.0,0.0,0.0,1.0
NKS1155,987,0.0031,3.67,0.0,1.0
NKS1155,988,0.0,0.0,0.0,1.0
NKS1155,989,0.0,0.0,0.0,1.0
NKS1155,990,0.0008,13.19,0.0,2.4
NKS1155,991,0.0043,35.04,0.0,2.0
NKS1155,992,0.0,0.0,0.0,1.0
NKS1155,993,0.0,0.0,0.0,1.0
NKS1155,994,0.0,0.0,0.0,1.0
NKS1155,995,0.0,0.0,0.0,1.0
NKS1155,996,0.0,0.0,0.0,1.0
NKS1155,997,0.0,0.0,0.0,1.0
NKS1155,998,0.0,0.0,0.0,1.0
NKS1155,999,0.0076,2.58,0.0,1.1
NKS1155,1000,0.0,0.0,0.0,1.0
NKS1155,1001,0.0,0.0,0.0,1.0
NKS1155,1002,0.0,0.0,0.0,1.0
NKS1155,1003,0.0058,31.1,0.0,2.7
NKS1155,1004,0.0053,4.47,0.0,1.0
NKS1155,1005,0.0,0.0,0.0,1.0
NKS1155,1006,0.0,0.0,0.0,1.0
NKS1155,1007,0.0,0.0,0.0,1.0
NKS1155,1008,0.0,0.0,0.0,1.0
NKS1155,1009,0.0,0.0,0.0,1.0
NKS1155,1010,0.0,0.0,0.0,1.0
NKS1155,1011,0.0,0.0,0.0,1.0
NKS1155,1012,0.0,0.0,0.0,1.0
NKS1155,1013,0.0,0.0,0.0,1.0
NKS1155,1014,0.0,0.0,0.0,1.0
NKS1155,1015,0.0,0.0,0.0,1.0
NKS1155,1016,0.0,0.0,0.0,1.0
NKS1155,1017,0.0,0.0,0.0,1.0
NKS1155,1018,0.0,0.0,0.0,1.0
NKS1155,1019,0.0,0.0,0.0,1.0
NKS1155,1020,0.0,0.0,0.0,1.0
NKS1155,1021,0.0,0.0,0.0,1.0
NKS1155,1022,0.0,0.0,0.0,1.0
NKS1155,1023,0.0,0.0,0.0,1.0
NKS1155,1024,0.0,0.0,0.0,1.0
NKS1155,1025,0.0,0.0,0.0,1.0
NKS1155,1026,0.0,0.0,0.0,1.0
NKS1155,1027,0.0,0.0,0.0,1.0
NKS1155,1028,0.0,0.0,0.0,1.0
NKS1155,1029,0.0,0.0,0.0,1.0
NKS1155,1030,0.0,0.0,0.0,1.0
NKS1155,1031,0.0,0.0,0.0,1.0
NKS1155,1032,0.0,0.0,0.0,1.0
NKS1155,1033,0.0,0.0,0.0,1.0
NKS1155,1034,0.0,0.0,0.0,1.0
NKS1155,1035,0.0,0.0,0.0,1.0
NKS1155,1036,0.0,0.0,0.0,1.0
NKS1155,1037,0.0,0.0,0.0,1.0
NKS1155,1038,0.0,0.0,0.0,1.0
NKS1155,1039,0.0,0.0,0.0,1.0
NKS1155,1040,0.0,0.0,0.0,1.0
NKS1155,1041,0.0,0.0,0.0,1.0
NKS1155,1042,0.0,0.0,0.0,1.0
NKS1155,1043,0.0,0.0,0.0,1.0
NKS1155,1044,0.0,0.0,0.0,1.0
NKS1155,1045,0.0,0.0,0.0,1.0
NKS1155,1046,0.0,0.0,0.0,1.0
NKS1155,1047,0.0,0.0,0.0,1.0
NKS1155,1048,0.0,0.0,0.0,1.0
NKS1155,1049,0.0,0.0,0.0,1.0
NKS1155,1050,0.0,0.0,0.0,1.0
NKS1155,1051,0.0,0.0,0.0,1.0
NKS1155,1052,0.0,0.0,0.0,1.0
NKS1155,1053,0.0,0.0,0.0,1.0
NKS1155,1054,0.0,0.0,0.0,1.0
NKS1155,1055,0.0,0.0,0.0,1.0
NKS1155,1056,0.0,0.0,0.0,1.0
NKS1155,1057,0.0,0.0,0.0,1.0
NKS1155,1058,0.0,0.0,0.0,1.0
NKS1155,1059,0.0,0.0,0.0,1.0
NKS1155,1060,0.0,0.0,0.0,1.0
NKS1155,1061,0.0,0.0,0.0,1.0
NKS1155,1062,0.0,0.0,0.0,1.0
NKS1155,1063,0.0,0.0,0.0,1.0
NKS1155,1064,0.0,0.0,0.0,1.0
NKS1155,1065,0.0,0.0,0.0,1.0
NKS1155,1066,0.0039,13.69,0.0,2.3
NKS1155,1067,0.0,0.0,0.0,1.0
NKS1155,1068,0.0,0.0,0.0,1.0
NKS1155,1069,0.0,0.0,0.0,1.0
NKS1155,1070,0.0,0.0,0.0,1.0
NKS1155,1071,0.0,0.0,0.0,1.0
NKS1155,1072,0.0039,9.55,0.0,1.3
NKS1155,1073,0.0,0.0,0.0,1.0
NKS1155,1074,0.0,0.0,0.0,1.0
NKS1155,1075,0.0,0.0,0.0,1.0
NKS1155,1076,0.0,0.0,0.0,1.0
NKS1155,1077,0.0,0.0,0.0,1.0
NKS1155,1078,0.0,0.0,0.0,1.0
NKS1155,1079,0.0,0.0,0.0,1.0
NKS1155,1080,0.0,0.0,0.0,1.0
NKS1155,1081,0.0,0.0,0.0,1.0
NKS1155,1082,0.0,0.0,0.0,1.0
NKS1155,1083,0.0,0.0,0.0,1.0
NKS1155,1084,0.0,0.0,0.0,1.0
NKS1155,1085,0.0,0.0,0.0,1.0
NKS1155,1086,0.0,0.0,0.0,1.0
NKS1155,1087,0.0,0.0,0.0,1.0
NKS1155,1088,0.0,0.0,0.0,1.0
NKS1155,1089,0.0,0.0,0.0,1.0
NKS1155,1090,0.0,0.0,0.0,1.0
NKS1155,1091,0.0,0.0,0.0,1.0
NKS1155,1092,0.0,0.0,0.0,1.0
NKS1155,1093,0.0,0.0,0.0,1.0
NKS1155,1094,0.0,0.0,0.0,1.0
NKS1155,1095,0.0,0.0,0.0,1.0
NKS1155,1096,0.0,0.0,0.0,1.0
NKS1155,1097,0.0,0.0,0.0,1.0
NKS1155,1098,0.0,0.0,0.0,1.0
NKS1155,1099,0.0,0.0,0.0,1.0
NKS1155,1100,0.0,0.0,0.0,1.0
NKS1155,1101,0.0,0.0,0.0,1.0
NKS1155,1102,0.0,0.0,0.0,1.0
NKS1155,1103,0.0,0.0,0.0,1.0
NKS1155,1104,0.0,0.0,0.0,1.0
NKS1155,1105,0.0,0.0,0.0,1.0
NKS1155,1106,0.0,0.0,0.0,1.0
NKS1155,1107,0.0037,1.12,0.0,1.0
NKS1155,1108,0.0,0.0,0.0,1.0
NKS1155,1109,0.0,0.0,0.0,1.0
NKS1155,1110,0.0,0.0,0.0,1.0
NKS1155,1111,0.0,0.0,0.0,1.0
NKS1155,1112,0.0,0.0,0.0,1.0
NKS1155,1113,0.0,0.0,0.0,1.0
NKS1155,1114,0.0,0.0,0.0,1.0
NKS1155,1115,0.0,0.0,0.0,1.0
NKS1155,1116,0.0,0.0,0.0,1.0
NKS1155,1117,0.0,0.0,0.0,1.0
NKS1155,1118,0.0,0.0,0.0,1.0
NKS1155,1119,0.0,0.0,0.0,1.0
NKS1155,1120,0.0,0.0,0.0,1.0
NKS1155,1121,0.0,0.0,0.0,1.0
NKS1155,1122,0.0,0.0,0.0,1.0
NKS1155,1123,0.0,0.0,0.0,1.0
NKS1155,1124,0.0,0.0,0.0,1.0
NKS1155,1125,0.0,0.0,0.0,1.0
NKS1155,1126,0.0,0.0,0.0,1.0
NKS1155,1127,0.0,0.0,0.0,1.0
NKS1155,1128,0.0,0.0,0.0,1.0
NKS1155,1129,0.0016,15.23,0.0,2.0
NKS1155,1130,0.0,0.0,0.0,1.0
NKS1155,1131,0.0026,33.07,0.0,1.8
NKS1155,1132,0.0,0.0,0.0,1.0
NKS1155,1133,0.0,0.0,0.0,1.0
NKS1155,1134,0.0,0.0,0.0,1.0
NKS1155,1135,0.0,0.0,0.0,1.0
NKS1155,1136,0.0,0.0,0.0,1.0
NKS1155,1137,0.0,0.0,0.0,1.0
NKS1155,1138,0.0,0.0,0.0,1.0
NKS1155,1139,0.0,0.0,0.0,1.0
NKS1155,1140,0.0,0.0,0.0,1.0
NKS1155,1141,0.0,0.0,0.0,1.0
NKS1155,1142,0.0,0.0,0.0,1.0
NKS1155,1143,0.0,0.0,0.0,1.0
NKS1155,1144,0.0,0.0,0.0,1.0
NKS1155,1145,0.0,0.0,0.0,1.0
NKS1155,1146,0.0,0.0,0.0,1.0
NKS1155,1147,0.0,0.0,0.0,1.0
NKS1155,1148,0.0084,32.13,0.0,2.5
NKS1155,1149,0.0,0.0,0.0,1.0
NKS1155,1150,0.0,0.0,0.0,1.0
NKS1155,1151,0.0,0.0,0.0,1.0
NKS1155,1152,0.0,0.0,0.0,1.0
NKS1155,1153,0.0,0.0,0.0,1.0
NKS1155,1154,0.0,0.0,0.0,1.0
NKS1155,1155,0.0,0.0,0.0,1.0
NKS1155,1156,0.0,0.0,0.0,1.0
NKS1155,1157,0.0,0.0,0.0,1.0
NKS1155,1158,0.0,0.0,0.0,1.0
NKS1155,1159,0.0,0.0,0.0,1.0
NKS1155,1160,0.0,0.0,0.0,1.0
NKS1155,1161,0.0025,6.85,0.0,1.1
NKS1155,1162,0.0,0.0,0.0,1.0
NKS1155,1163,0.0,0.0,0.0,1.0
NKS1155,1164,0.0,0.0,0.0,1.0
NKS1155,1165,0.0,0.0,0.0,1.0
NKS1155,1166,0.0,0.0,0.0,1.0
NKS1155,1167,0.0,0.0,0.0,1.0
NKS1155,1168,0.0,0.0,0.0,1.0
NKS1155,1169,0.0,0.0,0.0,1.0
NKS1155,1170,0.0,0.0,0.0,1.0
NKS1155,1171,0.0,0.0,0.0,1.0
NKS1155,1172,0.0,0.0,0.0,1.0
NKS1155,1173,0.0,0.0,0.0,1.0
NKS1155,1174,0.0,0.0,0.0,1.0
NKS1155,1175,0.0,0.0,0.0,1.0
NKS1155,1176,0.0,0.0,0.0,1.0
NKS1155,1177,0.0,0.0,0.0,1.0
NKS1155,1178,0.0,0.0,0.0,1.0
NKS1155,1179,0.0,0.0,0.0,1.0
NKS1155,1180,0.0,0.0,0.0,1.0
NKS1155,1181,0.0,0.0,0.0,1.0
NKS1155,1182,0.0,0.0,0.0,1.0
NKS1155,1183,0.0,0.0,0.0,1.0
NKS1155,1184,0.0049,5.19,0.0,1.0
NKS1155,1185,0.0,0.0,0.0,1.0
NKS1155,1186,0.0,0.0,0.0,1.0
NKS1155,1187,0.0017,12.81,0.0,3.1
NKS1155,1188,0.0,0.0,0.0,1.0
NKS1155,1189,0.0,0.0,0.0,1.0
NKS1155,1190,0.0,0.0,0.0,1.0
NKS1155,1191,0.0,0.0,0.0,1.0
NKS1155,1192,0.0041,17.36,0.0,2.6
NKS1155,1193,0.0,0.0,0.0,1.0
NKS1155,1194,0.0,0.0,0.0,1.0
NKS1155,1195,0.0,0.0,0.0,1.0
NKS1155,1196,0.0,0.0,0.0,1.0
NKS1155,1197,0.0,0.0,0.0,1.0
NKS1155,1198,0.0,0.0,0.0,1.0
NKS1155,1199,0.0,0.0,0.0,1.0
NKS1155,1200,0.0,0.0,0.0,1.0
NKS1155,1201,0.0,0.0,0.0,1.0
NKS1155,1202,0.0,0.0,0.0,1.0
NKS1155,1203,0.0,0.0,0.0,1.0
NKS1155,1204,0.0,0.0,0.0,1.0
NKS1155,1205,0.0,3.67,0.0,1.0
NKS1155,1206,0.0,0.0,0.0,1.0
NKS1155,1207,0.0,0.0,0.0,1.0
NKS1155,1208,0.0,0.0,0.0,1.0
NKS1155,1209,0.0002,0.51,0.0,1.0
NKS1155,1210,0.0,0.0,0.0,1.0
NKS1155,1211,0.0,0.0,0.0,1.0
NKS1155,1212,0.0,0.0,0.0,1.0
NKS1171,1,0.0,0.0,0.0,1.0
NKS1171,2,0.0,0.0,0.0,1.0
NKS1171,3,0.0,0.0,0.0,1.0
NKS1171,4,0.0,0.0,0.0,1.0
NKS1171,5,0.0,0.0,0.0,1.0
NKS1171,6,0.0,0.0,0.0,1.0
NKS1171,7,0.0,0.0,0.0,1.0
NKS1171,8,0.0,0.0,0.0,1.0
NKS1171,9,0.0,0.0,0.0,1.0
NKS1171,10,0.0,0.0,0.0,1.0
NKS1171,11,0.0,0.0,0.0,1.0
NKS1846,1,0.0,0.0,0.0,1.0
NKS1846,2,0.0,0.0,0.0,1.0
NKS1846,3,0.0,0.0,0.0,1.0
NKS1846,4,0.0,0.0,0.0,1.0
NKS1846,5,0.0,0.0,0.0,1.0
NKS1846,6,0.0,0.0,0.0,1.0
NKS1846,7,0.0,0.0,0.0,1.0
NKS1846,8,0.0,0.0,0.0,1.0
NKS1846,9,0.0,0.0,0.0,1.0
NKS1846,10,0.0,0.0,0.0,1.0
NKS1846,11,0.0,0.0,0.0,1.0
NKS1846,12,0.0,0.0,0.0,1.0
NKS1846,13,0.0,0.0,0.0,1.0
NKS1847,1,0.0125,39.33,0.27,1.1
NKS1847,2,0.0034,22.76,0.0,1.3
NKS1847,3,0.0,0.0,0.0,1.0
NKS1847,4,0.0,0.0,0.0,1.0
NKS1847,5,0.0,0.0,0.0,1.0
NKS1847,6,0.0,0.0,0.0,1.0
NKS1847,7,0.0006,1.38,0.0,1.0
NKS1847,8,0.0,0.0,0.0,1.0
NKS1847,9,0.0021,1.69,0.0,1.0
NKS1847,10,0.0,0.0,0.0,1.0
NKS1847,11,0.0005,16.39,0.0,1.6
NKS1847,12,0.0,0.0,0.0,1.0
NKS1847,13,0.0,0.0,0.0,1.0
NKS1847,14,0.0009,15.4,0.0,1.5
NKS1847,15,0.0,0.0,0.0,1.0
NKS1847,16,0.0,0.0,0.0,1.0
NKS1847,17,0.0002,4.12,0.0,1.0
NKS1847,18,0.0,0.0,0.0,1.0
NKS1847,19,0.0,0.0,0.0,1.0
NKS1847,20,0.0,0.0,0.0,1.0
NKS1847,21,0.0,0.0,0.0,1.0
NKS1847,22,0.0,0.0,0.0,1.0
NKS1847,23,0.0,0.0,0.0,1.0
NKS1847,24,0.0016,0.01,0.0,1.0
NKS1847,25,0.0,0.0,0.0,1.0
NKS1847,26,0.0,0.0,0.0,1.0
NKS1847,27,0.0,0.0,0.0,1.0
NKS1847,28,0.0,0.0,0.0,1.0
NKS1847,29,0.0,0.0,0.0,1.0
NKS1847,30,0.0,0.0,0.0,1.0
NKS1847,31,0.0,0.0,0.0,1.0
NKS1847,32,0.0037,7.66,0.0,1.5
NKS1847,33,0.0,0.0,0.0,1.0
NKS1847,34,0.0,0.0,0.0,1.0
NKS1847,35,0.0,0.0,0.0,1.0
NKS1847,36,0.0,0.0,0.0,1.0
NKS1847,37,0.0002,0.07,0.0,1.4
NKS1847,38,0.0,0.0,0.0,1.0
NKS1847,39,0.0,0.0,0.0,1.0
NKS1847,40,0.0,0.0,0.0,1.0
NKS1847,41,0.0,0.0,0.0,1.0
NKS1847,42,0.0,0.0,0.0,1.0
NKS1847,43,0.0,0.0,0.0,1.0
NKS1847,44,0.0059,15.71,0.0,1.8
NKS1847,45,0.0,0.0,0.0,1.0
NKS1847,46,0.0,0.0,0.0,1.0
NKS1847,47,0.0025,6.18,0.0,1.1
NKS1847,48,0.0051,11.24,0.0,1.7
NKS1847,49,0.0,0.0,0.0,1.0
NKS1847,50,0.0,0.0,0.0,1.0
NKS1847,51,0.0,0.0,0.0,1.0
NKS1847,52,0.0,0.0,0.0,1.0
NKS1847,53,0.0,0.0,0.0,1.0
NKS1847,54,0.0,0.0,0.0,1.0
NKS1847,55,0.0,0.0,0.0,1.0
NKS1847,56,0.0026,3.46,0.0,1.1
NKS1847,57,0.0,0.0,0.0,1.0
NKS1847,58,0.0,0.0,0.0,1.0
NKS1847,59,0.0,0.0,0.0,1.0
NKS1847,60,0.0,0.0,0.0,1.0
NKS1847,61,0.0,0.0,0.0,1.0
NKS1847,62,0.0,0.0,0.0,1.0
NKS1847,63,0.0,0.0,0.0,1.0
NKS1847,64,0.0,0.0,0.0,1.0
NKS1847,65,0.0019,7.08,0.0,1.1
NKS1847,66,0.0,0.0,0.0,1.0
NKS1847,67,0.0,0.0,0.0,1.0
NKS1847,68,0.0,0.0,0.0,1.0
NKS1847,69,0.0,0.0,0.0,1.0
NKS1847,70,0.0,0.0,0.0,1.0
NKS1847,71,0.0,0.0,0.0,1.0
NKS1847,72,0.0,0.0,0.0,1.0
NKS1847,73,0.0,0.0,0.0,1.0
NKS1847,74,0.0,0.0,0.0,1.0
NKS1847,75,0.0,0.0,0.0,1.0
NKS1847,76,0.0,0.0,0.0,1.0
NKS1847,77,0.0,0.0,0.0,1.0
NKS1847,78,0.0,0.0,0.0,1.0
NKS1847,79,0.0,0.0,0.0,1.0
NKS1847,80,0.0,0.0,0.0,1.0
NKS1847,81,0.0,0.0,0.0,1.0
NKS1847,82,0.0,0.0,0.0,1.0
NKS1847,83,0.0,0.0,0.0,1.0
NKS1847,84,0.0,0.0,0.0,1.0
NKS1847,85,0.0,0.0,0.0,1.0
NKS1847,86,0.0,0.0,0.0,1.0
NKS1847,87,0.0,0.0,0.0,1.0
NKS1847,88,0.0,0.0,0.0,1.0
NKS1847,89,0.0,0.0,0.0,1.0
NKS1847,90,0.0,0.0,0.0,1.0
NKS1847,91,0.0,0.0,0.0,1.0
NKS1847,92,0.0,0.0,0.0,1.0
NKS1847,93,0.0,0.0,0.0,1.0
NKS1847,94,0.0,0.0,0.0,1.0
NKS1847,95,0.0,0.0,0.0,1.0
NKS1847,96,0.0,0.0,0.0,1.0
NKS1847,97,0.0,0.0,0.0,1.0
NKS1847,98,0.0,0.0,0.0,1.0
NKS1847,99,0.0,0.0,0.0,1.0
NKS1847,100,0.0,0.0,0.0,1.0
NKS1847,101,0.0,0.0,0.0,1.0
NKS1847,102,0.0,0.0,0.0,1.0
NKS1847,103,0.0015,1.29,0.0,1.0
NKS1847,104,0.0,0.0,0.0,1.0
NKS1847,105,0.0,0.0,0.0,1.0
NKS1847,106,0.0,0.0,0.0,1.0
NKS1847,107,0.0,0.0,0.0,1.0
NKS1847,108,0.0,0.0,0.0,1.0
NKS1847,109,0.0,0.0,0.0,1.0
NKS1847,110,0.0,0.0,0.0,1.0
NKS1847,111,0.0,0.0,0.0,1.0
NKS1847,112,0.0,0.0,0.0,1.0
NKS1847,113,0.0,0.0,0.0,1.0
NKS1847,114,0.0,0.0,0.0,1.0
NKS1847,115,0.0,0.0,0.0,1.0
NKS1847,116,0.0,0.0,0.0,1.0
NKS1847,117,0.0,0.0,0.0,1.0
NKS1847,118,0.0051,8.6,0.0,1.0
NKS1847,119,0.0,0.0,0.0,1.0
NKS1847,120,0.0,0.0,0.0,1.0
NKS1847,121,0.0,0.0,0.0,1.0
NKS1847,122,0.0,0.0,0.0,1.0
NKS1847,123,0.0,0.0,0.0,1.0
NKS1847,124,0.0,0.0,0.0,1.0
NKS1847,125,0.0,0.0,0.0,1.0
NKS1847,126,0.0013,2.23,0.0,1.0
NKS1847,127,0.0,0.0,0.0,1.0
NKS1847,128,0.0,0.0,0.0,1.0
NKS1847,129,0.0,0.0,0.0,1.0
NKS1847,130,0.0,0.0,0.0,1.0
NKS1847,131,0.0,0.0,0.0,1.0
NKS1847,132,0.0042,13.35,0.0,1.2
NKS1847,133,0.0,0.0,0.0,1.0
NKS1847,134,0.0,0.0,0.0,1.0
NKS1847,135,0.0,0.0,0.0,1.0
NKS1847,136,0.0,0.0,0.0,1.0
NKS1847,137,0.0,0.0,0.0,1.0
NKS1847,138,0.0,0.0,0.0,1.0
NKS1847,139,0.0,0.0,0.0,1.0
NKS1847,140,0.0,0.0,0.0,1.0
NKS1847,141,0.0,0.0,0.0,1.0
NKS1847,142,0.0,0.0,0.0,1.0
NKS1847,143,0.0,0.0,0.0,1.0
NKS1847,144,0.0,0.0,0.0,1.0
NKS1847,145,0.0,0.0,0.0,1.0
NKS1847,146,0.0,0.0,0.0,1.0
NKS1847,147,0.0,0.0,0.0,1.0
NKS1847,148,0.0,0.0,0.0,1.0
NKS1847,149,0.0,0.0,0.0,1.0
NKS1847,150,0.0,0.0,0.0,1.0
NKS1847,151,0.0,0.0,0.0,1.0
NKS1847,152,0.0,0.0,0.0,1.0
NKS1847,153,0.0,0.0,0.0,1.0
NKS1847,154,0.0,0.0,0.0,1.0
NKS1847,155,0.0,0.0,0.0,1.0
NKS1847,156,0.0,0.0,0.0,1.0
NKS1847,157,0.0,0.0,0.0,1.0
NKS1847,158,0.0,0.0,0.0,1.0
NKS1847,159,0.0,0.0,0.0,1.0
NKS1847,160,0.0,0.0,0.0,1.0
NKS1847,161,0.0,0.0,0.0,1.0
NKS1847,162,0.0,0.0,0.0,1.0
NKS1847,163,0.0,0.0,0.0,1.0
NKS1847,164,0.0,0.0,0.0,1.0
NKS1847,165,0.0,0.0,0.0,1.0
NKS1847,166,0.0,0.0,0.0,1.0
NKS1847,167,0.0,0.0,0.0,1.0
NKS1847,168,0.0,0.0,0.0,1.0
NKS1847,169,0.0,0.0,0.0,1.0
NKS1847,170,0.0,0.0,0.0,1.0
NKS1847,171,0.0,0.0,0.0,1.0
NKS1847,172,0.0,0.0,0.0,1.0
NKS1847,173,0.0,0.0,0.0,1.0
NKS1847,174,0.0,0.0,0.0,1.0
NKS1847,175,0.0,0.0,0.0,1.0
NKS1847,176,0.0,0.0,0.0,1.0
NKS1847,177,0.0,0.0,0.0,1.0
NKS1847,178,0.0,0.0,0.0,1.0
NKS1847,179,0.0,0.0,0.0,1.0
NKS1847,180,0.0,0.0,0.0,1.0
NKS1847,181,0.0,0.0,0.0,1.0
NKS1847,182,0.0,0.0,0.0,1.0
NKS1847,183,0.0,0.0,0.0,1.0
NKS1847,184,0.0,0.0,0.0,1.0
NKS1847,185,0.0015,18.85,0.0,1.9
NKS1847,186,0.0029,7.23,0.0,1.6
NKS1847,187,0.0,0.0,0.0,1.0
NKS1847,188,0.0,0.0,0.0,1.0
NKS1847,189,0.0,0.0,0.0,1.0
NKS1847,190,0.0,0.0,0.0,1.0
NKS1847,191,0.0,0.0,0.0,1.0
NKS1847,192,0.0,0.0,0.0,1.0
NKS1847,193,0.0,0.0,0.0,1.0
NKS1847,194,0.0,0.0,0.0,1.0
NKS1847,195,0.0,0.0,0.0,1.0
NKS1847,196,0.0,0.0,0.0,1.0
NKS1847,197,0.0,0.0,0.0,1.0
NKS1847,198,0.0044,5.95,0.0,1.5
NKS1847,199,0.0,0.0,0.0,1.0
NKS1847,200,0.0,0.0,0.0,1.0
NKS1847,201,0.0,0.0,0.0,1.0
NKS1847,202,0.0,0.0,0.0,1.0
NKS1847,203,0.0,0.0,0.0,1.0
NKS1847,204,0.0,0.0,0.0,1.0
NKS1847,205,0.0,0.0,0.0,1.0
NKS1847,206,0.0,0.0,0.0,1.0
NKS1847,207,0.0,0.0,0.0,1.0
NKS1847,208,0.0,0.0,0.0,1.0
NKS1847,209,0.0,0.0,0.0,1.0
NKS1847,210,0.0,0.0,0.0,1.0
NKS1847,211,0.0,0.0,0.0,1.0
NKS1847,212,0.0,0.0,0.0,1.0
NKS1847,213,0.0,0.0,0.0,1.0
NKS1847,214,0.0,0.0,0.0,1.0
NKS1847,215,0.0,0.0,0.0,1.0
NKS1847,216,0.0,0.0,0.0,1.0
NKS1847,217,0.0,0.0,0.0,1.0
NKS1847,218,0.0,0.0,0.0,1.0
NKS1847,219,0.0,0.0,0.0,1.0
NKS1847,220,0.0,0.0,0.0,1.0
NKS1847,221,0.0,0.0,0.0,1.0
NKS1847,222,0.0,0.0,0.0,1.0
NKS1847,223,0.0,0.0,0.0,1.0
NKS1847,224,0.0,0.0,0.0,1.0
NKS1847,225,0.0139,32.27,0.0,1.8
NKS1847,226,0.0,0.0,0.0,1.0
NKS1847,227,0.0,0.0,0.0,1.0
NKS1847,228,0.0,0.0,0.0,1.0
NKS1847,229,0.0,0.0,0.0,1.0
NKS1847,230,0.0,0.0,0.0,1.0
NKS1847,231,0.0,0.0,0.0,1.0
NKS1847,232,0.0,0.0,0.0,1.0
NKS1847,233,0.0,0.0,0.0,1.0
NKS1847,234,0.0028,6.31,0.0,1.2
NKS1847,235,0.0,0.0,0.0,1.0
NKS1847,236,0.0,0.0,0.0,1.0
NKS1847,237,0.0,0.0,0.0,1.0
NKS1847,238,0.0,0.0,0.0,1.0
NKS1847,239,0.0,0.0,0.0,1.0
NKS1847,240,0.0,0.0,0.0,1.0
NKS1847,241,0.0,0.0,0.0,1.0
NKS1847,242,0.0,0.0,0.0,1.0
NKS1847,243,0.0,0.0,0.0,1.0
NKS1847,244,0.0,0.0,0.0,1.0
NKS1847,245,0.0,0.0,0.0,1.0
NKS1847,246,0.0,0.0,0.0,1.0
NKS1847,247,0.0,0.0,0.0,1.0
NKS1847,248,0.0,0.0,0.0,1.0
NKS1847,249,0.0,0.0,0.0,1.0
NKS1847,250,0.0,0.0,0.0,1.0
NKS1847,251,0.0,0.0,0.0,1.0
NKS1847,252,0.0048,12.8,0.0,3.6
NKS1847,253,0.0,0.0,0.0,1.0
NKS1847,254,0.0,0.0,0.0,1.0
NKS1847,255,0.0,0.0,0.0,1.0
NKS1847,256,0.0019,6.92,0.0,1.6
NKS1847,257,0.0,0.0,0.0,1.0
NKS1847,258,0.0,0.0,0.0,1.0
NKS1847,259,0.0,0.0,0.0,1.0
NKS1847,260,0.0,0.0,0.0,1.0
NKS1847,261,0.0,0.0,0.0,1.0
NKS1847,262,0.0,0.0,0.0,1.0
NKS1847,263,0.0,0.0,0.0,1.0
NKS1847,264,0.0,0.0,0.0,1.0
NKS1847,265,0.0,0.0,0.0,1.0
NKS1847,266,0.0,0.0,0.0,1.0
NKS1847,267,0.0,0.0,0.0,1.0
NKS1847,268,0.0,0.0,0.0,1.0
NKS1847,269,0.0,0.0,0.0,1.0
NKS1847,270,0.0046,13.51,0.0,1.1
NKS1847,271,0.0,0.0,0.0,1.0
NKS1847,272,0.0,0.0,0.0,1.0
NKS1847,273,0.0,0.0,0.0,1.0
NKS1847,274,0.0,0.0,0.0,1.0
NKS1847,275,0.0,0.0,0.0,1.0
NKS1847,276,0.0,0.0,0.0,1.0
NKS1847,277,0.0,0.0,0.0,1.0
NKS1847,278,0.0,0.0,0.0,1.0
NKS1847,279,0.0,0.0,0.0,1.0
NKS1847,280,0.0,0.0,0.0,1.0
NKS1847,281,0.0,0.0,0.0,1.0
NKS1847,282,0.0,0.0,0.0,1.0
NKS1847,283,0.0132,27.59,0.0,1.8
NKS1847,284,0.0,0.0,0.0,1.0
NKS1847,285,0.0,0.0,0.0,1.0
NKS1847,286,0.0,0.0,0.0,1.0
NKS1847,287,0.0,0.0,0.0,1.0
NKS1847,288,0.0,0.0,0.0,1.0
NKS1847,289,0.0,0.0,0.0,1.0
NKS1847,290,0.0,0.0,0.0,1.0
NKS1847,291,0.0,0.0,0.0,1.0
NKS1847,292,0.0,0.0,0.0,1.0
NKS1847,293,0.0,0.0,0.0,1.0
NKS1847,294,0.0,0.0,0.0,1.0
NKS1847,295,0.0,0.0,0.0,1.0
NKS1847,296,0.0,0.0,0.0,1.0
NKS1847,297,0.0,0.0,0.0,1.0
NKS1847,298,0.0,0.0,0.0,1.0
NKS1847,299,0.0,0.0,0.0,1.0
NKS1847,300,0.0,0.0,0.0,1.0
NKS1847,301,0.0,0.0,0.0,1.0
NKS1847,302,0.0,0.0,0.0,1.0
NKS1847,303,0.0,0.0,0.0,1.0
NKS1847,304,0.0,0.0,0.0,1.0
NKS1847,305,0.0,0.0,0.0,1.0
NKS1847,306,0.0,0.0,0.0,1.0
NKS1847,307,0.0,0.0,0.0,1.0
NKS1847,308,0.0,0.0,0.0,1.0
NKS1847,309,0.0,0.0,0.0,1.0
NKS1847,310,0.0,0.0,0.0,1.0
NKS1847,311,0.0,0.0,0.0,1.0
NKS1847,312,0.0,0.0,0.0,1.0
NKS1847,313,0.0,0.0,0.0,1.0
NKS1847,314,0.0,0.0,0.0,1.0
NKS1847,315,0.0,0.0,0.0,1.0
NKS1847,316,0.0,0.0,0.0,1.0
NKS1847,317,0.0,0.0,0.0,1.0
NKS1847,318,0.0,0.0,0.0,1.0
NKS1847,319,0.0,0.0,0.0,1.0
NKS1847,320,0.0,0.0,0.0,1.0
NKS1847,321,0.0,0.0,0.0,1.0
NKS1847,322,0.0,0.0,0.0,1.0
NKS1847,323,0.0,0.0,0.0,1.0
NKS1847,324,0.0,0.0,0.0,1.0
NKS1847,325,0.0058,10.99,0.0,2.0
NKS1847,326,0.0,0.0,0.0,1.0
NKS1847,327,0.0,0.0,0.0,1.0
NKS1847,328,0.0,0.0,0.0,1.0
NKS1847,329,0.0,0.0,0.0,1.0
NKS1847,330,0.0,0.0,0.0,1.0
NKS1847,331,0.0,0.0,0.0,1.0
NKS1847,332,0.0,0.0,0.0,1.0
NKS1847,333,0.0,0.0,0.0,1.0
NKS1847,334,0.0,0.0,0.0,1.0
NKS1847,335,0.0,0.0,0.0,1.0
NKS1847,336,0.0,0.0,0.0,1.0
NKS1847,337,0.0,0.0,0.0,1.0
NKS1847,338,0.0,0.0,0.0,1.0
NKS1847,339,0.0,0.0,0.0,1.0
NKS1847,340,0.0,0.0,0.0,1.0
NKS1847,341,0.0,0.0,0.0,1.0
NKS1847,342,0.0,0.0,0.0,1.0
NKS1847,343,0.0,0.0,0.0,1.0
NKS1847,344,0.0,0.0,0.0,1.0
NKS1847,345,0.0,0.0,0.0,1.0
NKS1847,346,0.0,0.0,0.0,1.0
NKS1847,347,0.0,0.0,0.0,1.0
NKS1847,348,0.0,0.0,0.0,1.0
NKS1847,349,0.0,0.0,0.0,1.0
NKS1847,350,0.0,0.0,0.0,1.0
NKS1847,351,0.0,0.0,0.0,1.0
NKS1847,352,0.0034,10.47,0.0,2.0
NKS1847,353,0.0,0.0,0.0,1.0
NKS1847,354,0.0,0.0,0.0,1.0
NKS1847,355,0.0,0.0,0.0,1.0
NKS1847,356,0.0,0.0,0.0,1.0
NKS1847,357,0.0,0.0,0.0,1.0
NKS1847,358,0.0,0.0,0.0,1.0
NKS1847,359,0.0,0.0,0.0,1.0
NKS1847,360,0.0,0.0,0.0,1.0
NKS1847,361,0.0,0.0,0.0,1.0
NKS1847,362,0.0,0.0,0.0,1.0
NKS1847,363,0.0,0.0,0.0,1.0
NKS1847,364,0.0,0.0,0.0,1.0
NKS1847,365,0.0,0.0,0.0,1.0
NKS1847,366,0.0084,19.26,0.0,1.5
NKS1847,367,0.0,0.0,0.0,1.0
NKS1847,368,0.0,0.0,0.0,1.0
NKS1847,369,0.0,0.0,0.0,1.0
NKS1847,370,0.0,0.0,0.0,1.0
NKS1847,371,0.0,0.0,0.0,1.0
NKS1847,372,0.0,0.0,0.0,1.0
NKS1847,373,0.0,0.0,0.0,1.0
NKS1847,374,0.0,0.0,0.0,1.0
NKS1847,375,0.0,0.0,0.0,1.0
NKS1847,376,0.0,0.0,0.0,1.0
NKS1847,377,0.0,0.0,0.0,1.0
NKS1847,378,0.0,0.0,0.0,1.0
NKS1847,379,0.0,0.0,0.0,1.0
NKS1847,380,0.0,0.0,0.0,1.0
NKS1847,381,0.0,0.0,0.0,1.0
NKS1847,382,0.0,0.0,0.0,1.0
NKS1847,383,0.0,0.0,0.0,1.0
NKS1847,384,0.0,0.0,0.0,1.0
NKS1847,385,0.0,0.0,0.0,1.0
NKS1847,386,0.0,0.0,0.0,1.0
NKS1847,387,0.0,0.0,0.0,1.0
NKS1847,388,0.0,0.0,0.0,1.0
NKS1847,389,0.0,0.0,0.0,1.0
NKS1847,390,0.0,0.0,0.0,1.0
NKS1847,391,0.0,0.0,0.0,1.0
NKS1847,392,0.0,0.0,0.0,1.0
NKS1847,393,0.0021,3.05,0.0,1.4
NKS1847,394,0.0,0.0,0.0,1.0
NKS1847,395,0.0,0.0,0.0,1.0
NKS1847,396,0.0,0.0,0.0,1.0
NKS1847,397,0.0,0.0,0.0,1.0
NKS1847,398,0.0,0.0,0.0,1.0
NKS1847,399,0.0015,6.33,0.0,1.0
NKS1847,400,0.0,0.0,0.0,1.0
NKS1847,401,0.0,0.0,0.0,1.0
NKS1847,402,0.0,0.0,0.0,1.0
NKS1847,403,0.0,0.0,0.0,1.0
NKS1847,404,0.0,0.0,0.0,1.0
NKS1847,405,0.0,0.0,0.0,1.0
NKS1847,406,0.0,0.0,0.0,1.0
NKS1847,407,0.0,0.0,0.0,1.0
NKS1847,408,0.0,0.0,0.0,1.0
NKS1847,409,0.0,0.0,0.0,1.0
NKS1847,410,0.0,0.0,0.0,1.0
NKS1847,411,0.0,0.0,0.0,1.0
NKS1847,412,0.0,0.0,0.0,1.0
NKS1847,413,0.0,0.0,0.0,1.0
NKS1847,414,0.0,0.0,0.0,1.0
NKS1847,415,0.0,0.0,0.0,1.0
NKS1847,416,0.0,0.0,0.0,1.0
NKS1847,417,0.0,0.0,0.0,1.0
NKS1847,418,0.0,0.0,0.0,1.0
NKS1847,419,0.0,0.0,0.0,1.0
NKS1847,420,0.0058,14.97,0.0,1.7
NKS1847,421,0.0,0.0,0.0,1.0
NKS1847,422,0.0,0.0,0.0,1.0
NKS1847,423,0.0,0.0,0.0,1.0
NKS1847,424,0.0035,8.75,0.0,2.3
NKS1847,425,0.0,0.0,0.0,1.0
NKS1847,426,0.0,0.0,0.0,1.0
NKS1847,427,0.0,0.0,0.0,1.0
NKS1847,428,0.0,0.0,0.0,1.0
NKS1847,429,0.0,0.0,0.0,1.0
NKS1847,430,0.0,0.0,0.0,1.0
NKS1847,431,0.0,0.0,0.0,1.0
NKS1847,432,0.0,0.0,0.0,1.0
NKS1847,433,0.0,0.0,0.0,1.0
NKS1847,434,0.0,0.0,0.0,1.0
NKS1847,435,0.0,0.0,0.0,1.0
NKS1847,436,0.0,0.0,0.0,1.0
NKS1847,437,0.0,0.0,0.0,1.0
NKS1847,438,0.0,0.0,0.0,1.0
NKS1847,439,0.0,0.0,0.0,1.0
NKS1847,440,0.0,0.0,0.0,1.0
NKS1847,441,0.0,0.0,0.0,1.0
NKS1847,442,0.0,0.0,0.0,1.0
NKS1847,443,0.0,0.0,0.0,1.0
NKS1847,444,0.0,0.0,0.0,1.0
NKS1847,445,0.0,0.0,0.0,1.0
NKS1847,446,0.0,0.0,0.0,1.0
NKS1847,447,0.0,0.0,0.0,1.0
NKS1847,448,0.0,0.0,0.0,1.0
NKS1847,449,0.0,0.0,0.0,1.0
NKS1847,450,0.0,0.0,0.0,1.0
NKS1847,451,0.0027,8.72,0.0,1.2
NKS1847,452,0.0,0.0,0.0,1.0
NKS1847,453,0.0,0.0,0.0,1.0
NKS1847,454,0.0,0.0,0.0,1.0
NKS1847,455,0.0,0.0,0.0,1.0
NKS1847,456,0.0,0.0,0.0,1.0
NKS1847,457,0.0,0.0,0.0,1.0
NKS1847,458,0.0,0.0,0.0,1.0
NKS1847,459,0.0,0.0,0.0,1.0
NKS1847,460,0.0,0.0,0.0,1.0
NKS1847,461,0.0,0.0,0.0,1.0
NKS1847,462,0.0,0.0,0.0,1.0
NKS1847,463,0.0,0.0,0.0,1.0
NKS1847,464,0.0,0.0,0.0,1.0
NKS1847,465,0.0,0.0,0.0,1.0
NKS1847,466,0.0,0.0,0.0,1.0
NKS1847,467,0.0,0.0,0.0,1.0
NKS1847,468,0.0,0.0,0.0,1.0
NKS1847,469,0.0,0.0,0.0,1.0
NKS1847,470,0.0,0.0,0.0,1.0
NKS1847,471,0.0,0.0,0.0,1.0
NKS1847,472,0.0,0.0,0.0,1.0
NKS1847,473,0.0,0.0,0.0,1.0
NKS1847,474,0.0,0.0,0.0,1.0
NKS1847,475,0.0,0.0,0.0,1.0
NKS1847,476,0.0,0.0,0.0,1.0
NKS1847,477,0.0,0.0,0.0,1.0
NKS1847,478,0.0025,3.56,0.0,1.0
NKS1847,479,0.0,0.0,0.0,1.0
NKS1847,480,0.0,0.0,0.0,1.0
NKS1847,481,0.0,0.0,0.0,1.0
NKS1847,482,0.0,0.0,0.0,1.0
NKS1847,483,0.0,0.0,0.0,1.0
NKS1847,484,0.0,0.0,0.0,1.0
NKS1847,485,0.0,0.0,0.0,1.0
NKS1847,486,0.0,0.0,0.0,1.0
NKS1847,487,0.0,0.0,0.0,1.0
NKS1847,488,0.0019,2.97,0.0,1.1
NKS1847,489,0.0,0.0,0.0,1.0
NKS1847,490,0.0,0.0,0.0,1.0
NKS1847,491,0.0,0.0,0.0,1.0
NKS1847,492,0.0,0.0,0.0,1.0
NKS1847,493,0.0,0.0,0.0,1.0
NKS1847,494,0.0,0.0,0.0,1.0
NKS1847,495,0.0,0.0,0.0,1.0
NKS1847,496,0.0,0.0,0.0,1.0
NKS1847,497,0.0,0.0,0.0,1.0
NKS1847,498,0.0,0.0,0.0,1.0
NKS1847,499,0.0121,23.91,0.0,1.6
NKS1847,500,0.0,0.0,0.0,1.0
NKS1847,501,0.0,0.0,0.0,1.0
NKS1847,502,0.001,4.16,0.0,1.6
NKS1847,503,0.0,0.0,0.0,1.0
NKS1847,504,0.0,0.0,0.0,1.0
NKS1847,505,0.0,0.0,0.0,1.0
NKS1847,506,0.0,0.0,0.0,1.0
NKS1847,507,0.0,0.0,0.0,1.0
NKS1847,508,0.0,0.0,0.0,1.0
NKS1847,509,0.0,0.0,0.0,1.0
NKS1847,510,0.0,0.0,0.0,1.0
NKS1847,511,0.0,0.0,0.0,1.0
NKS1847,512,0.0,0.0,0.0,1.0
NKS1847,513,0.0,0.0,0.0,1.0
NKS1847,514,0.0,0.0,0.0,1.0
NKS1847,515,0.0,0.0,0.0,1.0
NKS1847,516,0.0,0.0,0.0,1.0
NKS1847,517,0.0,0.0,0.0,1.0
NKS1847,518,0.0,0.0,0.0,1.0
NKS1847,519,0.0,0.0,0.0,1.0
NKS1847,520,0.0,0.0,0.0,1.0
NKS1847,521,0.0,0.0,0.0,1.0
NKS1847,522,0.0,0.0,0.0,1.0
NKS1847,523,0.0,0.0,0.0,1.0
NKS1847,524,0.0,0.0,0.0,1.0
NKS1847,525,0.0,0.0,0.0,1.0
NKS1847,526,0.0,0.0,0.0,1.0
NKS1847,527,0.0,0.0,0.0,1.0
NKS1847,528,0.0,0.0,0.0,1.0
NKS1847,529,0.0,0.0,0.0,1.0
NKS1847,530,0.0,0.0,0.0,1.0
NKS1847,531,0.0,0.0,0.0,1.0
NKS1847,532,0.0,0.0,0.0,1.0
NKS1847,533,0.0042,7.67,0.0,1.2
NKS1847,534,0.0,0.0,0.0,1.0
NKS1847,535,0.0,0.0,0.0,1.0
NKS1847,536,0.0,0.0,0.0,1.0
NKS1847,537,0.0,0.0,0.0,1.0
NKS1847,538,0.0,0.0,0.0,1.0
NKS1847,539,0.0,0.0,0.0,1.0
NKS1847,540,0.0,0.0,0.0,1.0
NKS1847,541,0.0025,3.58,0.0,1.8
NKS1847,542,0.0,0.0,0.0,1.0
NKS1847,543,0.0,0.0,0.0,1.0
NKS1847,544,0.0,0.0,0.0,1.0
NKS1847,545,0.0,0.0,0.0,1.0
NKS1847,546,0.0013,6.36,0.0,1.1
NKS1847,547,0.0,0.0,0.0,1.0
NKS1847,548,0.0,0.0,0.0,1.0
NKS1847,549,0.0,0.0,0.0,1.0
NKS1847,550,0.0,0.0,0.0,1.0
NKS1847,551,0.0,0.0,0.0,1.0
NKS1847,552,0.0185,47.33,0.0,2.1
NKS1847,553,0.0,0.0,0.0,1.0
NKS1847,554,0.0,0.0,0.0,1.0
NKS1847,555,0.0,0.0,0.0,1.0
NKS1847,556,0.0,0.0,0.0,1.0
NKS1847,557,0.007,15.31,0.0,3.2
NKS1847,558,0.0,0.0,0.0,1.0
NKS1847,559,0.0,0.0,0.0,1.0
NKS1847,560,0.0,0.0,0.0,1.0
NKS1847,561,0.0,0.0,0.0,1.0
NKS1847,562,0.0,0.0,0.0,1.0
NKS1847,563,0.0,0.0,0.0,1.0
NKS1847,564,0.0,0.0,0.0,1.0
NKS1847,565,0.0,0.0,0.0,1.0
NKS1847,566,0.0,0.0,0.0,1.0
NKS1847,567,0.0,0.0,0.0,1.0
NKS1847,568,0.0,0.0,0.0,1.0
NKS1847,569,0.0,0.0,0.0,1.0
NKS1847,570,0.0,0.0,0.0,1.0
NKS1847,571,0.0,0.0,0.0,1.0
NKS1847,572,0.0,0.0,0.0,1.0
NKS1847,573,0.0,0.0,0.0,1.0
NKS1847,574,0.0,0.0,0.0,1.0
NKS1847,575,0.0,0.0,0.0,1.0
NKS1847,576,0.0,0.0,0.0,1.0
NKS1847,577,0.0,0.0,0.0,1.0
NKS1847,578,0.0,0.0,0.0,1.0
NKS1847,579,0.0,0.0,0.0,1.0
NKS1847,580,0.0,0.0,0.0,1.0
NKS1847,581,0.0,0.0,0.0,1.0
NKS1847,582,0.0,0.0,0.0,1.0
NKS1847,583,0.0,0.0,0.0,1.0
NKS1847,584,0.0,0.0,0.0,1.0
NKS1847,585,0.0047,12.16,0.0,1.6
NKS1847,586,0.0,0.0,0.0,1.0
NKS1847,587,0.0,0.0,0.0,1.0
NKS1847,588,0.0,0.0,0.0,1.0
NKS1847,589,0.0,0.0,0.0,1.0
NKS1847,590,0.0,0.0,0.0,1.0
NKS1847,591,0.0,0.0,0.0,1.0
NKS1847,592,0.0,0.0,0.0,1.0
NKS1847,593,0.0,0.0,0.0,1.0
NKS1847,594,0.0,0.0,0.0,1.0
NKS1847,595,0.0092,19.76,0.0,1.4
NKS1847,596,0.0,0.0,0.0,1.0
NKS1847,597,0.0,0.0,0.0,1.0
NKS1847,598,0.0025,2.07,0.0,1.3
NKS1847,599,0.0,0.0,0.0,1.0
NKS1847,600,0.0,0.0,0.0,1.0
NKS1847,601,0.0,0.0,0.0,1.0
NKS1847,602,0.0,0.0,0.0,1.0
NKS1847,603,0.0,0.0,0.0,1.0
NKS1847,604,0.0,0.0,0.0,1.0
NKS1847,605,0.0,0.0,0.0,1.0
NKS1847,606,0.0,0.0,0.0,1.0
NKS1847,607,0.0028,9.15,0.0,1.1
NKS1847,608,0.0,0.0,0.0,1.0
NKS1847,609,0.0051,8.21,0.0,1.2
NKS1847,610,0.0029,3.17,0.0,1.1
NKS1847,611,0.0,0.0,0.0,1.0
NKS1847,612,0.0,0.0,0.0,1.0
NKS1847,613,0.0,0.0,0.0,1.0
NKS1847,614,0.0,0.0,0.0,1.0
NKS1847,615,0.0,0.0,0.0,1.0
NKS1847,616,0.0,0.0,0.0,1.0
NKS1847,617,0.0,0.0,0.0,1.0
NKS1847,618,0.0,0.0,0.0,1.0
NKS1847,619,0.0,0.0,0.0,1.0
NKS1847,620,0.0007,1.05,0.0,1.0
NKS1847,621,0.0,0.0,0.0,1.0
NKS1847,622,0.0,0.0,0.0,1.0
NKS1847,623,0.0,0.0,0.0,1.0
NKS1847,624,0.0,0.0,0.0,1.0
NKS1847,625,0.0025,7.09,0.0,1.7
NKS1847,626,0.0,0.0,0.0,1.0
NKS1847,627,0.0,0.0,0.0,1.0
NKS1847,628,0.0,0.0,0.0,1.0
NKS1847,629,0.0,0.0,0.0,1.0
NKS1847,630,0.0,0.0,0.0,1.0
NKS1847,631,0.0,0.0,0.0,1.0
NKS1847,632,0.0,0.0,0.0,1.0
NKS1847,633,0.0,0.0,0.0,1.0
NKS1847,634,0.0,0.0,0.0,1.0
NKS1847,635,0.0,0.0,0.0,1.0
NKS1847,636,0.0,0.0,0.0,1.0
NKS1847,637,0.0,0.0,0.0,1.0
NKS1847,638,0.0,0.0,0.0,1.0
NKS1847,639,0.0,0.0,0.0,1.0
NKS1847,640,0.0,0.0,0.0,1.0
NKS1847,641,0.0,0.0,0.0,1.0
NKS1847,642,0.0,0.0,0.0,1.0
NKS1847,643,0.0,0.0,0.0,1.0
NKS1847,644,0.0,0.0,0.0,1.0
NKS1847,645,0.0,0.0,0.0,1.0
NKS1847,646,0.0074,15.42,0.0,1.6
NKS1847,647,0.0,0.0,0.0,1.0
NKS1847,648,0.0058,15.9,0.0,1.6
NKS1847,649,0.0,0.0,0.0,1.0
NKS1847,650,0.0,0.0,0.0,1.0
NKS1847,651,0.0,0.0,0.0,1.0
NKS1847,652,0.0,0.0,0.0,1.0
NKS1847,653,0.0,0.0,0.0,1.0
NKS1847,654,0.0,0.0,0.0,1.0
NKS1847,655,0.0,0.0,0.0,1.0
NKS1847,656,0.0,0.0,0.0,1.0
NKS1847,657,0.0,0.0,0.0,1.0
NKS1847,658,0.0,0.0,0.0,1.0
NKS1847,659,0.0,0.0,0.0,1.0
NKS1847,660,0.0,0.0,0.0,1.0
NKS1847,661,0.0,0.0,0.0,1.0
NKS1847,662,0.0,0.0,0.0,1.0
NKS1847,663,0.0,0.0,0.0,1.0
NKS1847,664,0.0,0.0,0.0,1.0
NKS1847,665,0.0,0.0,0.0,1.0
NKS1847,666,0.0,0.0,0.0,1.0
NKS1847,667,0.0,0.0,0.0,1.0
NKS1847,668,0.0,0.0,0.0,1.0
NKS1847,669,0.0,0.0,0.0,1.0
NKS1847,670,0.0,0.0,0.0,1.0
NKS1847,671,0.0,0.0,0.0,1.0
NKS1847,672,0.0,0.0,0.0,1.0
NKS1847,673,0.0,0.0,0.0,1.0
NKS1847,674,0.0,0.0,0.0,1.0
NKS1847,675,0.0,0.0,0.0,1.0
NKS1847,676,0.0,0.0,0.0,1.0
NKS1847,677,0.0,0.0,0.0,1.0
NKS1847,678,0.0,0.0,0.0,1.0
NKS1847,679,0.0,0.0,0.0,1.0
NKS1847,680,0.0,0.0,0.0,1.0
NKS1847,681,0.0,0.0,0.0,1.0
NKS1847,682,0.0055,15.5,0.0,3.9
NKS1847,683,0.0,0.0,0.0,1.0
NKS1847,684,0.0,0.0,0.0,1.0
NKS1847,685,0.0,0.0,0.0,1.0
NKS1847,686,0.0027,4.67,0.0,1.0
NKS1847,687,0.0,0.0,0.0,1.0
NKS1847,688,0.0,0.0,0.0,1.0
NKS1847,689,0.0,0.0,0.0,1.0
NKS1847,690,0.0,0.0,0.0,1.0
NKS1847,691,0.0,0.0,0.0,1.0
NKS1847,692,0.0,0.0,0.0,1.0
NKS1847,693,0.0,0.0,0.0,1.0
NKS1847,694,0.0,0.0,0.0,1.0
NKS1847,695,0.0,0.0,0.0,1.0
NKS1847,696,0.0,0.0,0.0,1.0
NKS1847,697,0.0,0.0,0.0,1.0
NKS1847,698,0.0,0.0,0.0,1.0
NKS1847,699,0.0,0.0,0.0,1.0
NKS1847,700,0.0,0.0,0.0,1.0
NKS1847,701,0.0,0.0,0.0,1.0
NKS1847,702,0.0,0.0,0.0,1.0
NKS1847,703,0.0,0.0,0.0,1.0
NKS1847,704,0.0015,0.44,0.0,1.0
NKS1847,705,0.0,0.0,0.0,1.0
NKS1847,706,0.0,0.0,0.0,1.0
NKS1847,707,0.0,0.0,0.0,1.0
NKS1847,708,0.0,0.0,0.0,1.0
NKS1847,709,0.0,0.0,0.0,1.0
NKS1847,710,0.0,0.0,0.0,1.0
NKS1847,711,0.0,0.0,0.0,1.0
NKS1847,712,0.0,0.0,0.0,1.0
NKS1847,713,0.0,0.0,0.0,1.0
NKS1847,714,0.0,0.0,0.0,1.0
NKS1847,715,0.0,0.0,0.0,1.0
NKS1847,716,0.0,0.0,0.0,1.0
NKS1847,717,0.0,0.0,0.0,1.0
NKS1847,718,0.0,0.0,0.0,1.0
NKS1847,719,0.0042,15.21,0.0,1.4
NKS1847,720,0.0,0.0,0.0,1.0
NKS1847,721,0.0,0.0,0.0,1.0
NKS1847,722,0.0,0.0,0.0,1.0
NKS1847,723,0.0,0.0,0.0,1.0
NKS1847,724,0.0,0.0,0.0,1.0
NKS1847,725,0.002,2.14,0.0,1.0
NKS1847,726,0.0,0.0,0.0,1.0
NKS1847,727,0.0,0.0,0.0,1.0
NKS1847,728,0.0,0.0,0.0,1.0
NKS1847,729,0.0,0.0,0.0,1.0
NKS1847,730,0.0,0.0,0.0,1.0
NKS1847,731,0.0,0.0,0.0,1.0
NKS1847,732,0.0,0.0,0.0,1.0
NKS1847,733,0.0,0.0,0.0,1.0
NKS1847,734,0.009,20.17,0.0,1.9
NKS1847,735,0.0015,6.21,0.0,1.2
NKS1847,736,0.0,0.0,0.0,1.0
NKS1847,737,0.0,0.0,0.0,1.0
NKS1847,738,0.0,0.0,0.0,1.0
NKS1847,739,0.0,0.0,0.0,1.0
NKS1847,740,0.0,0.0,0.0,1.0
NKS1847,741,0.0,0.0,0.0,1.0
NKS1847,742,0.0,0.0,0.0,1.0
NKS1847,743,0.0,0.0,0.0,1.0
NKS1847,744,0.0,0.0,0.0,1.0
NKS1847,745,0.0,0.0,0.0,1.0
NKS1847,746,0.0,0.0,0.0,1.0
NKS1847,747,0.0,0.0,0.0,1.0
NKS1847,748,0.0,0.0,0.0,1.0
NKS1847,749,0.0,0.0,0.0,1.0
NKS1847,750,0.0083,15.88,0.0,1.8
NKS1847,751,0.0,0.0,0.0,1.0
NKS1847,752,0.0,0.0,0.0,1.0
NKS1847,753,0.0,0.0,0.0,1.0
NKS1847,754,0.0,0.0,0.0,1.0
NKS1847,755,0.0,0.0,0.0,1.0
NKS1847,756,0.0,0.0,0.0,1.0
NKS1847,757,0.0,0.0,0.0,1.0
NKS1847,758,0.0,0.0,0.0,1.0
NKS1847,759,0.0,0.0,0.0,1.0
NKS1847,760,0.0,0.0,0.0,1.0
NKS1847,761,0.0,0.0,0.0,1.0
NKS1847,762,0.0,0.0,0.0,1.0
NKS1847,763,0.0017,1.71,0.0,1.0
NKS1847,764,0.0,0.0,0.0,1.0
NKS1847,765,0.0,0.0,0.0,1.0
NKS1847,766,0.0,0.0,0.0,1.0
NKS1847,767,0.0,0.0,0.0,1.0
NKS1847,768,0.0,0.0,0.0,1.0
NKS1847,769,0.0,0.0,0.0,1.0
NKS1847,770,0.0,0.0,0.0,1.0
NKS1847,771,0.0,0.0,0.0,1.0
NKS1847,772,0.0,0.0,0.0,1.0
NKS1847,773,0.0,0.0,0.0,1.0
NKS1847,774,0.0,0.0,0.0,1.0
NKS1847,775,0.0,0.0,0.0,1.0
NKS1847,776,0.0,0.0,0.0,1.0
NKS1847,777,0.0,0.0,0.0,1.0
NKS1847,778,0.0,0.0,0.0,1.0
NKS1847,779,0.0,0.0,0.0,1.0
NKS1847,780,0.0,0.0,0.0,1.0
NKS1847,781,0.0,0.0,0.0,1.0
NKS1847,782,0.003,9.42,0.0,1.0
NKS1847,783,0.0,0.0,0.0,1.0
NKS1847,784,0.0,0.0,0.0,1.0
NKS1847,785,0.0,0.0,0.0,1.0
NKS1847,786,0.0,0.0,0.0,1.0
NKS1847,787,0.0,0.0,0.0,1.0
NKS1847,788,0.0,0.0,0.0,1.0
NKS1847,789,0.0,0.0,0.0,1.0
NKS1847,790,0.0008,1.05,0.0,1.1
NKS1847,791,0.0,0.0,0.0,1.0
NKS1847,792,0.0,0.0,0.0,1.0
NKS1847,793,0.0,0.0,0.0,1.0
NKS1847,794,0.0,0.0,0.0,1.0
NKS1847,795,0.0,0.0,0.0,1.0
NKS1847,796,0.0,0.0,0.0,1.0
NKS1847,797,0.0,0.0,0.0,1.0
NKS1847,798,0.0,0.0,0.0,1.0
NKS1847,799,0.0,0.0,0.0,1.0
NKS1847,800,0.0,0.0,0.0,1.0
NKS1847,801,0.0,0.0,0.0,1.0
NKS1847,802,0.0,0.0,0.0,1.0
NKS1847,803,0.0,0.0,0.0,1.0
NKS1847,804,0.0,0.0,0.0,1.0
NKS1847,805,0.0,0.0,0.0,1.0
NKS1847,806,0.0,0.0,0.0,1.0
NKS1847,807,0.0,0.0,0.0,1.0
NKS1847,808,0.0042,5.36,0.0,1.1
NKS1847,809,0.0,0.0,0.0,1.0
NKS1847,810,0.0,0.0,0.0,1.0
NKS1847,811,0.0,0.0,0.0,1.0
NKS1847,812,0.0,0.0,0.0,1.0
NKS1847,813,0.0,0.0,0.0,1.0
NKS1847,814,0.0,0.0,0.0,1.0
NKS1847,815,0.0,0.0,0.0,1.0
NKS1847,816,0.0,0.0,0.0,1.0
NKS1847,817,0.0,0.0,0.0,1.0
NKS1847,818,0.0,0.0,0.0,1.0
NKS1847,819,0.0,0.0,0.0,1.0
NKS1847,820,0.0,0.0,0.0,1.0
NKS1847,821,0.0,0.0,0.0,1.0
NKS1847,822,0.0,0.0,0.0,1.0
NKS1847,823,0.0,0.0,0.0,1.0
NKS1847,824,0.0,0.0,0.0,1.0
NKS1847,825,0.0,0.0,0.0,1.0
NKS1847,826,0.0,0.0,0.0,1.0
NKS1847,827,0.0,0.0,0.0,1.0
NKS1847,828,0.0,0.0,0.0,1.0
NKS1847,829,0.0,0.0,0.0,1.0
NKS1847,830,0.0,0.0,0.0,1.0
NKS1847,831,0.0,0.0,0.0,1.0
NKS1847,832,0.0,0.0,0.0,1.0
NKS1847,833,0.0,0.0,0.0,1.0
NKS1847,834,0.0,0.0,0.0,1.0
NKS1847,835,0.0,0.0,0.0,1.0
NKS1847,836,0.0,0.0,0.0,1.0
NKS1847,837,0.0,0.0,0.0,1.0
NKS1847,838,0.0,0.0,0.0,1.0
NKS1847,839,0.0,0.0,0.0,1.0
NKS1847,840,0.0,0.0,0.0,1.0
NKS1847,841,0.0,0.0,0.0,1.0
NKS1847,842,0.0,0.0,0.0,1.0
NKS1847,843,0.0,0.0,0.0,1.0
NKS1847,844,0.0,0.0,0.0,1.0
NKS1847,845,0.0,0.0,0.0,1.0
NKS1847,846,0.0,0.0,0.0,1.0
NKS1847,847,0.0,0.0,0.0,1.0
NKS1847,848,0.0,0.0,0.0,1.0
NKS1847,849,0.0,0.0,0.0,1.0
NKS1847,850,0.0,0.0,0.0,1.0
NKS1847,851,0.0081,19.05,0.0,2.5
NKS1847,852,0.0,0.0,0.0,1.0
NKS1847,853,0.0,0.0,0.0,1.0
NKS1847,854,0.0,0.0,0.0,1.0
NKS1847,855,0.0,0.0,0.0,1.0
NKS1847,856,0.0,0.0,0.0,1.0
NKS1847,857,0.0,0.0,0.0,1.0
NKS1847,858,0.0,0.0,0.0,1.0
NKS1847,859,0.0,0.0,0.0,1.0
NKS1847,860,0.0,0.0,0.0,1.0
NKS1847,861,0.0,0.0,0.0,1.0
NKS1847,862,0.0,0.0,0.0,1.0
NKS1847,863,0.0,0.0,0.0,1.0
NKS1847,864,0.0,0.0,0.0,1.0
NKS1847,865,0.0,0.0,0.0,1.0
NKS1847,866,0.0,0.0,0.0,1.0
NKS1847,867,0.0,0.0,0.0,1.0
NKS1847,868,0.0134,29.04,0.0,4.4
NKS1847,869,0.0,0.0,0.0,1.0
NKS1847,870,0.0,0.0,0.0,1.0
NKS1847,871,0.0,0.0,0.0,1.0
NKS1847,872,0.0,0.0,0.0,1.0
NKS1847,873,0.0,0.0,0.0,1.0
NKS1847,874,0.0,0.0,0.0,1.0
NKS1847,875,0.0,0.0,0.0,1.0
NKS1847,876,0.0,0.0,0.0,1.0
NKS1847,877,0.0,0.0,0.0,1.0
NKS1847,878,0.0,0.0,0.0,1.0
NKS1847,879,0.0,0.0,0.0,1.0
NKS1847,880,0.0,0.0,0.0,1.0
NKS1847,881,0.0,0.0,0.0,1.0
NKS1847,882,0.0,0.0,0.0,1.0
NKS1847,883,0.0,0.0,0.0,1.0
NKS1847,884,0.0,0.0,0.0,1.0
NKS1847,885,0.0,0.0,0.0,1.0
NKS1847,886,0.0,0.0,0.0,1.0
NKS1847,887,0.0,0.0,0.0,1.0
NKS1847,888,0.0,0.0,0.0,1.0
NKS1847,889,0.0,0.0,0.0,1.0
NKS1847,890,0.0015,5.96,0.0,1.0
NKS1847,891,0.0,0.0,0.0,1.0
NKS1847,892,0.0,0.0,0.0,1.0
NKS1847,893,0.0,0.0,0.0,1.0
NKS1847,894,0.0,0.0,0.0,1.0
NKS1847,895,0.0,0.0,0.0,1.0
NKS1847,896,0.0,0.0,0.0,1.0
NKS1847,897,0.0,0.0,0.0,1.0
NKS1847,898,0.0,0.0,0.0,1.0
NKS1847,899,0.0,0.0,0.0,1.0
NKS1847,900,0.0,0.0,0.0,1.0
NKS1847,901,0.0,0.0,0.0,1.0
NKS1847,902,0.0,0.0,0.0,1.0
NKS1847,903,0.0,0.0,0.0,1.0
NKS1847,904,0.0,0.0,0.0,1.0
NKS1847,905,0.0,0.0,0.0,1.0
NKS1847,906,0.0,0.0,0.0,1.0
NKS1847,907,0.0,0.0,0.0,1.0
NKS1847,908,0.0,0.0,0.0,1.0
NKS1847,909,0.0,0.0,0.0,1.0
NKS1847,910,0.0,0.0,0.0,1.0
NKS1847,911,0.0,0.0,0.0,1.0
NKS1847,912,0.0,0.0,0.0,1.0
NKS1847,913,0.0,0.0,0.0,1.0
NKS1847,914,0.0,0.0,0.0,1.0
NKS1847,915,0.0,0.0,0.0,1.0
NKS1847,916,0.0,0.0,0.0,1.0
NKS1847,917,0.0,0.0,0.0,1.0
NKS1847,918,0.0,0.0,0.0,1.0
NKS1847,919,0.0,0.0,0.0,1.0
NKS1847,920,0.0,0.0,0.0,1.0
NKS1847,921,0.0,0.0,0.0,1.0
NKS1847,922,0.0,0.0,0.0,1.0
NKS1847,923,0.0,0.0,0.0,1.0
NKS1847,924,0.0,0.0,0.0,1.0
NKS1847,925,0.0,0.0,0.0,1.0
NKS1847,926,0.0,0.0,0.0,1.0
NKS1847,927,0.0,0.0,0.0,1.0
NKS1847,928,0.0,0.0,0.0,1.0
NKS1847,929,0.004,5.98,0.0,1.0
NKS1847,930,0.0,0.0,0.0,1.0
NKS1847,931,0.0,0.0,0.0,1.0
NKS1847,932,0.0001,2.9,0.0,1.0
NKS1847,933,0.0,0.0,0.0,1.0
NKS1847,934,0.0,0.0,0.0,1.0
NKS1847,935,0.0,0.0,0.0,1.0
NKS1847,936,0.0,0.0,0.0,1.0
NKS1847,937,0.0,0.0,0.0,1.0
NKS1847,938,0.0,0.0,0.0,1.0
NKS1847,939,0.0,0.0,0.0,1.0
NKS1847,940,0.001,5.19,0.0,1.0
NKS1847,941,0.0,0.0,0.0,1.0
NKS1847,942,0.0,0.0,0.0,1.0
NKS1847,943,0.0,0.0,0.0,1.0
NKS1847,944,0.0,0.0,0.0,1.0
NKS1847,945,0.0,0.0,0.0,1.0
NKS1847,946,0.0,0.0,0.0,1.0
NKS1847,947,0.0,0.0,0.0,1.0
NKS1847,948,0.0,0.0,0.0,1.0
NKS1847,949,0.0,0.0,0.0,1.0
NKS1847,950,0.0,0.0,0.0,1.0
NKS1847,951,0.0,0.0,0.0,1.0
NKS1847,952,0.0,0.0,0.0,1.0
NKS1847,953,0.0,0.0,0.0,1.0
NKS1847,954,0.0,0.0,0.0,1.0
NKS1847,955,0.0,0.0,0.0,1.0
NKS1847,956,0.0,0.0,0.0,1.0
NKS1847,957,0.0076,19.87,0.0,2.4
NKS1847,958,0.0,0.0,0.0,1.0
NKS1847,959,0.0011,0.44,0.0,1.1
NKS1847,960,0.0,0.0,0.0,1.0
NKS1847,961,0.0,0.0,0.0,1.0
NKS1847,962,0.0,0.0,0.0,1.0
NKS1847,963,0.0,0.0,0.0,1.0
NKS1847,964,0.0022,2.39,0.0,1.2
NKS1847,965,0.0,0.0,0.0,1.0
NKS1847,966,0.0,0.0,0.0,1.0
NKS1847,967,0.0,0.0,0.0,1.0
NKS1847,968,0.0,0.0,0.0,1.0
NKS1847,969,0.0,0.0,0.0,1.0
NKS1847,970,0.0,0.0,0.0,1.0
NKS1847,971,0.0,0.0,0.0,1.0
NKS1847,972,0.0,0.0,0.0,1.0
NKS1847,973,0.0,0.0,0.0,1.0
NKS1847,974,0.0,0.0,0.0,1.0
NKS1847,975,0.0,0.0,0.0,1.0
NKS1847,976,0.0,0.0,0.0,1.0
NKS1847,977,0.0,0.0,0.0,1.0
NKS1847,978,0.0,0.0,0.0,1.0
NKS1847,979,0.0,0.0,0.0,1.0
NKS1847,980,0.0,0.0,0.0,1.0
NKS1847,981,0.0047,12.97,0.0,1.3
NKS1847,982,0.0,0.0,0.0,1.0
NKS1847,983,0.0,0.0,0.0,1.0
NKS1847,984,0.0,0.0,0.0,1.0
NKS1847,985,0.0,0.0,0.0,1.0
NKS1847,986,0.0,0.0,0.0,1.0
NKS1847,987,0.0,0.0,0.0,1.0
NKS1847,988,0.0035,6.51,0.0,1.0
NKS1847,989,0.0,0.0,0.0,1.0
NKS1847,990,0.0,0.0,0.0,1.0
NKS1847,991,0.0,0.0,0.0,1.0
NKS1847,992,0.0,0.0,0.0,1.0
NKS1847,993,0.0,0.0,0.0,1.0
NKS1847,994,0.0,0.0,0.0,1.0
NKS1847,995,0.0009,3.95,0.0,1.1
NKS1847,996,0.0,0.0,0.0,1.0
NKS1847,997,0.0,0.0,0.0,1.0
NKS1847,998,0.0,0.0,0.0,1.0
NKS1847,999,0.0,0.0,0.0,1.0
NKS1847,1000,0.0,0.0,0.0,1.0
NKS1847,1001,0.0,0.0,0.0,1.0
NKS1847,1002,0.0,0.0,0.0,1.0
NKS1847,1003,0.0,0.0,0.0,1.0
NKS1847,1004,0.0,0.0,0.0,1.0
NKS1847,1005,0.0021,3.14,0.0,1.2
NKS1847,1006,0.0,0.0,0.0,1.0
NKS1847,1007,0.0,0.0,0.0,1.0
NKS1847,1008,0.0,0.0,0.0,1.0
NKS1847,1009,0.0,0.0,0.0,1.0
NKS1847,1010,0.0,0.0,0.0,1.0
NKS1847,1011,0.0,0.0,0.0,1.0
NKS1847,1012,0.0,0.0,0.0,1.0
NKS1847,1013,0.0,0.0,0.0,1.0
NKS1847,1014,0.0,0.0,0.0,1.0
NKS1847,1015,0.0,0.0,0.0,1.0
NKS1847,1016,0.0,0.0,0.0,1.0
NKS1847,1017,0.0121,27.03,0.0,2.8
NKS1847,1018,0.0,0.0,0.0,1.0
NKS1847,1019,0.0,0.0,0.0,1.0
NKS1847,1020,0.0,0.0,0.0,1.0
NKS1847,1021,0.0,0.0,0.0,1.0
NKS1847,1022,0.0,0.0,0.0,1.0
NKS1847,1023,0.0,0.0,0.0,1.0
NKS1847,1024,0.0,0.0,0.0,1.0
NKS1847,1025,0.0,0.0,0.0,1.0
NKS1847,1026,0.0,0.0,0.0,1.0
NKS1847,1027,0.0,0.0,0.0,1.0
NKS1847,1028,0.0,0.0,0.0,1.0
NKS1847,1029,0.0,0.0,0.0,1.0
NKS1847,1030,0.0,0.0,0.0,1.0
NKS1847,1031,0.0072,17.51,0.0,1.2
NKS1904,1,0.0,0.0,0.0,1.0
NKS1904,2,0.0,0.0,0.0,1.0
NKS2012,1,0.0,0.0,0.0,1.0
NKS2012,2,0.0,0.0,0.0,1.0
NKS2012,3,0.0,0.0,0.0,1.0
NKS2012,4,0.0,0.0,0.0,1.0
NKS2012,5,0.0,0.0,0.0,1.0
NKS2012,6,0.0,0.0,0.0,1.0
NKS2012,7,0.0,0.0,0.0,1.0
NKS2012,8,0.0,0.0,0.0,1.0
NKS2012,9,0.0068,2.25,0.0,1.3
NKS2012,10,0.0,0.0,0.0,1.0
NKS2012,11,0.0,0.0,0.0,1.0
NKS2012,12,0.0,0.0,0.0,1.0
NKS2012,13,0.0,0.0,0.0,1.0
NKS2012,14,0.0,0.0,0.0,1.0
NKS2012,15,0.0036,8.63,0.0,1.3
NKS2012,16,0.0044,6.22,0.0,1.1
NKS2012,17,0.0,0.0,0.0,1.0
NKS2012,18,0.0071,2.64,0.0,1.9
NKS2012,19,0.0,0.0,0.0,1.0
NKS2012,20,0.0,0.0,0.0,1.0
NKS2012,21,0.0,0.0,0.0,1.0
NKS2012,22,0.0,0.0,0.0,1.0
NKS2012,23,0.0,0.0,0.0,1.0
NKS2012,24,0.0,0.0,0.0,1.0
NKS2012,25,0.0,0.0,0.0,1.0
NKS2012,26,0.0,0.0,0.0,1.0
NKS2012,27,0.0,0.0,0.0,1.0
NKS2012,28,0.0,0.0,0.0,1.0
NKS2012,29,0.0,0.0,0.0,1.0
NKS2012,30,0.0023,0.49,0.0,1.0
NKS2012,31,0.0008,4.97,0.0,1.0
NKS2012,32,0.0,0.0,0.0,1.0
NKS2012,33,0.0,0.0,0.0,1.0
NKS2012,34,0.0,0.0,0.0,1.0
NKS2012,35,0.0,0.0,0.0,1.0
NKS2012,36,0.0,0.0,0.0,1.0
NKS2012,37,0.0,0.0,0.0,1.0
NKS2012,38,0.0,0.0,0.0,1.0
NKS2012,39,0.0,0.0,0.0,1.0
NKS2012,40,0.0,0.0,0.0,1.0
NKS2012,41,0.0,0.0,0.0,1.0
NKS2012,42,0.0,0.0,0.0,1.0
NKS2012,43,0.0,0.0,0.0,1.0
NKS2012,44,0.0,0.0,0.0,1.0
NKS2012,45,0.0,0.0,0.0,1.0
NKS2012,46,0.0,0.0,0.0,1.0
NKS2012,47,0.0,0.0,0.0,1.0
NKS2012,48,0.0,0.0,0.0,1.0
NKS210,1,0.0,0.0,0.0,1.0
NKS210,2,0.0,0.0,0.0,1.0
NKS210,3,0.0,0.0,0.0,1.0
NKS210,4,0.0,0.0,0.0,1.0
NKS272,1,0.0,0.0,0.0,1.0
NKS272,2,0.0011,18.32,0.0,1.2
NKS2801,1,0.0,0.0,0.0,1.0
NKS2801,2,0.0,0.0,0.0,1.0
NKS2801,3,0.0,0.0,0.0,1.0
NKS3010,1,0.0,0.0,0.0,1.0
NKS3010,2,0.0,0.0,0.0,1.0
NKS939,1,0.0,0.0,0.0,1.0
NKS939,2,0.0,0.0,0.0,1.0
NKS939,3,0.0,0.0,0.0,1.0
NKS939,4,0.0,0.0,0.0,1.0
NKS939,5,0.0,0.0,0.0,1.0
NKS939,6,0.0,0.0,0.0,1.0
NKS939,7,0.0,0.0,0.0,1.0
NKS939,8,0.0005,0.0,0.0,1.6
NKS956,1,0.0,0.0,0.0,1.0
NKS956,2,0.0025,21.82,0.0,2.4
NKS956,3,0.0,0.0,0.0,1.0
NKS956,4,0.0,0.0,0.0,1.0
NKS956,5,0.0,0.0,0.0,1.0
NKS956,6,0.0,0.0,0.0,1.0
NKS956,7,0.0,0.0,0.0,1.0
NKS956,8,0.0,0.0,0.0,1.0
NKS956,9,0.0,0.0,0.0,1.0
NKS956,10,0.0,0.0,0.0,1.0
SHH3006,1,0.0,0.0,0.0,1.0
SHH3006,2,0.0,0.0,0.0,1.0
TXG403,1,0.0,0.0,0.0,1.0
UAL1059,1,0.0,0.0,0.0,1.0
UAL1059,2,0.0,0.0,0.0,1.0
UAL1059,3,0.0,0.0,0.0,1.0
UAL1059,4,0.0,0.0,0.0,1.0
UAL1457,1,0.0,0.0,0.0,1.0
UAL1457,2,0.0031,26.37,0.0,1.7
UAL1739,1,0.0,0.0,0.0,1.0
UAL1739,2,0.0,0.0,0.0,1.0
UAL1739,3,0.0,0.0,0.0,1.0
UAL1739,4,0.0,0.0,0.0,1.0
UAL1739,5,0.0,0.0,0.0,1.0
UAL1739,6,0.0144,44.78,0.0,2.0
UAL1739,7,0.0,0.0,0.0,1.0
UAL1739,8,0.0,0.0,0.0,1.0
UAL1739,9,0.0,0.0,0.0,1.0
UAL1739,10,0.0,0.0,0.0,1.0
UAL1739,11,0.0,0.0,0.0,1.0
UAL1739,12,0.0,0.0,0.0,1.0
UAL1848,1,0.0,0.0,0.0,1.0
UAL1848,2,0.0,0.0,0.0,1.0
UAL1848,3,0.0,0.0,0.0,1.0
UAL1848,4,0.0044,34.65,0.0,1.9
UAL1848,5,0.0,0.0,0.0,1.0
UAL1848,6,0.0,0.0,0.0,1.0
UAL1848,7,0.0015,1.74,0.0,1.0
UAL1848,8,0.0058,2.22,0.0,1.1
UAL1848,9,0.0,0.0,0.0,1.0
UAL1848,10,0.0,0.0,0.0,1.0
UAL1848,11,0.0009,10.02,0.0,1.1
UAL1848,12,0.0,0.0,0.0,1.0
UAL1848,13,0.0,0.0,0.0,1.0
UAL1848,14,0.0,0.0,0.0,1.0
UAL1848,15,0.0,0.0,0.0,1.0
UAL1848,16,0.0,0.0,0.0,1.0
UAL1848,17,0.0,0.0,0.0,1.0
UAL1848,18,0.0,0.0,0.0,1.0
UAL1848,19,0.0017,12.23,0.0,1.2
UAL1848,20,0.0,0.0,0.0,1.0
UAL1848,21,0.0,0.0,0.0,1.0
UAL1848,22,0.0014,0.81,0.0,1.0
UAL1848,23,0.0,0.0,0.0,1.0
UAL1848,24,0.0024,16.21,0.0,3.3
UAL1848,25,0.0,0.0,0.0,1.0
UAL1848,26,0.0,0.0,0.0,1.0
UAL1848,27,0.0,0.0,0.0,1.0
UAL1848,28,0.0,0.0,0.0,1.0
UAL1848,29,0.0016,23.18,0.0,3.7
UAL1848,30,0.0,0.0,0.0,1.0
UAL1848,31,0.0,0.0,0.0,1.0
UAL1848,32,0.0008,3.38,0.0,2.0
UAL1848,33,0.0,0.0,0.0,1.0
UAL1848,34,0.0,0.0,0.0,1.0
UAL1848,35,0.0,0.0,0.0,1.0
UAL1848,36,0.0,0.0,0.0,1.0
UAL1848,37,0.0,0.0,0.0,1.0
UAL1848,38,0.0,0.0,0.0,1.0
UAL1848,39,0.0,0.0,0.0,1.0
UAL1848,40,0.0,0.0,0.0,1.0
UAL1848,41,0.0,0.0,0.0,1.0
UAL1848,42,0.0011,9.51,0.0,1.0
UAL1848,43,0.0,0.0,0.0,1.0
UAL1848,44,0.0011,20.41,0.0,1.1
UAL1848,45,0.0,0.0,0.0,1.0
UAL1848,46,0.0,0.0,0.0,1.0
UAL1848,47,0.0,0.0,0.0,1.0
UAL1848,48,0.0,0.0,0.0,1.0
UAL1848,49,0.0,0.0,0.0,1.0
UAL1848,50,0.0,0.0,0.0,1.0
UAL1848,51,0.0,0.0,0.0,1.0
UAL1848,52,0.0,0.0,0.0,1.0
UAL1848,53,0.0,0.0,0.0,1.0
UAL1848,54,0.0,0.0,0.0,1.0
UAL1848,55,0.0,0.0,0.0,1.0
UAL1848,56,0.0,0.0,0.0,1.0
UAL1848,57,0.0,0.0,0.0,1.0
UAL1848,58,0.0,0.0,0.0,1.0
UAL1848,59,0.0,0.0,0.0,1.0
UAL1848,60,0.0,0.0,0.0,1.0
UAL1848,61,0.0,0.0,0.0,1.0
UAL1848,62,0.0,0.0,0.0,1.0
UAL1848,63,0.0,0.0,0.0,1.0
UAL1848,64,0.0012,4.34,0.0,1.1
UAL1848,65,0.0,0.0,0.0,1.0
UAL1848,66,0.0,0.0,0.0,1.0
UAL1848,67,0.0,0.0,0.0,1.0
UAL1848,68,0.0013,37.12,0.0,2.1
UAL1848,69,0.0,0.0,0.0,1.0
UAL1848,70,0.0,0.0,0.0,1.0
UAL1848,71,0.0,0.0,0.0,1.0
UAL1848,72,0.0,0.0,0.0,1.0
UAL1848,73,0.0,0.0,0.0,1.0
UAL1848,74,0.0,0.0,0.0,1.0
UAL1848,75,0.0,0.0,0.0,1.0
UAL1848,76,0.0,0.0,0.0,1.0
UAL1848,77,0.0,0.0,0.0,1.0
UAL1848,78,0.0,0.0,0.0,1.0
UAL1848,79,0.0,0.0,0.0,1.0
UAL1848,80,0.0,0.0,0.0,1.0
UAL1848,81,0.0,0.0,0.0,1.0
UAL1848,82,0.0,0.0,0.0,1.0
UAL1848,83,0.0,0.0,0.0,1.0
UAL1848,84,0.0,0.0,0.0,1.0
UAL1848,85,0.0,0.0,0.0,1.0
UAL1848,86,0.002,5.52,0.0,1.5
UAL1848,87,0.0,0.0,0.0,1.0
UAL1848,88,0.0,0.0,0.0,1.0
UAL1848,89,0.0,0.0,0.0,1.0
UAL1848,90,0.0,0.0,0.0,1.0
UAL1848,91,0.0,0.0,0.0,1.0
UAL1848,92,0.0,0.0,0.0,1.0
UAL1848,93,0.0,0.0,0.0,1.0
UAL1848,94,0.0,0.0,0.0,1.0
UAL1848,95,0.0,0.0,0.0,1.0
UAL1848,96,0.0,0.0,0.0,1.0
UAL1848,97,0.0,0.0,0.0,1.0
UAL1848,98,0.0021,1.97,0.0,1.0
UAL1848,99,0.0,0.0,0.0,1.0
UAL1848,100,0.0,0.0,0.0,1.0
UAL1848,101,0.0,0.0,0.0,1.0
UAL1848,102,0.0,0.0,0.0,1.0
UAL1848,103,0.0,0.0,0.0,1.0
UAL1848,104,0.0,0.0,0.0,1.0
UAL1848,105,0.0,0.0,0.0,1.0
UAL1848,106,0.0,0.0,0.0,1.0
UAL1848,107,0.0012,3.39,0.0,1.0
UAL1848,108,0.0,0.0,0.0,1.0
UAL1848,109,0.0,0.0,0.0,1.0
UAL1848,110,0.0,0.0,0.0,1.0
UAL1848,111,0.0,0.0,0.0,1.0
UAL1848,112,0.0,0.0,0.0,1.0
UAL1848,113,0.0,0.0,0.0,1.0
UAL1848,114,0.0,0.0,0.0,1.0
UAL1848,115,0.0,0.0,0.0,1.0
UAL1848,116,0.0,0.0,0.0,1.0
UAL1848,117,0.0,0.0,0.0,1.0
UAL1848,118,0.0,0.0,0.0,1.0
UAL1848,119,0.0,0.0,0.0,1.0
UAL1848,120,0.0,0.0,0.0,1.0
UAL1848,121,0.0,0.0,0.0,1.0
UAL1848,122,0.0,0.0,0.0,1.0
UAL1848,123,0.0,0.0,0.0,1.0
UAL1848,124,0.0,0.0,0.0,1.0
UAL1848,125,0.0,0.0,0.0,1.0
UAL1848,126,0.0,0.0,0.0,1.0
UAL1848,127,0.0018,5.92,0.0,1.0
UAL1848,128,0.0,0.0,0.0,1.0
UAL1848,129,0.0,0.0,0.0,1.0
UAL1848,130,0.0,0.0,0.0,1.0
UAL1848,131,0.0019,16.81,0.0,2.5
UAL1848,132,0.0,0.0,0.0,1.0
UAL1848,133,0.002,34.36,0.0,1.5
UAL1848,134,0.0,0.0,0.0,1.0
UAL1848,135,0.0,0.0,0.0,1.0
UAL1848,136,0.0,0.0,0.0,1.0
UAL1848,137,0.0,0.0,0.0,1.0
UAL1848,138,0.0,0.0,0.0,1.0
UAL1848,139,0.0,0.0,0.0,1.0
UAL1848,140,0.0,0.0,0.0,1.0
UAL1848,141,0.0,0.0,0.0,1.0
UAL1848,142,0.0,0.0,0.0,1.0
UAL1848,143,0.0,0.0,0.0,1.0
UAL1848,144,0.0021,7.56,0.0,1.1
UAL1848,145,0.0,0.0,0.0,1.0
UAL1848,146,0.0,0.0,0.0,1.0
UAL1848,147,0.0,0.0,0.0,1.0
UAL1848,148,0.0,0.0,0.0,1.0
UAL1848,149,0.0,0.0,0.0,1.0
UAL1848,150,0.0,0.0,0.0,1.0
UAL1848,151,0.0,0.0,0.0,1.0
UAL1848,152,0.0,0.0,0.0,1.0
UAL1848,153,0.0,0.0,0.0,1.0
UAL1848,154,0.0,0.0,0.0,1.0
UAL1848,155,0.0,0.0,0.0,1.0
UAL1848,156,0.0,0.0,0.0,1.0
UAL1848,157,0.0,0.0,0.0,1.0
UAL1848,158,0.0,0.0,0.0,1.0
UAL1848,159,0.0019,5.67,0.0,1.1
UAL1848,160,0.0,0.0,0.0,1.0
UAL1848,161,0.0,0.0,0.0,1.0
UAL1848,162,0.0,0.0,0.0,1.0
UAL1848,163,0.0011,1.01,0.0,1.0
UAL1848,164,0.0,0.0,0.0,1.0
UAL1848,165,0.0,0.0,0.0,1.0
UAL1848,166,0.0024,13.56,0.0,2.9
UAL1848,167,0.0,0.0,0.0,1.0
UAL1848,168,0.0,0.0,0.0,1.0
UAL1848,169,0.0011,1.3,0.0,1.1
UAL1848,170,0.0,0.0,0.0,1.0
UAL1848,171,0.0,0.0,0.0,1.0
UAL1848,172,0.0,0.0,0.0,1.0
UAL1848,173,0.0,0.0,0.0,1.0
UAL1848,174,0.0,0.0,0.0,1.0
UAL1848,175,0.0,0.0,0.0,1.0
UAL1848,176,0.0,0.0,0.0,1.0
UAL1848,177,0.0033,24.83,0.0,1.2
UAL1848,178,0.0,0.0,0.0,1.0
UAL1848,179,0.0,0.0,0.0,1.0
UAL1848,180,0.0,0.0,0.0,1.0
UAL1848,181,0.0015,17.94,0.0,2.0
UAL1848,182,0.0,0.0,0.0,1.0
UAL1848,183,0.0,0.0,0.0,1.0
UAL1848,184,0.0,0.0,0.0,1.0
UAL1848,185,0.0,0.0,0.0,1.0
UAL1848,186,0.0,0.0,0.0,1.0
UAL1848,187,0.0,0.0,0.0,1.0
UAL1848,188,0.0,0.0,0.0,1.0
UAL1848,189,0.0,0.0,0.0,1.0
UAL1848,190,0.0,0.0,0.0,1.0
UAL1848,191,0.0,0.0,0.0,1.0
UAL1848,192,0.0023,14.86,0.0,1.2
UAL1848,193,0.0,0.0,0.0,1.0
UAL1848,194,0.0,0.0,0.0,1.0
UAL1848,195,0.0,0.0,0.0,1.0
UAL1848,196,0.0,0.0,0.0,1.0
UAL1848,197,0.0,0.0,0.0,1.0
UAL1848,198,0.0,0.0,0.0,1.0
UAL1848,199,0.0,0.0,0.0,1.0
UAL1848,200,0.0,0.0,0.0,1.0
UAL1848,201,0.0,0.0,0.0,1.0
UAL1848,202,0.0,0.0,0.0,1.0
UAL1848,203,0.0,0.0,0.0,1.0
UAL1848,204,0.0,0.0,0.0,1.0
UAL1848,205,0.0,0.0,0.0,1.0
UAL1848,206,0.0,0.0,0.0,1.0
UAL1848,207,0.0,0.0,0.0,1.0
UAL1848,208,0.0,0.0,0.0,1.0
UAL1848,209,0.0,0.0,0.0,1.0
UAL1848,210,0.0,0.0,0.0,1.0
UAL1848,211,0.0,0.0,0.0,1.0
UAL1848,212,0.0,0.0,0.0,1.0
UAL1848,213,0.0,0.0,0.0,1.0
UAL1848,214,0.0,0.0,0.0,1.0
UAL1848,215,0.0,0.0,0.0,1.0
UAL1848,216,0.0,0.0,0.0,1.0
UAL1848,217,0.0,0.0,0.0,1.0
UAL1848,218,0.0,0.0,0.0,1.0
UAL1848,219,0.0,0.0,0.0,1.0
UAL1848,220,0.0,0.0,0.0,1.0
UAL1848,221,0.0,0.0,0.0,1.0
UAL1848,222,0.0,0.0,0.0,1.0
UAL1848,223,0.0,0.0,0.0,1.0
UAL1848,224,0.0,0.0,0.0,1.0
UAL1848,225,0.0,0.0,0.0,1.0
UAL1848,226,0.0,0.0,0.0,1.0
UAL1848,227,0.0,0.0,0.0,1.0
UAL1848,228,0.0,0.0,0.0,1.0
UAL1848,229,0.0,0.0,0.0,1.0
UAL1848,230,0.0,0.0,0.0,1.0
UAL1848,231,0.0,0.0,0.0,1.0
UAL1848,232,0.0,0.0,0.0,1.0
UAL1848,233,0.0,0.0,0.0,1.0
UAL1848,234,0.0013,17.08,0.0,1.1
UAL1848,235,0.0,0.0,0.0,1.0
UAL1848,236,0.0,0.0,0.0,1.0
UAL1848,237,0.0,0.0,0.0,1.0
UAL1848,238,0.0,0.0,0.0,1.0
UAL1848,239,0.0,0.0,0.0,1.0
UAL1848,240,0.0,0.0,0.0,1.0
UAL1848,241,0.0,0.0,0.0,1.0
UAL1848,242,0.0,0.0,0.0,1.0
UAL1848,243,0.0013,6.68,0.0,2.4
UAL1848,244,0.0,0.0,0.0,1.0
UAL1848,245,0.0034,31.37,0.0,1.8
UAL1848,246,0.0,0.0,0.0,1.0
UAL1848,247,0.0,0.0,0.0,1.0
UAL1848,248,0.0,0.0,0.0,1.0
UAL1848,249,0.0,0.0,0.0,1.0
UAL1848,250,0.0,0.0,0.0,1.0
UAL1848,251,0.0,0.0,0.0,1.0
UAL1848,252,0.0,0.0,0.0,1.0
UAL1848,253,0.0,0.0,0.0,1.0
UAL1848,254,0.0,0.0,0.0,1.0
UAL1848,255,0.0021,24.81,0.0,1.9
UAL1848,256,0.0,0.0,0.0,1.0
UAL1848,257,0.0,0.0,0.0,1.0
UAL1848,258,0.0,0.0,0.0,1.0
UAL1848,259,0.0,0.0,0.0,1.0
UAL1848,260,0.0,0.0,0.0,1.0
UAL1848,261,0.0,0.0,0.0,1.0
UAL1848,262,0.0,0.0,0.0,1.0
UAL1848,263,0.0,0.0,0.0,1.0
UAL1848,264,0.0,0.0,0.0,1.0
UAL1848,265,0.0,0.0,0.0,1.0
UAL1848,266,0.0,0.0,0.0,1.0
UAL1848,267,0.0,0.0,0.0,1.0
UAL1848,268,0.0,0.0,0.0,1.0
UAL1848,269,0.0,0.0,0.0,1.0
UAL1848,270,0.0,0.0,0.0,1.0
UAL1848,271,0.0018,14.53,0.0,1.1
UAL1848,272,0.0,0.0,0.0,1.0
UAL1848,273,0.0,0.0,0.0,1.0
UAL1848,274,0.0,0.0,0.0,1.0
UAL1848,275,0.0,0.0,0.0,1.0
UAL1848,276,0.0,0.0,0.0,1.0
UAL1848,277,0.0,0.0,0.0,1.0
UAL1848,278,0.0,0.0,0.0,1.0
UAL1848,279,0.0,0.0,0.0,1.0
UAL1848,280,0.0012,45.3,0.0,2.0
UAL1848,281,0.0,0.0,0.0,1.0
UAL1848,282,0.0,0.0,0.0,1.0
UAL1848,283,0.0,0.0,0.0,1.0
UAL1848,284,0.0,0.0,0.0,1.0
UAL1848,285,0.0,0.0,0.0,1.0
UAL1848,286,0.0,0.0,0.0,1.0
UAL1848,287,0.0,0.0,0.0,1.0
UAL1848,288,0.0,0.0,0.0,1.0
UAL1848,289,0.0,0.0,0.0,1.0
UAL1848,290,0.0,0.0,0.0,1.0
UAL1848,291,0.0,0.0,0.0,1.0
UAL1848,292,0.0,0.0,0.0,1.0
UAL1848,293,0.0,0.0,0.0,1.0
UAL1848,294,0.0,0.0,0.0,1.0
UAL1848,295,0.001,1.75,0.0,1.0
UAL1848,296,0.0,0.0,0.0,1.0
UAL1848,297,0.0,0.0,0.0,1.0
UAL1848,298,0.0,0.0,0.0,1.0
UAL1848,299,0.0,0.0,0.0,1.0
UAL1848,300,0.0,0.0,0.0,1.0
UAL1848,301,0.0,0.0,0.0,1.0
UAL1848,302,0.0,0.0,0.0,1.0
UAL1848,303,0.0,0.0,0.0,1.0
UAL1848,304,0.0,0.0,0.0,1.0
UAL1848,305,0.0,0.0,0.0,1.0
UAL1848,306,0.0,0.0,0.0,1.0
UAL1848,307,0.0,0.0,0.0,1.0
UAL1848,308,0.0,0.0,0.0,1.0
UAL1848,309,0.0,0.0,0.0,1.0
UAL1848,310,0.0,0.0,0.0,1.0
UAL1848,311,0.0,0.0,0.0,1.0
UAL1848,312,0.0,0.0,0.0,1.0
UAL1848,313,0.0,0.0,0.0,1.0
UAL1848,314,0.0,0.0,0.0,1.0
UAL1848,315,0.0,0.0,0.0,1.0
UAL1848,316,0.0,0.0,0.0,1.0
UAL1848,317,0.0,0.0,0.0,1.0
UAL1848,318,0.0,0.0,0.0,1.0
UAL1848,319,0.0009,1.85,0.0,1.0
UAL1848,320,0.0,0.0,0.0,1.0
UAL1848,321,0.0,0.0,0.0,1.0
UAL1848,322,0.0,0.0,0.0,1.0
UAL1848,323,0.0,0.0,0.0,1.0
UAL1848,324,0.0,0.0,0.0,1.0
UAL1848,325,0.0,0.0,0.0,1.0
UAL1848,326,0.0,0.0,0.0,1.0
UAL1848,327,0.0,0.0,0.0,1.0
UAL1848,328,0.0,0.0,0.0,1.0
UAL1848,329,0.0,0.0,0.0,1.0
UAL1848,330,0.0,0.0,0.0,1.0
UAL1848,331,0.0,0.0,0.0,1.0
UAL1848,332,0.0,0.0,0.0,1.0
UAL1848,333,0.0,0.0,0.0,1.0
UAL1848,334,0.0,0.0,0.0,1.0
UAL1848,335,0.0,0.0,0.0,1.0
UAL1848,336,0.0,0.0,0.0,1.0
UAL1848,337,0.0,0.0,0.0,1.0
UAL1848,338,0.0,0.0,0.0,1.0
UAL1848,339,0.0,0.0,0.0,1.0
UAL1848,340,0.0,0.0,0.0,1.0
UAL1848,341,0.0,0.0,0.0,1.0
UAL1848,342,0.0,0.0,0.0,1.0
UAL1848,343,0.0,0.0,0.0,1.0
UAL1848,344,0.0,0.0,0.0,1.0
UAL1848,345,0.0,0.0,0.0,1.0
UAL1848,346,0.0,0.0,0.0,1.0
UAL1848,347,0.0024,27.62,0.0,1.9
UAL1848,348,0.0,0.0,0.0,1.0
UAL1848,349,0.0,0.0,0.0,1.0
UAL1848,350,0.0,0.0,0.0,1.0
UAL1848,351,0.0,0.0,0.0,1.0
UAL1848,352,0.0,0.0,0.0,1.0
UAL1848,353,0.0,0.0,0.0,1.0
UAL1848,354,0.0,0.0,0.0,1.0
UAL1848,355,0.0,0.0,0.0,1.0
UAL1848,356,0.0,0.0,0.0,1.0
UAL1848,357,0.0,0.0,0.0,1.0
UAL1848,358,0.0,0.0,0.0,1.0
UAL1848,359,0.0,0.0,0.0,1.0
UAL1848,360,0.0,0.0,0.0,1.0
UAL1848,361,0.0,0.0,0.0,1.0
UAL1848,362,0.0,0.0,0.0,1.0
UAL1848,363,0.0,0.0,0.0,1.0
UAL1848,364,0.0,0.0,0.0,1.0
UAL1848,365,0.0,0.0,0.0,1.0
UAL1848,366,0.0,0.0,0.0,1.0
UAL1848,367,0.0,0.0,0.0,1.0
UAL1848,368,0.0,0.0,0.0,1.0
UAL1848,369,0.0,0.0,0.0,1.0
UAL1848,370,0.0,0.0,0.0,1.0
UAL1848,371,0.0,0.0,0.0,1.0
UAL1848,372,0.0,0.0,0.0,1.0
UAL1848,373,0.0,0.0,0.0,1.0
UAL1848,374,0.0,0.0,0.0,1.0
UAL1848,375,0.0,0.0,0.0,1.0
UAL1848,376,0.0,0.0,0.0,1.0
UAL1848,377,0.0,0.0,0.0,1.0
UAL1848,378,0.0,0.0,0.0,1.0
UAL1848,379,0.0,0.0,0.0,1.0
UAL1848,380,0.0,0.0,0.0,1.0
UAL1848,381,0.0,0.0,0.0,1.0
UAL1848,382,0.0,0.0,0.0,1.0
UAL1848,383,0.0,0.0,0.0,1.0
UAL1848,384,0.0,0.0,0.0,1.0
UAL1848,385,0.0,0.0,0.0,1.0
UAL1848,386,0.0013,8.73,0.0,1.2
UAL1848,387,0.0,0.0,0.0,1.0
UAL1848,388,0.001,6.27,0.0,1.1
UAL1848,389,0.001,4.89,0.0,1.0
UAL1848,390,0.0,0.0,0.0,1.0
UAL1848,391,0.0,0.0,0.0,1.0
UAL1848,392,0.0,0.0,0.0,1.0
UAL1848,393,0.0,0.0,0.0,1.0
UAL1848,394,0.0,0.0,0.0,1.0
UAL1848,395,0.0,0.0,0.0,1.0
UAL1848,396,0.0,0.0,0.0,1.0
UAL1848,397,0.0,0.0,0.0,1.0
UAL1848,398,0.0,0.0,0.0,1.0
UAL1848,399,0.0,0.0,0.0,1.0
UAL1848,400,0.0,0.0,0.0,1.0
UAL1848,401,0.0,0.0,0.0,1.0
UAL1848,402,0.0012,7.29,0.0,1.1
UAL1848,403,0.0,0.0,0.0,1.0
UAL1848,404,0.0,0.0,0.0,1.0
UAL1848,405,0.0,0.0,0.0,1.0
UAL1848,406,0.0,0.0,0.0,1.0
UAL1848,407,0.0,0.0,0.0,1.0
UAL1848,408,0.0,0.0,0.0,1.0
UAL1848,409,0.0,0.0,0.0,1.0
UAL1848,410,0.0,0.0,0.0,1.0
UAL1848,411,0.0,0.0,0.0,1.0
UAL1848,412,0.0,0.0,0.0,1.0
UAL1848,413,0.0,0.0,0.0,1.0
UAL1848,414,0.0,0.0,0.0,1.0
UAL1848,415,0.0,0.0,0.0,1.0
UAL1848,416,0.0,0.0,0.0,1.0
UAL1848,417,0.0,0.0,0.0,1.0
UAL1848,418,0.0,0.0,0.0,1.0
UAL1848,419,0.0,0.0,0.0,1.0
UAL1848,420,0.0,0.0,0.0,1.0
UAL1848,421,0.0,0.0,0.0,1.0
UAL1848,422,0.0,0.0,0.0,1.0
UAL1848,423,0.0,0.0,0.0,1.0
UAL1848,424,0.0,0.0,0.0,1.0
UAL1848,425,0.0,0.0,0.0,1.0
UAL1848,426,0.0029,11.28,0.0,1.3
UAL1848,427,0.0,0.0,0.0,1.0
UAL1848,428,0.0013,21.76,0.0,3.4
UAL1848,429,0.0,0.0,0.0,1.0
UAL1848,430,0.0,0.0,0.0,1.0
UAL1848,431,0.0,0.0,0.0,1.0
UAL1848,432,0.0,0.0,0.0,1.0
UAL1848,433,0.0,0.0,0.0,1.0
UAL1848,434,0.0,0.0,0.0,1.0
UAL1848,435,0.0,0.0,0.0,1.0
UAL1848,436,0.0,0.0,0.0,1.0
UAL1848,437,0.0,0.0,0.0,1.0
UAL1848,438,0.0,0.0,0.0,1.0
UAL1848,439,0.0,0.0,0.0,1.0
UAL1848,440,0.0,0.0,0.0,1.0
UAL1848,441,0.0,0.0,0.0,1.0
UAL1848,442,0.0,0.0,0.0,1.0
UAL1848,443,0.0002,2.88,0.0,1.0
UAL1848,444,0.0,0.0,0.0,1.0
UAL1848,445,0.0,0.0,0.0,1.0
UAL1848,446,0.0,0.0,0.0,1.0
UAL1848,447,0.0,0.0,0.0,1.0
UAL1848,448,0.0,0.0,0.0,1.0
UAL1848,449,0.0,0.0,0.0,1.0
UAL1848,450,0.0,0.0,0.0,1.0
UAL1848,451,0.0009,2.05,0.0,1.0
UAL1848,452,0.0,0.0,0.0,1.0
UAL1848,453,0.0,0.0,0.0,1.0
UAL1848,454,0.0,0.0,0.0,1.0
UAL1848,455,0.0,0.0,0.0,1.0
UAL1848,456,0.0,0.0,0.0,1.0
UAL1848,457,0.0,0.0,0.0,1.0
UAL1848,458,0.0,0.0,0.0,1.0
UAL1848,459,0.0,0.0,0.0,1.0
UAL1848,460,0.0,0.0,0.0,1.0
UAL1848,461,0.0,0.0,0.0,1.0
UAL1848,462,0.0,0.0,0.0,1.0
UAL1848,463,0.0,0.0,0.0,1.0
UAL1848,464,0.0,0.0,0.0,1.0
UAL1848,465,0.0,0.0,0.0,1.0
UAL1848,466,0.0,0.0,0.0,1.0
UAL1848,467,0.0,0.0,0.0,1.0
UAL1848,468,0.0,0.0,0.0,1.0
UAL1848,469,0.0,0.0,0.0,1.0
UAL1848,470,0.0,0.0,0.0,1.0
UAL1848,471,0.0,0.0,0.0,1.0
UAL1848,472,0.0,0.0,0.0,1.0
UAL1848,473,0.0007,1.05,0.0,1.1
UAL1848,474,0.0,0.0,0.0,1.0
UAL1848,475,0.0,0.0,0.0,1.0
UAL1848,476,0.0,0.0,0.0,1.0
UAL1848,477,0.0,0.0,0.0,1.0
UAL1848,478,0.0,0.0,0.0,1.0
UAL1848,479,0.0,0.0,0.0,1.0
UAL1848,480,0.0,0.0,0.0,1.0
UAL1848,481,0.0,0.0,0.0,1.0
UAL1848,482,0.0,0.0,0.0,1.0
UAL1848,483,0.0,0.0,0.0,1.0
UAL1848,484,0.0,0.0,0.0,1.0
UAL1848,485,0.0,0.0,0.0,1.0
UAL1848,486,0.0,0.0,0.0,1.0
UAL1848,487,0.0,0.0,0.0,1.0
UAL1848,488,0.0,0.0,0.0,1.0
UAL1848,489,0.0022,15.25,0.0,1.2
UAL1848,490,0.0,0.0,0.0,1.0
UAL1848,491,0.0,0.0,0.0,1.0
UAL1848,492,0.0012,11.0,0.0,1.0
UAL1848,493,0.0,0.0,0.0,1.0
UAL1848,494,0.0021,11.72,0.0,2.8
UAL1848,495,0.0,0.0,0.0,1.0
UAL1848,496,0.0,0.0,0.0,1.0
UAL1848,497,0.0,0.0,0.0,1.0
UAL1848,498,0.0,0.0,0.0,1.0
UAL1848,499,0.0,0.0,0.0,1.0
UAL1848,500,0.0,0.0,0.0,1.0
UAL1848,501,0.0,0.0,0.0,1.0
UAL1848,502,0.0,0.0,0.0,1.0
UAL1848,503,0.0,0.0,0.0,1.0
UAL1848,504,0.0,0.0,0.0,1.0
UAL1848,505,0.0,0.0,0.0,1.0
UAL1848,506,0.0,0.0,0.0,1.0
UAL1848,507,0.0,0.0,0.0,1.0
UAL1848,508,0.0,0.0,0.0,1.0
UAL1848,509,0.0,0.0,0.0,1.0
UAL1848,510,0.0,0.0,0.0,1.0
UAL1848,511,0.0,0.0,0.0,1.0
UAL1848,512,0.0025,12.53,0.0,1.3
UAL1848,513,0.0,0.0,0.0,1.0
UAL1848,514,0.0,0.0,0.0,1.0
UAL1848,515,0.0,0.0,0.0,1.0
UAL1848,516,0.0,0.0,0.0,1.0
UAL1848,517,0.0,0.0,0.0,1.0
UAL1848,518,0.0,0.0,0.0,1.0
UAL1848,519,0.0,0.0,0.0,1.0
UAL1848,520,0.0,0.0,0.0,1.0
UAL1848,521,0.0,0.0,0.0,1.0
UAL1848,522,0.0,0.0,0.0,1.0
UAL1848,523,0.0,0.0,0.0,1.0
UAL1848,524,0.0022,13.75,0.0,1.1
UAL1848,525,0.0035,0.48,0.0,1.0
UAL1848,526,0.0,0.0,0.0,1.0
UAL1848,527,0.0,0.0,0.0,1.0
UAL1848,528,0.0,0.0,0.0,1.0
UAL1848,529,0.0,0.0,0.0,1.0
UAL1848,530,0.0,0.0,0.0,1.0
UAL1848,531,0.0,0.0,0.0,1.0
UAL1848,532,0.0,0.0,0.0,1.0
UAL1848,533,0.0,0.0,0.0,1.0
UAL1848,534,0.0,0.0,0.0,1.0
UAL1848,535,0.0,0.0,0.0,1.0
UAL1848,536,0.0,0.0,0.0,1.0
UAL1848,537,0.0,0.0,0.0,1.0
UAL1848,538,0.0,0.0,0.0,1.0
UAL1848,539,0.0,0.0,0.0,1.0
UAL1848,540,0.0,0.0,0.0,1.0
UAL1848,541,0.0,0.0,0.0,1.0
UAL1848,542,0.0,0.0,0.0,1.0
UAL1848,543,0.0,0.0,0.0,1.0
UAL1848,544,0.0,0.0,0.0,1.0
UAL1848,545,0.0,0.0,0.0,1.0
UAL1848,546,0.0,0.0,0.0,1.0
UAL1848,547,0.0,0.0,0.0,1.0
UAL1848,548,0.0012,20.81,0.0,2.5
UAL1848,549,0.0,0.0,0.0,1.0
UAL1848,550,0.0,0.0,0.0,1.0
UAL1848,551,0.0,0.0,0.0,1.0
UAL1848,552,0.0033,10.76,0.0,1.3
UAL1848,553,0.0,0.0,0.0,1.0
UAL1848,554,0.0,0.0,0.0,1.0
UAL1848,555,0.0,0.0,0.0,1.0
UAL1848,556,0.0,0.0,0.0,1.0
UAL1848,557,0.0,0.0,0.0,1.0
UAL1848,558,0.0,0.0,0.0,1.0
UAL1848,559,0.0,0.0,0.0,1.0
UAL1848,560,0.0022,22.84,0.0,1.9
UAL1848,561,0.0,0.0,0.0,1.0
UAL1848,562,0.0,0.0,0.0,1.0
UAL1848,563,0.0,0.0,0.0,1.0
UAL1848,564,0.0,0.0,0.0,1.0
UAL1848,565,0.0,0.0,0.0,1.0
UAL1848,566,0.0,0.0,0.0,1.0
UAL1848,567,0.0,0.0,0.0,1.0
UAL1848,568,0.0,0.0,0.0,1.0
UAL1848,569,0.0,0.0,0.0,1.0
UAL1848,570,0.0,0.0,0.0,1.0
UAL1848,571,0.0,0.0,0.0,1.0
UAL1848,572,0.0,0.0,0.0,1.0
UAL1848,573,0.0,0.0,0.0,1.0
UAL1848,574,0.0,0.0,0.0,1.0
UAL1848,575,0.0,0.0,0.0,1.0
UAL1848,576,0.0,0.0,0.0,1.0
UAL1848,577,0.0,0.0,0.0,1.0
UAL1848,578,0.0,0.0,0.0,1.0
UAL1848,579,0.0,0.0,0.0,1.0
UAL1848,580,0.0,0.0,0.0,1.0
UAL1848,581,0.0,0.0,0.0,1.0
UAL1848,582,0.0,0.0,0.0,1.0
UAL1848,583,0.0,0.0,0.0,1.0
UAL1848,584,0.0,0.0,0.0,1.0
UAL1848,585,0.0,0.0,0.0,1.0
UAL1848,586,0.0,0.0,0.0,1.0
UAL1848,587,0.001,7.17,0.0,1.2
UAL1848,588,0.0,0.0,0.0,1.0
UAL1848,589,0.0,0.0,0.0,1.0
UAL1848,590,0.0,0.0,0.0,1.0
UAL1848,591,0.0,0.0,0.0,1.0
UAL1848,592,0.0,0.0,0.0,1.0
UAL1848,593,0.0,0.0,0.0,1.0
UAL1848,594,0.0,0.0,0.0,1.0
UAL1848,595,0.0,0.0,0.0,1.0
UAL1848,596,0.0,0.0,0.0,1.0
UAL1848,597,0.0015,16.53,0.0,2.3
UAL1848,598,0.0,0.0,0.0,1.0
UAL1848,599,0.0,0.0,0.0,1.0
UAL1848,600,0.0,0.0,0.0,1.0
UAL1848,601,0.0,0.0,0.0,1.0
UAL1848,602,0.0,0.0,0.0,1.0
UAL1848,603,0.0,0.0,0.0,1.0
UAL1848,604,0.0,0.0,0.0,1.0
UAL1848,605,0.0,0.0,0.0,1.0
UAL1848,606,0.0,0.0,0.0,1.0
UAL1848,607,0.0,0.0,0.0,1.0
UAL1848,608,0.0,0.0,0.0,1.0
UAL1848,609,0.0,0.0,0.0,1.0
UAL1848,610,0.0,0.0,0.0,1.0
UAL1848,611,0.0,0.0,0.0,1.0
UAL1848,612,0.0,0.0,0.0,1.0
UAL1848,613,0.0,0.0,0.0,1.0
UAL1848,614,0.0,0.0,0.0,1.0
UAL1848,615,0.0,0.0,0.0,1.0
UAL1848,616,0.0,0.0,0.0,1.0
UAL1848,617,0.0,0.0,0.0,1.0
UAL1848,618,0.0,0.0,0.0,1.0
UAL1848,619,0.0,0.0,0.0,1.0
UAL1848,620,0.0,0.0,0.0,1.0
UAL1848,621,0.0018,13.18,0.0,2.3
UAL1848,622,0.0,0.0,0.0,1.0
UAL1848,623,0.0,0.0,0.0,1.0
UAL1848,624,0.0,0.0,0.0,1.0
UAL1848,625,0.0,0.0,0.0,1.0
UAL1848,626,0.0,0.0,0.0,1.0
UAL1848,627,0.0,0.0,0.0,1.0
UAL1848,628,0.0,0.0,0.0,1.0
UAL1848,629,0.0,0.0,0.0,1.0
UAL1848,630,0.0,0.0,0.0,1.0
UAL1848,631,0.0,0.0,0.0,1.0
UAL1848,632,0.0,0.0,0.0,1.0
UAL1848,633,0.0,0.0,0.0,1.0
UAL1848,634,0.0022,9.14,0.0,1.3
UAL1848,635,0.0,0.0,0.0,1.0
UAL1848,636,0.0,0.0,0.0,1.0
UAL1848,637,0.0,0.0,0.0,1.0
UAL1848,638,0.0,0.0,0.0,1.0
UAL1848,639,0.0,0.0,0.0,1.0
UAL1848,640,0.0,0.0,0.0,1.0
UAL1848,641,0.0,0.0,0.0,1.0
UAL1848,642,0.0,0.0,0.0,1.0
UAL1848,643,0.0,0.0,0.0,1.0
UAL1848,644,0.0,0.0,0.0,1.0
UAL1848,645,0.0,0.0,0.0,1.0
UAL1848,646,0.0,0.0,0.0,1.0
UAL1848,647,0.0,0.0,0.0,1.0
UAL1848,648,0.0,0.0,0.0,1.0
UAL1848,649,0.0,0.0,0.0,1.0
UAL1848,650,0.0,0.0,0.0,1.0
UAL1848,651,0.0,0.0,0.0,1.0
UAL1848,652,0.0,0.0,0.0,1.0
UAL1848,653,0.0,0.0,0.0,1.0
UAL1848,654,0.0,0.0,0.0,1.0
UAL1848,655,0.0035,1.87,0.0,1.4
UAL1848,656,0.0,0.0,0.0,1.0
UAL1848,657,0.0,0.0,0.0,1.0
UAL1848,658,0.0,0.0,0.0,1.0
UAL1848,659,0.0,0.0,0.0,1.0
UAL1848,660,0.0,0.0,0.0,1.0
UAL1848,661,0.0,0.0,0.0,1.0
UAL1848,662,0.0,0.0,0.0,1.0
UAL1848,663,0.0,0.0,0.0,1.0
UAL1848,664,0.0,0.0,0.0,1.0
UAL1848,665,0.0,0.0,0.0,1.0
UAL1848,666,0.0,0.0,0.0,1.0
UAL1848,667,0.0,0.0,0.0,1.0
UAL1848,668,0.0,0.0,0.0,1.0
UAL1848,669,0.0,0.0,0.0,1.0
UAL1848,670,0.0,0.0,0.0,1.0
UAL1848,671,0.0,0.0,0.0,1.0
UAL1848,672,0.0,0.0,0.0,1.0
UAL1848,673,0.0,0.0,0.0,1.0
UAL1848,674,0.0,0.0,0.0,1.0
UAL1848,675,0.0,0.0,0.0,1.0
UAL1848,676,0.0,0.0,0.0,1.0
UAL1848,677,0.0,0.0,0.0,1.0
UAL1848,678,0.0,0.0,0.0,1.0
UAL1848,679,0.0,0.0,0.0,1.0
UAL1848,680,0.0,0.0,0.0,1.0
UAL1848,681,0.0,0.0,0.0,1.0
UAL1848,682,0.0,0.0,0.0,1.0
UAL1848,683,0.0,0.0,0.0,1.0
UAL1848,684,0.0,0.0,0.0,1.0
UAL1848,685,0.0,0.0,0.0,1.0
UAL1848,686,0.0,0.0,0.0,1.0
UAL1848,687,0.0,0.0,0.0,1.0
UAL1848,688,0.0,0.0,0.0,1.0
UAL1848,689,0.0029,17.53,0.0,2.2
UAL1848,690,0.0,0.0,0.0,1.0
UAL1848,691,0.0,0.0,0.0,1.0
UAL1848,692,0.0,0.0,0.0,1.0
UAL1848,693,0.0,0.0,0.0,1.0
UAL1848,694,0.002,1.43,0.0,1.1
UAL1848,695,0.0,0.0,0.0,1.0
UAL1848,696,0.0,0.0,0.0,1.0
UAL1848,697,0.0,0.0,0.0,1.0
UAL1848,698,0.0,0.0,0.0,1.0
UAL1848,699,0.0,0.0,0.0,1.0
UAL1848,700,0.0,0.0,0.0,1.0
UAL1848,701,0.0021,6.56,0.0,1.2
UAL1848,702,0.0013,0.54,0.0,1.1
UAL1848,703,0.0,0.0,0.0,1.0
UAL1848,704,0.0,0.0,0.0,1.0
UAL1848,705,0.0021,3.35,0.0,1.3
UAL1848,706,0.0,0.0,0.0,1.0
UAL1848,707,0.0,0.0,0.0,1.0
UAL1848,708,0.0,0.0,0.0,1.0
UAL1848,709,0.0,0.0,0.0,1.0
UAL1848,710,0.0,0.0,0.0,1.0
UAL1848,711,0.0,0.0,0.0,1.0
UAL1848,712,0.0,0.0,0.0,1.0
UAL1848,713,0.0,0.0,0.0,1.0
UAL1848,714,0.0,0.0,0.0,1.0
UAL1848,715,0.0011,28.01,0.0,1.9
UAL1848,716,0.0,0.0,0.0,1.0
UAL1848,717,0.0,0.0,0.0,1.0
UAL1848,718,0.0,0.0,0.0,1.0
UAL1848,719,0.0017,47.83,0.0,3.0
UAL1848,720,0.0,0.0,0.0,1.0
UAL1848,721,0.0,0.0,0.0,1.0
UAL1848,722,0.0,0.0,0.0,1.0
UAL1848,723,0.0,0.0,0.0,1.0
UAL1848,724,0.0013,46.85,0.0,1.9
UAL1848,725,0.0,0.0,0.0,1.0
UAL1848,726,0.0,0.0,0.0,1.0
UAL1848,727,0.0,0.0,0.0,1.0
UAL1848,728,0.0,0.0,0.0,1.0
UAL1848,729,0.0,0.0,0.0,1.0
UAL1848,730,0.0,0.0,0.0,1.0
UAL1848,731,0.0,0.0,0.0,1.0
UAL1848,732,0.0,0.0,0.0,1.0
UAL1848,733,0.0,0.0,0.0,1.0
UAL1848,734,0.0,0.0,0.0,1.0
UAL1848,735,0.0,0.0,0.0,1.0
UAL1848,736,0.0,0.0,0.0,1.0
UAL1848,737,0.0,0.0,0.0,1.0
UAL1848,738,0.0,0.0,0.0,1.0
UAL1848,739,0.0,0.0,0.0,1.0
UAL1848,740,0.0,0.0,0.0,1.0
UAL1848,741,0.0,0.0,0.0,1.0
UAL1848,742,0.0,0.0,0.0,1.0
UAL1848,743,0.0,0.0,0.0,1.0
UAL1848,744,0.0,0.0,0.0,1.0
UAL1848,745,0.0,0.0,0.0,1.0
UAL1848,746,0.0017,12.78,0.0,2.9
UAL1848,747,0.0,0.0,0.0,1.0
UAL1848,748,0.0,0.0,0.0,1.0
UAL1848,749,0.0,0.0,0.0,1.0
UAL1848,750,0.0,0.0,0.0,1.0
UAL1848,751,0.0,0.0,0.0,1.0
UAL1848,752,0.0,0.0,0.0,1.0
UAL1848,753,0.0,0.0,0.0,1.0
UAL1848,754,0.0,0.0,0.0,1.0
UAL1848,755,0.0,0.0,0.0,1.0
UAL1848,756,0.0,0.0,0.0,1.0
UAL1848,757,0.0,0.0,0.0,1.0
UAL1848,758,0.0,0.0,0.0,1.0
UAL1848,759,0.0,0.0,0.0,1.0
UAL1848,760,0.0,0.0,0.0,1.0
UAL1848,761,0.0,0.0,0.0,1.0
UAL1848,762,0.0,0.0,0.0,1.0
UAL1848,763,0.0,0.0,0.0,1.0
UAL1848,764,0.0017,7.12,0.0,1.6
UAL1848,765,0.0,0.0,0.0,1.0
UAL1848,766,0.0,0.0,0.0,1.0
UAL1848,767,0.0,0.0,0.0,1.0
UAL1848,768,0.0,0.0,0.0,1.0
UAL1848,769,0.0,0.0,0.0,1.0
UAL1848,770,0.0,0.0,0.0,1.0
UAL1848,771,0.0,0.0,0.0,1.0
UAL1848,772,0.0,0.0,0.0,1.0
UAL1848,773,0.0,0.0,0.0,1.0
UAL1848,774,0.0,0.0,0.0,1.0
UAL1848,775,0.0,0.0,0.0,1.0
UAL1848,776,0.0,0.0,0.0,1.0
UAL1848,777,0.0,0.0,0.0,1.0
UAL1848,778,0.0014,23.01,0.0,2.0
UAL1848,779,0.0026,8.31,0.0,1.4
UAL1848,780,0.0,0.0,0.0,1.0
UAL1848,781,0.0,0.0,0.0,1.0
UAL1848,782,0.0,0.0,0.0,1.0
UAL1848,783,0.0,0.0,0.0,1.0
UAL1848,784,0.0,0.0,0.0,1.0
UAL1848,785,0.0,0.0,0.0,1.0
UAL1848,786,0.0,0.0,0.0,1.0
UAL1848,787,0.0,0.0,0.0,1.0
UAL1848,788,0.0,0.0,0.0,1.0
UAL1848,789,0.0,0.0,0.0,1.0
UAL1848,790,0.0,0.0,0.0,1.0
UAL1848,791,0.0,0.0,0.0,1.0
UAL1848,792,0.0,0.0,0.0,1.0
UAL1848,793,0.0,0.0,0.0,1.0
UAL1848,794,0.0,0.0,0.0,1.0
UAL1848,795,0.0,0.0,0.0,1.0
UAL1848,796,0.0,0.0,0.0,1.0
UAL1848,797,0.0,0.0,0.0,1.0
UAL1848,798,0.0,0.0,0.0,1.0
UAL1848,799,0.0019,13.31,0.0,1.3
UAL1848,800,0.0,0.0,0.0,1.0
UAL1848,801,0.0,0.0,0.0,1.0
UAL1848,802,0.0,0.0,0.0,1.0
UAL1848,803,0.0,0.0,0.0,1.0
UAL1848,804,0.0,0.0,0.0,1.0
UAL1848,805,0.0,0.0,0.0,1.0
UAL1848,806,0.0,0.0,0.0,1.0
UAL1848,807,0.0,0.0,0.0,1.0
UAL1848,808,0.0,0.0,0.0,1.0
UAL1848,809,0.0,0.0,0.0,1.0
UAL1848,810,0.0,0.0,0.0,1.0
UAL1848,811,0.0,0.0,0.0,1.0
UAL1848,812,0.0,0.0,0.0,1.0
UAL1848,813,0.0,0.0,0.0,1.0
UAL1848,814,0.0,0.0,0.0,1.0
UAL1848,815,0.0,0.0,0.0,1.0
UAL1848,816,0.0,0.0,0.0,1.0
UAL1848,817,0.0,0.0,0.0,1.0
UAL1848,818,0.0,0.0,0.0,1.0
UAL1848,819,0.0,0.0,0.0,1.0
UAL1848,820,0.0,0.0,0.0,1.0
UAL1848,821,0.0,0.0,0.0,1.0
UAL1848,822,0.0,0.0,0.0,1.0
UAL1848,823,0.0,0.0,0.0,1.0
UAL1848,824,0.0,0.0,0.0,1.0
UAL1848,825,0.0,0.0,0.0,1.0
UAL1848,826,0.0,0.0,0.0,1.0
UAL1848,827,0.0,0.0,0.0,1.0
UAL1848,828,0.0031,16.63,0.0,2.5
UAL1848,829,0.0,0.0,0.0,1.0
UAL1848,830,0.0,0.0,0.0,1.0
UAL1848,831,0.0,0.0,0.0,1.0
UAL1848,832,0.0,0.0,0.0,1.0
UAL1848,833,0.0,0.0,0.0,1.0
UAL1848,834,0.0,0.0,0.0,1.0
UAL1848,835,0.0,0.0,0.0,1.0
UAL1848,836,0.0,0.0,0.0,1.0
UAL1848,837,0.0,0.0,0.0,1.0
UAL1848,838,0.0021,20.18,0.0,3.2
UAL1848,839,0.0,0.0,0.0,1.0
UAL1848,840,0.0,0.0,0.0,1.0
UAL1848,841,0.0,0.0,0.0,1.0
UAL1848,842,0.0,0.0,0.0,1.0
UAL1848,843,0.0,0.0,0.0,1.0
UAL1848,844,0.0,0.0,0.0,1.0
UAL1848,845,0.0,0.0,0.0,1.0
UAL1848,846,0.0,0.0,0.0,1.0
UAL1848,847,0.0,0.0,0.0,1.0
UAL1848,848,0.0,0.0,0.0,1.0
UAL1848,849,0.0,0.0,0.0,1.0
UAL1848,850,0.0,0.0,0.0,1.0
UAL1848,851,0.0,0.0,0.0,1.0
UAL1848,852,0.0,0.0,0.0,1.0
UAL1848,853,0.0,0.0,0.0,1.0
UAL1848,854,0.0,0.0,0.0,1.0
UAL1848,855,0.0,0.0,0.0,1.0
UAL1848,856,0.0,0.0,0.0,1.0
UAL1848,857,0.0,0.0,0.0,1.0
UAL1848,858,0.0018,6.77,0.0,1.2
UAL1848,859,0.0,0.0,0.0,1.0
UAL1848,860,0.0,0.0,0.0,1.0
UAL1848,861,0.0017,6.51,0.0,1.1
UAL1848,862,0.0,0.0,0.0,1.0
UAL1848,863,0.0,0.0,0.0,1.0
UAL1848,864,0.0,0.0,0.0,1.0
UAL1848,865,0.0,0.0,0.0,1.0
UAL1848,866,0.0,0.0,0.0,1.0
UAL1848,867,0.0,0.0,0.0,1.0
UAL1848,868,0.0,0.0,0.0,1.0
UAL1848,869,0.0,0.0,0.0,1.0
UAL1848,870,0.0,0.0,0.0,1.0
UAL1848,871,0.0,0.0,0.0,1.0
UAL1848,872,0.0,0.0,0.0,1.0
UAL1848,873,0.0,0.0,0.0,1.0
UAL1848,874,0.0,0.0,0.0,1.0
UAL1848,875,0.0,0.0,0.0,1.0
UAL1848,876,0.0,0.0,0.0,1.0
UAL1848,877,0.0,0.0,0.0,1.0
UAL1848,878,0.0,0.0,0.0,1.0
UAL1848,879,0.0,0.0,0.0,1.0
UAL1848,880,0.0,0.0,0.0,1.0
UAL1848,881,0.0,0.0,0.0,1.0
UAL1848,882,0.0,0.0,0.0,1.0
UAL1848,883,0.0,0.0,0.0,1.0
UAL1848,884,0.0,0.0,0.0,1.0
UAL1848,885,0.0,0.0,0.0,1.0
UAL1848,886,0.0,0.0,0.0,1.0
UAL1848,887,0.0,0.0,0.0,1.0
UAL1848,888,0.0,0.0,0.0,1.0
UAL1848,889,0.0,0.0,0.0,1.0
UAL1848,890,0.0,0.0,0.0,1.0
UAL1848,891,0.0,0.0,0.0,1.0
UAL1848,892,0.0,0.0,0.0,1.0
UAL1848,893,0.0,0.0,0.0,1.0
UAL1848,894,0.0,0.0,0.0,1.0
UAL1848,895,0.0,0.0,0.0,1.0
UAL1848,896,0.0,0.0,0.0,1.0
UAL1848,897,0.0,0.0,0.0,1.0
UAL1848,898,0.0,0.0,0.0,1.0
UAL1848,899,0.0,0.0,0.0,1.0
UAL1848,900,0.0,0.0,0.0,1.0
UAL1848,901,0.0,0.0,0.0,1.0
UAL1848,902,0.0,0.0,0.0,1.0
UAL1848,903,0.0,0.0,0.0,1.0
UAL1848,904,0.0,0.0,0.0,1.0
UAL1848,905,0.0,0.0,0.0,1.0
UAL1848,906,0.0,0.0,0.0,1.0
UAL1848,907,0.0,0.0,0.0,1.0
UAL1848,908,0.0,0.0,0.0,1.0
UAL1848,909,0.0,0.0,0.0,1.0
UAL1848,910,0.0,0.0,0.0,1.0
UAL1848,911,0.0014,5.58,0.0,1.8
UAL1848,912,0.0,0.0,0.0,1.0
UAL1848,913,0.0,0.0,0.0,1.0
UAL1848,914,0.0,0.0,0.0,1.0
UAL1848,915,0.0,0.0,0.0,1.0
UAL1848,916,0.0,0.0,0.0,1.0
UAL1848,917,0.0,0.0,0.0,1.0
UAL1848,918,0.0029,20.16,0.0,1.2
UAL1848,919,0.0,0.0,0.0,1.0
UAL1848,920,0.0,0.0,0.0,1.0
UAL1848,921,0.0,0.0,0.0,1.0
UAL1848,922,0.0,0.0,0.0,1.0
UAL1848,923,0.0,0.0,0.0,1.0
UAL1848,924,0.0,0.0,0.0,1.0
UAL1848,925,0.0,0.0,0.0,1.0
UAL1848,926,0.0,0.0,0.0,1.0
UAL1848,927,0.0,0.0,0.0,1.0
UAL1848,928,0.0,0.0,0.0,1.0
UAL1848,929,0.0,0.0,0.0,1.0
UAL1848,930,0.0,0.0,0.0,1.0
UAL1848,931,0.0,0.0,0.0,1.0
UAL1848,932,0.0,0.0,0.0,1.0
UAL1848,933,0.0,0.0,0.0,1.0
UAL1848,934,0.0,0.0,0.0,1.0
UAL1848,935,0.0,0.0,0.0,1.0
UAL1848,936,0.0,0.0,0.0,1.0
UAL1848,937,0.0,0.0,0.0,1.0
UAL1848,938,0.0,0.0,0.0,1.0
UAL1848,939,0.0,0.0,0.0,1.0
UAL1848,940,0.0,0.0,0.0,1.0
UAL1848,941,0.0,0.0,0.0,1.0
UAL1848,942,0.0,0.0,0.0,1.0
UAL1848,943,0.0,0.0,0.0,1.0
UAL1848,944,0.0,0.0,0.0,1.0
UAL1848,945,0.0034,8.66,0.0,1.6
UAL1848,946,0.0,0.0,0.0,1.0
UAL1848,947,0.0,0.0,0.0,1.0
UAL1848,948,0.0,0.0,0.0,1.0
UAL1848,949,0.0,0.0,0.0,1.0
UAL1848,950,0.0,0.0,0.0,1.0
UAL1848,951,0.0,0.0,0.0,1.0
UAL1848,952,0.0,0.0,0.0,1.0
UAL1848,953,0.0,0.0,0.0,1.0
UAL1848,954,0.0,0.0,0.0,1.0
UAL1848,955,0.0,0.0,0.0,1.0
UAL1848,956,0.0,0.0,0.0,1.0
UAL1848,957,0.0,0.0,0.0,1.0
UAL1848,958,0.0,0.0,0.0,1.0
UAL1848,959,0.0,0.0,0.0,1.0
UAL1848,960,0.0,0.0,0.0,1.0
UAL1848,961,0.0,0.0,0.0,1.0
UAL1848,962,0.0,0.0,0.0,1.0
UAL1848,963,0.0,0.0,0.0,1.0
UAL1848,964,0.0,0.0,0.0,1.0
UAL1848,965,0.0,0.0,0.0,1.0
UAL1848,966,0.0,0.0,0.0,1.0
UAL1848,967,0.0,0.0,0.0,1.0
UAL1848,968,0.0,0.0,0.0,1.0
UAL1848,969,0.0,0.0,0.0,1.0
UAL1848,970,0.0,0.0,0.0,1.0
UAL1848,971,0.0,0.0,0.0,1.0
UAL1848,972,0.0,0.0,0.0,1.0
UAL1848,973,0.0,0.0,0.0,1.0
UAL1848,974,0.0,0.0,0.0,1.0
UAL1848,975,0.0,0.0,0.0,1.0
UAL1848,976,0.0,0.0,0.0,1.0
UAL1848,977,0.0,0.0,0.0,1.0
UAL1848,978,0.0,0.0,0.0,1.0
UAL1848,979,0.0,0.0,0.0,1.0
UAL1848,980,0.0,0.0,0.0,1.0
UAL1848,981,0.0,0.0,0.0,1.0
UAL1848,982,0.0,0.0,0.0,1.0
UAL1848,983,0.0,0.0,0.0,1.0
UAL1848,984,0.0,0.0,0.0,1.0
UAL1848,985,0.0,0.0,0.0,1.0
UAL1848,986,0.0,0.0,0.0,1.0
UAL1848,987,0.0,0.0,0.0,1.0
UAL1848,988,0.0,0.0,0.0,1.0
UAL1848,989,0.0,0.0,0.0,1.0
UAL1848,990,0.0013,10.69,0.0,1.1
UAL1848,991,0.0,0.0,0.0,1.0
UAL1848,992,0.0,0.0,0.0,1.0
UAL1848,993,0.0017,17.58,0.0,2.2
UAL1848,994,0.0,0.0,0.0,1.0
UAL1848,995,0.0,0.0,0.0,1.0
UAL1848,996,0.0,0.0,0.0,1.0
UAL1848,997,0.0,0.0,0.0,1.0
UAL1848,998,0.0,0.0,0.0,1.0
UAL1848,999,0.0,0.0,0.0,1.0
UAL1848,1000,0.0,0.0,0.0,1.0
UAL1848,1001,0.0,0.0,0.0,1.0
UAL1848,1002,0.0,0.0,0.0,1.0
UAL1848,1003,0.0,0.0,0.0,1.0
UAL1848,1004,0.0,0.0,0.0,1.0
UAL1848,1005,0.0022,14.69,0.0,1.8
UAL1848,1006,0.0,0.0,0.0,1.0
UAL1848,1007,0.0,0.0,0.0,1.0
UAL1848,1008,0.0,0.0,0.0,1.0
UAL1848,1009,0.0,0.0,0.0,1.0
UAL1848,1010,0.0,0.0,0.0,1.0
UAL1848,1011,0.0,0.0,0.0,1.0
UAL1848,1012,0.0,0.0,0.0,1.0
UAL1848,1013,0.0031,14.43,0.0,1.3
UAL1848,1014,0.0026,15.5,0.0,1.1
UAL1848,1015,0.0,0.0,0.0,1.0
UAL1848,1016,0.0,0.0,0.0,1.0
UAL1848,1017,0.0,0.0,0.0,1.0
UAL1848,1018,0.0,0.0,0.0,1.0
UAL1848,1019,0.0,0.0,0.0,1.0
UAL1848,1020,0.0,0.0,0.0,1.0
UAL1848,1021,0.0,0.0,0.0,1.0
UAL1848,1022,0.0,0.0,0.0,1.0
UAL1848,1023,0.0,0.0,0.0,1.0
UAL1848,1024,0.0,0.0,0.0,1.0
UAL1848,1025,0.0,0.0,0.0,1.0
UAL1848,1026,0.0021,64.36,0.0,2.1
UAL1848,1027,0.0,0.0,0.0,1.0
UAL1848,1028,0.0,0.0,0.0,1.0
UAL1848,1029,0.0,0.0,0.0,1.0
UAL1848,1030,0.0,0.0,0.0,1.0
UAL1848,1031,0.0,0.0,0.0,1.0
UAL1848,1032,0.0,0.0,0.0,1.0
UAL1848,1033,0.0,0.0,0.0,1.0
UAL1848,1034,0.0007,4.96,0.0,2.0
UAL1848,1035,0.0,0.0,0.0,1.0
UAL1848,1036,0.0,0.0,0.0,1.0
UAL1848,1037,0.0,0.0,0.0,1.0
UAL1848,1038,0.0018,6.93,0.0,1.1
UAL1848,1039,0.0,0.0,0.0,1.0
UAL1848,1040,0.0,0.0,0.0,1.0
UAL1848,1041,0.0,0.0,0.0,1.0
UAL1848,1042,0.0,0.0,0.0,1.0
UAL1848,1043,0.0,0.0,0.0,1.0
UAL1848,1044,0.0,0.0,0.0,1.0
UAL1848,1045,0.0,0.0,0.0,1.0
UAL1848,1046,0.0,0.0,0.0,1.0
UAL1848,1047,0.0,0.0,0.0,1.0
UAL1848,1048,0.0013,14.43,0.0,1.3
UAL1848,1049,0.0,0.0,0.0,1.0
UAL1848,1050,0.0,0.0,0.0,1.0
UAL1848,1051,0.0,0.0,0.0,1.0
UAL1848,1052,0.0,0.0,0.0,1.0
UAL1848,1053,0.0,0.0,0.0,1.0
UAL1848,1054,0.0,0.0,0.0,1.0
UAL1848,1055,0.0007,20.56,0.0,1.6
UAL1848,1056,0.0,0.0,0.0,1.0
UAL1848,1057,0.0,0.0,0.0,1.0
UAL1848,1058,0.0,0.0,0.0,1.0
UAL1848,1059,0.0,0.0,0.0,1.0
UAL1848,1060,0.0,0.0,0.0,1.0
UAL1848,1061,0.0,0.0,0.0,1.0
UAL1848,1062,0.0,0.0,0.0,1.0
UAL1848,1063,0.0,0.0,0.0,1.0
UAL1848,1064,0.0,0.0,0.0,1.0
UAL1848,1065,0.0,0.0,0.0,1.0
UAL1848,1066,0.0,0.0,0.0,1.0
UAL1848,1067,0.0,0.0,0.0,1.0
UAL1848,1068,0.0,0.0,0.0,1.0
UAL1848,1069,0.0,0.0,0.0,1.0
UAL1848,1070,0.0,0.0,0.0,1.0
UAL1848,1071,0.0,0.0,0.0,1.0
UAL1848,1072,0.0,0.0,0.0,1.0
UAL1848,1073,0.0,0.0,0.0,1.0
UAL1848,1074,0.0,0.0,0.0,1.0
UAL1848,1075,0.0,0.0,0.0,1.0
UAL1848,1076,0.0,0.0,0.0,1.0
UAL1848,1077,0.0,0.0,0.0,1.0
UAL1848,1078,0.0,0.0,0.0,1.0
UAL1848,1079,0.0,0.0,0.0,1.0
UAL1848,1080,0.0,0.0,0.0,1.0
UAL1848,1081,0.0,0.0,0.0,1.0
UAL1848,1082,0.0,0.0,0.0,1.0
UAL1848,1083,0.0,0.0,0.0,1.0
UAL1848,1084,0.0,0.0,0.0,1.0
UAL1848,1085,0.0,0.0,0.0,1.0
UAL1848,1086,0.0,0.0,0.0,1.0
UAL1848,1087,0.0,0.0,0.0,1.0
UAL1848,1088,0.0,0.0,0.0,1.0
UAL1848,1089,0.0,0.0,0.0,1.0
UAL1848,1090,0.0,0.0,0.0,1.0
UAL1848,1091,0.0,0.0,0.0,1.0
UAL1848,1092,0.0,0.0,0.0,1.0
UAL1848,1093,0.0,0.0,0.0,1.0
UAL1848,1094,0.0,0.0,0.0,1.0
UAL1848,1095,0.0,0.0,0.0,1.0
UAL1848,1096,0.0,0.0,0.0,1.0
UAL1848,1097,0.0,0.0,0.0,1.0
UAL1848,1098,0.0,0.0,0.0,1.0
UAL1848,1099,0.0,0.0,0.0,1.0
UAL1848,1100,0.0,0.0,0.0,1.0
UAL1848,1101,0.0,0.0,0.0,1.0
UAL1848,1102,0.0,0.0,0.0,1.0
UAL1848,1103,0.0,0.0,0.0,1.0
UAL1848,1104,0.0,0.0,0.0,1.0
UAL1848,1105,0.0,0.0,0.0,1.0
UAL1848,1106,0.0,0.0,0.0,1.0
UAL1848,1107,0.0,0.0,0.0,1.0
UAL1848,1108,0.0,0.0,0.0,1.0
UAL1848,1109,0.001,18.48,0.0,1.4
UAL1848,1110,0.0,0.0,0.0,1.0
UAL1848,1111,0.0,0.0,0.0,1.0
UAL1848,1112,0.0,0.0,0.0,1.0
UAL1848,1113,0.0,0.0,0.0,1.0
UAL1848,1114,0.0,0.0,0.0,1.0
UAL1848,1115,0.0,0.0,0.0,1.0
UAL1848,1116,0.0,0.0,0.0,1.0
UAL1848,1117,0.0,0.0,0.0,1.0
UAL1848,1118,0.0,0.0,0.0,1.0
UAL1848,1119,0.0,0.0,0.0,1.0
UAL1848,1120,0.0,0.0,0.0,1.0
UAL1848,1121,0.0,0.0,0.0,1.0
UAL1848,1122,0.0,0.0,0.0,1.0
UAL1848,1123,0.0,0.0,0.0,1.0
UAL1848,1124,0.0,0.0,0.0,1.0
UAL1848,1125,0.0,0.0,0.0,1.0
UAL1848,1126,0.0,0.0,0.0,1.0
UAL1848,1127,0.0,0.0,0.0,1.0
UAL1848,1128,0.0,0.0,0.0,1.0
UAL1848,1129,0.0014,12.63,0.0,1.5
UAL1848,1130,0.0,0.0,0.0,1.0
UAL1848,1131,0.0,0.0,0.0,1.0
UAL1848,1132,0.0,0.0,0.0,1.0
UAL1848,1133,0.0,0.0,0.0,1.0
UAL1848,1134,0.0,0.0,0.0,1.0
UAL1848,1135,0.0,0.0,0.0,1.0
UAL1848,1136,0.0017,12.49,0.0,1.1
UAL1848,1137,0.0,0.0,0.0,1.0
UAL1848,1138,0.0,0.0,0.0,1.0
UAL1848,1139,0.0,0.0,0.0,1.0
UAL1848,1140,0.0,0.0,0.0,1.0
UAL1848,1141,0.0,0.0,0.0,1.0
UAL1848,1142,0.0,0.0,0.0,1.0
UAL1848,1143,0.0,0.0,0.0,1.0
UAL1848,1144,0.0,0.0,0.0,1.0
UAL1848,1145,0.0,0.0,0.0,1.0
UAL1848,1146,0.0006,4.89,0.0,1.4
UAL1848,1147,0.0,0.0,0.0,1.0
UAL1848,1148,0.0,0.0,0.0,1.0
UAL1848,1149,0.0,0.0,0.0,1.0
UAL1848,1150,0.0,0.0,0.0,1.0
UAL1848,1151,0.0,0.0,0.0,1.0
UAL1848,1152,0.0,0.0,0.0,1.0
UAL1848,1153,0.0,0.0,0.0,1.0
UAL1848,1154,0.0,0.0,0.0,1.0
UAL1848,1155,0.0011,2.24,0.0,1.0
UAL1848,1156,0.0,0.0,0.0,1.0
UAL1848,1157,0.0023,14.46,0.0,1.3
UAL1848,1158,0.0,0.0,0.0,1.0
UAL1848,1159,0.0,0.0,0.0,1.0
UAL1848,1160,0.0,0.0,0.0,1.0
UAL1848,1161,0.0,0.0,0.0,1.0
UAL1848,1162,0.0,0.0,0.0,1.0
UAL1848,1163,0.0,0.0,0.0,1.0
UAL1848,1164,0.0,0.0,0.0,1.0
UAL1848,1165,0.0,0.0,0.0,1.0
UAL1848,1166,0.0,0.0,0.0,1.0
UAL1848,1167,0.0,0.0,0.0,1.0
UAL1848,1168,0.0,0.0,0.0,1.0
UAL1848,1169,0.0,0.0,0.0,1.0
UAL1848,1170,0.0,0.0,0.0,1.0
UAL1848,1171,0.0,0.0,0.0,1.0
UAL1848,1172,0.0007,5.67,0.0,1.0
UAL1848,1173,0.0,0.0,0.0,1.0
UAL1848,1174,0.0,0.0,0.0,1.0
UAL1848,1175,0.0,0.0,0.0,1.0
UAL1848,1176,0.0,0.0,0.0,1.0
UAL1848,1177,0.0,0.0,0.0,1.0
UAL1848,1178,0.0,0.0,0.0,1.0
UAL1848,1179,0.0,0.0,0.0,1.0
UAL1848,1180,0.0,0.0,0.0,1.0
UAL1848,1181,0.0,0.0,0.0,1.0
UAL1848,1182,0.0,0.0,0.0,1.0
UAL1848,1183,0.0017,18.53,0.0,1.4
UAL1848,1184,0.0,0.0,0.0,1.0
UAL1848,1185,0.0,0.0,0.0,1.0
UAL1848,1186,0.0,0.0,0.0,1.0
UAL1848,1187,0.0012,31.05,0.0,2.9
UAL1848,1188,0.0,0.0,0.0,1.0
UAL1848,1189,0.0,0.0,0.0,1.0
UAL1848,1190,0.0,0.0,0.0,1.0
UAL1848,1191,0.0,0.0,0.0,1.0
UAL1848,1192,0.002,3.7,0.0,1.5
UAL1848,1193,0.0,0.0,0.0,1.0
UAL1848,1194,0.0,0.0,0.0,1.0
UAL1848,1195,0.0,0.0,0.0,1.0
UAL1848,1196,0.0,0.0,0.0,1.0
UAL1848,1197,0.0005,15.16,0.0,2.1
UAL1848,1198,0.0,0.0,0.0,1.0
UAL1848,1199,0.0016,24.56,0.0,3.4
UAL1848,1200,0.0,0.0,0.0,1.0
UAL1848,1201,0.0,0.0,0.0,1.0
UAL1848,1202,0.0,0.0,0.0,1.0
UAL1848,1203,0.0,0.0,0.0,1.0
UAL1848,1204,0.0,0.0,0.0,1.0
UAL1848,1205,0.0,0.0,0.0,1.0
UAL1848,1206,0.0,0.0,0.0,1.0
UAL1848,1207,0.0,0.0,0.0,1.0
UAL1848,1208,0.0,0.0,0.0,1.0
UAL1848,1209,0.0,0.0,0.0,1.0
UAL1848,1210,0.0,0.0,0.0,1.0
UAL1848,1211,0.0,0.0,0.0,1.0
UAL1848,1212,0.0,0.0,0.0,1.0
UAL1848,1213,0.0,0.0,0.0,1.0
UAL1848,1214,0.0,0.0,0.0,1.0
UAL1848,1215,0.0,0.0,0.0,1.0
UAL1848,1216,0.0,0.0,0.0,1.0
UAL1848,1217,0.0,0.0,0.0,1.0
UAL1848,1218,0.0,0.0,0.0,1.0
UAL1848,1219,0.0,0.0,0.0,1.0
UAL1848,1220,0.0,0.0,0.0,1.0
UAL1848,1221,0.0,0.0,0.0,1.0
UAL1848,1222,0.0,0.0,0.0,1.0
UAL1848,1223,0.0,0.0,0.0,1.0
UAL1848,1224,0.0,0.0,0.0,1.0
UAL1848,1225,0.0,0.0,0.0,1.0
UAL1848,1226,0.0,0.0,0.0,1.0
UAL1848,1227,0.0,0.0,0.0,1.0
UAL1848,1228,0.0,0.0,0.0,1.0
UAL1848,1229,0.0,0.0,0.0,1.0
UAL1848,1230,0.0,0.0,0.0,1.0
UAL1848,1231,0.0,0.0,0.0,1.0
UAL1848,1232,0.0,0.0,0.0,1.0
UAL1848,1233,0.0,0.0,0.0,1.0
UAL1848,1234,0.0,0.0,0.0,1.0
UAL1848,1235,0.0,0.0,0.0,1.0
UAL1848,1236,0.0,0.0,0.0,1.0
UAL1848,1237,0.0,0.0,0.0,1.0
UAL1848,1238,0.0,0.0,0.0,1.0
UAL1848,1239,0.0,0.0,0.0,1.0
UAL1848,1240,0.0,0.0,0.0,1.0
UAL1848,1241,0.0,0.0,0.0,1.0
UAL1848,1242,0.0,0.0,0.0,1.0
UAL1848,1243,0.0,0.0,0.0,1.0
UAL1848,1244,0.0,0.0,0.0,1.0
UAL1848,1245,0.0,0.0,0.0,1.0
UAL1848,1246,0.0,0.0,0.0,1.0
UAL1848,1247,0.0018,10.39,0.0,1.1
UAL1848,1248,0.0,0.0,0.0,1.0
UAL1848,1249,0.0,0.0,0.0,1.0
UAL1848,1250,0.0,0.0,0.0,1.0
UAL1848,1251,0.0,0.0,0.0,1.0
UAL1848,1252,0.0,0.0,0.0,1.0
UAL1848,1253,0.0,0.0,0.0,1.0
UAL1848,1254,0.0,0.0,0.0,1.0
UAL1848,1255,0.0,0.0,0.0,1.0
UAL1848,1256,0.0,0.0,0.0,1.0
UAL1848,1257,0.0,0.0,0.0,1.0
UAL1848,1258,0.0,0.0,0.0,1.0
UAL1848,1259,0.0,0.0,0.0,1.0
UAL1848,1260,0.0,0.0,0.0,1.0
UAL1848,1261,0.0,0.0,0.0,1.0
UAL1848,1262,0.0,0.0,0.0,1.0
UAL1848,1263,0.0,0.0,0.0,1.0
UAL1848,1264,0.0,0.0,0.0,1.0
UAL1848,1265,0.0019,11.12,0.0,1.4
UAL1848,1266,0.0,0.0,0.0,1.0
UAL1848,1267,0.0,0.0,0.0,1.0
UAL1848,1268,0.0,0.0,0.0,1.0
UAL1848,1269,0.0,0.0,0.0,1.0
UAL1848,1270,0.0,0.0,0.0,1.0
UAL1848,1271,0.0,0.0,0.0,1.0
UAL1848,1272,0.0,0.0,0.0,1.0
UAL1848,1273,0.0,0.0,0.0,1.0
UAL1848,1274,0.0,0.0,0.0,1.0
UAL1848,1275,0.0,0.0,0.0,1.0
UAL1848,1276,0.0014,26.35,0.0,1.4
UAL1848,1277,0.0023,15.86,0.0,1.3
UAL1848,1278,0.0,0.0,0.0,1.0
UAL1848,1279,0.0,0.0,0.0,1.0
UAL1848,1280,0.0,0.0,0.0,1.0
UAL1848,1281,0.0,0.0,0.0,1.0
UAL1848,1282,0.0,0.0,0.0,1.0
UAL1848,1283,0.0,0.0,0.0,1.0
UAL1848,1284,0.0,0.0,0.0,1.0
UAL1848,1285,0.0,0.0,0.0,1.0
UAL1848,1286,0.0,0.0,0.0,1.0
UAL1848,1287,0.0,0.0,0.0,1.0
UAL1848,1288,0.0,0.0,0.0,1.0
UAL1848,1289,0.0,0.0,0.0,1.0
UAL1848,1290,0.0,0.0,0.0,1.0
UAL1848,1291,0.0,0.0,0.0,1.0
UAL1848,1292,0.0,0.0,0.0,1.0
UAL1848,1293,0.0,0.0,0.0,1.0
UAL1848,1294,0.0,0.0,0.0,1.0
UAL1848,1295,0.0,0.0,0.0,1.0
UAL1848,1296,0.0,0.0,0.0,1.0
UAL1848,1297,0.0,0.0,0.0,1.0
UAL1848,1298,0.0,0.0,0.0,1.0
UAL1848,1299,0.0,0.0,0.0,1.0
UAL1848,1300,0.0,0.0,0.0,1.0
UAL1848,1301,0.0,0.0,0.0,1.0
UAL1848,1302,0.0,0.0,0.0,1.0
UAL1848,1303,0.0,0.0,0.0,1.0
UAL1848,1304,0.0,0.0,0.0,1.0
UAL1848,1305,0.0,0.0,0.0,1.0
UAL1848,1306,0.0014,2.61,0.0,1.0
UAL1848,1307,0.0,0.0,0.0,1.0
UAL1848,1308,0.0,0.0,0.0,1.0
UAL1848,1309,0.0,0.0,0.0,1.0
UAL1848,1310,0.0,0.0,0.0,1.0
UAL1848,1311,0.0,0.0,0.0,1.0
UAL1848,1312,0.0,0.0,0.0,1.0
UAL1848,1313,0.0,0.0,0.0,1.0
UAL1848,1314,0.0,0.0,0.0,1.0
UAL1848,1315,0.0,0.0,0.0,1.0
UAL1848,1316,0.0,0.0,0.0,1.0
UAL1848,1317,0.0,0.0,0.0,1.0
UAL1848,1318,0.0,0.0,0.0,1.0
UAL1848,1319,0.0,0.0,0.0,1.0
UAL1848,1320,0.0,0.0,0.0,1.0
UAL1848,1321,0.0018,12.27,0.0,1.4
UAL1848,1322,0.0,0.0,0.0,1.0
UAL1848,1323,0.0,0.0,0.0,1.0
UAL1848,1324,0.0,0.0,0.0,1.0
UAL1848,1325,0.0,0.0,0.0,1.0
UAL1848,1326,0.0,0.0,0.0,1.0
UAL1848,1327,0.0,0.0,0.0,1.0
UAL1848,1328,0.0,0.0,0.0,1.0
UAL1848,1329,0.0,0.0,0.0,1.0
UAL1848,1330,0.0,0.0,0.0,1.0
UAL1848,1331,0.0,0.0,0.0,1.0
UAL1848,1332,0.0,0.0,0.0,1.0
UAL1848,1333,0.0,0.0,0.0,1.0
UAL1848,1334,0.0,0.0,0.0,1.0
UAL1848,1335,0.0,0.0,0.0,1.0
UAL1848,1336,0.0,0.0,0.0,1.0
UAL1848,1337,0.0,0.0,0.0,1.0
UAL1848,1338,0.0007,8.59,0.0,1.1
UAL1848,1339,0.0,0.0,0.0,1.0
UAL1848,1340,0.0,0.0,0.0,1.0
UAL1848,1341,0.0,0.0,0.0,1.0
UAL1848,1342,0.0,0.0,0.0,1.0
UAL1848,1343,0.0,0.0,0.0,1.0
UAL1848,1344,0.0,0.0,0.0,1.0
UAL1848,1345,0.0,0.0,0.0,1.0
UAL1848,1346,0.0,0.0,0.0,1.0
UAL1848,1347,0.0,0.0,0.0,1.0
UAL1848,1348,0.0,0.0,0.0,1.0
UAL1848,1349,0.0,0.0,0.0,1.0
UAL1848,1350,0.0,0.0,0.0,1.0
UAL1848,1351,0.0,0.0,0.0,1.0
UAL1848,1352,0.0,0.0,0.0,1.0
UAL1848,1353,0.0,0.0,0.0,1.0
UAL1848,1354,0.0,0.0,0.0,1.0
UAL1848,1355,0.0013,9.45,0.0,1.1
UAL1848,1356,0.0,0.0,0.0,1.0
UAL1848,1357,0.0,0.0,0.0,1.0
UAL1848,1358,0.0,0.0,0.0,1.0
UAL1848,1359,0.0,0.0,0.0,1.0
UAL1848,1360,0.0,0.0,0.0,1.0
UAL1848,1361,0.0,0.0,0.0,1.0
UAL1848,1362,0.0,0.0,0.0,1.0
UAL1848,1363,0.0,0.0,0.0,1.0
UAL1848,1364,0.0,0.0,0.0,1.0
UAL1848,1365,0.0,0.0,0.0,1.0
UAL1848,1366,0.0,0.0,0.0,1.0
UAL1848,1367,0.0,0.0,0.0,1.0
UAL1848,1368,0.0016,10.37,0.0,1.0
UAL1848,1369,0.0,0.0,0.0,1.0
UAL1848,1370,0.0,0.0,0.0,1.0
UAL1848,1371,0.0,0.0,0.0,1.0
UAL1848,1372,0.0,0.0,0.0,1.0
UAL1848,1373,0.0,0.0,0.0,1.0
UAL1848,1374,0.0,0.0,0.0,1.0
UAL1848,1375,0.0,0.0,0.0,1.0
UAL1848,1376,0.0,0.0,0.0,1.0
UAL1848,1377,0.0,0.0,0.0,1.0
UAL1848,1378,0.0,0.0,0.0,1.0
UAL1848,1379,0.0,0.0,0.0,1.0
UAL1848,1380,0.0,0.0,0.0,1.0
UAL1848,1381,0.0,0.0,0.0,1.0
UAL1848,1382,0.0,0.0,0.0,1.0
UAL1848,1383,0.0,0.0,0.0,1.0
UAL1848,1384,0.0,0.0,0.0,1.0
UAL1848,1385,0.0,0.0,0.0,1.0
UAL1848,1386,0.0,0.0,0.0,1.0
UAL1848,1387,0.0,0.0,0.0,1.0
UAL1848,1388,0.0,0.0,0.0,1.0
UAL1848,1389,0.0,0.0,0.0,1.0
UAL1848,1390,0.0,0.0,0.0,1.0
UAL1848,1391,0.0,0.0,0.0,1.0
UAL1848,1392,0.0,0.0,0.0,1.0
UAL1848,1393,0.0,0.0,0.0,1.0
UAL1848,1394,0.0,0.0,0.0,1.0
UAL1848,1395,0.0,0.0,0.0,1.0
UAL1848,1396,0.0,0.0,0.0,1.0
UAL1848,1397,0.0,0.0,0.0,1.0
UAL1848,1398,0.0,0.0,0.0,1.0
UAL1848,1399,0.0,0.0,0.0,1.0
UAL1848,1400,0.0,0.0,0.0,1.0
UAL1848,1401,0.0,0.0,0.0,1.0
UAL1848,1402,0.0,0.0,0.0,1.0
UAL1848,1403,0.0,0.0,0.0,1.0
UAL1848,1404,0.0,0.0,0.0,1.0
UAL1848,1405,0.0,0.0,0.0,1.0
UAL1848,1406,0.0,0.0,0.0,1.0
UAL1848,1407,0.0019,7.68,0.0,1.8
UAL1848,1408,0.0,0.0,0.0,1.0
UAL1848,1409,0.0023,10.67,0.0,2.8
UAL1848,1410,0.0,0.0,0.0,1.0
UAL1848,1411,0.0,0.0,0.0,1.0
UAL1848,1412,0.0,0.0,0.0,1.0
UAL1848,1413,0.0,0.0,0.0,1.0
UAL1848,1414,0.0,0.0,0.0,1.0
UAL1848,1415,0.0,0.0,0.0,1.0
UAL1848,1416,0.0,0.0,0.0,1.0
UAL1848,1417,0.0,0.0,0.0,1.0
UAL1848,1418,0.0,0.0,0.0,1.0
UAL1848,1419,0.0,0.0,0.0,1.0
UAL1848,1420,0.0,0.0,0.0,1.0
UAL1848,1421,0.0,0.0,0.0,1.0
UAL1848,1422,0.0,0.0,0.0,1.0
UAL1848,1423,0.0,0.0,0.0,1.0
UAL1848,1424,0.0,0.0,0.0,1.0
UAL1848,1425,0.0,0.0,0.0,1.0
UAL1848,1426,0.0,0.0,0.0,1.0
UAL1848,1427,0.0,0.0,0.0,1.0
UAL1848,1428,0.0,0.0,0.0,1.0
UAL1848,1429,0.0,0.0,0.0,1.0
UAL1848,1430,0.0,0.0,0.0,1.0
UAL1848,1431,0.0,0.0,0.0,1.0
UAL1848,1432,0.0,0.0,0.0,1.0
UAL1848,1433,0.0,0.0,0.0,1.0
UAL1848,1434,0.0,0.0,0.0,1.0
UAL1848,1435,0.0,0.0,0.0,1.0
UAL1848,1436,0.0,0.0,0.0,1.0
UAL1848,1437,0.0,0.0,0.0,1.0
UAL1848,1438,0.0,0.0,0.0,1.0
UAL1848,1439,0.0,0.0,0.0,1.0
UAL1848,1440,0.0,0.0,0.0,1.0
UAL1848,1441,0.0,0.0,0.0,1.0
UAL1848,1442,0.0,0.0,0.0,1.0
UAL1848,1443,0.0,0.0,0.0,1.0
UAL1848,1444,0.0012,1.28,0.0,1.0
UAL1848,1445,0.0,0.0,0.0,1.0
UAL1848,1446,0.0,0.0,0.0,1.0
UAL1848,1447,0.0,0.0,0.0,1.0
UAL1848,1448,0.0,0.0,0.0,1.0
UAL1848,1449,0.0,0.0,0.0,1.0
UAL1848,1450,0.0013,3.01,0.0,1.0
UAL1848,1451,0.0,0.0,0.0,1.0
UAL1848,1452,0.0,0.0,0.0,1.0
UAL1848,1453,0.0,0.0,0.0,1.0
UAL1848,1454,0.002,25.61,0.0,2.0
UAL1848,1455,0.0,0.0,0.0,1.0
UAL1848,1456,0.0,0.0,0.0,1.0
UAL1848,1457,0.0,0.0,0.0,1.0
UAL1848,1458,0.0,0.0,0.0,1.0
UAL1848,1459,0.0,0.0,0.0,1.0
UAL1848,1460,0.0,0.0,0.0,1.0
UAL1848,1461,0.0,0.0,0.0,1.0
UAL1848,1462,0.0,0.0,0.0,1.0
UAL1848,1463,0.0,0.0,0.0,1.0
UAL1848,1464,0.0,0.0,0.0,1.0
UAL1848,1465,0.0,0.0,0.0,1.0
UAL1848,1466,0.0,0.0,0.0,1.0
UAL1848,1467,0.0,0.0,0.0,1.0
UAL1848,1468,0.0,0.0,0.0,1.0
UAL1848,1469,0.0,0.0,0.0,1.0
UAL1848,1470,0.0,0.0,0.0,1.0
UAL1848,1471,0.0,0.0,0.0,1.0
UAL1848,1472,0.0,0.0,0.0,1.0
UAL1848,1473,0.0019,7.34,0.0,2.5
UAL1848,1474,0.0014,1.96,0.0,2.3
UAL1848,1475,0.0,0.0,0.0,1.0
UAL1848,1476,0.0,0.0,0.0,1.0
UAL1848,1477,0.0012,0.96,0.0,1.0
UAL1848,1478,0.0,0.0,0.0,1.0
UAL1848,1479,0.0,0.0,0.0,1.0
UAL1848,1480,0.0,0.0,0.0,1.0
UAL1848,1481,0.0,0.0,0.0,1.0
UAL1848,1482,0.0,0.0,0.0,1.0
UAL1848,1483,0.0,0.0,0.0,1.0
UAL1848,1484,0.0,0.0,0.0,1.0
UAL1848,1485,0.0,0.0,0.0,1.0
UAL1848,1486,0.0,0.0,0.0,1.0
UAL1848,1487,0.0,0.0,0.0,1.0
UAL1848,1488,0.0,0.0,0.0,1.0
UAL1848,1489,0.0,0.0,0.0,1.0
UAL1848,1490,0.0,0.0,0.0,1.0
UAL1848,1491,0.0,0.0,0.0,1.0
UAL1848,1492,0.0,0.0,0.0,1.0
UAL1848,1493,0.0,0.0,0.0,1.0
UAL1848,1494,0.0,0.0,0.0,1.0
UAL1848,1495,0.0,0.0,0.0,1.0
UAL1848,1496,0.0,0.0,0.0,1.0
UAL1848,1497,0.0,0.0,0.0,1.0
UAL1848,1498,0.0,0.0,0.0,1.0
UAL1848,1499,0.0,0.0,0.0,1.0
UAL1848,1500,0.0,0.0,0.0,1.0
UAL1848,1501,0.0,0.0,0.0,1.0
UAL1848,1502,0.0,0.0,0.0,1.0
UAL1848,1503,0.0,0.0,0.0,1.0
UAL1848,1504,0.0,0.0,0.0,1.0
UAL1848,1505,0.0,0.0,0.0,1.0
UAL1848,1506,0.0,0.0,0.0,1.0
UAL1848,1507,0.0,0.0,0.0,1.0
UAL1848,1508,0.0,0.0,0.0,1.0
UAL1848,1509,0.0,0.0,0.0,1.0
UAL1848,1510,0.0,0.0,0.0,1.0
UAL1848,1511,0.0,0.0,0.0,1.0
UAL1848,1512,0.0,0.0,0.0,1.0
UAL1848,1513,0.0,0.0,0.0,1.0
UAL1848,1514,0.0,0.0,0.0,1.0
UAL1848,1515,0.0,0.0,0.0,1.0
UAL1848,1516,0.0,0.0,0.0,1.0
UAL1848,1517,0.0,0.0,0.0,1.0
UAL1848,1518,0.0,0.0,0.0,1.0
UAL1848,1519,0.0,0.0,0.0,1.0
UAL1848,1520,0.0017,17.32,0.0,1.2
UAL1848,1521,0.0,0.0,0.0,1.0
UAL1848,1522,0.0,0.0,0.0,1.0
UAL1848,1523,0.0,0.0,0.0,1.0
UAL1848,1524,0.0,0.0,0.0,1.0
UAL1848,1525,0.0,0.0,0.0,1.0
UAL1848,1526,0.0018,6.52,0.0,1.1
UAL1848,1527,0.0,0.0,0.0,1.0
UAL1848,1528,0.0,0.0,0.0,1.0
UAL1848,1529,0.0,0.0,0.0,1.0
UAL1848,1530,0.0,0.0,0.0,1.0
UAL1848,1531,0.0,0.0,0.0,1.0
UAL1848,1532,0.0,0.0,0.0,1.0
UAL1848,1533,0.0,0.0,0.0,1.0
UAL1848,1534,0.0,0.0,0.0,1.0
UAL1848,1535,0.0,0.0,0.0,1.0
UAL1848,1536,0.0,0.0,0.0,1.0
UAL1848,1537,0.0,0.0,0.0,1.0
UAL1848,1538,0.0,0.0,0.0,1.0
UAL1848,1539,0.0,0.0,0.0,1.0
UAL1848,1540,0.0,0.0,0.0,1.0
UAL1848,1541,0.0,0.0,0.0,1.0
UAL1848,1542,0.0,0.0,0.0,1.0
UAL1848,1543,0.0,0.0,0.0,1.0
UAL1927,1,0.0,0.0,0.0,1.0
UAL1927,2,0.0,0.0,0.0,1.0
UAL1927,3,0.0,0.0,0.0,1.0
UAL1927,4,0.0,0.0,0.0,1.0
UAL1927,5,0.0,0.0,0.0,1.0
UAL1927,6,0.0,0.0,0.0,1.0
UAL1956,1,0.0,0.0,0.0,1.0
UAL1956,2,0.004,26.63,0.0,2.1
UAL1956,3,0.0,0.0,0.0,1.0
UAL1956,4,0.0,0.0,0.0,1.0
UAL1956,5,0.0,0.0,0.0,1.0
UAL1956,6,0.0,0.0,0.0,1.0
UAL1956,7,0.0,0.0,0.0,1.0
UAL1956,8,0.0,0.0,0.0,1.0
UAL1956,9,0.0,0.0,0.0,1.0
UAL1956,10,0.0,0.0,0.0,1.0
UAL1956,11,0.0,0.0,0.0,1.0
UAL2657,1,0.0,0.0,0.0,1.0
UAL2657,2,0.007,14.05,0.0,1.5
UAL2657,3,0.0,0.0,0.0,1.0
UAL2657,4,0.0,0.0,0.0,1.0
UAL2657,5,0.0,0.0,0.0,1.0
UAL2657,6,0.0,0.0,0.0,1.0
UAL2657,7,0.0,0.0,0.0,1.0
UAL2657,8,0.0021,7.45,0.0,1.0
UAL2657,9,0.0,0.0,0.0,1.0
UAL2657,10,0.0,0.0,0.0,1.0
UAL2657,11,0.0005,9.23,0.0,1.1
UAL2657,12,0.0,0.0,0.0,1.0
UAL2657,13,0.0,0.0,0.0,1.0
UAL2657,14,0.0173,28.16,0.0,1.5
UAL2657,15,0.0,0.0,0.0,1.0
UAL2657,16,0.0,0.0,0.0,1.0
UAL2657,17,0.0,0.0,0.0,1.0
UAL2657,18,0.0,0.0,0.0,1.0
UAL2657,19,0.0,0.0,0.0,1.0
UAL2657,20,0.0,0.0,0.0,1.0
UAL2657,21,0.0,0.0,0.0,1.0
UAL2657,22,0.0,0.0,0.0,1.0
UAL2657,23,0.0,0.0,0.0,1.0
UAL2657,24,0.0001,1.14,0.0,1.0
UAL2657,25,0.0,0.0,0.0,1.0
UAL2657,26,0.0,0.0,0.0,1.0
UAL2657,27,0.0,0.0,0.0,1.0
UAL2657,28,0.0,0.0,0.0,1.0
UAL2657,29,0.0,0.0,0.0,1.0
UAL2657,30,0.0,0.0,0.0,1.0
UAL2657,31,0.0,0.0,0.0,1.0
UAL2657,32,0.0,0.0,0.0,1.0
UAL2657,33,0.0,0.0,0.0,1.0
UAL2657,34,0.0,0.0,0.0,1.0
UAL2657,35,0.0012,10.79,0.0,1.0
UAL2657,36,0.0101,8.75,0.0,1.9
UAL2657,37,0.0013,17.03,0.0,1.9
UAL2657,38,0.0016,13.3,0.0,1.6
UAL2657,39,0.0,0.0,0.0,1.0
UAL2657,40,0.0,0.0,0.0,1.0
UAL2657,41,0.0,0.0,0.0,1.0
UAL2657,42,0.0,0.0,0.0,1.0
UAL2657,43,0.0,0.0,0.0,1.0
UAL2657,44,0.0,0.0,0.0,1.0
UAL2657,45,0.0,0.0,0.0,1.0
UAL2657,46,0.0,0.0,0.0,1.0
UAL2657,47,0.0,0.0,0.0,1.0
UAL2657,48,0.0,0.0,0.0,1.0
UAL2657,49,0.0,0.0,0.0,1.0
UAL2657,50,0.0063,10.69,0.0,1.1
UAL2657,51,0.0012,6.28,0.0,2.0
UAL2657,52,0.0,0.0,0.0,1.0
UAL2657,53,0.0,0.0,0.0,1.0
UAL2657,54,0.0,0.0,0.0,1.0
UAL2657,55,0.0,0.0,0.0,1.0
UAL2657,56,0.0006,12.07,0.0,1.3
UAL2657,57,0.0,0.0,0.0,1.0
UAL2657,58,0.0109,7.8,0.0,1.2
UAL2657,59,0.0,0.0,0.0,1.0
UAL2657,60,0.0,0.0,0.0,1.0
UAL2657,61,0.0028,8.6,0.0,1.1
UAL2657,62,0.0,0.0,0.0,1.0
UAL2657,63,0.0,0.0,0.0,1.0
UAL2657,64,0.0,0.0,0.0,1.0
UAL2657,65,0.0034,2.45,0.0,1.1
UAL2657,66,0.0087,19.67,0.0,1.9
UAL2657,67,0.0,0.0,0.0,1.0
UAL2657,68,0.0,0.0,0.0,1.0
UAL2657,69,0.0,0.0,0.0,1.0
UAL2657,70,0.0,0.0,0.0,1.0
UAL2657,71,0.0,0.0,0.0,1.0
UAL2657,72,0.0,0.0,0.0,1.0
UAL2657,73,0.0,0.0,0.0,1.0
UAL2657,74,0.0,0.0,0.0,1.0
UAL2657,75,0.0,0.0,0.0,1.0
UAL2657,76,0.0,0.0,0.0,1.0
UAL2657,77,0.0,0.0,0.0,1.0
UAL2657,78,0.0,0.0,0.0,1.0
UAL2657,79,0.0,0.0,0.0,1.0
UAL2657,80,0.0,0.0,0.0,1.0
UAL2657,81,0.0,0.0,0.0,1.0
UAL2657,82,0.0,0.0,0.0,1.0
UAL2657,83,0.0,0.0,0.0,1.0
UAL2657,84,0.0,0.0,0.0,1.0
UAL2657,85,0.0,0.0,0.0,1.0
UAL2657,86,0.0,0.0,0.0,1.0
UAL2657,87,0.0,0.0,0.0,1.0
UAL2657,88,0.0,0.0,0.0,1.0
UAL2657,89,0.0,0.0,0.0,1.0
UAL2657,90,0.0,0.0,0.0,1.0
UAL2657,91,0.0,0.0,0.0,1.0
UAL2657,92,0.0098,8.2,0.0,2.3
UAL2657,93,0.0,0.0,0.0,1.0
UAL2657,94,0.0,0.0,0.0,1.0
UAL2657,95,0.0,0.0,0.0,1.0
UAL2657,96,0.0,0.0,0.0,1.0
UAL2657,97,0.0,0.0,0.0,1.0
UAL2657,98,0.0,0.0,0.0,1.0
UAL2657,99,0.0,0.0,0.0,1.0
UAL2657,100,0.0,0.0,0.0,1.0
UAL2657,101,0.0,0.0,0.0,1.0
UAL2657,102,0.0,0.0,0.0,1.0
UAL2657,103,0.0,0.0,0.0,1.0
UAL2657,104,0.0013,8.97,0.0,1.0
UAL2657,105,0.0007,2.09,0.0,1.0
UAL2657,106,0.0,0.0,0.0,1.0
UAL2657,107,0.0,0.0,0.0,1.0
UAL2657,108,0.0,0.0,0.0,1.0
UAL2657,109,0.0,0.0,0.0,1.0
UAL2657,110,0.0,0.0,0.0,1.0
UAL2657,111,0.0077,3.42,0.0,1.1
UAL2657,112,0.0,0.0,0.0,1.0
UAL2657,113,0.0,0.0,0.0,1.0
UAL2657,114,0.0095,2.34,0.0,1.1
UAL2657,115,0.0,0.0,0.0,1.0
UAL2657,116,0.0,0.0,0.0,1.0
UAL2657,117,0.0,0.0,0.0,1.0
UAL2657,118,0.0,0.0,0.0,1.0
UAL2657,119,0.0035,11.8,0.0,1.2
UAL2657,120,0.0,0.0,0.0,1.0
UAL2657,121,0.0,0.0,0.0,1.0
UAL2657,122,0.0,0.0,0.0,1.0
UAL2657,123,0.0,0.0,0.0,1.0
UAL2657,124,0.0,0.0,0.0,1.0
UAL2657,125,0.0,0.0,0.0,1.0
UAL2657,126,0.0,0.0,0.0,1.0
UAL2657,127,0.0,0.0,0.0,1.0
UAL2657,128,0.0,0.0,0.0,1.0
UAL2657,129,0.0,0.0,0.0,1.0
UAL2657,130,0.0,0.0,0.0,1.0
UAL2657,131,0.0069,3.13,0.0,1.6
UAL2657,132,0.0,0.0,0.0,1.0
UAL2657,133,0.0,0.0,0.0,1.0
UAL2657,134,0.0,0.0,0.0,1.0
UAL2657,135,0.0,0.0,0.0,1.0
UAL2657,136,0.0,0.0,0.0,1.0
UAL2657,137,0.0,0.0,0.0,1.0
UAL2657,138,0.0,0.0,0.0,1.0
UAL2657,139,0.0,0.0,0.0,1.0
UAL2657,140,0.0,0.0,0.0,1.0
UAL2657,141,0.0,0.0,0.0,1.0
UAL2657,142,0.0,0.0,0.0,1.0
UAL2657,143,0.0,0.0,0.0,1.0
UAL2657,144,0.0,0.0,0.0,1.0
UAL2657,145,0.0,0.0,0.0,1.0
UAL2657,146,0.0,0.0,0.0,1.0
UAL2657,147,0.0,0.0,0.0,1.0
UAL2657,148,0.0,0.0,0.0,1.0
UAL2657,149,0.0,0.0,0.0,1.0
UAL2657,150,0.0,0.0,0.0,1.0
UAL2657,151,0.0,0.0,0.0,1.0
UAL2657,152,0.0,0.0,0.0,1.0
UAL2657,153,0.0096,34.8,0.0,2.2
UAL2657,154,0.0,0.0,0.0,1.0
UAL2657,155,0.0,0.0,0.0,1.0
UAL2657,156,0.0,0.0,0.0,1.0
UAL2657,157,0.0,0.0,0.0,1.0
UAL2657,158,0.0,0.0,0.0,1.0
UAL2657,159,0.0,0.0,0.0,1.0
UAL2657,160,0.0077,2.8,0.0,1.4
UAL2657,161,0.0,0.0,0.0,1.0
UAL2657,162,0.0,0.0,0.0,1.0
UAL2657,163,0.0155,1.55,0.0,1.6
UAL2657,164,0.0,0.0,0.0,1.0
UAL2657,165,0.0,0.0,0.0,1.0
UAL2657,166,0.005,6.2,0.0,1.4
UAL2657,167,0.0,0.0,0.0,1.0
UAL2657,168,0.0,0.0,0.0,1.0
UAL2657,169,0.0046,1.43,0.0,1.1
UAL2657,170,0.0,0.0,0.0,1.0
UAL2657,171,0.0006,2.44,0.0,1.0
UAL2657,172,0.0,0.0,0.0,1.0
UAL2657,173,0.0,0.0,0.0,1.0
UAL2657,174,0.0,0.0,0.0,1.0
UAL2657,175,0.0,0.0,0.0,1.0
UAL2657,176,0.0002,0.48,0.0,1.0
UAL2657,177,0.0,0.0,0.0,1.0
UAL2657,178,0.0,0.0,0.0,1.0
UAL2657,179,0.0,0.0,0.0,1.0
UAL2657,180,0.0,0.0,0.0,1.0
UAL2657,181,0.0,0.0,0.0,1.0
UAL2657,182,0.0,0.0,0.0,1.0
UAL2657,183,0.0,0.0,0.0,1.0
UAL2657,184,0.0,0.0,0.0,1.0
UAL2657,185,0.0,0.0,0.0,1.0
UAL2657,186,0.0,0.0,0.0,1.0
UAL2657,187,0.0,0.0,0.0,1.0
UAL2657,188,0.0,0.0,0.0,1.0
UAL2657,189,0.0,0.0,0.0,1.0
UAL2657,190,0.0,0.0,0.0,1.0
UAL2657,191,0.0,0.0,0.0,1.0
UAL2657,192,0.0,0.0,0.0,1.0
UAL2657,193,0.0,0.0,0.0,1.0
UAL2657,194,0.0,0.0,0.0,1.0
UAL2657,195,0.0,0.0,0.0,1.0
UAL2657,196,0.0,0.0,0.0,1.0
UAL2657,197,0.0,0.0,0.0,1.0
UAL2657,198,0.0,0.0,0.0,1.0
UAL2657,199,0.0,0.0,0.0,1.0
UAL2657,200,0.0,0.0,0.0,1.0
UAL2657,201,0.0,0.0,0.0,1.0
UAL2657,202,0.0,0.0,0.0,1.0
UAL2657,203,0.0,0.0,0.0,1.0
UAL2657,204,0.0,0.0,0.0,1.0
UAL2657,205,0.0055,3.87,0.0,1.7
UAL2657,206,0.0,0.0,0.0,1.0
UAL2657,207,0.0,0.0,0.0,1.0
UAL2657,208,0.0024,6.98,0.0,1.2
UAL2657,209,0.0,0.0,0.0,1.0
UAL2657,210,0.0,0.0,0.0,1.0
UAL2657,211,0.0082,17.54,0.0,5.1
UAL2657,212,0.0,0.0,0.0,1.0
UAL2657,213,0.0,0.0,0.0,1.0
UAL2657,214,0.0,0.0,0.0,1.0
UAL2657,215,0.0021,8.42,0.0,1.1
UAL2657,216,0.0,0.0,0.0,1.0
UAL2657,217,0.0,0.0,0.0,1.0
UAL2657,218,0.0,0.0,0.0,1.0
UAL2657,219,0.0,0.0,0.0,1.0
UAL2657,220,0.0,0.0,0.0,1.0
UAL2657,221,0.0,0.0,0.0,1.0
UAL2657,222,0.0157,18.18,0.0,2.0
UAL2657,223,0.0,0.0,0.0,1.0
UAL2657,224,0.0,0.0,0.0,1.0
UAL2657,225,0.0165,27.54,0.0,1.5
UAL2657,226,0.0,0.0,0.0,1.0
UAL2657,227,0.0,0.0,0.0,1.0
UAL2657,228,0.0,0.0,0.0,1.0
UAL2657,229,0.0,0.0,0.0,1.0
UAL2657,230,0.0,0.0,0.0,1.0
UAL2657,231,0.0004,5.66,0.0,1.0
UAL2657,232,0.0,0.0,0.0,1.0
UAL2657,233,0.0,0.0,0.0,1.0
UAL2657,234,0.0,0.0,0.0,1.0
UAL2657,235,0.0,0.0,0.0,1.0
UAL2657,236,0.0,0.0,0.0,1.0
UAL2657,237,0.0,0.0,0.0,1.0
UAL2657,238,0.0,0.0,0.0,1.0
UAL2657,239,0.0,0.0,0.0,1.0
UAL2657,240,0.0,0.0,0.0,1.0
UAL2657,241,0.0,0.0,0.0,1.0
UAL2657,242,0.0,0.0,0.0,1.0
UAL2657,243,0.0,0.0,0.0,1.0
UAL2657,244,0.0,0.0,0.0,1.0
UAL2657,245,0.0,0.0,0.0,1.0
UAL2657,246,0.0,0.0,0.0,1.0
UAL2657,247,0.0,0.0,0.0,1.0
UAL2657,248,0.0,0.0,0.0,1.0
UAL2657,249,0.0,0.0,0.0,1.0
UAL2657,250,0.0,0.0,0.0,1.0
UAL2657,251,0.0,0.0,0.0,1.0
UAL2657,252,0.0,0.0,0.0,1.0
UAL2657,253,0.0,0.0,0.0,1.0
UAL2657,254,0.0,0.0,0.0,1.0
UAL2657,255,0.0125,24.88,0.0,1.7
UAL2657,256,0.0,0.0,0.0,1.0
UAL2657,257,0.0,0.0,0.0,1.0
UAL2657,258,0.0,0.0,0.0,1.0
UAL2657,259,0.0,0.0,0.0,1.0
UAL2657,260,0.0,0.0,0.0,1.0
UAL2657,261,0.0,0.0,0.0,1.0
UAL2657,262,0.0,0.0,0.0,1.0
UAL2657,263,0.0,0.0,0.0,1.0
UAL2657,264,0.0,0.0,0.0,1.0
UAL2657,265,0.0,0.0,0.0,1.0
UAL2657,266,0.0,0.0,0.0,1.0
UAL2657,267,0.0,0.0,0.0,1.0
UAL2657,268,0.0,0.0,0.0,1.0
UAL2657,269,0.0,0.0,0.0,1.0
UAL2657,270,0.0,0.0,0.0,1.0
UAL2657,271,0.0,0.0,0.0,1.0
UAL2657,272,0.0,0.0,0.0,1.0
UAL2657,273,0.0,0.0,0.0,1.0
UAL2657,274,0.0,0.0,0.0,1.0
UAL2657,275,0.0,0.0,0.0,1.0
UAL2657,276,0.0,0.0,0.0,1.0
UAL2657,277,0.0,0.0,0.0,1.0
UAL2657,278,0.0,0.0,0.0,1.0
UAL2657,279,0.0,0.0,0.0,1.0
UAL2657,280,0.0027,3.61,0.0,1.0
UAL2657,281,0.0,0.0,0.0,1.0
UAL2657,282,0.0,0.0,0.0,1.0
UAL2657,283,0.0,0.0,0.0,1.0
UAL2657,284,0.0,0.0,0.0,1.0
UAL2657,285,0.0,0.0,0.0,1.0
UAL2657,286,0.0,0.0,0.0,1.0
UAL2657,287,0.0,0.0,0.0,1.0
UAL2657,288,0.0,0.0,0.0,1.0
UAL2657,289,0.0,0.0,0.0,1.0
UAL2657,290,0.0,0.0,0.0,1.0
UAL2657,291,0.0,0.0,0.0,1.0
UAL2657,292,0.0,0.0,0.0,1.0
UAL2657,293,0.0041,4.54,0.0,1.9
UAL2657,294,0.0,0.0,0.0,1.0
UAL2657,295,0.0,0.0,0.0,1.0
UAL2657,296,0.0,0.0,0.0,1.0
UAL2657,297,0.0,0.0,0.0,1.0
UAL2657,298,0.0,0.0,0.0,1.0
UAL2657,299,0.0,0.0,0.0,1.0
UAL2657,300,0.0,0.0,0.0,1.0
UAL2657,301,0.0,0.0,0.0,1.0
UAL2657,302,0.0,0.0,0.0,1.0
UAL2657,303,0.0,0.0,0.0,1.0
UAL2657,304,0.0,0.0,0.0,1.0
UAL2657,305,0.0,0.0,0.0,1.0
UAL2657,306,0.0,0.0,0.0,1.0
UAL2657,307,0.0,0.0,0.0,1.0
UAL2657,308,0.0,0.0,0.0,1.0
UAL2657,309,0.0,0.0,0.0,1.0
UAL2657,310,0.0,0.0,0.0,1.0
UAL2657,311,0.0,0.0,0.0,1.0
UAL2657,312,0.0,0.0,0.0,1.0
UAL2657,313,0.0004,14.8,0.0,1.1
UAL2657,314,0.0,0.0,0.0,1.0
UAL2657,315,0.0,0.0,0.0,1.0
UAL2657,316,0.0,0.0,0.0,1.0
UAL2657,317,0.0,0.0,0.0,1.0
UAL2657,318,0.0,0.0,0.0,1.0
UAL2657,319,0.0,0.0,0.0,1.0
UAL2657,320,0.0,0.0,0.0,1.0
UAL2657,321,0.0,0.0,0.0,1.0
UAL2657,322,0.0,0.0,0.0,1.0
UAL2657,323,0.0,0.0,0.0,1.0
UAL2657,324,0.0,0.0,0.0,1.0
UAL2657,325,0.0,0.0,0.0,1.0
UAL2657,326,0.0,0.0,0.0,1.0
UAL2657,327,0.0,0.0,0.0,1.0
UAL2657,328,0.0,0.0,0.0,1.0
UAL2657,329,0.0,0.0,0.0,1.0
UAL2657,330,0.0,0.0,0.0,1.0
UAL2657,331,0.0,0.0,0.0,1.0
UAL2657,332,0.0,0.0,0.0,1.0
UAL2657,333,0.0,0.0,0.0,1.0
UAL2657,334,0.0,0.0,0.0,1.0
UAL2657,335,0.0,0.0,0.0,1.0
UAL2657,336,0.0,0.0,0.0,1.0
UAL2657,337,0.0,0.0,0.0,1.0
UAL2657,338,0.0058,21.85,0.0,1.3
UAL2657,339,0.0,0.0,0.0,1.0
UAL2657,340,0.0,0.0,0.0,1.0
UAL2657,341,0.0,0.0,0.0,1.0
UAL2657,342,0.0,0.0,0.0,1.0
UAL2657,343,0.0,0.0,0.0,1.0
UAL2657,344,0.0,0.0,0.0,1.0
UAL2657,345,0.0,0.0,0.0,1.0
UAL2657,346,0.0,0.0,0.0,1.0
UAL2657,347,0.0,0.0,0.0,1.0
UAL2657,348,0.0,0.0,0.0,1.0
UAL2657,349,0.0,0.0,0.0,1.0
UAL2657,350,0.0035,3.68,0.0,1.9
UAL2657,351,0.0,0.0,0.0,1.0
UAL2657,352,0.0,0.0,0.0,1.0
UAL2657,353,0.0,0.0,0.0,1.0
UAL2657,354,0.0059,29.04,0.0,2.1
UAL2657,355,0.0,0.0,0.0,1.0
UAL2657,356,0.0,0.0,0.0,1.0
UAL2657,357,0.012,8.02,0.0,1.1
UAL2657,358,0.0,0.0,0.0,1.0
UAL2657,359,0.0,0.0,0.0,1.0
UAL2657,360,0.0,0.0,0.0,1.0
UAL2657,361,0.0,0.0,0.0,1.0
UAL2657,362,0.0033,7.53,0.0,1.1
UAL2657,363,0.0,0.0,0.0,1.0
UAL2657,364,0.0,0.0,0.0,1.0
UAL2657,365,0.0,0.0,0.0,1.0
UAL2657,366,0.0,0.0,0.0,1.0
UAL2657,367,0.0,0.0,0.0,1.0
UAL2657,368,0.0,0.0,0.0,1.0
UAL2657,369,0.0,0.0,0.0,1.0
UAL2657,370,0.0,0.0,0.0,1.0
UAL2657,371,0.0,0.0,0.0,1.0
UAL2657,372,0.0,0.0,0.0,1.0
UAL2657,373,0.0041,1.47,0.0,1.0
UAL2657,374,0.0,0.0,0.0,1.0
UAL2657,375,0.0,0.0,0.0,1.0
UAL2657,376,0.0,0.0,0.0,1.0
UAL2657,377,0.0,0.0,0.0,1.0
UAL2657,378,0.0,0.0,0.0,1.0
UAL2657,379,0.0,0.0,0.0,1.0
UAL2657,380,0.0056,0.49,0.0,1.1
UAL2657,381,0.0,0.0,0.0,1.0
UAL2657,382,0.0,0.0,0.0,1.0
UAL2657,383,0.0,0.0,0.0,1.0
UAL2657,384,0.0,0.0,0.0,1.0
UAL2657,385,0.0,0.0,0.0,1.0
UAL2657,386,0.0041,0.67,0.0,1.0
UAL2657,387,0.0,0.0,0.0,1.0
UAL2657,388,0.0,0.0,0.0,1.0
UAL2657,389,0.0,0.0,0.0,1.0
UAL2657,390,0.0,0.0,0.0,1.0
UAL2657,391,0.0,0.0,0.0,1.0
UAL2657,392,0.0,0.0,0.0,1.0
UAL2657,393,0.0,0.0,0.0,1.0
UAL2657,394,0.0,0.0,0.0,1.0
UAL2657,395,0.0,0.0,0.0,1.0
UAL2657,396,0.0,0.0,0.0,1.0
UAL2657,397,0.0,0.0,0.0,1.0
UAL2657,398,0.0,0.0,0.0,1.0
UAL2657,399,0.0,0.0,0.0,1.0
UAL2657,400,0.0,0.0,0.0,1.0
UAL2657,401,0.0,0.0,0.0,1.0
UAL2657,402,0.0,0.0,0.0,1.0
UAL2657,403,0.0,0.0,0.0,1.0
UAL2657,404,0.0,0.0,0.0,1.0
UAL2657,405,0.0,0.0,0.0,1.0
UAL2657,406,0.0,0.0,0.0,1.0
UAL2657,407,0.0,0.0,0.0,1.0
UAL2657,408,0.0,0.0,0.0,1.0
UAL2657,409,0.0129,24.01,0.0,4.7
UAL2657,410,0.0047,15.59,0.0,1.7
UAL2657,411,0.0,0.0,0.0,1.0
UAL2657,412,0.0,0.0,0.0,1.0
UAL2657,413,0.0,0.0,0.0,1.0
UAL2657,414,0.0,0.0,0.0,1.0
UAL2657,415,0.0,0.0,0.0,1.0
UAL2657,416,0.0,0.0,0.0,1.0
UAL2657,417,0.0,0.0,0.0,1.0
UAL2657,418,0.0,0.0,0.0,1.0
UAL2657,419,0.0,0.0,0.0,1.0
UAL2657,420,0.0,0.0,0.0,1.0
UAL2657,421,0.0125,40.27,0.0,4.1
UAL2657,422,0.0,0.0,0.0,1.0
UAL2657,423,0.0,0.0,0.0,1.0
UAL2657,424,0.0,0.0,0.0,1.0
UAL2657,425,0.0,0.0,0.0,1.0
UAL2657,426,0.0,0.0,0.0,1.0
UAL2657,427,0.0,0.0,0.0,1.0
UAL2657,428,0.0,0.0,0.0,1.0
UAL2657,429,0.0,0.0,0.0,1.0
UAL2657,430,0.0,0.0,0.0,1.0
UAL2657,431,0.0,0.0,0.0,1.0
UAL2657,432,0.0,0.0,0.0,1.0
UAL2657,433,0.0,0.0,0.0,1.0
UAL2657,434,0.0,0.0,0.0,1.0
UAL2657,435,0.0,0.0,0.0,1.0
UAL2657,436,0.0,0.0,0.0,1.0
UAL2657,437,0.0,0.0,0.0,1.0
UAL2657,438,0.0,0.0,0.0,1.0
UAL2657,439,0.0,0.0,0.0,1.0
UAL2657,440,0.0,0.0,0.0,1.0
UAL2657,441,0.0,0.0,0.0,1.0
UAL2657,442,0.0,0.0,0.0,1.0
UAL2657,443,0.0,0.0,0.0,1.0
UAL2657,444,0.0,0.0,0.0,1.0
UAL2657,445,0.0,0.0,0.0,1.0
UAL2657,446,0.0,0.0,0.0,1.0
UAL2657,447,0.0,0.0,0.0,1.0
UAL2657,448,0.0,0.0,0.0,1.0
UAL2657,449,0.0,0.0,0.0,1.0
UAL2657,450,0.0,0.0,0.0,1.0
UAL2657,451,0.0,0.0,0.0,1.0
UAL2657,452,0.0,0.0,0.0,1.0
UAL2657,453,0.0,0.0,0.0,1.0
UAL2657,454,0.0,0.0,0.0,1.0
UAL2657,455,0.0,0.0,0.0,1.0
UAL2657,456,0.0,0.0,0.0,1.0
UAL2657,457,0.0,0.0,0.0,1.0
UAL2657,458,0.0,0.0,0.0,1.0
UAL2657,459,0.0,0.0,0.0,1.0
UAL2657,460,0.0,0.0,0.0,1.0
UAL2657,461,0.0,0.0,0.0,1.0
UAL2657,462,0.0063,4.07,0.0,1.0
UAL2657,463,0.0,0.0,0.0,1.0
UAL2657,464,0.0,0.0,0.0,1.0
UAL2657,465,0.0,0.0,0.0,1.0
UAL2657,466,0.0,0.0,0.0,1.0
UAL2657,467,0.0,0.0,0.0,1.0
UAL2657,468,0.0,0.0,0.0,1.0
UAL2657,469,0.0,0.0,0.0,1.0
UAL2657,470,0.0,0.0,0.0,1.0
UAL2657,471,0.0,0.0,0.0,1.0
UAL2657,472,0.0,0.0,0.0,1.0
UAL2657,473,0.0,0.0,0.0,1.0
UAL2657,474,0.0,0.0,0.0,1.0
UAL2657,475,0.0,0.0,0.0,1.0
UAL2657,476,0.0,0.0,0.0,1.0
UAL2657,477,0.0,0.0,0.0,1.0
UAL2657,478,0.0078,24.26,0.0,2.9
UAL2657,479,0.0,0.0,0.0,1.0
UAL2657,480,0.0,0.0,0.0,1.0
UAL2657,481,0.0,0.0,0.0,1.0
UAL2657,482,0.0,0.0,0.0,1.0
UAL2657,483,0.0,0.0,0.0,1.0
UAL2657,484,0.0148,28.56,0.0,5.2
UAL2657,485,0.0,0.0,0.0,1.0
UAL2657,486,0.013,32.07,0.0,2.3
UAL2657,487,0.0,0.0,0.0,1.0
UAL2657,488,0.0,0.0,0.0,1.0
UAL2657,489,0.0,0.0,0.0,1.0
UAL2657,490,0.0,0.0,0.0,1.0
UAL2657,491,0.0142,0.23,0.0,1.4
UAL2657,492,0.0,0.0,0.0,1.0
UAL2657,493,0.0,0.0,0.0,1.0
UAL2657,494,0.0,0.0,0.0,1.0
UAL2657,495,0.0,0.0,0.0,1.0
UAL2657,496,0.0,0.0,0.0,1.0
UAL2657,497,0.0,0.0,0.0,1.0
UAL2657,498,0.0,0.0,0.0,1.0
UAL2657,499,0.0,0.0,0.0,1.0
UAL2657,500,0.0,0.0,0.0,1.0
UAL2657,501,0.0,0.0,0.0,1.0
UAL2657,502,0.0,0.0,0.0,1.0
UAL2657,503,0.0,0.0,0.0,1.0
UAL2657,504,0.0,0.0,0.0,1.0
UAL2657,505,0.0,0.0,0.0,1.0
UAL2657,506,0.0,0.0,0.0,1.0
UAL2657,507,0.0,0.0,0.0,1.0
UAL2657,508,0.0,0.0,0.0,1.0
UAL2657,509,0.0,0.0,0.0,1.0
UAL2657,510,0.0,0.0,0.0,1.0
UAL2657,511,0.0,0.0,0.0,1.0
UAL2657,512,0.0,0.0,0.0,1.0
UAL2657,513,0.0,0.0,0.0,1.0
UAL2657,514,0.0,0.0,0.0,1.0
UAL2657,515,0.0,0.0,0.0,1.0
UAL2657,516,0.0,0.0,0.0,1.0
UAL2657,517,0.0,0.0,0.0,1.0
UAL2657,518,0.0,0.0,0.0,1.0
UAL2657,519,0.0,0.0,0.0,1.0
UAL2657,520,0.0,0.0,0.0,1.0
UAL2657,521,0.0,0.0,0.0,1.0
UAL2657,522,0.0028,2.56,0.0,1.3
UAL2657,523,0.0,0.0,0.0,1.0
UAL2657,524,0.0,0.0,0.0,1.0
UAL2657,525,0.0,0.0,0.0,1.0
UAL2657,526,0.0,0.0,0.0,1.0
UAL2657,527,0.0,0.0,0.0,1.0
UAL2657,528,0.0,0.0,0.0,1.0
UAL2657,529,0.0,0.0,0.0,1.0
UAL2657,530,0.0,0.0,0.0,1.0
UAL2657,531,0.0,0.0,0.0,1.0
UAL2657,532,0.0,0.0,0.0,1.0
UAL2657,533,0.0,0.0,0.0,1.0
UAL2657,534,0.0,0.0,0.0,1.0
UAL2657,535,0.0,0.0,0.0,1.0
UAL2657,536,0.0,0.0,0.0,1.0
UAL2657,537,0.0,0.0,0.0,1.0
UAL2657,538,0.0,0.0,0.0,1.0
UAL2657,539,0.0,0.0,0.0,1.0
UAL2657,540,0.0011,1.66,0.0,1.0
UAL2657,541,0.0026,9.09,0.0,1.0
UAL2657,542,0.0,0.0,0.0,1.0
UAL2657,543,0.0,0.0,0.0,1.0
UAL2657,544,0.0,0.0,0.0,1.0
UAL2657,545,0.0,0.0,0.0,1.0
UAL2657,546,0.0,0.0,0.0,1.0
UAL2657,547,0.0,0.0,0.0,1.0
UAL2657,548,0.0,0.0,0.0,1.0
UAL2657,549,0.0,0.0,0.0,1.0
UAL2657,550,0.0,0.0,0.0,1.0
UAL2657,551,0.0,0.0,0.0,1.0
UAL2657,552,0.0,0.0,0.0,1.0
UAL2657,553,0.0,0.0,0.0,1.0
UAL2657,554,0.0037,13.76,0.0,1.9
UAL2657,555,0.0,0.0,0.0,1.0
UAL2657,556,0.0,0.0,0.0,1.0
UAL2657,557,0.0,0.0,0.0,1.0
UAL2657,558,0.0,0.0,0.0,1.0
UAL2657,559,0.0,0.0,0.0,1.0
UAL2657,560,0.0,0.0,0.0,1.0
UAL2657,561,0.001,16.98,0.0,1.6
UAL2657,562,0.0,0.0,0.0,1.0
UAL2657,563,0.0,0.0,0.0,1.0
UAL2657,564,0.0033,24.41,0.0,2.0
UAL2657,565,0.0,0.0,0.0,1.0
UAL2657,566,0.0,0.0,0.0,1.0
UAL2657,567,0.0,0.0,0.0,1.0
UAL2657,568,0.0,0.0,0.0,1.0
UAL2657,569,0.0,0.0,0.0,1.0
UAL2657,570,0.0,0.0,0.0,1.0
UAL2657,571,0.0,0.0,0.0,1.0
UAL2657,572,0.0,0.0,0.0,1.0
UAL2657,573,0.0,0.0,0.0,1.0
UAL2657,574,0.0,0.0,0.0,1.0
UAL2657,575,0.0,0.0,0.0,1.0
UAL2657,576,0.0,0.0,0.0,1.0
UAL2657,577,0.0,0.0,0.0,1.0
UAL2657,578,0.0,0.0,0.0,1.0
UAL2657,579,0.0,0.0,0.0,1.0
UAL2657,580,0.0,0.0,0.0,1.0
UAL2657,581,0.0,0.0,0.0,1.0
UAL2657,582,0.0,0.0,0.0,1.0
UAL2657,583,0.0,0.0,0.0,1.0
UAL2657,584,0.0,0.0,0.0,1.0
UAL2657,585,0.0,0.0,0.0,1.0
UAL2657,586,0.0,0.0,0.0,1.0
UAL2657,587,0.0,0.0,0.0,1.0
UAL2657,588,0.0,0.0,0.0,1.0
UAL2657,589,0.0,0.0,0.0,1.0
UAL2657,590,0.0,0.0,0.0,1.0
UAL2657,591,0.0047,6.19,0.0,1.0
UAL2657,592,0.0,0.0,0.0,1.0
UAL2657,593,0.0,0.0,0.0,1.0
UAL2657,594,0.0,0.0,0.0,1.0
UAL2657,595,0.0,0.0,0.0,1.0
UAL2657,596,0.0,0.0,0.0,1.0
UAL2657,597,0.0,0.0,0.0,1.0
UAL2657,598,0.0,0.0,0.0,1.0
UAL2657,599,0.0,0.0,0.0,1.0
UAL2657,600,0.0,0.0,0.0,1.0
UAL2657,601,0.0,0.0,0.0,1.0
UAL2657,602,0.0,0.0,0.0,1.0
UAL2657,603,0.0,0.0,0.0,1.0
UAL2657,604,0.0,0.0,0.0,1.0
UAL2657,605,0.0,0.0,0.0,1.0
UAL2657,606,0.0,0.0,0.0,1.0
UAL2657,607,0.0,0.0,0.0,1.0
UAL2657,608,0.0,0.0,0.0,1.0
UAL2657,609,0.0,0.0,0.0,1.0
UAL2657,610,0.0,0.0,0.0,1.0
UAL2657,611,0.0019,2.12,0.0,1.0
UAL2657,612,0.0,0.0,0.0,1.0
UAL2657,613,0.0,0.0,0.0,1.0
UAL2657,614,0.0,0.0,0.0,1.0
UAL2657,615,0.0084,20.05,0.0,2.5
UAL2657,616,0.0,0.0,0.0,1.0
UAL2657,617,0.0,0.0,0.0,1.0
UAL2657,618,0.0,0.0,0.0,1.0
UAL2657,619,0.0,0.0,0.0,1.0
UAL2657,620,0.0,0.0,0.0,1.0
UAL2657,621,0.0,0.0,0.0,1.0
UAL2657,622,0.0,0.0,0.0,1.0
UAL2657,623,0.0,0.0,0.0,1.0
UAL2657,624,0.0,0.0,0.0,1.0
UAL2657,625,0.0,0.0,0.0,1.0
UAL2657,626,0.0,0.0,0.0,1.0
UAL2657,627,0.0,0.0,0.0,1.0
UAL2657,628,0.0,0.0,0.0,1.0
UAL2657,629,0.0049,7.23,0.0,1.3
UAL2657,630,0.0063,3.31,0.0,1.1
UAL2657,631,0.0,0.0,0.0,1.0
UAL2657,632,0.0,0.0,0.0,1.0
UAL2657,633,0.0,0.0,0.0,1.0
UAL2657,634,0.0068,17.28,0.0,2.8
UAL2657,635,0.0,0.0,0.0,1.0
UAL2657,636,0.0,0.0,0.0,1.0
UAL2657,637,0.0,0.0,0.0,1.0
UAL2657,638,0.0,0.0,0.0,1.0
UAL2657,639,0.0,0.0,0.0,1.0
UAL2657,640,0.0,0.0,0.0,1.0
UAL2657,641,0.0,0.0,0.0,1.0
UAL2657,642,0.0,0.0,0.0,1.0
UAL2657,643,0.0,0.0,0.0,1.0
UAL2657,644,0.0,0.0,0.0,1.0
UAL2657,645,0.0,0.0,0.0,1.0
UAL2657,646,0.0,0.0,0.0,1.0
UAL2657,647,0.0,0.0,0.0,1.0
UAL2657,648,0.0,0.0,0.0,1.0
UAL2657,649,0.0063,14.73,0.0,2.2
UAL2657,650,0.0,0.0,0.0,1.0
UAL2657,651,0.0,0.0,0.0,1.0
UAL2657,652,0.0,0.0,0.0,1.0
UAL2657,653,0.0,0.0,0.0,1.0
UAL2657,654,0.0,0.0,0.0,1.0
UAL2657,655,0.0,0.0,0.0,1.0
UAL2657,656,0.0,0.0,0.0,1.0
UAL2657,657,0.0,0.0,0.0,1.0
UAL2657,658,0.0,0.0,0.0,1.0
UAL2657,659,0.0,0.0,0.0,1.0
UAL2657,660,0.0,0.0,0.0,1.0
UAL2657,661,0.0,0.0,0.0,1.0
UAL2657,662,0.0,0.0,0.0,1.0
UAL2657,663,0.0,0.0,0.0,1.0
UAL2657,664,0.0,0.0,0.0,1.0
UAL2657,665,0.0,0.0,0.0,1.0
UAL2657,666,0.0,0.0,0.0,1.0
UAL2657,667,0.0,0.0,0.0,1.0
UAL2657,668,0.0,0.0,0.0,1.0
UAL2657,669,0.0,0.0,0.0,1.0
UAL2657,670,0.0,0.0,0.0,1.0
UAL2657,671,0.0,0.0,0.0,1.0
UAL2657,672,0.0016,3.72,0.0,1.1
UAL2657,673,0.0,0.0,0.0,1.0
UAL2657,674,0.0,0.0,0.0,1.0
UAL2657,675,0.0,0.0,0.0,1.0
UAL2657,676,0.0,0.0,0.0,1.0
UAL2657,677,0.0,0.0,0.0,1.0
UAL2657,678,0.0,0.0,0.0,1.0
UAL2657,679,0.0,0.0,0.0,1.0
UAL2657,680,0.0,0.0,0.0,1.0
UAL2657,681,0.0,0.0,0.0,1.0
UAL2657,682,0.0,0.0,0.0,1.0
UAL2657,683,0.0,0.0,0.0,1.0
UAL2657,684,0.0,0.0,0.0,1.0
UAL2657,685,0.0,0.0,0.0,1.0
UAL2657,686,0.0012,0.51,0.0,1.0
UAL2657,687,0.0,0.0,0.0,1.0
UAL2657,688,0.0,0.0,0.0,1.0
UAL2657,689,0.0,0.0,0.0,1.0
UAL2657,690,0.0,0.0,0.0,1.0
UAL2657,691,0.0,0.0,0.0,1.0
UAL2657,692,0.0,0.0,0.0,1.0
UAL2657,693,0.0,0.0,0.0,1.0
UAL2657,694,0.0192,11.55,0.0,2.3
UAL2657,695,0.0,0.0,0.0,1.0
UAL2657,696,0.0,0.0,0.0,1.0
UAL2657,697,0.0014,12.68,0.0,1.1
UAL2657,698,0.0172,49.13,0.0,2.7
UAL2657,699,0.0,0.0,0.0,1.0
UAL2657,700,0.0,0.0,0.0,1.0
UAL2657,701,0.0,0.0,0.0,1.0
UAL2657,702,0.0,0.0,0.0,1.0
UAL2657,703,0.0,0.0,0.0,1.0
UAL2657,704,0.0,0.0,0.0,1.0
UAL2657,705,0.0,0.0,0.0,1.0
UAL2657,706,0.0,0.0,0.0,1.0
UAL2657,707,0.0,0.0,0.0,1.0
UAL2657,708,0.0,0.0,0.0,1.0
UAL2657,709,0.0,0.0,0.0,1.0
UAL2657,710,0.0,0.0,0.0,1.0
UAL2657,711,0.0,0.0,0.0,1.0
UAL2657,712,0.0,0.0,0.0,1.0
UAL2657,713,0.0,0.0,0.0,1.0
UAL2657,714,0.0,0.0,0.0,1.0
UAL2657,715,0.0,0.0,0.0,1.0
UAL2657,716,0.0,0.0,0.0,1.0
UAL2657,717,0.0066,9.02,0.0,2.4
UAL2657,718,0.0,0.0,0.0,1.0
UAL2657,719,0.0067,6.43,0.0,1.1
UAL2657,720,0.0,0.0,0.0,1.0
UAL2657,721,0.0,0.0,0.0,1.0
UAL2657,722,0.0,0.0,0.0,1.0
UAL2657,723,0.0,0.0,0.0,1.0
UAL2657,724,0.0,0.0,0.0,1.0
UAL2657,725,0.0,0.0,0.0,1.0
UAL2657,726,0.0,0.0,0.0,1.0
UAL2657,727,0.0,0.0,0.0,1.0
UAL2657,728,0.001,4.13,0.0,1.0
UAL2657,729,0.0,0.0,0.0,1.0
UAL2657,730,0.0,0.0,0.0,1.0
UAL2657,731,0.0,0.0,0.0,1.0
UAL2657,732,0.0,0.0,0.0,1.0
UAL2657,733,0.0,0.0,0.0,1.0
UAL2657,734,0.0,0.0,0.0,1.0
UAL2657,735,0.0,0.0,0.0,1.0
UAL2657,736,0.0,0.0,0.0,1.0
UAL2657,737,0.0,0.0,0.0,1.0
UAL2657,738,0.0,0.0,0.0,1.0
UAL2657,739,0.0,0.0,0.0,1.0
UAL2657,740,0.0,0.0,0.0,1.0
UAL2657,741,0.0,0.0,0.0,1.0
UAL2657,742,0.0,0.0,0.0,1.0
UAL2657,743,0.0,0.0,0.0,1.0
UAL2657,744,0.0,0.0,0.0,1.0
UAL2657,745,0.0,0.0,0.0,1.0
UAL2657,746,0.0002,0.46,0.0,1.0
UAL2657,747,0.0,0.0,0.0,1.0
UAL2657,748,0.0,0.0,0.0,1.0
UAL2657,749,0.0,0.0,0.0,1.0
UAL2657,750,0.0,0.0,0.0,1.0
UAL2657,751,0.0,0.0,0.0,1.0
UAL2657,752,0.0,0.0,0.0,1.0
UAL2657,753,0.0,0.0,0.0,1.0
UAL2657,754,0.0,0.0,0.0,1.0
UAL2657,755,0.0,0.0,0.0,1.0
UAL2657,756,0.0,0.0,0.0,1.0
UAL2657,757,0.0,0.0,0.0,1.0
UAL2657,758,0.0,0.0,0.0,1.0
UAL2657,759,0.0,0.0,0.0,1.0
UAL2657,760,0.0,0.0,0.0,1.0
UAL2657,761,0.0,0.0,0.0,1.0
UAL2657,762,0.0,0.0,0.0,1.0
UAL2657,763,0.0057,36.46,0.0,2.6
UAL2657,764,0.0,0.0,0.0,1.0
UAL2657,765,0.0,0.0,0.0,1.0
UAL2657,766,0.0,0.0,0.0,1.0
UAL2657,767,0.0,0.0,0.0,1.0
UAL2657,768,0.0,0.0,0.0,1.0
UAL2657,769,0.0,0.0,0.0,1.0
UAL2657,770,0.0,0.0,0.0,1.0
UAL2657,771,0.0,0.0,0.0,1.0
UAL2657,772,0.0,0.0,0.0,1.0
UAL2657,773,0.0,0.0,0.0,1.0
UAL2657,774,0.0,0.0,0.0,1.0
UAL2657,775,0.0,0.0,0.0,1.0
UAL2657,776,0.0,0.0,0.0,1.0
UAL2657,777,0.0,0.0,0.0,1.0
UAL2657,778,0.0,0.0,0.0,1.0
UAL2657,779,0.0,0.0,0.0,1.0
UAL2657,780,0.0,0.0,0.0,1.0
UAL2657,781,0.0,0.0,0.0,1.0
UAL2657,782,0.0,0.0,0.0,1.0
UAL2657,783,0.0,0.0,0.0,1.0
UAL2657,784,0.0,0.0,0.0,1.0
UAL2657,785,0.0,0.0,0.0,1.0
UAL2657,786,0.0,0.0,0.0,1.0
UAL2657,787,0.0,0.0,0.0,1.0
UAL2657,788,0.0,0.0,0.0,1.0
UAL2657,789,0.0,0.0,0.0,1.0
UAL2657,790,0.0,0.0,0.0,1.0
UAL2657,791,0.0,0.0,0.0,1.0
UAL2657,792,0.0,0.0,0.0,1.0
UAL2657,793,0.0,0.0,0.0,1.0
UAL2657,794,0.0,0.0,0.0,1.0
UAL2657,795,0.0,0.0,0.0,1.0
UAL2657,796,0.0,0.0,0.0,1.0
UAL2657,797,0.0,0.0,0.0,1.0
UAL2657,798,0.0,0.0,0.0,1.0
UAL2657,799,0.0074,27.01,0.0,1.6
UAL2657,800,0.0,0.0,0.0,1.0
UAL2657,801,0.0,0.0,0.0,1.0
UAL2657,802,0.0,0.0,0.0,1.0
UAL2657,803,0.0,0.0,0.0,1.0
UAL2657,804,0.0,0.0,0.0,1.0
UAL2657,805,0.0,0.0,0.0,1.0
UAL2657,806,0.0,0.0,0.0,1.0
UAL2657,807,0.0,0.0,0.0,1.0
UAL2657,808,0.0,0.0,0.0,1.0
UAL2657,809,0.0,0.0,0.0,1.0
UAL2657,810,0.0029,1.25,0.0,1.0
UAL2657,811,0.0,0.0,0.0,1.0
UAL2657,812,0.0,0.0,0.0,1.0
UAL2657,813,0.0,0.0,0.0,1.0
UAL2657,814,0.0,0.0,0.0,1.0
UAL2657,815,0.0,0.0,0.0,1.0
UAL2657,816,0.0,0.0,0.0,1.0
UAL2657,817,0.0,0.0,0.0,1.0
UAL2657,818,0.0,0.0,0.0,1.0
UAL2657,819,0.0,0.0,0.0,1.0
UAL2657,820,0.0059,12.45,0.0,2.1
UAL2657,821,0.0,0.0,0.0,1.0
UAL2657,822,0.0,0.0,0.0,1.0
UAL2657,823,0.0,0.0,0.0,1.0
UAL2657,824,0.0,0.0,0.0,1.0
UAL2657,825,0.0,0.0,0.0,1.0
UAL2657,826,0.0,0.0,0.0,1.0
UAL2657,827,0.0,0.0,0.0,1.0
UAL2657,828,0.0,0.0,0.0,1.0
UAL2657,829,0.0,0.0,0.0,1.0
UAL2657,830,0.0,0.0,0.0,1.0
UAL2657,831,0.0,0.0,0.0,1.0
UAL2657,832,0.0,0.0,0.0,1.0
UAL2657,833,0.0,0.0,0.0,1.0
UAL2657,834,0.0,0.0,0.0,1.0
UAL2657,835,0.0,0.0,0.0,1.0
UAL2657,836,0.0,0.0,0.0,1.0
UAL2657,837,0.014,0.42,0.0,1.9
UAL2657,838,0.0,0.0,0.0,1.0
UAL2657,839,0.0,0.0,0.0,1.0
UAL2657,840,0.0,0.0,0.0,1.0
UAL2657,841,0.0,0.0,0.0,1.0
UAL2657,842,0.0,0.0,0.0,1.0
UAL2657,843,0.0,0.0,0.0,1.0
UAL2657,844,0.0,0.0,0.0,1.0
UAL2657,845,0.0,0.0,0.0,1.0
UAL2657,846,0.0,0.0,0.0,1.0
UAL2657,847,0.0,0.0,0.0,1.0
UAL2657,848,0.0,0.0,0.0,1.0
UAL2657,849,0.0,0.0,0.0,1.0
UAL2657,850,0.0,0.0,0.0,1.0
UAL2657,851,0.0,0.0,0.0,1.0
UAL2657,852,0.0,0.0,0.0,1.0
UAL2657,853,0.0,0.0,0.0,1.0
UAL2657,854,0.0,0.0,0.0,1.0
UAL2657,855,0.0,0.0,0.0,1.0
UAL2657,856,0.0,0.0,0.0,1.0
UAL2657,857,0.0,0.0,0.0,1.0
UAL2657,858,0.0,0.0,0.0,1.0
UAL2657,859,0.0,0.0,0.0,1.0
UAL2657,860,0.0,0.0,0.0,1.0
UAL2657,861,0.0104,3.12,0.0,1.4
UAL2657,862,0.0,0.0,0.0,1.0
UAL2657,863,0.0,0.0,0.0,1.0
UAL2657,864,0.0,0.0,0.0,1.0
UAL2657,865,0.0,0.0,0.0,1.0
UAL2657,866,0.0,0.0,0.0,1.0
UAL2657,867,0.0,0.0,0.0,1.0
UAL2657,868,0.0,0.0,0.0,1.0
UAL2657,869,0.0,0.0,0.0,1.0
UAL2657,870,0.0,0.0,0.0,1.0
UAL2657,871,0.0,0.0,0.0,1.0
UAL2657,872,0.0037,2.61,0.0,1.1
UAL2657,873,0.0,0.0,0.0,1.0
UAL2657,874,0.0,0.0,0.0,1.0
UAL2657,875,0.0,0.0,0.0,1.0
UAL2657,876,0.0,0.0,0.0,1.0
UAL2657,877,0.0007,0.92,0.0,1.1
UAL2657,878,0.0,0.0,0.0,1.0
UAL2657,879,0.0,0.0,0.0,1.0
UAL2657,880,0.0,0.0,0.0,1.0
UAL2657,881,0.0,0.0,0.0,1.0
UAL2657,882,0.0,0.0,0.0,1.0
UAL2657,883,0.0,0.0,0.0,1.0
UAL2657,884,0.0,0.0,0.0,1.0
UAL2657,885,0.0,0.0,0.0,1.0
UAL2657,886,0.0,0.0,0.0,1.0
UAL2657,887,0.0,0.0,0.0,1.0
UAL2657,888,0.0,0.0,0.0,1.0
UAL2657,889,0.0,0.0,0.0,1.0
UAL2657,890,0.0,0.0,0.0,1.0
UAL2657,891,0.0,0.0,0.0,1.0
UAL2657,892,0.0,0.0,0.0,1.0
UAL2657,893,0.0,0.0,0.0,1.0
UAL2657,894,0.0,0.0,0.0,1.0
UAL2657,895,0.0021,3.04,0.0,1.1
UAL2657,896,0.0,0.0,0.0,1.0
UAL2657,897,0.0,0.0,0.0,1.0
UAL2657,898,0.0,0.0,0.0,1.0
UAL2657,899,0.0,0.0,0.0,1.0
UAL2657,900,0.0,0.0,0.0,1.0
UAL2657,901,0.0,0.0,0.0,1.0
UAL2657,902,0.0,0.0,0.0,1.0
UAL2657,903,0.0,0.0,0.0,1.0
UAL2657,904,0.0,0.0,0.0,1.0
UAL2657,905,0.0265,24.0,0.0,3.1
UAL2657,906,0.0,0.0,0.0,1.0
UAL2657,907,0.0,0.0,0.0,1.0
UAL2657,908,0.0,0.0,0.0,1.0
UAL2657,909,0.0,0.0,0.0,1.0
UAL2657,910,0.0,0.0,0.0,1.0
UAL2657,911,0.0,0.0,0.0,1.0
UAL2657,912,0.0,0.0,0.0,1.0
UAL2657,913,0.0,0.0,0.0,1.0
UAL2657,914,0.0,0.0,0.0,1.0
UAL2657,915,0.0,0.0,0.0,1.0
UAL2657,916,0.0,0.0,0.0,1.0
UAL2657,917,0.0,0.0,0.0,1.0
UAL2657,918,0.0,0.0,0.0,1.0
UAL2657,919,0.0,0.0,0.0,1.0
UAL2657,920,0.0,0.0,0.0,1.0
UAL2657,921,0.0,0.0,0.0,1.0
UAL2657,922,0.0,0.0,0.0,1.0
UAL2657,923,0.0,0.0,0.0,1.0
UAL2657,924,0.0,0.0,0.0,1.0
UAL2657,925,0.0,0.0,0.0,1.0
UAL2657,926,0.0,0.0,0.0,1.0
UAL2657,927,0.0,0.0,0.0,1.0
UAL2657,928,0.0,0.0,0.0,1.0
UAL2657,929,0.0,0.0,0.0,1.0
UAL2657,930,0.0,0.0,0.0,1.0
UAL2657,931,0.0,0.0,0.0,1.0
UAL2657,932,0.0,0.0,0.0,1.0
UAL2657,933,0.0,0.0,0.0,1.0
UAL2657,934,0.0,0.0,0.0,1.0
UAL2657,935,0.0,0.0,0.0,1.0
UAL2657,936,0.0,0.0,0.0,1.0
UAL2657,937,0.0,0.0,0.0,1.0
UAL2657,938,0.0,0.0,0.0,1.0
UAL2657,939,0.0,0.0,0.0,1.0
UAL2657,940,0.0,0.0,0.0,1.0
UAL2657,941,0.0,0.0,0.0,1.0
UAL2657,942,0.0,0.0,0.0,1.0
UAL2657,943,0.0,0.0,0.0,1.0
UAL2657,944,0.0,0.0,0.0,1.0
UAL2657,945,0.0,0.0,0.0,1.0
UAL2657,946,0.0,0.0,0.0,1.0
UAL2657,947,0.0,0.0,0.0,1.0
UAL2657,948,0.0057,9.59,0.0,1.3
UAL2657,949,0.0,0.0,0.0,1.0
UAL2657,950,0.0,0.0,0.0,1.0
UAL2657,951,0.0,0.0,0.0,1.0
UAL2657,952,0.0,0.0,0.0,1.0
UAL2657,953,0.0,0.0,0.0,1.0
UAL2657,954,0.0,0.0,0.0,1.0
UAL2657,955,0.0,0.0,0.0,1.0
UAL2657,956,0.0,0.0,0.0,1.0
UAL2657,957,0.0,0.0,0.0,1.0
UAL2657,958,0.0,0.0,0.0,1.0
UAL2657,959,0.0,0.0,0.0,1.0
UAL2657,960,0.0,0.0,0.0,1.0
UAL2657,961,0.0,0.0,0.0,1.0
UAL2657,962,0.0,0.0,0.0,1.0
UAL2657,963,0.0,0.0,0.0,1.0
UAL2657,964,0.0,0.0,0.0,1.0
UAL2657,965,0.0,0.0,0.0,1.0
UAL2657,966,0.0,0.0,0.0,1.0
UAL2657,967,0.0,0.0,0.0,1.0
UAL2657,968,0.0,0.0,0.0,1.0
UAL2657,969,0.0,0.0,0.0,1.0
UAL2657,970,0.0,0.0,0.0,1.0
UAL2657,971,0.0,0.0,0.0,1.0
UAL2657,972,0.0,0.0,0.0,1.0
UAL2657,973,0.0039,23.42,0.0,1.2
UAL2657,974,0.0,0.0,0.0,1.0
UAL2657,975,0.0,0.0,0.0,1.0
UAL2657,976,0.0,0.0,0.0,1.0
UAL2657,977,0.0,0.0,0.0,1.0
UAL2657,978,0.0,0.0,0.0,1.0
UAL2657,979,0.0,0.0,0.0,1.0
UAL2657,980,0.0,0.0,0.0,1.0
UAL2657,981,0.0117,6.8,0.0,3.0
UAL2657,982,0.0,0.0,0.0,1.0
UAL2657,983,0.0,0.0,0.0,1.0
UAL2657,984,0.0,0.0,0.0,1.0
UAL2657,985,0.008,2.73,0.0,1.1
UAL2657,986,0.0,0.0,0.0,1.0
UAL2657,987,0.0028,7.74,0.0,1.1
UAL2657,988,0.0185,15.06,0.0,2.2
UAL2657,989,0.0,0.0,0.0,1.0
UAL2657,990,0.0,0.0,0.0,1.0
UAL2657,991,0.0,0.0,0.0,1.0
UAL2657,992,0.0,0.0,0.0,1.0
UAL2657,993,0.0,0.0,0.0,1.0
UAL2657,994,0.0,0.0,0.0,1.0
UAL2657,995,0.0,0.0,0.0,1.0
UAL2657,996,0.0,0.0,0.0,1.0
UAL2657,997,0.0,0.0,0.0,1.0
UAL2657,998,0.0,0.0,0.0,1.0
UAL2657,999,0.0,0.0,0.0,1.0
UAL2657,1000,0.0,0.0,0.0,1.0
UAL2657,1001,0.0,0.0,0.0,1.0
UAL2657,1002,0.0,0.0,0.0,1.0
UAL2657,1003,0.0,0.0,0.0,1.0
UAL2657,1004,0.0026,11.75,0.0,1.0
UAL2657,1005,0.0,0.0,0.0,1.0
UAL2657,1006,0.002,5.36,0.0,1.0
UAL2657,1007,0.0,0.0,0.0,1.0
UAL2657,1008,0.0,0.0,0.0,1.0
UAL2657,1009,0.0,0.0,0.0,1.0
UAL2657,1010,0.0221,18.27,0.0,2.8
UAL2657,1011,0.0018,1.56,0.0,1.0
UAL2657,1012,0.0,0.0,0.0,1.0
UAL2657,1013,0.0,0.0,0.0,1.0
UAL2657,1014,0.0124,5.25,0.0,1.7
UAL2657,1015,0.0,0.0,0.0,1.0
UAL2657,1016,0.0,0.0,0.0,1.0
UAL2657,1017,0.0,0.0,0.0,1.0
UAL2657,1018,0.0,0.0,0.0,1.0
UAL2657,1019,0.0,0.0,0.0,1.0
UAL2657,1020,0.0,0.0,0.0,1.0
UAL2657,1021,0.0,0.0,0.0,1.0
UAL2657,1022,0.0,0.0,0.0,1.0
UAL2657,1023,0.0,0.0,0.0,1.0
UAL2657,1024,0.0,0.0,0.0,1.0
UAL2657,1025,0.0,0.0,0.0,1.0
UAL2657,1026,0.0,0.0,0.0,1.0
UAL2657,1027,0.0,0.0,0.0,1.0
UAL2657,1028,0.0,0.0,0.0,1.0
UAL2657,1029,0.0,0.0,0.0,1.0
UAL2657,1030,0.0,0.0,0.0,1.0
UAL2657,1031,0.0,0.0,0.0,1.0
UAL2657,1032,0.0,0.0,0.0,1.0
UAL2657,1033,0.0,0.0,0.0,1.0
UAL2657,1034,0.0,0.0,0.0,1.0
UAL2657,1035,0.0,0.0,0.0,1.0
UAL2657,1036,0.0,0.0,0.0,1.0
UAL2657,1037,0.0013,4.85,0.0,1.1
UAL2657,1038,0.0,0.0,0.0,1.0
UAL2657,1039,0.0,0.0,0.0,1.0
UAL2657,1040,0.0,0.0,0.0,1.0
UAL2657,1041,0.0,0.0,0.0,1.0
UAL2657,1042,0.0,0.0,0.0,1.0
UAL2657,1043,0.0,0.0,0.0,1.0
UAL2657,1044,0.0,0.0,0.0,1.0
UAL2657,1045,0.0,0.0,0.0,1.0
UAL2657,1046,0.0,0.0,0.0,1.0
UAL2657,1047,0.0,0.0,0.0,1.0
UAL2657,1048,0.0,0.0,0.0,1.0
UAL2657,1049,0.0,0.0,0.0,1.0
UAL2657,1050,0.0,0.0,0.0,1.0
UAL2657,1051,0.0,0.0,0.0,1.0
UAL2657,1052,0.0,0.0,0.0,1.0
UAL2657,1053,0.0,0.0,0.0,1.0
UAL2657,1054,0.0,0.0,0.0,1.0
UAL2657,1055,0.0,0.0,0.0,1.0
UAL2657,1056,0.0,0.0,0.0,1.0
UAL2657,1057,0.0,0.0,0.0,1.0
UAL2657,1058,0.0,0.0,0.0,1.0
UAL2657,1059,0.0,0.0,0.0,1.0
UAL2657,1060,0.0,0.0,0.0,1.0
UAL2657,1061,0.0,0.0,0.0,1.0
UAL2657,1062,0.0,0.0,0.0,1.0
UAL2657,1063,0.0,0.0,0.0,1.0
UAL2657,1064,0.0,0.0,0.0,1.0
UAL2657,1065,0.0,0.0,0.0,1.0
UAL2657,1066,0.0,0.0,0.0,1.0
UAL2657,1067,0.0,0.0,0.0,1.0
UAL2657,1068,0.0,0.0,0.0,1.0
UAL2657,1069,0.0,0.0,0.0,1.0
UAL2657,1070,0.0,0.0,0.0,1.0
UAL2657,1071,0.0,0.0,0.0,1.0
UAL2657,1072,0.0,0.0,0.0,1.0
UAL2657,1073,0.0,0.0,0.0,1.0
UAL2657,1074,0.0,0.0,0.0,1.0
UAL2657,1075,0.0,0.0,0.0,1.0
UAL2657,1076,0.0,0.0,0.0,1.0
UAL2657,1077,0.0,0.0,0.0,1.0
UAL2657,1078,0.0,0.0,0.0,1.0
UAL2657,1079,0.0,0.0,0.0,1.0
UAL2657,1080,0.0007,2.47,0.0,1.1
UAL2657,1081,0.0,0.0,0.0,1.0
UAL2657,1082,0.0,0.0,0.0,1.0
UAL2657,1083,0.0,0.0,0.0,1.0
UAL2657,1084,0.0,0.0,0.0,1.0
UAL2657,1085,0.0,0.0,0.0,1.0
UAL2657,1086,0.0,0.0,0.0,1.0
UAL2657,1087,0.0,0.0,0.0,1.0
UAL2657,1088,0.0,0.0,0.0,1.0
UAL2657,1089,0.0,0.0,0.0,1.0
UAL2657,1090,0.0,0.0,0.0,1.0
UAL2657,1091,0.0,0.0,0.0,1.0
UAL2657,1092,0.0,0.0,0.0,1.0
UAL2657,1093,0.0,0.0,0.0,1.0
UAL2657,1094,0.0035,8.42,0.0,1.0
UAL2657,1095,0.0,0.0,0.0,1.0
UAL2657,1096,0.0,0.0,0.0,1.0
UAL2657,1097,0.0,0.0,0.0,1.0
UAL2657,1098,0.0,0.0,0.0,1.0
UAL2657,1099,0.0,0.0,0.0,1.0
UAL2657,1100,0.0,0.0,0.0,1.0
UAL2657,1101,0.0,0.0,0.0,1.0
UAL2657,1102,0.0,0.0,0.0,1.0
UAL2657,1103,0.0,0.0,0.0,1.0
UAL2657,1104,0.0,0.0,0.0,1.0
UAL2657,1105,0.0007,2.82,0.0,1.0
UAL2657,1106,0.0,0.0,0.0,1.0
UAL2657,1107,0.0,0.0,0.0,1.0
UAL2657,1108,0.0,0.0,0.0,1.0
UAL2657,1109,0.0,0.0,0.0,1.0
UAL2657,1110,0.0,0.0,0.0,1.0
UAL2657,1111,0.0,0.0,0.0,1.0
UAL2657,1112,0.0,0.0,0.0,1.0
UAL2657,1113,0.0,0.0,0.0,1.0
UAL2657,1114,0.0,0.0,0.0,1.0
UAL2657,1115,0.0,0.0,0.0,1.0
UAL2657,1116,0.0,0.0,0.0,1.0
UAL2657,1117,0.0,0.0,0.0,1.0
UAL2657,1118,0.0,0.0,0.0,1.0
UAL2657,1119,0.0,0.0,0.0,1.0
UAL2657,1120,0.0,0.0,0.0,1.0
UAL2657,1121,0.0,0.0,0.0,1.0
UAL2657,1122,0.0,0.0,0.0,1.0
UAL2657,1123,0.0,0.0,0.0,1.0
UAL2657,1124,0.0,0.0,0.0,1.0
UAL2657,1125,0.0,0.0,0.0,1.0
UAL2657,1126,0.0,0.0,0.0,1.0
UAL2657,1127,0.0,0.0,0.0,1.0
UAL2657,1128,0.0,0.0,0.0,1.0
UAL2657,1129,0.0,0.0,0.0,1.0
UAL2657,1130,0.0,0.0,0.0,1.0
UAL2657,1131,0.0,0.0,0.0,1.0
UAL2657,1132,0.0,0.0,0.0,1.0
UAL2657,1133,0.0,0.0,0.0,1.0
UAL2657,1134,0.0,0.0,0.0,1.0
UAL2657,1135,0.0,0.0,0.0,1.0
UAL2657,1136,0.0,0.0,0.0,1.0
UAL2657,1137,0.0,0.0,0.0,1.0
UAL2657,1138,0.0,0.0,0.0,1.0
UAL2657,1139,0.0,0.0,0.0,1.0
UAL2657,1140,0.0,0.0,0.0,1.0
UAL2657,1141,0.0049,18.48,0.0,3.3
UAL2657,1142,0.0012,0.36,0.0,1.0
UAL2657,1143,0.0,0.0,0.0,1.0
UAL2657,1144,0.0154,20.37,0.0,2.2
UAL2657,1145,0.0,0.0,0.0,1.0
UAL2657,1146,0.0,0.0,0.0,1.0
UAL2657,1147,0.0,0.0,0.0,1.0
UAL2657,1148,0.0,0.0,0.0,1.0
UAL2657,1149,0.0,0.0,0.0,1.0
UAL2657,1150,0.0,0.0,0.0,1.0
UAL2657,1151,0.0,0.0,0.0,1.0
UAL2657,1152,0.0,0.0,0.0,1.0
UAL2657,1153,0.0,0.0,0.0,1.0
UAL2657,1154,0.0,0.0,0.0,1.0
UAL2657,1155,0.0,0.0,0.0,1.0
UAL2657,1156,0.0,0.0,0.0,1.0
UAL2657,1157,0.0,0.0,0.0,1.0
UAL2657,1158,0.0,0.0,0.0,1.0
UAL2657,1159,0.0,0.0,0.0,1.0
UAL2657,1160,0.0,0.0,0.0,1.0
UAL2657,1161,0.0,0.0,0.0,1.0
UAL2657,1162,0.0,0.0,0.0,1.0
UAL2657,1163,0.0,0.0,0.0,1.0
UAL2657,1164,0.0,0.0,0.0,1.0
UAL2657,1165,0.0,0.0,0.0,1.0
UAL2657,1166,0.0,0.0,0.0,1.0
UAL2657,1167,0.0,0.0,0.0,1.0
UAL2657,1168,0.0,0.0,0.0,1.0
UAL2657,1169,0.0,0.0,0.0,1.0
UAL2657,1170,0.0,0.0,0.0,1.0
UAL2657,1171,0.0,0.0,0.0,1.0
UAL2657,1172,0.0,0.0,0.0,1.0
UAL2657,1173,0.0,0.0,0.0,1.0
UAL2657,1174,0.0,0.0,0.0,1.0
UAL2657,1175,0.0,0.0,0.0,1.0
UAL2657,1176,0.0,0.0,0.0,1.0
UAL2657,1177,0.0,0.0,0.0,1.0
UAL2657,1178,0.0,0.0,0.0,1.0
UAL2657,1179,0.0,0.0,0.0,1.0
UAL2657,1180,0.0,0.0,0.0,1.0
UAL2657,1181,0.0321,13.93,0.0,1.4
UAL2657,1182,0.0,0.0,0.0,1.0
UAL2657,1183,0.0,0.0,0.0,1.0
UAL2657,1184,0.0,0.0,0.0,1.0
UAL2657,1185,0.0,0.0,0.0,1.0
UAL2657,1186,0.0,0.0,0.0,1.0
UAL2657,1187,0.0,0.0,0.0,1.0
UAL2657,1188,0.0,0.0,0.0,1.0
UAL2657,1189,0.0,0.0,0.0,1.0
UAL2657,1190,0.0,0.0,0.0,1.0
UAL2657,1191,0.0,0.0,0.0,1.0
UAL2657,1192,0.0,0.0,0.0,1.0
UAL2657,1193,0.0,0.0,0.0,1.0
UAL2657,1194,0.0,0.0,0.0,1.0
UAL2657,1195,0.0,0.0,0.0,1.0
UAL2657,1196,0.0,0.0,0.0,1.0
UAL2657,1197,0.0,0.0,0.0,1.0
UAL2657,1198,0.0,0.0,0.0,1.0
UAL2657,1199,0.0069,15.5,0.0,1.6
UAL2657,1200,0.0,0.0,0.0,1.0
UAL2657,1201,0.0,0.0,0.0,1.0
UAL2657,1202,0.0,0.0,0.0,1.0
UAL2657,1203,0.0,0.0,0.0,1.0
UAL2657,1204,0.0,0.0,0.0,1.0
UAL2657,1205,0.0,0.0,0.0,1.0
UAL2657,1206,0.0,0.0,0.0,1.0
UAL2657,1207,0.0,0.0,0.0,1.0
UAL2657,1208,0.0,0.0,0.0,1.0
UAL2657,1209,0.0,0.0,0.0,1.0
UAL2657,1210,0.0,0.0,0.0,1.0
UAL2657,1211,0.0,0.0,0.0,1.0
UAL2657,1212,0.0,0.0,0.0,1.0
UAL2657,1213,0.0,0.0,0.0,1.0
UAL2657,1214,0.0,0.0,0.0,1.0
UAL2657,1215,0.0,0.0,0.0,1.0
UAL2657,1216,0.0,0.0,0.0,1.0
UAL2657,1217,0.0,0.0,0.0,1.0
UAL2657,1218,0.0,0.0,0.0,1.0
UAL2657,1219,0.0,0.0,0.0,1.0
UAL2657,1220,0.0,0.0,0.0,1.0
UAL2657,1221,0.0,0.0,0.0,1.0
UAL2657,1222,0.0,0.0,0.0,1.0
UAL2657,1223,0.0,0.0,0.0,1.0
UAL2657,1224,0.0,0.0,0.0,1.0
UAL2657,1225,0.0,0.0,0.0,1.0
UAL2657,1226,0.0,0.0,0.0,1.0
UAL2657,1227,0.0,0.0,0.0,1.0
UAL2657,1228,0.0,0.0,0.0,1.0
UAL2657,1229,0.0,0.0,0.0,1.0
UAL2657,1230,0.0,0.0,0.0,1.0
UAL2657,1231,0.0033,30.66,0.0,1.4
UAL2657,1232,0.0,0.0,0.0,1.0
UAL2657,1233,0.0,0.0,0.0,1.0
UAL2657,1234,0.0,0.0,0.0,1.0
UAL2657,1235,0.0,0.0,0.0,1.0
UAL2657,1236,0.0,0.0,0.0,1.0
UAL2657,1237,0.0,0.0,0.0,1.0
UAL2657,1238,0.0,0.0,0.0,1.0
UAL2657,1239,0.0,0.0,0.0,1.0
UAL2657,1240,0.0,0.0,0.0,1.0
UAL2657,1241,0.0,0.0,0.0,1.0
UAL2657,1242,0.0,0.0,0.0,1.0
UAL2657,1243,0.0,0.0,0.0,1.0
UAL2657,1244,0.0058,12.7,0.0,1.1
UAL2657,1245,0.0,0.0,0.0,1.0
UAL2657,1246,0.0,0.0,0.0,1.0
UAL2657,1247,0.0,0.0,0.0,1.0
UAL2657,1248,0.0,0.0,0.0,1.0
UAL2657,1249,0.0,0.0,0.0,1.0
UAL2657,1250,0.0,0.0,0.0,1.0
UAL2657,1251,0.0,0.0,0.0,1.0
UAL2657,1252,0.0,0.0,0.0,1.0
UAL2657,1253,0.0,0.0,0.0,1.0
UAL2657,1254,0.0,0.0,0.0,1.0
UAL2657,1255,0.0,0.0,0.0,1.0
UAL2657,1256,0.0,0.0,0.0,1.0
UAL2657,1257,0.0,0.0,0.0,1.0
UAL2657,1258,0.0,0.0,0.0,1.0
UAL2657,1259,0.0,0.0,0.0,1.0
UAL2657,1260,0.0,0.0,0.0,1.0
UAL2657,1261,0.0,0.0,0.0,1.0
UAL2657,1262,0.0,0.0,0.0,1.0
UAL2657,1263,0.0,0.0,0.0,1.0
UAL2657,1264,0.0,0.0,0.0,1.0
UAL2657,1265,0.0177,7.89,0.0,2.0
UAL2657,1266,0.0,0.0,0.0,1.0
UAL2657,1267,0.0056,16.48,0.0,2.1
UAL2657,1268,0.0,0.0,0.0,1.0
UAL2657,1269,0.0,0.0,0.0,1.0
UAL2657,1270,0.0,0.0,0.0,1.0
UAL2657,1271,0.0,0.0,0.0,1.0
UAL2657,1272,0.0,0.0,0.0,1.0
UAL2657,1273,0.0,0.0,0.0,1.0
UAL2657,1274,0.0,0.0,0.0,1.0
UAL2657,1275,0.0,0.0,0.0,1.0
UAL2657,1276,0.0,0.0,0.0,1.0
UAL2657,1277,0.0,0.0,0.0,1.0
UAL2657,1278,0.0,0.0,0.0,1.0
UAL2657,1279,0.0,0.0,0.0,1.0
UAL2657,1280,0.0,0.0,0.0,1.0
UAL2657,1281,0.0,0.0,0.0,1.0
UAL2657,1282,0.0,0.0,0.0,1.0
UAL2657,1283,0.0,0.0,0.0,1.0
UAL2657,1284,0.0,0.0,0.0,1.0
UAL2657,1285,0.0,0.0,0.0,1.0
UAL2657,1286,0.0,0.0,0.0,1.0
UAL2657,1287,0.0,0.0,0.0,1.0
UAL2657,1288,0.0,0.0,0.0,1.0
UAL2657,1289,0.0,0.0,0.0,1.0
UAL2657,1290,0.0,0.0,0.0,1.0
UAL2657,1291,0.0,0.0,0.0,1.0
UAL2657,1292,0.0,0.0,0.0,1.0
UAL2657,1293,0.0,0.0,0.0,1.0
UAL2657,1294,0.0,0.0,0.0,1.0
UAL2657,1295,0.0017,0.4,0.0,1.1
UAL2657,1296,0.0,0.0,0.0,1.0
UAL2657,1297,0.0,0.0,0.0,1.0
UAL2657,1298,0.0,0.0,0.0,1.0
UAL2657,1299,0.0,0.0,0.0,1.0
UAL2657,1300,0.0,0.0,0.0,1.0
UAL2657,1301,0.0,0.0,0.0,1.0
UAL2657,1302,0.0,0.0,0.0,1.0
UAL2657,1303,0.0,0.0,0.0,1.0
UAL2657,1304,0.0,0.0,0.0,1.0
UAL2657,1305,0.0,0.0,0.0,1.0
UAL2657,1306,0.0,0.0,0.0,1.0
UAL2657,1307,0.0,0.0,0.0,1.0
UAL2657,1308,0.0037,3.45,0.0,1.1
UAL2657,1309,0.0,0.0,0.0,1.0
UAL2657,1310,0.0,0.0,0.0,1.0
UAL2657,1311,0.0,0.0,0.0,1.0
UAL2657,1312,0.0,0.0,0.0,1.0
UAL2657,1313,0.0,0.0,0.0,1.0
UAL2657,1314,0.0,0.0,0.0,1.0
UAL2657,1315,0.0,0.0,0.0,1.0
UAL2657,1316,0.0,0.0,0.0,1.0
UAL2657,1317,0.0,0.0,0.0,1.0
UAL2657,1318,0.0,0.0,0.0,1.0
UAL2657,1319,0.0,0.0,0.0,1.0
UAL2657,1320,0.0,0.0,0.0,1.0
UAL2657,1321,0.0,0.0,0.0,1.0
UAL2657,1322,0.0,0.0,0.0,1.0
UAL2657,1323,0.0,0.0,0.0,1.0
UAL2657,1324,0.0,0.0,0.0,1.0
UAL2657,1325,0.0,0.0,0.0,1.0
UAL2657,1326,0.0,0.0,0.0,1.0
UAL2657,1327,0.0,0.0,0.0,1.0
UAL2657,1328,0.0,0.0,0.0,1.0
UAL2657,1329,0.0,0.0,0.0,1.0
UAL2657,1330,0.0,0.0,0.0,1.0
UAL2657,1331,0.0175,31.78,0.0,2.0
UAL2657,1332,0.0,0.0,0.0,1.0
UAL2657,1333,0.0,0.0,0.0,1.0
UAL2657,1334,0.0,0.0,0.0,1.0
UAL2657,1335,0.0,0.0,0.0,1.0
UAL2657,1336,0.0,0.0,0.0,1.0
UAL2657,1337,0.0,0.0,0.0,1.0
UAL2657,1338,0.0,0.0,0.0,1.0
UAL2657,1339,0.0,0.0,0.0,1.0
UAL2657,1340,0.0,0.0,0.0,1.0
UAL2657,1341,0.0,0.0,0.0,1.0
UAL2657,1342,0.0,0.0,0.0,1.0
UAL2657,1343,0.0,0.0,0.0,1.0
UAL2657,1344,0.0114,38.23,0.0,1.5
UAL2657,1345,0.0,0.0,0.0,1.0
UAL2657,1346,0.0,0.0,0.0,1.0
UAL2657,1347,0.0,0.0,0.0,1.0
UAL2657,1348,0.0,0.0,0.0,1.0
UAL2657,1349,0.0,0.0,0.0,1.0
UAL2657,1350,0.0,0.0,0.0,1.0
UAL2657,1351,0.0,0.0,0.0,1.0
UAL2657,1352,0.0,0.0,0.0,1.0
UAL2657,1353,0.0,0.0,0.0,1.0
UAL2657,1354,0.0,0.0,0.0,1.0
UAL2657,1355,0.0,5.0,0.0,1.0
UAL2657,1356,0.0,0.0,0.0,1.0
UAL2657,1357,0.0,0.0,0.0,1.0
UAL2657,1358,0.0,0.0,0.0,1.0
UAL2657,1359,0.0,0.0,0.0,1.0
UAL2657,1360,0.0,0.0,0.0,1.0
UAL2657,1361,0.0,0.0,0.0,1.0
UAL2657,1362,0.0,0.0,0.0,1.0
UAL2657,1363,0.0,0.0,0.0,1.0
UAL2657,1364,0.0,0.0,0.0,1.0
UAL2657,1365,0.0,0.0,0.0,1.0
UAL2657,1366,0.0,0.0,0.0,1.0
UAL2657,1367,0.0,0.0,0.0,1.0
UAL2657,1368,0.0,0.0,0.0,1.0
UAL2657,1369,0.0,0.0,0.0,1.0
UAL2657,1370,0.0109,44.58,0.0,2.0
UAL2657,1371,0.0,0.0,0.0,1.0
UAL2657,1372,0.0,0.0,0.0,1.0
UAL2657,1373,0.0,0.0,0.0,1.0
UAL2657,1374,0.0,0.0,0.0,1.0
UAL2657,1375,0.0,0.0,0.0,1.0
UAL2657,1376,0.0,0.0,0.0,1.0
UAL2657,1377,0.0,0.0,0.0,1.0
UAL2657,1378,0.0,0.0,0.0,1.0
UAL2657,1379,0.0124,11.17,0.0,1.4
UAL2657,1380,0.0,0.0,0.0,1.0
UAL2657,1381,0.0,0.0,0.0,1.0
UAL2657,1382,0.0,0.0,0.0,1.0
UAL2657,1383,0.0,0.0,0.0,1.0
UAL2657,1384,0.0,0.0,0.0,1.0
UAL2657,1385,0.0,0.0,0.0,1.0
UAL2657,1386,0.0,0.0,0.0,1.0
UAL2657,1387,0.0,0.0,0.0,1.0
UAL2657,1388,0.0021,10.19,0.0,1.1
UAL2657,1389,0.0,0.0,0.0,1.0
UAL2657,1390,0.0028,0.11,0.0,1.0
UAL2657,1391,0.0,0.0,0.0,1.0
UAL2657,1392,0.0,0.0,0.0,1.0
UAL2657,1393,0.0,0.0,0.0,1.0
UAL2657,1394,0.0,0.0,0.0,1.0
UAL2657,1395,0.0,0.0,0.0,1.0
UAL2657,1396,0.0,0.0,0.0,1.0
UAL2657,1397,0.0,0.0,0.0,1.0
UAL2657,1398,0.0,0.0,0.0,1.0
UAL2657,1399,0.0,0.0,0.0,1.0
UAL2657,1400,0.0,0.0,0.0,1.0
UAL2657,1401,0.0,0.0,0.0,1.0
UAL2657,1402,0.0,0.0,0.0,1.0
UAL2657,1403,0.0,0.0,0.0,1.0
UAL2657,1404,0.0,0.0,0.0,1.0
UAL2657,1405,0.0,0.0,0.0,1.0
UAL2657,1406,0.0,0.0,0.0,1.0
UAL2657,1407,0.0,0.0,0.0,1.0
UAL2657,1408,0.0,0.0,0.0,1.0
UAL2657,1409,0.0,0.0,0.0,1.0
UAL2657,1410,0.0,0.0,0.0,1.0
UAL2657,1411,0.0,0.0,0.0,1.0
UAL2657,1412,0.0058,4.31,0.0,1.5
UAL2657,1413,0.0,0.0,0.0,1.0
UAL2657,1414,0.0,0.0,0.0,1.0
UAL2657,1415,0.0,0.0,0.0,1.0
UAL2657,1416,0.0,0.0,0.0,1.0
UAL2657,1417,0.0,0.0,0.0,1.0
UAL2657,1418,0.0,0.0,0.0,1.0
UAL2657,1419,0.0,0.0,0.0,1.0
UAL2657,1420,0.0,0.0,0.0,1.0
UAL2657,1421,0.0,0.0,0.0,1.0
UAL2657,1422,0.0,0.0,0.0,1.0
UAL2657,1423,0.0,0.0,0.0,1.0
UAL2657,1424,0.0,0.0,0.0,1.0
UAL2657,1425,0.0,0.0,0.0,1.0
UAL2657,1426,0.0,0.0,0.0,1.0
UAL2657,1427,0.0,0.0,0.0,1.0
UAL2657,1428,0.0,0.0,0.0,1.0
UAL2657,1429,0.0,0.0,0.0,1.0
UAL2657,1430,0.0,0.0,0.0,1.0
UAL2657,1431,0.0174,26.34,0.0,1.5
UAL2657,1432,0.0,0.0,0.0,1.0
UAL2657,1433,0.0,0.0,0.0,1.0
UAL2657,1434,0.0,0.0,0.0,1.0
UAL2657,1435,0.0,0.0,0.0,1.0
UAL2657,1436,0.0,0.0,0.0,1.0
UAL2657,1437,0.0,0.0,0.0,1.0
UAL2657,1438,0.0,0.0,0.0,1.0
UAL2657,1439,0.0,0.0,0.0,1.0
UAL2657,1440,0.0,0.0,0.0,1.0
UAL2657,1441,0.0,0.0,0.0,1.0
UAL2657,1442,0.0,0.0,0.0,1.0
UAL2657,1443,0.0,0.0,0.0,1.0
UAL2657,1444,0.0,0.0,0.0,1.0
UAL2657,1445,0.0,0.0,0.0,1.0
UAL2657,1446,0.0,0.0,0.0,1.0
UAL2657,1447,0.0,0.0,0.0,1.0
UAL2657,1448,0.0,0.0,0.0,1.0
UAL2657,1449,0.0,0.0,0.0,1.0
UAL2657,1450,0.0,0.0,0.0,1.0
UAL2657,1451,0.0,0.0,0.0,1.0
UAL2657,1452,0.0,0.0,0.0,1.0
UAL2657,1453,0.0,0.0,0.0,1.0
UAL2657,1454,0.0,0.0,0.0,1.0
UAL2657,1455,0.0,0.0,0.0,1.0
UAL2657,1456,0.0,0.0,0.0,1.0
UAL2657,1457,0.0,0.0,0.0,1.0
UAL2657,1458,0.0,0.0,0.0,1.0
UAL2657,1459,0.0,0.0,0.0,1.0
UAL2657,1460,0.0,0.0,0.0,1.0
UAL2657,1461,0.0,0.0,0.0,1.0
UAL2657,1462,0.0,0.0,0.0,1.0
UAL2657,1463,0.0,0.0,0.0,1.0
UAL2657,1464,0.0,0.0,0.0,1.0
UAL2657,1465,0.011,18.75,0.0,1.3
UAL2657,1466,0.0,0.0,0.0,1.0
UAL2657,1467,0.0,0.0,0.0,1.0
UAL2657,1468,0.0,0.0,0.0,1.0
UAL2657,1469,0.0,0.0,0.0,1.0
UAL2657,1470,0.0,0.0,0.0,1.0
UAL2657,1471,0.0,0.0,0.0,1.0
UAL2657,1472,0.0001,0.77,0.0,1.0
UAL2657,1473,0.0,5.57,0.0,1.2
UAL2657,1474,0.0,0.0,0.0,1.0
UAL2657,1475,0.0,0.0,0.0,1.0
UAL2657,1476,0.0,0.0,0.0,1.0
UAL2657,1477,0.0,0.0,0.0,1.0
UAL2657,1478,0.0,0.0,0.0,1.0
UAL2657,1479,0.012,1.91,0.0,1.2
UAL2657,1480,0.0,0.0,0.0,1.0
UAL2657,1481,0.0,0.0,0.0,1.0
UAL2657,1482,0.0,0.0,0.0,1.0
UAL2657,1483,0.0,0.0,0.0,1.0
UAL2657,1484,0.0,0.0,0.0,1.0
UAL2657,1485,0.0,0.0,0.0,1.0
UAL2657,1486,0.0,0.0,0.0,1.0
UAL2657,1487,0.0,0.0,0.0,1.0
UAL2657,1488,0.0,0.0,0.0,1.0
UAL2657,1489,0.0031,5.27,0.0,1.1
UAL2657,1490,0.0,0.0,0.0,1.0
UAL2657,1491,0.0,0.0,0.0,1.0
UAL2657,1492,0.0,0.0,0.0,1.0
UAL2657,1493,0.0,0.0,0.0,1.0
UAL2657,1494,0.0,0.0,0.0,1.0
UAL2657,1495,0.0,0.0,0.0,1.0
UAL2657,1496,0.0,0.0,0.0,1.0
UAL2657,1497,0.0,0.0,0.0,1.0
UAL2657,1498,0.0,0.0,0.0,1.0
UAL2657,1499,0.0,0.0,0.0,1.0
UAL2657,1500,0.0,0.0,0.0,1.0
UAL2657,1501,0.0,0.0,0.0,1.0
UAL2657,1502,0.0,0.0,0.0,1.0
UAL2657,1503,0.0,0.0,0.0,1.0
UAL2657,1504,0.0,0.0,0.0,1.0
UAL2657,1505,0.0,0.0,0.0,1.0
UAL2657,1506,0.0151,9.15,0.0,2.2
UAL2657,1507,0.0,0.0,0.0,1.0
UAL2657,1508,0.0,0.0,0.0,1.0
UAL2657,1509,0.0,0.0,0.0,1.0
UAL2657,1510,0.0,0.0,0.0,1.0
UAL2657,1511,0.0,0.0,0.0,1.0
UAL2657,1512,0.0,0.0,0.0,1.0
UAL2657,1513,0.0,0.0,0.0,1.0
UAL2657,1514,0.001,4.04,0.0,1.0
UAL2657,1515,0.0,0.0,0.0,1.0
UAL2657,1516,0.0,0.0,0.0,1.0
UAL2657,1517,0.0,0.0,0.0,1.0
UAL2657,1518,0.0,0.0,0.0,1.0
UAL2657,1519,0.0,0.0,0.0,1.0
UAL2657,1520,0.0,0.0,0.0,1.0
UAL2657,1521,0.0,0.0,0.0,1.0
UAL2657,1522,0.0,0.0,0.0,1.0
UAL2657,1523,0.0,0.0,0.0,1.0
UAL2657,1524,0.0,0.0,0.0,1.0
UAL2657,1525,0.0,0.0,0.0,1.0
UAL2657,1526,0.0,0.0,0.0,1.0
UAL2657,1527,0.0,0.0,0.0,1.0
UAL2657,1528,0.0,0.0,0.0,1.0
UAL2657,1529,0.0,0.0,0.0,1.0
UAL2657,1530,0.0,0.0,0.0,1.0
UAL2657,1531,0.0053,27.53,0.0,1.5
UAL2657,1532,0.0,0.0,0.0,1.0
UAL2657,1533,0.0,0.0,0.0,1.0
UAL2657,1534,0.0,0.0,0.0,1.0
UAL2657,1535,0.0,0.0,0.0,1.0
UAL2657,1536,0.0,0.0,0.0,1.0
UAL2657,1537,0.0,0.0,0.0,1.0
UAL2657,1538,0.0,0.0,0.0,1.0
UAL2657,1539,0.0,0.0,0.0,1.0
UAL2657,1540,0.0,0.0,0.0,1.0
UAL2657,1541,0.0,0.0,0.0,1.0
UAL2657,1542,0.0,0.0,0.0,1.0
UAL2657,1543,0.0,0.0,0.0,1.0
UAL2657,1544,0.0,0.0,0.0,1.0
UAL2657,1545,0.0,0.0,0.0,1.0
UAL2657,1546,0.0,0.0,0.0,1.0
UAL2657,1547,0.0,0.0,0.0,1.0
UAL2657,1548,0.0,0.0,0.0,1.0
UAL2657,1549,0.0,0.0,0.0,1.0
UAL2657,1550,0.0,0.0,0.0,1.0
UAL2657,1551,0.0,0.0,0.0,1.0
UAL2657,1552,0.0,0.0,0.0,1.0
UAL2657,1553,0.0,0.0,0.0,1.0
UAL2657,1554,0.0,0.0,0.0,1.0
UAL2657,1555,0.0,0.0,0.0,1.0
UAL2657,1556,0.0,0.0,0.0,1.0
UAL2657,1557,0.0143,22.43,0.0,2.8
UAL2657,1558,0.0,0.0,0.0,1.0
UAL2657,1559,0.0,0.0,0.0,1.0
UAL2657,1560,0.0,0.0,0.0,1.0
UAL2657,1561,0.0,0.0,0.0,1.0
UAL2657,1562,0.0,0.0,0.0,1.0
UAL2657,1563,0.0,0.0,0.0,1.0
UAL2657,1564,0.0,0.0,0.0,1.0
UAL2657,1565,0.0,0.0,0.0,1.0
UAL2657,1566,0.0,0.0,0.0,1.0
UAL2657,1567,0.0,0.0,0.0,1.0
UAL2657,1568,0.0,0.0,0.0,1.0
UAL2657,1569,0.0,0.0,0.0,1.0
UAL2657,1570,0.0,0.0,0.0,1.0
UAL2657,1571,0.0,0.0,0.0,1.0
UAL2657,1572,0.0,0.0,0.0,1.0
UAL2657,1573,0.0,0.0,0.0,1.0
UAL2657,1574,0.0,0.0,0.0,1.0
UAL2657,1575,0.0,0.0,0.0,1.0
UAL2657,1576,0.0,0.0,0.0,1.0
UAL2657,1577,0.0076,8.11,0.0,1.3
UAL2657,1578,0.0132,34.82,0.0,6.2
UAL2657,1579,0.0,0.0,0.0,1.0
UAL2657,1580,0.0,0.0,0.0,1.0
UAL2657,1581,0.0,0.0,0.0,1.0
UAL2657,1582,0.0,0.0,0.0,1.0
UAL2657,1583,0.0,0.0,0.0,1.0
UAL2657,1584,0.0,0.0,0.0,1.0
UAL2657,1585,0.0,0.0,0.0,1.0
UAL2657,1586,0.0,0.0,0.0,1.0
UAL2657,1587,0.0,0.0,0.0,1.0
UAL2657,1588,0.0,0.0,0.0,1.0
UAL2657,1589,0.0,0.0,0.0,1.0
UAL2657,1590,0.0,0.0,0.0,1.0
UAL2657,1591,0.0153,44.07,0.0,4.2
UAL2657,1592,0.0,0.0,0.0,1.0
UAL2657,1593,0.0,0.0,0.0,1.0
UAL2657,1594,0.0,0.0,0.0,1.0
UAL2657,1595,0.0,0.0,0.0,1.0
UAL2657,1596,0.0,0.0,0.0,1.0
UAL2657,1597,0.0,0.0,0.0,1.0
UAL2657,1598,0.0,0.0,0.0,1.0
UAL2657,1599,0.0,0.0,0.0,1.0
UAL2657,1600,0.0,0.0,0.0,1.0
UAL2657,1601,0.0,0.0,0.0,1.0
UAL2657,1602,0.0,0.0,0.0,1.0
UAL2657,1603,0.0,0.0,0.0,1.0
UAL2657,1604,0.0,0.0,0.0,1.0
UAL2657,1605,0.0,0.0,0.0,1.0
UAL2657,1606,0.0,0.0,0.0,1.0
UAL2657,1607,0.0,0.0,0.0,1.0
UAL2657,1608,0.0,0.0,0.0,1.0
UAL2657,1609,0.0,0.0,0.0,1.0
UAL2657,1610,0.0,0.0,0.0,1.0
UAL2657,1611,0.0,0.0,0.0,1.0
UAL2657,1612,0.0,0.0,0.0,1.0
UAL2657,1613,0.0,0.0,0.0,1.0
UAL2657,1614,0.0,0.0,0.0,1.0
UAL2657,1615,0.0,0.0,0.0,1.0
UAL2657,1616,0.0,0.0,0.0,1.0
UAL2657,1617,0.0,0.0,0.0,1.0
UAL2657,1618,0.0023,5.32,0.0,1.1
UAL2657,1619,0.0,0.0,0.0,1.0
UAL2657,1620,0.0,0.0,0.0,1.0
UAL2657,1621,0.0,0.0,0.0,1.0
UAL2657,1622,0.0,0.0,0.0,1.0
UAL2657,1623,0.0,0.0,0.0,1.0
UAL2657,1624,0.0,0.0,0.0,1.0
UAL2657,1625,0.0,0.0,0.0,1.0
UAL2657,1626,0.0,0.0,0.0,1.0
UAL2657,1627,0.0,0.0,0.0,1.0
UAL2657,1628,0.0,0.0,0.0,1.0
UAL2657,1629,0.0,0.0,0.0,1.0
UAL2657,1630,0.0,0.0,0.0,1.0
UAL2657,1631,0.0,0.0,0.0,1.0
UAL2657,1632,0.0,0.0,0.0,1.0
UAL2657,1633,0.0,0.0,0.0,1.0
UAL2657,1634,0.0,0.0,0.0,1.0
UAL2657,1635,0.0,0.0,0.0,1.0
UAL2657,1636,0.0,0.0,0.0,1.0
UAL2657,1637,0.0,0.0,0.0,1.0
UAL2657,1638,0.0003,5.97,0.0,1.0
UAL2657,1639,0.0,0.0,0.0,1.0
UAL2657,1640,0.0,0.0,0.0,1.0
UAL2657,1641,0.0,0.0,0.0,1.0
UAL2657,1642,0.0,0.0,0.0,1.0
UAL2657,1643,0.0,0.0,0.0,1.0
UAL2657,1644,0.0,0.0,0.0,1.0
UAL2657,1645,0.0,0.0,0.0,1.0
UAL2657,1646,0.0,0.0,0.0,1.0
UAL2657,1647,0.0,0.0,0.0,1.0
UAL2657,1648,0.0,0.0,0.0,1.0
UAL2657,1649,0.0,0.0,0.0,1.0
UAL2657,1650,0.0,0.0,0.0,1.0
UAL2657,1651,0.0,0.0,0.0,1.0
UAL2657,1652,0.0,0.0,0.0,1.0
UAL2657,1653,0.0,0.0,0.0,1.0
UAL2657,1654,0.0,0.0,0.0,1.0
UAL2657,1655,0.0,0.0,0.0,1.0
UAL2657,1656,0.0071,3.22,0.0,1.3
UAL2657,1657,0.0,0.0,0.0,1.0
UAL2657,1658,0.0,0.0,0.0,1.0
UAL2657,1659,0.0,0.0,0.0,1.0
UAL2657,1660,0.0,0.0,0.0,1.0
UAL2657,1661,0.0,0.0,0.0,1.0
UAL2657,1662,0.0,0.0,0.0,1.0
UAL2657,1663,0.0,0.0,0.0,1.0
UAL2657,1664,0.0029,10.08,0.0,1.0
UAL2657,1665,0.0,0.0,0.0,1.0
UAL2657,1666,0.0,0.0,0.0,1.0
UAL2657,1667,0.0,0.0,0.0,1.0
UAL2657,1668,0.0,0.0,0.0,1.0
UAL2657,1669,0.0,0.0,0.0,1.0
UAL2657,1670,0.0,0.0,0.0,1.0
UAL2657,1671,0.0,0.0,0.0,1.0
UAL2657,1672,0.0,0.0,0.0,1.0
UAL2657,1673,0.0,0.0,0.0,1.0
UAL2657,1674,0.0,0.0,0.0,1.0
UAL2657,1675,0.0,0.0,0.0,1.0
UAL2657,1676,0.0,0.0,0.0,1.0
UAL2657,1677,0.0,0.0,0.0,1.0
UAL2657,1678,0.0,0.0,0.0,1.0
UAL2657,1679,0.0,0.0,0.0,1.0
UAL2657,1680,0.0007,12.4,0.0,1.4
UAL2657,1681,0.0,0.0,0.0,1.0
UAL2657,1682,0.0,0.0,0.0,1.0
UAL2657,1683,0.0,0.0,0.0,1.0
UAL2657,1684,0.0,0.0,0.0,1.0
UAL2657,1685,0.0,0.0,0.0,1.0
UAL2657,1686,0.0,0.0,0.0,1.0
UAL2657,1687,0.0131,40.52,0.0,2.1
UAL2657,1688,0.0,0.0,0.0,1.0
UAL2657,1689,0.0,0.0,0.0,1.0
UAL2657,1690,0.0,0.0,0.0,1.0
UAL2657,1691,0.0,0.0,0.0,1.0
UAL2657,1692,0.0,0.0,0.0,1.0
UAL2657,1693,0.0,0.0,0.0,1.0
UAL2657,1694,0.0,0.0,0.0,1.0
UAL2657,1695,0.0,0.0,0.0,1.0
UAL2657,1696,0.0,0.0,0.0,1.0
UAL2657,1697,0.0,0.0,0.0,1.0
UAL2657,1698,0.0,0.0,0.0,1.0
UAL2657,1699,0.0,0.0,0.0,1.0
UAL2657,1700,0.0,0.0,0.0,1.0
UAL2657,1701,0.0,0.0,0.0,1.0
UAL2657,1702,0.0,0.0,0.0,1.0
UAL2657,1703,0.0,0.0,0.0,1.0
UAL2657,1704,0.0,0.0,0.0,1.0
UAL2657,1705,0.0,0.0,0.0,1.0
UAL2657,1706,0.0,0.0,0.0,1.0
UAL2657,1707,0.0,0.0,0.0,1.0
UAL2657,1708,0.0,0.0,0.0,1.0
UAL2657,1709,0.0,0.0,0.0,1.0
UAL2657,1710,0.0,0.0,0.0,1.0
UAL2657,1711,0.0,0.0,0.0,1.0
UAL2657,1712,0.0,0.0,0.0,1.0
UAL2657,1713,0.0,0.0,0.0,1.0
UAL2657,1714,0.0,0.0,0.0,1.0
UAL2657,1715,0.0,0.0,0.0,1.0
UAL2657,1716,0.0,0.0,0.0,1.0
UAL2657,1717,0.0,0.0,0.0,1.0
UAL2657,1718,0.0,0.0,0.0,1.0
UAL2657,1719,0.0,0.0,0.0,1.0
UAL2657,1720,0.0,0.0,0.0,1.0
UAL2657,1721,0.0,0.0,0.0,1.0
UAL2657,1722,0.0029,10.16,0.0,1.3
UAL2657,1723,0.0,0.0,0.0,1.0
UAL2657,1724,0.0,0.0,0.0,1.0
UAL2657,1725,0.0,0.0,0.0,1.0
UAL2657,1726,0.0,0.0,0.0,1.0
UAL2657,1727,0.0,0.0,0.0,1.0
UAL2657,1728,0.0,0.0,0.0,1.0
UAL2657,1729,0.0,0.0,0.0,1.0
UAL2657,1730,0.0,0.0,0.0,1.0
UAL2657,1731,0.0,0.0,0.0,1.0
UAL2657,1732,0.0,0.0,0.0,1.0
UAL2657,1733,0.0,0.0,0.0,1.0
UAL2657,1734,0.0,0.0,0.0,1.0
UAL2657,1735,0.0,0.0,0.0,1.0
UAL2657,1736,0.0,0.0,0.0,1.0
UAL2657,1737,0.0,0.0,0.0,1.0
UAL2657,1738,0.0,0.0,0.0,1.0
UAL2657,1739,0.0,0.0,0.0,1.0
UAL2657,1740,0.0,0.0,0.0,1.0
UAL2657,1741,0.0,0.0,0.0,1.0
UAL2657,1742,0.0,0.0,0.0,1.0
UAL2657,1743,0.0073,27.8,0.0,2.2
UAL2657,1744,0.0,0.0,0.0,1.0
UAL2657,1745,0.0,0.0,0.0,1.0
UAL2657,1746,0.0,0.0,0.0,1.0
UAL2657,1747,0.0,0.0,0.0,1.0
UAL2657,1748,0.0,0.0,0.0,1.0
UAL2657,1749,0.0,0.0,0.0,1.0
UAL2657,1750,0.0,0.0,0.0,1.0
UAL2657,1751,0.0,0.0,0.0,1.0
UAL2657,1752,0.0,0.0,0.0,1.0
UAL2657,1753,0.0,0.0,0.0,1.0
UAL2657,1754,0.0,0.0,0.0,1.0
UAL2657,1755,0.0,0.0,0.0,1.0
UAL2657,1756,0.0,0.0,0.0,1.0
UAL2657,1757,0.0,0.0,0.0,1.0
UAL2657,1758,0.0,0.0,0.0,1.0
UAL2657,1759,0.0,0.0,0.0,1.0
UAL2657,1760,0.0,0.0,0.0,1.0
UAL2657,1761,0.0,0.0,0.0,1.0
UAL2657,1762,0.0,0.0,0.0,1.0
UAL2657,1763,0.0,0.0,0.0,1.0
UAL2657,1764,0.0057,29.12,0.0,2.0
UAL2657,1765,0.0,0.0,0.0,1.0
UAL2657,1766,0.0,0.0,0.0,1.0
UAL2657,1767,0.0,0.0,0.0,1.0
UAL2657,1768,0.0,0.0,0.0,1.0
UAL2657,1769,0.0,0.0,0.0,1.0
UAL2657,1770,0.0009,4.77,0.0,1.3
UAL2657,1771,0.0,0.0,0.0,1.0
UAL2657,1772,0.0,0.0,0.0,1.0
UAL2657,1773,0.0091,36.28,0.0,3.8
UAL2657,1774,0.0,0.0,0.0,1.0
UAL2657,1775,0.0,0.0,0.0,1.0
UAL2657,1776,0.0,0.0,0.0,1.0
UAL2657,1777,0.0,0.0,0.0,1.0
UAL2657,1778,0.0,0.0,0.0,1.0
UAL2657,1779,0.0,0.0,0.0,1.0
UAL2657,1780,0.0,0.0,0.0,1.0
UAL2657,1781,0.0,0.0,0.0,1.0
UAL2657,1782,0.0,0.0,0.0,1.0
UAL2657,1783,0.0,0.0,0.0,1.0
UAL2657,1784,0.0,0.0,0.0,1.0
UAL2657,1785,0.0,0.0,0.0,1.0
UAL2657,1786,0.0,0.0,0.0,1.0
UAL2657,1787,0.0,0.0,0.0,1.0
UAL2657,1788,0.0,0.0,0.0,1.0
UAL2657,1789,0.0,0.0,0.0,1.0
UAL2657,1790,0.0,0.0,0.0,1.0
UAL2657,1791,0.0,0.0,0.0,1.0
UAL2657,1792,0.0,0.0,0.0,1.0
UAL2657,1793,0.0,0.0,0.0,1.0
UAL2657,1794,0.0,0.0,0.0,1.0
UAL2657,1795,0.0,0.0,0.0,1.0
UAL2657,1796,0.006,12.64,0.0,1.2
UAL2657,1797,0.0,0.0,0.0,1.0
UAL2657,1798,0.0,0.0,0.0,1.0
UAL2657,1799,0.0,0.0,0.0,1.0
UAL2657,1800,0.0,0.0,0.0,1.0
UAL2657,1801,0.0,0.0,0.0,1.0
UAL2657,1802,0.0,0.0,0.0,1.0
UAL2657,1803,0.0,0.0,0.0,1.0
UAL2657,1804,0.0,0.0,0.0,1.0
UAL2657,1805,0.008,10.36,0.0,1.2
UAL2657,1806,0.0141,11.1,0.0,1.2
UAL2657,1807,0.0,0.0,0.0,1.0
UAL2657,1808,0.0,0.0,0.0,1.0
UAL2657,1809,0.0,0.0,0.0,1.0
UAL2657,1810,0.0153,16.27,0.0,2.2
UAL2657,1811,0.0,0.0,0.0,1.0
UAL2657,1812,0.0,0.0,0.0,1.0
UAL2657,1813,0.0,0.0,0.0,1.0
UAL2657,1814,0.0,0.0,0.0,1.0
UAL2657,1815,0.0,0.0,0.0,1.0
UAL2657,1816,0.0,0.0,0.0,1.0
UAL2657,1817,0.0,0.0,0.0,1.0
UAL2657,1818,0.0,0.0,0.0,1.0
UAL2657,1819,0.0,0.0,0.0,1.0
UAL2657,1820,0.0,0.0,0.0,1.0
UAL2657,1821,0.0,0.0,0.0,1.0
UAL2657,1822,0.0,0.0,0.0,1.0
UAL2657,1823,0.0,0.0,0.0,1.0
UAL2657,1824,0.0,0.0,0.0,1.0
UAL2657,1825,0.0,0.0,0.0,1.0
UAL2657,1826,0.0,0.0,0.0,1.0
UAL2657,1827,0.0,0.0,0.0,1.0
UAL2657,1828,0.0,0.0,0.0,1.0
UAL2657,1829,0.0097,10.86,0.0,2.1
UAL2657,1830,0.0,0.0,0.0,1.0
UAL2657,1831,0.0,0.0,0.0,1.0
UAL2657,1832,0.0,0.0,0.0,1.0
UAL2657,1833,0.0,0.0,0.0,1.0
UAL2657,1834,0.0,0.0,0.0,1.0
UAL2657,1835,0.0,0.0,0.0,1.0
UAL2657,1836,0.0,0.0,0.0,1.0
UAL2657,1837,0.0,0.0,0.0,1.0
UAL2657,1838,0.0,0.0,0.0,1.0
UAL2657,1839,0.0,0.0,0.0,1.0
UAL2657,1840,0.0,0.0,0.0,1.0
UAL2657,1841,0.0,0.0,0.0,1.0
UAL2657,1842,0.0,0.0,0.0,1.0
UAL2657,1843,0.0,0.0,0.0,1.0
UAL2657,1844,0.0,0.0,0.0,1.0
UAL2657,1845,0.0,0.0,0.0,1.0
UAL2657,1846,0.0,0.0,0.0,1.0
UAL2657,1847,0.0078,16.17,0.0,1.2
UAL2657,1848,0.0041,15.92,0.0,1.1
UAL2657,1849,0.0,0.0,0.0,1.0
UAL2657,1850,0.0,0.0,0.0,1.0
UAL2657,1851,0.0,0.0,0.0,1.0
UAL2657,1852,0.0,0.0,0.0,1.0
UAL2657,1853,0.0,0.0,0.0,1.0
UAL2657,1854,0.0,0.0,0.0,1.0
UAL2657,1855,0.0,0.0,0.0,1.0
UAL2657,1856,0.0105,9.39,0.0,1.5
UAL2657,1857,0.0,0.0,0.0,1.0
UAL2657,1858,0.0,0.0,0.0,1.0
UAL2657,1859,0.0,0.0,0.0,1.0
UAL2657,1860,0.0,0.0,0.0,1.0
UAL2657,1861,0.0,0.0,0.0,1.0
UAL2657,1862,0.0,0.0,0.0,1.0
UAL2657,1863,0.0,0.0,0.0,1.0
UAL2657,1864,0.0,0.0,0.0,1.0
UAL2657,1865,0.0,0.0,0.0,1.0
UAL2657,1866,0.0,0.0,0.0,1.0
UAL2657,1867,0.0,0.0,0.0,1.0
UAL2657,1868,0.0,0.0,0.0,1.0
UAL2657,1869,0.0,0.0,0.0,1.0
UAL2657,1870,0.0,0.0,0.0,1.0
UAL2657,1871,0.0,0.0,0.0,1.0
UAL2657,1872,0.0,0.0,0.0,1.0
UAL2657,1873,0.0,0.0,0.0,1.0
UAL2657,1874,0.0,0.0,0.0,1.0
UAL2657,1875,0.0,0.0,0.0,1.0
UAL2657,1876,0.015,29.52,0.0,3.0
UAL2657,1877,0.0136,12.45,0.0,1.9
UAL2657,1878,0.0,0.0,0.0,1.0
UAL2657,1879,0.0,0.0,0.0,1.0
UAL2657,1880,0.0,0.0,0.0,1.0
UAL2657,1881,0.0,0.0,0.0,1.0
UAL2657,1882,0.0,0.0,0.0,1.0
UAL2657,1883,0.0,0.0,0.0,1.0
UAL2657,1884,0.0,0.0,0.0,1.0
UAL2657,1885,0.0,0.0,0.0,1.0
UAL2657,1886,0.0,0.0,0.0,1.0
UAL2657,1887,0.0,0.0,0.0,1.0
UAL2657,1888,0.0,0.0,0.0,1.0
UAL2657,1889,0.0,0.0,0.0,1.0
UAL2657,1890,0.0248,7.53,0.0,2.1
UAL2657,1891,0.0,0.0,0.0,1.0
UAL2657,1892,0.005,3.98,0.0,1.3
UAL2657,1893,0.0,0.0,0.0,1.0
UAL2657,1894,0.0,0.0,0.0,1.0
UAL2657,1895,0.0,0.0,0.0,1.0
UAL2657,1896,0.0,0.0,0.0,1.0
UAL2657,1897,0.0,0.0,0.0,1.0
UAL2657,1898,0.0,0.0,0.0,1.0
UAL2657,1899,0.0,0.0,0.0,1.0
UAL2657,1900,0.0,0.0,0.0,1.0
UAL2657,1901,0.0,0.0,0.0,1.0
UAL2657,1902,0.0,0.0,0.0,1.0
UAL2657,1903,0.0,0.0,0.0,1.0
UAL2657,1904,0.0,0.0,0.0,1.0
UAL2657,1905,0.0,0.0,0.0,1.0
UAL2657,1906,0.0,0.0,0.0,1.0
UAL2657,1907,0.0,0.0,0.0,1.0
UAL2657,1908,0.0,0.0,0.0,1.0
UAL2657,1909,0.0,0.0,0.0,1.0
UAL2657,1910,0.0,0.0,0.0,1.0
UAL2657,1911,0.0,0.0,0.0,1.0
UAL2657,1912,0.0,0.0,0.0,1.0
UAL2657,1913,0.0,0.0,0.0,1.0
UAL2657,1914,0.0,0.0,0.0,1.0
UAL2657,1915,0.0,0.0,0.0,1.0
UAL2657,1916,0.0,0.0,0.0,1.0
UAL2657,1917,0.0,0.0,0.0,1.0
UAL2657,1918,0.0,0.0,0.0,1.0
UAL2657,1919,0.0,0.0,0.0,1.0
UAL2657,1920,0.0,0.0,0.0,1.0
UAL2657,1921,0.0,0.0,0.0,1.0
UAL2657,1922,0.0,0.0,0.0,1.0
UAL2657,1923,0.0,0.0,0.0,1.0
UAL2657,1924,0.0,0.0,0.0,1.0
UAL2657,1925,0.0,0.0,0.0,1.0
UAL2657,1926,0.0,0.0,0.0,1.0
UAL2657,1927,0.0008,8.63,0.0,1.2
UAL2657,1928,0.0,0.0,0.0,1.0
UAL2657,1929,0.0,0.0,0.0,1.0
UAL2657,1930,0.0,0.0,0.0,1.0
UAL2657,1931,0.0,0.0,0.0,1.0
UAL2657,1932,0.0,0.0,0.0,1.0
UAL2657,1933,0.0,0.0,0.0,1.0
UAL2657,1934,0.0,0.0,0.0,1.0
UAL2657,1935,0.0,0.0,0.0,1.0
UAL2657,1936,0.0,0.0,0.0,1.0
UAL2657,1937,0.0,0.0,0.0,1.0
UAL2657,1938,0.0056,4.25,0.0,1.3
UAL2657,1939,0.0,0.0,0.0,1.0
UAL2657,1940,0.0,0.0,0.0,1.0
UAL2657,1941,0.0,0.0,0.0,1.0
UAL2657,1942,0.0,0.0,0.0,1.0
UAL2657,1943,0.0,0.0,0.0,1.0
UAL2657,1944,0.0,0.0,0.0,1.0
UAL2657,1945,0.0,0.0,0.0,1.0
UAL2657,1946,0.0,0.0,0.0,1.0
UAL2657,1947,0.0075,2.88,0.0,1.1
UAL2657,1948,0.0,0.0,0.0,1.0
UAL2657,1949,0.0,0.0,0.0,1.0
UAL2657,1950,0.0,0.0,0.0,1.0
UAL2657,1951,0.0,0.0,0.0,1.0
UAL2657,1952,0.001,4.58,0.0,1.1
UAL2657,1953,0.0,0.0,0.0,1.0
UAL2657,1954,0.0,0.0,0.0,1.0
UAL2657,1955,0.0,0.0,0.0,1.0
UAL2657,1956,0.0,0.0,0.0,1.0
UAL2657,1957,0.0099,8.1,0.0,2.8
UAL2657,1958,0.0,0.0,0.0,1.0
UAL2657,1959,0.0,0.0,0.0,1.0
UAL2657,1960,0.0,0.0,0.0,1.0
UAL2657,1961,0.0,0.0,0.0,1.0
UAL2657,1962,0.0032,9.35,0.0,1.2
UAL2657,1963,0.0,0.0,0.0,1.0
UAL2657,1964,0.0,0.0,0.0,1.0
UAL2657,1965,0.0,0.0,0.0,1.0
UAL2657,1966,0.0,0.0,0.0,1.0
UAL2657,1967,0.0,0.0,0.0,1.0
UAL2657,1968,0.0,0.0,0.0,1.0
UAL2657,1969,0.0,0.0,0.0,1.0
UAL2657,1970,0.0,0.0,0.0,1.0
UAL2657,1971,0.0,0.0,0.0,1.0
UAL2657,1972,0.0,0.0,0.0,1.0
UAL2657,1973,0.0,0.0,0.0,1.0
UAL2657,1974,0.0,0.0,0.0,1.0
UAL2657,1975,0.0,0.0,0.0,1.0
UAL2657,1976,0.0,0.0,0.0,1.0
UAL2657,1977,0.0,0.0,0.0,1.0
UAL2657,1978,0.012,18.31,0.0,2.2
UAL2657,1979,0.0,0.0,0.0,1.0
UAL2657,1980,0.0,0.0,0.0,1.0
UAL2657,1981,0.0,0.0,0.0,1.0
UAL2657,1982,0.0,0.0,0.0,1.0
UAL2657,1983,0.0,0.0,0.0,1.0
UAL2657,1984,0.0,0.0,0.0,1.0
UAL2657,1985,0.0,0.0,0.0,1.0
UAL2657,1986,0.0,0.0,0.0,1.0
UAL2657,1987,0.0,0.0,0.0,1.0
UAL2657,1988,0.0,0.0,0.0,1.0
UAL2657,1989,0.0,0.0,0.0,1.0
UAL2657,1990,0.0,0.0,0.0,1.0
UAL2657,1991,0.0,0.0,0.0,1.0
UAL2657,1992,0.0,0.0,0.0,1.0
UAL2657,1993,0.0,0.0,0.0,1.0
UAL2657,1994,0.0,0.0,0.0,1.0
UAL2657,1995,0.0,0.0,0.0,1.0
UAL2657,1996,0.0,0.0,0.0,1.0
UAL2657,1997,0.0,0.0,0.0,1.0
UAL2657,1998,0.0,0.0,0.0,1.0
UAL2657,1999,0.0,0.0,0.0,1.0
UAL2657,2000,0.0,0.0,0.0,1.0
UAL2657,2001,0.0,0.0,0.0,1.0
UAL2657,2002,0.0,0.0,0.0,1.0
UAL2657,2003,0.0,0.0,0.0,1.0
UAL2657,2004,0.0,0.0,0.0,1.0
UAL2657,2005,0.0,0.0,0.0,1.0
UAL2657,2006,0.0,0.0,0.0,1.0
UAL2657,2007,0.0,0.0,0.0,1.0
UAL2657,2008,0.0,0.0,0.0,1.0
UAL2657,2009,0.0,0.0,0.0,1.0
UAL2657,2010,0.0,0.0,0.0,1.0
UAL2657,2011,0.0,0.0,0.0,1.0
UAL2657,2012,0.0,0.0,0.0,1.0
UAL2657,2013,0.0,0.0,0.0,1.0
UAL2657,2014,0.0,0.0,0.0,1.0
UAL2657,2015,0.0,0.0,0.0,1.0
UAL2657,2016,0.0,0.0,0.0,1.0
UAL2657,2017,0.0,0.0,0.0,1.0
UAL2657,2018,0.0,0.0,0.0,1.0
UAL2657,2019,0.0,0.0,0.0,1.0
UAL2657,2020,0.0,0.0,0.0,1.0
UAL2657,2021,0.0,0.0,0.0,1.0
UAL2657,2022,0.0147,13.02,0.0,2.0
UAL2657,2023,0.0,0.0,0.0,1.0
UAL2657,2024,0.0,0.0,0.0,1.0
UAL2657,2025,0.0,0.0,0.0,1.0
UAL2657,2026,0.0,0.0,0.0,1.0
UAL2657,2027,0.0042,15.2,0.0,1.1
UAL2657,2028,0.0,0.0,0.0,1.0
UAL2657,2029,0.0,0.0,0.0,1.0
UAL2657,2030,0.0,0.0,0.0,1.0
UAL2657,2031,0.0,0.0,0.0,1.0
UAL2657,2032,0.0,0.0,0.0,1.0
UAL2657,2033,0.0,0.0,0.0,1.0
UAL2657,2034,0.0,0.0,0.0,1.0
UAL2657,2035,0.0,0.0,0.0,1.0
UAL2657,2036,0.0,0.0,0.0,1.0
UAL2657,2037,0.0,0.0,0.0,1.0
UAL2657,2038,0.0,0.0,0.0,1.0
UAL2657,2039,0.0,0.0,0.0,1.0
UAL2657,2040,0.0,0.0,0.0,1.0
UAL2657,2041,0.0,0.0,0.0,1.0
UAL2657,2042,0.0,0.0,0.0,1.0
UAL2657,2043,0.0,0.0,0.0,1.0
UAL2657,2044,0.0,0.0,0.0,1.0
UAL2657,2045,0.0,0.0,0.0,1.0
UAL2657,2046,0.0,0.0,0.0,1.0
UAL2657,2047,0.0,0.0,0.0,1.0
UAL2657,2048,0.0,0.0,0.0,1.0
UAL2657,2049,0.02,14.5,0.0,2.0
UAL2657,2050,0.0,0.0,0.0,1.0
UAL2657,2051,0.0,0.0,0.0,1.0
UAL2657,2052,0.0,0.0,0.0,1.0
UAL2657,2053,0.0,0.0,0.0,1.0
UAL2657,2054,0.0,0.0,0.0,1.0
UAL2657,2055,0.0,0.0,0.0,1.0
UAL2657,2056,0.0,0.0,0.0,1.0
UAL2657,2057,0.0,0.0,0.0,1.0
UAL2657,2058,0.0,0.0,0.0,1.0
UAL2657,2059,0.0,0.0,0.0,1.0
UAL2657,2060,0.0,0.0,0.0,1.0
UAL2657,2061,0.0,0.0,0.0,1.0
UAL2657,2062,0.0,0.0,0.0,1.0
UAL2657,2063,0.0,0.0,0.0,1.0
UAL2657,2064,0.0,0.0,0.0,1.0
UAL2657,2065,0.0,0.0,0.0,1.0
UAL2657,2066,0.0,0.0,0.0,1.0
UAL2657,2067,0.0084,7.37,0.0,2.2
UAL2657,2068,0.0,0.0,0.0,1.0
UAL2657,2069,0.0,0.0,0.0,1.0
UAL2657,2070,0.0,0.0,0.0,1.0
UAL2657,2071,0.0,0.0,0.0,1.0
UAL2657,2072,0.0,0.0,0.0,1.0
UAL2657,2073,0.0,0.0,0.0,1.0
UAL2657,2074,0.0,0.0,0.0,1.0
UAL2657,2075,0.0,0.0,0.0,1.0
UAL2657,2076,0.0,0.0,0.0,1.0
UAL2657,2077,0.0,0.0,0.0,1.0
UAL2657,2078,0.0,0.0,0.0,1.0
UAL2657,2079,0.0,0.0,0.0,1.0
UAL2657,2080,0.0,0.0,0.0,1.0
UAL2657,2081,0.0,0.0,0.0,1.0
UAL2657,2082,0.0,0.0,0.0,1.0
UAL2657,2083,0.0,0.0,0.0,1.0
UAL2657,2084,0.0,0.0,0.0,1.0
UAL2657,2085,0.0,0.0,0.0,1.0
UAL2657,2086,0.0,0.0,0.0,1.0
UAL2657,2087,0.0,0.0,0.0,1.0
UAL2657,2088,0.0,0.0,0.0,1.0
UAL2657,2089,0.0,0.0,0.0,1.0
UAL2657,2090,0.0,0.0,0.0,1.0
UAL2657,2091,0.0,0.0,0.0,1.0
UAL2657,2092,0.0,0.0,0.0,1.0
UAL2657,2093,0.0,0.0,0.0,1.0
UAL2657,2094,0.0,0.0,0.0,1.0
UAL2657,2095,0.0097,36.43,0.0,3.2
UAL2657,2096,0.0,0.0,0.0,1.0
UAL2657,2097,0.0,0.0,0.0,1.0
UAL2657,2098,0.0,0.0,0.0,1.0
UAL2657,2099,0.0,0.0,0.0,1.0
UAL2657,2100,0.0,0.0,0.0,1.0
UAL2657,2101,0.0,0.0,0.0,1.0
UAL2657,2102,0.0,0.0,0.0,1.0
UAL2657,2103,0.0,0.0,0.0,1.0
UAL2657,2104,0.0,0.0,0.0,1.0
UAL2657,2105,0.0,0.0,0.0,1.0
UAL2657,2106,0.0,0.0,0.0,1.0
UAL2657,2107,0.0,0.0,0.0,1.0
UAL2657,2108,0.0,0.0,0.0,1.0
UAL2657,2109,0.0,0.0,0.0,1.0
UAL2657,2110,0.0,0.0,0.0,1.0
UAL2657,2111,0.0,0.0,0.0,1.0
UAL2657,2112,0.0,0.0,0.0,1.0
UAL2657,2113,0.0,0.0,0.0,1.0
UAL2657,2114,0.0,0.0,0.0,1.0
UAL2657,2115,0.0,0.0,0.0,1.0
UAL2657,2116,0.0,0.0,0.0,1.0
UAL2657,2117,0.0,0.0,0.0,1.0
UAL2657,2118,0.0,0.0,0.0,1.0
UAL2657,2119,0.0,0.0,0.0,1.0
UAL2657,2120,0.0,0.0,0.0,1.0
UAL2657,2121,0.0,0.0,0.0,1.0
UAL2657,2122,0.0,0.0,0.0,1.0
UAL2657,2123,0.0,0.0,0.0,1.0
UAL2657,2124,0.0,0.0,0.0,1.0
UAL2657,2125,0.0,0.0,0.0,1.0
UAL2657,2126,0.0,0.0,0.0,1.0
UAL2657,2127,0.0,0.0,0.0,1.0
UAL2657,2128,0.0,0.0,0.0,1.0
UAL2657,2129,0.0,0.0,0.0,1.0
UAL2657,2130,0.0,0.0,0.0,1.0
UAL2657,2131,0.0,0.0,0.0,1.0
UAL2657,2132,0.0,0.0,0.0,1.0
UAL2657,2133,0.0,0.0,0.0,1.0
UAL2657,2134,0.0088,36.51,0.0,3.5
UAL2657,2135,0.0,0.0,0.0,1.0
UAL2657,2136,0.0,0.0,0.0,1.0
UAL2657,2137,0.0,0.0,0.0,1.0
UAL2657,2138,0.0,0.0,0.0,1.0
UAL2657,2139,0.0,0.0,0.0,1.0
UAL2657,2140,0.0,0.0,0.0,1.0
UAL2657,2141,0.0,0.0,0.0,1.0
UAL2657,2142,0.0,0.0,0.0,1.0
UAL2657,2143,0.0,0.0,0.0,1.0
UAL2657,2144,0.0111,29.36,0.0,2.3
UAL2657,2145,0.0,0.0,0.0,1.0
UAL2657,2146,0.0,0.0,0.0,1.0
UAL2657,2147,0.0,0.0,0.0,1.0
UAL2657,2148,0.0,0.0,0.0,1.0
UAL2657,2149,0.0,0.0,0.0,1.0
UAL2657,2150,0.0,0.0,0.0,1.0
UAL2657,2151,0.0,0.0,0.0,1.0
UAL2657,2152,0.0,0.0,0.0,1.0
UAL2657,2153,0.0,0.0,0.0,1.0
UAL2657,2154,0.0,0.0,0.0,1.0
UAL2657,2155,0.0,0.0,0.0,1.0
UAL2657,2156,0.0,0.0,0.0,1.0
UAL2657,2157,0.0,0.0,0.0,1.0
UAL2657,2158,0.0,0.0,0.0,1.0
UAL2657,2159,0.0,0.0,0.0,1.0
UAL2657,2160,0.0,0.0,0.0,1.0
UAL2657,2161,0.0,0.0,0.0,1.0
UAL2657,2162,0.0,0.0,0.0,1.0
UAL2657,2163,0.0,0.0,0.0,1.0
UAL2657,2164,0.0,0.0,0.0,1.0
UAL2657,2165,0.0,0.0,0.0,1.0
UAL2657,2166,0.0,0.0,0.0,1.0
UAL2657,2167,0.0,0.0,0.0,1.0
UAL2657,2168,0.0,0.0,0.0,1.0
UAL2657,2169,0.0041,20.37,0.0,1.4
UAL2657,2170,0.0,0.0,0.0,1.0
UAL2657,2171,0.0,0.0,0.0,1.0
UAL2657,2172,0.0,0.0,0.0,1.0
UAL2657,2173,0.0,0.0,0.0,1.0
UAL2657,2174,0.0,0.0,0.0,1.0
UAL2657,2175,0.0,0.0,0.0,1.0
UAL2657,2176,0.0,0.0,0.0,1.0
UAL2657,2177,0.0,0.0,0.0,1.0
UAL2657,2178,0.0,0.0,0.0,1.0
UAL2657,2179,0.0068,4.63,0.0,1.2
UAL2657,2180,0.0,0.0,0.0,1.0
UAL2657,2181,0.0,0.0,0.0,1.0
UAL2657,2182,0.0,0.0,0.0,1.0
UAL2657,2183,0.0,0.0,0.0,1.0
UAL2657,2184,0.0,0.0,0.0,1.0
UAL2657,2185,0.0,0.0,0.0,1.0
UAL2657,2186,0.0,0.0,0.0,1.0
UAL2657,2187,0.0,0.0,0.0,1.0
UAL2657,2188,0.0,0.0,0.0,1.0
UAL2657,2189,0.0,0.0,0.0,1.0
UAL2657,2190,0.0,0.0,0.0,1.0
UAL2657,2191,0.0,0.0,0.0,1.0
UAL2657,2192,0.0,0.0,0.0,1.0
UAL2657,2193,0.0,0.0,0.0,1.0
UAL2657,2194,0.0,0.0,0.0,1.0
UAL2657,2195,0.0,0.0,0.0,1.0
UAL2657,2196,0.0,0.0,0.0,1.0
UAL2657,2197,0.0,0.0,0.0,1.0
UAL2657,2198,0.0,0.0,0.0,1.0
UAL2657,2199,0.0,0.0,0.0,1.0
UAL2657,2200,0.0,0.0,0.0,1.0
UAL2657,2201,0.0,0.0,0.0,1.0
UAL2657,2202,0.0,0.0,0.0,1.0
UAL2657,2203,0.0,0.0,0.0,1.0
UAL2657,2204,0.0,0.0,0.0,1.0
UAL2657,2205,0.0,0.0,0.0,1.0
UAL2657,2206,0.0105,4.59,0.0,1.4
UAL2657,2207,0.0,0.0,0.0,1.0
UAL2657,2208,0.0,0.0,0.0,1.0
UAL2657,2209,0.0,0.0,0.0,1.0
UAL2657,2210,0.0003,2.23,0.0,1.1
UAL2657,2211,0.0,0.0,0.0,1.0
UAL2657,2212,0.0,0.0,0.0,1.0
UAL2657,2213,0.0,0.0,0.0,1.0
UAL2657,2214,0.0,0.0,0.0,1.0
UAL2657,2215,0.0,0.0,0.0,1.0
UAL2657,2216,0.0,0.0,0.0,1.0
UAL2657,2217,0.0,0.0,0.0,1.0
UAL2657,2218,0.0,0.0,0.0,1.0
UAL2657,2219,0.0,0.0,0.0,1.0
UAL2657,2220,0.0,0.0,0.0,1.0
UAL2657,2221,0.0,0.0,0.0,1.0
UAL2657,2222,0.0,0.0,0.0,1.0
UAL2657,2223,0.0,0.0,0.0,1.0
UAL2657,2224,0.0,0.0,0.0,1.0
UAL2657,2225,0.0,0.0,0.0,1.0
UAL2657,2226,0.0,0.0,0.0,1.0
UAL2657,2227,0.0,0.0,0.0,1.0
UAL2657,2228,0.0,0.0,0.0,1.0
UAL2657,2229,0.0,0.0,0.0,1.0
UAL2657,2230,0.0,0.0,0.0,1.0
UAL2657,2231,0.0,0.0,0.0,1.0
UAL2657,2232,0.0013,1.93,0.0,1.0
UAL2657,2233,0.0026,10.42,0.0,1.1
UAL2657,2234,0.0,0.0,0.0,1.0
UAL2657,2235,0.0,0.0,0.0,1.0
UAL2657,2236,0.0,0.0,0.0,1.0
UAL2657,2237,0.0012,6.11,0.0,1.1
UAL2657,2238,0.0,0.0,0.0,1.0
UAL2657,2239,0.0,0.0,0.0,1.0
UAL2657,2240,0.0,0.0,0.0,1.0
UAL2657,2241,0.0088,5.53,0.0,2.0
UAL2657,2242,0.0,0.0,0.0,1.0
UAL2657,2243,0.0,0.0,0.0,1.0
UAL2657,2244,0.0,0.0,0.0,1.0
UAL2657,2245,0.0024,2.77,0.0,1.1
UAL2657,2246,0.0,0.0,0.0,1.0
UAL2657,2247,0.0,0.0,0.0,1.0
UAL2657,2248,0.0,0.0,0.0,1.0
UAL2657,2249,0.0,0.0,0.0,1.0
UAL2657,2250,0.0,0.0,0.0,1.0
UAL2657,2251,0.0,0.0,0.0,1.0
UAL2657,2252,0.0,0.0,0.0,1.0
UAL2657,2253,0.0,0.0,0.0,1.0
UAL2657,2254,0.0,0.0,0.0,1.0
UAL2657,2255,0.0,0.0,0.0,1.0
UAL2657,2256,0.0,0.0,0.0,1.0
UAL2657,2257,0.0,0.0,0.0,1.0
UAL2657,2258,0.0,0.0,0.0,1.0
UAL2657,2259,0.0,0.0,0.0,1.0
UAL2657,2260,0.0,0.0,0.0,1.0
UAL2657,2261,0.0,0.0,0.0,1.0
UAL2657,2262,0.0,0.0,0.0,1.0
UAL2657,2263,0.0,0.0,0.0,1.0
UAL2657,2264,0.0,0.0,0.0,1.0
UAL2657,2265,0.0,0.0,0.0,1.0
UAL2657,2266,0.0,0.0,0.0,1.0
UAL2657,2267,0.0,0.0,0.0,1.0
UAL2657,2268,0.0013,9.22,0.0,1.0
UAL2657,2269,0.0,0.0,0.0,1.0
UAL2657,2270,0.0,0.0,0.0,1.0
UAL2657,2271,0.0,0.0,0.0,1.0
UAL2657,2272,0.0065,6.78,0.0,2.1
UAL2657,2273,0.0,0.0,0.0,1.0
UAL2657,2274,0.0,0.0,0.0,1.0
UAL2657,2275,0.0,0.0,0.0,1.0
UAL2657,2276,0.0,0.0,0.0,1.0
UAL2657,2277,0.0,0.0,0.0,1.0
UAL2657,2278,0.0,0.0,0.0,1.0
UAL2657,2279,0.0,0.0,0.0,1.0
UAL2657,2280,0.0,0.0,0.0,1.0
UAL2657,2281,0.0,0.0,0.0,1.0
UAL2657,2282,0.0,0.0,0.0,1.0
UAL2657,2283,0.0,0.0,0.0,1.0
UAL2657,2284,0.0,0.0,0.0,1.0
UAL2657,2285,0.0113,12.68,0.0,1.1
UAL2657,2286,0.0,0.0,0.0,1.0
UAL2657,2287,0.0,0.0,0.0,1.0
UAL2657,2288,0.0,0.0,0.0,1.0
UAL2657,2289,0.0,0.0,0.0,1.0
UAL2657,2290,0.0,0.0,0.0,1.0
UAL2657,2291,0.0,0.0,0.0,1.0
UAL2657,2292,0.0,0.0,0.0,1.0
UAL2657,2293,0.0,0.0,0.0,1.0
UAL2657,2294,0.0,0.0,0.0,1.0
UAL2657,2295,0.0,0.0,0.0,1.0
UAL2657,2296,0.0,0.0,0.0,1.0
UAL2657,2297,0.0,0.0,0.0,1.0
UAL2657,2298,0.0,0.0,0.0,1.0
UAL2657,2299,0.0,0.0,0.0,1.0
UAL2657,2300,0.0,0.0,0.0,1.0
UAL2657,2301,0.0,0.0,0.0,1.0
UAL2657,2302,0.0,0.0,0.0,1.0
UAL2657,2303,0.0,0.0,0.0,1.0
UAL2657,2304,0.0,0.0,0.0,1.0
UAL2657,2305,0.0,0.0,0.0,1.0
UAL2657,2306,0.0,0.0,0.0,1.0
UAL2657,2307,0.0,0.0,0.0,1.0
UAL2657,2308,0.0,0.0,0.0,1.0
UAL2657,2309,0.0,0.0,0.0,1.0
UAL2657,2310,0.0,0.0,0.0,1.0
UAL2657,2311,0.0022,3.71,0.0,1.1
UAL2657,2312,0.0,0.0,0.0,1.0
UAL2657,2313,0.0,0.0,0.0,1.0
UAL2657,2314,0.0,0.0,0.0,1.0
UAL2657,2315,0.0,0.0,0.0,1.0
UAL2657,2316,0.0,0.0,0.0,1.0
UAL2657,2317,0.0,0.0,0.0,1.0
UAL2657,2318,0.0,0.0,0.0,1.0
UAL2657,2319,0.0207,13.55,0.0,1.4
UAL2657,2320,0.0,0.0,0.0,1.0
UAL2657,2321,0.0,0.0,0.0,1.0
UAL2657,2322,0.0,0.0,0.0,1.0
UAL2657,2323,0.0,0.0,0.0,1.0
UAL2657,2324,0.0,0.0,0.0,1.0
UAL2657,2325,0.0,0.0,0.0,1.0
UAL2657,2326,0.0,0.0,0.0,1.0
UAL2657,2327,0.0,0.0,0.0,1.0
UAL2657,2328,0.0,0.0,0.0,1.0
UAL2657,2329,0.0,0.0,0.0,1.0
UAL2657,2330,0.0,0.0,0.0,1.0
UAL2657,2331,0.0,0.0,0.0,1.0
UAL2657,2332,0.0,0.0,0.0,1.0
UAL2657,2333,0.0,0.0,0.0,1.0
UAL2657,2334,0.0,0.0,0.0,1.0
UAL2657,2335,0.0,0.0,0.0,1.0
UAL2657,2336,0.0,0.0,0.0,1.0
UAL2657,2337,0.0,0.0,0.0,1.0
UAL2657,2338,0.0,0.0,0.0,1.0
UAL2657,2339,0.0,0.0,0.0,1.0
UAL2657,2340,0.0,0.0,0.0,1.0
UAL2657,2341,0.0,0.0,0.0,1.0
UAL2657,2342,0.0,0.0,0.0,1.0
UAL2657,2343,0.0,0.0,0.0,1.0
UAL2657,2344,0.0161,22.93,0.0,4.0
UAL2657,2345,0.0,0.0,0.0,1.0
UAL2657,2346,0.0,0.0,0.0,1.0
UAL2657,2347,0.0,0.0,0.0,1.0
UAL2657,2348,0.0059,17.8,0.0,1.6
UAL2657,2349,0.0,0.0,0.0,1.0
UAL2657,2350,0.0,0.0,0.0,1.0
UAL2657,2351,0.0,0.0,0.0,1.0
UAL2657,2352,0.0,0.0,0.0,1.0
UAL2657,2353,0.0,0.0,0.0,1.0
UAL2657,2354,0.0,0.0,0.0,1.0
UAL2657,2355,0.0,0.0,0.0,1.0
UAL2657,2356,0.0,0.0,0.0,1.0
UAL2657,2357,0.0,0.0,0.0,1.0
UAL2657,2358,0.0,0.0,0.0,1.0
UAL2657,2359,0.0,0.0,0.0,1.0
UAL2657,2360,0.0,0.0,0.0,1.0
UAL2657,2361,0.0,0.0,0.0,1.0
UAL2657,2362,0.0,0.0,0.0,1.0
UAL2657,2363,0.0,0.0,0.0,1.0
UAL2657,2364,0.0,0.0,0.0,1.0
UAL2657,2365,0.0,0.0,0.0,1.0
UAL2657,2366,0.0101,11.91,0.0,2.3
UAL2657,2367,0.0,0.0,0.0,1.0
UAL2657,2368,0.0,0.0,0.0,1.0
UAL2657,2369,0.0,0.0,0.0,1.0
UAL2657,2370,0.0,0.0,0.0,1.0
UAL2657,2371,0.0042,1.69,0.0,1.0
UAL2657,2372,0.0,0.0,0.0,1.0
UAL2657,2373,0.0045,1.8,0.0,1.0
UAL2657,2374,0.0,0.0,0.0,1.0
UAL2657,2375,0.0,0.0,0.0,1.0
UAL2657,2376,0.0,0.0,0.0,1.0
UAL2657,2377,0.0,0.0,0.0,1.0
UAL2657,2378,0.0,0.0,0.0,1.0
UAL2657,2379,0.0,0.0,0.0,1.0
UAL2657,2380,0.0,0.0,0.0,1.0
UAL2657,2381,0.0,0.0,0.0,1.0
UAL2657,2382,0.0,0.0,0.0,1.0
UAL2657,2383,0.0,0.0,0.0,1.0
UAL2657,2384,0.0,0.0,0.0,1.0
UAL2657,2385,0.0,0.0,0.0,1.0
UAL2657,2386,0.0,0.0,0.0,1.0
UAL2657,2387,0.0,0.0,0.0,1.0
UAL2657,2388,0.0,0.0,0.0,1.0
UAL2657,2389,0.0,0.0,0.0,1.0
UAL2657,2390,0.0,0.0,0.0,1.0
UAL2657,2391,0.0,0.0,0.0,1.0
UAL2657,2392,0.0,0.0,0.0,1.0
UAL2657,2393,0.0,0.0,0.0,1.0
UAL2657,2394,0.0,0.0,0.0,1.0
UAL2657,2395,0.0,0.0,0.0,1.0
UAL2657,2396,0.0,0.0,0.0,1.0
UAL2657,2397,0.0,0.0,0.0,1.0
UAL2657,2398,0.0,0.0,0.0,1.0
UAL2657,2399,0.0,0.0,0.0,1.0
UAL2657,2400,0.0,0.0,0.0,1.0
UAL2657,2401,0.0,0.0,0.0,1.0
UAL2657,2402,0.0,0.0,0.0,1.0
UAL2657,2403,0.0,0.0,0.0,1.0
UAL2657,2404,0.0,0.0,0.0,1.0
UAL2657,2405,0.0,0.0,0.0,1.0
UAL2657,2406,0.0,0.0,0.0,1.0
UAL2662,1,0.0,0.0,0.0,1.0
UAL2662,2,0.0,0.0,0.0,1.0
UAL2662,3,0.0063,11.9,0.0,2.5
UAL2662,4,0.0,0.0,0.0,1.0
UAL2662,5,0.0,0.0,0.0,1.0
UAL2662,6,0.0,0.0,0.0,1.0
UAL2662,7,0.0065,14.56,0.0,3.3
UAL2662,8,0.0,0.0,0.0,1.0
UAL2662,9,0.0003,1.3,0.0,1.0
UAL2662,10,0.0019,10.26,0.0,2.2
UAL2662,11,0.0,0.0,0.0,1.0
UAL2662,12,0.0,0.0,0.0,1.0
UAL2662,13,0.0,0.0,0.0,1.0
UAL2662,14,0.0058,5.65,0.0,1.9
UAL2662,15,0.0,0.0,0.0,1.0
UAL2662,16,0.0,0.0,0.0,1.0
UAL2662,17,0.0,0.0,0.0,1.0
UAL2662,18,0.0,0.0,0.0,1.0
UAL2662,19,0.0,0.0,0.0,1.0
UAL2662,20,0.0,0.0,0.0,1.0
UAL2662,21,0.0,0.0,0.0,1.0
UAL2662,22,0.0,0.0,0.0,1.0
UAL2662,23,0.0,0.0,0.0,1.0
UAL2662,24,0.0,0.0,0.0,1.0
UAL2662,25,0.0,0.0,0.0,1.0
UAL2662,26,0.0026,4.27,0.0,1.0
UAL2662,27,0.0,0.0,0.0,1.0
UAL2662,28,0.0,0.0,0.0,1.0
UAL2662,29,0.0,0.0,0.0,1.0
UAL2662,30,0.0,0.0,0.0,1.0
UAL2662,31,0.0,0.0,0.0,1.0
UAL2662,32,0.007,13.28,0.0,1.1
UAL2662,33,0.0,0.0,0.0,1.0
UAL2662,34,0.0,0.0,0.0,1.0
UAL2662,35,0.0,0.0,0.0,1.0
UAL2662,36,0.0,0.0,0.0,1.0
UAL2662,37,0.0,0.0,0.0,1.0
UAL2662,38,0.0,0.0,0.0,1.0
UAL2662,39,0.0,0.0,0.0,1.0
UAL2662,40,0.0071,0.0,0.0,1.1
UAL2662,41,0.0,0.0,0.0,1.0
UAL2662,42,0.0,0.0,0.0,1.0
UAL2662,43,0.0,0.0,0.0,1.0
UAL2662,44,0.0,0.0,0.0,1.0
UAL2662,45,0.0,0.0,0.0,1.0
UAL2662,46,0.0,0.0,0.0,1.0
UAL2662,47,0.0,0.0,0.0,1.0
UAL2662,48,0.0,0.0,0.0,1.0
UAL2662,49,0.0,0.0,0.0,1.0
UAL2662,50,0.0,0.0,0.0,1.0
UAL2662,51,0.0,0.0,0.0,1.0
UAL2662,52,0.0,0.0,0.0,1.0
UAL2662,53,0.0,0.0,0.0,1.0
UAL2662,54,0.0,0.0,0.0,1.0
UAL2662,55,0.0,0.0,0.0,1.0
UAL2662,56,0.0,0.0,0.0,1.0
UAL2662,57,0.0,0.0,0.0,1.0
UAL2662,58,0.0,0.0,0.0,1.0
UAL2662,59,0.0,0.0,0.0,1.0
UAL2662,60,0.0,0.0,0.0,1.0
UAL2662,61,0.0,0.0,0.0,1.0
UAL2662,62,0.0,0.0,0.0,1.0
UAL2662,63,0.0,0.0,0.0,1.0
UAL2662,64,0.0,0.0,0.0,1.0
UAL2662,65,0.0,0.0,0.0,1.0
UAL2662,66,0.0,0.0,0.0,1.0
UAL2662,67,0.0,0.0,0.0,1.0
UAL2662,68,0.0,0.0,0.0,1.0
UAL2662,69,0.0,0.0,0.0,1.0
UAL2662,70,0.001,0.0,0.0,1.0
UAL2662,71,0.0,0.0,0.0,1.0
UAL2662,72,0.0,0.0,0.0,1.0
UAL2662,73,0.0046,22.52,0.0,1.9
UAL2662,74,0.0,0.0,0.0,1.0
UAL2662,75,0.0,0.0,0.0,1.0
UAL2662,76,0.0,0.0,0.0,1.0
UAL2662,77,0.0,0.0,0.0,1.0
UAL2662,78,0.0065,3.16,0.0,1.6
UAL2662,79,0.0,0.0,0.0,1.0
UAL2662,80,0.0,0.0,0.0,1.0
UAL2662,81,0.0,0.0,0.0,1.0
UAL2662,82,0.0,0.0,0.0,1.0
UAL2662,83,0.0,0.0,0.0,1.0
UAL2662,84,0.0,0.0,0.0,1.0
UAL2662,85,0.0,0.0,0.0,1.0
UAL2662,86,0.0,0.0,0.0,1.0
UAL2662,87,0.0,0.0,0.0,1.0
UAL2662,88,0.0,0.0,0.0,1.0
UAL2662,89,0.0,0.0,0.0,1.0
UAL2662,90,0.0,0.0,0.0,1.0
UAL2662,91,0.0,0.0,0.0,1.0
UAL2662,92,0.0,0.0,0.0,1.0
UAL2662,93,0.0,0.0,0.0,1.0
UAL2662,94,0.0,0.0,0.0,1.0
UAL2662,95,0.0,0.0,0.0,1.0
UAL2662,96,0.0,0.0,0.0,1.0
UAL2662,97,0.0,0.0,0.0,1.0
UAL2662,98,0.0,0.0,0.0,1.0
UAL2662,99,0.0,0.0,0.0,1.0
UAL2662,100,0.0,0.0,0.0,1.0
UAL2662,101,0.0,0.0,0.0,1.0
UAL2662,102,0.0,0.0,0.0,1.0
UAL2662,103,0.0,0.0,0.0,1.0
UAL2662,104,0.0,0.0,0.0,1.0
UAL2662,105,0.0,0.0,0.0,1.0
UAL2662,106,0.0,0.0,0.0,1.0
UAL2662,107,0.0,0.0,0.0,1.0
UAL2662,108,0.0,0.0,0.0,1.0
UAL2662,109,0.0,0.0,0.0,1.0
UAL2662,110,0.0,0.0,0.0,1.0
UAL2662,111,0.0,0.0,0.0,1.0
UAL2662,112,0.0,0.0,0.0,1.0
UAL2662,113,0.0,0.0,0.0,1.0
UAL2662,114,0.0,0.0,0.0,1.0
UAL2662,115,0.0,0.0,0.0,1.0
UAL2662,116,0.0,0.0,0.0,1.0
UAL2662,117,0.0,0.0,0.0,1.0
UAL2662,118,0.0,0.0,0.0,1.0
UAL2662,119,0.0,0.0,0.0,1.0
UAL2662,120,0.0,0.0,0.0,1.0
UAL2662,121,0.0,0.0,0.0,1.0
UAL2662,122,0.0,0.0,0.0,1.0
UAL2662,123,0.0,0.0,0.0,1.0
UAL2662,124,0.0,0.0,0.0,1.0
UAL2662,125,0.0,0.0,0.0,1.0
UAL2662,126,0.0,0.0,0.0,1.0
UAL2662,127,0.0,0.0,0.0,1.0
UAL2662,128,0.0,0.0,0.0,1.0
UAL2662,129,0.0,0.0,0.0,1.0
UAL2662,130,0.0,0.0,0.0,1.0
UAL2662,131,0.0,0.0,0.0,1.0
UAL2662,132,0.0,0.0,0.0,1.0
UAL2662,133,0.0,0.0,0.0,1.0
UAL2662,134,0.0,0.0,0.0,1.0
UAL2662,135,0.0,0.0,0.0,1.0
UAL2662,136,0.0,0.0,0.0,1.0
UAL2662,137,0.0,0.0,0.0,1.0
UAL2662,138,0.0,0.0,0.0,1.0
UAL2662,139,0.0,0.0,0.0,1.0
UAL2662,140,0.0,0.0,0.0,1.0
UAL2662,141,0.0,0.0,0.0,1.0
UAL2662,142,0.0,0.0,0.0,1.0
UAL2662,143,0.0,0.0,0.0,1.0
UAL2662,144,0.0,0.0,0.0,1.0
UAL2662,145,0.0,0.0,0.0,1.0
UAL2662,146,0.0,0.0,0.0,1.0
UAL2662,147,0.0,0.0,0.0,1.0
UAL2662,148,0.0,0.0,0.0,1.0
UAL2662,149,0.0,0.0,0.0,1.0
UAL2662,150,0.0,0.0,0.0,1.0
UAL2662,151,0.0,0.0,0.0,1.0
UAL2662,152,0.0,0.0,0.0,1.0
UAL2662,153,0.0,0.0,0.0,1.0
UAL2662,154,0.0,0.0,0.0,1.0
UAL2662,155,0.0,0.0,0.0,1.0
UAL2662,156,0.0,0.0,0.0,1.0
UAL2662,157,0.0,0.0,0.0,1.0
UAL2662,158,0.0,0.0,0.0,1.0
UAL2662,159,0.0,0.0,0.0,1.0
UAL2662,160,0.0,0.0,0.0,1.0
UAL2662,161,0.0,0.0,0.0,1.0
UAL2662,162,0.0,0.0,0.0,1.0
UAL2662,163,0.0,0.0,0.0,1.0
UAL2662,164,0.0,0.0,0.0,1.0
UAL2662,165,0.0,0.0,0.0,1.0
UAL2662,166,0.0,0.0,0.0,1.0
UAL2662,167,0.0,0.0,0.0,1.0
UAL2662,168,0.0,0.0,0.0,1.0
UAL2662,169,0.0,0.0,0.0,1.0
UAL2662,170,0.0,0.0,0.0,1.0
UAL2662,171,0.0,0.0,0.0,1.0
UAL2662,172,0.0,0.0,0.0,1.0
UAL2662,173,0.0,0.0,0.0,1.0
UAL2662,174,0.0,0.0,0.0,1.0
UAL2662,175,0.0,0.0,0.0,1.0
UAL2662,176,0.0,0.0,0.0,1.0
UAL2662,177,0.0,0.0,0.0,1.0
UAL2662,178,0.0,0.0,0.0,1.0
UAL2662,179,0.0,0.0,0.0,1.0
UAL2662,180,0.0,0.0,0.0,1.0
UAL2662,181,0.0,0.0,0.0,1.0
UAL2662,182,0.0,0.0,0.0,1.0
UAL2662,183,0.0,0.0,0.0,1.0
UAL2662,184,0.0,0.0,0.0,1.0
UAL2662,185,0.0,0.0,0.0,1.0
UAL2662,186,0.0,0.0,0.0,1.0
UAL2662,187,0.0,0.0,0.0,1.0
UAL2662,188,0.0,0.0,0.0,1.0
UAL2662,189,0.0,0.0,0.0,1.0
UAL2662,190,0.0,0.0,0.0,1.0
UAL2662,191,0.0,0.0,0.0,1.0
UAL2662,192,0.0,0.0,0.0,1.0
UAL2662,193,0.0,0.0,0.0,1.0
UAL2662,194,0.0,0.0,0.0,1.0
UAL2662,195,0.0,0.0,0.0,1.0
UAL2662,196,0.0,0.0,0.0,1.0
UAL2662,197,0.0,0.0,0.0,1.0
UAL2662,198,0.0,0.0,0.0,1.0
UAL2662,199,0.0,0.0,0.0,1.0
UAL2662,200,0.0,0.0,0.0,1.0
UAL2662,201,0.0,0.0,0.0,1.0
UAL2662,202,0.0,0.0,0.0,1.0
UAL2662,203,0.0,0.0,0.0,1.0
UAL2662,204,0.0056,7.7,0.0,1.1
UAL2662,205,0.0,0.0,0.0,1.0
UAL2662,206,0.0,0.0,0.0,1.0
UAL2662,207,0.0,0.0,0.0,1.0
UAL2662,208,0.0,0.0,0.0,1.0
UAL2662,209,0.0,0.0,0.0,1.0
UAL2662,210,0.0,0.0,0.0,1.0
UAL2662,211,0.0,0.0,0.0,1.0
UAL2662,212,0.0,0.0,0.0,1.0
UAL2662,213,0.0,0.0,0.0,1.0
UAL2662,214,0.0,0.0,0.0,1.0
UAL2662,215,0.0,0.0,0.0,1.0
UAL2662,216,0.0,0.0,0.0,1.0
UAL2662,217,0.0,0.0,0.0,1.0
UAL2662,218,0.0,0.0,0.0,1.0
UAL2662,219,0.0,0.0,0.0,1.0
UAL2662,220,0.0,0.0,0.0,1.0
UAL2662,221,0.0,0.0,0.0,1.0
UAL2662,222,0.0,0.0,0.0,1.0
UAL2662,223,0.0,0.0,0.0,1.0
UAL2662,224,0.0,0.0,0.0,1.0
UAL2662,225,0.0,0.0,0.0,1.0
UAL2662,226,0.0,0.0,0.0,1.0
UAL2662,227,0.0,0.0,0.0,1.0
UAL2662,228,0.0,0.0,0.0,1.0
UAL2662,229,0.0,0.0,0.0,1.0
UAL2662,230,0.0,0.0,0.0,1.0
UAL2662,231,0.0,0.0,0.0,1.0
UAL2662,232,0.0,0.0,0.0,1.0
UAL2662,233,0.0,0.0,0.0,1.0
UAL2662,234,0.0,0.0,0.0,1.0
UAL2662,235,0.0,0.0,0.0,1.0
UAL2662,236,0.0,0.0,0.0,1.0
UAL2662,237,0.0,0.0,0.0,1.0
UAL2662,238,0.0,0.0,0.0,1.0
UAL2662,239,0.0,0.0,0.0,1.0
UAL2662,240,0.0,0.0,0.0,1.0
UAL2662,241,0.0,0.0,0.0,1.0
UAL2662,242,0.0,0.0,0.0,1.0
UAL2662,243,0.0,0.0,0.0,1.0
UAL2662,244,0.0,0.0,0.0,1.0
UAL2662,245,0.0,0.0,0.0,1.0
UAL2662,246,0.0,0.0,0.0,1.0
UAL2662,247,0.0,0.0,0.0,1.0
UAL2662,248,0.0,0.0,0.0,1.0
UAL2662,249,0.0,0.0,0.0,1.0
UAL2662,250,0.0,0.0,0.0,1.0
UAL2662,251,0.0,0.0,0.0,1.0
UAL2662,252,0.0,0.0,0.0,1.0
UAL2662,253,0.0,0.0,0.0,1.0
UAL2662,254,0.0,0.0,0.0,1.0
UAL2662,255,0.0,0.0,0.0,1.0
UAL2662,256,0.0,0.0,0.0,1.0
UAL2662,257,0.0,0.0,0.0,1.0
UAL2662,258,0.0,0.0,0.0,1.0
UAL2662,259,0.0,0.0,0.0,1.0
UAL2662,260,0.0,0.0,0.0,1.0
UAL2662,261,0.0,0.0,0.0,1.0
UAL2662,262,0.0,0.0,0.0,1.0
UAL2662,263,0.0,0.0,0.0,1.0
UAL2662,264,0.0,0.0,0.0,1.0
UAL2662,265,0.0,0.0,0.0,1.0
UAL2662,266,0.0,0.0,0.0,1.0
UAL2662,267,0.0,0.0,0.0,1.0
UAL2662,268,0.0,0.0,0.0,1.0
UAL2662,269,0.0,0.0,0.0,1.0
UAL2662,270,0.0,0.0,0.0,1.0
UAL2662,271,0.0,0.0,0.0,1.0
UAL2662,272,0.0,0.0,0.0,1.0
UAL2662,273,0.0,0.0,0.0,1.0
UAL2662,274,0.0,0.0,0.0,1.0
UAL2662,275,0.0,0.0,0.0,1.0
UAL2662,276,0.0,0.0,0.0,1.0
UAL2662,277,0.0,0.0,0.0,1.0
UAL2662,278,0.0,0.0,0.0,1.0
UAL2662,279,0.0,0.0,0.0,1.0
UAL2662,280,0.0,0.0,0.0,1.0
UAL2662,281,0.0,0.0,0.0,1.0
UAL2662,282,0.0,0.0,0.0,1.0
UAL2662,283,0.0,0.0,0.0,1.0
UAL2662,284,0.0,0.0,0.0,1.0
UAL2662,285,0.0,0.0,0.0,1.0
UAL2662,286,0.0,0.0,0.0,1.0
UAL2662,287,0.0,0.0,0.0,1.0
UAL2662,288,0.0,0.0,0.0,1.0
UAL2662,289,0.0,0.0,0.0,1.0
UAL2662,290,0.0,0.0,0.0,1.0
UAL2662,291,0.0,0.0,0.0,1.0
UAL2662,292,0.0,0.0,0.0,1.0
UAL2662,293,0.0,0.0,0.0,1.0
UAL2662,294,0.0,0.0,0.0,1.0
UAL2662,295,0.0,0.0,0.0,1.0
UAL2662,296,0.0,0.0,0.0,1.0
UAL2662,297,0.0,0.0,0.0,1.0
UAL2662,298,0.0,0.0,0.0,1.0
UAL2662,299,0.0,0.0,0.0,1.0
UAL2662,300,0.0,0.0,0.0,1.0
UAL2662,301,0.0,0.0,0.0,1.0
UAL2662,302,0.0,0.0,0.0,1.0
UAL2662,303,0.0,0.0,0.0,1.0
UAL2662,304,0.0,0.0,0.0,1.0
UAL2662,305,0.0,0.0,0.0,1.0
UAL2662,306,0.0,0.0,0.0,1.0
UAL2662,307,0.0,0.0,0.0,1.0
UAL2662,308,0.0,0.0,0.0,1.0
UAL2662,309,0.0,0.0,0.0,1.0
UAL2662,310,0.0,0.0,0.0,1.0
UAL2662,311,0.0,0.0,0.0,1.0
UAL2662,312,0.0,0.0,0.0,1.0
UAL2662,313,0.0,0.0,0.0,1.0
UAL2662,314,0.0,0.0,0.0,1.0
UAL2662,315,0.0,0.0,0.0,1.0
UAL2662,316,0.0,0.0,0.0,1.0
UAL2662,317,0.0,0.0,0.0,1.0
UAL2662,318,0.0,0.0,0.0,1.0
UAL2662,319,0.0,0.0,0.0,1.0
UAL2662,320,0.0,0.0,0.0,1.0
UAL2662,321,0.0,0.0,0.0,1.0
UAL2662,322,0.0,0.0,0.0,1.0
UAL2662,323,0.0,0.0,0.0,1.0
UAL2662,324,0.0,0.0,0.0,1.0
UAL2662,325,0.0,0.0,0.0,1.0
UAL2662,326,0.0,0.0,0.0,1.0
UAL2662,327,0.0,0.0,0.0,1.0
UAL2662,328,0.0005,2.27,0.0,1.0
UAL2662,329,0.0,0.0,0.0,1.0
UAL2662,330,0.0,0.0,0.0,1.0
UAL2662,331,0.0,0.0,0.0,1.0
UAL2662,332,0.0,0.0,0.0,1.0
UAL2662,333,0.0,0.0,0.0,1.0
UAL2662,334,0.0,0.0,0.0,1.0
UAL2662,335,0.0,0.0,0.0,1.0
UAL2662,336,0.0,0.0,0.0,1.0
UAL2662,337,0.0,0.0,0.0,1.0
UAL2662,338,0.0,0.0,0.0,1.0
UAL2662,339,0.0,0.0,0.0,1.0
UAL2662,340,0.0,0.0,0.0,1.0
UAL2662,341,0.0,0.0,0.0,1.0
UAL2662,342,0.0,0.0,0.0,1.0
UAL2662,343,0.0,0.0,0.0,1.0
UAL2662,344,0.0,0.0,0.0,1.0
UAL2662,345,0.0,0.0,0.0,1.0
UAL2662,346,0.0,0.0,0.0,1.0
UAL2662,347,0.0,0.0,0.0,1.0
UAL2662,348,0.0,0.0,0.0,1.0
UAL2662,349,0.0,0.0,0.0,1.0
UAL2662,350,0.0,0.0,0.0,1.0
UAL2662,351,0.0,0.0,0.0,1.0
UAL2662,352,0.0,0.0,0.0,1.0
UAL2662,353,0.0,0.0,0.0,1.0
UAL2662,354,0.0,0.0,0.0,1.0
UAL2662,355,0.0,0.0,0.0,1.0
UAL2662,356,0.0,0.0,0.0,1.0
UAL2662,357,0.0,0.0,0.0,1.0
UAL2662,358,0.0,0.0,0.0,1.0
UAL2662,359,0.0,0.0,0.0,1.0
UAL2662,360,0.0,0.0,0.0,1.0
UAL2662,361,0.0,0.0,0.0,1.0
UAL2662,362,0.0,0.0,0.0,1.0
UAL2662,363,0.0,0.0,0.0,1.0
UAL2662,364,0.0,0.0,0.0,1.0
UAL2662,365,0.0,0.0,0.0,1.0
UAL2662,366,0.0,0.0,0.0,1.0
UAL2662,367,0.0,0.0,0.0,1.0
UAL2662,368,0.0,0.0,0.0,1.0
UAL2662,369,0.0,0.0,0.0,1.0
UAL2662,370,0.0,0.0,0.0,1.0
UAL2662,371,0.0,0.0,0.0,1.0
UAL2662,372,0.0,0.0,0.0,1.0
UAL2662,373,0.0,0.0,0.0,1.0
UAL2662,374,0.0,0.0,0.0,1.0
UAL2662,375,0.0,0.0,0.0,1.0
UAL2662,376,0.0,0.0,0.0,1.0
UAL2662,377,0.0,0.0,0.0,1.0
UAL2662,378,0.0,0.0,0.0,1.0
UAL2662,379,0.0,0.0,0.0,1.0
UAL2662,380,0.0,0.0,0.0,1.0
UAL2662,381,0.0,0.0,0.0,1.0
UAL2662,382,0.0,0.0,0.0,1.0
UAL2662,383,0.0,0.0,0.0,1.0
UAL2662,384,0.0,0.0,0.0,1.0
UAL2662,385,0.0,0.0,0.0,1.0
UAL2662,386,0.0,0.0,0.0,1.0
UAL2662,387,0.0,0.0,0.0,1.0
UAL2662,388,0.0,0.0,0.0,1.0
UAL2662,389,0.0,0.0,0.0,1.0
UAL2662,390,0.0,0.0,0.0,1.0
UAL2662,391,0.0,0.0,0.0,1.0
UAL2662,392,0.0,0.0,0.0,1.0
UAL2662,393,0.0,0.0,0.0,1.0
UAL2662,394,0.0,0.0,0.0,1.0
UAL2662,395,0.0,0.0,0.0,1.0
UAL2662,396,0.0,0.0,0.0,1.0
UAL2662,397,0.0,0.0,0.0,1.0
UAL2662,398,0.0,0.0,0.0,1.0
UAL2662,399,0.0,0.0,0.0,1.0
UAL2662,400,0.0,0.0,0.0,1.0
UAL2662,401,0.0,0.0,0.0,1.0
UAL2662,402,0.0,0.0,0.0,1.0
UAL2662,403,0.0,0.0,0.0,1.0
UAL2662,404,0.0,0.0,0.0,1.0
UAL2662,405,0.0,0.0,0.0,1.0
UAL2662,406,0.0,0.0,0.0,1.0
UAL2662,407,0.0,0.0,0.0,1.0
UAL2662,408,0.0,0.0,0.0,1.0
UAL2662,409,0.0,0.0,0.0,1.0
UAL2662,410,0.0,0.0,0.0,1.0
UAL2662,411,0.0,0.0,0.0,1.0
UAL2662,412,0.0,0.0,0.0,1.0
UAL2662,413,0.0,0.0,0.0,1.0
UAL2662,414,0.0,0.0,0.0,1.0
UAL2662,415,0.0,0.0,0.0,1.0
UAL2662,416,0.0,0.0,0.0,1.0
UAL2662,417,0.0,0.0,0.0,1.0
UAL2662,418,0.0,0.0,0.0,1.0
UAL2662,419,0.0,0.0,0.0,1.0
UAL2662,420,0.0,0.0,0.0,1.0
UAL2662,421,0.0,0.0,0.0,1.0
UAL2662,422,0.0025,5.73,0.0,1.0
UAL2662,423,0.0,0.0,0.0,1.0
UAL2662,424,0.0,0.0,0.0,1.0
UAL2662,425,0.0,0.0,0.0,1.0
UAL2662,426,0.0,0.0,0.0,1.0
UAL2662,427,0.0,0.0,0.0,1.0
UAL2662,428,0.0,0.0,0.0,1.0
UAL2662,429,0.0,0.0,0.0,1.0
UAL2662,430,0.0,0.0,0.0,1.0
UAL2662,431,0.0,0.0,0.0,1.0
UAL2662,432,0.0,0.0,0.0,1.0
UAL2662,433,0.0,0.0,0.0,1.0
UAL2662,434,0.0,0.0,0.0,1.0
UAL2662,435,0.0,0.0,0.0,1.0
UAL2662,436,0.0,0.0,0.0,1.0
UAL2662,437,0.0,0.0,0.0,1.0
UAL2662,438,0.0,0.0,0.0,1.0
UAL2662,439,0.0,0.0,0.0,1.0
UAL2662,440,0.0,0.0,0.0,1.0
UAL2662,441,0.0,0.0,0.0,1.0
UAL2662,442,0.0,0.0,0.0,1.0
UAL2662,443,0.0,0.0,0.0,1.0
UAL2662,444,0.0,0.0,0.0,1.0
UAL2662,445,0.0,0.0,0.0,1.0
UAL2662,446,0.0,0.0,0.0,1.0
UAL2662,447,0.0,0.0,0.0,1.0
UAL2662,448,0.0,0.0,0.0,1.0
UAL2662,449,0.0,0.0,0.0,1.0
UAL2662,450,0.0,0.0,0.0,1.0
UAL2662,451,0.0,0.0,0.0,1.0
UAL2662,452,0.0,0.0,0.0,1.0
UAL2662,453,0.0,0.0,0.0,1.0
UAL2662,454,0.0,0.0,0.0,1.0
UAL2662,455,0.0,0.0,0.0,1.0
UAL2662,456,0.0,0.0,0.0,1.0
UAL2662,457,0.0,0.0,0.0,1.0
UAL2662,458,0.0,0.0,0.0,1.0
UAL2662,459,0.0,0.0,0.0,1.0
UAL2662,460,0.0,0.0,0.0,1.0
UAL2662,461,0.0,0.0,0.0,1.0
UAL2662,462,0.0,0.0,0.0,1.0
UAL2662,463,0.0,0.0,0.0,1.0
UAL2662,464,0.0,0.0,0.0,1.0
UAL2662,465,0.0,0.0,0.0,1.0
UAL2662,466,0.0,0.0,0.0,1.0
UAL2662,467,0.0,0.0,0.0,1.0
UAL2662,468,0.0,0.0,0.0,1.0
UAL2662,469,0.0,0.0,0.0,1.0
UAL2662,470,0.0,0.0,0.0,1.0
UAL2662,471,0.0,0.0,0.0,1.0
UAL2662,472,0.0,0.0,0.0,1.0
UAL2662,473,0.0,0.0,0.0,1.0
UAL2662,474,0.0,0.0,0.0,1.0
UAL2662,475,0.0,0.0,0.0,1.0
UAL2662,476,0.0,0.0,0.0,1.0
UAL2662,477,0.0,0.0,0.0,1.0
UAL2662,478,0.0,0.0,0.0,1.0
UAL2662,479,0.0,0.0,0.0,1.0
UAL2662,480,0.0,0.0,0.0,1.0
UAL2662,481,0.0,0.0,0.0,1.0
UAL2662,482,0.0,0.0,0.0,1.0
UAL2662,483,0.0,0.0,0.0,1.0
UAL2662,484,0.0,0.0,0.0,1.0
UAL2662,485,0.0,0.0,0.0,1.0
UAL2662,486,0.0,0.0,0.0,1.0
UAL2662,487,0.0,0.0,0.0,1.0
UAL2662,488,0.0,0.0,0.0,1.0
UAL2662,489,0.0,0.0,0.0,1.0
UAL2662,490,0.0,0.0,0.0,1.0
UAL2662,491,0.0,0.0,0.0,1.0
UAL2662,492,0.0,0.0,0.0,1.0
UAL2662,493,0.0,0.0,0.0,1.0
UAL2662,494,0.0,0.0,0.0,1.0
UAL2662,495,0.0,0.0,0.0,1.0
UAL2662,496,0.0,0.0,0.0,1.0
UAL2662,497,0.0,0.0,0.0,1.0
UAL2662,498,0.0,0.0,0.0,1.0
UAL2662,499,0.0,0.0,0.0,1.0
UAL2662,500,0.0,0.0,0.0,1.0
UAL2662,501,0.0,0.0,0.0,1.0
UAL2662,502,0.0,0.0,0.0,1.0
UAL2662,503,0.0,0.0,0.0,1.0
UAL2662,504,0.0,0.0,0.0,1.0
UAL2662,505,0.0,0.0,0.0,1.0
UAL2662,506,0.0,0.0,0.0,1.0
UAL2662,507,0.0,0.0,0.0,1.0
UAL2662,508,0.0,0.0,0.0,1.0
UAL2662,509,0.0,0.0,0.0,1.0
UAL2662,510,0.0,0.0,0.0,1.0
UAL2662,511,0.0,0.0,0.0,1.0
UAL2662,512,0.0,0.0,0.0,1.0
UAL2662,513,0.0,0.0,0.0,1.0
UAL2662,514,0.0,0.0,0.0,1.0
UAL2662,515,0.0,0.0,0.0,1.0
UAL2662,516,0.0,0.0,0.0,1.0
UAL2662,517,0.0,0.0,0.0,1.0
UAL2662,518,0.0,0.0,0.0,1.0
UAL2662,519,0.0,0.0,0.0,1.0
UAL2662,520,0.0,0.0,0.0,1.0
UAL2662,521,0.0,0.0,0.0,1.0
UAL2662,522,0.0,0.0,0.0,1.0
UAL2662,523,0.0,0.0,0.0,1.0
UAL2662,524,0.0,0.0,0.0,1.0
UAL2662,525,0.0,0.0,0.0,1.0
UAL2662,526,0.0,0.0,0.0,1.0
UAL2662,527,0.0,0.0,0.0,1.0
UAL2662,528,0.0,0.0,0.0,1.0
UAL2662,529,0.0,0.0,0.0,1.0
UAL2662,530,0.0,0.0,0.0,1.0
UAL2662,531,0.0,0.0,0.0,1.0
UAL2662,532,0.0,0.0,0.0,1.0
UAL2662,533,0.0,0.0,0.0,1.0
UAL2662,534,0.0,0.0,0.0,1.0
UAL2662,535,0.0,0.0,0.0,1.0
UAL2662,536,0.0,0.0,0.0,1.0
UAL2662,537,0.0,0.0,0.0,1.0
UAL2662,538,0.0,0.0,0.0,1.0
UAL2662,539,0.0,0.0,0.0,1.0
UAL2662,540,0.0,0.0,0.0,1.0
UAL2662,541,0.0,0.0,0.0,1.0
UAL2662,542,0.0,0.0,0.0,1.0
UAL2662,543,0.0,0.0,0.0,1.0
UAL2662,544,0.0,0.0,0.0,1.0
UAL2662,545,0.0,0.0,0.0,1.0
UAL2662,546,0.0,0.0,0.0,1.0
UAL2662,547,0.0,0.0,0.0,1.0
UAL2662,548,0.0,0.0,0.0,1.0
UAL2662,549,0.0,0.0,0.0,1.0
UAL2662,550,0.0,0.0,0.0,1.0
UAL2662,551,0.0,0.0,0.0,1.0
UAL2662,552,0.0,0.0,0.0,1.0
UAL2662,553,0.0,0.0,0.0,1.0
UAL2662,554,0.0,0.0,0.0,1.0
UAL2662,555,0.0,0.0,0.0,1.0
UAL2662,556,0.0,0.0,0.0,1.0
UAL2662,557,0.0,0.0,0.0,1.0
UAL2662,558,0.0,0.0,0.0,1.0
UAL2662,559,0.0,0.0,0.0,1.0
UAL2662,560,0.0,0.0,0.0,1.0
UAL2662,561,0.0,0.0,0.0,1.0
UAL2662,562,0.0,0.0,0.0,1.0
UAL2662,563,0.0,0.0,0.0,1.0
UAL2662,564,0.0,0.0,0.0,1.0
UAL2662,565,0.0,0.0,0.0,1.0
UAL2662,566,0.0,0.0,0.0,1.0
UAL2662,567,0.0,0.0,0.0,1.0
UAL2662,568,0.0,0.0,0.0,1.0
UAL2662,569,0.0,0.0,0.0,1.0
UAL2662,570,0.0,0.0,0.0,1.0
UAL2662,571,0.0,0.0,0.0,1.0
UAL2662,572,0.0,0.0,0.0,1.0
UAL2662,573,0.0,0.0,0.0,1.0
UAL2662,574,0.0,0.0,0.0,1.0
UAL2662,575,0.0,0.0,0.0,1.0
UAL2662,576,0.0,0.0,0.0,1.0
UAL2662,577,0.0,0.0,0.0,1.0
UAL2662,578,0.0,0.0,0.0,1.0
UAL2662,579,0.0,0.0,0.0,1.0
UAL2662,580,0.0,0.0,0.0,1.0
UAL2662,581,0.0,0.0,0.0,1.0
UAL2662,582,0.0,0.0,0.0,1.0
UAL2662,583,0.0,0.0,0.0,1.0
UAL2662,584,0.0,0.0,0.0,1.0
UAL2662,585,0.0,0.0,0.0,1.0
UAL2662,586,0.0,0.0,0.0,1.0
UAL2662,587,0.0,0.0,0.0,1.0
UAL2662,588,0.0,0.0,0.0,1.0
UAL2662,589,0.0,0.0,0.0,1.0
UAL2662,590,0.0,0.0,0.0,1.0
UAL2662,591,0.0,0.0,0.0,1.0
UAL2662,592,0.0,0.0,0.0,1.0
UAL2662,593,0.0,0.0,0.0,1.0
UAL2662,594,0.0,0.0,0.0,1.0
UAL2662,595,0.0,0.0,0.0,1.0
UAL2662,596,0.0,0.0,0.0,1.0
UAL2662,597,0.0,0.0,0.0,1.0
UAL2662,598,0.0,0.0,0.0,1.0
UAL2662,599,0.0,0.0,0.0,1.0
UAL2662,600,0.0,0.0,0.0,1.0
UAL2662,601,0.0,0.0,0.0,1.0
UAL2662,602,0.0,0.0,0.0,1.0
UAL2662,603,0.0,0.0,0.0,1.0
UAL2662,604,0.0,0.0,0.0,1.0
UAL2662,605,0.0,0.0,0.0,1.0
UAL2662,606,0.0,0.0,0.0,1.0
UAL2662,607,0.0,0.0,0.0,1.0
UAL2662,608,0.0,0.0,0.0,1.0
UAL2662,609,0.0,0.0,0.0,1.0
UAL2662,610,0.0,0.0,0.0,1.0
UAL2662,611,0.0,0.0,0.0,1.0
UAL2662,612,0.0,0.0,0.0,1.0
UAL2662,613,0.0,0.0,0.0,1.0
UAL2662,614,0.0,0.0,0.0,1.0
UAL2662,615,0.0,0.0,0.0,1.0
UAL2662,616,0.0,0.0,0.0,1.0
UAL2662,617,0.0,0.0,0.0,1.0
UAL2662,618,0.0,0.0,0.0,1.0
UAL2662,619,0.0,0.0,0.0,1.0
UAL2662,620,0.0,0.0,0.0,1.0
UAL2662,621,0.0,0.0,0.0,1.0
UAL2662,622,0.0,0.0,0.0,1.0
UAL2662,623,0.0,0.0,0.0,1.0
UAL2662,624,0.0,0.0,0.0,1.0
UAL2662,625,0.0,0.0,0.0,1.0
UAL2662,626,0.0,0.0,0.0,1.0
UAL2662,627,0.0,0.0,0.0,1.0
UAL2662,628,0.0,0.0,0.0,1.0
UAL2662,629,0.0,0.0,0.0,1.0
UAL2662,630,0.0,0.0,0.0,1.0
UAL2662,631,0.0,0.0,0.0,1.0
UAL2662,632,0.0,0.0,0.0,1.0
UAL2662,633,0.0,0.0,0.0,1.0
UAL2662,634,0.0,0.0,0.0,1.0
UAL2662,635,0.0,0.0,0.0,1.0
UAL2662,636,0.0,0.0,0.0,1.0
UAL2662,637,0.0,0.0,0.0,1.0
UAL2662,638,0.0,0.0,0.0,1.0
UAL2662,639,0.0,0.0,0.0,1.0
UAL2662,640,0.0,0.0,0.0,1.0
UAL2662,641,0.0,0.0,0.0,1.0
UAL2662,642,0.0,0.0,0.0,1.0
UAL2662,643,0.0,0.0,0.0,1.0
UAL2662,644,0.0,0.0,0.0,1.0
UAL2662,645,0.0,0.0,0.0,1.0
UAL2662,646,0.0,0.0,0.0,1.0
UAL2662,647,0.0,0.0,0.0,1.0
UAL2662,648,0.0,0.0,0.0,1.0
UAL2662,649,0.0,0.0,0.0,1.0
UAL2662,650,0.0,0.0,0.0,1.0
UAL2662,651,0.0,0.0,0.0,1.0
UAL2662,652,0.0,0.0,0.0,1.0
UAL2662,653,0.0,0.0,0.0,1.0
UAL2662,654,0.0,0.0,0.0,1.0
UAL2662,655,0.0,0.0,0.0,1.0
UAL2662,656,0.0,0.0,0.0,1.0
UAL2662,657,0.0,0.0,0.0,1.0
UAL2662,658,0.0,0.0,0.0,1.0
UAL2662,659,0.0,0.0,0.0,1.0
UAL2662,660,0.0,0.0,0.0,1.0
UAL2662,661,0.0,0.0,0.0,1.0
UAL2662,662,0.0,0.0,0.0,1.0
UAL2662,663,0.0,0.0,0.0,1.0
UAL2662,664,0.0,0.0,0.0,1.0
UAL2662,665,0.0,0.0,0.0,1.0
UAL2662,666,0.0,0.0,0.0,1.0
UAL2662,667,0.0,0.0,0.0,1.0
UAL2662,668,0.0,0.0,0.0,1.0
UAL2662,669,0.0,0.0,0.0,1.0
UAL2662,670,0.0,0.0,0.0,1.0
UAL2662,671,0.0,0.0,0.0,1.0
UAL2662,672,0.0,0.0,0.0,1.0
UAL2662,673,0.0,0.0,0.0,1.0
UAL2662,674,0.0,0.0,0.0,1.0
UAL2662,675,0.0,0.0,0.0,1.0
UAL2662,676,0.0,0.0,0.0,1.0
UAL2662,677,0.0,0.0,0.0,1.0
UAL2662,678,0.0,0.0,0.0,1.0
UAL2662,679,0.0,0.0,0.0,1.0
UAL2662,680,0.0,0.0,0.0,1.0
UAL2662,681,0.0,0.0,0.0,1.0
UAL2662,682,0.0,0.0,0.0,1.0
UAL2662,683,0.0,0.0,0.0,1.0
UAL2662,684,0.0,0.0,0.0,1.0
UAL2662,685,0.0,0.0,0.0,1.0
UAL2662,686,0.0,0.0,0.0,1.0
UAL2662,687,0.0,0.0,0.0,1.0
UAL2662,688,0.0,0.0,0.0,1.0
UAL2662,689,0.0,0.0,0.0,1.0
UAL2662,690,0.0,0.0,0.0,1.0
UAL2662,691,0.0,0.0,0.0,1.0
UAL2662,692,0.0,0.0,0.0,1.0
UAL2662,693,0.0,0.0,0.0,1.0
UAL2662,694,0.0,0.0,0.0,1.0
UAL2662,695,0.0,0.0,0.0,1.0
UAL2662,696,0.0,0.0,0.0,1.0
UAL2662,697,0.0,0.0,0.0,1.0
UAL2662,698,0.0,0.0,0.0,1.0
UAL2662,699,0.0,0.0,0.0,1.0
UAL2662,700,0.0,0.0,0.0,1.0
UAL2662,701,0.0,0.0,0.0,1.0
UAL2662,702,0.0,0.0,0.0,1.0
UAL2662,703,0.0,0.0,0.0,1.0
UAL2662,704,0.0,0.0,0.0,1.0
UAL2662,705,0.0,0.0,0.0,1.0
UAL2662,706,0.0,0.0,0.0,1.0
UAL2662,707,0.0,0.0,0.0,1.0
UAL2662,708,0.0,0.0,0.0,1.0
UAL2662,709,0.0,0.0,0.0,1.0
UAL2662,710,0.0,0.0,0.0,1.0
UAL2662,711,0.0,0.0,0.0,1.0
UAL2662,712,0.0,0.0,0.0,1.0
UAL2662,713,0.0,0.0,0.0,1.0
UAL2662,714,0.0,0.0,0.0,1.0
UAL2662,715,0.0,0.0,0.0,1.0
UAL2662,716,0.0,0.0,0.0,1.0
UAL2662,717,0.0,0.0,0.0,1.0
UAL2662,718,0.0,0.0,0.0,1.0
UAL2662,719,0.0,0.0,0.0,1.0
UAL2662,720,0.0,0.0,0.0,1.0
UAL2662,721,0.0,0.0,0.0,1.0
UAL2662,722,0.0,0.0,0.0,1.0
UAL2662,723,0.0,0.0,0.0,1.0
UAL2662,724,0.0,0.0,0.0,1.0
UAL2662,725,0.0,0.0,0.0,1.0
UAL2662,726,0.0,0.0,0.0,1.0
UAL2662,727,0.0,0.0,0.0,1.0
UAL2662,728,0.0,0.0,0.0,1.0
UAL2662,729,0.0,0.0,0.0,1.0
UAL2662,730,0.0,0.0,0.0,1.0
UAL2662,731,0.0,0.0,0.0,1.0
UAL2662,732,0.0,0.0,0.0,1.0
UAL2662,733,0.0,0.0,0.0,1.0
UAL2662,734,0.0,0.0,0.0,1.0
UAL2662,735,0.0,0.0,0.0,1.0
UAL2662,736,0.0,0.0,0.0,1.0
UAL2662,737,0.0,0.0,0.0,1.0
UAL2662,738,0.0,0.0,0.0,1.0
UAL2662,739,0.0,0.0,0.0,1.0
UAL2662,740,0.0,0.0,0.0,1.0
UAL2662,741,0.0,0.0,0.0,1.0
UAL2662,742,0.0,0.0,0.0,1.0
UAL2662,743,0.0,0.0,0.0,1.0
UAL2662,744,0.0,0.0,0.0,1.0
UAL2662,745,0.0,0.0,0.0,1.0
UAL2662,746,0.0,0.0,0.0,1.0
UAL2662,747,0.0,0.0,0.0,1.0
UAL2662,748,0.0,0.0,0.0,1.0
UAL2662,749,0.0,0.0,0.0,1.0
UAL2662,750,0.0,0.0,0.0,1.0
UAL2662,751,0.0,0.0,0.0,1.0
UAL2662,752,0.0,0.0,0.0,1.0
UAL2662,753,0.0,0.0,0.0,1.0
UAL2662,754,0.0,0.0,0.0,1.0
UAL2662,755,0.0,0.0,0.0,1.0
UAL2662,756,0.0,0.0,0.0,1.0
UAL2662,757,0.0,0.0,0.0,1.0
UAL2662,758,0.0,0.0,0.0,1.0
UAL2662,759,0.0,0.0,0.0,1.0
UAL2662,760,0.0,0.0,0.0,1.0
UAL2662,761,0.0,0.0,0.0,1.0
UAL2662,762,0.0,0.0,0.0,1.0
UAL2662,763,0.0,0.0,0.0,1.0
UAL2662,764,0.0,0.0,0.0,1.0
UAL2662,765,0.0,0.0,0.0,1.0
UAL2662,766,0.0,0.0,0.0,1.0
UAL2662,767,0.0,0.0,0.0,1.0
UAL2662,768,0.0,0.0,0.0,1.0
UAL2662,769,0.0,0.0,0.0,1.0
UAL2662,770,0.0,0.0,0.0,1.0
UAL2662,771,0.0,0.0,0.0,1.0
UAL2662,772,0.0,0.0,0.0,1.0
UAL2662,773,0.0,0.0,0.0,1.0
UAL2662,774,0.0,0.0,0.0,1.0
UAL2662,775,0.0,0.0,0.0,1.0
UAL2662,776,0.0,0.0,0.0,1.0
UAL2662,777,0.0,0.0,0.0,1.0
UAL2662,778,0.0,0.0,0.0,1.0
UAL2662,779,0.0,0.0,0.0,1.0
UAL2662,780,0.0,0.0,0.0,1.0
UAL2662,781,0.0,0.0,0.0,1.0
UAL2662,782,0.0,0.0,0.0,1.0
UAL2662,783,0.0,0.0,0.0,1.0
UAL2662,784,0.0,0.0,0.0,1.0
UAL2662,785,0.0,0.0,0.0,1.0
UAL2662,786,0.0,0.0,0.0,1.0
UAL2662,787,0.0,0.0,0.0,1.0
UAL2662,788,0.0,0.0,0.0,1.0
UAL2662,789,0.0,0.0,0.0,1.0
UAL2662,790,0.0,0.0,0.0,1.0
UAL2662,791,0.0,0.0,0.0,1.0
UAL2662,792,0.0,0.0,0.0,1.0
UAL2662,793,0.0,0.0,0.0,1.0
UAL2662,794,0.0,0.0,0.0,1.0
UAL2662,795,0.0,0.0,0.0,1.0
UAL2662,796,0.0,0.0,0.0,1.0
UAL2662,797,0.0,0.0,0.0,1.0
UAL2662,798,0.0,0.0,0.0,1.0
UAL2662,799,0.0,0.0,0.0,1.0
UAL2662,800,0.0,0.0,0.0,1.0
UAL2662,801,0.0,0.0,0.0,1.0
UAL2662,802,0.0,0.0,0.0,1.0
UAL2662,803,0.0,0.0,0.0,1.0
UAL2662,804,0.0,0.0,0.0,1.0
UAL2662,805,0.0,0.0,0.0,1.0
UAL2662,806,0.0,0.0,0.0,1.0
UAL2662,807,0.0,0.0,0.0,1.0
UAL2662,808,0.0,0.0,0.0,1.0
UAL2662,809,0.0,0.0,0.0,1.0
UAL2662,810,0.0,0.0,0.0,1.0
UAL2662,811,0.0,0.0,0.0,1.0
UAL2662,812,0.0,0.0,0.0,1.0
UAL2662,813,0.0,0.0,0.0,1.0
UAL2662,814,0.0,0.0,0.0,1.0
UAL2662,815,0.0,0.0,0.0,1.0
UAL2662,816,0.0,0.0,0.0,1.0
UAL2662,817,0.0,0.0,0.0,1.0
UAL2662,818,0.0,0.0,0.0,1.0
UAL2662,819,0.0,0.0,0.0,1.0
UAL2662,820,0.0,0.0,0.0,1.0
UAL2662,821,0.0,0.0,0.0,1.0
UAL2662,822,0.0,0.0,0.0,1.0
UAL2662,823,0.0,0.0,0.0,1.0
UAL2662,824,0.0,0.0,0.0,1.0
UAL2662,825,0.0,0.0,0.0,1.0
UAL2662,826,0.0,0.0,0.0,1.0
UAL2662,827,0.0,0.0,0.0,1.0
UAL2662,828,0.0,0.0,0.0,1.0
UAL2662,829,0.0,0.0,0.0,1.0
UAL2662,830,0.0,0.0,0.0,1.0
UAL2662,831,0.0,0.0,0.0,1.0
UAL2662,832,0.0,0.0,0.0,1.0
UAL2662,833,0.0,0.0,0.0,1.0
UAL2662,834,0.0,0.0,0.0,1.0
UAL2662,835,0.0,0.0,0.0,1.0
UAL2662,836,0.0,0.0,0.0,1.0
UAL2662,837,0.0,0.0,0.0,1.0
UAL2662,838,0.0,0.0,0.0,1.0
UAL2662,839,0.0,0.0,0.0,1.0
UAL2662,840,0.0,0.0,0.0,1.0
UAL2662,841,0.0,0.0,0.0,1.0
UAL2662,842,0.0,0.0,0.0,1.0
UAL2662,843,0.0,0.0,0.0,1.0
UAL2662,844,0.0,0.0,0.0,1.0
UAL2662,845,0.0,0.0,0.0,1.0
UAL2662,846,0.0,0.0,0.0,1.0
UAL2662,847,0.0,0.0,0.0,1.0
UAL2662,848,0.0,0.0,0.0,1.0
UAL2662,849,0.0,0.0,0.0,1.0
UAL2662,850,0.0,0.0,0.0,1.0
UAL2662,851,0.0,0.0,0.0,1.0
UAL2662,852,0.0,0.0,0.0,1.0
UAL2662,853,0.0,0.0,0.0,1.0
UAL2662,854,0.0,0.0,0.0,1.0
UAL2662,855,0.0,0.0,0.0,1.0
UAL2662,856,0.0,0.0,0.0,1.0
UAL2662,857,0.0,0.0,0.0,1.0
UAL2662,858,0.0,0.0,0.0,1.0
UAL2662,859,0.0,0.0,0.0,1.0
UAL2662,860,0.0,0.0,0.0,1.0
UAL2662,861,0.0,0.0,0.0,1.0
UAL2662,862,0.0,0.0,0.0,1.0
UAL2662,863,0.0,0.0,0.0,1.0
UAL2662,864,0.0,0.0,0.0,1.0
UAL2662,865,0.0,0.0,0.0,1.0
UAL2662,866,0.0,0.0,0.0,1.0
UAL2662,867,0.0,0.0,0.0,1.0
UAL2662,868,0.0,0.0,0.0,1.0
UAL2662,869,0.0,0.0,0.0,1.0
UAL2662,870,0.0,0.0,0.0,1.0
UAL2662,871,0.0,0.0,0.0,1.0
UAL2662,872,0.0,0.0,0.0,1.0
UAL2662,873,0.0,0.0,0.0,1.0
UAL2662,874,0.0,0.0,0.0,1.0
UAL2662,875,0.0,0.0,0.0,1.0
UAL2662,876,0.0,0.0,0.0,1.0
UAL2662,877,0.0,0.0,0.0,1.0
UAL2662,878,0.0,0.0,0.0,1.0
UAL2662,879,0.0,0.0,0.0,1.0
UAL2662,880,0.0,0.0,0.0,1.0
UAL2662,881,0.0,0.0,0.0,1.0
UAL2662,882,0.0,0.0,0.0,1.0
UAL2662,883,0.0,0.0,0.0,1.0
UAL2662,884,0.0,0.0,0.0,1.0
UAL2662,885,0.0,0.0,0.0,1.0
UAL2662,886,0.0,0.0,0.0,1.0
UAL2662,887,0.0,0.0,0.0,1.0
UAL2662,888,0.0,0.0,0.0,1.0
UAL2662,889,0.0,0.0,0.0,1.0
UAL2662,890,0.0,0.0,0.0,1.0
UAL2662,891,0.0,0.0,0.0,1.0
UAL2662,892,0.0,0.0,0.0,1.0
UAL2662,893,0.0,0.0,0.0,1.0
UAL2662,894,0.0,0.0,0.0,1.0
UAL2662,895,0.0,0.0,0.0,1.0
UAL2662,896,0.0,0.0,0.0,1.0
UAL2662,897,0.0,0.0,0.0,1.0
UAL2662,898,0.0,0.0,0.0,1.0
UAL2662,899,0.0,0.0,0.0,1.0
UAL2662,900,0.0,0.0,0.0,1.0
UAL2662,901,0.0,0.0,0.0,1.0
UAL2662,902,0.0,0.0,0.0,1.0
UAL2662,903,0.0,0.0,0.0,1.0
UAL2662,904,0.0,0.0,0.0,1.0
UAL2662,905,0.0,0.0,0.0,1.0
UAL2662,906,0.0,0.0,0.0,1.0
UAL2662,907,0.0,0.0,0.0,1.0
UAL2662,908,0.0,0.0,0.0,1.0
UAL2662,909,0.0,0.0,0.0,1.0
UAL2662,910,0.0,0.0,0.0,1.0
UAL2662,911,0.0,0.0,0.0,1.0
UAL2662,912,0.0,0.0,0.0,1.0
UAL2662,913,0.0,0.0,0.0,1.0
UAL2662,914,0.0,0.0,0.0,1.0
UAL2662,915,0.0,0.0,0.0,1.0
UAL2662,916,0.0,0.0,0.0,1.0
UAL2662,917,0.0,0.0,0.0,1.0
UAL2662,918,0.0,0.0,0.0,1.0
UAL2662,919,0.0,0.0,0.0,1.0
UAL2662,920,0.0,0.0,0.0,1.0
UAL2662,921,0.0,0.0,0.0,1.0
UAL2662,922,0.0,0.0,0.0,1.0
UAL2662,923,0.0,0.0,0.0,1.0
UAL2662,924,0.0,0.0,0.0,1.0
UAL2662,925,0.0,0.0,0.0,1.0
UAL2662,926,0.0,0.0,0.0,1.0
UAL2662,927,0.0,0.0,0.0,1.0
UAL2662,928,0.0,0.0,0.0,1.0
UAL2662,929,0.0,0.0,0.0,1.0
UAL2662,930,0.0,0.0,0.0,1.0
UAL2662,931,0.0,0.0,0.0,1.0
UAL2662,932,0.0,0.0,0.0,1.0
UAL2662,933,0.0,0.0,0.0,1.0
UAL2662,934,0.0,0.0,0.0,1.0
UAL2662,935,0.0,0.0,0.0,1.0
UAL2662,936,0.0,0.0,0.0,1.0
UAL2662,937,0.0,0.0,0.0,1.0
UAL2662,938,0.0,0.0,0.0,1.0
UAL2662,939,0.0,0.0,0.0,1.0
UAL2662,940,0.0,0.0,0.0,1.0
UAL2662,941,0.0,0.0,0.0,1.0
UAL2662,942,0.0,0.0,0.0,1.0
UAL2662,943,0.0,0.0,0.0,1.0
UAL2662,944,0.0,0.0,0.0,1.0
UAL2662,945,0.0,0.0,0.0,1.0
UAL2662,946,0.0,0.0,0.0,1.0
UAL2662,947,0.0,0.0,0.0,1.0
UAL2662,948,0.0,0.0,0.0,1.0
UAL2662,949,0.0,0.0,0.0,1.0
UAL2662,950,0.0,0.0,0.0,1.0
UAL2662,951,0.0,0.0,0.0,1.0
UAL2662,952,0.0,0.0,0.0,1.0
UAL2662,953,0.0,0.0,0.0,1.0
UAL2662,954,0.0,0.0,0.0,1.0
UAL2662,955,0.0,0.0,0.0,1.0
UAL2662,956,0.0,0.0,0.0,1.0
UAL2662,957,0.0,0.0,0.0,1.0
UAL2662,958,0.0,0.0,0.0,1.0
UAL2662,959,0.0,0.0,0.0,1.0
UAL2662,960,0.0,0.0,0.0,1.0
UAL2662,961,0.0,0.0,0.0,1.0
UAL2662,962,0.0,0.0,0.0,1.0
UAL2662,963,0.0,0.0,0.0,1.0
UAL2662,964,0.0,0.0,0.0,1.0
UAL2662,965,0.0,0.0,0.0,1.0
UAL2662,966,0.0,0.0,0.0,1.0
UAL2662,967,0.0,0.0,0.0,1.0
UAL2662,968,0.0,0.0,0.0,1.0
UAL2662,969,0.0,0.0,0.0,1.0
UAL2662,970,0.0,0.0,0.0,1.0
UAL2662,971,0.0,0.0,0.0,1.0
UAL2662,972,0.0,0.0,0.0,1.0
UAL2662,973,0.0,0.0,0.0,1.0
UAL2662,974,0.0,0.0,0.0,1.0
UAL2662,975,0.0,0.0,0.0,1.0
UAL2662,976,0.0,0.0,0.0,1.0
UAL2662,977,0.0,0.0,0.0,1.0
UAL2662,978,0.0,0.0,0.0,1.0
UAL2662,979,0.0,0.0,0.0,1.0
UAL2662,980,0.0,0.0,0.0,1.0
UAL2662,981,0.0,0.0,0.0,1.0
UAL2662,982,0.0,0.0,0.0,1.0
UAL2662,983,0.0,0.0,0.0,1.0
UAL2662,984,0.0,0.0,0.0,1.0
UAL2662,985,0.0,0.0,0.0,1.0
UAL2662,986,0.0,0.0,0.0,1.0
UAL2662,987,0.0,0.0,0.0,1.0
UAL2662,988,0.0,0.0,0.0,1.0
UAL2662,989,0.0,0.0,0.0,1.0
UAL2662,990,0.0,0.0,0.0,1.0
UAL2662,991,0.0,0.0,0.0,1.0
UAL2662,992,0.0,0.0,0.0,1.0
UAL2662,993,0.0,0.0,0.0,1.0
UAL2662,994,0.0,0.0,0.0,1.0
UAL2662,995,0.0,0.0,0.0,1.0
UAL2662,996,0.0,0.0,0.0,1.0
UAL2662,997,0.0,0.0,0.0,1.0
UAL2662,998,0.0,0.0,0.0,1.0
UAL2662,999,0.0,0.0,0.0,1.0
UAL2662,1000,0.0,0.0,0.0,1.0
UAL2662,1001,0.0,0.0,0.0,1.0
UAL2662,1002,0.0,0.0,0.0,1.0
UAL2662,1003,0.0,0.0,0.0,1.0
UAL2662,1004,0.0,0.0,0.0,1.0
UAL2662,1005,0.0,0.0,0.0,1.0
UAL2662,1006,0.0,0.0,0.0,1.0
UAL2662,1007,0.0,0.0,0.0,1.0
UAL2662,1008,0.0,0.0,0.0,1.0
UAL2662,1009,0.0,0.0,0.0,1.0
UAL2662,1010,0.0,0.0,0.0,1.0
UAL2662,1011,0.0,0.0,0.0,1.0
UAL2662,1012,0.0,0.0,0.0,1.0
UAL2662,1013,0.0,0.0,0.0,1.0
UAL2662,1014,0.0,0.0,0.0,1.0
UAL2662,1015,0.0,0.0,0.0,1.0
UAL2662,1016,0.0,0.0,0.0,1.0
UAL2662,1017,0.0,0.0,0.0,1.0
UAL2662,1018,0.0,0.0,0.0,1.0
UAL2662,1019,0.0,0.0,0.0,1.0
UAL2662,1020,0.0,0.0,0.0,1.0
UAL2662,1021,0.0,0.0,0.0,1.0
UAL2662,1022,0.0,0.0,0.0,1.0
UAL2662,1023,0.0,0.0,0.0,1.0
UAL2662,1024,0.0,0.0,0.0,1.0
UAL2662,1025,0.0,0.0,0.0,1.0
UAL2662,1026,0.0,0.0,0.0,1.0
UAL2662,1027,0.0,0.0,0.0,1.0
UAL2662,1028,0.0,0.0,0.0,1.0
UAL2662,1029,0.0,0.0,0.0,1.0
UAL2662,1030,0.0,0.0,0.0,1.0
UAL2662,1031,0.0,0.0,0.0,1.0
UAL2662,1032,0.0,0.0,0.0,1.0
UAL2662,1033,0.0,0.0,0.0,1.0
UAL2662,1034,0.0,0.0,0.0,1.0
UAL2662,1035,0.0,0.0,0.0,1.0
UAL2662,1036,0.0,0.0,0.0,1.0
UAL2662,1037,0.0,0.0,0.0,1.0
UAL2662,1038,0.0,0.0,0.0,1.0
UAL2662,1039,0.0,0.0,0.0,1.0
UAL2662,1040,0.0,0.0,0.0,1.0
UAL2662,1041,0.0,0.0,0.0,1.0
UAL2662,1042,0.0,0.0,0.0,1.0
UAL2662,1043,0.0,0.0,0.0,1.0
UAL2662,1044,0.0,0.0,0.0,1.0
UAL2662,1045,0.0,0.0,0.0,1.0
UAL2662,1046,0.0,0.0,0.0,1.0
UAL2662,1047,0.0,0.0,0.0,1.0
UAL2662,1048,0.0,0.0,0.0,1.0
UAL2662,1049,0.0,0.0,0.0,1.0
UAL2662,1050,0.0,0.0,0.0,1.0
UAL2662,1051,0.0,0.0,0.0,1.0
UAL2662,1052,0.0,0.0,0.0,1.0
UAL2662,1053,0.0,0.0,0.0,1.0
UAL2662,1054,0.0,0.0,0.0,1.0
UAL2662,1055,0.0,0.0,0.0,1.0
UAL2662,1056,0.0,0.0,0.0,1.0
UAL2662,1057,0.0,0.0,0.0,1.0
UAL2662,1058,0.0,0.0,0.0,1.0
UAL2662,1059,0.0,0.0,0.0,1.0
UAL2662,1060,0.0,0.0,0.0,1.0
UAL2662,1061,0.0,0.0,0.0,1.0
UAL2662,1062,0.0,0.0,0.0,1.0
UAL2662,1063,0.0,0.0,0.0,1.0
UAL2662,1064,0.0,0.0,0.0,1.0
UAL2662,1065,0.0,0.0,0.0,1.0
UAL2662,1066,0.0,0.0,0.0,1.0
UAL2662,1067,0.0,0.0,0.0,1.0
UAL2662,1068,0.0,0.0,0.0,1.0
UAL2662,1069,0.0,0.0,0.0,1.0
UAL2662,1070,0.0,0.0,0.0,1.0
UAL2662,1071,0.0,0.0,0.0,1.0
UAL2662,1072,0.0,0.0,0.0,1.0
UAL2662,1073,0.0,0.0,0.0,1.0
UAL2662,1074,0.0,0.0,0.0,1.0
UAL2662,1075,0.0,0.0,0.0,1.0
UAL2662,1076,0.0,0.0,0.0,1.0
UAL2662,1077,0.0,0.0,0.0,1.0
UAL2662,1078,0.0,0.0,0.0,1.0
UAL2662,1079,0.0,0.0,0.0,1.0
UAL2662,1080,0.0,0.0,0.0,1.0
UAL2662,1081,0.0,0.0,0.0,1.0
UAL2662,1082,0.0,0.0,0.0,1.0
UAL2662,1083,0.0,0.0,0.0,1.0
UAL2662,1084,0.0,0.0,0.0,1.0
UAL2662,1085,0.0,0.0,0.0,1.0
UAL2662,1086,0.0,0.0,0.0,1.0
UAL2662,1087,0.0,0.0,0.0,1.0
UAL2662,1088,0.0,0.0,0.0,1.0
UAL2662,1089,0.0,0.0,0.0,1.0
UAL2662,1090,0.0,0.0,0.0,1.0
UAL2662,1091,0.0,0.0,0.0,1.0
UAL2662,1092,0.0,0.0,0.0,1.0
UAL2662,1093,0.0,0.0,0.0,1.0
UAL2662,1094,0.0,0.0,0.0,1.0
UAL2662,1095,0.0,0.0,0.0,1.0
UAL2662,1096,0.0,0.0,0.0,1.0
UAL2662,1097,0.0,0.0,0.0,1.0
UAL2662,1098,0.0,0.0,0.0,1.0
UAL2662,1099,0.0,0.0,0.0,1.0
UAL2662,1100,0.0,0.0,0.0,1.0
UAL2662,1101,0.0,0.0,0.0,1.0
UAL2662,1102,0.0,0.0,0.0,1.0
UAL2662,1103,0.0,0.0,0.0,1.0
UAL2662,1104,0.0,0.0,0.0,1.0
UAL2662,1105,0.0,0.0,0.0,1.0
UAL2662,1106,0.0,0.0,0.0,1.0
UAL2662,1107,0.0,0.0,0.0,1.0
UAL2662,1108,0.0,0.0,0.0,1.0
UAL2662,1109,0.0,0.0,0.0,1.0
UAL2662,1110,0.0,0.0,0.0,1.0
UAL2662,1111,0.0,0.0,0.0,1.0
UAL2662,1112,0.0,0.0,0.0,1.0
UAL2662,1113,0.0,0.0,0.0,1.0
UAL2662,1114,0.0,0.0,0.0,1.0
UAL2662,1115,0.0,0.0,0.0,1.0
UAL2662,1116,0.0,0.0,0.0,1.0
UAL2662,1117,0.0,0.0,0.0,1.0
UAL2662,1118,0.0,0.0,0.0,1.0
UAL2662,1119,0.0,0.0,0.0,1.0
UAL2662,1120,0.0,0.0,0.0,1.0
UAL2662,1121,0.0,0.0,0.0,1.0
UAL2662,1122,0.0,0.0,0.0,1.0
UAL2662,1123,0.0,0.0,0.0,1.0
UAL2662,1124,0.0,0.0,0.0,1.0
UAL2662,1125,0.0,0.0,0.0,1.0
UAL2662,1126,0.0,0.0,0.0,1.0
UAL2662,1127,0.0,0.0,0.0,1.0
UAL2662,1128,0.0,0.0,0.0,1.0
UAL2662,1129,0.0,0.0,0.0,1.0
UAL2662,1130,0.0,0.0,0.0,1.0
UAL2662,1131,0.0,0.0,0.0,1.0
UAL2662,1132,0.0,0.0,0.0,1.0
UAL2662,1133,0.0,0.0,0.0,1.0
UAL2662,1134,0.0,0.0,0.0,1.0
UAL2662,1135,0.0,0.0,0.0,1.0
UAL2662,1136,0.0,0.0,0.0,1.0
UAL2662,1137,0.0,0.0,0.0,1.0
UAL2662,1138,0.0,0.0,0.0,1.0
UAL2662,1139,0.0,0.0,0.0,1.0
UAL2662,1140,0.0,0.0,0.0,1.0
UAL2662,1141,0.0,0.0,0.0,1.0
UAL2662,1142,0.0,0.0,0.0,1.0
UAL2662,1143,0.0,0.0,0.0,1.0
UAL2662,1144,0.0,0.0,0.0,1.0
UAL2662,1145,0.0,0.0,0.0,1.0
UAL2662,1146,0.0,0.0,0.0,1.0
UAL2662,1147,0.0,0.0,0.0,1.0
UAL2662,1148,0.0,0.0,0.0,1.0
UAL2662,1149,0.0,0.0,0.0,1.0
UAL2662,1150,0.0,0.0,0.0,1.0
UAL2662,1151,0.0,0.0,0.0,1.0
UAL2662,1152,0.0,0.0,0.0,1.0
UAL2662,1153,0.0,0.0,0.0,1.0
UAL2662,1154,0.0,0.0,0.0,1.0
UAL2662,1155,0.0,0.0,0.0,1.0
UAL2662,1156,0.0,0.0,0.0,1.0
UAL2662,1157,0.0,0.0,0.0,1.0
UAL2662,1158,0.0,0.0,0.0,1.0
UAL2662,1159,0.0,0.0,0.0,1.0
UAL2662,1160,0.0,0.0,0.0,1.0
UAL2662,1161,0.0,0.0,0.0,1.0
UAL2662,1162,0.0,0.0,0.0,1.0
UAL2662,1163,0.0,0.0,0.0,1.0
UAL2662,1164,0.0,0.0,0.0,1.0
UAL2662,1165,0.0,0.0,0.0,1.0
UAL2662,1166,0.0,0.0,0.0,1.0
UAL2662,1167,0.0,0.0,0.0,1.0
UAL2662,1168,0.0,0.0,0.0,1.0
UAL2662,1169,0.0,0.0,0.0,1.0
UAL2662,1170,0.0,0.0,0.0,1.0
UAL2662,1171,0.0,0.0,0.0,1.0
UAL2662,1172,0.0,0.0,0.0,1.0
UAL2662,1173,0.0,0.0,0.0,1.0
UAL2662,1174,0.0,0.0,0.0,1.0
UAL2662,1175,0.0,0.0,0.0,1.0
UAL2662,1176,0.0,0.0,0.0,1.0
UAL2662,1177,0.0,0.0,0.0,1.0
UAL2662,1178,0.0,0.0,0.0,1.0
UAL2662,1179,0.0,0.0,0.0,1.0
UAL2662,1180,0.0,0.0,0.0,1.0
UAL2662,1181,0.0,0.0,0.0,1.0
UAL2662,1182,0.0,0.0,0.0,1.0
UAL2662,1183,0.0,0.0,0.0,1.0
UAL2662,1184,0.0,0.0,0.0,1.0
UAL2662,1185,0.0,0.0,0.0,1.0
UAL2662,1186,0.0,0.0,0.0,1.0
UAL2662,1187,0.0,0.0,0.0,1.0
UAL2662,1188,0.0,0.0,0.0,1.0
UAL2662,1189,0.0,0.0,0.0,1.0
UAL2662,1190,0.0,0.0,0.0,1.0
UAL2662,1191,0.0,0.0,0.0,1.0
UAL2662,1192,0.0,0.0,0.0,1.0
UAL2662,1193,0.0,0.0,0.0,1.0
UAL2662,1194,0.0,0.0,0.0,1.0
UAL2662,1195,0.0,0.0,0.0,1.0
UAL2662,1196,0.0,0.0,0.0,1.0
UAL2662,1197,0.0,0.0,0.0,1.0
UAL2662,1198,0.0,0.0,0.0,1.0
UAL2662,1199,0.0,0.0,0.0,1.0
UAL2662,1200,0.0,0.0,0.0,1.0
UAL2662,1201,0.0,0.0,0.0,1.0
UAL2662,1202,0.0,0.0,0.0,1.0
UAL2662,1203,0.0,0.0,0.0,1.0
UAL2662,1204,0.0,0.0,0.0,1.0
UAL2662,1205,0.0,0.0,0.0,1.0
UAL2662,1206,0.0,0.0,0.0,1.0
UAL2662,1207,0.0,0.0,0.0,1.0
UAL2662,1208,0.0,0.0,0.0,1.0
UAL2662,1209,0.0,0.0,0.0,1.0
UAL2662,1210,0.0,0.0,0.0,1.0
UAL2662,1211,0.0,0.0,0.0,1.0
UAL2662,1212,0.0,0.0,0.0,1.0
UAL2662,1213,0.0,0.0,0.0,1.0
UAL2662,1214,0.0,0.0,0.0,1.0
UAL2662,1215,0.0,0.0,0.0,1.0
UAL2662,1216,0.0,0.0,0.0,1.0
UAL2662,1217,0.0,0.0,0.0,1.0
UAL2662,1218,0.0,0.0,0.0,1.0
UAL2662,1219,0.0,0.0,0.0,1.0
UAL2662,1220,0.0,0.0,0.0,1.0
UAL2662,1221,0.0,0.0,0.0,1.0
UAL2662,1222,0.0,0.0,0.0,1.0
UAL2662,1223,0.0,0.0,0.0,1.0
UAL2662,1224,0.0,0.0,0.0,1.0
UAL2662,1225,0.0,0.0,0.0,1.0
UAL2662,1226,0.0,0.0,0.0,1.0
UAL2662,1227,0.0,0.0,0.0,1.0
UAL2662,1228,0.0,0.0,0.0,1.0
UAL2662,1229,0.0,0.0,0.0,1.0
UAL2662,1230,0.0,0.0,0.0,1.0
UAL2662,1231,0.0,0.0,0.0,1.0
UAL2662,1232,0.0,0.0,0.0,1.0
UAL2662,1233,0.0,0.0,0.0,1.0
UAL2662,1234,0.0,0.0,0.0,1.0
UAL2662,1235,0.0,0.0,0.0,1.0
UAL2662,1236,0.0,0.0,0.0,1.0
UAL2662,1237,0.0,0.0,0.0,1.0
UAL2662,1238,0.0,0.0,0.0,1.0
UAL2662,1239,0.0,0.0,0.0,1.0
UAL2662,1240,0.0,0.0,0.0,1.0
UAL2662,1241,0.0,0.0,0.0,1.0
UAL2662,1242,0.0,0.0,0.0,1.0
UAL2662,1243,0.0,0.0,0.0,1.0
UAL2662,1244,0.0,0.0,0.0,1.0
UAL2662,1245,0.0,0.0,0.0,1.0
UAL2662,1246,0.0,0.0,0.0,1.0
UAL2662,1247,0.0,0.0,0.0,1.0
UAL2662,1248,0.0,0.0,0.0,1.0
UAL2662,1249,0.0,0.0,0.0,1.0
UAL2662,1250,0.0,0.0,0.0,1.0
UAL2662,1251,0.0,0.0,0.0,1.0
UAL2662,1252,0.0,0.0,0.0,1.0
UAL2662,1253,0.0,0.0,0.0,1.0
UAL2662,1254,0.0,0.0,0.0,1.0
UAL2662,1255,0.0,0.0,0.0,1.0
UAL2662,1256,0.0,0.0,0.0,1.0
UAL2662,1257,0.0,0.0,0.0,1.0
UAL2662,1258,0.0,0.0,0.0,1.0
UAL2662,1259,0.0,0.0,0.0,1.0
UAL2662,1260,0.0,0.0,0.0,1.0
UAL2662,1261,0.0,0.0,0.0,1.0
UAL2662,1262,0.0,0.0,0.0,1.0
UAL2662,1263,0.0,0.0,0.0,1.0
UAL2662,1264,0.0,0.0,0.0,1.0
UAL2662,1265,0.0,0.0,0.0,1.0
UAL2662,1266,0.0,0.0,0.0,1.0
UAL2662,1267,0.0,0.0,0.0,1.0
UAL2662,1268,0.0,0.0,0.0,1.0
UAL2662,1269,0.0,0.0,0.0,1.0
UAL2662,1270,0.0,0.0,0.0,1.0
UAL2662,1271,0.0,0.0,0.0,1.0
UAL2662,1272,0.0,0.0,0.0,1.0
UAL2662,1273,0.0,0.0,0.0,1.0
UAL2662,1274,0.0,0.0,0.0,1.0
UAL2662,1275,0.0,0.0,0.0,1.0
UAL2662,1276,0.0,0.0,0.0,1.0
UAL2662,1277,0.0,0.0,0.0,1.0
UAL2662,1278,0.0,0.0,0.0,1.0
UAL2662,1279,0.0,0.0,0.0,1.0
UAL2662,1280,0.0,0.0,0.0,1.0
UAL2662,1281,0.0,0.0,0.0,1.0
UAL2662,1282,0.0,0.0,0.0,1.0
UAL2662,1283,0.0,0.0,0.0,1.0
UAL2662,1284,0.0,0.0,0.0,1.0
UAL2662,1285,0.0,0.0,0.0,1.0
UAL2662,1286,0.0,0.0,0.0,1.0
UAL2662,1287,0.0,0.0,0.0,1.0
UAL2662,1288,0.0,0.0,0.0,1.0
UAL2662,1289,0.0,0.0,0.0,1.0
UAL2662,1290,0.0,0.0,0.0,1.0
UAL2662,1291,0.0,0.0,0.0,1.0
UAL2662,1292,0.0,0.0,0.0,1.0
UAL2662,1293,0.0,0.0,0.0,1.0
UAL2662,1294,0.0,0.0,0.0,1.0
UAL2662,1295,0.0,0.0,0.0,1.0
UAL2662,1296,0.0,0.0,0.0,1.0
UAL2662,1297,0.0,0.0,0.0,1.0
UAL2662,1298,0.0,0.0,0.0,1.0
UAL2662,1299,0.0,0.0,0.0,1.0
UAL2662,1300,0.0,0.0,0.0,1.0
UAL2662,1301,0.0,0.0,0.0,1.0
UAL2662,1302,0.0,0.0,0.0,1.0
UAL2662,1303,0.0,0.0,0.0,1.0
UAL2662,1304,0.0,0.0,0.0,1.0
UAL2662,1305,0.0,0.0,0.0,1.0
UAL2662,1306,0.0,0.0,0.0,1.0
UAL2662,1307,0.0,0.0,0.0,1.0
UAL2662,1308,0.0,0.0,0.0,1.0
UAL2662,1309,0.0,0.0,0.0,1.0
UAL2662,1310,0.0,0.0,0.0,1.0
UAL2662,1311,0.0,0.0,0.0,1.0
UAL2662,1312,0.0,0.0,0.0,1.0
UAL2662,1313,0.0,0.0,0.0,1.0
UAL2662,1314,0.0,0.0,0.0,1.0
UAL2662,1315,0.0,0.0,0.0,1.0
UAL2662,1316,0.0,0.0,0.0,1.0
UAL2662,1317,0.0,0.0,0.0,1.0
UAL2662,1318,0.0,0.0,0.0,1.0
UAL2662,1319,0.0,0.0,0.0,1.0
UAL2662,1320,0.0,0.0,0.0,1.0
UAL2662,1321,0.0,0.0,0.0,1.0
UAL2662,1322,0.0,0.0,0.0,1.0
UAL2662,1323,0.0,0.0,0.0,1.0
UAL2662,1324,0.0,0.0,0.0,1.0
UAL2662,1325,0.0,0.0,0.0,1.0
UAL2662,1326,0.0,0.0,0.0,1.0
UAL2662,1327,0.0,0.0,0.0,1.0
UAL2662,1328,0.0,0.0,0.0,1.0
UAL2662,1329,0.0,0.0,0.0,1.0
UAL2662,1330,0.0,0.0,0.0,1.0
UAL2662,1331,0.0,0.0,0.0,1.0
UAL2662,1332,0.0,0.0,0.0,1.0
UAL2662,1333,0.0,0.0,0.0,1.0
UAL2662,1334,0.0,0.0,0.0,1.0
UAL2662,1335,0.0,0.0,0.0,1.0
UAL2662,1336,0.0,0.0,0.0,1.0
UAL2662,1337,0.0,0.0,0.0,1.0
UAL2662,1338,0.0,0.0,0.0,1.0
UAL2662,1339,0.0,0.0,0.0,1.0
UAL2662,1340,0.0,0.0,0.0,1.0
UAL2662,1341,0.0,0.0,0.0,1.0
UAL2662,1342,0.0,0.0,0.0,1.0
UAL2662,1343,0.0,0.0,0.0,1.0
UAL2662,1344,0.0,0.0,0.0,1.0
UAL2662,1345,0.0,0.0,0.0,1.0
UAL2662,1346,0.0,0.0,0.0,1.0
UAL2662,1347,0.0,0.0,0.0,1.0
UAL2662,1348,0.0,0.0,0.0,1.0
UAL2662,1349,0.0,0.0,0.0,1.0
UAL2662,1350,0.0,0.0,0.0,1.0
UAL2662,1351,0.0,0.0,0.0,1.0
UAL2662,1352,0.0,0.0,0.0,1.0
UAL2662,1353,0.0,0.0,0.0,1.0
UAL2662,1354,0.0,0.0,0.0,1.0
UAL2662,1355,0.0,0.0,0.0,1.0
UAL2662,1356,0.0,0.0,0.0,1.0
UAL2662,1357,0.0,0.0,0.0,1.0
UAL2662,1358,0.0,0.0,0.0,1.0
UAL2662,1359,0.0,0.0,0.0,1.0
UAL2662,1360,0.0,0.0,0.0,1.0
UAL2662,1361,0.0,0.0,0.0,1.0
UAL2662,1362,0.0,0.0,0.0,1.0
UAL2662,1363,0.0,0.0,0.0,1.0
UAL2662,1364,0.0,0.0,0.0,1.0
UAL2662,1365,0.0,0.0,0.0,1.0
UAL2662,1366,0.0,0.0,0.0,1.0
UAL2662,1367,0.0,0.0,0.0,1.0
UAL2662,1368,0.0,0.0,0.0,1.0
UAL2662,1369,0.0,0.0,0.0,1.0
UAL2662,1370,0.0,0.0,0.0,1.0
UAL2662,1371,0.0,0.0,0.0,1.0
UAL2662,1372,0.0,0.0,0.0,1.0
UAL2662,1373,0.0,0.0,0.0,1.0
UAL2662,1374,0.0,0.0,0.0,1.0
UAL2662,1375,0.0,0.0,0.0,1.0
UAL2662,1376,0.0,0.0,0.0,1.0
UAL2662,1377,0.0,0.0,0.0,1.0
UAL2662,1378,0.0,0.0,0.0,1.0
UAL2662,1379,0.0,0.0,0.0,1.0
UAL2662,1380,0.0,0.0,0.0,1.0
UAL2662,1381,0.0,0.0,0.0,1.0
UAL2662,1382,0.0,0.0,0.0,1.0
UAL2662,1383,0.0,0.0,0.0,1.0
UAL2662,1384,0.0,0.0,0.0,1.0
UAL2662,1385,0.0,0.0,0.0,1.0
UAL2662,1386,0.0,0.0,0.0,1.0
UAL2662,1387,0.0,0.0,0.0,1.0
UAL2662,1388,0.0,0.0,0.0,1.0
UAL2662,1389,0.0,0.0,0.0,1.0
UAL2662,1390,0.0,0.0,0.0,1.0
UAL2662,1391,0.0,0.0,0.0,1.0
UAL2662,1392,0.0,0.0,0.0,1.0
UAL2662,1393,0.0,0.0,0.0,1.0
UAL2662,1394,0.0,0.0,0.0,1.0
UAL2662,1395,0.0,0.0,0.0,1.0
UAL2662,1396,0.0,0.0,0.0,1.0
UAL2662,1397,0.0,0.0,0.0,1.0
UAL2662,1398,0.0,0.0,0.0,1.0
UAL2662,1399,0.0,0.0,0.0,1.0
UAL2662,1400,0.0,0.0,0.0,1.0
UAL2662,1401,0.0,0.0,0.0,1.0
UAL2662,1402,0.0,0.0,0.0,1.0
UAL2662,1403,0.0,0.0,0.0,1.0
UAL2662,1404,0.0,0.0,0.0,1.0
UAL2662,1405,0.0,0.0,0.0,1.0
UAL2662,1406,0.0,0.0,0.0,1.0
UAL2662,1407,0.0,0.0,0.0,1.0
UAL2662,1408,0.0,0.0,0.0,1.0
UAL2662,1409,0.0,0.0,0.0,1.0
UAL2662,1410,0.0,0.0,0.0,1.0
UAL2662,1411,0.0,0.0,0.0,1.0
UAL2662,1412,0.0,0.0,0.0,1.0
UAL2662,1413,0.0,0.0,0.0,1.0
UAL2662,1414,0.0,0.0,0.0,1.0
UAL2662,1415,0.0,0.0,0.0,1.0
UAL2662,1416,0.0,0.0,0.0,1.0
UAL2662,1417,0.0,0.0,0.0,1.0
UAL2662,1418,0.0,0.0,0.0,1.0
UAL2662,1419,0.0,0.0,0.0,1.0
UAL2662,1420,0.0,0.0,0.0,1.0
UAL2662,1421,0.0,0.0,0.0,1.0
UAL2662,1422,0.0,0.0,0.0,1.0
UAL2662,1423,0.0,0.0,0.0,1.0
UAL2662,1424,0.0,0.0,0.0,1.0
UAL2662,1425,0.0,0.0,0.0,1.0
UAL2662,1426,0.0,0.0,0.0,1.0
UAL2662,1427,0.0,0.0,0.0,1.0
UAL2662,1428,0.0,0.0,0.0,1.0
UAL2662,1429,0.0,0.0,0.0,1.0
UAL2662,1430,0.0,0.0,0.0,1.0
UAL2662,1431,0.0,0.0,0.0,1.0
UAL2662,1432,0.0,0.0,0.0,1.0
UAL2662,1433,0.0,0.0,0.0,1.0
UAL2662,1434,0.0,0.0,0.0,1.0
UAL2662,1435,0.0,0.0,0.0,1.0
UAL2662,1436,0.0,0.0,0.0,1.0
UAL2662,1437,0.0,0.0,0.0,1.0
UAL2662,1438,0.0,0.0,0.0,1.0
UAL2662,1439,0.0,0.0,0.0,1.0
UAL2662,1440,0.0,0.0,0.0,1.0
UAL2662,1441,0.0,0.0,0.0,1.0
UAL2662,1442,0.0,0.0,0.0,1.0
UAL2662,1443,0.0,0.0,0.0,1.0
UAL2662,1444,0.0,0.0,0.0,1.0
UAL2662,1445,0.0,0.0,0.0,1.0
UAL2662,1446,0.0,0.0,0.0,1.0
UAL2662,1447,0.0,0.0,0.0,1.0
UAL2662,1448,0.0,0.0,0.0,1.0
UAL2662,1449,0.0,0.0,0.0,1.0
UAL2662,1450,0.0,0.0,0.0,1.0
UAL2662,1451,0.0,0.0,0.0,1.0
UAL2662,1452,0.0,0.0,0.0,1.0
UAL2662,1453,0.0,0.0,0.0,1.0
UAL2662,1454,0.0,0.0,0.0,1.0
UAL2662,1455,0.0,0.0,0.0,1.0
UAL2662,1456,0.0,0.0,0.0,1.0
UAL2662,1457,0.0,0.0,0.0,1.0
UAL2662,1458,0.0,0.0,0.0,1.0
UAL2662,1459,0.0,0.0,0.0,1.0
UAL2662,1460,0.0,0.0,0.0,1.0
UAL2662,1461,0.0,0.0,0.0,1.0
UAL2662,1462,0.0,0.0,0.0,1.0
UAL2662,1463,0.0,0.0,0.0,1.0
UAL2662,1464,0.0,0.0,0.0,1.0
UAL2662,1465,0.0,0.0,0.0,1.0
UAL2662,1466,0.0,0.0,0.0,1.0
UAL2662,1467,0.0,0.0,0.0,1.0
UAL2662,1468,0.0,0.0,0.0,1.0
UAL2662,1469,0.0,0.0,0.0,1.0
UAL2662,1470,0.0,0.0,0.0,1.0
UAL2662,1471,0.0,0.0,0.0,1.0
UAL2662,1472,0.0,0.0,0.0,1.0
UAL2662,1473,0.0,0.0,0.0,1.0
UAL2662,1474,0.0,0.0,0.0,1.0
UAL2662,1475,0.0,0.0,0.0,1.0
UAL2662,1476,0.0,0.0,0.0,1.0
UAL2662,1477,0.0,0.0,0.0,1.0
UAL2662,1478,0.0,0.0,0.0,1.0
UAL2662,1479,0.0,0.0,0.0,1.0
UAL2662,1480,0.0,0.0,0.0,1.0
UAL2662,1481,0.0,0.0,0.0,1.0
UAL2662,1482,0.0,0.0,0.0,1.0
UAL2662,1483,0.0,0.0,0.0,1.0
UAL2662,1484,0.0,0.0,0.0,1.0
UAL2662,1485,0.0,0.0,0.0,1.0
UAL2662,1486,0.0,0.0,0.0,1.0
UAL2662,1487,0.0,0.0,0.0,1.0
UAL2662,1488,0.0,0.0,0.0,1.0
UAL2662,1489,0.0,0.0,0.0,1.0
UAL2662,1490,0.0,0.0,0.0,1.0
UAL2662,1491,0.0,0.0,0.0,1.0
UAL2662,1492,0.0,0.0,0.0,1.0
UAL2662,1493,0.0,0.0,0.0,1.0
UAL2662,1494,0.0,0.0,0.0,1.0
UAL2662,1495,0.0,0.0,0.0,1.0
UAL2662,1496,0.0,0.0,0.0,1.0
UAL2662,1497,0.0,0.0,0.0,1.0
UAL2662,1498,0.0,0.0,0.0,1.0
UAL2662,1499,0.0,0.0,0.0,1.0
UAL2662,1500,0.0,0.0,0.0,1.0
UAL2662,1501,0.0,0.0,0.0,1.0
UAL2662,1502,0.0,0.0,0.0,1.0
UAL2662,1503,0.0,0.0,0.0,1.0
UAL2662,1504,0.0,0.0,0.0,1.0
UAL2662,1505,0.0,0.0,0.0,1.0
UAL2662,1506,0.0,0.0,0.0,1.0
UAL2662,1507,0.0,0.0,0.0,1.0
UAL2662,1508,0.0,0.0,0.0,1.0
UAL2662,1509,0.0,0.0,0.0,1.0
UAL2662,1510,0.0,0.0,0.0,1.0
UAL2662,1511,0.0,0.0,0.0,1.0
UAL2662,1512,0.0,0.0,0.0,1.0
UAL2662,1513,0.0,0.0,0.0,1.0
UAL2662,1514,0.0,0.0,0.0,1.0
UAL2662,1515,0.0,0.0,0.0,1.0
UAL2662,1516,0.0,0.0,0.0,1.0
UAL2662,1517,0.0,0.0,0.0,1.0
UAL2662,1518,0.0,0.0,0.0,1.0
UAL2662,1519,0.0,0.0,0.0,1.0
UAL2662,1520,0.0,0.0,0.0,1.0
UAL2662,1521,0.0,0.0,0.0,1.0
UAL2662,1522,0.0,0.0,0.0,1.0
UAL2662,1523,0.0,0.0,0.0,1.0
UAL2662,1524,0.0,0.0,0.0,1.0
UAL2662,1525,0.0,0.0,0.0,1.0
UAL2662,1526,0.0,0.0,0.0,1.0
UAL2662,1527,0.0,0.0,0.0,1.0
UAL2662,1528,0.0,0.0,0.0,1.0
UAL2662,1529,0.0,0.0,0.0,1.0
UAL2662,1530,0.0,0.0,0.0,1.0
UAL2662,1531,0.0,0.0,0.0,1.0
UAL2662,1532,0.0,0.0,0.0,1.0
UAL2662,1533,0.0,0.0,0.0,1.0
UAL2662,1534,0.0,0.0,0.0,1.0
UAL2662,1535,0.0,0.0,0.0,1.0
UAL2662,1536,0.0,0.0,0.0,1.0
UAL2662,1537,0.0,0.0,0.0,1.0
UAL2662,1538,0.0,0.0,0.0,1.0
UAL2662,1539,0.0,0.0,0.0,1.0
UAL2662,1540,0.0,0.0,0.0,1.0
UAL2662,1541,0.0,0.0,0.0,1.0
UAL2662,1542,0.0,0.0,0.0,1.0
UAL2662,1543,0.0,0.0,0.0,1.0
UAL2662,1544,0.0,0.0,0.0,1.0
UAL2662,1545,0.0,0.0,0.0,1.0
UAL2662,1546,0.0,0.0,0.0,1.0
UAL2662,1547,0.0,0.0,0.0,1.0
UAL2662,1548,0.0,0.0,0.0,1.0
UAL2662,1549,0.0,0.0,0.0,1.0
UAL2662,1550,0.0,0.0,0.0,1.0
UAL2662,1551,0.0,0.0,0.0,1.0
UAL2662,1552,0.0,0.0,0.0,1.0
UAL2662,1553,0.0,0.0,0.0,1.0
UAL2662,1554,0.0,0.0,0.0,1.0
UAL2662,1555,0.0,0.0,0.0,1.0
UAL2662,1556,0.0,0.0,0.0,1.0
UAL2662,1557,0.0,0.0,0.0,1.0
UAL2662,1558,0.0,0.0,0.0,1.0
UAL2662,1559,0.0,0.0,0.0,1.0
UAL2662,1560,0.0,0.0,0.0,1.0
UAL2662,1561,0.0,0.0,0.0,1.0
UAL2662,1562,0.0,0.0,0.0,1.0
UAL2662,1563,0.0,0.0,0.0,1.0
UAL2662,1564,0.0,0.0,0.0,1.0
UAL2662,1565,0.0,0.0,0.0,1.0
UAL2662,1566,0.0,0.0,0.0,1.0
UAL2662,1567,0.0,0.0,0.0,1.0
UAL2662,1568,0.0,0.0,0.0,1.0
UAL2662,1569,0.0,0.0,0.0,1.0
UAL2662,1570,0.0,0.0,0.0,1.0
UAL2662,1571,0.0,0.0,0.0,1.0
UAL2662,1572,0.0,0.0,0.0,1.0
UAL2662,1573,0.0,0.0,0.0,1.0
UAL2662,1574,0.0,0.0,0.0,1.0
UAL2662,1575,0.0,0.0,0.0,1.0
UAL2662,1576,0.0,0.0,0.0,1.0
UAL2662,1577,0.0,0.0,0.0,1.0
UAL2662,1578,0.0,0.0,0.0,1.0
UAL2662,1579,0.0,0.0,0.0,1.0
UAL2662,1580,0.0,0.0,0.0,1.0
UAL2662,1581,0.0,0.0,0.0,1.0
UAL2662,1582,0.0,0.0,0.0,1.0
UAL2662,1583,0.0,0.0,0.0,1.0
UAL2662,1584,0.0,0.0,0.0,1.0
UAL2662,1585,0.0,0.0,0.0,1.0
UAL2662,1586,0.0,0.0,0.0,1.0
UAL2662,1587,0.0,0.0,0.0,1.0
UAL2662,1588,0.0,0.0,0.0,1.0
UAL2662,1589,0.0,0.0,0.0,1.0
UAL2662,1590,0.0,0.0,0.0,1.0
UAL2662,1591,0.0,0.0,0.0,1.0
UAL2662,1592,0.0,0.0,0.0,1.0
UAL2662,1593,0.0,0.0,0.0,1.0
UAL2662,1594,0.0,0.0,0.0,1.0
UAL2662,1595,0.0,0.0,0.0,1.0
UAL2662,1596,0.0,0.0,0.0,1.0
UAL2662,1597,0.0,0.0,0.0,1.0
UAL2662,1598,0.0,0.0,0.0,1.0
UAL2662,1599,0.0,0.0,0.0,1.0
UAL2662,1600,0.0,0.0,0.0,1.0
UAL2662,1601,0.0,0.0,0.0,1.0
UAL2662,1602,0.0,0.0,0.0,1.0
UAL2662,1603,0.0,0.0,0.0,1.0
UAL2662,1604,0.0,0.0,0.0,1.0
UAL2662,1605,0.0,0.0,0.0,1.0
UAL2662,1606,0.0,0.0,0.0,1.0
UAL2662,1607,0.0,0.0,0.0,1.0
UAL2662,1608,0.0,0.0,0.0,1.0
UAL2662,1609,0.0,0.0,0.0,1.0
UAL2662,1610,0.0,0.0,0.0,1.0
UAL2662,1611,0.0,0.0,0.0,1.0
UAL2662,1612,0.0,0.0,0.0,1.0
UAL2662,1613,0.0,0.0,0.0,1.0
UAL2662,1614,0.0,0.0,0.0,1.0
UAL2662,1615,0.0,0.0,0.0,1.0
UAL2662,1616,0.0,0.0,0.0,1.0
UAL2662,1617,0.0,0.0,0.0,1.0
UAL2662,1618,0.0,0.0,0.0,1.0
UAL2662,1619,0.0,0.0,0.0,1.0
UAL2662,1620,0.0,0.0,0.0,1.0
UAL2662,1621,0.0,0.0,0.0,1.0
UAL2662,1622,0.0,0.0,0.0,1.0
UAL2662,1623,0.0,0.0,0.0,1.0
UAL2662,1624,0.0,0.0,0.0,1.0
UAL2662,1625,0.0,0.0,0.0,1.0
UAL2662,1626,0.0,0.0,0.0,1.0
UAL2662,1627,0.0,0.0,0.0,1.0
UAL2662,1628,0.0,0.0,0.0,1.0
UAL2662,1629,0.0,0.0,0.0,1.0
UAL2662,1630,0.0,0.0,0.0,1.0
UAL2662,1631,0.0,0.0,0.0,1.0
UAL2662,1632,0.0,0.0,0.0,1.0
UAL2662,1633,0.0,0.0,0.0,1.0
UAL2662,1634,0.0,0.0,0.0,1.0
UAL2662,1635,0.0,0.0,0.0,1.0
UAL2662,1636,0.0,0.0,0.0,1.0
UAL2662,1637,0.0,0.0,0.0,1.0
UAL2662,1638,0.0,0.0,0.0,1.0
UAL2662,1639,0.0,0.0,0.0,1.0
UAL2662,1640,0.0,0.0,0.0,1.0
UAL2662,1641,0.0,0.0,0.0,1.0
UAL2662,1642,0.0,0.0,0.0,1.0
UAL2662,1643,0.0,0.0,0.0,1.0
UAL2662,1644,0.0,0.0,0.0,1.0
UAL2662,1645,0.0,0.0,0.0,1.0
UAL2662,1646,0.0,0.0,0.0,1.0
UAL2662,1647,0.0,0.0,0.0,1.0
UAL2662,1648,0.0,0.0,0.0,1.0
UAL2662,1649,0.0,0.0,0.0,1.0
UAL2662,1650,0.0,0.0,0.0,1.0
UAL2662,1651,0.0,0.0,0.0,1.0
UAL2662,1652,0.0,0.0,0.0,1.0
UAL2662,1653,0.0,0.0,0.0,1.0
UAL2662,1654,0.0,0.0,0.0,1.0
UAL2662,1655,0.0,0.0,0.0,1.0
UAL2662,1656,0.0,0.0,0.0,1.0
UAL2662,1657,0.0,0.0,0.0,1.0
UAL2662,1658,0.0,0.0,0.0,1.0
UAL2662,1659,0.0,0.0,0.0,1.0
UAL2662,1660,0.0,0.0,0.0,1.0
UAL2662,1661,0.0,0.0,0.0,1.0
UAL2662,1662,0.0,0.0,0.0,1.0
UAL2662,1663,0.0,0.0,0.0,1.0
UAL2662,1664,0.0,0.0,0.0,1.0
UAL2662,1665,0.0,0.0,0.0,1.0
UAL2662,1666,0.0,0.0,0.0,1.0
UAL2662,1667,0.0,0.0,0.0,1.0
UAL2662,1668,0.0,0.0,0.0,1.0
UAL2662,1669,0.0,0.0,0.0,1.0
UAL2662,1670,0.0,0.0,0.0,1.0
UAL2662,1671,0.0,0.0,0.0,1.0
UAL2662,1672,0.0,0.0,0.0,1.0
UAL2662,1673,0.0,0.0,0.0,1.0
UAL2662,1674,0.0,0.0,0.0,1.0
UAL2662,1675,0.0,0.0,0.0,1.0
UAL2662,1676,0.0,0.0,0.0,1.0
UAL2662,1677,0.0,0.0,0.0,1.0
UAL2662,1678,0.0,0.0,0.0,1.0
UAL2662,1679,0.0,0.0,0.0,1.0
UAL2662,1680,0.0,0.0,0.0,1.0
UAL2662,1681,0.0,0.0,0.0,1.0
UAL2662,1682,0.0,0.0,0.0,1.0
UAL2662,1683,0.0,0.0,0.0,1.0
UAL2662,1684,0.0,0.0,0.0,1.0
UAL2662,1685,0.0,0.0,0.0,1.0
UAL2662,1686,0.0,0.0,0.0,1.0
UAL2662,1687,0.0,0.0,0.0,1.0
UAL2662,1688,0.0,0.0,0.0,1.0
UAL2662,1689,0.0,0.0,0.0,1.0
UAL2662,1690,0.0,0.0,0.0,1.0
UAL2662,1691,0.0,0.0,0.0,1.0
UAL2662,1692,0.0,0.0,0.0,1.0
UAL2662,1693,0.0,0.0,0.0,1.0
UAL2662,1694,0.0,0.0,0.0,1.0
UAL2662,1695,0.0,0.0,0.0,1.0
UAL2662,1696,0.0,0.0,0.0,1.0
UAL2662,1697,0.0,0.0,0.0,1.0
UAL2662,1698,0.0,0.0,0.0,1.0
UAL2662,1699,0.0,0.0,0.0,1.0
UAL2662,1700,0.0,0.0,0.0,1.0
UAL2662,1701,0.0,0.0,0.0,1.0
UAL2662,1702,0.0,0.0,0.0,1.0
UAL2662,1703,0.0,0.0,0.0,1.0
UAL2662,1704,0.0,0.0,0.0,1.0
UAL2662,1705,0.0,0.0,0.0,1.0
UAL2662,1706,0.0,0.0,0.0,1.0
UAL2662,1707,0.0,0.0,0.0,1.0
UAL2662,1708,0.0,0.0,0.0,1.0
UAL2662,1709,0.0,0.0,0.0,1.0
UAL2662,1710,0.0,0.0,0.0,1.0
UAL2662,1711,0.0,0.0,0.0,1.0
UAL2662,1712,0.0,0.0,0.0,1.0
UAL2662,1713,0.0,0.0,0.0,1.0
UAL2662,1714,0.0,0.0,0.0,1.0
UAL2662,1715,0.0,0.0,0.0,1.0
UAL2662,1716,0.0,0.0,0.0,1.0
UAL2662,1717,0.0,0.0,0.0,1.0
UAL2662,1718,0.0,0.0,0.0,1.0
UAL2662,1719,0.0,0.0,0.0,1.0
UAL2662,1720,0.0,0.0,0.0,1.0
UAL2662,1721,0.0,0.0,0.0,1.0
UAL2662,1722,0.0,0.0,0.0,1.0
UAL2662,1723,0.0,0.0,0.0,1.0
UAL2662,1724,0.0,0.0,0.0,1.0
UAL2662,1725,0.0,0.0,0.0,1.0
UAL2662,1726,0.0,0.0,0.0,1.0
UAL2662,1727,0.0,0.0,0.0,1.0
UAL2662,1728,0.0,0.0,0.0,1.0
UAL2662,1729,0.0,0.0,0.0,1.0
UAL2662,1730,0.0,0.0,0.0,1.0
UAL2662,1731,0.0,0.0,0.0,1.0
UAL2662,1732,0.0,0.0,0.0,1.0
UAL2662,1733,0.0,0.0,0.0,1.0
UAL2662,1734,0.0,0.0,0.0,1.0
UAL2662,1735,0.0,0.0,0.0,1.0
UAL2662,1736,0.0,0.0,0.0,1.0
UAL2662,1737,0.0,0.0,0.0,1.0
UAL2662,1738,0.0,0.0,0.0,1.0
UAL2662,1739,0.0,0.0,0.0,1.0
UAL2662,1740,0.0,0.0,0.0,1.0
UAL2662,1741,0.0,0.0,0.0,1.0
UAL2662,1742,0.0,0.0,0.0,1.0
UAL2662,1743,0.0,0.0,0.0,1.0
UAL2662,1744,0.0,0.0,0.0,1.0
UAL2662,1745,0.0,0.0,0.0,1.0
UAL2662,1746,0.0,0.0,0.0,1.0
UAL2662,1747,0.0,0.0,0.0,1.0
UAL2662,1748,0.0,0.0,0.0,1.0
UAL2662,1749,0.0,0.0,0.0,1.0
UAL2662,1750,0.0,0.0,0.0,1.0
UAL2662,1751,0.0,0.0,0.0,1.0
UAL2662,1752,0.0,0.0,0.0,1.0
UAL2662,1753,0.0,0.0,0.0,1.0
UAL2662,1754,0.0,0.0,0.0,1.0
UAL2662,1755,0.0,0.0,0.0,1.0
UAL2662,1756,0.0,0.0,0.0,1.0
UAL2662,1757,0.0,0.0,0.0,1.0
UAL2662,1758,0.0,0.0,0.0,1.0
UAL2662,1759,0.0,0.0,0.0,1.0
UAL2662,1760,0.0,0.0,0.0,1.0
UAL2662,1761,0.0,0.0,0.0,1.0
UAL2662,1762,0.0,0.0,0.0,1.0
UAL2662,1763,0.0,0.0,0.0,1.0
UAL2662,1764,0.0,0.0,0.0,1.0
UAL2662,1765,0.0,0.0,0.0,1.0
UAL2662,1766,0.0,0.0,0.0,1.0
UAL2662,1767,0.0,0.0,0.0,1.0
UAL2662,1768,0.0,0.0,0.0,1.0
UAL2662,1769,0.0,0.0,0.0,1.0
UAL2662,1770,0.0,0.0,0.0,1.0
UAL2662,1771,0.0,0.0,0.0,1.0
UAL2662,1772,0.0,0.0,0.0,1.0
UAL2662,1773,0.0,0.0,0.0,1.0
UAL2662,1774,0.0,0.0,0.0,1.0
UAL2662,1775,0.0,0.0,0.0,1.0
UAL2662,1776,0.0,0.0,0.0,1.0
UAL2662,1777,0.0,0.0,0.0,1.0
UAL2662,1778,0.0,0.0,0.0,1.0
UAL2662,1779,0.0,0.0,0.0,1.0
UAL2662,1780,0.0,0.0,0.0,1.0
UAL2662,1781,0.0,0.0,0.0,1.0
UAL2662,1782,0.0,0.0,0.0,1.0
UAL2662,1783,0.0,0.0,0.0,1.0
UAL2662,1784,0.0,0.0,0.0,1.0
UAL2662,1785,0.0,0.0,0.0,1.0
UAL2662,1786,0.0,0.0,0.0,1.0
UAL2662,1787,0.0,0.0,0.0,1.0
UAL2662,1788,0.0,0.0,0.0,1.0
UAL2662,1789,0.0,0.0,0.0,1.0
UAL2662,1790,0.0,0.0,0.0,1.0
UAL2662,1791,0.0,0.0,0.0,1.0
UAL2662,1792,0.0,0.0,0.0,1.0
UAL2662,1793,0.0,0.0,0.0,1.0
UAL2662,1794,0.0,0.0,0.0,1.0
UAL2662,1795,0.0,0.0,0.0,1.0
UAL2662,1796,0.0,0.0,0.0,1.0
UAL2662,1797,0.0,0.0,0.0,1.0
UAL2662,1798,0.0,0.0,0.0,1.0
UAL2662,1799,0.0,0.0,0.0,1.0
UAL2662,1800,0.0,0.0,0.0,1.0
UAL2662,1801,0.0,0.0,0.0,1.0
UAL2662,1802,0.0,0.0,0.0,1.0
UAL2662,1803,0.0,0.0,0.0,1.0
UAL2662,1804,0.0,0.0,0.0,1.0
UAL2662,1805,0.0,0.0,0.0,1.0
UAL2662,1806,0.0,0.0,0.0,1.0
UAL2662,1807,0.0,0.0,0.0,1.0
UAL2662,1808,0.0,0.0,0.0,1.0
UAL2662,1809,0.0,0.0,0.0,1.0
UAL2662,1810,0.0,0.0,0.0,1.0
UAL2662,1811,0.0,0.0,0.0,1.0
UAL2662,1812,0.0,0.0,0.0,1.0
UAL2662,1813,0.0,0.0,0.0,1.0
UAL2662,1814,0.0,0.0,0.0,1.0
UAL2662,1815,0.0,0.0,0.0,1.0
UAL2662,1816,0.0,0.0,0.0,1.0
UAL2662,1817,0.0,0.0,0.0,1.0
UAL2662,1818,0.0,0.0,0.0,1.0
UAL2662,1819,0.0,0.0,0.0,1.0
UAL2662,1820,0.0,0.0,0.0,1.0
UAL2662,1821,0.0,0.0,0.0,1.0
UAL2662,1822,0.0,0.0,0.0,1.0
UAL2662,1823,0.0,0.0,0.0,1.0
UAL2662,1824,0.0,0.0,0.0,1.0
UAL2662,1825,0.0,0.0,0.0,1.0
UAL2662,1826,0.0,0.0,0.0,1.0
UAL2662,1827,0.0,0.0,0.0,1.0
UAL2662,1828,0.0,0.0,0.0,1.0
UAL2662,1829,0.0,0.0,0.0,1.0
UAL2662,1830,0.0,0.0,0.0,1.0
UAL2662,1831,0.0,0.0,0.0,1.0
UAL2662,1832,0.0,0.0,0.0,1.0
UAL2662,1833,0.0,0.0,0.0,1.0
UAL2662,1834,0.0,0.0,0.0,1.0
UAL2662,1835,0.0,0.0,0.0,1.0
UAL2662,1836,0.0,0.0,0.0,1.0
UAL2662,1837,0.0,0.0,0.0,1.0
UAL2662,1838,0.0,0.0,0.0,1.0
UAL2662,1839,0.0,0.0,0.0,1.0
UAL2662,1840,0.0,0.0,0.0,1.0
UAL2662,1841,0.0,0.0,0.0,1.0
UAL2662,1842,0.0,0.0,0.0,1.0
UAL2662,1843,0.0,0.0,0.0,1.0
UAL2662,1844,0.0,0.0,0.0,1.0
UAL2662,1845,0.0,0.0,0.0,1.0
UAL2662,1846,0.0,0.0,0.0,1.0
UAL2662,1847,0.0,0.0,0.0,1.0
UAL2662,1848,0.0,0.0,0.0,1.0
UAL2662,1849,0.0,0.0,0.0,1.0
UAL2662,1850,0.0,0.0,0.0,1.0
UAL2662,1851,0.0,0.0,0.0,1.0
UAL2662,1852,0.0,0.0,0.0,1.0
UAL2662,1853,0.0,0.0,0.0,1.0
UAL2662,1854,0.0,0.0,0.0,1.0
UAL2662,1855,0.0,0.0,0.0,1.0
UAL2662,1856,0.0,0.0,0.0,1.0
UAL2662,1857,0.0,0.0,0.0,1.0
UAL2662,1858,0.0,0.0,0.0,1.0
UAL2662,1859,0.0,0.0,0.0,1.0
UAL2662,1860,0.0,0.0,0.0,1.0
UAL2662,1861,0.0,0.0,0.0,1.0
UAL2662,1862,0.0,0.0,0.0,1.0
UAL2662,1863,0.0,0.0,0.0,1.0
UAL2662,1864,0.0,0.0,0.0,1.0
UAL2662,1865,0.0,0.0,0.0,1.0
UAL2662,1866,0.0,0.0,0.0,1.0
UAL2662,1867,0.0,0.0,0.0,1.0
UAL2662,1868,0.0,0.0,0.0,1.0
UAL2662,1869,0.0,0.0,0.0,1.0
UAL2662,1870,0.0,0.0,0.0,1.0
UAL2662,1871,0.0,0.0,0.0,1.0
UAL2662,1872,0.0,0.0,0.0,1.0
UAL2662,1873,0.0,0.0,0.0,1.0
UAL2662,1874,0.0,0.0,0.0,1.0
UAL2662,1875,0.0,0.0,0.0,1.0
UAL2662,1876,0.0,0.0,0.0,1.0
UAL2662,1877,0.0,0.0,0.0,1.0
UAL2662,1878,0.0,0.0,0.0,1.0
UAL2662,1879,0.0,0.0,0.0,1.0
UAL2662,1880,0.0,0.0,0.0,1.0
UAL2662,1881,0.0,0.0,0.0,1.0
UAL2662,1882,0.0,0.0,0.0,1.0
UAL2662,1883,0.0,0.0,0.0,1.0
UAL2662,1884,0.0,0.0,0.0,1.0
UAL2662,1885,0.0,0.0,0.0,1.0
UAL2662,1886,0.0,0.0,0.0,1.0
UAL2662,1887,0.0,0.0,0.0,1.0
UAL2662,1888,0.0,0.0,0.0,1.0
UAL2662,1889,0.0,0.0,0.0,1.0
UAL2662,1890,0.0,0.0,0.0,1.0
UAL2662,1891,0.0,0.0,0.0,1.0
UAL2662,1892,0.0,0.0,0.0,1.0
UAL2662,1893,0.0,0.0,0.0,1.0
UAL2662,1894,0.0,0.0,0.0,1.0
UAL2662,1895,0.0,0.0,0.0,1.0
UAL2662,1896,0.0,0.0,0.0,1.0
UAL2662,1897,0.0,0.0,0.0,1.0
UAL2662,1898,0.0,0.0,0.0,1.0
UAL2662,1899,0.0,0.0,0.0,1.0
UAL2662,1900,0.0,0.0,0.0,1.0
UAL2662,1901,0.0,0.0,0.0,1.0
UAL2662,1902,0.0,0.0,0.0,1.0
UAL723,1,0.0,0.0,0.0,1.0
