Timestamp,Callsign,lat,lon,Altitude,Speed,Direction
2024-04-14 22:11:01+00:00,,29.91470078290519,-95.27684326171874,1005.84,128.45370921670596,111.67701262137165
2024-04-14 22:11:02+00:00,ENY3814,29.91400249933792,-95.27579956054689,1013.46,128.29016319224309,112.080335896041
2024-04-14 22:11:06+00:00,ENY3814,29.91156005859375,-95.27225269990812,1043.94,128.98146539141868,114.49008720617232
2024-04-14 22:11:10+00:00,ENY3814,29.908859252929688,-95.26852534367488,1066.8,128.97246970447875,117.78408559440074
2024-04-14 22:11:11+00:00,ENY3814,29.90826416015625,-95.2676274226262,1074.42,128.85337434035333,118.90780761409572
2024-04-14 22:11:14+00:00,ENY3814,29.90627482786017,-95.26482077205884,1082.04,128.81138403675843,121.478519091333
2024-04-14 22:11:17+00:00,ENY3814,29.90414428710937,-95.26171170748194,1097.28,128.77113411045846,124.04929311008878
2024-04-14 22:11:18+00:00,ENY3814,29.903366088867188,-95.26065532977763,1097.28,128.77113411045846,124.04929311008878
2024-04-14 22:11:19+00:00,ENY3814,29.90272521972656,-95.25970458984376,1104.9,128.77113411045846,124.04929311008878
2024-04-14 22:11:22+00:00,ENY3814,29.90048217773437,-95.25653545673076,1112.52,128.48019824834302,128.1471639869131
2024-04-14 22:11:24+00:00,ENY3814,29.89906311035156,-95.25442270132211,1127.76,128.55324462089547,129.59292627189296
2024-04-14 22:11:26+00:00,ENY3814,29.89755249023437,-95.25230994591348,1135.38,128.58915997976754,130.3158850884989
2024-04-14 22:11:27+00:00,ENY3814,29.896824723583155,-95.25124942555146,1143.0,128.6246790251915,131.03889454510042
2024-04-14 22:11:34+00:00,ENY3814,29.891510009765625,-95.24359482985278,1181.1,128.76291992354152,133.93142236823968
2024-04-14 22:11:39+00:00,ENY3814,29.887700484970868,-95.23816276999082,1188.72,129.16743625480868,136.02545318216846
2024-04-14 22:11:40+00:00,ENY3814,29.886886596679688,-95.23699246920069,1188.72,129.16743625480868,136.02545318216846
2024-04-14 22:11:45+00:00,ENY3814,29.883224487304688,-95.23165776179388,1211.5800000000002,128.1208867743689,136.6689013877388
2024-04-14 22:12:21+00:00,ENY3814,29.85777282714844,-95.18987802358774,1607.8200000000002,125.36246188706905,136.8894787994113
2024-04-14 22:12:24+00:00,ENY3814,29.85553288863877,-95.1862469841452,1638.3000000000002,125.34621391146348,143.16894260482337
2024-04-14 22:12:26+00:00,ENY3814,29.85399666479078,-95.18376967486216,1661.16,125.39479584498706,143.88622544236475
2024-04-14 22:12:28+00:00,ENY3814,29.85292053222656,-95.18206082857569,1668.78,125.39479584498706,143.88622544236475
2024-04-14 22:12:29+00:00,ENY3814,29.852181127515887,-95.18080767463238,1684.02,125.4905207824471,145.32109686668434
2024-04-14 22:12:31+00:00,ENY3814,29.850644903667902,-95.17838421989892,1699.26,125.70158026952696,146.33829571167524
2024-04-14 22:12:32+00:00,ENY3814,29.849533081054688,-95.17662048339844,1714.5,125.70158026952696,146.33829571167524
2024-04-14 22:12:35+00:00,ENY3814,29.847381591796875,-95.17318725585938,1744.98,125.74738080664356,147.05631671094568
2024-04-14 22:12:38+00:00,ENY3814,29.84561726198358,-95.17046760110291,1760.22,125.74738080664356,147.05631671094568
2024-04-14 22:12:39+00:00,ENY3814,29.84403448589777,-95.1679364372702,1783.0800000000002,125.74738080664356,147.05631671094568
2024-04-14 22:13:08+00:00,ENY3814,29.8236911579714,-95.12819177964154,2171.7000000000003,116.9926236839114,154.1487473415719
2024-04-14 22:13:17+00:00,ENY3814,29.822201486361227,-95.11375876034008,2255.52,91.27708291525497,161.57555075295497
2024-04-14 22:13:18+00:00,ENY3814,29.822201486361227,-95.11225083295037,2270.76,90.18247001849907,161.53623517626684
2024-04-14 22:13:22+00:00,ENY3814,29.8223876953125,-95.10536780724158,2308.86,89.09061955080087,162.07027315873813
2024-04-14 22:13:23+00:00,ENY3814,29.82248079978813,-95.10368795955884,2324.1,89.09061955080087,162.07027315873813
2024-04-14 22:13:38+00:00,ENY3814,29.822296142578125,-95.07869427020734,2590.8,93.53000668789272,158.74994995109637
2024-04-14 22:13:39+00:00,ENY3814,29.822201486361227,-95.07702995749082,2606.04,94.09887969166232,158.33931134099544
2024-04-14 22:13:41+00:00,ENY3814,29.822021484375,-95.07409902719348,2644.1400000000003,94.48460600954463,157.90330425979323
2024-04-14 22:31:18+00:00,,29.66871875827595,-92.51926197725186,9966.96,92.47005129596089,262.61043526633784
2024-04-14 22:31:19+00:00,,29.668624877929688,-92.51666142390326,9974.58,92.47005129596089,262.61043526633784
2024-04-14 22:31:22+00:00,,29.66830444335937,-92.50810476449816,9982.2,92.47005129596089,262.61043526633784
2024-04-14 22:31:23+00:00,,29.668212890625,-92.50578073354863,9989.82,92.47005129596089,262.61043526633784
2024-04-14 22:31:25+00:00,,29.667984008789062,-92.5003932072566,9989.82,92.47005129596089,262.61043526633784
2024-04-14 22:31:28+00:00,,29.66769460904396,-92.49244241153492,10005.06,92.47005129596089,262.61043526633784
2024-04-14 22:32:37+00:00,,29.648980609441207,-92.30605181525736,10317.48,101.1562071025315,263.22496380653274
2024-04-14 22:32:52+00:00,,29.6407470703125,-92.266352726863,10401.3,103.07912378006682,261.43171474473405
2024-04-14 22:32:54+00:00,,29.63962360963983,-92.26081399356616,10416.54,103.07912378006682,261.43171474473405
2024-04-14 22:32:55+00:00,,29.63915808726165,-92.25849824793198,10416.54,103.07912378006682,261.43171474473405
2024-04-14 22:32:57+00:00,,29.63818359375,-92.25372901329628,10431.78,103.07912378006682,261.43171474473405
2024-04-14 22:32:59+00:00,,29.637130737304688,-92.24844712477466,10439.4,103.104686869849,260.93064217173975
2024-04-14 22:33:02+00:00,,29.63557356494968,-92.2408339556526,10454.64,103.104686869849,260.93064217173975
2024-04-14 22:33:10+00:00,,29.63145446777344,-92.22045311560998,10500.36,103.13034832246338,260.4296217391548
2024-04-14 22:33:17+00:00,,29.627706236758478,-92.20222024356616,10538.46,103.13034832246338,260.4296217391548
2024-04-14 22:33:36+00:00,ENY3814,29.61749267578125,-92.1526864858774,10645.14,103.26015072055648,257.92531231596325
2024-04-14 22:33:37+00:00,ENY3814,29.61699922206038,-92.1503044577206,10645.14,103.26015072055648,257.92531231596325
2024-04-14 22:33:38+00:00,ENY3814,29.616439819335938,-92.14745741624095,10652.76,103.37133196989194,258.0437976209031
2024-04-14 22:33:40+00:00,ENY3814,29.615203857421875,-92.14148888221156,10660.38,103.37133196989194,258.0437976209031
2024-04-14 22:33:41+00:00,ENY3814,29.61467161016949,-92.13894114774814,10668.0,103.37133196989194,258.0437976209031
2024-04-14 22:33:42+00:00,ENY3814,29.61410522460937,-92.13631263146031,10668.0,103.37133196989194,258.0437976209031
2024-04-14 22:33:43+00:00,ENY3814,29.61360090869968,-92.13371725643384,10668.0,103.37133196989194,258.0437976209031
2024-04-14 22:33:44+00:00,ENY3814,29.613052368164062,-92.13113638070912,10668.0,103.37133196989194,258.0437976209031
2024-04-14 22:33:45+00:00,ENY3814,29.612594604492188,-92.12907644418569,10668.0,103.34496693088012,258.5443232973478
2024-04-14 22:33:46+00:00,ENY3814,29.61206468485169,-92.12650074678312,10668.0,103.34496693088012,258.5443232973478
2024-04-14 22:33:47+00:00,ENY3814,29.611541748046875,-92.12390019343452,10668.0,103.31870378230217,259.04490350749546
2024-04-14 22:33:48+00:00,ENY3814,29.610993983381885,-92.12127685546876,10668.0,103.31870378230217,259.04490350749546
2024-04-14 22:33:49+00:00,ENY3814,29.61044311523437,-92.1186711237981,10668.0,103.31870378230217,259.04490350749546
2024-04-14 22:33:51+00:00,ENY3814,29.609457759533896,-92.11379107306988,10668.0,103.40301460009282,259.66430313960893
2024-04-14 22:33:53+00:00,ENY3814,29.608154296875,-92.1074900907629,10668.0,103.40301460009282,259.66430313960893
2024-04-14 22:33:55+00:00,ENY3814,29.60737609863281,-92.1038818359375,10668.0,103.37675282985144,260.1647629088525
2024-04-14 22:33:56+00:00,ENY3814,29.60689738645392,-92.10151223575366,10668.0,103.37675282985144,260.1647629088525
2024-04-14 22:33:57+00:00,ENY3814,29.606245655124468,-92.0983348173254,10668.0,103.37675282985144,260.1647629088525
2024-04-14 22:33:58+00:00,ENY3814,29.605682373046875,-92.0957477276142,10668.0,103.37675282985144,260.1647629088525
2024-04-14 22:33:59+00:00,ENY3814,29.60517495365466,-92.09311092601104,10668.0,103.37675282985144,260.1647629088525
2024-04-14 22:34:00+00:00,ENY3814,29.60462951660156,-92.09051865797778,10668.0,103.35059190676152,260.66527712589254
2024-04-14 22:34:01+00:00,ENY3814,29.60405769994703,-92.08788703469668,10668.0,103.35059190676152,260.66527712589254
2024-04-14 22:34:03+00:00,ENY3814,29.60289001464844,-92.0821732741136,10668.0,103.35059190676152,260.66527712589254
2024-04-14 22:34:04+00:00,ENY3814,29.60243225097656,-92.07990206204926,10668.0,103.4343042253636,261.2848870714159
2024-04-14 22:34:05+00:00,ENY3814,29.601916297007413,-92.07743925206802,10668.0,103.4343042253636,261.2848870714159
2024-04-14 22:34:06+00:00,ENY3814,29.60137939453125,-92.07483144906848,10668.0,103.4343042253636,261.2848870714159
2024-04-14 22:34:07+00:00,ENY3814,29.600799043299787,-92.07216150620404,10668.0,103.4343042253636,261.2848870714159
2024-04-14 22:34:09+00:00,ENY3814,29.599728341829977,-92.0669376148897,10668.0,103.4343042253636,261.2848870714159
2024-04-14 22:34:10+00:00,ENY3814,29.599136352539062,-92.06410921536956,10668.0,103.4343042253636,261.2848870714159
2024-04-14 22:34:12+00:00,ENY3814,29.59777314784163,-92.05751306870404,10668.0,103.4343042253636,261.2848870714159
2024-04-14 22:34:13+00:00,ENY3814,29.59754038665254,-92.05643597771144,10668.0,103.4343042253636,261.2848870714159
2024-04-14 22:34:15+00:00,ENY3814,29.596115112304688,-92.04963684082033,10668.0,103.4343042253636,261.2848870714159
2024-04-14 22:34:16+00:00,ENY3814,29.59581795385328,-92.0480885225184,10668.0,103.4343042253636,261.2848870714159
2024-04-14 22:34:17+00:00,ENY3814,29.595245361328125,-92.0454641488882,10668.0,103.4343042253636,261.2848870714159
2024-04-14 22:34:18+00:00,ENY3814,29.59465414790784,-92.04254150390624,10668.0,103.4343042253636,261.2848870714159
2024-04-14 22:34:19+00:00,ENY3814,29.59437561035156,-92.04123863807092,10668.0,103.4343042253636,261.2848870714159
2024-04-14 22:34:26+00:00,ENY3814,29.590484619140625,-92.0224351149339,10668.0,103.46056362081453,260.78454721659665
2024-04-14 22:34:27+00:00,ENY3814,29.589905819650426,-92.01981488396144,10668.0,103.46056362081453,260.78454721659665
2024-04-14 22:34:28+00:00,ENY3814,29.589385986328125,-92.01720604529748,10668.0,103.46056362081453,260.78454721659665
2024-04-14 22:34:30+00:00,ENY3814,29.588287353515625,-92.01197697566109,10668.0,103.46056362081453,260.78454721659665
2024-04-14 22:34:40+00:00,ENY3814,29.582839965820312,-91.98588444636418,10668.0,103.48692396667197,260.28426235035107
2024-04-14 22:34:41+00:00,ENY3814,29.58231780488612,-91.98324764476104,10668.0,103.48692396667197,260.28426235035107
2024-04-14 22:34:43+00:00,ENY3814,29.581329345703125,-91.9785426213191,10668.0,103.48692396667197,260.28426235035107
2024-04-14 22:34:47+00:00,ENY3814,29.579012596001057,-91.9675221162684,10668.0,103.48692396667197,260.28426235035107
2024-04-14 22:34:48+00:00,ENY3814,29.5784912109375,-91.96491534893327,10668.0,103.48692396667197,260.28426235035107
2024-04-14 22:34:51+00:00,ENY3814,29.57682464082362,-91.95696662454044,10668.0,103.48692396667197,260.28426235035107
2024-04-14 22:34:52+00:00,ENY3814,29.5762939453125,-91.95445720966046,10668.0,103.48692396667197,260.28426235035107
2024-04-14 22:34:54+00:00,ENY3814,29.5751953125,-91.94922814002403,10668.0,103.48692396667197,260.28426235035107
2024-04-14 22:34:55+00:00,ENY3814,29.574683237884003,-91.94662655101104,10668.0,103.48692396667197,260.28426235035107
2024-04-14 22:34:56+00:00,ENY3814,29.5740966796875,-91.94394625150238,10668.0,103.48692396667197,260.28426235035107
2024-04-14 22:34:59+00:00,ENY3814,29.57249528270657,-91.93623262293198,10668.0,103.48692396667197,260.28426235035107
2024-04-14 22:35:00+00:00,ENY3814,29.571945190429688,-91.93359375,10668.0,103.48692396667197,260.28426235035107
2024-04-14 22:35:01+00:00,ENY3814,29.57114526780985,-91.92977007697613,10668.0,103.48692396667197,260.28426235035107
2024-04-14 22:35:02+00:00,ENY3814,29.570846557617188,-91.9283646803636,10668.0,103.48692396667197,260.28426235035107
2024-04-14 22:35:03+00:00,ENY3814,29.57015991210937,-91.9252483661358,10668.0,103.48692396667197,260.28426235035107
2024-04-14 22:35:04+00:00,ENY3814,29.56965559619968,-91.92266127642466,10668.0,103.48692396667197,260.28426235035107
2024-04-14 22:35:05+00:00,ENY3814,29.569107055664062,-91.9200192964994,10668.0,103.48692396667197,260.28426235035107
2024-04-14 22:35:06+00:00,ENY3814,29.56853834249205,-91.91727582146144,10668.0,103.46056362081453,260.78454721659665
2024-04-14 22:35:07+00:00,ENY3814,29.56800842285156,-91.91479022686298,10668.0,103.46056362081453,260.78454721659665
2024-04-14 22:35:08+00:00,ENY3814,29.56732177734375,-91.9116739126352,10668.0,103.46056362081453,260.78454721659665
2024-04-14 22:35:10+00:00,ENY3814,29.566452026367188,-91.90728994516223,10668.0,103.46056362081453,260.78454721659665
2024-04-14 22:35:11+00:00,ENY3814,29.56581115722656,-91.90438490647534,10668.0,103.46056362081453,260.78454721659665
2024-04-14 22:35:12+00:00,ENY3814,29.565353393554688,-91.90216651329628,10668.0,103.46056362081453,260.78454721659665
2024-04-14 22:35:13+00:00,ENY3814,29.56481416346663,-91.89966538373164,10668.0,103.46056362081453,260.78454721659665
2024-04-14 22:35:14+00:00,ENY3814,29.564254760742188,-91.89688462477466,10668.0,103.46056362081453,260.78454721659665
2024-04-14 22:35:15+00:00,ENY3814,29.563385009765625,-91.89287038949816,10668.0,103.46056362081453,260.78454721659665
2024-04-14 22:35:16+00:00,ENY3814,29.56309173066737,-91.89131792853864,10668.0,103.46056362081453,260.78454721659665
2024-04-14 22:35:17+00:00,ENY3814,29.562812417240465,-91.89007927389709,10668.0,103.46056362081453,260.78454721659665
2024-04-14 22:35:18+00:00,ENY3814,29.561974476959744,-91.88609403722428,10668.0,103.46056362081453,260.78454721659665
2024-04-14 22:35:20+00:00,ENY3814,29.560903775489937,-91.88087014590992,10668.0,103.46056362081453,260.78454721659665
2024-04-14 22:35:21+00:00,ENY3814,29.56043825311176,-91.87876981847428,10668.0,103.46056362081453,260.78454721659665
2024-04-14 22:35:22+00:00,ENY3814,29.55990600585937,-91.87612680288458,10668.0,103.46056362081453,260.78454721659665
2024-04-14 22:35:23+00:00,ENY3814,29.55903625488281,-91.87195411095252,10668.0,103.46056362081453,260.78454721659665
2024-04-14 22:35:25+00:00,ENY3814,29.557937622070312,-91.8667250413161,10668.0,103.46056362081453,260.78454721659665
2024-04-14 22:35:26+00:00,ENY3814,29.557662963867188,-91.86556302584133,10668.0,103.46056362081453,260.78454721659665
2024-04-14 22:35:27+00:00,ENY3814,29.55683898925781,-91.86149597167967,10668.0,103.57043438516148,260.90477715072706
2024-04-14 22:35:28+00:00,ENY3814,29.556564331054688,-91.86022831843452,10668.0,103.57043438516148,260.90477715072706
2024-04-14 22:35:31+00:00,ENY3814,29.55487060546875,-91.85209421011116,10668.0,103.57043438516148,260.90477715072706
2024-04-14 22:35:32+00:00,ENY3814,29.554183959960938,-91.84897789588342,10668.0,103.57043438516148,260.90477715072706
2024-04-14 22:35:33+00:00,ENY3814,29.55364162639036,-91.8463493795956,10668.0,103.57043438516148,260.90477715072706
2024-04-14 22:35:34+00:00,ENY3814,29.55308532714844,-91.843748826247,10668.0,103.57043438516148,260.90477715072706
2024-04-14 22:35:35+00:00,ENY3814,29.552524372682733,-91.84112548828124,10668.0,103.57043438516148,260.90477715072706
2024-04-14 22:35:36+00:00,ENY3814,29.551986694335938,-91.8385197566106,10668.0,103.57043438516148,260.90477715072706
2024-04-14 22:35:37+00:00,ENY3814,29.55157470703125,-91.8364070012019,10668.0,103.57043438516148,260.90477715072706
2024-04-14 22:35:38+00:00,ENY3814,29.550988148834744,-91.83380126953124,10668.0,103.54397680695156,261.4048868805398
2024-04-14 22:35:39+00:00,ENY3814,29.55047607421875,-91.83117793156548,10668.0,103.54397680695156,261.4048868805398
2024-04-14 22:35:40+00:00,ENY3814,29.549917447364937,-91.82857737821688,10668.0,103.4343042253636,261.2848870714159
2024-04-14 22:35:41+00:00,ENY3814,29.54937744140625,-91.82594886192908,10668.0,103.4343042253636,261.2848870714159
2024-04-14 22:35:42+00:00,ENY3814,29.548800193657307,-91.8233534869026,10668.0,103.4343042253636,261.2848870714159
2024-04-14 22:35:43+00:00,ENY3814,29.54861398470604,-91.82227639590992,10668.0,103.4343042253636,261.2848870714159
2024-04-14 22:35:44+00:00,ENY3814,29.547821044921875,-91.8185013991136,10668.0,103.4343042253636,261.2848870714159
2024-04-14 22:35:46+00:00,ENY3814,29.54637947729078,-91.81182861328124,10668.0,103.54397680695156,261.4048868805398
2024-04-14 22:35:47+00:00,ENY3814,29.54608154296875,-91.81026165301984,10668.0,103.54397680695156,261.4048868805398
2024-04-14 22:35:48+00:00,ENY3814,29.545623779296875,-91.80809607872597,10668.0,103.54397680695156,261.4048868805398
2024-04-14 22:35:49+00:00,ENY3814,29.54530877582097,-91.80660472196688,10668.0,103.54397680695156,261.4048868805398
2024-04-14 22:35:55+00:00,ENY3814,29.54168701171875,-91.78929255558891,10668.0,103.54397680695156,261.4048868805398
2024-04-14 22:35:57+00:00,ENY3814,29.54070010427701,-91.78457821116729,10668.0,103.54397680695156,261.4048868805398
2024-04-14 22:36:00+00:00,ENY3814,29.538698358050848,-91.77515366498164,10668.0,103.54397680695156,261.4048868805398
2024-04-14 22:36:01+00:00,ENY3814,29.53846559686176,-91.77413042853864,10668.0,103.54397680695156,261.4048868805398
2024-04-14 22:36:03+00:00,ENY3814,29.537429809570312,-91.76922137920673,10668.0,103.54397680695156,261.4048868805398
2024-04-14 22:36:05+00:00,ENY3814,29.535998328257413,-91.7624439912684,10668.0,103.54397680695156,261.4048868805398
2024-04-14 22:36:08+00:00,ENY3814,29.534637451171875,-91.75580538236176,10668.0,103.54397680695156,261.4048868805398
2024-04-14 22:36:10+00:00,ENY3814,29.53353881835937,-91.75057631272534,10668.0,103.54397680695156,261.4048868805398
2024-04-14 22:36:11+00:00,ENY3814,29.53285217285156,-91.74745999849756,10668.0,103.54397680695156,261.4048868805398
2024-04-14 22:36:12+00:00,ENY3814,29.532394409179688,-91.74524160531848,10668.0,103.54397680695156,261.4048868805398
2024-04-14 22:36:16+00:00,ENY3814,29.530197143554688,-91.7348891038161,10668.0,103.54397680695156,261.4048868805398
2024-04-14 22:36:17+00:00,ENY3814,29.529327392578125,-91.73066359299878,10668.0,103.54397680695156,261.4048868805398
2024-04-14 22:36:18+00:00,ENY3814,29.529098510742188,-91.72950157752403,10668.0,103.54397680695156,261.4048868805398
2024-04-14 22:36:19+00:00,ENY3814,29.52831720901748,-91.72576904296876,10668.0,103.54397680695156,261.4048868805398
2024-04-14 22:36:20+00:00,ENY3814,29.527999877929688,-91.72443096454327,10668.0,103.54397680695156,261.4048868805398
2024-04-14 22:36:21+00:00,ENY3814,29.527130126953125,-91.72025827261116,10668.0,103.54397680695156,261.4048868805398
2024-04-14 22:36:22+00:00,ENY3814,29.526626586914062,-91.71798706054688,10668.0,103.54397680695156,261.4048868805398
2024-04-14 22:36:23+00:00,ENY3814,29.52636201502913,-91.71655991498164,10668.0,103.54397680695156,261.4048868805398
2024-04-14 22:36:25+00:00,ENY3814,29.525115966796875,-91.71080369215748,10668.0,103.54397680695156,261.4048868805398
2024-04-14 22:36:26+00:00,ENY3814,29.52459302999205,-91.70821245978864,10668.0,103.54397680695156,261.4048868805398
2024-04-14 22:36:27+00:00,ENY3814,29.52401733398437,-91.7054689847506,10668.0,103.54397680695156,261.4048868805398
2024-04-14 22:36:28+00:00,ENY3814,29.523475776284428,-91.70298856847428,10668.0,103.54397680695156,261.4048868805398
2024-04-14 22:36:30+00:00,ENY3814,29.5223585225768,-91.6977108226103,10668.0,103.57043438516148,260.90477715072706
2024-04-14 22:36:31+00:00,ENY3814,29.52189300019862,-91.69544893152572,10668.0,103.57043438516148,260.90477715072706
2024-04-14 22:36:32+00:00,ENY3814,29.52128782110699,-91.69248693129596,10668.0,103.57043438516148,260.90477715072706
2024-04-14 22:36:33+00:00,ENY3814,29.520822298728813,-91.69033274931064,10668.0,103.57043438516148,260.90477715072706
2024-04-14 22:36:34+00:00,ENY3814,29.520263671875,-91.68782747708832,10668.0,103.57043438516148,260.90477715072706
2024-04-14 22:36:35+00:00,ENY3814,29.519658492783368,-91.68500114889709,10668.0,103.57043438516148,260.90477715072706
2024-04-14 22:36:36+00:00,ENY3814,29.5191650390625,-91.68254558856673,10668.0,103.57043438516148,260.90477715072706
2024-04-14 22:36:38+00:00,ENY3814,29.51793605998411,-91.67681525735291,10668.0,103.57043438516148,260.90477715072706
2024-04-14 22:36:47+00:00,ENY3814,29.513094627251057,-91.65381936465992,10668.0,103.57043438516148,260.90477715072706
2024-04-14 22:36:48+00:00,ENY3814,29.512481689453125,-91.65095989520734,10668.0,103.57043438516148,260.90477715072706
2024-04-14 22:36:59+00:00,ENY3814,29.50634765625,-91.62196232722356,10668.0,103.680203531821,261.02596560195707
2024-04-14 22:37:00+00:00,ENY3814,29.505785925913663,-91.6193524528952,10668.0,103.680203531821,261.02596560195707
2024-04-14 22:37:02+00:00,ENY3814,29.50474548339844,-91.61440922663763,10668.0,103.680203531821,261.02596560195707
2024-04-14 22:37:03+00:00,ENY3814,29.504150390625,-91.61155700683594,10668.0,103.680203531821,261.02596560195707
2024-04-14 22:37:15+00:00,ENY3814,29.49769592285156,-91.58123896672176,10668.0,103.57043438516148,260.90477715072706
2024-04-14 22:37:17+00:00,ENY3814,29.496597290039062,-91.57600989708534,10668.0,103.57043438516148,260.90477715072706
2024-04-14 22:37:20+00:00,ENY3814,29.49465994107521,-91.56695197610291,10668.0,103.680203531821,261.02596560195707
2024-04-14 22:37:21+00:00,ENY3814,29.494400024414062,-91.5656045766977,10668.0,103.680203531821,261.02596560195707
2024-04-14 22:37:22+00:00,ENY3814,29.49382200079449,-91.56296673943018,10668.0,103.680203531821,261.02596560195707
2024-04-14 22:37:23+00:00,ENY3814,29.49330139160156,-91.56037550706128,10668.0,103.680203531821,261.02596560195707
2024-04-14 22:37:25+00:00,ENY3814,29.491928100585938,-91.55414287860576,10668.0,103.680203531821,261.02596560195707
2024-04-14 22:37:27+00:00,ENY3814,29.49082946777344,-91.54891380896936,10668.0,103.680203531821,261.02596560195707
2024-04-14 22:37:29+00:00,ENY3814,29.489730834960938,-91.54368473933296,10668.0,103.680203531821,261.02596560195707
2024-04-14 22:37:30+00:00,ENY3814,29.48916677701271,-91.5410479377298,10668.0,103.680203531821,261.02596560195707
2024-04-14 22:37:31+00:00,ENY3814,29.48863220214844,-91.53845566969652,10668.0,103.680203531821,261.02596560195707
2024-04-14 22:37:32+00:00,ENY3814,29.48828228449417,-91.53690113740812,10668.0,103.680203531821,261.02596560195707
2024-04-14 22:37:33+00:00,ENY3814,29.487533569335938,-91.53322660006006,10668.0,103.70696100407982,260.5261443286165
2024-04-14 22:37:34+00:00,ENY3814,29.487165030786542,-91.53167724609376,10668.0,103.70696100407982,260.5261443286165
2024-04-14 22:37:35+00:00,ENY3814,29.48628053826801,-91.5274765912224,10668.0,103.70696100407982,260.5261443286165
2024-04-14 22:37:36+00:00,ENY3814,29.485748291015625,-91.52488121619592,10668.0,103.70696100407982,260.5261443286165
2024-04-14 22:37:37+00:00,ENY3814,29.485519409179688,-91.52387765737676,10668.0,103.70696100407982,260.5261443286165
2024-04-14 22:37:38+00:00,ENY3814,29.4846977621822,-91.51999080882354,10668.0,103.70696100407982,260.5261443286165
2024-04-14 22:37:39+00:00,ENY3814,29.48446500099311,-91.51891371783093,10668.0,103.70696100407982,260.5261443286165
2024-04-14 22:37:40+00:00,ENY3814,29.48350524902344,-91.51447589580827,10668.0,103.70696100407982,260.5261443286165
2024-04-14 22:37:41+00:00,ENY3814,29.48300170898437,-91.51209904597356,10668.0,103.70696100407982,260.5261443286165
2024-04-14 22:37:42+00:00,ENY3814,29.48269601595604,-91.5105662626379,10668.0,103.70696100407982,260.5261443286165
2024-04-14 22:37:43+00:00,ENY3814,29.48213195800781,-91.50803199181188,10668.0,103.70696100407982,260.5261443286165
2024-04-14 22:37:44+00:00,ENY3814,29.481625314486227,-91.50561164407168,10668.0,103.70696100407982,260.5261443286165
2024-04-14 22:37:45+00:00,ENY3814,29.48085021972656,-91.50195782001202,10668.0,103.70696100407982,260.5261443286165
2024-04-14 22:37:46+00:00,ENY3814,29.48027529958951,-91.49936451631436,10668.0,103.70696100407982,260.5261443286165
2024-04-14 22:37:47+00:00,ENY3814,29.479705810546875,-91.49657029371996,10668.0,103.70696100407982,260.5261443286165
2024-04-14 22:37:48+00:00,ENY3814,29.47906494140625,-91.49361243614784,10668.0,103.70696100407982,260.5261443286165
2024-04-14 22:37:49+00:00,ENY3814,29.478790283203125,-91.4922919640174,10668.0,103.70696100407982,260.5261443286165
2024-04-14 22:37:50+00:00,ENY3814,29.478195190429688,-91.48943974421576,10668.0,103.70696100407982,260.5261443286165
2024-04-14 22:37:51+00:00,ENY3814,29.477325439453125,-91.48531987116888,10668.0,103.70696100407982,260.5261443286165
2024-04-14 22:37:52+00:00,ENY3814,29.477096557617188,-91.48426349346454,10668.0,103.70696100407982,260.5261443286165
2024-04-14 22:37:53+00:00,ENY3814,29.47650456832627,-91.48148480583644,10668.0,103.70696100407982,260.5261443286165
2024-04-14 22:37:54+00:00,ENY3814,29.475997924804688,-91.47903442382812,10668.0,103.70696100407982,260.5261443286165
2024-04-14 22:37:59+00:00,ENY3814,29.473152807203387,-91.4658131318934,10668.0,103.73382133660792,260.02638009304826
2024-04-14 22:38:00+00:00,ENY3814,29.47261047363281,-91.4631887582632,10668.0,103.73382133660792,260.02638009304826
2024-04-14 22:38:01+00:00,ENY3814,29.471969604492188,-91.4602837195763,10668.0,103.73382133660792,260.02638009304826
2024-04-14 22:38:02+00:00,ENY3814,29.471466064453125,-91.45795968862676,10668.0,103.73382133660792,260.02638009304826
2024-04-14 22:38:03+00:00,ENY3814,29.470870971679688,-91.45510746882512,10668.0,103.73382133660792,260.02638009304826
2024-04-14 22:38:04+00:00,ENY3814,29.470367431640625,-91.4527834378756,10668.0,103.73382133660792,260.02638009304826
2024-04-14 22:38:05+00:00,ENY3814,29.469894150556144,-91.45041073069854,10668.0,103.73382133660792,260.02638009304826
2024-04-14 22:38:06+00:00,ENY3814,29.469314575195312,-91.44776564378004,10668.0,103.73382133660792,260.02638009304826
2024-04-14 22:38:07+00:00,ENY3814,29.468730344610695,-91.44513298483456,10668.0,103.73382133660792,260.02638009304826
2024-04-14 22:38:08+00:00,ENY3814,29.468170166015625,-91.44243093637316,10668.0,103.73382133660792,260.02638009304826
2024-04-14 22:38:09+00:00,ENY3814,29.467529296875,-91.43942025991583,10668.0,103.73382133660792,260.02638009304826
2024-04-14 22:38:10+00:00,ENY3814,29.46696135957362,-91.43673167509188,10668.0,103.73382133660792,260.02638009304826
2024-04-14 22:38:11+00:00,ENY3814,29.46630962824417,-91.4336619657629,10668.0,103.73382133660792,260.02638009304826
2024-04-14 22:38:12+00:00,ENY3814,29.465844105865997,-91.43161549287686,10668.0,103.73382133660792,260.02638009304826
2024-04-14 22:38:13+00:00,ENY3814,29.465192374536542,-91.42849192899814,10668.0,103.73382133660792,260.02638009304826
2024-04-14 22:38:14+00:00,ENY3814,29.464645385742188,-91.42589862530048,10668.0,103.73382133660792,260.02638009304826
2024-04-14 22:38:15+00:00,ENY3814,29.464187622070312,-91.42378586989184,10668.0,103.73382133660792,260.02638009304826
2024-04-14 22:38:16+00:00,ENY3814,29.46365615068856,-91.42116771024814,10668.0,103.73382133660792,260.02638009304826
2024-04-14 22:38:17+00:00,ENY3814,29.46308898925781,-91.41860961914062,10668.0,103.73382133660792,260.02638009304826
2024-04-14 22:38:18+00:00,ENY3814,29.46258544921875,-91.4162855881911,10668.0,103.73382133660792,260.02638009304826
2024-04-14 22:38:19+00:00,ENY3814,29.462073374602756,-91.41378963694854,10668.0,103.73382133660792,260.02638009304826
2024-04-14 22:38:20+00:00,ENY3814,29.46148681640625,-91.41110933743988,10668.0,103.73382133660792,260.02638009304826
2024-04-14 22:38:21+00:00,ENY3814,29.460617065429688,-91.40714792104863,10668.0,103.73382133660792,260.02638009304826
2024-04-14 22:38:22+00:00,ENY3814,29.46038818359375,-91.40598590557391,10668.0,103.73382133660792,260.02638009304826
2024-04-14 22:38:23+00:00,ENY3814,29.4598388671875,-91.40334185431988,10668.0,103.73382133660792,260.02638009304826
2024-04-14 22:38:24+00:00,ENY3814,29.459243774414062,-91.40070401705223,10668.0,103.73382133660792,260.02638009304826
2024-04-14 22:38:25+00:00,ENY3814,29.45872161347987,-91.3982256721048,10668.0,103.73382133660792,260.02638009304826
2024-04-14 22:38:26+00:00,ENY3814,29.45814514160156,-91.39552776630109,10668.0,103.73382133660792,260.02638009304826
2024-04-14 22:38:27+00:00,ENY3814,29.45741815082097,-91.3919785443474,10668.0,103.73382133660792,260.02638009304826
2024-04-14 22:38:28+00:00,ENY3814,29.456863403320312,-91.38945359450122,10668.0,103.73382133660792,260.02638009304826
2024-04-14 22:38:29+00:00,ENY3814,29.456300897113348,-91.38686236213238,10668.0,103.73382133660792,260.02638009304826
2024-04-14 22:38:30+00:00,ENY3814,29.45606813592426,-91.38583912568936,10668.0,103.73382133660792,260.02638009304826
2024-04-14 22:38:31+00:00,ENY3814,29.455416404594807,-91.38271556181064,10668.0,103.73382133660792,260.02638009304826
2024-04-14 22:38:32+00:00,ENY3814,29.45495088221663,-91.380615234375,10668.0,103.73382133660792,260.02638009304826
2024-04-14 22:38:33+00:00,ENY3814,29.454620361328125,-91.3790482741136,10668.0,103.73382133660792,260.02638009304826
2024-04-14 22:38:34+00:00,ENY3814,29.45375061035156,-91.37487558218146,10668.0,103.73382133660792,260.02638009304826
2024-04-14 22:38:35+00:00,ENY3814,29.45306396484375,-91.37175926795372,10668.0,103.73382133660792,260.02638009304826
2024-04-14 22:38:36+00:00,ENY3814,29.452530165850103,-91.36919806985291,10668.0,103.73382133660792,260.02638009304826
2024-04-14 22:38:37+00:00,ENY3814,29.45183188228284,-91.36602065142466,10668.0,103.73382133660792,260.02638009304826
2024-04-14 22:38:38+00:00,ENY3814,29.45127868652344,-91.36341388408954,10668.0,103.73382133660792,260.02638009304826
2024-04-14 22:38:40+00:00,ENY3814,29.450180053710938,-91.35823763333832,10668.0,103.73382133660792,260.02638009304826
2024-04-14 22:38:41+00:00,ENY3814,29.449951171875,-91.35718125563405,10668.0,103.73382133660792,260.02638009304826
2024-04-14 22:38:42+00:00,ENY3814,29.449411165916317,-91.3546034869026,10668.0,103.73382133660792,260.02638009304826
2024-04-14 22:38:43+00:00,ENY3814,29.44852667339777,-91.35045668658093,10668.0,103.73382133660792,260.02638009304826
2024-04-14 22:38:44+00:00,ENY3814,29.4480611510196,-91.3483563591452,10668.0,103.73382133660792,260.02638009304826
2024-04-14 22:38:45+00:00,ENY3814,29.44775390625,-91.3467759352464,10668.0,103.73382133660792,260.02638009304826
2024-04-14 22:38:46+00:00,ENY3814,29.447176658501057,-91.34420955882354,10668.0,103.73382133660792,260.02638009304826
2024-04-14 22:38:47+00:00,ENY3814,29.446609497070312,-91.34159968449518,10668.0,103.73382133660792,260.02638009304826
2024-04-14 22:38:48+00:00,ENY3814,29.44582664360434,-91.33796243106616,10668.0,103.73382133660792,260.02638009304826
2024-04-14 22:38:49+00:00,ENY3814,29.445640434653072,-91.33693919462314,10668.0,103.70696100407982,260.5261443286165
2024-04-14 22:38:50+00:00,ENY3814,29.444709389896715,-91.33273853975186,10668.0,103.81682556684036,260.6485241898693
2024-04-14 22:38:51+00:00,ENY3814,29.444412231445312,-91.33119436410756,10668.0,103.81682556684036,260.6485241898693
2024-04-14 22:38:55+00:00,ENY3814,29.442169189453125,-91.32078904371996,10668.0,103.81682556684036,260.6485241898693
2024-04-14 22:38:56+00:00,ENY3814,29.44159038996292,-91.31819781135113,10668.0,103.81682556684036,260.6485241898693
2024-04-14 22:38:57+00:00,ENY3814,29.44102478027344,-91.31545433631312,10668.0,103.81682556684036,260.6485241898693
2024-04-14 22:38:58+00:00,ENY3814,29.440473136255296,-91.31297392003675,10668.0,103.81682556684036,260.6485241898693
2024-04-14 22:39:01+00:00,ENY3814,29.43882751464844,-91.30515465369592,10668.0,103.81682556684036,260.6485241898693
2024-04-14 22:39:02+00:00,ENY3814,29.43823862884004,-91.30257999195771,10668.0,103.81682556684036,260.6485241898693
2024-04-14 22:39:06+00:00,ENY3814,29.436004121424787,-91.29213220932904,10668.0,103.81682556684036,260.6485241898693
2024-04-14 22:39:07+00:00,ENY3814,29.43544006347656,-91.28952026367188,10668.0,103.81682556684036,260.6485241898693
2024-04-14 22:39:09+00:00,ENY3814,29.434341430664062,-91.28434401292066,10668.0,103.81682556684036,260.6485241898693
2024-04-14 22:39:10+00:00,ENY3814,29.433425903320312,-91.28006568321814,10668.0,103.81682556684036,260.6485241898693
2024-04-14 22:39:12+00:00,ENY3814,29.43255615234375,-91.27599862905646,10668.0,103.81682556684036,260.6485241898693
2024-04-14 22:39:13+00:00,ENY3814,29.432000628972457,-91.27339082605698,10668.0,103.81682556684036,260.6485241898693
2024-04-14 22:39:14+00:00,ENY3814,29.431411743164062,-91.27071674053484,10668.0,103.81682556684036,260.6485241898693
2024-04-14 22:39:15+00:00,ENY3814,29.43111613645392,-91.2692440257353,10668.0,103.81682556684036,260.6485241898693
2024-04-14 22:39:16+00:00,ENY3814,29.430185091697563,-91.26504337086396,10668.0,103.81682556684036,260.6485241898693
2024-04-14 22:39:17+00:00,ENY3814,29.42962646484375,-91.2624769944411,10668.0,103.81682556684036,260.6485241898693
2024-04-14 22:39:18+00:00,ENY3814,29.429168701171875,-91.26015296349158,10668.0,103.81682556684036,260.6485241898693
2024-04-14 22:39:19+00:00,ENY3814,29.42860231561176,-91.25766529756436,10668.0,103.81682556684036,260.6485241898693
2024-04-14 22:39:20+00:00,ENY3814,29.42807006835937,-91.2550295316256,10668.0,103.81682556684036,260.6485241898693
2024-04-14 22:39:21+00:00,ENY3814,29.42748506190413,-91.25244140625,10668.0,103.81682556684036,260.6485241898693
2024-04-14 22:39:22+00:00,ENY3814,29.42683333057468,-91.2494255514706,10668.0,103.81682556684036,260.6485241898693
2024-04-14 22:39:23+00:00,ENY3814,29.426367808196503,-91.24716366038604,10668.0,103.81682556684036,260.6485241898693
2024-04-14 22:39:24+00:00,ENY3814,29.425827026367188,-91.24478266789362,10668.0,103.81682556684036,260.6485241898693
2024-04-14 22:39:25+00:00,ENY3814,29.42525055448888,-91.24199362362134,10668.0,103.81682556684036,260.6485241898693
2024-04-14 22:39:26+00:00,ENY3814,29.424728393554688,-91.2395535982572,10668.0,103.81682556684036,260.6485241898693
2024-04-14 22:39:28+00:00,ENY3814,29.423355102539062,-91.2333209698017,10668.0,103.81682556684036,260.6485241898693
2024-04-14 22:39:29+00:00,ENY3814,29.42301604707362,-91.23165355009188,10668.0,103.81682556684036,260.6485241898693
2024-04-14 22:39:30+00:00,ENY3814,29.42236431574417,-91.2286376953125,10668.0,103.81682556684036,260.6485241898693
2024-04-14 22:39:31+00:00,ENY3814,29.421798706054688,-91.2259791447566,10668.0,103.81682556684036,260.6485241898693
2024-04-14 22:39:32+00:00,ENY3814,29.421112060546875,-91.22291564941406,10668.0,103.81682556684036,260.6485241898693
2024-04-14 22:39:33+00:00,ENY3814,29.420654296875,-91.22059161846454,10668.0,103.81682556684036,260.6485241898693
2024-04-14 22:39:34+00:00,ENY3814,29.42001342773437,-91.21768657977763,10668.0,103.81682556684036,260.6485241898693
2024-04-14 22:39:35+00:00,ENY3814,29.41943152476165,-91.21506634880518,10668.0,103.81682556684036,260.6485241898693
2024-04-14 22:39:36+00:00,ENY3814,29.41901255462129,-91.21301987591914,10668.0,103.81682556684036,260.6485241898693
2024-04-14 22:39:37+00:00,ENY3814,29.41854703224311,-91.21091954848345,10668.0,103.81682556684036,260.6485241898693
2024-04-14 22:39:38+00:00,ENY3814,29.417895300913663,-91.2077959846048,10668.0,103.81682556684036,260.6485241898693
2024-04-14 22:39:39+00:00,ENY3814,29.41738322629767,-91.2055340935202,10668.0,103.81682556684036,260.6485241898693
2024-04-14 22:39:40+00:00,ENY3814,29.41685485839844,-91.2030029296875,10668.0,103.81682556684036,260.6485241898693
2024-04-14 22:39:42+00:00,ENY3814,29.41571044921875,-91.19777386005109,10668.0,103.81682556684036,260.6485241898693
2024-04-14 22:39:43+00:00,ENY3814,29.415195271120236,-91.19524787454044,10668.0,103.81682556684036,260.6485241898693
2024-04-14 22:39:44+00:00,ENY3814,29.41461181640625,-91.19254479041469,10668.0,103.81682556684036,260.6485241898693
2024-04-14 22:39:45+00:00,ENY3814,29.414031465174787,-91.18991627412686,10668.0,103.81682556684036,260.6485241898693
2024-04-14 22:39:46+00:00,ENY3814,29.41351318359375,-91.1874741774339,10668.0,103.81682556684036,260.6485241898693
2024-04-14 22:39:47+00:00,ENY3814,29.412728002515887,-91.1838307100184,10668.0,103.81682556684036,260.6485241898693
2024-04-14 22:39:48+00:00,ENY3814,29.412368774414062,-91.18224510779748,10668.0,103.81682556684036,260.6485241898693
2024-04-14 22:39:49+00:00,ENY3814,29.41161074880826,-91.17866067325366,10668.0,103.81682556684036,260.6485241898693
2024-04-14 22:39:50+00:00,ENY3814,29.411041259765625,-91.17606529822716,10668.0,103.81682556684036,260.6485241898693
2024-04-14 22:39:51+00:00,ENY3814,29.410812377929688,-91.17500892052284,10668.0,103.81682556684036,260.6485241898693
2024-04-14 22:39:52+00:00,ENY3814,29.410171508789062,-91.17189260629505,10668.0,103.81682556684036,260.6485241898693
2024-04-14 22:39:53+00:00,ENY3814,29.409713745117188,-91.1697798508864,10668.0,103.81682556684036,260.6485241898693
2024-04-14 22:39:54+00:00,ENY3814,29.40902709960937,-91.16661071777344,10668.0,103.81682556684036,260.6485241898693
2024-04-14 22:39:55+00:00,ENY3814,29.40844519663665,-91.16406609030332,10668.0,103.81682556684036,260.6485241898693
2024-04-14 22:39:56+00:00,ENY3814,29.40765380859375,-91.16032527043268,10668.0,103.81682556684036,260.6485241898693
2024-04-14 22:39:57+00:00,ENY3814,29.407327942929022,-91.15889605353864,10668.0,103.81682556684036,260.6485241898693
2024-04-14 22:39:58+00:00,ENY3814,29.406443450410485,-91.15469539866729,10668.0,103.81682556684036,260.6485241898693
2024-04-14 22:39:59+00:00,ENY3814,29.4062106892214,-91.15367216222428,10668.0,103.81682556684036,260.6485241898693
2024-04-14 22:40:00+00:00,ENY3814,29.40551240565413,-91.15038703469668,10668.0,103.81682556684036,260.6485241898693
2024-04-14 22:40:01+00:00,ENY3814,29.40486067432468,-91.14742503446688,10668.0,103.81682556684036,260.6485241898693
2024-04-14 22:40:02+00:00,ENY3814,29.404395151946503,-91.14527085248164,10668.0,103.81682556684036,260.6485241898693
2024-04-14 22:40:03+00:00,ENY3814,29.403854370117188,-91.14273658165564,10668.0,103.81682556684036,260.6485241898693
2024-04-14 22:40:04+00:00,ENY3814,29.40327789823888,-91.14004696116729,10668.0,103.81682556684036,260.6485241898693
2024-04-14 22:40:05+00:00,ENY3814,29.402755737304688,-91.13750751201924,10668.0,103.81682556684036,260.6485241898693
2024-04-14 22:40:06+00:00,ENY3814,29.40252685546875,-91.13650395320012,10668.0,103.81682556684036,260.6485241898693
2024-04-14 22:40:07+00:00,ENY3814,29.401611328125,-91.1322784423828,10668.0,103.81682556684036,260.6485241898693
2024-04-14 22:40:08+00:00,ENY3814,29.40104339082362,-91.12965303308825,10668.0,103.81682556684036,260.6485241898693
2024-04-14 22:40:09+00:00,ENY3814,29.400466918945312,-91.1271021916316,10668.0,103.81682556684036,260.6485241898693
2024-04-14 22:40:10+00:00,ENY3814,29.400158898305083,-91.12556008731616,10668.0,103.92658660753104,260.7718615020358
2024-04-14 22:40:11+00:00,ENY3814,29.39936828613281,-91.12192594088036,10668.0,103.92658660753104,260.7718615020358
2024-04-14 22:40:12+00:00,ENY3814,29.39857612221928,-91.11828972311582,10668.0,103.92658660753104,260.7718615020358
2024-04-14 22:40:13+00:00,ENY3814,29.39806404760328,-91.11597397748164,10668.0,103.92658660753104,260.7718615020358
2024-04-14 22:40:15+00:00,ENY3814,29.397412316273837,-91.11301197725186,10668.0,103.92658660753104,260.7718615020358
2024-04-14 22:40:16+00:00,ENY3814,29.39662170410156,-91.10924940842848,10668.0,103.92658660753104,260.7718615020358
2024-04-14 22:40:17+00:00,ENY3814,29.395980834960938,-91.10629155085638,10668.0,103.92658660753104,260.7718615020358
2024-04-14 22:40:18+00:00,ENY3814,29.39541057004767,-91.10369514016544,10668.0,103.92658660753104,260.7718615020358
2024-04-14 22:40:19+00:00,ENY3814,29.39483642578125,-91.10100966233472,10668.0,103.92658660753104,260.7718615020358
2024-04-14 22:40:20+00:00,ENY3814,29.394195556640625,-91.0979461669922,10668.0,103.92658660753104,260.7718615020358
2024-04-14 22:40:21+00:00,ENY3814,29.39373779296875,-91.09588623046876,10668.0,103.92658660753104,260.7718615020358
2024-04-14 22:40:22+00:00,ENY3814,29.393176062632413,-91.09319350298716,10668.0,103.92658660753104,260.7718615020358
2024-04-14 22:40:23+00:00,ENY3814,29.392593383789062,-91.09055152306188,10668.0,103.92658660753104,260.7718615020358
2024-04-14 22:40:24+00:00,ENY3814,29.392058808924787,-91.0880234662224,10668.0,103.89943432126114,261.27121270996525
2024-04-14 22:40:25+00:00,ENY3814,29.39144897460937,-91.08542809119592,10668.0,103.89943432126114,261.27121270996525
2024-04-14 22:40:26+00:00,ENY3814,29.39089500297934,-91.08269186580884,10668.0,103.89943432126114,261.27121270996525
2024-04-14 22:40:27+00:00,ENY3814,29.39057922363281,-91.0812553992638,10668.0,103.89943432126114,261.27121270996525
2024-04-14 22:40:28+00:00,ENY3814,29.389731197033896,-91.07741411994488,10668.0,103.89943432126114,261.27121270996525
2024-04-14 22:40:29+00:00,ENY3814,29.389205932617188,-91.07502277080827,10668.0,103.89943432126114,261.27121270996525
2024-04-14 22:40:30+00:00,ENY3814,29.38866049556409,-91.0723517922794,10668.0,103.89943432126114,261.27121270996525
2024-04-14 22:40:31+00:00,ENY3814,29.388107299804688,-91.06979370117188,10668.0,103.7898703970304,261.1481112358576
2024-04-14 22:40:32+00:00,ENY3814,29.38754324185646,-91.0671817555147,10668.0,103.7898703970304,261.1481112358576
2024-04-14 22:40:33+00:00,ENY3814,29.386962890625,-91.06456463153546,10668.0,103.89943432126114,261.27121270996525
2024-04-14 22:40:34+00:00,ENY3814,29.386276245117188,-91.06144831730768,10668.0,103.89943432126114,261.27121270996525
2024-04-14 22:40:35+00:00,ENY3814,29.38568115234375,-91.0586727366728,10668.0,103.89943432126114,261.27121270996525
2024-04-14 22:40:36+00:00,ENY3814,29.3851318359375,-91.05616642878609,10668.0,103.89943432126114,261.27121270996525
2024-04-14 22:40:37+00:00,ENY3814,29.38456389863612,-91.05350269990812,10668.0,103.89943432126114,261.27121270996525
2024-04-14 22:40:38+00:00,ENY3814,29.383912167306672,-91.05048684512866,10668.0,103.89943432126114,261.27121270996525
2024-04-14 22:40:39+00:00,ENY3814,29.3837259583554,-91.04946360868564,10668.0,103.89943432126114,261.27121270996525
2024-04-14 22:40:40+00:00,ENY3814,29.38311767578125,-91.04671184833234,10668.0,103.89943432126114,261.27121270996525
2024-04-14 22:40:41+00:00,ENY3814,29.38256215240996,-91.04418586282168,10668.0,103.89943432126114,261.27121270996525
2024-04-14 22:40:42+00:00,ENY3814,29.38179016113281,-91.04058485764722,10668.0,103.89943432126114,261.27121270996525
2024-04-14 22:40:43+00:00,ENY3814,29.38121213751324,-91.03793873506436,10668.0,103.89943432126114,261.27121270996525
2024-04-14 22:40:44+00:00,ENY3814,29.380645751953125,-91.0353557880108,10668.0,103.89943432126114,261.27121270996525
2024-04-14 22:40:45+00:00,ENY3814,29.38009488380561,-91.03271484375,10668.0,103.89943432126114,261.27121270996525
2024-04-14 22:40:46+00:00,ENY3814,29.37973022460937,-91.03118309607872,10668.0,103.89943432126114,261.27121270996525
2024-04-14 22:40:47+00:00,ENY3814,29.37916383904926,-91.02846033432904,10668.0,103.89943432126114,261.27121270996525
2024-04-14 22:40:48+00:00,ENY3814,29.378512107719807,-91.02544447954966,10668.0,103.89943432126114,261.27121270996525
2024-04-14 22:40:49+00:00,ENY3814,29.377944946289062,-91.02283771221454,10668.0,103.89943432126114,261.27121270996525
2024-04-14 22:40:50+00:00,ENY3814,29.37734830177436,-91.0202205882353,10668.0,103.89943432126114,261.27121270996525
2024-04-14 22:40:51+00:00,ENY3814,29.37680053710937,-91.01760864257812,10668.0,103.89943432126114,261.27121270996525
2024-04-14 22:40:52+00:00,ENY3814,29.37623104806673,-91.01499669692096,10668.0,103.89943432126114,261.27121270996525
2024-04-14 22:40:53+00:00,ENY3814,29.375579316737287,-91.01187313304229,10668.0,103.89943432126114,261.27121270996525
2024-04-14 22:40:54+00:00,ENY3814,29.375244140625,-91.01031963641827,10668.0,103.89943432126114,261.27121270996525
2024-04-14 22:40:55+00:00,ENY3814,29.374368958554022,-91.00648767807904,10668.0,103.89943432126114,261.27121270996525
2024-04-14 22:40:56+00:00,ENY3814,29.37387084960937,-91.00398137019232,10668.0,103.89943432126114,261.27121270996525
2024-04-14 22:40:57+00:00,ENY3814,29.3732517048464,-91.00131764131436,10668.0,103.89943432126114,261.27121270996525
2024-04-14 22:40:58+00:00,ENY3814,29.372726440429688,-90.9987523005559,10668.0,103.89943432126114,261.27121270996525
2024-04-14 22:40:59+00:00,ENY3814,29.37241376456568,-90.99727855009188,10668.0,103.89943432126114,261.27121270996525
2024-04-14 22:41:00+00:00,ENY3814,29.37158203125,-90.99347041203424,10668.0,103.89943432126114,261.27121270996525
2024-04-14 22:41:01+00:00,ENY3814,29.371017197431144,-90.99086985868564,10668.0,103.92658660753104,260.7718615020358
2024-04-14 22:41:02+00:00,ENY3814,29.3704833984375,-90.98839979905348,10668.0,103.92658660753104,260.7718615020358
2024-04-14 22:41:03+00:00,ENY3814,29.36989994372352,-90.98569982192096,10668.0,103.92658660753104,260.7718615020358
2024-04-14 22:41:04+00:00,ENY3814,29.36933898925781,-90.98322354830223,10668.0,103.92658660753104,260.7718615020358
2024-04-14 22:41:05+00:00,ENY3814,29.368782690015887,-90.98063749425552,10668.0,103.92658660753104,260.7718615020358
2024-04-14 22:41:06+00:00,ENY3814,29.36831716763771,-90.9784294577206,10668.0,103.92658660753104,260.7718615020358
2024-04-14 22:41:07+00:00,ENY3814,29.367691040039062,-90.97572326660156,10668.0,103.92658660753104,260.7718615020358
2024-04-14 22:41:08+00:00,ENY3814,29.367095947265625,-90.97281822791469,10668.0,103.92658660753104,260.7718615020358
2024-04-14 22:41:09+00:00,ENY3814,29.36659240722656,-90.97049419696516,10668.0,103.92658660753104,260.7718615020358
2024-04-14 22:41:10+00:00,ENY3814,29.365951538085938,-90.96758915827826,10668.0,103.92658660753104,260.7718615020358
2024-04-14 22:41:11+00:00,ENY3814,29.36538437665519,-90.9649658203125,10668.0,103.92658660753104,260.7718615020358
2024-04-14 22:41:12+00:00,ENY3814,29.36510506322828,-90.96372716567096,10668.0,103.92658660753104,260.7718615020358
2024-04-14 22:41:13+00:00,ENY3814,29.364453331898837,-90.96081901999082,10668.0,103.92658660753104,260.7718615020358
2024-04-14 22:41:14+00:00,ENY3814,29.363568839380296,-90.95667221966914,10668.0,103.92658660753104,260.7718615020358
2024-04-14 22:41:15+00:00,ENY3814,29.36310331700212,-90.95457189223345,10668.0,103.92658660753104,260.7718615020358
2024-04-14 22:41:16+00:00,ENY3814,29.362518310546875,-90.95174349271332,10668.0,103.92658660753104,260.7718615020358
2024-04-14 22:41:17+00:00,ENY3814,29.36198606329449,-90.94934800091914,10668.0,103.92658660753104,260.7718615020358
2024-04-14 22:41:18+00:00,ENY3814,29.361373901367188,-90.9465144230769,10668.0,103.92658660753104,260.7718615020358
2024-04-14 22:41:19+00:00,ENY3814,29.36110157077595,-90.9452012005974,10668.0,103.92658660753104,260.7718615020358
2024-04-14 22:41:20+00:00,ENY3814,29.360275268554688,-90.94154944786658,10668.0,103.92658660753104,260.7718615020358
2024-04-14 22:41:21+00:00,ENY3814,29.35981750488281,-90.93943669245796,10668.0,103.92658660753104,260.7718615020358
2024-04-14 22:41:22+00:00,ENY3814,29.359130859375,-90.93632037823016,10668.0,103.92658660753104,260.7718615020358
2024-04-14 22:41:23+00:00,ENY3814,29.358718872070312,-90.93426044170673,10668.0,103.92658660753104,260.7718615020358
2024-04-14 22:41:24+00:00,ENY3814,29.35812222755561,-90.93162985409008,10668.0,103.92658660753104,260.7718615020358
2024-04-14 22:41:25+00:00,ENY3814,29.357574462890625,-90.92903137207033,10668.0,103.92658660753104,260.7718615020358
2024-04-14 22:41:26+00:00,ENY3814,29.357004973847985,-90.9264598173254,10668.0,103.92658660753104,260.7718615020358
2024-04-14 22:41:27+00:00,ENY3814,29.356430053710938,-90.9238551213191,10668.0,103.92658660753104,260.7718615020358
2024-04-14 22:41:28+00:00,ENY3814,29.35588772014036,-90.92123592601104,10668.0,103.92658660753104,260.7718615020358
2024-04-14 22:41:29+00:00,ENY3814,29.35528564453125,-90.91862605168268,10668.0,103.92658660753104,260.7718615020358
2024-04-14 22:41:30+00:00,ENY3814,29.354956675384003,-90.91708912568936,10668.0,103.92658660753104,260.7718615020358
2024-04-14 22:41:31+00:00,ENY3814,29.35418701171875,-90.91344980093146,10668.0,103.95384307481316,260.2725690824837
2024-04-14 22:41:32+00:00,ENY3814,29.353606660487287,-90.91084199793198,10668.0,103.95384307481316,260.2725690824837
2024-04-14 22:41:33+00:00,ENY3814,29.35309458587129,-90.9085262522978,10668.0,103.95384307481316,260.2725690824837
2024-04-14 22:41:34+00:00,ENY3814,29.352310180664062,-90.90494596041162,10668.0,103.95384307481316,260.2725690824837
2024-04-14 22:41:35+00:00,ENY3814,29.352023884401483,-90.90357163373164,10668.0,103.95384307481316,260.2725690824837
2024-04-14 22:41:36+00:00,ENY3814,29.351325600834212,-90.90044806985291,10668.0,103.95384307481316,260.2725690824837
2024-04-14 22:41:37+00:00,ENY3814,29.35086007845604,-90.89840159696688,10668.0,103.95384307481316,260.2725690824837
2024-04-14 22:41:38+00:00,ENY3814,29.35020834712659,-90.89527803308825,10668.0,103.92658660753104,260.7718615020358
2024-04-14 22:41:39+00:00,ENY3814,29.34969627251059,-90.8929084329044,10668.0,103.92658660753104,260.7718615020358
2024-04-14 22:41:40+00:00,ENY3814,29.34909109341896,-90.89005414177392,10668.0,103.92658660753104,260.7718615020358
2024-04-14 22:41:41+00:00,ENY3814,29.34839280985169,-90.8869305778952,10668.0,103.95384307481316,260.2725690824837
2024-04-14 22:41:42+00:00,ENY3814,29.347880735235695,-90.88466868681064,10668.0,103.95384307481316,260.2725690824837
2024-04-14 22:41:43+00:00,ENY3814,29.34736633300781,-90.88223383976862,10668.0,103.95384307481316,260.2725690824837
2024-04-14 22:41:44+00:00,ENY3814,29.346810033765887,-90.87966021369488,10668.0,103.95384307481316,260.2725690824837
2024-04-14 22:41:45+00:00,ENY3814,29.346297959149894,-90.87734446806064,10668.0,103.95384307481316,260.2725690824837
2024-04-14 22:41:46+00:00,ENY3814,29.34564622782044,-90.87443632238052,10668.0,103.95384307481316,260.2725690824837
2024-04-14 22:41:47+00:00,ENY3814,29.345123291015625,-90.87188133826623,10668.0,103.95384307481316,260.2725690824837
2024-04-14 22:41:48+00:00,ENY3814,29.344482421875,-90.86905086741729,10668.0,103.95384307481316,260.2725690824837
2024-04-14 22:41:49+00:00,ENY3814,29.34393310546875,-90.86649381197412,10668.0,103.95384307481316,260.2725690824837
2024-04-14 22:41:50+00:00,ENY3814,29.34341172040519,-90.86409624885113,10668.0,103.95384307481316,260.2725690824837
2024-04-14 22:41:51+00:00,ENY3814,29.34283447265625,-90.8614760178786,10668.0,103.95384307481316,260.2725690824837
2024-04-14 22:41:52+00:00,ENY3814,29.342294466697563,-90.85887235753675,10668.0,103.95384307481316,260.2725690824837
2024-04-14 22:41:53+00:00,ENY3814,29.34169006347656,-90.8562469482422,10668.0,103.95384307481316,260.2725690824837
2024-04-14 22:41:54+00:00,ENY3814,29.34113066075212,-90.8536484662224,10668.0,103.95384307481316,260.2725690824837
2024-04-14 22:41:55+00:00,ENY3814,29.3408203125,-90.85212707519533,10668.0,103.95384307481316,260.2725690824837
2024-04-14 22:41:56+00:00,ENY3814,29.33990478515625,-90.8479543832632,10668.0,103.95384307481316,260.2725690824837
2024-04-14 22:41:57+00:00,ENY3814,29.339315123477224,-90.84535486557904,10668.0,104.06369712155764,260.3971008113081
2024-04-14 22:41:58+00:00,ENY3814,29.33876037597656,-90.84277813251202,10668.0,104.06369712155764,260.3971008113081
2024-04-14 22:41:59+00:00,ENY3814,29.33815131753178,-90.83986170151655,10668.0,104.06369712155764,260.3971008113081
2024-04-14 22:42:00+00:00,ENY3814,29.337615966796875,-90.8375490628756,10668.0,104.06369712155764,260.3971008113081
2024-04-14 22:42:01+00:00,ENY3814,29.337034063824152,-90.83479937385113,10668.0,104.03624346792648,260.89615490722593
2024-04-14 22:42:02+00:00,ENY3814,29.336471557617188,-90.8323728121244,10668.0,104.03624346792648,260.89615490722593
2024-04-14 22:42:03+00:00,ENY3814,29.33591681011652,-90.8297909007353,10668.0,104.06369712155764,260.3971008113081
2024-04-14 22:42:04+00:00,ENY3814,29.335372924804688,-90.82714374248798,10668.0,104.06369712155764,260.3971008113081
2024-04-14 22:42:05+00:00,ENY3814,29.334799556408896,-90.82456700942096,10668.0,104.06369712155764,260.3971008113081
2024-04-14 22:42:06+00:00,ENY3814,29.334228515625,-90.82196749173676,10668.0,104.06369712155764,260.3971008113081
2024-04-14 22:42:07+00:00,ENY3814,29.333541870117188,-90.81885117750905,10668.0,104.06369712155764,260.3971008113081
2024-04-14 22:42:09+00:00,ENY3814,29.33262634277344,-90.8146784855769,10668.0,104.06369712155764,260.3971008113081
2024-04-14 22:42:10+00:00,ENY3814,29.33205297437765,-90.81207275390624,10668.0,104.06369712155764,260.3971008113081
2024-04-14 22:42:11+00:00,ENY3814,29.33148193359375,-90.80950223482569,10668.0,104.06369712155764,260.3971008113081
2024-04-14 22:42:12+00:00,ENY3814,29.33093572067002,-90.80690271714155,10668.0,104.06369712155764,260.3971008113081
2024-04-14 22:42:13+00:00,ENY3814,29.330337524414062,-90.80427316518929,10668.0,104.06369712155764,260.3971008113081
2024-04-14 22:42:14+00:00,ENY3814,29.329605102539062,-90.80094557542066,10668.0,104.03624346792648,260.89615490722593
2024-04-14 22:42:15+00:00,ENY3814,29.3293063923464,-90.79957849839155,10668.0,104.03624346792648,260.89615490722593
2024-04-14 22:42:16+00:00,ENY3814,29.32855224609375,-90.79598060021031,10668.0,104.03624346792648,260.89615490722593
2024-04-14 22:42:17+00:00,ENY3814,29.32795637744968,-90.79338522518384,10668.0,104.03624346792648,260.89615490722593
2024-04-14 22:42:18+00:00,ENY3814,29.327407836914062,-90.79075153057391,10668.0,104.03624346792648,260.89615490722593
2024-04-14 22:42:19+00:00,ENY3814,29.32683912374205,-90.78816133386948,10668.0,104.03624346792648,260.89615490722593
2024-04-14 22:42:20+00:00,ENY3814,29.32626342773437,-90.7855752798227,10668.0,104.03624346792648,260.89615490722593
2024-04-14 22:42:21+00:00,ENY3814,29.32567531779661,-90.7829912971048,10668.0,104.03624346792648,260.89615490722593
2024-04-14 22:42:22+00:00,ENY3814,29.325119018554688,-90.78039902907152,10668.0,104.03624346792648,260.89615490722593
2024-04-14 22:42:23+00:00,ENY3814,29.324558064088983,-90.77776740579044,10668.0,104.03624346792648,260.89615490722593
2024-04-14 22:42:24+00:00,ENY3814,29.323974609375,-90.77516995943506,10668.0,104.03624346792648,260.89615490722593
2024-04-14 22:42:25+00:00,ENY3814,29.323394258143537,-90.77254351447613,10668.0,104.03624346792648,260.89615490722593
2024-04-14 22:42:26+00:00,ENY3814,29.322830200195312,-90.7699937086839,10668.0,104.03624346792648,260.89615490722593
2024-04-14 22:42:27+00:00,ENY3814,29.32260131835937,-90.76893733097955,10668.0,104.03624346792648,260.89615490722593
2024-04-14 22:42:28+00:00,ENY3814,29.321764929819917,-90.76511158662686,10668.0,104.03624346792648,260.89615490722593
2024-04-14 22:42:29+00:00,ENY3814,29.32115975072828,-90.76214958639709,10668.0,104.03624346792648,260.89615490722593
2024-04-14 22:42:30+00:00,ENY3814,29.320647676112287,-90.7598876953125,10668.0,104.03624346792648,260.89615490722593
2024-04-14 22:42:31+00:00,ENY3814,29.3203125,-90.75837355393628,10668.0,104.03624346792648,260.89615490722593
2024-04-14 22:42:32+00:00,ENY3814,29.31944274902344,-90.75435931865984,10668.0,104.03624346792648,260.89615490722593
2024-04-14 22:42:33+00:00,ENY3814,29.31887869107521,-90.75175565831802,10668.0,104.03624346792648,260.89615490722593
2024-04-14 22:42:34+00:00,ENY3814,29.318527221679688,-90.75018662672778,10668.0,104.03624346792648,260.89615490722593
2024-04-14 22:42:35+00:00,ENY3814,29.317668332891948,-90.74631634880518,10668.0,104.03624346792648,260.89615490722593
2024-04-14 22:42:36+00:00,ENY3814,29.317153930664062,-90.74395399827222,10668.0,104.03624346792648,260.89615490722593
2024-04-14 22:42:37+00:00,ENY3814,29.31655107918432,-90.74120016659008,10668.0,104.03624346792648,260.89615490722593
2024-04-14 22:42:38+00:00,ENY3814,29.31589934785487,-90.7382381663603,10668.0,104.03624346792648,260.89615490722593
2024-04-14 22:42:39+00:00,ENY3814,29.3155517578125,-90.73671781099756,10668.0,104.03624346792648,260.89615490722593
2024-04-14 22:42:40+00:00,ENY3814,29.31496830309852,-90.73409136603864,10668.0,104.03624346792648,260.89615490722593
2024-04-14 22:42:41+00:00,ENY3814,29.314361572265625,-90.73127746582033,10668.0,104.03624346792648,260.89615490722593
2024-04-14 22:42:42+00:00,ENY3814,29.313851049390887,-90.72892132927392,10668.0,104.03624346792648,260.89615490722593
2024-04-14 22:42:43+00:00,ENY3814,29.313217163085938,-90.7260483961839,10668.0,104.03624346792648,260.89615490722593
2024-04-14 22:42:44+00:00,ENY3814,29.312576293945312,-90.7231961763822,10668.0,104.03624346792648,260.89615490722593
2024-04-14 22:42:45+00:00,ENY3814,29.3118896484375,-90.72002704326924,10668.0,104.03624346792648,260.89615490722593
2024-04-14 22:42:46+00:00,ENY3814,29.31161499023437,-90.71886502779444,10668.0,104.03624346792648,260.89615490722593
2024-04-14 22:42:47+00:00,ENY3814,29.31097412109375,-90.71590717022237,10668.0,104.03624346792648,260.89615490722593
2024-04-14 22:42:48+00:00,ENY3814,29.310516357421875,-90.71379441481372,10668.0,104.03624346792648,260.89615490722593
2024-04-14 22:42:49+00:00,ENY3814,29.309940661414192,-90.71120318244488,10668.0,104.03624346792648,260.89615490722593
2024-04-14 22:42:50+00:00,ENY3814,29.309371948242188,-90.7086181640625,10668.0,104.03624346792648,260.89615490722593
2024-04-14 22:42:51+00:00,ENY3814,29.30854409427966,-90.70474063648896,10668.0,104.03624346792648,260.89615490722593
2024-04-14 22:42:52+00:00,ENY3814,29.30795288085937,-90.7021742600661,10668.0,104.03624346792648,260.89615490722593
2024-04-14 22:42:53+00:00,ENY3814,29.30765960176112,-90.70080925436582,10668.0,104.03624346792648,260.89615490722593
2024-04-14 22:42:54+00:00,ENY3814,29.30708312988281,-90.69821284367488,10668.0,104.03624346792648,260.89615490722593
2024-04-14 22:42:55+00:00,ENY3814,29.30654234805349,-90.69558536305146,10668.0,104.03624346792648,260.89615490722593
2024-04-14 22:42:56+00:00,ENY3814,29.305709838867188,-90.69198021521936,10668.0,104.03624346792648,260.89615490722593
2024-04-14 22:42:57+00:00,ENY3814,29.30537854210805,-90.69041532628675,10668.0,104.03624346792648,260.89615490722593
2024-04-14 22:42:58+00:00,ENY3814,29.3045654296875,-90.68675114558296,10668.0,104.03624346792648,260.89615490722593
2024-04-14 22:42:59+00:00,ENY3814,29.30406188964844,-90.68442711463342,10668.0,104.03624346792648,260.89615490722593
2024-04-14 22:43:00+00:00,ENY3814,29.30342102050781,-90.68157489483173,10668.0,104.03624346792648,260.89615490722593
2024-04-14 22:43:01+00:00,ENY3814,29.302864721265887,-90.67894430721508,10668.0,104.03624346792648,260.89615490722593
2024-04-14 22:43:02+00:00,ENY3814,29.302322387695312,-90.67634582519533,10668.0,104.03624346792648,260.89615490722593
2024-04-14 22:43:03+00:00,ENY3814,29.30198022874735,-90.6747975068934,10668.0,104.03624346792648,260.89615490722593
2024-04-14 22:43:04+00:00,ENY3814,29.301177978515625,-90.6711695744441,10668.0,104.03624346792648,260.89615490722593
2024-04-14 22:43:05+00:00,ENY3814,29.300816422801905,-90.66957361557904,10668.0,104.03624346792648,260.89615490722593
2024-04-14 22:43:06+00:00,ENY3814,29.30011813923464,-90.6664500517004,10668.0,104.145795494103,261.02140303962017
2024-04-14 22:43:07+00:00,ENY3814,29.299606064618644,-90.66413430606616,10668.0,104.145795494103,261.02140303962017
2024-04-14 22:43:08+00:00,ENY3814,29.298797607421875,-90.66044734074518,10668.0,104.145795494103,261.02140303962017
2024-04-14 22:43:09+00:00,ENY3814,29.298256049721928,-90.65783332375918,10668.0,104.145795494103,261.02140303962017
2024-04-14 22:43:11+00:00,ENY3814,29.297371557203387,-90.65395579618564,10668.0,104.03624346792648,260.89615490722593
2024-04-14 22:43:12+00:00,ENY3814,29.29682922363281,-90.65136249248798,10668.0,104.03624346792648,260.89615490722593
2024-04-14 22:43:13+00:00,ENY3814,29.296142578125,-90.6482461782602,10668.0,104.03624346792648,260.89615490722593
2024-04-14 22:43:14+00:00,ENY3814,29.295323258739405,-90.64458510454966,10668.0,104.145795494103,261.02140303962017
2024-04-14 22:43:15+00:00,ENY3814,29.294857736361227,-90.6423770680147,10668.0,104.145795494103,261.02140303962017
2024-04-14 22:43:16+00:00,ENY3814,29.29454040527344,-90.64095717210034,10668.0,104.145795494103,261.02140303962017
2024-04-14 22:43:17+00:00,ENY3814,29.2937404826536,-90.63731474034928,10668.0,104.145795494103,261.02140303962017
2024-04-14 22:43:18+00:00,ENY3814,29.29316711425781,-90.63472454364484,10668.0,104.145795494103,261.02140303962017
2024-04-14 22:43:19+00:00,ENY3814,29.29253012447034,-90.63192928538604,10668.0,104.145795494103,261.02140303962017
2024-04-14 22:43:20+00:00,ENY3814,29.292022705078125,-90.62949547400842,10668.0,104.145795494103,261.02140303962017
2024-04-14 22:43:21+00:00,ENY3814,29.29141287076271,-90.6269208122702,10668.0,104.145795494103,261.02140303962017
2024-04-14 22:43:22+00:00,ENY3814,29.29083251953125,-90.62410794771633,10668.0,104.145795494103,261.02140303962017
2024-04-14 22:43:23+00:00,ENY3814,29.29052837824417,-90.62277401194854,10668.0,104.145795494103,261.02140303962017
2024-04-14 22:43:24+00:00,ENY3814,29.289962768554688,-90.62014653132512,10668.0,104.145795494103,261.02140303962017
2024-04-14 22:43:25+00:00,ENY3814,29.28913181110964,-90.61652688419116,10668.0,104.145795494103,261.02140303962017
2024-04-14 22:43:26+00:00,ENY3814,29.288589477539062,-90.61391390286956,10668.0,104.145795494103,261.02140303962017
2024-04-14 22:43:27+00:00,ENY3814,29.28801455740201,-90.61130299287686,10668.0,104.145795494103,261.02140303962017
2024-04-14 22:43:28+00:00,ENY3814,29.28778179621292,-90.61027975643384,10668.0,104.145795494103,261.02140303962017
2024-04-14 22:43:29+00:00,ENY3814,29.28685075145657,-90.6060791015625,10668.0,104.145795494103,261.02140303962017
2024-04-14 22:43:30+00:00,ENY3814,29.286529541015625,-90.60456496018628,10668.0,104.145795494103,261.02140303962017
2024-04-14 22:43:31+00:00,ENY3814,29.285873154462397,-90.60166302849268,10668.0,104.145795494103,261.02140303962017
2024-04-14 22:43:32+00:00,ENY3814,29.28526797537076,-90.59880873736216,10668.0,104.145795494103,261.02140303962017
2024-04-14 22:43:33+00:00,ENY3814,29.284652709960938,-90.59621957632208,10668.0,104.145795494103,261.02140303962017
2024-04-14 22:43:34+00:00,ENY3814,29.28410416942532,-90.5936387005974,10668.0,104.145795494103,261.02140303962017
2024-04-14 22:43:35+00:00,ENY3814,29.28350830078125,-90.59088486891528,10668.0,104.145795494103,261.02140303962017
2024-04-14 22:43:36+00:00,ENY3814,29.28305053710937,-90.5887721135066,10668.0,104.145795494103,261.02140303962017
2024-04-14 22:43:37+00:00,ENY3814,29.28247484110169,-90.5863144818474,10668.0,104.145795494103,261.02140303962017
2024-04-14 22:43:38+00:00,ENY3814,29.2818603515625,-90.58349022498498,10668.0,104.145795494103,261.02140303962017
2024-04-14 22:43:39+00:00,ENY3814,29.281357587394066,-90.58114444508271,10668.0,104.145795494103,261.02140303962017
2024-04-14 22:43:40+00:00,ENY3814,29.280532836914062,-90.57731041541469,10668.0,104.145795494103,261.02140303962017
2024-04-14 22:43:41+00:00,ENY3814,29.28019378144862,-90.5759205537684,10668.0,104.145795494103,261.02140303962017
2024-04-14 22:43:42+00:00,ENY3814,29.279617309570312,-90.57334899902344,10668.0,104.145795494103,261.02140303962017
2024-04-14 22:43:43+00:00,ENY3814,29.278843766551905,-90.56967342601104,10668.0,104.145795494103,261.02140303962017
2024-04-14 22:43:45+00:00,ENY3814,29.27791272179555,-90.56552662568936,10668.0,104.145795494103,261.02140303962017
2024-04-14 22:43:46+00:00,ENY3814,29.277400647179554,-90.56315702550552,10668.0,104.145795494103,261.02140303962017
2024-04-14 22:43:47+00:00,ENY3814,29.276748915850103,-90.560302734375,10668.0,104.145795494103,261.02140303962017
2024-04-14 22:43:48+00:00,ENY3814,29.275955200195312,-90.55665823129505,10668.0,104.145795494103,261.02140303962017
2024-04-14 22:43:49+00:00,ENY3814,29.27545166015625,-90.55438701923076,10668.0,104.145795494103,261.02140303962017
2024-04-14 22:43:50+00:00,ENY3814,29.27493337857521,-90.55200913373164,10668.0,104.145795494103,261.02140303962017
2024-04-14 22:43:51+00:00,ENY3814,29.274235095007946,-90.54888556985291,10668.0,104.145795494103,261.02140303962017
2024-04-14 22:43:52+00:00,ENY3814,29.273666381835938,-90.54625291090748,10668.0,104.145795494103,261.02140303962017
2024-04-14 22:43:53+00:00,ENY3814,29.2730712890625,-90.54366167853864,10668.0,104.145795494103,261.02140303962017
2024-04-14 22:43:54+00:00,ENY3814,29.272750854492188,-90.5421330378606,10668.0,104.145795494103,261.02140303962017
2024-04-14 22:43:55+00:00,ENY3814,29.27195403535487,-90.53849164177392,10668.0,104.145795494103,261.02140303962017
2024-04-14 22:43:56+00:00,ENY3814,29.2716064453125,-90.53690396822412,10668.0,104.145795494103,261.02140303962017
2024-04-14 22:43:57+00:00,ENY3814,29.270976438360695,-90.53412942325366,10668.0,104.145795494103,261.02140303962017
2024-04-14 22:43:58+00:00,ENY3814,29.27064514160156,-90.53273127629204,10668.0,104.145795494103,261.02140303962017
2024-04-14 22:43:59+00:00,ENY3814,29.269859184653072,-90.5291209501379,10668.0,104.145795494103,261.02140303962017
2024-04-14 22:44:00+00:00,ENY3814,29.269500732421875,-90.52755502554083,10668.0,104.1182507299315,261.52027776918334
2024-04-14 22:44:01+00:00,ENY3814,29.268585205078125,-90.52332951472356,10668.0,104.1182507299315,261.52027776918334
2024-04-14 22:44:02+00:00,ENY3814,29.26795054290254,-90.52055807674634,10668.0,104.1182507299315,261.52027776918334
2024-04-14 22:44:03+00:00,ENY3814,29.26739501953125,-90.5180476262019,10668.0,104.22750191661612,261.64623862980653
2024-04-14 22:44:04+00:00,ENY3814,29.266786736957098,-90.51528033088238,10668.0,104.22750191661612,261.64623862980653
2024-04-14 22:44:05+00:00,ENY3814,29.26613500562765,-90.5123721852022,10668.0,104.22750191661612,261.64623862980653
2024-04-14 22:44:06+00:00,ENY3814,29.265716035487287,-90.51032571231616,10668.0,104.1182507299315,261.52027776918334
2024-04-14 22:44:07+00:00,ENY3814,29.26520396087129,-90.50811767578124,10668.0,104.1182507299315,261.52027776918334
2024-04-14 22:44:08+00:00,ENY3814,29.26455222954184,-90.5050479664522,10668.0,104.22750191661612,261.64623862980653
2024-04-14 22:44:09+00:00,ENY3814,29.264086707163663,-90.50300149356616,10668.0,104.22750191661612,261.64623862980653
2024-04-14 22:44:10+00:00,ENY3814,29.263504028320312,-90.50035329965442,10668.0,104.22750191661612,261.64623862980653
2024-04-14 22:44:11+00:00,ENY3814,29.262922901218214,-90.49777760225186,10668.0,104.22750191661612,261.64623862980653
2024-04-14 22:44:12+00:00,ENY3814,29.262359619140625,-90.49517704890326,10668.0,104.22750191661612,261.64623862980653
2024-04-14 22:44:13+00:00,ENY3814,29.26175909527277,-90.4925537109375,10668.0,104.22750191661612,261.64623862980653
2024-04-14 22:44:14+00:00,ENY3814,29.26116943359375,-90.48994797926684,10668.0,104.22750191661612,261.64623862980653
2024-04-14 22:44:15+00:00,ENY3814,29.26059528932733,-90.4873836741728,10668.0,104.1182507299315,261.52027776918334
2024-04-14 22:44:16+00:00,ENY3814,29.260025024414062,-90.48477172851562,10668.0,104.1182507299315,261.52027776918334
2024-04-14 22:44:17+00:00,ENY3814,29.2594780356197,-90.48215978285845,10668.0,104.1182507299315,261.52027776918334
2024-04-14 22:44:18+00:00,ENY3814,29.25865173339844,-90.47848628117488,10668.0,104.1182507299315,261.52027776918334
2024-04-14 22:44:19+00:00,ENY3814,29.25808146848517,-90.47591265510113,10668.0,104.1182507299315,261.52027776918334
2024-04-14 22:44:20+00:00,ENY3814,29.25756939386917,-90.47365076401655,10668.0,104.1182507299315,261.52027776918334
2024-04-14 22:44:21+00:00,ENY3814,29.256917662539724,-90.47068876378675,10668.0,104.1182507299315,261.52027776918334
2024-04-14 22:44:22+00:00,ENY3814,29.256362915039062,-90.46808096078723,10668.0,104.22750191661612,261.64623862980653
2024-04-14 22:44:23+00:00,ENY3814,29.25575385659428,-90.4654110179228,10668.0,104.22750191661612,261.64623862980653
2024-04-14 22:44:24+00:00,ENY3814,29.255172729492188,-90.46269343449518,10668.0,104.22750191661612,261.64623862980653
2024-04-14 22:44:25+00:00,ENY3814,29.254590050648837,-90.46018712660845,10668.0,104.22750191661612,261.64623862980653
2024-04-14 22:44:26+00:00,ENY3814,29.25425720214844,-90.45867919921876,10668.0,104.22750191661612,261.64623862980653
2024-04-14 22:44:27+00:00,ENY3814,29.253570556640625,-90.45556288499095,10668.0,104.22750191661612,261.64623862980653
2024-04-14 22:44:28+00:00,ENY3814,29.25306701660156,-90.4532916729267,10668.0,104.22750191661612,261.64623862980653
2024-04-14 22:44:29+00:00,ENY3814,29.25254175218485,-90.45087028952209,10668.0,104.22750191661612,261.64623862980653
2024-04-14 22:44:30+00:00,ENY3814,29.251922607421875,-90.44822105994592,10668.0,104.22750191661612,261.64623862980653
2024-04-14 22:44:31+00:00,ENY3814,29.25141906738281,-90.4459498478816,10668.0,104.22750191661612,261.64623862980653
2024-04-14 22:44:32+00:00,ENY3814,29.250778198242188,-90.4430448091947,10668.0,104.22750191661612,261.64623862980653
2024-04-14 22:44:33+00:00,ENY3814,29.250167588056144,-90.44036865234376,10668.0,104.22750191661612,261.64623862980653
2024-04-14 22:44:34+00:00,ENY3814,29.249588012695312,-90.4376044640174,10668.0,104.22750191661612,261.64623862980653
2024-04-14 22:44:35+00:00,ENY3814,29.249003782110695,-90.4350909064798,10668.0,104.19986733395793,262.1449338325708
2024-04-14 22:44:36+00:00,ENY3814,29.248214721679688,-90.43147747333234,10668.0,104.19986733395793,262.1449338325708
2024-04-14 22:44:37+00:00,ENY3814,29.247886528403072,-90.43002857881436,10668.0,104.19986733395793,262.1449338325708
2024-04-14 22:44:38+00:00,ENY3814,29.247299194335938,-90.42741041917066,10668.0,104.09081086048847,262.01921271049576
2024-04-14 22:44:39+00:00,ENY3814,29.246722722457623,-90.4248046875,10668.0,104.09081086048847,262.01921271049576
2024-04-14 22:44:40+00:00,ENY3814,29.246303752317267,-90.42270436006436,10668.0,104.09081086048847,262.01921271049576
2024-04-14 22:44:41+00:00,ENY3814,29.24569702148437,-90.4200685941256,10668.0,104.09081086048847,262.01921271049576
2024-04-14 22:44:42+00:00,ENY3814,29.24501037597656,-90.41695227989784,10668.0,104.09081086048847,262.01921271049576
2024-04-14 22:44:43+00:00,ENY3814,29.244208901615465,-90.41322595932904,10668.0,104.09081086048847,262.01921271049576
2024-04-14 22:44:44+00:00,ENY3814,29.243637084960938,-90.41071965144232,10668.0,104.09081086048847,262.01921271049576
2024-04-14 22:44:45+00:00,ENY3814,29.24304509567002,-90.40810977711396,10668.0,104.09081086048847,262.01921271049576
2024-04-14 22:44:46+00:00,ENY3814,29.24249267578125,-90.4054905818059,10668.0,104.09081086048847,262.01921271049576
2024-04-14 22:44:47+00:00,ENY3814,29.24203491210937,-90.40337782639722,10668.0,104.09081086048847,262.01921271049576
2024-04-14 22:44:48+00:00,ENY3814,29.24134826660156,-90.40026151216944,10668.0,104.09081086048847,262.01921271049576
2024-04-14 22:44:49+00:00,ENY3814,29.241119384765625,-90.39920513446516,10668.0,104.19986733395793,262.1449338325708
2024-04-14 22:44:50+00:00,ENY3814,29.240386962890625,-90.39608882023737,10668.0,104.19986733395793,262.1449338325708
2024-04-14 22:44:51+00:00,ENY3814,29.23970031738281,-90.39297250600958,10668.0,104.19986733395793,262.1449338325708
2024-04-14 22:44:52+00:00,ENY3814,29.239134707693324,-90.3903377757353,10668.0,104.19986733395793,262.1449338325708
2024-04-14 22:44:53+00:00,ENY3814,29.238555908203125,-90.38774343637316,10668.0,104.19986733395793,262.1449338325708
2024-04-14 22:44:54+00:00,ENY3814,29.23797090174788,-90.38511388442096,10668.0,104.19986733395793,262.1449338325708
2024-04-14 22:44:55+00:00,ENY3814,29.23741149902344,-90.38251436673676,10668.0,104.19986733395793,262.1449338325708
2024-04-14 22:44:56+00:00,ENY3814,29.23667907714844,-90.3792924147386,10668.0,104.19986733395793,262.1449338325708
2024-04-14 22:44:57+00:00,ENY3814,29.23634157342426,-90.3778435202206,10668.0,104.19986733395793,262.1449338325708
2024-04-14 22:44:58+00:00,ENY3814,29.23553466796875,-90.37411616398737,10668.0,104.19986733395793,262.1449338325708
2024-04-14 22:44:59+00:00,ENY3814,29.234945006289724,-90.37159639246325,10668.0,104.19986733395793,262.1449338325708
2024-04-14 22:45:00+00:00,ENY3814,29.234390258789062,-90.36893991323616,10668.0,104.19986733395793,262.1449338325708
2024-04-14 22:45:01+00:00,ENY3814,29.233827752582098,-90.36637250114892,10668.0,104.19986733395793,262.1449338325708
2024-04-14 22:45:02+00:00,ENY3814,29.23324584960937,-90.36376366248498,10668.0,104.19986733395793,262.1449338325708
2024-04-14 22:45:03+00:00,ENY3814,29.23266394663665,-90.36109475528492,10668.0,104.19986733395793,262.1449338325708
2024-04-14 22:45:04+00:00,ENY3814,29.2320556640625,-90.35848177396332,10668.0,104.19986733395793,262.1449338325708
2024-04-14 22:45:05+00:00,ENY3814,29.231732901880296,-90.35694795496325,10668.0,104.19986733395793,262.1449338325708
2024-04-14 22:45:06+00:00,ENY3814,29.23091125488281,-90.35330552321216,10668.0,104.30881885930616,262.27160376982494
2024-04-14 22:45:07+00:00,ENY3814,29.23033633474576,-90.35070082720593,10668.0,104.30881885930616,262.27160376982494
2024-04-14 22:45:08+00:00,ENY3814,29.229870812367583,-90.3486004997702,10668.0,104.30881885930616,262.27160376982494
2024-04-14 22:45:09+00:00,ENY3814,29.229263305664062,-90.34601651705223,10668.0,104.30881885930616,262.27160376982494
2024-04-14 22:45:10+00:00,ENY3814,29.22866045418432,-90.34332275390624,10668.0,104.30881885930616,262.27160376982494
2024-04-14 22:45:11+00:00,ENY3814,29.22800872285487,-90.3402530445772,10668.0,104.30881885930616,262.27160376982494
2024-04-14 22:45:12+00:00,ENY3814,29.22749664823888,-90.33804500804229,10668.0,104.19986733395793,262.1449338325708
2024-04-14 22:45:13+00:00,ENY3814,29.226844916909428,-90.3350291532629,10668.0,104.19986733395793,262.1449338325708
2024-04-14 22:45:14+00:00,ENY3814,29.226242065429688,-90.3324420635517,10668.0,104.19986733395793,262.1449338325708
2024-04-14 22:45:15+00:00,ENY3814,29.225681110963983,-90.32980526194854,10668.0,104.19986733395793,262.1449338325708
2024-04-14 22:45:16+00:00,ENY3814,29.225326538085938,-90.32826937161956,10668.0,104.19986733395793,262.1449338325708
2024-04-14 22:45:17+00:00,ENY3814,29.22447075278072,-90.3244198069853,10668.0,104.19986733395793,262.1449338325708
2024-04-14 22:45:18+00:00,ENY3814,29.223953247070312,-90.3219839242788,10668.0,104.19986733395793,262.1449338325708
2024-04-14 22:45:19+00:00,ENY3814,29.223306946835272,-90.3193036247702,10668.0,104.19986733395793,262.1449338325708
2024-04-14 22:45:20+00:00,ENY3814,29.223120737884003,-90.31833424287686,10668.0,104.30881885930616,262.27160376982494
2024-04-14 22:45:21+00:00,ENY3814,29.22218969312765,-90.31418744255518,10668.0,104.30881885930616,262.27160376982494
2024-04-14 22:45:22+00:00,ENY3814,29.22161865234375,-90.31157860389123,10668.0,104.30881885930616,262.27160376982494
2024-04-14 22:45:23+00:00,ENY3814,29.2210258871822,-90.30890969669116,10668.0,104.30881885930616,262.27160376982494
2024-04-14 22:45:24+00:00,ENY3814,29.22065734863281,-90.30740591195912,10668.0,104.30881885930616,262.27160376982494
2024-04-14 22:45:25+00:00,ENY3814,29.220094842425848,-90.30470904181988,10668.0,104.30881885930616,262.27160376982494
2024-04-14 22:45:26+00:00,ENY3814,29.21939655885858,-90.30169318704044,10668.0,104.30881885930616,262.27160376982494
2024-04-14 22:45:27+00:00,ENY3814,29.218826293945312,-90.29906052809496,10668.0,104.30881885930616,262.27160376982494
2024-04-14 22:45:28+00:00,ENY3814,29.21823275291313,-90.29646929572613,10668.0,104.30881885930616,262.27160376982494
2024-04-14 22:45:29+00:00,ENY3814,29.21763610839844,-90.2938314584585,10668.0,104.30881885930616,262.27160376982494
2024-04-14 22:45:30+00:00,ENY3814,29.21706894696769,-90.29124540441175,10668.0,104.30881885930616,262.27160376982494
2024-04-14 22:45:31+00:00,ENY3814,29.21660342458951,-90.28914507697613,10668.0,104.30881885930616,262.27160376982494
2024-04-14 22:45:32+00:00,ENY3814,29.216033935546875,-90.28654245229863,10668.0,104.30881885930616,262.27160376982494
2024-04-14 22:45:33+00:00,ENY3814,29.215439618644066,-90.28386733111216,10668.0,104.30881885930616,262.27160376982494
2024-04-14 22:45:34+00:00,ENY3814,29.214614868164062,-90.28025700495796,10668.0,104.30881885930616,262.27160376982494
2024-04-14 22:45:35+00:00,ENY3814,29.213996499271715,-90.27756634880518,10668.0,104.30881885930616,262.27160376982494
2024-04-14 22:45:36+00:00,ENY3814,29.213424682617188,-90.27497511643628,10668.0,104.30881885930616,262.27160376982494
2024-04-14 22:45:37+00:00,ENY3814,29.21287924556409,-90.27245016659008,10668.0,104.30881885930616,262.27160376982494
2024-04-14 22:45:38+00:00,ENY3814,29.2122802734375,-90.26974604679988,10668.0,104.30881885930616,262.27160376982494
2024-04-14 22:45:39+00:00,ENY3814,29.211668887380824,-90.26706471162686,10668.0,104.30881885930616,262.27160376982494
2024-04-14 22:45:40+00:00,ENY3814,29.21113586425781,-90.2646226149339,10668.0,104.30881885930616,262.27160376982494
2024-04-14 22:45:41+00:00,ENY3814,29.210784394862287,-90.26307947495404,10668.0,104.30881885930616,262.27160376982494
2024-04-14 22:45:42+00:00,ENY3814,29.209945678710938,-90.25939354529748,10668.0,104.30881885930616,262.27160376982494
2024-04-14 22:45:43+00:00,ENY3814,29.209387827727756,-90.25677849264709,10668.0,104.30881885930616,262.27160376982494
2024-04-14 22:45:44+00:00,ENY3814,29.20892230534957,-90.25462431066175,10668.0,104.30881885930616,262.27160376982494
2024-04-14 22:45:45+00:00,ENY3814,29.208297729492188,-90.25189326359674,10668.0,104.30881885930616,262.27160376982494
2024-04-14 22:45:46+00:00,ENY3814,29.20765686035156,-90.24898822490984,10668.0,104.30881885930616,262.27160376982494
2024-04-14 22:45:47+00:00,ENY3814,29.207107543945312,-90.24666419396031,10668.0,104.30881885930616,262.27160376982494
2024-04-14 22:45:48+00:00,ENY3814,29.206466674804688,-90.2437063363882,10668.0,104.30881885930616,262.27160376982494
2024-04-14 22:45:49+00:00,ENY3814,29.20589640989142,-90.24116067325366,10668.0,104.30881885930616,262.27160376982494
2024-04-14 22:45:50+00:00,ENY3814,29.20527648925781,-90.23842444786658,10668.0,104.30881885930616,262.27160376982494
2024-04-14 22:45:51+00:00,ENY3814,29.204965365135063,-90.23696001838238,10668.0,104.30881885930616,262.27160376982494
2024-04-14 22:45:52+00:00,ENY3814,29.204315185546875,-90.23419893704926,10668.0,104.30881885930616,262.27160376982494
2024-04-14 22:45:53+00:00,ENY3814,29.20352224576271,-90.23060518152572,10668.0,104.30881885930616,262.27160376982494
2024-04-14 22:45:54+00:00,ENY3814,29.20321655273437,-90.22912832406848,10668.0,104.30881885930616,262.27160376982494
2024-04-14 22:45:55+00:00,ENY3814,29.202358439817267,-90.22548899931064,10668.0,104.30881885930616,262.27160376982494
2024-04-14 22:45:56+00:00,ENY3814,29.20179748535156,-90.22284287672778,10668.0,104.30881885930616,262.27160376982494
2024-04-14 22:45:57+00:00,ENY3814,29.20142739506091,-90.22128834443936,10668.0,104.30881885930616,262.27160376982494
2024-04-14 22:45:58+00:00,ENY3814,29.200836181640625,-90.21867018479566,10668.0,104.30881885930616,262.27160376982494
2024-04-14 22:45:59+00:00,ENY3814,29.200263589115465,-90.216064453125,10668.0,104.30881885930616,262.27160376982494
2024-04-14 22:46:00+00:00,ENY3814,29.199462890625,-90.21243755634016,10668.0,104.30881885930616,262.27160376982494
2024-04-14 22:46:01+00:00,ENY3814,29.19909978317002,-90.21084056181064,10668.0,104.30881885930616,262.27160376982494
2024-04-14 22:46:02+00:00,ENY3814,29.198455810546875,-90.20800076998194,10668.0,104.30881885930616,262.27160376982494
2024-04-14 22:46:03+00:00,ENY3814,29.19793597722457,-90.20561667049634,10668.0,104.30881885930616,262.27160376982494
2024-04-14 22:46:04+00:00,ENY3814,29.197265625,-90.20277170034552,10668.0,104.30881885930616,262.27160376982494
2024-04-14 22:46:05+00:00,ENY3814,29.19662475585937,-90.19986666165865,10668.0,104.30881885930616,262.27160376982494
2024-04-14 22:46:06+00:00,ENY3814,29.19593811035156,-90.1967503474309,10668.0,104.30881885930616,262.27160376982494
2024-04-14 22:46:07+00:00,ENY3814,29.1953756041446,-90.19414565142466,10668.0,104.30881885930616,262.27160376982494
2024-04-14 22:46:08+00:00,ENY3814,29.194793701171875,-90.19152127779444,10668.0,104.30881885930616,262.27160376982494
2024-04-14 22:46:09+00:00,ENY3814,29.194564819335938,-90.19051771897534,10668.0,104.30881885930616,262.27160376982494
2024-04-14 22:46:10+00:00,ENY3814,29.193603515625,-90.18634502704327,10668.0,104.30881885930616,262.27160376982494
2024-04-14 22:46:11+00:00,ENY3814,29.193374633789062,-90.18528864933891,10668.0,104.30881885930616,262.27160376982494
2024-04-14 22:46:12+00:00,ENY3814,29.192489365399894,-90.18138212316175,10668.0,104.30881885930616,262.27160376982494
2024-04-14 22:46:13+00:00,ENY3814,29.191909790039062,-90.17884474534252,10668.0,104.30881885930616,262.27160376982494
2024-04-14 22:46:14+00:00,ENY3814,29.19126892089844,-90.17588688777045,10668.0,104.30881885930616,262.27160376982494
2024-04-14 22:46:15+00:00,ENY3814,29.190673828125,-90.17330394071688,10668.0,104.30881885930616,262.27160376982494
2024-04-14 22:46:16+00:00,ENY3814,29.19012451171875,-90.17065781813405,10668.0,104.30881885930616,262.27160376982494
2024-04-14 22:46:17+00:00,ENY3814,29.189620971679688,-90.1685978816106,10668.0,104.30881885930616,262.27160376982494
2024-04-14 22:46:18+00:00,ENY3814,29.189044499801376,-90.16597972196688,10668.0,104.44568704245911,261.9010101435468
2024-04-14 22:46:19+00:00,ENY3814,29.1884765625,-90.16336881197412,10668.0,104.44568704245911,261.9010101435468
2024-04-14 22:46:20+00:00,ENY3814,29.18792724609375,-90.16109759990984,10668.0,104.55461970964814,262.0298180258115
2024-04-14 22:46:21+00:00,ENY3814,29.187240600585938,-90.15819256122296,10668.0,104.7721621050914,262.29027105722787
2024-04-14 22:46:22+00:00,ENY3814,29.18662378343485,-90.1555857938879,10668.0,105.01836063115068,262.0575918176048
2024-04-14 22:46:23+00:00,ENY3814,29.186004638671875,-90.15296349158656,10668.0,105.12694043923425,262.1913697587383
2024-04-14 22:46:24+00:00,ENY3814,29.18532032077595,-90.150146484375,10668.0,105.4819729021671,262.1025286280838
2024-04-14 22:46:25+00:00,ENY3814,29.18476867675781,-90.14778724083531,10668.0,105.69849937574544,262.3790486186007
2024-04-14 22:46:26+00:00,ENY3814,29.183990478515625,-90.14467092660756,10668.0,105.94539590092286,262.1646196316719
2024-04-14 22:46:27+00:00,ENY3814,29.183318574549787,-90.1421221564798,10668.0,106.16137250672044,262.4491414911695
2024-04-14 22:46:28+00:00,ENY3814,29.182662963867188,-90.13954749474158,10668.0,106.40856915416316,262.2438526436674
2024-04-14 22:46:29+00:00,ENY3814,29.18202209472656,-90.13722346379204,10668.0,106.62396829070754,262.5363532433031
2024-04-14 22:46:30+00:00,ENY3814,29.18136338056144,-90.13458251953124,10668.0,106.87143238432718,262.3402121321825
2024-04-14 22:46:31+00:00,ENY3814,29.180648803710938,-90.13204721304083,10668.0,106.97889102173372,262.4899783466255
2024-04-14 22:46:32+00:00,ENY3814,29.17987060546875,-90.1291949932392,10668.0,107.19343896445685,262.7922759707627
2024-04-14 22:46:33+00:00,ENY3814,29.179175425384003,-90.1266659007353,10668.0,107.33392555633984,262.4536792333347
2024-04-14 22:46:34+00:00,ENY3814,29.178451538085938,-90.12407156137316,10668.0,107.54808808545036,262.7620618585289
2024-04-14 22:46:35+00:00,ENY3814,29.17773230601165,-90.1214958639706,10668.0,107.6890446721338,262.4274600844947
2024-04-14 22:46:36+00:00,ENY3814,29.17712712692002,-90.11928782743564,10668.0,107.90280518161448,262.7419171867708
2024-04-14 22:46:37+00:00,ENY3814,29.176437377929688,-90.11688819298377,10668.0,108.04422110776171,262.4113239215616
2024-04-14 22:46:38+00:00,ENY3814,29.17568400754767,-90.11433320886948,10668.0,108.15095719812696,262.57112904069027
2024-04-14 22:46:39+00:00,ENY3814,29.174880981445312,-90.1115534855769,10668.0,108.25756307538975,262.7318442716779
2024-04-14 22:46:40+00:00,ENY3814,29.174057006835938,-90.1087012657752,10668.0,108.47038220091136,263.05599838734105
2024-04-14 22:46:41+00:00,ENY3814,29.17330984341896,-90.1061473173254,10668.0,108.6123345704543,262.7318442716779
2024-04-14 22:46:42+00:00,ENY3814,29.172821044921875,-90.1046342116136,10668.0,108.71858897867985,262.8964880026446
2024-04-14 22:46:43+00:00,ENY3814,29.17177361957097,-90.1010311351103,10668.0,108.86093189956516,262.57516071924226
2024-04-14 22:46:44+00:00,ENY3814,29.17098999023437,-90.09845440204327,10668.0,109.0731179954013,262.9095745165668
2024-04-14 22:46:45+00:00,ENY3814,29.170516709149894,-90.09693818933825,10668.0,109.17900802581072,263.0781309862961
2024-04-14 22:46:46+00:00,ENY3814,29.169754028320312,-90.09444016676684,10668.0,109.32180956039367,262.7620618585289
2024-04-14 22:46:47+00:00,ENY3814,29.16879272460937,-90.09137667142426,10668.0,109.53324913776902,263.10428529379345
2024-04-14 22:46:48+00:00,ENY3814,29.168002888307733,-90.08880615234376,10668.0,109.6764586813872,262.7922759707627
2024-04-14 22:46:49+00:00,ENY3814,29.16719055175781,-90.08630605844348,10668.0,109.78200232187685,262.9659397468528
2024-04-14 22:46:50+00:00,ENY3814,29.16637355998411,-90.08374382467832,10668.0,110.03101268089776,262.8325560508523
2024-04-14 22:46:51+00:00,ENY3814,29.165542602539062,-90.08123544546272,10668.0,110.13630342824814,263.0092119927573
2024-04-14 22:46:52+00:00,ENY3814,29.16490173339844,-90.07917550893929,10668.0,110.38544445630836,262.8828974717412
2024-04-14 22:46:53+00:00,ENY3814,29.164045948093214,-90.07668887867646,10668.0,110.49047443164638,263.0625377581148
2024-04-14 22:46:54+00:00,ENY3814,29.162887573242188,-90.07315415602466,10668.0,110.73972696109595,262.9432944545921
2024-04-14 22:46:55+00:00,ENY3814,29.16204420186705,-90.07060331456802,10668.0,110.9892009361004,262.8290317902884
2024-04-14 22:46:56+00:00,ENY3814,29.16119384765625,-90.06808354304388,10668.0,111.09383321716544,263.0137400720984
2024-04-14 22:46:57+00:00,ENY3814,29.1603217690678,-90.0655948414522,10668.0,111.34338612204606,262.906554609632
2024-04-14 22:46:58+00:00,ENY3814,29.159454345703125,-90.0630657489483,10668.0,111.44773632710536,263.0942262524496
2024-04-14 22:46:59+00:00,ENY3814,29.15855278403072,-90.06058636833643,10668.0,111.5931378500186,262.80436064303194
2024-04-14 22:47:00+00:00,ENY3814,29.158035278320312,-90.05905151367188,10668.0,111.80140948635184,263.1847437839428
2024-04-14 22:47:01+00:00,ENY3814,29.156783798993644,-90.05557789522061,10668.0,111.94714698331028,262.89900469052816
2024-04-14 22:47:02+00:00,ENY3814,29.155929565429688,-90.0530829796424,10668.0,112.05106271907674,263.0917114320203
2024-04-14 22:47:03+00:00,ENY3814,29.15501481395657,-90.05056942210479,10668.0,112.19712104646972,262.80889225187
2024-04-14 22:47:04+00:00,ENY3814,29.154098510742188,-90.04806518554688,10668.0,112.40450068073235,263.1993242522947
2024-04-14 22:47:05+00:00,ENY3814,29.153366088867188,-90.04605806790863,10668.0,112.55087548166698,262.9206472118978
2024-04-14 22:47:06+00:00,ENY3814,29.15245444087659,-90.04356833065259,10668.0,112.65433375393668,263.11836730561714
2024-04-14 22:47:07+00:00,ENY3814,29.15138373940678,-90.0406063304228,10668.0,112.90431585669936,263.0424160978113
2024-04-14 22:47:08+00:00,ENY3814,29.150545799126057,-90.0384521484375,10668.0,113.00745826557178,263.24306081186523
2024-04-14 22:47:09+00:00,ENY3814,29.149521649894066,-90.03565171185664,10668.0,113.15443759699924,262.9714749661376
2024-04-14 22:47:10+00:00,ENY3814,29.1485595703125,-90.03317025991583,10668.0,113.2574157286187,263.1741850094871
2024-04-14 22:47:11+00:00,ENY3814,29.147613008143537,-90.03069709329043,10668.0,113.30171985884262,262.70162320901073
2024-04-14 22:47:12+00:00,ENY3814,29.1470947265625,-90.02920884352466,10668.0,113.30171985884262,262.70162320901073
2024-04-14 22:47:13+00:00,ENY3814,29.146123336533368,-90.02671185661768,10668.0,113.30171985884262,262.70162320901073
2024-04-14 22:47:14+00:00,ENY3814,29.14521789550781,-90.02424386831427,10668.0,113.2574157286187,263.1741850094871
2024-04-14 22:47:15+00:00,ENY3814,29.14434814453125,-90.0220254751352,10668.0,113.2574157286187,263.1741850094871
2024-04-14 22:47:16+00:00,ENY3814,29.142974853515625,-90.01827533428485,10668.0,113.15443759699924,262.9714749661376
2024-04-14 22:47:17+00:00,ENY3814,29.1420267396054,-90.01577938304229,10668.0,113.15443759699924,262.9714749661376
2024-04-14 22:47:18+00:00,ENY3814,29.14146423339844,-90.01431391789362,10668.0,113.05130091647302,262.7696157122859
2024-04-14 22:47:19+00:00,ENY3814,29.140537067995236,-90.01184800091914,10668.0,113.05130091647302,262.7696157122859
2024-04-14 22:47:20+00:00,ENY3814,29.139633178710938,-90.00934894268329,10668.0,112.90431585669936,263.0424160978113
2024-04-14 22:47:21+00:00,ENY3814,29.1383491128178,-90.00587014590991,10668.0,112.90431585669936,263.0424160978113
2024-04-14 22:47:22+00:00,ENY3814,29.13780212402344,-90.00438396747296,10668.0,112.90431585669936,263.0424160978113
2024-04-14 22:47:23+00:00,ENY3814,29.13676633673199,-90.00166949103863,10668.0,112.90431585669936,263.0424160978113
2024-04-14 22:47:24+00:00,ENY3814,29.13592529296875,-89.99941899226263,10668.0,112.90431585669936,263.0424160978113
2024-04-14 22:47:25+00:00,ENY3814,29.134950799457098,-89.9966610179228,10668.0,112.80101631217228,262.8426251063688
2024-04-14 22:47:26+00:00,ENY3814,29.133926650225103,-89.99396829044116,10668.0,112.80101631217228,262.8426251063688
2024-04-14 22:47:27+00:00,ENY3814,29.13280939651748,-89.99095243566177,10668.0,112.80101631217228,262.8426251063688
2024-04-14 22:47:28+00:00,ENY3814,29.13189697265625,-89.98848548302283,10668.0,112.90431585669936,263.0424160978113
2024-04-14 22:47:29+00:00,ENY3814,29.130993859242583,-89.98599781709561,10668.0,112.90431585669936,263.0424160978113
2024-04-14 22:47:30+00:00,ENY3814,29.13006591796875,-89.9835205078125,10668.0,112.90431585669936,263.0424160978113
2024-04-14 22:47:31+00:00,ENY3814,29.12913176972987,-89.98104319852939,10668.0,112.90431585669936,263.0424160978113
2024-04-14 22:47:32+00:00,ENY3814,29.12823486328125,-89.97850271371692,10668.0,112.90431585669936,263.0424160978113
2024-04-14 22:47:33+00:00,ENY3814,29.127410888671875,-89.97628432053784,10668.0,112.90431585669936,263.0424160978113
2024-04-14 22:47:34+00:00,ENY3814,29.12647829217426,-89.97388054342832,10668.0,112.90431585669936,263.0424160978113
2024-04-14 22:47:35+00:00,ENY3814,29.125991821289062,-89.9725869985727,10668.0,112.90431585669936,263.0424160978113
2024-04-14 22:47:36+00:00,ENY3814,29.124526977539062,-89.96857276329627,10668.0,112.90431585669936,263.0424160978113
2024-04-14 22:47:37+00:00,ENY3814,29.123592053429554,-89.96612548828125,10668.0,112.94800599051956,262.5686092101589
2024-04-14 22:47:38+00:00,ENY3814,29.122847217624468,-89.96413286994488,10668.0,113.05130091647302,262.7696157122859
2024-04-14 22:47:39+00:00,ENY3814,29.12191772460937,-89.96165348933295,10668.0,113.05130091647302,262.7696157122859
2024-04-14 22:47:40+00:00,ENY3814,29.12103168034957,-89.95912439682905,10668.0,113.05130091647302,262.7696157122859
2024-04-14 22:47:41+00:00,ENY3814,29.120193740068856,-89.95697021484375,10668.0,113.05130091647302,262.7696157122859
2024-04-14 22:47:42+00:00,ENY3814,29.11916959083686,-89.9541697782629,10668.0,113.05130091647302,262.7696157122859
2024-04-14 22:47:43+00:00,ENY3814,29.11825561523437,-89.95172353891223,10668.0,113.05130091647302,262.7696157122859
2024-04-14 22:47:44+00:00,ENY3814,29.117307501324152,-89.94921515969668,10668.0,113.05130091647302,262.7696157122859
2024-04-14 22:47:45+00:00,ENY3814,29.116287231445312,-89.94654728816107,10668.0,113.05130091647302,262.7696157122859
2024-04-14 22:47:46+00:00,ENY3814,29.11544541181144,-89.94426054113052,10668.0,113.05130091647302,262.7696157122859
2024-04-14 22:47:47+00:00,ENY3814,29.114913940429688,-89.94279714731067,10668.0,113.05130091647302,262.7696157122859
2024-04-14 22:47:48+00:00,ENY3814,29.113449096679688,-89.93883573091944,10668.0,113.05130091647302,262.7696157122859
2024-04-14 22:47:49+00:00,ENY3814,29.11251262082892,-89.93629006778491,10668.0,113.05130091647302,262.7696157122859
2024-04-14 22:47:50+00:00,ENY3814,29.1116746805482,-89.93408203125,10668.0,113.05130091647302,262.7696157122859
2024-04-14 22:47:51+00:00,ENY3814,29.110748291015625,-89.93159954364484,10668.0,113.05130091647302,262.7696157122859
2024-04-14 22:47:52+00:00,ENY3814,29.109812591035485,-89.92912741268384,10668.0,113.05130091647302,262.7696157122859
2024-04-14 22:47:53+00:00,ENY3814,29.10878844180349,-89.92638083065259,10668.0,113.05130091647302,262.7696157122859
2024-04-14 22:47:54+00:00,ENY3814,29.10804360599841,-89.92438821231616,10668.0,113.05130091647302,262.7696157122859
2024-04-14 22:47:55+00:00,ENY3814,29.10692635229078,-89.92142621208643,10668.0,113.05130091647302,262.7696157122859
2024-04-14 22:47:56+00:00,ENY3814,29.106181516485695,-89.91943359375,10668.0,113.05130091647302,262.7696157122859
2024-04-14 22:47:57+00:00,ENY3814,29.105209350585938,-89.91686307466944,10668.0,113.05130091647302,262.7696157122859
2024-04-14 22:47:58+00:00,ENY3814,29.104319426972985,-89.91437126608457,10668.0,113.05130091647302,262.7696157122859
2024-04-14 22:47:59+00:00,ENY3814,29.103424072265625,-89.91200373722955,10668.0,113.09530181364266,262.29632502729373
2024-04-14 22:48:00+00:00,ENY3814,29.102410785222457,-89.90936279296875,10668.0,113.09530181364266,262.29632502729373
2024-04-14 22:48:01+00:00,ENY3814,29.10191345214844,-89.90804232083832,10668.0,113.09530181364266,262.29632502729373
2024-04-14 22:48:02+00:00,ENY3814,29.100814819335938,-89.90508446326623,10668.0,113.09530181364266,262.29632502729373
2024-04-14 22:48:03+00:00,ENY3814,29.100082397460938,-89.90307734562799,10668.0,113.09530181364266,262.29632502729373
2024-04-14 22:48:04+00:00,ENY3814,29.09898376464844,-89.9001194880559,10668.0,113.09530181364266,262.29632502729373
2024-04-14 22:48:05+00:00,ENY3814,29.09766245696504,-89.89665311925552,10668.0,113.09530181364266,262.29632502729373
2024-04-14 22:48:06+00:00,ENY3814,29.09674072265625,-89.89415095402643,10668.0,113.09530181364266,262.29632502729373
2024-04-14 22:48:07+00:00,ENY3814,29.09580036745233,-89.89169850068936,10668.0,113.09530181364266,262.29632502729373
2024-04-14 22:48:08+00:00,ENY3814,29.09490966796875,-89.8891859788161,10668.0,113.09530181364266,262.29632502729373
2024-04-14 22:48:09+00:00,ENY3814,29.09398483017744,-89.88674388212314,10668.0,113.09530181364266,262.29632502729373
2024-04-14 22:48:10+00:00,ENY3814,29.09339904785156,-89.88522456242487,10668.0,113.09530181364266,262.29632502729373
2024-04-14 22:48:11+00:00,ENY3814,29.092448606329448,-89.88265093635113,10668.0,113.09530181364266,262.29632502729373
2024-04-14 22:48:12+00:00,ENY3814,29.09137790485964,-89.87979664522061,10668.0,113.09530181364266,262.29632502729373
2024-04-14 22:48:13+00:00,ENY3814,29.09042358398437,-89.8773017296424,10668.0,113.09530181364266,262.29632502729373
2024-04-14 22:48:14+00:00,ENY3814,29.089515815346928,-89.87484202665439,10668.0,113.09530181364266,262.29632502729373
2024-04-14 22:48:15+00:00,ENY3814,29.088592529296875,-89.87233675443207,10668.0,113.09530181364266,262.29632502729373
2024-04-14 22:48:16+00:00,ENY3814,29.087860107421875,-89.87038245567908,10668.0,113.09530181364266,262.29632502729373
2024-04-14 22:48:17+00:00,ENY3814,29.08653647212659,-89.86681769875918,10668.0,113.09530181364266,262.29632502729373
2024-04-14 22:48:18+00:00,ENY3814,29.085983276367188,-89.8653646615835,10668.0,113.09530181364266,262.29632502729373
2024-04-14 22:48:19+00:00,ENY3814,29.085250854492188,-89.86346318171576,10668.0,113.09530181364266,262.29632502729373
2024-04-14 22:48:20+00:00,ENY3814,29.08425541247352,-89.8607859892004,10668.0,113.09530181364266,262.29632502729373
2024-04-14 22:48:21+00:00,ENY3814,29.0833740234375,-89.85849820650537,10668.0,113.09530181364266,262.29632502729373
2024-04-14 22:48:22+00:00,ENY3814,29.0819091796875,-89.8545367901142,10668.0,113.09530181364266,262.29632502729373
2024-04-14 22:48:23+00:00,ENY3814,29.08099675582627,-89.85206155215991,10668.0,113.09530181364266,262.29632502729373
2024-04-14 22:48:24+00:00,ENY3814,29.080624337923727,-89.85109217026655,10668.0,113.09530181364266,262.29632502729373
2024-04-14 22:48:25+00:00,ENY3814,29.079666137695312,-89.84856825608472,10668.0,113.1985905136482,262.49854823809454
2024-04-14 22:48:26+00:00,ENY3814,29.078155517578125,-89.84455402080829,10668.0,113.1985905136482,262.49854823809454
2024-04-14 22:48:27+00:00,ENY3814,29.077272576800848,-89.84215231502759,10668.0,113.1985905136482,262.49854823809454
2024-04-14 22:48:28+00:00,ENY3814,29.076481188757946,-89.84005198759189,10668.0,113.1985905136482,262.49854823809454
2024-04-14 22:48:29+00:00,ENY3814,29.07554626464844,-89.83763474684497,10668.0,113.1985905136482,262.49854823809454
2024-04-14 22:48:30+00:00,ENY3814,29.07466565148305,-89.835205078125,10668.0,113.1985905136482,262.49854823809454
2024-04-14 22:48:31+00:00,ENY3814,29.073715209960938,-89.83272259051984,10668.0,113.1985905136482,262.49854823809454
2024-04-14 22:48:32+00:00,ENY3814,29.07280356197034,-89.83025045955884,10668.0,113.15443759699924,262.9714749661376
2024-04-14 22:48:33+00:00,ENY3814,29.07168630826271,-89.82728845932905,10668.0,113.15443759699924,262.9714749661376
2024-04-14 22:48:34+00:00,ENY3814,29.07126733812235,-89.82615751378677,10668.0,113.15443759699924,262.9714749661376
2024-04-14 22:48:35+00:00,ENY3814,29.07037353515625,-89.82384901780347,10668.0,113.15443759699924,262.9714749661376
2024-04-14 22:48:36+00:00,ENY3814,29.069451800847457,-89.82136445886948,10668.0,113.15443759699924,262.9714749661376
2024-04-14 22:48:37+00:00,ENY3814,29.06833454713983,-89.81829474954043,10668.0,113.15443759699924,262.9714749661376
2024-04-14 22:48:38+00:00,ENY3814,29.06703186035156,-89.8149226262019,10668.0,113.15443759699924,262.9714749661376
2024-04-14 22:48:39+00:00,ENY3814,29.06610003972457,-89.81242460363052,10668.0,113.15443759699924,262.9714749661376
2024-04-14 22:48:40+00:00,ENY3814,29.065155029296875,-89.80995765099158,10668.0,113.15443759699924,262.9714749661376
2024-04-14 22:48:41+00:00,ENY3814,29.06423795021186,-89.80746998506436,10668.0,113.15443759699924,262.9714749661376
2024-04-14 22:48:42+00:00,ENY3814,29.063772427833687,-89.80628518497241,10668.0,113.15443759699924,262.9714749661376
2024-04-14 22:48:43+00:00,ENY3814,29.062957763671875,-89.80398911696216,10668.0,113.15443759699924,262.9714749661376
2024-04-14 22:48:44+00:00,ENY3814,29.061813354492188,-89.80103125939002,10668.0,113.15443759699924,262.9714749661376
2024-04-14 22:48:45+00:00,ENY3814,29.060623168945312,-89.79786212627704,10668.0,113.15443759699924,262.9714749661376
2024-04-14 22:48:46+00:00,ENY3814,29.05976893538136,-89.79556812959561,10668.0,113.15443759699924,262.9714749661376
2024-04-14 22:48:47+00:00,ENY3814,29.058837890625,-89.79310842660755,10668.0,113.15443759699924,262.9714749661376
2024-04-14 22:48:48+00:00,ENY3814,29.057906845868644,-89.79061351102939,10668.0,113.15443759699924,262.9714749661376
2024-04-14 22:48:49+00:00,ENY3814,29.056961059570312,-89.78814345139722,10668.0,113.15443759699924,262.9714749661376
2024-04-14 22:48:50+00:00,ENY3814,29.05604475635593,-89.78565889246323,10668.0,113.15443759699924,262.9714749661376
2024-04-14 22:48:51+00:00,ENY3814,29.05513000488281,-89.78317847618689,10668.0,113.15443759699924,262.9714749661376
2024-04-14 22:48:52+00:00,ENY3814,29.054182666843214,-89.78070427389707,10668.0,113.15443759699924,262.9714749661376
2024-04-14 22:48:53+00:00,ENY3814,29.053253173828125,-89.77821350097656,10668.0,113.15443759699924,262.9714749661376
2024-04-14 22:48:54+00:00,ENY3814,29.05232057733051,-89.77574965533091,10668.0,113.15443759699924,262.9714749661376
2024-04-14 22:48:55+00:00,ENY3814,29.05137634277344,-89.77324852576623,10668.0,113.15443759699924,262.9714749661376
2024-04-14 22:48:56+00:00,ENY3814,29.0504584878178,-89.7707950367647,10668.0,113.15443759699924,262.9714749661376
2024-04-14 22:48:57+00:00,ENY3814,29.04971365201271,-89.76880241842832,10668.0,113.15443759699924,262.9714749661376
2024-04-14 22:48:58+00:00,ENY3814,29.04872131347656,-89.76622361403247,10668.0,113.15443759699924,262.9714749661376
2024-04-14 22:48:59+00:00,ENY3814,29.0478515625,-89.76384779986216,10668.0,113.15443759699924,262.9714749661376
2024-04-14 22:49:00+00:00,ENY3814,29.04693603515625,-89.76141709547778,10668.0,113.15443759699924,262.9714749661376
2024-04-14 22:49:01+00:00,ENY3814,29.045989472987287,-89.75889318129595,10668.0,113.15443759699924,262.9714749661376
2024-04-14 22:49:02+00:00,ENY3814,29.04505920410156,-89.7564521202674,10668.0,113.15443759699924,262.9714749661376
2024-04-14 22:49:03+00:00,ENY3814,29.043960571289062,-89.75344144381006,10668.0,113.15443759699924,262.9714749661376
2024-04-14 22:49:04+00:00,ENY3814,29.043136596679688,-89.75132868840143,10668.0,113.15443759699924,262.9714749661376
2024-04-14 22:49:05+00:00,ENY3814,29.04208374023437,-89.74847646859973,10668.0,113.15443759699924,262.9714749661376
2024-04-14 22:49:06+00:00,ENY3814,29.041148040254235,-89.74602194393384,10668.0,113.15443759699924,262.9714749661376
2024-04-14 22:49:07+00:00,ENY3814,29.040206909179688,-89.74345867450421,10668.0,113.15443759699924,262.9714749661376
2024-04-14 22:49:08+00:00,ENY3814,29.03928595074152,-89.74106732536768,10668.0,113.15443759699924,262.9714749661376
2024-04-14 22:49:09+00:00,ENY3814,29.038330078125,-89.73859933706427,10668.0,113.15443759699924,262.9714749661376
2024-04-14 22:49:10+00:00,ENY3814,29.03755187988281,-89.73648658165564,10668.0,113.15443759699924,262.9714749661376
2024-04-14 22:49:11+00:00,ENY3814,29.0364990234375,-89.73363436185394,10668.0,113.15443759699924,262.9714749661376
2024-04-14 22:49:12+00:00,ENY3814,29.0355617717161,-89.7311580882353,10668.0,113.15443759699924,262.9714749661376
2024-04-14 22:49:13+00:00,ENY3814,29.034576416015625,-89.72856374887317,10668.0,113.15443759699924,262.9714749661376
2024-04-14 22:49:14+00:00,ENY3814,29.03365312996557,-89.72614961511948,10668.0,113.15443759699924,262.9714749661376
2024-04-14 22:49:15+00:00,ENY3814,29.032954846398304,-89.72421085133271,10668.0,113.15443759699924,262.9714749661376
2024-04-14 22:49:16+00:00,ENY3814,29.03183759269068,-89.72124885110293,10668.0,113.15443759699924,262.9714749661376
2024-04-14 22:49:17+00:00,ENY3814,29.03086853027344,-89.71879225510816,10668.0,113.15443759699924,262.9714749661376
2024-04-14 22:49:18+00:00,ENY3814,29.03013610839844,-89.71678513746997,10668.0,113.15443759699924,262.9714749661376
2024-04-14 22:49:19+00:00,ENY3814,29.029037475585938,-89.71382727989783,10668.0,113.2574157286187,263.1741850094871
2024-04-14 22:49:20+00:00,ENY3814,29.028020309189618,-89.71123190487134,10668.0,113.2574157286187,263.1741850094871
2024-04-14 22:49:21+00:00,ENY3814,29.02752685546875,-89.7098130446214,10668.0,113.2574157286187,263.1741850094871
2024-04-14 22:49:22+00:00,ENY3814,29.02601623535156,-89.70590444711536,10668.0,113.2574157286187,263.1741850094871
2024-04-14 22:49:23+00:00,ENY3814,29.02545993610964,-89.70439237706802,10668.0,113.2574157286187,263.1741850094871
2024-04-14 22:49:24+00:00,ENY3814,29.024715100304554,-89.70245361328125,10668.0,113.15443759699924,262.9714749661376
2024-04-14 22:49:25+00:00,ENY3814,29.023597846596928,-89.69943775850186,10668.0,113.15443759699924,262.9714749661376
2024-04-14 22:49:26+00:00,ENY3814,29.022806458554022,-89.69728357651655,10668.0,113.15443759699924,262.9714749661376
2024-04-14 22:49:27+00:00,ENY3814,29.021896362304688,-89.69491811899036,10668.0,113.15443759699924,262.9714749661376
2024-04-14 22:49:28+00:00,ENY3814,29.020431518554688,-89.69106234036957,10668.0,113.15443759699924,262.9714749661376
2024-04-14 22:49:29+00:00,ENY3814,29.01950124966896,-89.68855913947613,10668.0,113.15443759699924,262.9714749661376
2024-04-14 22:49:30+00:00,ENY3814,29.0185546875,-89.68609736515924,10668.0,113.15443759699924,262.9714749661376
2024-04-14 22:49:31+00:00,ENY3814,29.01801157805879,-89.68462775735293,10668.0,113.15443759699924,262.9714749661376
2024-04-14 22:49:32+00:00,ENY3814,29.01704406738281,-89.68203031099756,10668.0,113.15443759699924,262.9714749661376
2024-04-14 22:49:33+00:00,ENY3814,29.015945434570312,-89.67917809119592,10668.0,113.1985905136482,262.49854823809454
2024-04-14 22:49:34+00:00,ENY3814,29.01503223483845,-89.67671113855698,10668.0,113.1985905136482,262.49854823809454
2024-04-14 22:49:35+00:00,ENY3814,29.01411437988281,-89.6742131159856,10668.0,113.1985905136482,262.49854823809454
2024-04-14 22:49:36+00:00,ENY3814,29.01317014532574,-89.67175651999082,10668.0,113.1985905136482,262.49854823809454
2024-04-14 22:49:37+00:00,ENY3814,29.012006339380296,-89.66868681066177,10668.0,113.1985905136482,262.49854823809454
2024-04-14 22:49:38+00:00,ENY3814,29.011505126953125,-89.66729384202222,10668.0,113.1985905136482,262.49854823809454
2024-04-14 22:49:39+00:00,ENY3814,29.010516667770126,-89.66475542853863,10668.0,113.1985905136482,262.49854823809454
2024-04-14 22:49:40+00:00,ENY3814,29.00981838420286,-89.66281666475186,10668.0,113.1985905136482,262.49854823809454
2024-04-14 22:49:41+00:00,ENY3814,29.008804321289062,-89.66021611140326,10668.0,113.1985905136482,262.49854823809454
2024-04-14 22:49:42+00:00,ENY3814,29.007956294690143,-89.65786204618564,10668.0,113.1985905136482,262.49854823809454
2024-04-14 22:49:43+00:00,ENY3814,29.006466623079977,-89.6539306640625,10668.0,113.1985905136482,262.49854823809454
2024-04-14 22:49:44+00:00,ENY3814,29.006047652939618,-89.65279971852021,10668.0,113.1985905136482,262.49854823809454
2024-04-14 22:49:45+00:00,ENY3814,29.005142211914062,-89.65044461763819,10668.0,113.1985905136482,262.49854823809454
2024-04-14 22:49:46+00:00,ENY3814,29.004232115664724,-89.64800666360293,10668.0,113.1985905136482,262.49854823809454
2024-04-14 22:49:47+00:00,ENY3814,29.00326538085937,-89.64542682354266,10668.0,113.1985905136482,262.49854823809454
2024-04-14 22:49:48+00:00,ENY3814,29.002276921676376,-89.64283662683823,10668.0,113.1985905136482,262.49854823809454
2024-04-14 22:49:49+00:00,ENY3814,29.0009765625,-89.63945828951319,10668.0,113.1985905136482,262.49854823809454
2024-04-14 22:49:50+00:00,ENY3814,29.00008896649894,-89.63702033547793,10668.0,113.1985905136482,262.49854823809454
2024-04-14 22:49:51+00:00,ENY3814,28.999191284179688,-89.6346517709585,10668.0,113.1985905136482,262.49854823809454
2024-04-14 22:49:52+00:00,ENY3814,28.99827342922405,-89.63217342601104,10668.0,113.1985905136482,262.49854823809454
2024-04-14 22:49:53+00:00,ENY3814,28.997314453125,-89.62968679574817,10668.0,113.1985905136482,262.49854823809454
2024-04-14 22:49:54+00:00,ENY3814,28.9962158203125,-89.62672893817609,10668.0,113.1985905136482,262.49854823809454
2024-04-14 22:49:55+00:00,ENY3814,28.995758056640625,-89.62561974158655,10668.0,113.1985905136482,262.49854823809454
2024-04-14 22:49:56+00:00,ENY3814,28.99433898925781,-89.62176396296576,10668.0,113.1985905136482,262.49854823809454
2024-04-14 22:49:57+00:00,ENY3814,28.993972778320312,-89.62081322303186,10668.0,113.1985905136482,262.49854823809454
2024-04-14 22:49:58+00:00,ENY3814,28.992828369140625,-89.61780254657452,10668.0,113.1985905136482,262.49854823809454
2024-04-14 22:49:59+00:00,ENY3814,28.99189577264301,-89.61537080652573,10668.0,113.1985905136482,262.49854823809454
2024-04-14 22:50:00+00:00,ENY3814,28.99058532714844,-89.6118868314303,10668.0,113.1985905136482,262.49854823809454
2024-04-14 22:50:01+00:00,ENY3814,28.990033683130296,-89.61041618795957,10668.0,113.1985905136482,262.49854823809454
2024-04-14 22:50:02+00:00,ENY3814,28.988754272460938,-89.60697467510516,10668.0,113.1985905136482,262.49854823809454
2024-04-14 22:50:03+00:00,ENY3814,28.988296508789062,-89.60575984074518,10668.0,113.1985905136482,262.49854823809454
2024-04-14 22:50:04+00:00,ENY3814,28.9874267578125,-89.60352280560664,10668.0,113.1985905136482,262.49854823809454
2024-04-14 22:50:05+00:00,ENY3814,28.98630950410487,-89.60056080537686,10668.0,113.1985905136482,262.49854823809454
2024-04-14 22:50:06+00:00,ENY3814,28.985145698159428,-89.59738338694854,10668.0,113.1985905136482,262.49854823809454
2024-04-14 22:50:07+00:00,ENY3814,28.98426818847656,-89.59509042593146,10668.0,113.1985905136482,262.49854823809454
2024-04-14 22:50:08+00:00,ENY3814,28.98333016088453,-89.59264418658091,10668.0,113.1985905136482,262.49854823809454
2024-04-14 22:50:09+00:00,ENY3814,28.982391357421875,-89.59017826960638,10668.0,113.1985905136482,262.49854823809454
2024-04-14 22:50:10+00:00,ENY3814,28.981468071371825,-89.5876895680147,10668.0,113.1985905136482,262.49854823809454
2024-04-14 22:50:11+00:00,ENY3814,28.980514526367188,-89.585213294396,10668.0,113.1985905136482,262.49854823809454
2024-04-14 22:50:12+00:00,ENY3814,28.97960598185911,-89.58273494944854,10668.0,113.1985905136482,262.49854823809454
2024-04-14 22:50:13+00:00,ENY3814,28.978683471679688,-89.58024831918567,10668.0,113.1985905136482,262.49854823809454
2024-04-14 22:50:14+00:00,ENY3814,28.978271484375,-89.57924476036658,10668.0,113.1985905136482,262.49854823809454
2024-04-14 22:50:15+00:00,ENY3814,28.976806640625,-89.5753361628606,10668.0,113.1985905136482,262.49854823809454
2024-04-14 22:50:16+00:00,ENY3814,28.975881802833687,-89.57287956686582,10668.0,113.1985905136482,262.49854823809454
2024-04-14 22:50:17+00:00,ENY3814,28.974929809570312,-89.57037118765021,10668.0,113.1985905136482,262.49854823809454
2024-04-14 22:50:18+00:00,ENY3814,28.97401971332097,-89.56792494829966,10668.0,113.1985905136482,262.49854823809454
2024-04-14 22:50:19+00:00,ENY3814,28.973228325278072,-89.56582462086396,10668.0,113.30171985884262,262.70162320901073
2024-04-14 22:50:20+00:00,ENY3814,28.972320556640625,-89.56350473257208,10668.0,113.30171985884262,262.70162320901073
2024-04-14 22:50:21+00:00,ENY3814,28.971908569335938,-89.5624483548678,10668.0,113.30171985884262,262.70162320901073
2024-04-14 22:50:22+00:00,ENY3814,28.970443725585938,-89.55853975736176,10668.0,113.30171985884262,262.70162320901073
2024-04-14 22:50:23+00:00,ENY3814,28.96950414625265,-89.55607694738052,10668.0,113.30171985884262,262.70162320901073
2024-04-14 22:50:24+00:00,ENY3814,28.96838689254502,-89.55311494715073,10668.0,113.30171985884262,262.70162320901073
2024-04-14 22:50:25+00:00,ENY3814,28.96801447464248,-89.55203785615811,10668.0,113.30171985884262,262.70162320901073
2024-04-14 22:50:26+00:00,ENY3814,28.966524803032307,-89.54816032858457,10668.0,113.30171985884262,262.70162320901073
2024-04-14 22:50:27+00:00,ENY3814,28.96595764160156,-89.5467083270733,10668.0,113.30171985884262,262.70162320901073
2024-04-14 22:50:28+00:00,ENY3814,28.96461616128178,-89.54315185546875,10668.0,113.30171985884262,262.70162320901073
2024-04-14 22:50:29+00:00,ENY3814,28.96371459960937,-89.54073979304388,10668.0,113.30171985884262,262.70162320901073
2024-04-14 22:50:30+00:00,ENY3814,28.963302612304688,-89.53968341533954,10668.0,113.30171985884262,262.70162320901073
2024-04-14 22:50:31+00:00,ENY3814,28.96238165386652,-89.53722785500918,10668.0,113.30171985884262,262.70162320901073
2024-04-14 22:50:32+00:00,ENY3814,28.96093853449417,-89.53335032743564,10668.0,113.30171985884262,262.70162320901073
2024-04-14 22:50:33+00:00,ENY3814,28.960006713867188,-89.53086266150842,10668.0,113.30171985884262,262.70162320901073
2024-04-14 22:50:34+00:00,ENY3814,28.959029892743644,-89.52828799977021,10668.0,113.30171985884262,262.70162320901073
2024-04-14 22:50:35+00:00,ENY3814,28.95861092260328,-89.52721090877759,10668.0,113.30171985884262,262.70162320901073
2024-04-14 22:50:36+00:00,ENY3814,28.957351684570312,-89.5239962064303,10668.0,113.34618364291252,262.22921904919104
2024-04-14 22:50:37+00:00,ENY3814,28.95625305175781,-89.52098552997296,10668.0,113.34618364291252,262.22921904919104
2024-04-14 22:50:38+00:00,ENY3814,28.955305713718214,-89.51854032628677,10668.0,113.34618364291252,262.22921904919104
2024-04-14 22:50:39+00:00,ENY3814,28.95456087791313,-89.5165477079504,10668.0,113.34618364291252,262.22921904919104
2024-04-14 22:50:40+00:00,ENY3814,28.95344362420551,-89.51358570772061,10668.0,113.34618364291252,262.22921904919104
2024-04-14 22:50:41+00:00,ENY3814,28.95245361328125,-89.51100276066705,10668.0,113.34618364291252,262.22921904919104
2024-04-14 22:50:42+00:00,ENY3814,28.95190740035752,-89.5096004710478,10668.0,113.34618364291252,262.22921904919104
2024-04-14 22:50:43+00:00,ENY3814,28.95083669888771,-89.50669232536768,10668.0,113.34618364291252,262.22921904919104
2024-04-14 22:50:44+00:00,ENY3814,28.94999875860699,-89.50453814338238,10668.0,113.34618364291252,262.22921904919104
2024-04-14 22:50:45+00:00,ENY3814,28.948602191472457,-89.50076832490811,10668.0,113.34618364291252,262.22921904919104
2024-04-14 22:50:46+00:00,ENY3814,28.94764709472656,-89.4982734093299,10668.0,113.34618364291252,262.22921904919104
2024-04-14 22:50:47+00:00,ENY3814,28.947235107421875,-89.49716421274036,10668.0,113.34618364291252,262.22921904919104
2024-04-14 22:50:48+00:00,ENY3814,28.945770263671875,-89.49336125300482,10668.0,113.34618364291252,262.22921904919104
2024-04-14 22:50:49+00:00,ENY3814,28.94520387811176,-89.49188232421875,10668.0,113.30171985884262,262.70162320901073
2024-04-14 22:50:50+00:00,ENY3814,28.943893432617188,-89.48844909667969,10668.0,113.30171985884262,262.70162320901073
2024-04-14 22:50:51+00:00,ENY3814,28.943161010742188,-89.48644197904144,10668.0,113.30171985884262,262.70162320901073
2024-04-14 22:50:52+00:00,ENY3814,28.942550400556144,-89.48477352366729,10668.0,113.30171985884262,262.70162320901073
2024-04-14 22:50:53+00:00,ENY3814,28.941238403320312,-89.48137136606067,10668.0,113.30171985884262,262.70162320901073
2024-04-14 22:50:54+00:00,ENY3814,28.94073486328125,-89.48003432329966,10668.0,113.30171985884262,262.70162320901073
2024-04-14 22:50:55+00:00,ENY3814,28.939727783203125,-89.47740994966944,10668.0,113.30171985884262,262.70162320901073
2024-04-14 22:50:56+00:00,ENY3814,28.93867492675781,-89.47461054875299,10668.0,113.30171985884262,262.70162320901073
2024-04-14 22:50:57+00:00,ENY3814,28.937576293945312,-89.4716526911809,10668.0,113.30171985884262,262.70162320901073
2024-04-14 22:50:58+00:00,ENY3814,28.936798095703125,-89.46964557354266,10668.0,113.30171985884262,262.70162320901073
2024-04-14 22:50:59+00:00,ENY3814,28.93626584845074,-89.46818632238052,10668.0,113.30171985884262,262.70162320901073
2024-04-14 22:51:00+00:00,ENY3814,28.934729624602756,-89.46420108570771,10668.0,113.30171985884262,262.70162320901073
2024-04-14 22:51:01+00:00,ENY3814,28.93393823655985,-89.46204690372241,10668.0,113.30171985884262,262.70162320901073
2024-04-14 22:51:02+00:00,ENY3814,28.933239952992583,-89.46026970358457,10668.0,113.30171985884262,262.70162320901073
2024-04-14 22:51:03+00:00,ENY3814,28.93212269928496,-89.45730770335479,10668.0,113.30171985884262,262.70162320901073
2024-04-14 22:51:04+00:00,ENY3814,28.931167602539062,-89.45485628568207,10668.0,113.30171985884262,262.70162320901073
2024-04-14 22:51:05+00:00,ENY3814,28.930260609772244,-89.45235308478863,10668.0,113.30171985884262,262.70162320901073
2024-04-14 22:51:06+00:00,ENY3814,28.928924560546875,-89.44888775165265,10668.0,113.30171985884262,262.70162320901073
2024-04-14 22:51:08+00:00,ENY3814,28.927047729492188,-89.44397559532752,10668.0,113.30171985884262,262.70162320901073
2024-04-14 22:51:09+00:00,ENY3814,28.926681518554688,-89.44291921762317,10668.0,113.40468955103232,262.9055479662784
2024-04-14 22:51:10+00:00,ENY3814,28.9251708984375,-89.43901062011719,10668.0,113.40468955103232,262.9055479662784
2024-04-14 22:51:11+00:00,ENY3814,28.92425537109375,-89.43657370174634,10668.0,113.40468955103232,262.9055479662784
2024-04-14 22:51:12+00:00,ENY3814,28.92329406738281,-89.43409846379205,10668.0,113.40468955103232,262.9055479662784
2024-04-14 22:51:13+00:00,ENY3814,28.92239328158104,-89.43161908318018,10668.0,113.40468955103232,262.9055479662784
2024-04-14 22:51:14+00:00,ENY3814,28.92155534130032,-89.42946490119488,10668.0,113.40468955103232,262.9055479662784
2024-04-14 22:51:15+00:00,ENY3814,28.920684814453125,-89.42717918982873,10668.0,113.40468955103232,262.9055479662784
2024-04-14 22:51:16+00:00,ENY3814,28.919739804025426,-89.42467184627759,10668.0,113.40468955103232,262.9055479662784
2024-04-14 22:51:17+00:00,ENY3814,28.9186225503178,-89.4217098460478,10668.0,113.40468955103232,262.9055479662784
2024-04-14 22:51:18+00:00,ENY3814,28.91787771451271,-89.41977108226104,10668.0,113.40468955103232,262.9055479662784
2024-04-14 22:51:19+00:00,ENY3814,28.916760460805083,-89.41680908203125,10668.0,113.40468955103232,262.9055479662784
2024-04-14 22:51:20+00:00,ENY3814,28.91592252052436,-89.41465490004595,10668.0,113.40468955103232,262.9055479662784
2024-04-14 22:51:21+00:00,ENY3814,28.914851819054554,-89.41185446346509,10668.0,113.40468955103232,262.9055479662784
2024-04-14 22:51:22+00:00,ENY3814,28.914321899414062,-89.4103827843299,10668.0,113.40468955103232,262.9055479662784
2024-04-14 22:51:23+00:00,ENY3814,28.913362147444385,-89.40786922679229,10668.0,113.40468955103232,262.9055479662784
2024-04-14 22:51:24+00:00,ENY3814,28.912524207163663,-89.40571504480698,10668.0,113.40468955103232,262.9055479662784
2024-04-14 22:51:25+00:00,ENY3814,28.911500057931672,-89.40296846277573,10668.0,113.40468955103232,262.9055479662784
2024-04-14 22:51:26+00:00,ENY3814,28.91070866988877,-89.4009219898897,10668.0,113.40468955103232,262.9055479662784
2024-04-14 22:51:27+00:00,ENY3814,28.909591416181144,-89.39801384420957,10668.0,113.40468955103232,262.9055479662784
2024-04-14 22:51:28+00:00,ENY3814,28.908279418945312,-89.39453711876502,10668.0,113.40468955103232,262.9055479662784
2024-04-14 22:51:29+00:00,ENY3814,28.90791320800781,-89.39353355994592,10668.0,113.40468955103232,262.9055479662784
2024-04-14 22:51:30+00:00,ENY3814,28.906402587890625,-89.38957214355469,10668.0,113.40468955103232,262.9055479662784
2024-04-14 22:51:31+00:00,ENY3814,28.906036376953125,-89.3885685847356,10668.0,113.40468955103232,262.9055479662784
2024-04-14 22:51:32+00:00,ENY3814,28.905075849112816,-89.38611198874082,10668.0,113.40468955103232,262.9055479662784
2024-04-14 22:51:33+00:00,ENY3814,28.90395859540519,-89.38314998851104,10668.0,113.40468955103232,262.9055479662784
2024-04-14 22:51:34+00:00,ENY3814,28.90296936035156,-89.38054011418268,10668.0,113.40468955103232,262.9055479662784
2024-04-14 22:51:35+00:00,ENY3814,28.90246892379502,-89.37916475183823,10668.0,113.40468955103232,262.9055479662784
2024-04-14 22:51:36+00:00,ENY3814,28.90097925218485,-89.37523336971509,10668.0,113.40468955103232,262.9055479662784
2024-04-14 22:51:37+00:00,ENY3814,28.900606834282307,-89.37426398782168,10668.0,113.40468955103232,262.9055479662784
2024-04-14 22:51:38+00:00,ENY3814,28.899627685546875,-89.37177217923676,10668.0,113.40468955103232,262.9055479662784
2024-04-14 22:51:43+00:00,ENY3814,28.8951416015625,-89.35988793006311,10668.0,113.40468955103232,262.9055479662784
2024-04-14 22:51:44+00:00,ENY3814,28.89418262546345,-89.35746136833643,10668.0,113.40468955103232,262.9055479662784
2024-04-14 22:51:49+00:00,ENY3814,28.889144897460938,-89.34409508338342,10668.0,113.40468955103232,262.9055479662784
2024-04-14 22:51:50+00:00,ENY3814,28.8885498046875,-89.3425975126379,10668.0,113.40468955103232,262.9055479662784
2024-04-14 22:51:52+00:00,ENY3814,28.88685607910156,-89.3381793682392,10668.0,113.40468955103232,262.9055479662784
2024-04-14 22:51:53+00:00,ENY3814,28.884979248046875,-89.33326721191406,10668.0,113.40468955103232,262.9055479662784
2024-04-14 22:51:54+00:00,ENY3814,28.88398768538136,-89.33053409352021,10668.0,113.40468955103232,262.9055479662784
2024-04-14 22:51:58+00:00,ENY3814,28.88068247649629,-89.32186351102939,10668.0,113.40468955103232,262.9055479662784
2024-04-14 22:51:59+00:00,ENY3814,28.879623413085938,-89.31916456956128,10668.0,113.40468955103232,262.9055479662784
2024-04-14 22:52:00+00:00,ENY3814,28.879099700410485,-89.31777056525738,10668.0,113.40468955103232,262.9055479662784
2024-04-14 22:52:09+00:00,ENY3814,28.87069702148437,-89.29571298452521,10668.0,113.40468955103232,262.9055479662784
2024-04-14 22:52:11+00:00,ENY3814,28.86825302899894,-89.28928150850186,10668.0,113.40468955103232,262.9055479662784
2024-04-14 22:52:19+00:00,ENY3814,28.86066501423464,-89.26935532513787,10668.0,113.40468955103232,262.9055479662784
2024-04-14 22:52:20+00:00,ENY3814,28.85975646972656,-89.26687387319708,10668.0,113.40468955103232,262.9055479662784
2024-04-14 22:52:21+00:00,ENY3814,28.85870361328125,-89.26412729116583,10668.0,113.40468955103232,262.9055479662784
2024-04-14 22:52:22+00:00,ENY3814,28.85824584960937,-89.2629652756911,10668.0,113.44930403617208,262.43351088980364
2024-04-14 22:52:23+00:00,ENY3814,28.85751342773437,-89.26101097693811,10668.0,113.44930403617208,262.43351088980364
2024-04-14 22:52:24+00:00,ENY3814,28.85661496954449,-89.25869212431064,10668.0,113.44930403617208,262.43351088980364
2024-04-14 22:52:25+00:00,ENY3814,28.85512529793432,-89.2547607421875,10668.0,113.44930403617208,262.43351088980364
2024-04-14 22:52:26+00:00,ENY3814,28.85475288003178,-89.25379136029414,10668.0,113.44930403617208,262.43351088980364
2024-04-14 22:52:33+00:00,ENY3814,28.847211417505296,-89.23402674057905,10668.0,113.44930403617208,262.43351088980364
2024-04-14 22:52:34+00:00,ENY3814,28.84629821777344,-89.23159085787256,10668.0,113.44930403617208,262.43351088980364
2024-04-14 22:52:35+00:00,ENY3814,28.84552001953125,-89.22963655911957,10668.0,113.40468955103232,262.9055479662784
2024-04-14 22:52:36+00:00,ENY3814,28.8446044921875,-89.22713335822613,10668.0,113.40468955103232,262.9055479662784
2024-04-14 22:52:37+00:00,ENY3814,28.84364318847656,-89.22467158390924,10668.0,113.40468955103232,262.9055479662784
2024-04-14 22:52:38+00:00,ENY3814,28.842602745961333,-89.22196332146143,10668.0,113.40468955103232,262.9055479662784
2024-04-14 22:52:39+00:00,ENY3814,28.841766357421875,-89.21975942758411,10668.0,113.40468955103232,262.9055479662784
2024-04-14 22:52:45+00:00,ENY3814,28.835945775953387,-89.20446059283091,10668.0,113.40468955103232,262.9055479662784
2024-04-14 22:52:46+00:00,ENY3814,28.83540344238281,-89.20296302208533,10668.0,113.40468955103232,262.9055479662784
2024-04-14 22:52:47+00:00,ENY3814,28.83453369140625,-89.20079744779144,10668.0,113.40468955103232,262.9055479662784
2024-04-14 22:52:48+00:00,ENY3814,28.833480834960938,-89.1980508657602,10668.0,113.40468955103232,262.9055479662784
2024-04-14 22:52:49+00:00,ENY3814,28.832175044690143,-89.19460521024814,10668.0,113.40468955103232,262.9055479662784
2024-04-14 22:52:50+00:00,ENY3814,28.831802626787606,-89.19358197380518,10668.0,113.40468955103232,262.9055479662784
2024-04-14 22:52:51+00:00,ENY3814,28.83087158203125,-89.19113159179688,10668.0,113.40468955103232,262.9055479662784
2024-04-14 22:52:52+00:00,ENY3814,28.829360961914062,-89.18717017540564,10668.0,113.40468955103232,262.9055479662784
2024-04-14 22:52:59+00:00,ENY3814,28.82351632845604,-89.17187859030332,10668.0,113.50749929707142,263.1103205340062
2024-04-14 22:53:00+00:00,ENY3814,28.822540283203125,-89.16942302997296,10668.0,113.50749929707142,263.1103205340062
2024-04-14 22:53:01+00:00,ENY3814,28.821807861328125,-89.16746873121997,10668.0,113.50749929707142,263.1103205340062
2024-04-14 22:53:02+00:00,ENY3814,28.820297241210938,-89.16350731482873,10668.0,113.50749929707142,263.1103205340062
2024-04-14 22:53:03+00:00,ENY3814,28.819839477539062,-89.16234529935394,10668.0,113.50749929707142,263.1103205340062
2024-04-14 22:53:04+00:00,ENY3814,28.818954209149894,-89.16003058938418,10668.0,113.50749929707142,263.1103205340062
2024-04-14 22:53:05+00:00,ENY3814,28.81800842285156,-89.15759159968451,10668.0,113.50749929707142,263.1103205340062
2024-04-14 22:53:06+00:00,ENY3814,28.816999015161542,-89.15491440716914,10668.0,113.50749929707142,263.1103205340062
2024-04-14 22:53:11+00:00,ENY3814,28.81141274662341,-89.14031982421875,10668.0,113.50749929707142,263.1103205340062
2024-04-14 22:53:12+00:00,ENY3814,28.81062135858051,-89.13816564223345,10668.0,113.50749929707142,263.1103205340062
2024-04-14 22:53:16+00:00,ENY3814,28.806804075079448,-89.12820255055146,10668.0,113.50749929707142,263.1103205340062
2024-04-14 22:53:17+00:00,ENY3814,28.805779925847457,-89.12550982306988,10668.0,113.50749929707142,263.1103205340062
2024-04-14 22:53:18+00:00,ENY3814,28.80482482910156,-89.12304804875299,10668.0,113.50749929707142,263.1103205340062
2024-04-14 22:53:20+00:00,ENY3814,28.803871284096928,-89.12055520450366,10668.0,113.50749929707142,263.1103205340062
2024-04-14 22:53:22+00:00,ENY3814,28.80186953787076,-89.11538516773896,10668.0,113.50749929707142,263.1103205340062
2024-04-14 22:53:23+00:00,ENY3814,28.801025390625,-89.11317091721753,10668.0,113.50749929707142,263.1103205340062
2024-04-14 22:53:24+00:00,ENY3814,28.800100552833687,-89.11069982192095,10668.0,113.50749929707142,263.1103205340062
2024-04-14 22:53:26+00:00,ENY3814,28.798191911083155,-89.10574520335479,10668.0,113.50749929707142,263.1103205340062
2024-04-14 22:53:31+00:00,ENY3814,28.792512538069385,-89.09093520220591,10668.0,113.50749929707142,263.1103205340062
2024-04-14 22:53:45+00:00,ENY3814,28.77994343385858,-89.05808392693014,10668.0,113.50749929707142,263.1103205340062
2024-04-14 22:53:53+00:00,ENY3814,28.772495075807733,-89.0385347254136,10668.0,113.50749929707142,263.1103205340062
2024-04-14 22:54:20+00:00,ENY3814,28.7470310017214,-88.97229362936581,10668.0,113.56539587058198,263.78740022143364
2024-04-14 22:54:24+00:00,ENY3814,28.74229431152344,-88.9599433312049,10668.0,113.56539587058198,263.78740022143364
2024-04-14 22:54:27+00:00,ENY3814,28.73959350585937,-88.95281278170069,10668.0,113.56539587058198,263.78740022143364
2024-04-14 22:54:34+00:00,ENY3814,28.733871459960938,-88.93791785606972,10668.0,113.520802645849,264.2590218698309
2024-04-14 22:54:35+00:00,ENY3814,28.732818603515625,-88.93522409292368,10668.0,113.520802645849,264.2590218698309
2024-04-14 22:54:37+00:00,ENY3814,28.73085021972656,-88.9301006610577,10668.0,113.520802645849,264.2590218698309
2024-04-14 22:54:42+00:00,ENY3814,28.725710076800848,-88.91666187959561,10668.0,113.520802645849,264.2590218698309
2024-04-14 22:54:49+00:00,ENY3814,28.71928586798199,-88.90007467830883,10668.0,113.520802645849,264.2590218698309
2024-04-14 22:57:56+00:00,ENY3814,28.53968811035156,-88.43624408428487,10668.0,113.7820304232214,265.3493973544589
2024-04-14 22:58:25+00:00,ENY3814,28.511337021649894,-88.36341409122242,10668.0,113.7820304232214,265.3493973544589
2024-04-14 22:58:40+00:00,ENY3814,28.497573852539062,-88.328123826247,10668.0,113.82690465772284,264.87871799580137
2024-04-14 22:58:44+00:00,ENY3814,28.49280923099841,-88.31602208754595,10668.0,113.87193862797828,264.4082016940517
2024-04-14 22:58:46+00:00,ENY3814,28.491485595703125,-88.3125950739934,10668.0,113.87193862797828,264.4082016940517
2024-04-14 22:58:48+00:00,ENY3814,28.489471435546875,-88.30747164212738,10668.0,113.87193862797828,264.4082016940517
2024-04-14 22:58:50+00:00,ENY3814,28.487409171411542,-88.30218146829043,10668.0,113.87193862797828,264.4082016940517
2024-04-14 22:58:55+00:00,ENY3814,28.483172917770126,-88.29135670381436,10668.0,113.87193862797828,264.4082016940517
2024-04-14 22:58:58+00:00,ENY3814,28.4794921875,-88.28196012056787,10668.0,113.87193862797828,264.4082016940517
2024-04-14 22:58:59+00:00,ENY3814,28.478517693988348,-88.27950870289521,10668.0,113.87193862797828,264.4082016940517
2024-04-14 22:59:01+00:00,ENY3814,28.476791381835938,-88.27504084660455,10668.0,113.87193862797828,264.4082016940517
2024-04-14 22:59:03+00:00,ENY3814,28.474868774414062,-88.27012869027942,10668.0,113.87193862797828,264.4082016940517
2024-04-14 22:59:04+00:00,ENY3814,28.47372436523437,-88.26717083270734,10668.0,113.87193862797828,264.4082016940517
2024-04-14 22:59:18+00:00,ENY3814,28.460220336914062,-88.23262728177585,10668.0,113.87193862797828,264.4082016940517
2024-04-14 22:59:19+00:00,ENY3814,28.45924506753178,-88.23017793543198,10668.0,113.87193862797828,264.4082016940517
2024-04-14 22:59:21+00:00,ENY3814,28.457427978515625,-88.22549673227161,10668.0,113.87193862797828,264.4082016940517
2024-04-14 22:59:27+00:00,ENY3814,28.45161437988281,-88.21076026329627,10668.0,113.87193862797828,264.4082016940517
2024-04-14 22:59:28+00:00,ENY3814,28.45072600801112,-88.20847455193018,10668.0,113.87193862797828,264.4082016940517
2024-04-14 22:59:29+00:00,ENY3814,28.449691772460938,-88.20584810697113,10668.0,113.87193862797828,264.4082016940517
2024-04-14 22:59:30+00:00,ENY3814,28.44881736626059,-88.20357378791363,10668.0,113.87193862797828,264.4082016940517
2024-04-14 22:59:31+00:00,ENY3814,28.44786071777344,-88.2010944073017,10668.0,113.87193862797828,264.4082016940517
2024-04-14 22:59:36+00:00,ENY3814,28.443417306673727,-88.18978702320771,10668.0,113.9171331324685,263.93784932124385
2024-04-14 22:59:38+00:00,ENY3814,28.44158935546875,-88.18519592285156,10668.0,113.9171331324685,263.93784932124385
2024-04-14 22:59:41+00:00,ENY3814,28.438668978416317,-88.17772360409009,10668.0,113.9171331324685,263.93784932124385
2024-04-14 22:59:46+00:00,ENY3814,28.433578491210938,-88.16470219538763,10668.0,113.9171331324685,263.93784932124385
2024-04-14 22:59:47+00:00,ENY3814,28.43219821735964,-88.16124411190259,10668.0,113.9171331324685,263.93784932124385
2024-04-14 22:59:49+00:00,ENY3814,28.430877685546875,-88.15778292142426,10668.0,113.9171331324685,263.93784932124385
2024-04-14 23:00:39+00:00,,28.38420286016949,-88.03468592026655,10668.0,110.90915329109248,263.7899084095684
2024-04-14 23:00:40+00:00,,28.38285284527277,-88.03070068359375,10668.0,110.80470053622672,263.6067479581921
2024-04-14 23:00:52+00:00,,28.372879028320312,-87.99990727351262,10668.0,109.6387620764042,263.27673803766163
2024-04-14 23:00:53+00:00,,28.372238159179688,-87.9979001558744,10668.0,109.39037973974058,263.4179344322226
2024-04-14 23:00:54+00:00,,28.371447547007413,-87.99537209903491,10668.0,109.39037973974058,263.4179344322226
2024-04-14 23:00:55+00:00,,28.37107512910487,-87.99413344439341,10668.0,109.28476209308428,263.2475848688105
2024-04-14 23:00:57+00:00,ENY3814,28.369125366210938,-87.9878117487981,10668.0,109.03655009311746,263.39583038623965
2024-04-14 23:01:21+00:00,ENY3814,28.35145568847656,-87.92675311748799,10668.0,108.36403824091764,262.8934679453825
2024-04-14 23:01:24+00:00,ENY3814,28.349242129568324,-87.91916791130518,10668.0,108.36403824091764,262.8934679453825
2024-04-14 23:01:25+00:00,ENY3814,28.34848022460937,-87.91645343487079,10668.0,108.18599293680616,262.08233326203055
2024-04-14 23:01:27+00:00,ENY3814,28.34691451767744,-87.91103587431064,10668.0,108.18599293680616,262.08233326203055
2024-04-14 23:01:28+00:00,ENY3814,28.34614562988281,-87.90847778320312,10668.0,108.18599293680616,262.08233326203055
2024-04-14 23:01:29+00:00,ENY3814,28.345424846067267,-87.90586583754595,10668.0,108.18599293680616,262.08233326203055
2024-04-14 23:01:30+00:00,ENY3814,28.34468078613281,-87.90340717022235,10668.0,108.18599293680616,262.08233326203055
2024-04-14 23:01:31+00:00,ENY3814,28.34408569335937,-87.90140005258411,10668.0,108.18599293680616,262.08233326203055
2024-04-14 23:01:32+00:00,ENY3814,28.34337654760328,-87.89886474609375,10668.0,108.18599293680616,262.08233326203055
2024-04-14 23:01:33+00:00,ENY3814,28.342724816273837,-87.89665670955884,10668.0,108.18599293680616,262.08233326203055
2024-04-14 23:01:34+00:00,ENY3814,28.34188687599311,-87.89380241842832,10668.0,108.18599293680616,262.08233326203055
2024-04-14 23:01:35+00:00,ENY3814,28.34095583123676,-87.89051729090073,10668.0,108.18599293680616,262.08233326203055
2024-04-14 23:01:36+00:00,ENY3814,28.340560913085938,-87.88919889009912,10668.0,108.18599293680616,262.08233326203055
2024-04-14 23:01:37+00:00,ENY3814,28.339512711864405,-87.88567038143384,10668.0,108.18599293680616,262.08233326203055
2024-04-14 23:01:38+00:00,ENY3814,28.338628219345868,-87.88260067210479,10668.0,108.18599293680616,262.08233326203055
2024-04-14 23:01:40+00:00,ENY3814,28.337631225585938,-87.87905766413763,10668.0,108.18599293680616,262.08233326203055
2024-04-14 23:01:41+00:00,ENY3814,28.33718509997352,-87.87753834443936,10668.0,108.18599293680616,262.08233326203055
2024-04-14 23:01:42+00:00,ENY3814,28.33612060546875,-87.87393423227161,10668.0,108.18599293680616,262.08233326203055
2024-04-14 23:01:43+00:00,ENY3814,28.335695428363348,-87.87247601677393,10668.0,108.07907899230014,261.92222991688567
2024-04-14 23:01:44+00:00,ENY3814,28.334485070180083,-87.8683292164522,10668.0,108.07907899230014,261.92222991688567
2024-04-14 23:01:45+00:00,ENY3814,28.333786010742188,-87.86590576171875,10668.0,108.07907899230014,261.92222991688567
2024-04-14 23:01:46+00:00,ENY3814,28.332762637380824,-87.86235136144302,10668.0,108.07907899230014,261.92222991688567
2024-04-14 23:01:47+00:00,ENY3814,28.332321166992188,-87.86083514873798,10668.0,108.07907899230014,261.92222991688567
2024-04-14 23:01:48+00:00,ENY3814,28.331771850585938,-87.85877521221454,10668.0,108.07907899230014,261.92222991688567
2024-04-14 23:01:49+00:00,ENY3814,28.330856323242188,-87.8557645357572,10668.0,108.07907899230014,261.92222991688567
2024-04-14 23:01:50+00:00,ENY3814,28.33015571206303,-87.85324994255518,10668.0,108.07907899230014,261.92222991688567
2024-04-14 23:01:57+00:00,ENY3814,28.324996948242188,-87.83548208383411,10668.0,108.11406728939752,261.4332332207583
2024-04-14 23:02:05+00:00,ENY3814,28.319137573242188,-87.81525245079628,10668.0,108.11406728939752,261.4332332207583
2024-04-14 23:02:06+00:00,ENY3814,28.318424548132946,-87.81275132123164,10668.0,108.11406728939752,261.4332332207583
2024-04-14 23:02:10+00:00,ENY3814,28.31556701660156,-87.80289283165564,10668.0,108.11406728939752,261.4332332207583
2024-04-14 23:02:20+00:00,ENY3814,28.30796813964844,-87.77664184570312,10668.0,108.11406728939752,261.4332332207583
2024-04-14 23:02:22+00:00,ENY3814,28.30682373046875,-87.77278606708234,10668.0,108.11406728939752,261.4332332207583
2024-04-14 23:02:23+00:00,ENY3814,28.30604165287341,-87.77004466337314,10668.0,108.11406728939752,261.4332332207583
2024-04-14 23:02:25+00:00,ENY3814,28.304598533501057,-87.76514389935664,10668.0,108.11406728939752,261.4332332207583
2024-04-14 23:02:27+00:00,ENY3814,28.303253173828125,-87.76053208571216,10668.0,108.11406728939752,261.4332332207583
2024-04-14 23:02:28+00:00,ENY3814,28.302550235037074,-87.75803509880518,10668.0,108.2211595930449,261.5936358470816
2024-04-14 23:02:30+00:00,ENY3814,28.301060563426905,-87.75281120749082,10668.0,108.2211595930449,261.5936358470816
2024-04-14 23:02:32+00:00,ENY3814,28.29949951171875,-87.74748582106372,10668.0,108.2211595930449,261.5936358470816
2024-04-14 23:02:33+00:00,ENY3814,28.298732951536017,-87.74494844324448,10668.0,108.2211595930449,261.5936358470816
2024-04-14 23:02:43+00:00,ENY3814,28.29142425019862,-87.71958295036764,10668.0,108.18599293680616,262.08233326203055
2024-04-14 23:02:47+00:00,ENY3814,28.288558959960938,-87.70982595590442,10668.0,108.18599293680616,262.08233326203055
2024-04-14 23:03:06+00:00,ENY3814,28.27433957891949,-87.66088149126838,10668.0,108.2211595930449,261.5936358470816
2024-04-14 23:03:08+00:00,ENY3814,28.272896459547137,-87.65581916360294,10668.0,108.2211595930449,261.5936358470816
2024-04-14 23:03:10+00:00,ENY3814,28.2718505859375,-87.65230618990381,10668.0,108.2211595930449,261.5936358470816
2024-04-14 23:03:11+00:00,ENY3814,28.270660400390625,-87.64823913574219,10668.0,108.2211595930449,261.5936358470816
2024-04-14 23:03:12+00:00,ENY3814,28.269963668564618,-87.64574836282168,10668.0,108.2211595930449,261.5936358470816
2024-04-14 23:03:13+00:00,ENY3814,28.269195556640625,-87.64322134164661,10668.0,108.2211595930449,261.5936358470816
2024-04-14 23:03:14+00:00,ENY3814,28.2685546875,-87.64100294846753,10668.0,108.2211595930449,261.5936358470816
2024-04-14 23:03:15+00:00,ENY3814,28.26819468352754,-87.63966279871323,10668.0,108.2211595930449,261.5936358470816
2024-04-14 23:03:16+00:00,ENY3814,28.267135620117188,-87.63614361102765,10668.0,108.2211595930449,261.5936358470816
2024-04-14 23:03:26+00:00,ENY3814,28.259629071769066,-87.6103120691636,10668.0,108.2211595930449,261.5936358470816
2024-04-14 23:03:32+00:00,ENY3814,28.25532531738281,-87.59547306941107,10668.0,108.2211595930449,261.5936358470816
2024-04-14 23:03:33+00:00,ENY3814,28.25450134277344,-87.59262084960938,10668.0,108.2211595930449,261.5936358470816
2024-04-14 23:03:35+00:00,ENY3814,28.25303649902344,-87.5875502366286,10668.0,108.2211595930449,261.5936358470816
2024-04-14 23:03:37+00:00,ENY3814,28.251668639102224,-87.5829539579504,10668.0,108.2211595930449,261.5936358470816
2024-04-14 23:03:38+00:00,ENY3814,28.25093078613281,-87.58031404935394,10668.0,108.2211595930449,261.5936358470816
2024-04-14 23:03:42+00:00,ENY3814,28.24800109863281,-87.57038409893329,10668.0,108.2211595930449,261.5936358470816
2024-04-14 23:03:43+00:00,ENY3814,28.246920310844807,-87.56663602941177,10668.0,108.2211595930449,261.5936358470816
2024-04-14 23:03:44+00:00,ENY3814,28.246490478515625,-87.56510221041162,10668.0,108.2211595930449,261.5936358470816
2024-04-14 23:03:46+00:00,ENY3814,28.24507141113281,-87.56024287297174,10668.0,108.2211595930449,261.5936358470816
2024-04-14 23:03:47+00:00,ENY3814,28.24435993776483,-87.55775002872241,10668.0,108.2211595930449,261.5936358470816
2024-04-14 23:03:48+00:00,ENY3814,28.24370820643538,-87.55559584673716,10668.0,108.2211595930449,261.5936358470816
2024-04-14 23:03:49+00:00,ENY3814,28.242691040039062,-87.55200312687799,10668.0,108.2211595930449,261.5936358470816
2024-04-14 23:03:51+00:00,ENY3814,28.241500854492188,-87.54793607271631,10668.0,108.2211595930449,261.5936358470816
2024-04-14 23:03:52+00:00,ENY3814,28.2403564453125,-87.54408029409552,10668.0,108.2211595930449,261.5936358470816
2024-04-14 23:03:55+00:00,ENY3814,28.23861694335937,-87.5380589411809,10668.0,108.2211595930449,261.5936358470816
2024-04-14 23:03:56+00:00,ENY3814,28.237701416015625,-87.53483698918268,10668.0,108.2211595930449,261.5936358470816
2024-04-14 23:03:59+00:00,ENY3814,28.235515012579448,-87.52742991727939,10668.0,108.32812027142649,261.7549512509551
2024-04-14 23:04:00+00:00,ENY3814,28.234451293945312,-87.52390347994287,10668.0,108.32812027142649,261.7549512509551
2024-04-14 23:04:02+00:00,ENY3814,28.232861535023837,-87.51832849839155,10668.0,108.32812027142649,261.7549512509551
2024-04-14 23:04:04+00:00,ENY3814,28.23211669921875,-87.51576937161957,10668.0,108.32812027142649,261.7549512509551
2024-04-14 23:04:05+00:00,ENY3814,28.23076668432203,-87.51116584329043,10668.0,108.32812027142649,261.7549512509551
2024-04-14 23:04:06+00:00,ENY3814,28.23033142089844,-87.5096951998197,10668.0,108.2211595930449,261.5936358470816
2024-04-14 23:04:08+00:00,ENY3814,28.228546142578125,-87.50362102801984,10668.0,108.2211595930449,261.5936358470816
2024-04-14 23:04:09+00:00,ENY3814,28.22778734110169,-87.5009334788603,10668.0,108.2211595930449,261.5936358470816
2024-04-14 23:04:11+00:00,ENY3814,28.226486206054688,-87.49659611628607,10668.0,108.2211595930449,261.5936358470816
2024-04-14 23:04:13+00:00,ENY3814,28.225459729210804,-87.49301686006436,10668.0,108.2211595930449,261.5936358470816
2024-04-14 23:04:17+00:00,ENY3814,28.22192175913665,-87.48089958639707,10668.0,108.2211595930449,261.5936358470816
2024-04-14 23:04:18+00:00,ENY3814,28.22131658004502,-87.47879925896143,10668.0,108.2211595930449,261.5936358470816
2024-04-14 23:04:20+00:00,ENY3814,28.21982690843485,-87.47379078584561,10668.0,108.32812027142649,261.7549512509551
2024-04-14 23:04:21+00:00,ENY3814,28.219221729343214,-87.47158274931064,10668.0,108.32812027142649,261.7549512509551
2024-04-14 23:04:22+00:00,ENY3814,28.218475341796875,-87.46913029597357,10668.0,108.32812027142649,261.7549512509551
2024-04-14 23:04:23+00:00,ENY3814,28.217778609970868,-87.46673583984375,10668.0,108.32812027142649,261.7549512509551
2024-04-14 23:04:26+00:00,ENY3814,28.21540444584216,-87.45865765739893,10668.0,108.32812027142649,261.7549512509551
2024-04-14 23:04:37+00:00,ENY3814,28.207260131835938,-87.43078378530649,10668.0,108.29277596456504,262.2433480505548
2024-04-14 23:04:38+00:00,ENY3814,28.20651296841896,-87.42822983685664,10668.0,108.32812027142649,261.7549512509551
2024-04-14 23:04:42+00:00,ENY3814,28.20353362519862,-87.4181590360754,10668.0,108.32812027142649,261.7549512509551
2024-04-14 23:04:43+00:00,ENY3814,28.20272827148437,-87.4154134897085,10668.0,108.32812027142649,261.7549512509551
2024-04-14 23:04:45+00:00,ENY3814,28.201112908832098,-87.40991928998164,10668.0,108.32812027142649,261.7549512509551
2024-04-14 23:04:47+00:00,ENY3814,28.199623237221928,-87.40480310776655,10668.0,108.32812027142649,261.7549512509551
2024-04-14 23:04:50+00:00,ENY3814,28.19762149099576,-87.39790972541363,10668.0,108.32812027142649,261.7549512509551
2024-04-14 23:04:52+00:00,ENY3814,28.19613181938559,-87.39284739774814,10668.0,108.32812027142649,261.7549512509551
2024-04-14 23:04:53+00:00,ENY3814,28.19540405273437,-87.39032451923077,10668.0,108.32812027142649,261.7549512509551
2024-04-14 23:04:54+00:00,ENY3814,28.195037841796875,-87.3890568659856,10668.0,108.32812027142649,261.7549512509551
2024-04-14 23:04:56+00:00,ENY3814,28.193152476165253,-87.38272274241729,10668.0,108.32812027142649,261.7549512509551
2024-04-14 23:04:58+00:00,ENY3814,28.19183349609375,-87.37817617563098,10668.0,108.32812027142649,261.7549512509551
2024-04-14 23:04:59+00:00,ENY3814,28.19105762546345,-87.37550623276655,10668.0,108.32812027142649,261.7549512509551
2024-04-14 23:05:00+00:00,ENY3814,28.190219685182733,-87.37259808708643,10668.0,108.32812027142649,261.7549512509551
2024-04-14 23:05:02+00:00,ENY3814,28.189132690429688,-87.36888005183295,10668.0,108.32812027142649,261.7549512509551
2024-04-14 23:05:05+00:00,ENY3814,28.186355849443856,-87.35945757697613,10668.0,108.32812027142649,261.7549512509551
2024-04-14 23:05:11+00:00,ENY3814,28.18199157714844,-87.34463618351862,10668.0,108.32812027142649,261.7549512509551
2024-04-14 23:05:13+00:00,ENY3814,28.18048095703125,-87.33951275165265,10668.0,108.43494882292202,261.9171777458336
2024-04-14 23:05:14+00:00,ENY3814,28.17983853614936,-87.33721564797793,10668.0,108.43494882292202,261.9171777458336
2024-04-14 23:05:16+00:00,ENY3814,28.178348864539192,-87.33220717486216,10668.0,108.43494882292202,261.9171777458336
2024-04-14 23:05:19+00:00,ENY3814,28.17592814817267,-87.32412899241729,10668.0,108.470602694806,261.42918393176063
2024-04-14 23:05:20+00:00,ENY3814,28.175125122070312,-87.32139587402344,10668.0,108.470602694806,261.42918393176063
2024-04-14 23:05:22+00:00,ENY3814,28.173660278320312,-87.31637807992786,10668.0,108.470602694806,261.42918393176063
2024-04-14 23:05:24+00:00,ENY3814,28.172515869140625,-87.31252230130707,10668.0,108.470602694806,261.42918393176063
2024-04-14 23:05:25+00:00,ENY3814,28.171554565429688,-87.3093003493089,10668.0,108.470602694806,261.42918393176063
2024-04-14 23:05:27+00:00,ENY3814,28.16996946173199,-87.30393353630518,10668.0,108.36359670599286,261.26665443043754
2024-04-14 23:05:29+00:00,ENY3814,28.168670654296875,-87.29937039888819,10668.0,108.36359670599286,261.26665443043754
2024-04-14 23:05:30+00:00,ENY3814,28.167755126953125,-87.2963597224309,10668.0,108.36359670599286,261.26665443043754
2024-04-14 23:05:31+00:00,ENY3814,28.167160034179688,-87.29435260479266,10668.0,108.36359670599286,261.26665443043754
2024-04-14 23:05:35+00:00,ENY3814,28.164138793945312,-87.28410574106067,10668.0,108.36359670599286,261.26665443043754
2024-04-14 23:05:36+00:00,ENY3814,28.163864135742188,-87.28304936335638,10668.0,108.36359670599286,261.26665443043754
2024-04-14 23:05:40+00:00,ENY3814,28.16047280521716,-87.27162080652573,10668.0,108.36359670599286,261.26665443043754
2024-04-14 23:05:41+00:00,ENY3814,28.159744262695312,-87.26910517765924,10668.0,108.36359670599286,261.26665443043754
2024-04-14 23:05:42+00:00,ENY3814,28.159469604492188,-87.26810161884015,10668.0,108.36359670599286,261.26665443043754
2024-04-14 23:05:43+00:00,ENY3814,28.158424506753175,-87.26456586052393,10668.0,108.36359670599286,261.26665443043754
2024-04-14 23:05:45+00:00,ENY3814,28.15688828290519,-87.25928811465991,10668.0,108.32812027142649,261.7549512509551
2024-04-14 23:05:46+00:00,ENY3814,28.156494140625,-87.2580132117638,10668.0,108.32812027142649,261.7549512509551
2024-04-14 23:05:48+00:00,ENY3814,28.1545606710143,-87.25147920496323,10668.0,108.2211595930449,261.5936358470816
2024-04-14 23:05:49+00:00,ENY3814,28.153839111328125,-87.2489283635066,10668.0,108.2211595930449,261.5936358470816
2024-04-14 23:05:50+00:00,ENY3814,28.153024447166317,-87.24625531364893,10668.0,108.2211595930449,261.5936358470816
2024-04-14 23:05:53+00:00,ENY3814,28.150863647460938,-87.2388399564303,10668.0,108.32812027142649,261.7549512509551
2024-04-14 23:05:54+00:00,ENY3814,28.15013820842161,-87.23629222196689,10668.0,108.32812027142649,261.7549512509551
2024-04-14 23:05:55+00:00,ENY3814,28.149398803710938,-87.23376934344952,10668.0,108.32812027142649,261.7549512509551
2024-04-14 23:05:56+00:00,ENY3814,28.14864853681144,-87.23122989430146,10668.0,108.32812027142649,261.7549512509551
2024-04-14 23:05:57+00:00,ENY3814,28.147933959960938,-87.22875154935394,10668.0,108.32812027142649,261.7549512509551
2024-04-14 23:05:58+00:00,ENY3814,28.14715886520127,-87.22622142118564,10668.0,108.32812027142649,261.7549512509551
2024-04-14 23:05:59+00:00,ENY3814,28.14642333984375,-87.22368093637317,10668.0,108.32812027142649,261.7549512509551
2024-04-14 23:06:00+00:00,ENY3814,28.1456691935911,-87.22115909352021,10668.0,108.43494882292202,261.9171777458336
2024-04-14 23:06:01+00:00,ENY3814,28.14495849609375,-87.2186103233924,10668.0,108.43494882292202,261.9171777458336
2024-04-14 23:06:02+00:00,ENY3814,28.144271850585938,-87.21639193021332,10668.0,108.43494882292202,261.9171777458336
2024-04-14 23:06:03+00:00,ENY3814,28.143900208554022,-87.21507352941177,10668.0,108.43494882292202,261.9171777458336
2024-04-14 23:06:04+00:00,ENY3814,28.142643298132946,-87.21087287454043,10668.0,108.43494882292202,261.9171777458336
2024-04-14 23:06:05+00:00,ENY3814,28.141805357852224,-87.20801858340991,10668.0,108.43494882292202,261.9171777458336
2024-04-14 23:06:06+00:00,ENY3814,28.14106750488281,-87.20551123985877,10668.0,108.43494882292202,261.9171777458336
2024-04-14 23:06:07+00:00,ENY3814,28.14031568624205,-87.20295625574448,10668.0,108.43494882292202,261.9171777458336
2024-04-14 23:06:09+00:00,ENY3814,28.13951110839844,-87.20028217022235,10668.0,108.43494882292202,261.9171777458336
2024-04-14 23:06:10+00:00,ENY3814,28.13817428330244,-87.19563203699448,10668.0,108.43494882292202,261.9171777458336
2024-04-14 23:06:12+00:00,ENY3814,28.13658142089844,-87.1903522198017,10668.0,108.43494882292202,261.9171777458336
2024-04-14 23:06:13+00:00,ENY3814,28.135986328125,-87.18834510216345,10668.0,108.43494882292202,261.9171777458336
2024-04-14 23:06:14+00:00,ENY3814,28.135241492319917,-87.18583050896143,10668.0,108.43494882292202,261.9171777458336
2024-04-14 23:06:15+00:00,ENY3814,28.134521484375,-87.18327448918268,10668.0,108.43494882292202,261.9171777458336
2024-04-14 23:06:16+00:00,ENY3814,28.133751820709744,-87.18076818129595,10668.0,108.43494882292202,261.9171777458336
2024-04-14 23:06:17+00:00,ENY3814,28.13342595504502,-87.17958338120405,10668.0,108.43494882292202,261.9171777458336
2024-04-14 23:06:20+00:00,ENY3814,28.130905151367188,-87.17096768892725,10668.0,108.43494882292202,261.9171777458336
2024-04-14 23:06:22+00:00,ENY3814,28.12939453125,-87.16594989483173,10668.0,108.43494882292202,261.9171777458336
2024-04-14 23:06:23+00:00,ENY3814,28.12895694021451,-87.16439639820771,10668.0,108.43494882292202,261.9171777458336
2024-04-14 23:06:24+00:00,ENY3814,28.127793134269066,-87.16057272518384,10668.0,108.43494882292202,261.9171777458336
2024-04-14 23:06:29+00:00,ENY3814,28.123992919921875,-87.14778019831732,10668.0,108.43494882292202,261.9171777458336
2024-04-14 23:06:30+00:00,ENY3814,28.12332411943856,-87.14543959673716,10668.0,108.43494882292202,261.9171777458336
2024-04-14 23:06:35+00:00,ENY3814,28.119598388671875,-87.13277963491583,10668.0,108.43494882292202,261.9171777458336
2024-04-14 23:06:36+00:00,ENY3814,28.11885510460805,-87.13025261374082,10668.0,108.43494882292202,261.9171777458336
2024-04-14 23:06:38+00:00,ENY3814,28.11736543299788,-87.125244140625,10668.0,108.43494882292202,261.9171777458336
2024-04-14 23:06:39+00:00,ENY3814,28.1165771484375,-87.12269122783954,10668.0,108.43494882292202,261.9171777458336
2024-04-14 23:06:40+00:00,ENY3814,28.115707397460938,-87.1196805513822,10668.0,108.43494882292202,261.9171777458336
2024-04-14 23:06:41+00:00,ENY3814,28.114898164393537,-87.11695053998164,10668.0,108.43494882292202,261.9171777458336
2024-04-14 23:06:42+00:00,ENY3814,28.11415100097656,-87.11445148174579,10668.0,108.43494882292202,261.9171777458336
2024-04-14 23:06:45+00:00,ENY3814,28.111965373411017,-87.10704130284927,10668.0,108.43494882292202,261.9171777458336
2024-04-14 23:06:46+00:00,ENY3814,28.11131364208157,-87.10483326631436,10668.0,108.43494882292202,261.9171777458336
2024-04-14 23:06:50+00:00,ENY3814,28.10838085109905,-87.09492402918198,10668.0,108.43494882292202,261.9171777458336
2024-04-14 23:06:51+00:00,ENY3814,28.10749635858051,-87.09190817440259,10668.0,108.43494882292202,261.9171777458336
2024-04-14 23:06:52+00:00,ENY3814,28.10689117948888,-87.08991555606616,10668.0,108.43494882292202,261.9171777458336
2024-04-14 23:06:53+00:00,ENY3814,28.106185913085938,-87.08735539362982,10668.0,108.43494882292202,261.9171777458336
2024-04-14 23:06:58+00:00,ENY3814,28.102422164658368,-87.07472857306988,10668.0,108.43494882292202,261.9171777458336
2024-04-14 23:06:59+00:00,ENY3814,28.10169982910156,-87.07224919245795,10668.0,108.43494882292202,261.9171777458336
2024-04-14 23:07:00+00:00,ENY3814,28.1009324930482,-87.06972009995405,10668.0,108.43494882292202,261.9171777458336
2024-04-14 23:07:01+00:00,ENY3814,28.10018920898437,-87.06717857947717,10668.0,108.43494882292202,261.9171777458336
2024-04-14 23:07:02+00:00,ENY3814,28.09944282143803,-87.06465777228863,10668.0,108.43494882292202,261.9171777458336
2024-04-14 23:07:03+00:00,ENY3814,28.09872436523437,-87.0621607853816,10668.0,108.43494882292202,261.9171777458336
2024-04-14 23:07:05+00:00,ENY3814,28.097213745117188,-87.05709017240082,10668.0,108.43494882292202,261.9171777458336
2024-04-14 23:07:06+00:00,ENY3814,28.09618416479078,-87.05356373506436,10668.0,108.43494882292202,261.9171777458336
2024-04-14 23:07:07+00:00,ENY3814,28.095858299126057,-87.05254049862134,10668.0,108.43494882292202,261.9171777458336
2024-04-14 23:07:08+00:00,ENY3814,28.09510803222656,-87.05001244178186,10668.0,108.43494882292202,261.9171777458336
2024-04-14 23:07:10+00:00,ENY3814,28.093551635742188,-87.0447305532602,10668.0,108.43494882292202,261.9171777458336
2024-04-14 23:07:11+00:00,ENY3814,28.09287895590572,-87.04246969784009,10668.0,108.43494882292202,261.9171777458336
2024-04-14 23:07:12+00:00,ENY3814,28.09199446338718,-87.03945384306064,10668.0,108.43494882292202,261.9171777458336
2024-04-14 23:07:14+00:00,ENY3814,28.09050479177701,-87.03439151539521,10668.0,108.43494882292202,261.9171777458336
2024-04-14 23:07:16+00:00,ENY3814,28.08901512016684,-87.02932918772979,10668.0,108.43494882292202,261.9171777458336
2024-04-14 23:07:17+00:00,ENY3814,28.08824157714844,-87.02682495117188,10668.0,108.43494882292202,261.9171777458336
2024-04-14 23:07:18+00:00,ENY3814,28.087478896318856,-87.02426686006436,10668.0,108.43494882292202,261.9171777458336
2024-04-14 23:07:22+00:00,ENY3814,28.08449955309852,-87.01419605928311,10668.0,108.43494882292202,261.9171777458336
2024-04-14 23:07:23+00:00,ENY3814,28.083755493164062,-87.01166593111475,10668.0,108.43494882292202,261.9171777458336
2024-04-14 23:07:24+00:00,ENY3814,28.08311462402344,-87.00939471905048,10668.0,108.43494882292202,261.9171777458336
2024-04-14 23:07:25+00:00,ENY3814,28.082290649414062,-87.00664813701923,10668.0,108.43494882292202,261.9171777458336
2024-04-14 23:07:27+00:00,ENY3814,28.08124089645127,-87.00310202205884,10668.0,108.43494882292202,261.9171777458336
2024-04-14 23:07:28+00:00,ENY3814,28.08003053826801,-86.99906293083643,10668.0,108.43494882292202,261.9171777458336
2024-04-14 23:07:29+00:00,ENY3814,28.079269409179688,-86.99650691105768,10668.0,108.43494882292202,261.9171777458336
2024-04-14 23:07:30+00:00,ENY3814,28.078353881835938,-86.99349623460034,10668.0,108.54164475082428,262.0803136398335
2024-04-14 23:07:31+00:00,ENY3814,28.077935687566207,-86.99195413028491,10668.0,108.54164475082428,262.0803136398335
2024-04-14 23:07:46+00:00,ENY3814,28.06713556839248,-86.95560230928308,10668.0,108.54164475082428,262.0803136398335
2024-04-14 23:07:47+00:00,ENY3814,28.066085815429688,-86.9520334097055,10668.0,108.54164475082428,262.0803136398335
2024-04-14 23:07:55+00:00,ENY3814,28.059594105865997,-86.93034452550552,10668.0,108.54164475082428,262.0803136398335
2024-04-14 23:08:00+00:00,ENY3814,28.056427001953125,-86.91960261418268,10668.0,108.54164475082428,262.0803136398335
2024-04-14 23:08:03+00:00,ENY3814,28.05419404627913,-86.91214168772979,10668.0,108.54164475082428,262.0803136398335
2024-04-14 23:08:05+00:00,ENY3814,28.05209919557733,-86.90497903262866,10668.0,108.54164475082428,262.0803136398335
2024-04-14 23:08:07+00:00,ENY3814,28.05060952396716,-86.8999705595129,10668.0,108.54164475082428,262.0803136398335
2024-04-14 23:08:08+00:00,ENY3814,28.049835205078125,-86.89747150127704,10668.0,108.54164475082428,262.0803136398335
2024-04-14 23:08:13+00:00,ENY3814,28.04637327032574,-86.88586066750918,10668.0,108.54164475082428,262.0803136398335
2024-04-14 23:08:14+00:00,ENY3814,28.04576809123411,-86.88376034007354,10668.0,108.54164475082428,262.0803136398335
2024-04-14 23:08:16+00:00,ENY3814,28.04399910619703,-86.87778248506436,10668.0,108.54164475082428,262.0803136398335
2024-04-14 23:08:18+00:00,ENY3814,28.04278874801377,-86.87374339384189,10668.0,108.54164475082428,262.0803136398335
2024-04-14 23:08:19+00:00,ENY3814,28.041857703257413,-86.8707275390625,10668.0,108.54164475082428,262.0803136398335
2024-04-14 23:08:20+00:00,ENY3814,28.041412353515625,-86.86910775991583,10668.0,108.54164475082428,262.0803136398335
2024-04-14 23:08:24+00:00,ENY3814,28.03827318094544,-86.85861026539521,10668.0,108.54164475082428,262.0803136398335
2024-04-14 23:08:26+00:00,ENY3814,28.03645764367055,-86.85252470128677,10668.0,108.54164475082428,262.0803136398335
2024-04-14 23:08:29+00:00,ENY3814,28.03436279296875,-86.84546975528491,10668.0,108.54164475082428,262.0803136398335
2024-04-14 23:08:30+00:00,ENY3814,28.03363037109375,-86.84296241173377,10668.0,108.54164475082428,262.0803136398335
2024-04-14 23:08:32+00:00,ENY3814,28.03211975097656,-86.83789179875299,10668.0,108.54164475082428,262.0803136398335
2024-04-14 23:08:35+00:00,ENY3814,28.029693603515625,-86.82986332820013,10668.0,108.54164475082428,262.0803136398335
2024-04-14 23:08:36+00:00,ENY3814,28.028916181144066,-86.82715920840991,10668.0,108.54164475082428,262.0803136398335
2024-04-14 23:08:37+00:00,ENY3814,28.02818298339844,-86.82479271521936,10668.0,108.64820756333783,262.2443572358092
2024-04-14 23:08:38+00:00,ENY3814,28.027426509533896,-86.82225844439341,10668.0,108.64820756333783,262.2443572358092
2024-04-14 23:08:39+00:00,ENY3814,28.02667236328125,-86.81977492112378,10668.0,108.64820756333783,262.2443572358092
2024-04-14 23:08:40+00:00,ENY3814,28.02607727050781,-86.81766216571515,10668.0,108.64820756333783,262.2443572358092
2024-04-14 23:08:41+00:00,ENY3814,28.02520751953125,-86.814704308143,10668.0,108.64820756333783,262.2443572358092
2024-04-14 23:08:42+00:00,ENY3814,28.02444716631356,-86.81218764361216,10668.0,108.64820756333783,262.2443572358092
2024-04-14 23:08:43+00:00,ENY3814,28.023651123046875,-86.80963369516223,10668.0,108.64820756333783,262.2443572358092
2024-04-14 23:08:44+00:00,ENY3814,28.02291094246557,-86.80712531594668,10668.0,108.64820756333783,262.2443572358092
2024-04-14 23:08:45+00:00,ENY3814,28.022631629038663,-86.80610207950366,10668.0,108.64820756333783,262.2443572358092
2024-04-14 23:08:46+00:00,ENY3814,28.0214212708554,-86.80211684283091,10668.0,108.64820756333783,262.2443572358092
2024-04-14 23:08:47+00:00,ENY3814,28.020675659179688,-86.79954528808594,10668.0,108.64820756333783,262.2443572358092
2024-04-14 23:08:50+00:00,ENY3814,28.018395375397244,-86.7919383329504,10668.0,108.64820756333783,262.2443572358092
2024-04-14 23:08:59+00:00,ENY3814,28.01150564420021,-86.76878087660846,10668.0,108.64820756333783,262.2443572358092
2024-04-14 23:09:00+00:00,ENY3814,28.0107421875,-86.76626939039966,10668.0,108.64820756333783,262.2443572358092
2024-04-14 23:09:05+00:00,ENY3814,28.006943524894066,-86.75359389361216,10668.0,108.64820756333783,262.2443572358092
2024-04-14 23:09:08+00:00,ENY3814,28.00474548339844,-86.74609257624701,10668.0,108.39942757544992,262.4052726046432
2024-04-14 23:09:10+00:00,ENY3814,28.00355529785156,-86.74202552208533,10668.0,108.39942757544992,262.4052726046432
2024-04-14 23:09:11+00:00,ENY3814,28.00247451006356,-86.73840691061582,10668.0,108.29277596456504,262.2433480505548
2024-04-14 23:09:12+00:00,ENY3814,28.00209045410156,-86.73700772798975,10668.0,108.18599293680616,262.08233326203055
2024-04-14 23:09:13+00:00,ENY3814,28.001031390691207,-86.73345229204966,10668.0,108.18599293680616,262.08233326203055
2024-04-14 23:09:14+00:00,ENY3814,28.00030517578125,-86.73093355618988,10668.0,108.07907899230014,261.92222991688567
2024-04-14 23:09:24+00:00,ENY3814,27.993621826171875,-86.70758760892429,10668.0,107.83036030642366,262.094450668398
2024-04-14 23:09:26+00:00,ENY3814,27.99188232421875,-86.7015134371244,10668.0,107.9373553077604,262.25243057803846
2024-04-14 23:09:27+00:00,ENY3814,27.990883002846928,-86.69796214384189,10668.0,107.9373553077604,262.25243057803846
2024-04-14 23:09:30+00:00,ENY3814,27.988677978515625,-86.69036865234375,10668.0,107.9373553077604,262.25243057803846
2024-04-14 23:09:31+00:00,ENY3814,27.987950211864405,-86.68778363396143,10668.0,107.9373553077604,262.25243057803846
2024-04-14 23:09:33+00:00,ENY3814,27.98650709249205,-86.68277516084561,10668.0,107.9373553077604,262.25243057803846
2024-04-14 23:09:34+00:00,ENY3814,27.985748291015625,-86.6802274263822,10668.0,107.9373553077604,262.25243057803846
2024-04-14 23:09:35+00:00,ENY3814,27.9850639731197,-86.67771283318018,10668.0,107.9373553077604,262.25243057803846
2024-04-14 23:09:36+00:00,ENY3814,27.984458794028072,-86.67566636029414,10668.0,108.04422110776171,262.4113239215616
2024-04-14 23:09:39+00:00,ENY3814,27.98226928710937,-86.66807908278247,10668.0,108.04422110776171,262.4113239215616
2024-04-14 23:09:40+00:00,ENY3814,27.981674194335938,-86.66607196514423,10668.0,108.04422110776171,262.4113239215616
2024-04-14 23:09:42+00:00,ENY3814,27.98052978515625,-86.66200491098255,10668.0,108.04422110776171,262.4113239215616
2024-04-14 23:09:43+00:00,ENY3814,27.97919839115466,-86.65746352251841,10668.0,108.04422110776171,262.4113239215616
2024-04-14 23:09:44+00:00,ENY3814,27.97846984863281,-86.65492718036359,10668.0,108.04422110776171,262.4113239215616
2024-04-14 23:09:48+00:00,ENY3814,27.97554016113281,-86.64478595440204,10668.0,108.04422110776171,262.4113239215616
2024-04-14 23:09:49+00:00,ENY3814,27.974822480799787,-86.64227653952207,10668.0,108.04422110776171,262.4113239215616
2024-04-14 23:09:53+00:00,ENY3814,27.97206115722656,-86.63263761080225,10668.0,108.04422110776171,262.4113239215616
2024-04-14 23:09:59+00:00,ENY3814,27.967941284179688,-86.61842933067908,10668.0,107.9373553077604,262.25243057803846
2024-04-14 23:10:00+00:00,ENY3814,27.967071533203125,-86.61547147310698,10668.0,108.04422110776171,262.4113239215616
2024-04-14 23:10:01+00:00,ENY3814,27.966629286943856,-86.61394904641543,10668.0,108.04422110776171,262.4113239215616
2024-04-14 23:10:02+00:00,ENY3814,27.96533203125,-86.60939730130707,10668.0,108.04422110776171,262.4113239215616
2024-04-14 23:10:03+00:00,ENY3814,27.9649658203125,-86.60818246694708,10668.0,108.04422110776171,262.4113239215616
2024-04-14 23:10:05+00:00,ENY3814,27.96313786910752,-86.60177791819854,10668.0,108.04422110776171,262.4113239215616
2024-04-14 23:10:06+00:00,ENY3814,27.96235656738281,-86.59920325646033,10668.0,108.04422110776171,262.4113239215616
2024-04-14 23:10:07+00:00,ENY3814,27.962127685546875,-86.59825251652643,10668.0,108.04422110776171,262.4113239215616
2024-04-14 23:10:08+00:00,ENY3814,27.961212158203125,-86.5952418400691,10668.0,108.04422110776171,262.4113239215616
2024-04-14 23:10:09+00:00,ENY3814,27.960205078125,-86.59170711741729,10668.0,108.04422110776171,262.4113239215616
2024-04-14 23:10:10+00:00,ENY3814,27.959879212460272,-86.590576171875,10668.0,108.04422110776171,262.4113239215616
2024-04-14 23:10:11+00:00,ENY3814,27.95871540651483,-86.58664478975186,10668.0,108.15095719812696,262.57112904069027
2024-04-14 23:10:12+00:00,ENY3814,27.95843609308792,-86.58562155330884,10668.0,108.15095719812696,262.57112904069027
2024-04-14 23:10:13+00:00,ENY3814,27.95727228714248,-86.58158246208643,10668.0,108.15095719812696,262.57112904069027
2024-04-14 23:10:14+00:00,ENY3814,27.95654296875,-86.57902644230768,10668.0,108.15095719812696,262.57112904069027
2024-04-14 23:10:15+00:00,ENY3814,27.956061928959212,-86.57738180721509,10668.0,108.15095719812696,262.57112904069027
2024-04-14 23:10:16+00:00,ENY3814,27.95562744140625,-86.5758573091947,10668.0,108.15095719812696,262.57112904069027
2024-04-14 23:10:18+00:00,ENY3814,27.953734317068324,-86.56941133386948,10668.0,108.15095719812696,262.57112904069027
2024-04-14 23:10:19+00:00,ENY3814,27.95312913797669,-86.56736486098345,10668.0,108.15095719812696,262.57112904069027
2024-04-14 23:10:20+00:00,ENY3814,27.952244645458155,-86.56429515165439,10668.0,108.15095719812696,262.57112904069027
2024-04-14 23:10:23+00:00,ENY3814,27.95004272460937,-86.5567368727464,10668.0,108.04422110776171,262.4113239215616
2024-04-14 23:10:25+00:00,ENY3814,27.94898598881091,-86.55298569623164,10668.0,108.04422110776171,262.4113239215616
2024-04-14 23:10:30+00:00,ENY3814,27.94537353515625,-86.54057429387018,10668.0,108.04422110776171,262.4113239215616
2024-04-14 23:10:31+00:00,ENY3814,27.94461007845604,-86.53790642233457,10668.0,108.04422110776171,262.4113239215616
2024-04-14 23:10:35+00:00,ENY3814,27.94125366210937,-86.52636601374701,10668.0,108.04422110776171,262.4113239215616
2024-04-14 23:10:36+00:00,ENY3814,27.940338134765625,-86.52319688063403,10668.0,108.04422110776171,262.4113239215616
2024-04-14 23:10:44+00:00,ENY3814,27.93464789956303,-86.50354825533354,10668.0,108.15095719812696,262.57112904069027
2024-04-14 23:10:45+00:00,ENY3814,27.933883666992188,-86.50100995909492,10668.0,108.15095719812696,262.57112904069027
2024-04-14 23:10:49+00:00,ENY3814,27.93086242675781,-86.49069732090209,10668.0,108.15095719812696,262.57112904069027
2024-04-14 23:10:50+00:00,ENY3814,27.93022543697034,-86.48833641639123,10668.0,108.15095719812696,262.57112904069027
2024-04-14 23:10:51+00:00,ENY3814,27.929489135742188,-86.4858260244693,10668.0,108.15095719812696,262.57112904069027
2024-04-14 23:10:52+00:00,ENY3814,27.92873576536017,-86.48331862229566,10668.0,108.15095719812696,262.57112904069027
2024-04-14 23:10:53+00:00,ENY3814,27.928130586268537,-86.48125868577222,10668.0,108.15095719812696,262.57112904069027
2024-04-14 23:10:54+00:00,ENY3814,27.92742919921875,-86.47872636903008,10668.0,108.15095719812696,262.57112904069027
2024-04-14 23:10:55+00:00,ENY3814,27.926687466896187,-86.47618807279144,10668.0,108.15095719812696,262.57112904069027
2024-04-14 23:10:56+00:00,ENY3814,27.92587280273437,-86.47344049417745,10668.0,108.15095719812696,262.57112904069027
2024-04-14 23:10:57+00:00,ENY3814,27.92547710871292,-86.47217383751502,10668.0,108.15095719812696,262.57112904069027
2024-04-14 23:11:00+00:00,ENY3814,27.92294311523437,-86.46333514519455,10668.0,108.11605167335588,263.0600226347475
2024-04-14 23:11:01+00:00,ENY3814,27.922348022460938,-86.46121043079302,10668.0,108.11605167335588,263.0600226347475
2024-04-14 23:11:03+00:00,ENY3814,27.920775332693324,-86.4559584397536,10668.0,108.11605167335588,263.0600226347475
2024-04-14 23:11:05+00:00,ENY3814,27.91937255859375,-86.45115690411262,10668.0,108.11605167335588,263.0600226347475
2024-04-14 23:11:07+00:00,ENY3814,27.917999267578125,-86.44628560767984,10668.0,108.11605167335588,263.0600226347475
2024-04-14 23:11:13+00:00,ENY3814,27.91319274902344,-86.42990976009729,10668.0,108.22248089875492,263.2204393607918
2024-04-14 23:11:14+00:00,ENY3814,27.91248903436176,-86.4275418795072,10668.0,108.22248089875492,263.2204393607918
2024-04-14 23:11:15+00:00,ENY3814,27.911773681640625,-86.42498664136201,10668.0,108.22248089875492,263.2204393607918
2024-04-14 23:11:16+00:00,ENY3814,27.910903930664062,-86.42198094781838,10668.0,108.22248089875492,263.2204393607918
2024-04-14 23:11:17+00:00,ENY3814,27.910308837890625,-86.41995987802181,10668.0,108.22248089875492,263.2204393607918
2024-04-14 23:11:19+00:00,ENY3814,27.90875244140625,-86.41467400316924,10668.0,108.11605167335588,263.0600226347475
2024-04-14 23:11:20+00:00,ENY3814,27.90839243743379,-86.41333359938403,10668.0,108.11605167335588,263.0600226347475
2024-04-14 23:11:21+00:00,ENY3814,27.907928466796875,-86.41182377653303,10668.0,108.11605167335588,263.0600226347475
2024-04-14 23:11:22+00:00,ENY3814,27.906463623046875,-86.40674519089032,10668.0,108.11605167335588,263.0600226347475
2024-04-14 23:11:23+00:00,ENY3814,27.905738959878175,-86.40419593224158,10668.0,108.11605167335588,263.0600226347475
2024-04-14 23:11:24+00:00,ENY3814,27.904998779296875,-86.40166660524761,10668.0,108.11605167335588,263.0600226347475
2024-04-14 23:11:25+00:00,ENY3814,27.90467834472656,-86.40068198150055,10668.0,108.11605167335588,263.0600226347475
2024-04-14 23:11:26+00:00,ENY3814,27.90392342260328,-86.39796330378607,10668.0,108.11605167335588,263.0600226347475
2024-04-14 23:11:27+00:00,ENY3814,27.903038930084744,-86.39505826509912,10668.0,108.11605167335588,263.0600226347475
2024-04-14 23:11:28+00:00,ENY3814,27.902387198755296,-86.39283987192005,10668.0,108.22248089875492,263.2204393607918
2024-04-14 23:11:29+00:00,ENY3814,27.901657104492188,-86.39026569870282,10668.0,108.22248089875492,263.2204393607918
2024-04-14 23:11:30+00:00,ENY3814,27.900944079382946,-86.38782207782452,10668.0,108.22248089875492,263.2204393607918
2024-04-14 23:11:31+00:00,ENY3814,27.89982682567532,-86.38391348031848,10668.0,108.22248089875492,263.2204393607918
2024-04-14 23:11:32+00:00,ENY3814,27.8990478515625,-86.38140408497935,10668.0,108.22248089875492,263.2204393607918
2024-04-14 23:11:33+00:00,ENY3814,27.898337154065143,-86.37889568622296,10668.0,108.22248089875492,263.2204393607918
2024-04-14 23:11:34+00:00,ENY3814,27.898011288400426,-86.37783930851862,10668.0,108.22248089875492,263.2204393607918
2024-04-14 23:11:41+00:00,ENY3814,27.89261122881356,-86.35935269869287,10668.0,108.22248089875492,263.2204393607918
2024-04-14 23:11:42+00:00,ENY3814,27.89195251464844,-86.3570994251179,10668.0,108.25756307538975,262.7318442716779
2024-04-14 23:11:43+00:00,ENY3814,27.8908887960143,-86.35333134577826,10668.0,108.25756307538975,262.7318442716779
2024-04-14 23:11:44+00:00,ENY3814,27.89044189453125,-86.35186537256777,10668.0,108.25756307538975,262.7318442716779
2024-04-14 23:11:45+00:00,ENY3814,27.889572143554688,-86.34901514593162,10668.0,108.25756307538975,262.7318442716779
2024-04-14 23:11:46+00:00,ENY3814,27.888931274414062,-86.34673496462261,10668.0,108.25756307538975,262.7318442716779
2024-04-14 23:11:47+00:00,ENY3814,27.888188766220868,-86.34414085975061,10668.0,108.25756307538975,262.7318442716779
2024-04-14 23:11:48+00:00,ENY3814,27.887466430664062,-86.34170820128242,10668.0,108.15095719812696,262.57112904069027
2024-04-14 23:11:49+00:00,ENY3814,27.886792199086333,-86.33933434119592,10668.0,108.11605167335588,263.0600226347475
2024-04-14 23:11:50+00:00,ENY3814,27.88604736328125,-86.33683690484963,10668.0,108.11605167335588,263.0600226347475
2024-04-14 23:11:51+00:00,ENY3814,27.885302527476163,-86.33426372821515,10668.0,108.11605167335588,263.0600226347475
2024-04-14 23:11:52+00:00,ENY3814,27.88458251953125,-86.33175831920693,10668.0,108.11605167335588,263.0600226347475
2024-04-14 23:11:53+00:00,ENY3814,27.8836669921875,-86.32870080336085,10668.0,108.11605167335588,263.0600226347475
2024-04-14 23:11:54+00:00,ENY3814,27.883346557617188,-86.32750889040386,10668.0,108.11605167335588,263.0600226347475
2024-04-14 23:11:55+00:00,ENY3814,27.88204387082892,-86.3231717623197,10668.0,108.11605167335588,263.0600226347475
2024-04-14 23:11:56+00:00,ENY3814,27.881332397460938,-86.32061652417451,10668.0,108.11605167335588,263.0600226347475
2024-04-14 23:11:58+00:00,ENY3814,27.87982177734375,-86.3155379385318,10668.0,108.11605167335588,263.0600226347475
2024-04-14 23:11:59+00:00,ENY3814,27.8792724609375,-86.31351686873523,10668.0,108.22248089875492,263.2204393607918
2024-04-14 23:12:00+00:00,ENY3814,27.878505900754767,-86.31097059983472,10668.0,108.22248089875492,263.2204393607918
2024-04-14 23:12:01+00:00,ENY3814,27.877761840820312,-86.30843828309258,10668.0,108.22248089875492,263.2204393607918
2024-04-14 23:12:02+00:00,ENY3814,27.87744140625,-86.30729819243805,10668.0,108.22248089875492,263.2204393607918
2024-04-14 23:12:03+00:00,ENY3814,27.876411050052965,-86.30389286921576,10668.0,108.22248089875492,263.2204393607918
2024-04-14 23:12:05+00:00,ENY3814,27.8752006918697,-86.29966735839844,10668.0,108.22248089875492,263.2204393607918
2024-04-14 23:12:06+00:00,ENY3814,27.874191284179688,-86.29631186431305,10668.0,108.3287801127248,263.38176320930216
2024-04-14 23:12:07+00:00,ENY3814,27.873385154594807,-86.29354036771332,10668.0,108.3287801127248,263.38176320930216
2024-04-14 23:12:09+00:00,ENY3814,27.87226790088718,-86.28973740797778,10668.0,108.3287801127248,263.38176320930216
2024-04-14 23:12:10+00:00,ENY3814,27.871170043945312,-86.28599922612028,10668.0,108.3287801127248,263.38176320930216
2024-04-14 23:12:11+00:00,ENY3814,27.87077822927701,-86.28466679499701,10668.0,108.3287801127248,263.38176320930216
2024-04-14 23:12:12+00:00,ENY3814,27.8697509765625,-86.2811279296875,10668.0,108.3287801127248,263.38176320930216
2024-04-14 23:12:13+00:00,ENY3814,27.86868337857521,-86.2775362454928,10668.0,108.3287801127248,263.38176320930216
2024-04-14 23:12:14+00:00,ENY3814,27.868240356445312,-86.2760493440448,10668.0,108.22248089875492,263.2204393607918
2024-04-14 23:12:15+00:00,ENY3814,27.867147154727224,-86.27225435697113,10668.0,108.22248089875492,263.2204393607918
2024-04-14 23:12:16+00:00,ENY3814,27.866775512695312,-86.27097075840209,10668.0,108.22248089875492,263.2204393607918
2024-04-14 23:12:17+00:00,ENY3814,27.866309214446503,-86.26945495605469,10668.0,108.22248089875492,263.2204393607918
2024-04-14 23:12:18+00:00,ENY3814,27.865264892578125,-86.26589217275944,10668.0,108.22248089875492,263.2204393607918
2024-04-14 23:12:19+00:00,ENY3814,27.86444712493379,-86.26311668982873,10668.0,108.22248089875492,263.2204393607918
2024-04-14 23:12:20+00:00,ENY3814,27.863655736890887,-86.26031728891223,10668.0,108.22248089875492,263.2204393607918
2024-04-14 23:12:21+00:00,ENY3814,27.86300400556144,-86.25804607684796,10668.0,108.22248089875492,263.2204393607918
2024-04-14 23:12:22+00:00,ENY3814,27.862335205078125,-86.25573500147402,10668.0,108.22248089875492,263.2204393607918
2024-04-14 23:12:23+00:00,ENY3814,27.86156088618909,-86.25323955829327,10668.0,108.22248089875492,263.2204393607918
2024-04-14 23:12:24+00:00,ENY3814,27.860824584960938,-86.25070823813383,10668.0,108.22248089875492,263.2204393607918
2024-04-14 23:12:25+00:00,ENY3814,27.86007121457892,-86.2481689453125,10668.0,108.22248089875492,263.2204393607918
2024-04-14 23:12:27+00:00,ENY3814,27.85830222954184,-86.24209477351263,10668.0,108.22248089875492,263.2204393607918
2024-04-14 23:12:28+00:00,ENY3814,27.858022916114937,-86.24103839580829,10668.0,108.22248089875492,263.2204393607918
2024-04-14 23:12:29+00:00,ENY3814,27.8572998046875,-86.2385299970519,10668.0,108.22248089875492,263.2204393607918
2024-04-14 23:12:30+00:00,ENY3814,27.85638427734375,-86.23547248120576,10668.0,108.22248089875492,263.2204393607918
2024-04-14 23:12:31+00:00,ENY3814,27.855648751986227,-86.23295710637018,10668.0,108.22248089875492,263.2204393607918
2024-04-14 23:12:32+00:00,ENY3814,27.85491943359375,-86.23039389556305,10668.0,108.22248089875492,263.2204393607918
2024-04-14 23:12:33+00:00,ENY3814,27.854324340820312,-86.228424648069,10668.0,108.22248089875492,263.2204393607918
2024-04-14 23:12:34+00:00,ENY3814,27.8532280356197,-86.22466454139123,10668.0,108.22248089875492,263.2204393607918
2024-04-14 23:12:36+00:00,ENY3814,27.852264404296875,-86.22132499262972,10668.0,108.22248089875492,263.2204393607918
2024-04-14 23:12:38+00:00,ENY3814,27.850621110301905,-86.21573814978967,10668.0,108.22248089875492,263.2204393607918
2024-04-14 23:12:39+00:00,ENY3814,27.849884033203125,-86.21318889114093,10668.0,108.22248089875492,263.2204393607918
2024-04-14 23:12:40+00:00,ENY3814,27.848759020789192,-86.20945270244891,10668.0,108.22248089875492,263.2204393607918
2024-04-14 23:12:41+00:00,ENY3814,27.848373413085938,-86.20811030549822,10668.0,108.22248089875492,263.2204393607918
2024-04-14 23:12:43+00:00,ENY3814,27.847036587989937,-86.20358980618988,10668.0,108.22248089875492,263.2204393607918
2024-04-14 23:12:44+00:00,ENY3814,27.84610554323358,-86.20031503530646,10668.0,108.3287801127248,263.38176320930216
2024-04-14 23:12:45+00:00,ENY3814,27.84539794921875,-86.19800495651532,10668.0,108.3287801127248,263.38176320930216
2024-04-14 23:12:46+00:00,ENY3814,27.844336558196503,-86.19429368239184,10668.0,108.3287801127248,263.38176320930216
2024-04-14 23:12:49+00:00,ENY3814,27.84237670898437,-86.18764049602004,10668.0,108.3287801127248,263.38176320930216
2024-04-14 23:12:50+00:00,ENY3814,27.841636528403072,-86.18505037747894,10668.0,108.3287801127248,263.38176320930216
2024-04-14 23:12:51+00:00,ENY3814,27.84051927469544,-86.1813002366286,10668.0,108.3287801127248,263.38176320930216
2024-04-14 23:12:52+00:00,ENY3814,27.839767456054688,-86.17877888229657,10668.0,108.3287801127248,263.38176320930216
2024-04-14 23:12:54+00:00,ENY3814,27.83870373742055,-86.17517324594348,10668.0,108.3287801127248,263.38176320930216
2024-04-14 23:12:55+00:00,ENY3814,27.837539931475103,-86.17115901066705,10668.0,108.3287801127248,263.38176320930216
2024-04-14 23:12:57+00:00,ENY3814,27.83632957329184,-86.16709195650537,10668.0,108.3287801127248,263.38176320930216
2024-04-14 23:12:58+00:00,ENY3814,27.835398528535485,-86.16397564227765,10668.0,108.3287801127248,263.38176320930216
2024-04-14 23:13:00+00:00,ENY3814,27.83395540916313,-86.15895784818207,10668.0,108.3287801127248,263.38176320930216
2024-04-14 23:13:02+00:00,ENY3814,27.83274505097987,-86.15489079402045,10668.0,108.3287801127248,263.38176320930216
2024-04-14 23:13:03+00:00,ENY3814,27.8316650390625,-86.15115759507665,10668.0,108.36403824091764,262.8934679453825
2024-04-14 23:13:04+00:00,ENY3814,27.8309760659428,-86.14881662222052,10668.0,108.36403824091764,262.8934679453825
2024-04-14 23:13:05+00:00,ENY3814,27.830474853515625,-86.14716727778597,10668.0,108.36403824091764,262.8934679453825
2024-04-14 23:13:08+00:00,ENY3814,27.828369140625,-86.14001580004424,10668.0,108.36403824091764,262.8934679453825
2024-04-14 23:13:09+00:00,ENY3814,27.82734499139301,-86.1364570030799,10668.0,108.36403824091764,262.8934679453825
2024-04-14 23:13:10+00:00,ENY3814,27.826629638671875,-86.13400441295693,10668.0,108.36403824091764,262.8934679453825
2024-04-14 23:13:11+00:00,ENY3814,27.825759887695312,-86.13110236401826,10668.0,108.36403824091764,262.8934679453825
2024-04-14 23:13:12+00:00,ENY3814,27.825164794921875,-86.12908129422169,10668.0,108.36403824091764,262.8934679453825
2024-04-14 23:13:13+00:00,ENY3814,27.824412200410485,-86.12652705265924,10668.0,108.36403824091764,262.8934679453825
2024-04-14 23:13:14+00:00,ENY3814,27.823527707891948,-86.12346355731671,10668.0,108.36403824091764,262.8934679453825
2024-04-14 23:13:15+00:00,ENY3814,27.8228759765625,-86.12129798302283,10668.0,108.36403824091764,262.8934679453825
2024-04-14 23:13:16+00:00,ENY3814,27.82255011089777,-86.12024160531848,10668.0,108.36403824091764,262.8934679453825
2024-04-14 23:13:17+00:00,ENY3814,27.821432857190143,-86.11643864558295,10668.0,108.36403824091764,262.8934679453825
2024-04-14 23:13:18+00:00,ENY3814,27.821060439287606,-86.11517099233771,10668.0,108.36403824091764,262.8934679453825
2024-04-14 23:13:19+00:00,ENY3814,27.819663872153072,-86.11036447378302,10668.0,108.36403824091764,262.8934679453825
2024-04-14 23:13:21+00:00,ENY3814,27.818453513969807,-86.1062974196214,10668.0,108.36403824091764,262.8934679453825
2024-04-14 23:13:22+00:00,ENY3814,27.818127648305083,-86.10508258526141,10668.0,108.36403824091764,262.8934679453825
2024-04-14 23:13:23+00:00,ENY3814,27.81696384235964,-86.10122680664062,10668.0,108.36403824091764,262.8934679453825
2024-04-14 23:13:25+00:00,ENY3814,27.81591796875,-86.0976251566185,10668.0,108.36403824091764,262.8934679453825
2024-04-14 23:13:26+00:00,ENY3814,27.814727783203125,-86.09363483932782,10668.0,108.36403824091764,262.8934679453825
2024-04-14 23:13:27+00:00,ENY3814,27.81385803222656,-86.09057732348174,10668.0,108.36403824091764,262.8934679453825
2024-04-14 23:13:28+00:00,ENY3814,27.813217163085938,-86.08850443138266,10668.0,108.36403824091764,262.8934679453825
2024-04-14 23:13:29+00:00,ENY3814,27.81249482752913,-86.0860677865835,10668.0,108.36403824091764,262.8934679453825
2024-04-14 23:13:30+00:00,ENY3814,27.811752319335938,-86.08352949034492,10668.0,108.36403824091764,262.8934679453825
2024-04-14 23:13:31+00:00,ENY3814,27.81100515591896,-86.08099717360278,10668.0,108.36403824091764,262.8934679453825
2024-04-14 23:13:32+00:00,ENY3814,27.810287475585938,-86.07850272700472,10668.0,108.36403824091764,262.8934679453825
2024-04-14 23:13:33+00:00,ENY3814,27.80951548430879,-86.07587374173676,10668.0,108.36403824091764,262.8934679453825
2024-04-14 23:13:34+00:00,ENY3814,27.80873107910156,-86.0732686744546,10668.0,108.36403824091764,262.8934679453825
2024-04-14 23:13:35+00:00,ENY3814,27.80802581269862,-86.07085594764123,10668.0,108.36403824091764,262.8934679453825
2024-04-14 23:13:36+00:00,ENY3814,27.80726623535156,-86.0683455557193,10668.0,108.36403824091764,262.8934679453825
2024-04-14 23:13:37+00:00,ENY3814,27.80653614108845,-86.06583815354566,10668.0,108.36403824091764,262.8934679453825
2024-04-14 23:13:38+00:00,ENY3814,27.80580139160156,-86.0633187923791,10668.0,108.36403824091764,262.8934679453825
2024-04-14 23:13:39+00:00,ENY3814,27.80504646947828,-86.06076754056488,10668.0,108.36403824091764,262.8934679453825
2024-04-14 23:13:40+00:00,ENY3814,27.804161976959744,-86.05775686410755,10668.0,108.36403824091764,262.8934679453825
2024-04-14 23:13:41+00:00,ENY3814,27.80383611129502,-86.05670048640326,10668.0,108.36403824091764,262.8934679453825
2024-04-14 23:13:42+00:00,ENY3814,27.80267230534957,-86.05268625112677,10668.0,108.36403824091764,262.8934679453825
2024-04-14 23:13:43+00:00,ENY3814,27.801910400390625,-86.05015592755012,10668.0,108.36403824091764,262.8934679453825
2024-04-14 23:13:45+00:00,ENY3814,27.800445556640625,-86.04512916420987,10668.0,108.36403824091764,262.8934679453825
2024-04-14 23:13:49+00:00,ENY3814,27.797551559189618,-86.03530883789062,10668.0,108.36403824091764,262.8934679453825
2024-04-14 23:13:50+00:00,ENY3814,27.796713618908896,-86.03245661808893,10668.0,108.36403824091764,262.8934679453825
2024-04-14 23:13:51+00:00,ENY3814,27.795913696289062,-86.02984158497935,10668.0,108.36403824091764,262.8934679453825
2024-04-14 23:13:52+00:00,ENY3814,27.7950439453125,-86.02688771373818,10668.0,108.36403824091764,262.8934679453825
2024-04-14 23:13:54+00:00,ENY3814,27.79433945478019,-86.02437532865082,10668.0,108.36403824091764,262.8934679453825
2024-04-14 23:13:55+00:00,ENY3814,27.79284978317002,-86.01930471567005,10668.0,108.36403824091764,262.8934679453825
2024-04-14 23:13:56+00:00,ENY3814,27.792068481445312,-86.01678236475527,10668.0,108.36403824091764,262.8934679453825
2024-04-14 23:13:57+00:00,ENY3814,27.791473388671875,-86.0147612949587,10668.0,108.36403824091764,262.8934679453825
2024-04-14 23:13:58+00:00,ENY3814,27.790754932468214,-86.01222698505109,10668.0,108.36403824091764,262.8934679453825
2024-04-14 23:13:59+00:00,ENY3814,27.790283203125,-86.01071915536556,10668.0,108.36403824091764,262.8934679453825
2024-04-14 23:14:01+00:00,ENY3814,27.788497924804688,-86.0046559459758,10668.0,108.36403824091764,262.8934679453825
2024-04-14 23:14:02+00:00,ENY3814,27.787729037010063,-86.00208575908954,10668.0,108.36403824091764,262.8934679453825
2024-04-14 23:14:03+00:00,ENY3814,27.787033081054688,-85.9996291826356,10668.0,108.36403824091764,262.8934679453825
2024-04-14 23:14:04+00:00,ENY3814,27.78643798828125,-85.99760811283903,10668.0,108.36403824091764,262.8934679453825
2024-04-14 23:14:05+00:00,ENY3814,27.785476684570312,-85.99444695238799,10668.0,108.36403824091764,262.8934679453825
2024-04-14 23:14:06+00:00,ENY3814,27.78479624602754,-85.99205017089844,10668.0,108.36403824091764,262.8934679453825
2024-04-14 23:14:07+00:00,ENY3814,27.784011840820312,-85.9895238336527,10668.0,108.36403824091764,262.8934679453825
2024-04-14 23:14:08+00:00,ENY3814,27.783370971679688,-85.9872954746462,10668.0,108.36403824091764,262.8934679453825
2024-04-14 23:14:10+00:00,ENY3814,27.781951904296875,-85.98242417821342,10668.0,108.36403824091764,262.8934679453825
2024-04-14 23:14:11+00:00,ENY3814,27.78163146972656,-85.9813359098614,10668.0,108.36403824091764,262.8934679453825
2024-04-14 23:14:12+00:00,ENY3814,27.780441284179688,-85.97724194796581,10668.0,108.36403824091764,262.8934679453825
2024-04-14 23:14:13+00:00,ENY3814,27.779675499867583,-85.97472557654748,10668.0,108.36403824091764,262.8934679453825
2024-04-14 23:14:15+00:00,ENY3814,27.778060913085938,-85.96931313568689,10668.0,108.36403824091764,262.8934679453825
2024-04-14 23:14:16+00:00,ENY3814,27.777420043945312,-85.9670847766804,10668.0,108.36403824091764,262.8934679453825
2024-04-14 23:14:17+00:00,ENY3814,27.77655029296875,-85.96418272774173,10668.0,108.36403824091764,262.8934679453825
2024-04-14 23:14:18+00:00,ENY3814,27.775765111890887,-85.9615736741286,10668.0,108.36403824091764,262.8934679453825
2024-04-14 23:14:19+00:00,ENY3814,27.77508544921875,-85.95920778670398,10668.0,108.36403824091764,262.8934679453825
2024-04-14 23:14:20+00:00,ENY3814,27.77476501464844,-85.95806769604951,10668.0,108.36403824091764,262.8934679453825
2024-04-14 23:14:21+00:00,ENY3814,27.774321992518537,-85.95666151780347,10668.0,108.36403824091764,262.8934679453825
2024-04-14 23:14:23+00:00,ENY3814,27.77206420898437,-85.94894697081367,10668.0,108.36403824091764,262.8934679453825
2024-04-14 23:14:24+00:00,ENY3814,27.77129609706038,-85.94641465407153,10668.0,108.36403824091764,262.8934679453825
2024-04-14 23:14:29+00:00,ENY3814,27.767623901367188,-85.93391850309553,10668.0,108.36403824091764,262.8934679453825
2024-04-14 23:14:30+00:00,ENY3814,27.767303466796875,-85.93293387934847,10668.0,108.36403824091764,262.8934679453825
2024-04-14 23:14:31+00:00,ENY3814,27.76670837402344,-85.9309128095519,10668.0,108.47038220091136,263.05599838734105
2024-04-14 23:14:32+00:00,ENY3814,27.76551818847656,-85.9268706699587,10668.0,108.47038220091136,263.05599838734105
2024-04-14 23:14:33+00:00,ENY3814,27.764778783765887,-85.92433636005109,10668.0,108.47038220091136,263.05599838734105
2024-04-14 23:14:35+00:00,ENY3814,27.76313781738281,-85.91878639077237,10668.0,108.47038220091136,263.05599838734105
2024-04-14 23:14:36+00:00,ENY3814,27.762496948242188,-85.91660985406838,10668.0,108.36403824091764,262.8934679453825
2024-04-14 23:14:38+00:00,ENY3814,27.761032104492188,-85.91168673533315,10668.0,108.36403824091764,262.8934679453825
2024-04-14 23:14:39+00:00,ENY3814,27.75998390327065,-85.90812096228967,10668.0,108.36403824091764,262.8934679453825
2024-04-14 23:14:41+00:00,ENY3814,27.758494231660485,-85.9031031681941,10668.0,108.36403824091764,262.8934679453825
2024-04-14 23:14:42+00:00,ENY3814,27.758056640625,-85.90158138635024,10668.0,108.36403824091764,262.8934679453825
2024-04-14 23:14:48+00:00,ENY3814,27.753420037738348,-85.88593703049878,10668.0,108.36403824091764,262.8934679453825
2024-04-14 23:14:49+00:00,ENY3814,27.752768306408896,-85.88382427509015,10668.0,108.36403824091764,262.8934679453825
2024-04-14 23:14:51+00:00,ENY3814,27.750999321371825,-85.87780292217548,10668.0,108.47038220091136,263.05599838734105
2024-04-14 23:14:52+00:00,ENY3814,27.75054931640625,-85.87634392504424,10668.0,108.47038220091136,263.05599838734105
2024-04-14 23:14:53+00:00,ENY3814,27.75011482885328,-85.87479224571814,10668.0,108.47038220091136,263.05599838734105
2024-04-14 23:14:54+00:00,ENY3814,27.749038696289062,-85.87121351709902,10668.0,108.47038220091136,263.05599838734105
2024-04-14 23:14:55+00:00,ENY3814,27.748299291578387,-85.86861243614783,10668.0,108.47038220091136,263.05599838734105
2024-04-14 23:14:56+00:00,ENY3814,27.747573852539062,-85.86618675375883,10668.0,108.47038220091136,263.05599838734105
2024-04-14 23:14:58+00:00,ENY3814,27.746063232421875,-85.86115999041863,10668.0,108.47038220091136,263.05599838734105
2024-04-14 23:14:59+00:00,ENY3814,27.745645814022776,-85.85963322566107,10668.0,108.47038220091136,263.05599838734105
2024-04-14 23:15:00+00:00,ENY3814,27.744598388671875,-85.85613322707843,10668.0,108.47038220091136,263.05599838734105
2024-04-14 23:15:01+00:00,ENY3814,27.743682861328125,-85.8530757112323,10668.0,108.36403824091764,262.8934679453825
2024-04-14 23:15:02+00:00,ENY3814,27.74336242675781,-85.85198744288027,10668.0,108.36403824091764,262.8934679453825
2024-04-14 23:15:03+00:00,ENY3814,27.742172241210938,-85.8480489478921,10668.0,108.36403824091764,262.8934679453825
2024-04-14 23:15:04+00:00,ENY3814,27.74145611261917,-85.84553058330829,10668.0,108.47038220091136,263.05599838734105
2024-04-14 23:15:05+00:00,ENY3814,27.74066162109375,-85.84291853994694,10668.0,108.47038220091136,263.05599838734105
2024-04-14 23:15:06+00:00,ENY3814,27.739919888771187,-85.84045997032752,10668.0,108.47038220091136,263.05599838734105
2024-04-14 23:15:07+00:00,ENY3814,27.73926815744173,-85.83824157714844,10668.0,108.47038220091136,263.05599838734105
2024-04-14 23:15:08+00:00,ENY3814,27.73887634277344,-85.83690715285968,10668.0,108.47038220091136,263.05599838734105
2024-04-14 23:15:10+00:00,ENY3814,27.737045288085938,-85.83063665425999,10668.0,108.47038220091136,263.05599838734105
2024-04-14 23:15:12+00:00,ENY3814,27.73540432170286,-85.8251953125,10668.0,108.47038220091136,263.05599838734105
2024-04-14 23:15:17+00:00,ENY3814,27.73228454589844,-85.81472720739976,10668.0,108.47038220091136,263.05599838734105
2024-04-14 23:15:19+00:00,ENY3814,27.73017883300781,-85.80762755196048,10668.0,108.47038220091136,263.05599838734105
2024-04-14 23:15:20+00:00,ENY3814,27.72944563526218,-85.80507131723255,10668.0,108.47038220091136,263.05599838734105
2024-04-14 23:15:21+00:00,ENY3814,27.72871398925781,-85.80260078862028,10668.0,108.47038220091136,263.05599838734105
2024-04-14 23:15:22+00:00,ENY3814,27.72795596365201,-85.80005352313702,10668.0,108.47038220091136,263.05599838734105
2024-04-14 23:15:23+00:00,ENY3814,27.727203369140625,-85.79747038067512,10668.0,108.47038220091136,263.05599838734105
2024-04-14 23:15:24+00:00,ENY3814,27.72646629204184,-85.79503572904144,10668.0,108.47038220091136,263.05599838734105
2024-04-14 23:15:25+00:00,ENY3814,27.72586111295021,-85.792975792518,10668.0,108.47038220091136,263.05599838734105
2024-04-14 23:15:27+00:00,ENY3814,27.72418212890625,-85.78746867629718,10668.0,108.47038220091136,263.05599838734105
2024-04-14 23:15:37+00:00,ENY3814,27.71678342657574,-85.76255211463342,10668.0,108.50594727420705,262.5681052411507
2024-04-14 23:15:38+00:00,ENY3814,27.71594548629502,-85.75964707594652,10668.0,108.50594727420705,262.5681052411507
2024-04-14 23:15:40+00:00,ENY3814,27.71445581468485,-85.75462928185097,10668.0,108.50594727420705,262.5681052411507
2024-04-14 23:15:41+00:00,ENY3814,27.713699340820312,-85.75212586600827,10668.0,108.50594727420705,262.5681052411507
2024-04-14 23:15:43+00:00,ENY3814,27.712267859507413,-85.7473402756911,10668.0,108.50594727420705,262.5681052411507
2024-04-14 23:16:00+00:00,ENY3814,27.6994194418697,-85.70418724646936,10668.0,108.50594727420705,262.5681052411507
2024-04-14 23:16:02+00:00,ENY3814,27.697883218021715,-85.6991694523738,10668.0,108.71858897867985,262.8964880026446
2024-04-14 23:16:03+00:00,ENY3814,27.69712829589844,-85.696624180056,10668.0,108.71858897867985,262.8964880026446
2024-04-14 23:16:04+00:00,ENY3814,27.696441650390625,-85.69439582104951,10668.0,108.71858897867985,262.8964880026446
2024-04-14 23:16:19+00:00,ENY3814,27.684356689453125,-85.65625460642688,10668.0,109.17900802581072,263.0781309862961
2024-04-14 23:16:21+00:00,ENY3814,27.68280029296875,-85.65143513229658,10668.0,110.09779350036486,263.4922707967936
2024-04-14 23:16:22+00:00,ENY3814,27.68196235268803,-85.64893869253302,10668.0,110.20277587877808,263.6694884656468
2024-04-14 23:16:24+00:00,ENY3814,27.680831909179688,-85.64542374520931,10668.0,110.34645939805448,263.3651830718697
2024-04-14 23:16:25+00:00,ENY3814,27.67958818855932,-85.64164968637317,10668.0,110.34645939805448,263.3651830718697
2024-04-14 23:16:26+00:00,ENY3814,27.67877197265625,-85.63925689121459,10668.0,110.34645939805448,263.3651830718697
2024-04-14 23:16:27+00:00,ENY3814,27.678451538085938,-85.63827226746758,10668.0,110.34645939805448,263.3651830718697
2024-04-14 23:17:43+00:00,ENY3814,27.611114501953125,-85.44782530586674,10668.0,110.34645939805448,263.3651830718697
2024-04-14 23:17:44+00:00,ENY3814,27.610336303710938,-85.44564876916274,10668.0,111.86364238676592,263.853608394179
2024-04-14 23:17:46+00:00,ENY3814,27.608551025390625,-85.44062200582253,10668.0,111.86364238676592,263.853608394179
2024-04-14 23:18:00+00:00,ENY3814,27.59644589181673,-85.40671128493089,10668.0,111.86364238676592,263.853608394179
2024-04-14 23:20:01+00:00,ENY3814,27.48872401350636,-85.10675283578726,10668.0,112.05106271907674,263.0917114320203
2024-04-14 23:20:49+00:00,ENY3814,27.446319580078125,-84.989146106648,10668.0,112.05106271907674,263.0917114320203
2024-04-14 23:20:50+00:00,ENY3814,27.445383880097985,-84.98658987192005,10668.0,112.05106271907674,263.0917114320203
2024-04-14 23:20:55+00:00,ENY3814,27.44082176079184,-84.97386052058295,10668.0,112.05106271907674,263.0917114320203
2024-04-14 23:20:57+00:00,ENY3814,27.439224243164062,-84.96945363170693,10668.0,112.05106271907674,263.0917114320203
2024-04-14 23:20:59+00:00,ENY3814,27.43739318847656,-84.96447869066924,10668.0,112.05106271907674,263.0917114320203
2024-04-14 23:21:01+00:00,ENY3814,27.43560791015625,-84.9595037496315,10668.0,112.05106271907674,263.0917114320203
2024-04-14 23:21:17+00:00,ENY3814,27.42095947265625,-84.91903053139741,10668.0,112.15482599524626,263.2852823202368
2024-04-14 23:21:19+00:00,ENY3814,27.419952392578125,-84.91628394936616,10668.0,112.15482599524626,263.2852823202368
2024-04-14 23:21:22+00:00,ENY3814,27.41652149265095,-84.9068333552434,10668.0,112.05106271907674,263.0917114320203
2024-04-14 23:21:23+00:00,ENY3814,27.415695190429688,-84.90446846440153,10668.0,112.05106271907674,263.0917114320203
2024-04-14 23:21:24+00:00,ENY3814,27.41475250761388,-84.90186838003302,10668.0,112.05106271907674,263.0917114320203
2024-04-14 23:21:25+00:00,ENY3814,27.41390991210937,-84.89954534566624,10668.0,112.05106271907674,263.0917114320203
2024-04-14 23:21:27+00:00,ENY3814,27.412124633789062,-84.894622226931,10668.0,112.05106271907674,263.0917114320203
2024-04-14 23:21:39+00:00,ENY3814,27.40162477654926,-84.86558180588942,10668.0,112.05106271907674,263.0917114320203
2024-04-14 23:21:40+00:00,ENY3814,27.400634765625,-84.8629588001179,10668.0,112.05106271907674,263.0917114320203
2024-04-14 23:21:43+00:00,ENY3814,27.39784240722656,-84.85518545474645,10668.0,112.05106271907674,263.0917114320203
2024-04-14 23:21:44+00:00,ENY3814,27.39696955276748,-84.85285245455225,10668.0,112.05106271907674,263.0917114320203
2024-04-14 23:21:45+00:00,ENY3814,27.39610290527344,-84.85036598061612,10668.0,112.15482599524626,263.2852823202368
2024-04-14 23:21:46+00:00,ENY3814,27.3952005677304,-84.84788747934192,10668.0,112.15482599524626,263.2852823202368
2024-04-14 23:21:47+00:00,ENY3814,27.394317626953125,-84.84544286188088,10668.0,112.15482599524626,263.2852823202368
2024-04-14 23:21:48+00:00,ENY3814,27.39338503045551,-84.84297532301684,10668.0,112.15482599524626,263.2852823202368
2024-04-14 23:21:49+00:00,ENY3814,27.392640194650426,-84.8409153864934,10668.0,112.15482599524626,263.2852823202368
2024-04-14 23:21:50+00:00,ENY3814,27.39179992675781,-84.83855049565153,10668.0,112.15482599524626,263.2852823202368
2024-04-14 23:21:51+00:00,ENY3814,27.39082465737553,-84.83589759239783,10668.0,112.15482599524626,263.2852823202368
2024-04-14 23:21:52+00:00,ENY3814,27.389968872070312,-84.83357555461379,10668.0,112.15482599524626,263.2852823202368
2024-04-14 23:21:53+00:00,ENY3814,27.38910222457627,-84.83119671161359,10668.0,112.15482599524626,263.2852823202368
2024-04-14 23:21:54+00:00,ENY3814,27.38803152310646,-84.82823885404144,10668.0,112.15482599524626,263.2852823202368
2024-04-14 23:21:55+00:00,ENY3814,27.38696082163665,-84.82528099646936,10668.0,112.15482599524626,263.2852823202368
2024-04-14 23:21:56+00:00,ENY3814,27.38607788085937,-84.82279651569871,10668.0,112.15482599524626,263.2852823202368
2024-04-14 23:21:57+00:00,ENY3814,27.38519183659957,-84.82036884014423,10668.0,112.15482599524626,263.2852823202368
2024-04-14 23:21:59+00:00,ENY3814,27.384292602539062,-84.81787339696342,10668.0,112.15482599524626,263.2852823202368
2024-04-14 23:22:00+00:00,ENY3814,27.382678015757413,-84.8134495661809,10668.0,112.15482599524626,263.2852823202368
2024-04-14 23:22:01+00:00,ENY3814,27.38177490234375,-84.81103285303652,10668.0,112.15482599524626,263.2852823202368
2024-04-14 23:22:02+00:00,ENY3814,27.38090903072034,-84.80853740985577,10668.0,112.15482599524626,263.2852823202368
2024-04-14 23:22:03+00:00,ENY3814,27.37998962402344,-84.80610973430129,10668.0,112.15482599524626,263.2852823202368
2024-04-14 23:22:04+00:00,ENY3814,27.379302978515625,-84.80414048680717,10668.0,112.15482599524626,263.2852823202368
2024-04-14 23:22:05+00:00,ENY3814,27.378204345703125,-84.80118661556605,10668.0,112.15482599524626,263.2852823202368
2024-04-14 23:22:06+00:00,ENY3814,27.377426147460938,-84.79906190116452,10668.0,112.15482599524626,263.2852823202368
2024-04-14 23:22:08+00:00,ENY3814,27.37555552337129,-84.79380094088037,10668.0,112.15482599524626,263.2852823202368
2024-04-14 23:22:09+00:00,ENY3814,27.3746337890625,-84.79134037809553,10668.0,112.15482599524626,263.2852823202368
2024-04-14 23:22:10+00:00,ENY3814,27.3737399860964,-84.7888887845553,10668.0,112.15482599524626,263.2852823202368
2024-04-14 23:22:14+00:00,ENY3814,27.37090029958951,-84.78101877065802,10668.0,112.15482599524626,263.2852823202368
2024-04-14 23:22:19+00:00,ENY3814,27.36587265790519,-84.76718022273138,10668.0,112.15482599524626,263.2852823202368
2024-04-14 23:22:20+00:00,ENY3814,27.36480195643538,-84.76427518404444,10668.0,112.15482599524626,263.2852823202368
2024-04-14 23:22:21+00:00,ENY3814,27.363922119140625,-84.7618534879864,10668.0,112.15482599524626,263.2852823202368
2024-04-14 23:22:22+00:00,ENY3814,27.363032971398304,-84.75936302771936,10668.0,112.15482599524626,263.2852823202368
2024-04-14 23:22:25+00:00,ENY3814,27.36042604608051,-84.75228529710034,10668.0,112.15482599524626,263.2852823202368
2024-04-14 23:22:27+00:00,ENY3814,27.35870361328125,-84.7475844163161,10668.0,112.15482599524626,263.2852823202368
2024-04-14 23:22:28+00:00,ENY3814,27.357833862304688,-84.74511488428652,10668.0,112.15482599524626,263.2852823202368
2024-04-14 23:22:29+00:00,ENY3814,27.356735229492188,-84.7421610130454,10668.0,112.15482599524626,263.2852823202368
2024-04-14 23:22:30+00:00,ENY3814,27.35586392677436,-84.73971440241888,10668.0,112.15482599524626,263.2852823202368
2024-04-14 23:22:31+00:00,ENY3814,27.354949951171875,-84.73723789431011,10668.0,112.15482599524626,263.2852823202368
2024-04-14 23:22:32+00:00,ENY3814,27.354263305664062,-84.73526864681605,10668.0,112.15482599524626,263.2852823202368
2024-04-14 23:22:33+00:00,ENY3814,27.353303553694385,-84.73268949068506,10668.0,112.15482599524626,263.2852823202368
2024-04-14 23:22:35+00:00,ENY3814,27.351581120895126,-84.72788297213037,10668.0,112.15482599524626,263.2852823202368
2024-04-14 23:22:37+00:00,ENY3814,27.349594116210938,-84.72246853810435,10668.0,112.15482599524626,263.2852823202368
2024-04-14 23:22:39+00:00,ENY3814,27.348648329912606,-84.71985450157752,10668.0,112.15482599524626,263.2852823202368
2024-04-14 23:22:41+00:00,ENY3814,27.346755981445312,-84.7146433704304,10668.0,112.15482599524626,263.2852823202368
2024-04-14 23:22:43+00:00,ENY3814,27.34419250488281,-84.70764735959608,10668.0,112.15482599524626,263.2852823202368
2024-04-14 23:22:44+00:00,ENY3814,27.343341374801376,-84.70527648925781,10668.0,112.19712104646972,262.80889225187
2024-04-14 23:22:48+00:00,ENY3814,27.33984375,-84.69567640772402,10668.0,112.19712104646972,262.80889225187
2024-04-14 23:22:50+00:00,ENY3814,27.338058471679688,-84.69085693359375,10668.0,112.19712104646972,262.80889225187
2024-04-14 23:22:52+00:00,ENY3814,27.336227416992188,-84.68583017025355,10668.0,112.19712104646972,262.80889225187
2024-04-14 23:22:55+00:00,ENY3814,27.33365850933528,-84.67870858999396,10668.0,112.19712104646972,262.80889225187
2024-04-14 23:22:57+00:00,ENY3814,27.33197021484375,-84.67406650759136,10668.0,112.19712104646972,262.80889225187
2024-04-14 23:23:00+00:00,ENY3814,27.329177856445312,-84.66644862912733,10668.0,112.19712104646972,262.80889225187
2024-04-14 23:23:03+00:00,ENY3814,27.326396360235695,-84.6587958702674,10668.0,112.19712104646972,262.80889225187
2024-04-14 23:23:04+00:00,ENY3814,27.32541876324153,-84.6561021071214,10668.0,112.19712104646972,262.80889225187
2024-04-14 23:23:05+00:00,ENY3814,27.324508666992188,-84.65370034271814,10668.0,112.19712104646972,262.80889225187
2024-04-14 23:23:07+00:00,ENY3814,27.322723388671875,-84.6487772239829,10668.0,112.19712104646972,262.80889225187
2024-04-14 23:23:08+00:00,ENY3814,27.321834240929554,-84.64633061335638,10668.0,112.19712104646972,262.80889225187
2024-04-14 23:23:10+00:00,ENY3814,27.32025146484375,-84.64188485775355,10668.0,112.19712104646972,262.80889225187
2024-04-14 23:23:15+00:00,ENY3814,27.315582275390625,-84.6291365713443,10668.0,112.23956968823404,262.33264591377394
2024-04-14 23:23:17+00:00,ENY3814,27.314529418945312,-84.62623452240564,10668.0,112.23956968823404,262.33264591377394
2024-04-14 23:23:20+00:00,ENY3814,27.311034121755824,-84.61669921875,10668.0,112.23956968823404,262.33264591377394
2024-04-14 23:23:22+00:00,ENY3814,27.30931168895657,-84.61199833796576,10668.0,112.23956968823404,262.33264591377394
2024-04-14 23:23:23+00:00,ENY3814,27.30844116210937,-84.60954774100827,10668.0,112.23956968823404,262.33264591377394
2024-04-14 23:23:24+00:00,ENY3814,27.30754270391949,-84.60708618164062,10668.0,112.23956968823404,262.33264591377394
2024-04-14 23:23:25+00:00,ENY3814,27.30675131587659,-84.60492060734674,10668.0,112.23956968823404,262.33264591377394
2024-04-14 23:23:26+00:00,ENY3814,27.3057271666446,-84.60222684420069,10668.0,112.23956968823404,262.33264591377394
2024-04-14 23:23:27+00:00,ENY3814,27.30502888307733,-84.6002197265625,10668.0,112.23956968823404,262.33264591377394
2024-04-14 23:23:28+00:00,ENY3814,27.30413818359375,-84.59778407834608,10668.0,112.23956968823404,262.33264591377394
2024-04-14 23:23:29+00:00,ENY3814,27.30303955078125,-84.59488202940742,10668.0,112.23956968823404,262.33264591377394
2024-04-14 23:23:30+00:00,ENY3814,27.302261352539062,-84.59265367040092,10668.0,112.23956968823404,262.33264591377394
2024-04-14 23:23:31+00:00,ENY3814,27.301351256289724,-84.5901841383714,10668.0,112.23956968823404,262.33264591377394
2024-04-14 23:23:32+00:00,ENY3814,27.300567626953125,-84.58798966317806,10668.0,112.23956968823404,262.33264591377394
2024-04-14 23:23:33+00:00,ENY3814,27.29967537572828,-84.58558889535755,10668.0,112.23956968823404,262.33264591377394
2024-04-14 23:23:34+00:00,ENY3814,27.29878234863281,-84.58311836674528,10668.0,112.23956968823404,262.33264591377394
2024-04-14 23:23:35+00:00,ENY3814,27.29804992675781,-84.58114911925117,10668.0,112.23956968823404,262.33264591377394
2024-04-14 23:23:36+00:00,ENY3814,27.2969970703125,-84.57819524800999,10668.0,112.23956968823404,262.33264591377394
2024-04-14 23:23:37+00:00,ENY3814,27.296090853416317,-84.57576458270734,10668.0,112.23956968823404,262.33264591377394
2024-04-14 23:23:38+00:00,ENY3814,27.295166015625,-84.57332395157721,10668.0,112.28217271183186,261.8565440901683
2024-04-14 23:23:39+00:00,ENY3814,27.29427531614142,-84.5708524263822,10668.0,112.28217271183186,261.8565440901683
2024-04-14 23:23:40+00:00,ENY3814,27.293380737304688,-84.56845265514443,10668.0,112.28217271183186,261.8565440901683
2024-04-14 23:23:42+00:00,ENY3814,27.29143562963453,-84.56303523137018,10668.0,112.28217271183186,261.8565440901683
2024-04-14 23:23:43+00:00,ENY3814,27.29064424159163,-84.5608696570763,10668.0,112.28217271183186,261.8565440901683
2024-04-14 23:23:44+00:00,ENY3814,27.289810180664062,-84.55865823997641,10668.0,112.28217271183186,261.8565440901683
2024-04-14 23:23:45+00:00,ENY3814,27.28892180879237,-84.55622159517725,10668.0,112.28217271183186,261.8565440901683
2024-04-14 23:23:46+00:00,ENY3814,27.28850283865201,-84.55505957970252,10668.0,112.28217271183186,261.8565440901683
2024-04-14 23:23:47+00:00,ENY3814,27.28697204589844,-84.55083307230245,10668.0,112.28217271183186,261.8565440901683
2024-04-14 23:23:48+00:00,ENY3814,27.28619384765625,-84.54870835790092,10668.0,112.28217271183186,261.8565440901683
2024-04-14 23:23:50+00:00,ENY3814,27.284454345703125,-84.54399252837555,10668.0,112.28217271183186,261.8565440901683
2024-04-14 23:23:51+00:00,ENY3814,27.283568301443324,-84.54153794508716,10668.0,112.28217271183186,261.8565440901683
2024-04-14 23:23:52+00:00,ENY3814,27.282870017876057,-84.53958364633411,10668.0,112.28217271183186,261.8565440901683
2024-04-14 23:23:53+00:00,ENY3814,27.28179931640625,-84.53667860764722,10668.0,112.28217271183186,261.8565440901683
2024-04-14 23:23:55+00:00,ENY3814,27.27998377913136,-84.53176645132208,10668.0,112.28217271183186,261.8565440901683
2024-04-14 23:23:57+00:00,ENY3814,27.2783203125,-84.52715028007077,10668.0,112.28217271183186,261.8565440901683
2024-04-14 23:23:58+00:00,ENY3814,27.277313232421875,-84.52445552034197,10668.0,112.28217271183186,261.8565440901683
2024-04-14 23:23:59+00:00,ENY3814,27.276399256819385,-84.52199495755707,10668.0,112.28217271183186,261.8565440901683
2024-04-14 23:24:00+00:00,ENY3814,27.2756544210143,-84.51982938326319,10668.0,112.28217271183186,261.8565440901683
2024-04-14 23:24:01+00:00,ENY3814,27.274630271782307,-84.51713562011719,10668.0,112.28217271183186,261.8565440901683
2024-04-14 23:24:02+00:00,ENY3814,27.27374267578125,-84.5146611051739,10668.0,112.28217271183186,261.8565440901683
2024-04-14 23:24:03+00:00,ENY3814,27.27318715240996,-84.51322702261115,10668.0,112.28217271183186,261.8565440901683
2024-04-14 23:24:04+00:00,ENY3814,27.271790585275426,-84.50931842510516,10668.0,112.28217271183186,261.8565440901683
2024-04-14 23:24:05+00:00,ENY3814,27.27085876464844,-84.5068359375,10668.0,112.28217271183186,261.8565440901683
2024-04-14 23:24:06+00:00,ENY3814,27.26997504800053,-84.50440626878003,10668.0,112.28217271183186,261.8565440901683
2024-04-14 23:24:07+00:00,ENY3814,27.269073486328125,-84.50196464106722,10668.0,112.28217271183186,261.8565440901683
2024-04-14 23:24:08+00:00,ENY3814,27.268386840820312,-84.4999953935731,10668.0,112.28217271183186,261.8565440901683
2024-04-14 23:24:09+00:00,ENY3814,27.26792907714844,-84.49885530291863,10668.0,112.28217271183186,261.8565440901683
2024-04-14 23:24:10+00:00,ENY3814,27.2666015625,-84.49512409714032,10668.0,112.28217271183186,261.8565440901683
2024-04-14 23:24:11+00:00,ENY3814,27.26569224212129,-84.49268047626202,10668.0,112.28217271183186,261.8565440901683
2024-04-14 23:24:12+00:00,ENY3814,27.264816284179688,-84.49025280070754,10668.0,112.28217271183186,261.8565440901683
2024-04-14 23:24:13+00:00,ENY3814,27.263923257084212,-84.48782113882208,10668.0,112.28217271183186,261.8565440901683
2024-04-14 23:24:14+00:00,ENY3814,27.26303100585937,-84.48538150427476,10668.0,112.28217271183186,261.8565440901683
2024-04-14 23:24:15+00:00,ENY3814,27.26220703125,-84.48320496757077,10668.0,112.28217271183186,261.8565440901683
2024-04-14 23:24:16+00:00,ENY3814,27.261199951171875,-84.48045838553952,10668.0,112.28217271183186,261.8565440901683
2024-04-14 23:24:17+00:00,ENY3814,27.260338734772244,-84.47804964505707,10668.0,112.28217271183186,261.8565440901683
2024-04-14 23:24:18+00:00,ENY3814,27.25941467285156,-84.47558708910674,10668.0,112.28217271183186,261.8565440901683
2024-04-14 23:24:19+00:00,ENY3814,27.25909423828125,-84.47460246535968,10668.0,112.28217271183186,261.8565440901683
2024-04-14 23:24:20+00:00,ENY3814,27.257824913930083,-84.47118318997894,10668.0,112.28217271183186,261.8565440901683
2024-04-14 23:24:21+00:00,ENY3814,27.256576538085938,-84.46776192143278,10668.0,112.28217271183186,261.8565440901683
2024-04-14 23:24:22+00:00,ENY3814,27.25559040651483,-84.46516183706427,10668.0,112.28217271183186,261.8565440901683
2024-04-14 23:24:23+00:00,ENY3814,27.255157470703125,-84.46387524874706,10668.0,112.28217271183186,261.8565440901683
2024-04-14 23:24:24+00:00,ENY3814,27.25424039161811,-84.46141169621393,10668.0,112.28217271183186,261.8565440901683
2024-04-14 23:24:25+00:00,ENY3814,27.25328063964844,-84.45879666310435,10668.0,112.28217271183186,261.8565440901683
2024-04-14 23:24:26+00:00,ENY3814,27.2523783021054,-84.45628826434796,10668.0,112.28217271183186,261.8565440901683
2024-04-14 23:24:27+00:00,ENY3814,27.251495361328125,-84.45392536667157,10668.0,112.28217271183186,261.8565440901683
2024-04-14 23:24:28+00:00,ENY3814,27.25048828125,-84.45117878464032,10668.0,112.28217271183186,261.8565440901683
2024-04-14 23:24:29+00:00,ENY3814,27.2493896484375,-84.44822491339914,10668.0,112.28217271183186,261.8565440901683
2024-04-14 23:24:30+00:00,ENY3814,27.248611450195312,-84.44610019899761,10668.0,112.28217271183186,261.8565440901683
2024-04-14 23:24:31+00:00,ENY3814,27.24772307832362,-84.443611731896,10668.0,112.28217271183186,261.8565440901683
2024-04-14 23:24:32+00:00,ENY3814,27.246826171875,-84.44122890256483,10668.0,112.28217271183186,261.8565440901683
2024-04-14 23:24:33+00:00,ENY3814,27.24600064552436,-84.43896366999701,10668.0,112.28217271183186,261.8565440901683
2024-04-14 23:24:34+00:00,ENY3814,27.245132446289062,-84.43651307303952,10668.0,112.28217271183186,261.8565440901683
2024-04-14 23:24:35+00:00,ENY3814,27.244231660487287,-84.43410433255707,10668.0,112.28217271183186,261.8565440901683
2024-04-14 23:24:36+00:00,ENY3814,27.24334716796875,-84.43164177660674,10668.0,112.28217271183186,261.8565440901683
2024-04-14 23:24:37+00:00,ENY3814,27.242788541114937,-84.43019573505109,10668.0,112.28217271183186,261.8565440901683
2024-04-14 23:24:38+00:00,ENY3814,27.241345421742583,-84.42628713754505,10668.0,112.32493091363916,261.38058757074765
2024-04-14 23:24:39+00:00,ENY3814,27.24082946777344,-84.42480123267984,10668.0,112.32493091363916,261.38058757074765
2024-04-14 23:24:40+00:00,ENY3814,27.23994885460805,-84.42237854003906,10668.0,112.32493091363916,261.38058757074765
2024-04-14 23:24:41+00:00,ENY3814,27.239044189453125,-84.41992993624706,10668.0,112.32493091363916,261.38058757074765
2024-04-14 23:24:42+00:00,ENY3814,27.238133317333155,-84.41751920259912,10668.0,112.32493091363916,261.38058757074765
2024-04-14 23:24:43+00:00,ENY3814,27.236892700195312,-84.41407401606722,10668.0,112.32493091363916,261.38058757074765
2024-04-14 23:24:44+00:00,ENY3814,27.235991914393537,-84.41165630634015,10668.0,112.32493091363916,261.38058757074765
2024-04-14 23:24:45+00:00,ENY3814,27.235107421875,-84.40920271963444,10668.0,112.32493091363916,261.38058757074765
2024-04-14 23:24:46+00:00,ENY3814,27.234283447265625,-84.4070261829304,10668.0,112.32493091363916,261.38058757074765
2024-04-14 23:24:47+00:00,ENY3814,27.233478093551376,-84.40478985126202,10668.0,112.32493091363916,261.38058757074765
2024-04-14 23:24:48+00:00,ENY3814,27.232498168945312,-84.40215488649761,10668.0,112.32493091363916,261.38058757074765
2024-04-14 23:24:49+00:00,ENY3814,27.231662556276483,-84.39977205716644,10668.0,112.32493091363916,261.38058757074765
2024-04-14 23:24:50+00:00,ENY3814,27.23080444335937,-84.39749087927476,10668.0,112.32493091363916,261.38058757074765
2024-04-14 23:24:51+00:00,ENY3814,27.22984701900159,-84.39485990084131,10668.0,112.32493091363916,261.38058757074765
2024-04-14 23:24:52+00:00,ENY3814,27.228927612304688,-84.39241229363205,10668.0,112.32493091363916,261.38058757074765
2024-04-14 23:24:53+00:00,ENY3814,27.22812458620233,-84.39021183894232,10668.0,112.32493091363916,261.38058757074765
2024-04-14 23:24:54+00:00,ENY3814,27.22714233398437,-84.38759281950178,10668.0,112.32493091363916,261.38058757074765
2024-04-14 23:24:55+00:00,ENY3814,27.22630904892744,-84.38529968261719,10668.0,112.32493091363916,261.38058757074765
2024-04-14 23:24:56+00:00,ENY3814,27.22544860839844,-84.38287698997641,10668.0,112.32493091363916,261.38058757074765
2024-04-14 23:24:57+00:00,ENY3814,27.22467041015625,-84.38075227557488,10668.0,112.32493091363916,261.38058757074765
2024-04-14 23:24:58+00:00,ENY3814,27.223748675847457,-84.37822195199817,10668.0,112.32493091363916,261.38058757074765
2024-04-14 23:24:59+00:00,ENY3814,27.222724526615465,-84.37552818885217,10668.0,112.32493091363916,261.38058757074765
2024-04-14 23:25:00+00:00,ENY3814,27.2220262430482,-84.37357389009912,10668.0,112.32493091363916,261.38058757074765
2024-04-14 23:25:01+00:00,ENY3814,27.221420288085938,-84.37189066185141,10668.0,112.32493091363916,261.38058757074765
2024-04-14 23:25:02+00:00,ENY3814,27.220046997070312,-84.36821127837555,10668.0,112.32493091363916,261.38058757074765
2024-04-14 23:25:03+00:00,ENY3814,27.21909345206568,-84.36565105731671,10668.0,112.36784509515256,260.90477715072706
2024-04-14 23:25:04+00:00,ENY3814,27.218069302833687,-84.36285165640021,10668.0,112.36784509515256,260.90477715072706
2024-04-14 23:25:05+00:00,ENY3814,27.2171630859375,-84.3604379330041,10668.0,112.36784509515256,260.90477715072706
2024-04-14 23:25:06+00:00,ENY3814,27.2164306640625,-84.35836504090508,10668.0,112.36784509515256,260.90477715072706
2024-04-14 23:25:07+00:00,ENY3814,27.215508929753707,-84.35582674466644,10668.0,112.36784509515256,260.90477715072706
2024-04-14 23:25:08+00:00,ENY3814,27.21469116210937,-84.35359738907721,10668.0,112.36784509515256,260.90477715072706
2024-04-14 23:25:09+00:00,ENY3814,27.21373994471663,-84.35107304499701,10668.0,112.36784509515256,260.90477715072706
2024-04-14 23:25:10+00:00,ENY3814,27.212905883789062,-84.34872609264443,10668.0,112.36784509515256,260.90477715072706
2024-04-14 23:25:11+00:00,ENY3814,27.211970959679554,-84.34631934532752,10668.0,112.36784509515256,260.90477715072706
2024-04-14 23:25:12+00:00,ENY3814,27.21107482910156,-84.34385479621164,10668.0,112.36784509515256,260.90477715072706
2024-04-14 23:25:13+00:00,ENY3814,27.21038818359375,-84.34193737102004,10668.0,112.36784509515256,260.90477715072706
2024-04-14 23:25:14+00:00,ENY3814,27.20950369107521,-84.33950570913458,10668.0,112.36784509515256,260.90477715072706
2024-04-14 23:25:15+00:00,ENY3814,27.208386437367583,-84.3365478515625,10668.0,112.36784509515256,260.90477715072706
2024-04-14 23:25:16+00:00,ENY3814,27.207504272460938,-84.33411220334608,10668.0,112.36784509515256,260.90477715072706
2024-04-14 23:25:17+00:00,ENY3814,27.20661745233051,-84.33168851412256,10668.0,112.36784509515256,260.90477715072706
2024-04-14 23:25:18+00:00,ENY3814,27.205872616525426,-84.32962857759912,10668.0,112.36784509515256,260.90477715072706
2024-04-14 23:25:19+00:00,ENY3814,27.20484846729343,-84.32682917668268,10668.0,112.36784509515256,260.90477715072706
2024-04-14 23:25:20+00:00,ENY3814,27.204103631488348,-84.32487487792969,10668.0,112.36784509515256,260.90477715072706
2024-04-14 23:25:21+00:00,ENY3814,27.203155517578125,-84.32234854068395,10668.0,112.36784509515256,260.90477715072706
2024-04-14 23:25:22+00:00,ENY3814,27.20233464645127,-84.32001554048975,10668.0,112.36784509515256,260.90477715072706
2024-04-14 23:25:23+00:00,ENY3814,27.201217392743644,-84.31711050180286,10668.0,112.36784509515256,260.90477715072706
2024-04-14 23:25:24+00:00,ENY3814,27.20019324351165,-84.31420546311597,10668.0,112.36784509515256,260.90477715072706
2024-04-14 23:25:25+00:00,ENY3814,27.199727721133478,-84.31304344764123,10668.0,112.36784509515256,260.90477715072706
2024-04-14 23:25:26+00:00,ENY3814,27.19837770623676,-84.30934612567609,10668.0,112.36784509515256,260.90477715072706
2024-04-14 23:25:27+00:00,ENY3814,27.197479248046875,-84.30690549454596,10668.0,112.36784509515256,260.90477715072706
2024-04-14 23:25:28+00:00,ENY3814,27.19660872119968,-84.30448678823615,10668.0,112.36784509515256,260.90477715072706
2024-04-14 23:25:29+00:00,ENY3814,27.1958638853946,-84.30253248948316,10668.0,112.36784509515256,260.90477715072706
2024-04-14 23:25:30+00:00,ENY3814,27.19496154785156,-84.30006495061912,10668.0,112.36784509515256,260.90477715072706
2024-04-14 23:25:31+00:00,ENY3814,27.19409490035752,-84.29767315204327,10668.0,112.36784509515256,260.90477715072706
2024-04-14 23:25:32+00:00,ENY3814,27.19317626953125,-84.29524547648879,10668.0,112.36784509515256,260.90477715072706
2024-04-14 23:25:33+00:00,ENY3814,27.192279363082623,-84.29281381460333,10668.0,112.36784509515256,260.90477715072706
2024-04-14 23:25:34+00:00,ENY3814,27.191390991210938,-84.290374180056,10668.0,112.36784509515256,260.90477715072706
2024-04-14 23:25:35+00:00,ENY3814,27.19061279296875,-84.28819764335202,10668.0,112.36784509515256,260.90477715072706
2024-04-14 23:25:36+00:00,ENY3814,27.18971899000265,-84.28584172175482,10668.0,112.36784509515256,260.90477715072706
2024-04-14 23:25:37+00:00,ENY3814,27.18869484077065,-84.28304232083832,10668.0,112.36784509515256,260.90477715072706
2024-04-14 23:25:38+00:00,ENY3814,27.187820434570312,-84.28063158719044,10668.0,112.36784509515256,260.90477715072706
2024-04-14 23:25:39+00:00,ENY3814,27.18692585573358,-84.27818298339844,10668.0,112.36784509515256,260.90477715072706
2024-04-14 23:25:40+00:00,ENY3814,27.18618101992849,-84.2761758657602,10668.0,112.36784509515256,260.90477715072706
2024-04-14 23:25:41+00:00,ENY3814,27.185302734375,-84.27384286556605,10668.0,112.36784509515256,260.90477715072706
2024-04-14 23:25:42+00:00,ENY3814,27.18403961698888,-84.27041860727161,10668.0,112.36784509515256,260.90477715072706
2024-04-14 23:25:43+00:00,ENY3814,27.18310546875,-84.26788330078125,10668.0,112.36784509515256,260.90477715072706
2024-04-14 23:25:44+00:00,ENY3814,27.18259649761653,-84.26645719088037,10668.0,112.36784509515256,260.90477715072706
2024-04-14 23:25:45+00:00,ENY3814,27.18173217773437,-84.26404845039798,10668.0,112.36784509515256,260.90477715072706
2024-04-14 23:25:46+00:00,ENY3814,27.18078096034163,-84.2615450345553,10668.0,112.36784509515256,260.90477715072706
2024-04-14 23:25:47+00:00,ENY3814,27.179855346679688,-84.25902168705778,10668.0,112.36784509515256,260.90477715072706
2024-04-14 23:25:48+00:00,ENY3814,27.179011975304554,-84.25668569711536,10668.0,112.36784509515256,260.90477715072706
2024-04-14 23:25:49+00:00,ENY3814,27.177987826072563,-84.25388629619891,10668.0,112.36784509515256,260.90477715072706
2024-04-14 23:25:50+00:00,ENY3814,27.176870572364937,-84.25092843862677,10668.0,112.36784509515256,260.90477715072706
2024-04-14 23:25:51+00:00,ENY3814,27.17612573655985,-84.24886850210333,10668.0,112.36784509515256,260.90477715072706
2024-04-14 23:25:52+00:00,ENY3814,27.17523193359375,-84.24637704525355,10668.0,112.36784509515256,260.90477715072706
2024-04-14 23:25:53+00:00,ENY3814,27.174356751522776,-84.24406198354865,10668.0,112.47224050179118,261.10098296932205
2024-04-14 23:25:54+00:00,ENY3814,27.173492431640625,-84.24171303803064,10668.0,112.47224050179118,261.10098296932205
2024-04-14 23:25:55+00:00,ENY3814,27.172587766485695,-84.23925546499396,10668.0,112.47224050179118,261.10098296932205
2024-04-14 23:25:56+00:00,ENY3814,27.171707153320312,-84.23684174159786,10668.0,112.429168655319,261.57643648904025
2024-04-14 23:25:57+00:00,ENY3814,27.170772229210804,-84.23434330866888,10668.0,112.32493091363916,261.38058757074765
2024-04-14 23:25:58+00:00,ENY3814,27.169701527740997,-84.23149108886719,10668.0,112.32493091363916,261.38058757074765
2024-04-14 23:25:59+00:00,ENY3814,27.1688232421875,-84.2290165739239,10668.0,112.32493091363916,261.38058757074765
2024-04-14 23:26:00+00:00,ENY3814,27.16830496060646,-84.22758249136115,10668.0,112.32493091363916,261.38058757074765
2024-04-14 23:26:01+00:00,ENY3814,27.167404174804688,-84.22518172354069,10668.0,112.32493091363916,261.38058757074765
2024-04-14 23:26:02+00:00,ENY3814,27.16648942333157,-84.22272315392127,10668.0,112.47224050179118,261.10098296932205
2024-04-14 23:26:03+00:00,ENY3814,27.16561889648437,-84.2203104271079,10668.0,112.47224050179118,261.10098296932205
2024-04-14 23:26:04+00:00,ENY3814,27.164348020391948,-84.21686025766223,10668.0,112.47224050179118,261.10098296932205
2024-04-14 23:26:05+00:00,ENY3814,27.16360318458686,-84.21495877779444,10668.0,112.47224050179118,261.10098296932205
2024-04-14 23:26:06+00:00,ENY3814,27.16253248311705,-84.21200092022235,10668.0,112.47224050179118,261.10098296932205
2024-04-14 23:26:07+00:00,ENY3814,27.161787647311968,-84.20988816481372,10668.0,112.47224050179118,261.10098296932205
2024-04-14 23:26:08+00:00,ENY3814,27.160903930664062,-84.20756214069871,10668.0,112.47224050179118,261.10098296932205
2024-04-14 23:26:09+00:00,ENY3814,27.159972110037074,-84.20508164625903,10668.0,112.47224050179118,261.10098296932205
2024-04-14 23:26:10+00:00,ENY3814,27.15911865234375,-84.20269084426593,10668.0,112.47224050179118,261.10098296932205
2024-04-14 23:26:11+00:00,ENY3814,27.15862209514036,-84.20133150540863,10668.0,112.47224050179118,261.10098296932205
2024-04-14 23:26:12+00:00,ENY3814,27.15728759765625,-84.19776772553064,10668.0,112.47224050179118,261.10098296932205
2024-04-14 23:26:13+00:00,ENY3814,27.156387587725103,-84.19531015249396,10668.0,112.47224050179118,261.10098296932205
2024-04-14 23:26:14+00:00,ENY3814,27.155548095703125,-84.19305189600527,10668.0,112.47224050179118,261.10098296932205
2024-04-14 23:26:15+00:00,ENY3814,27.15461860268803,-84.19050363393927,10668.0,112.47224050179118,261.10098296932205
2024-04-14 23:26:16+00:00,ENY3814,27.15376281738281,-84.18818059957249,10668.0,112.47224050179118,261.10098296932205
2024-04-14 23:26:17+00:00,ENY3814,27.15284961765095,-84.18574993426984,10668.0,112.47224050179118,261.10098296932205
2024-04-14 23:26:18+00:00,ENY3814,27.152104781845868,-84.1837428166316,10668.0,112.47224050179118,261.10098296932205
2024-04-14 23:26:19+00:00,ENY3814,27.151199340820312,-84.18118458873818,10668.0,112.47224050179118,261.10098296932205
2024-04-14 23:26:20+00:00,ENY3814,27.150192260742188,-84.17848982900944,10668.0,112.47224050179118,261.10098296932205
2024-04-14 23:26:21+00:00,ENY3814,27.14936828613281,-84.1763132923054,10668.0,112.47224050179118,261.10098296932205
2024-04-14 23:26:22+00:00,ENY3814,27.148361206054688,-84.17356671027414,10668.0,112.47224050179118,261.10098296932205
2024-04-14 23:26:23+00:00,ENY3814,27.147496110301905,-84.17117192195013,10668.0,112.47224050179118,261.10098296932205
2024-04-14 23:26:24+00:00,ENY3814,27.146530151367188,-84.16864359153891,10668.0,112.47224050179118,261.10098296932205
2024-04-14 23:26:25+00:00,ENY3814,27.145523071289062,-84.16584518720515,10668.0,112.47224050179118,261.10098296932205
2024-04-14 23:26:26+00:00,ENY3814,27.1446098715572,-84.1634075458233,10668.0,112.51546947380662,260.62567754165315
2024-04-14 23:26:27+00:00,ENY3814,27.14386503575212,-84.16134760929987,10668.0,112.51546947380662,260.62567754165315
2024-04-14 23:26:28+00:00,ENY3814,27.14291381835937,-84.15884917637084,10668.0,112.51546947380662,260.62567754165315
2024-04-14 23:26:29+00:00,ENY3814,27.14209605071504,-84.15659390963037,10668.0,112.51546947380662,260.62567754165315
2024-04-14 23:26:30+00:00,ENY3814,27.14117431640625,-84.15408152454302,10668.0,112.51546947380662,260.62567754165315
2024-04-14 23:26:31+00:00,ENY3814,27.14023396120233,-84.15157611553485,10668.0,112.51546947380662,260.62567754165315
2024-04-14 23:26:32+00:00,ENY3814,27.139389038085938,-84.14926205041274,10668.0,112.51546947380662,260.62567754165315
2024-04-14 23:26:33+00:00,ENY3814,27.138336181640625,-84.14641182377653,10668.0,112.51546947380662,260.62567754165315
2024-04-14 23:26:34+00:00,ENY3814,27.13739427469544,-84.14397019606372,10668.0,112.51546947380662,260.62567754165315
2024-04-14 23:26:35+00:00,ENY3814,27.136550903320312,-84.1415923496462,10668.0,112.51546947380662,260.62567754165315
2024-04-14 23:26:36+00:00,ENY3814,27.135818481445312,-84.13962310215209,10668.0,112.51546947380662,260.62567754165315
2024-04-14 23:26:37+00:00,ENY3814,27.1349270060911,-84.13720937875598,10668.0,112.51546947380662,260.62567754165315
2024-04-14 23:26:38+00:00,ENY3814,27.134033203125,-84.13480362802181,10668.0,112.51546947380662,260.62567754165315
2024-04-14 23:26:39+00:00,ENY3814,27.1329345703125,-84.13190157908315,10668.0,112.41091606302702,260.4291136308883
2024-04-14 23:26:40+00:00,ENY3814,27.1320407673464,-84.12944500262921,10668.0,112.41091606302702,260.4291136308883
2024-04-14 23:26:41+00:00,ENY3814,27.131149291992188,-84.12703028265037,10668.0,112.41091606302702,260.4291136308883
2024-04-14 23:26:42+00:00,ENY3814,27.130416870117188,-84.1251128574587,10668.0,112.41091606302702,260.4291136308883
2024-04-14 23:26:43+00:00,ENY3814,27.12948039426642,-84.12257854755109,10668.0,112.41091606302702,260.4291136308883
2024-04-14 23:26:44+00:00,ENY3814,27.128585815429688,-84.12013791642096,10668.0,112.51546947380662,260.62567754165315
2024-04-14 23:26:45+00:00,ENY3814,27.12775796146716,-84.1178248478816,10668.0,112.51546947380662,260.62567754165315
2024-04-14 23:26:46+00:00,ENY3814,27.126754760742188,-84.11521479768572,10668.0,112.51546947380662,260.62567754165315
2024-04-14 23:26:47+00:00,ENY3814,27.12579345703125,-84.11252003795693,10668.0,112.51546947380662,260.62567754165315
2024-04-14 23:26:48+00:00,ENY3814,27.125244140625,-84.11106403057391,10668.0,112.41091606302702,260.4291136308883
2024-04-14 23:26:49+00:00,ENY3814,27.124282836914062,-84.10847789836379,10668.0,112.41091606302702,260.4291136308883
2024-04-14 23:26:50+00:00,ENY3814,27.123428603350103,-84.10609905536359,10668.0,112.41091606302702,260.4291136308883
2024-04-14 23:26:51+00:00,ENY3814,27.12290954589844,-84.10474669258548,10668.0,112.41091606302702,260.4291136308883
2024-04-14 23:26:52+00:00,ENY3814,27.12161306607521,-84.10118689903845,10668.0,112.41091606302702,260.4291136308883
2024-04-14 23:26:53+00:00,ENY3814,27.120391845703125,-84.09790614865858,10668.0,112.41091606302702,260.4291136308883
2024-04-14 23:26:54+00:00,ENY3814,27.11951821537341,-84.09553527832031,10668.0,112.41091606302702,260.4291136308883
2024-04-14 23:26:55+00:00,ENY3814,27.118560791015625,-84.09298302992335,10668.0,112.41091606302702,260.4291136308883
2024-04-14 23:26:56+00:00,ENY3814,27.11770267809852,-84.09067594088037,10668.0,112.41091606302702,260.4291136308883
2024-04-14 23:26:57+00:00,ENY3814,27.11691129005561,-84.08856318547174,10668.0,112.41091606302702,260.4291136308883
2024-04-14 23:26:58+00:00,ENY3814,27.11593369306144,-84.08586942232569,10668.0,112.41091606302702,260.4291136308883
2024-04-14 23:26:59+00:00,ENY3814,27.11518885725636,-84.0839151235727,10668.0,112.41091606302702,260.4291136308883
2024-04-14 23:27:00+00:00,ENY3814,27.1142578125,-84.08132301186612,10668.0,112.41091606302702,260.4291136308883
2024-04-14 23:27:01+00:00,ENY3814,27.113250732421875,-84.07857642983487,10668.0,112.41091606302702,260.4291136308883
2024-04-14 23:27:02+00:00,ENY3814,27.112349170749468,-84.07615074744592,10668.0,112.41091606302702,260.4291136308883
2024-04-14 23:27:03+00:00,ENY3814,27.11155778270657,-84.07403799203723,10668.0,112.51546947380662,260.62567754165315
2024-04-14 23:27:04+00:00,ENY3814,27.11053363347457,-84.07134422889123,10668.0,112.51546947380662,260.62567754165315
2024-04-14 23:27:05+00:00,ENY3814,27.11020776780985,-84.07034067007208,10668.0,112.51546947380662,260.62567754165315
2024-04-14 23:27:06+00:00,ENY3814,27.10894775390625,-84.06696823408015,10668.0,112.51546947380662,260.62567754165315
2024-04-14 23:27:07+00:00,ENY3814,27.10821533203125,-84.06505080888854,10668.0,112.51546947380662,260.62567754165315
2024-04-14 23:27:08+00:00,ENY3814,27.10711669921875,-84.06209693764737,10668.0,112.51546947380662,260.62567754165315
2024-04-14 23:27:09+00:00,ENY3814,27.10620427535752,-84.05956561748798,10668.0,112.51546947380662,260.62567754165315
2024-04-14 23:27:10+00:00,ENY3814,27.10533142089844,-84.0572774635171,10668.0,112.51546947380662,260.62567754165315
2024-04-14 23:27:11+00:00,ENY3814,27.104278564453125,-84.05437541457843,10668.0,112.51546947380662,260.62567754165315
2024-04-14 23:27:12+00:00,ENY3814,27.103546142578125,-84.05240616708431,10668.0,112.51546947380662,260.62567754165315
2024-04-14 23:27:13+00:00,ENY3814,27.10261975304555,-84.0498997614934,10668.0,112.51546947380662,260.62567754165315
2024-04-14 23:27:14+00:00,ENY3814,27.10176086425781,-84.04758669295398,10668.0,112.51546947380662,260.62567754165315
2024-04-14 23:27:15+00:00,ENY3814,27.100662231445312,-84.04468464401532,10668.0,112.51546947380662,260.62567754165315
2024-04-14 23:27:16+00:00,ENY3814,27.100152484441207,-84.04324458195612,10668.0,112.51546947380662,260.62567754165315
2024-04-14 23:27:17+00:00,ENY3814,27.099197387695312,-84.04064250442218,10668.0,112.51546947380662,260.62567754165315
2024-04-14 23:27:18+00:00,ENY3814,27.098336947166317,-84.03827960674579,10668.0,112.51546947380662,260.62567754165315
2024-04-14 23:27:19+00:00,ENY3814,27.09736633300781,-84.0357712079894,10668.0,112.51546947380662,260.62567754165315
2024-04-14 23:27:20+00:00,ENY3814,27.096359252929688,-84.03302462595815,10668.0,112.51546947380662,260.62567754165315
2024-04-14 23:27:21+00:00,ENY3814,27.09530639648437,-84.03012257701943,10668.0,112.51546947380662,260.62567754165315
2024-04-14 23:27:22+00:00,ENY3814,27.0943800069518,-84.02771582970252,10668.0,112.51546947380662,260.62567754165315
2024-04-14 23:27:23+00:00,ENY3814,27.093521118164062,-84.02530310288915,10668.0,112.51546947380662,260.62567754165315
2024-04-14 23:27:24+00:00,ENY3814,27.092611021914724,-84.02285649226263,10668.0,112.51546947380662,260.62567754165315
2024-04-14 23:27:25+00:00,ENY3814,27.09169006347656,-84.02048362875883,10668.0,112.51546947380662,260.62567754165315
2024-04-14 23:27:26+00:00,ENY3814,27.091323852539062,-84.01944718270931,10668.0,112.51546947380662,260.62567754165315
2024-04-14 23:27:27+00:00,ENY3814,27.090004096596928,-84.01588439941406,10668.0,112.51546947380662,260.62567754165315
2024-04-14 23:27:28+00:00,ENY3814,27.089126586914062,-84.01353944022702,10668.0,112.51546947380662,260.62567754165315
2024-04-14 23:27:29+00:00,ENY3814,27.08865408170021,-84.01218707744891,10668.0,112.51546947380662,260.62567754165315
2024-04-14 23:27:30+00:00,ENY3814,27.08721096232786,-84.00833129882812,10668.0,112.51546947380662,260.62567754165315
2024-04-14 23:27:31+00:00,ENY3814,27.086334228515625,-84.00592156176299,10668.0,112.51546947380662,260.62567754165315
2024-04-14 23:27:32+00:00,ENY3814,27.08555603027344,-84.00390049196636,10668.0,112.51546947380662,260.62567754165315
2024-04-14 23:27:33+00:00,ENY3814,27.084697141485695,-84.00157048152045,10668.0,112.51546947380662,260.62567754165315
2024-04-14 23:27:34+00:00,ENY3814,27.083816528320312,-83.99913284013854,10668.0,112.51546947380662,260.62567754165315
2024-04-14 23:27:35+00:00,ENY3814,27.083038330078125,-83.99705994803952,10668.0,112.51546947380662,260.62567754165315
2024-04-14 23:27:36+00:00,ENY3814,27.08198547363281,-83.99426154370576,10668.0,112.51546947380662,260.62567754165315
2024-04-14 23:27:37+00:00,ENY3814,27.08148503707627,-83.99285536545972,10668.0,112.51546947380662,260.62567754165315
2024-04-14 23:27:38+00:00,ENY3814,27.080154418945312,-83.98939024727298,10668.0,112.51546947380662,260.62567754165315
2024-04-14 23:27:39+00:00,ENY3814,27.079669499801376,-83.98799602801984,10668.0,112.51546947380662,260.62567754165315
2024-04-14 23:27:40+00:00,ENY3814,27.078369140625,-83.9845189508402,10668.0,112.51546947380662,260.62567754165315
2024-04-14 23:27:41+00:00,ENY3814,27.077316284179688,-83.9817205465065,10668.0,112.51546947380662,260.62567754165315
2024-04-14 23:27:42+00:00,ENY3814,27.07641084315413,-83.97922809307391,10668.0,112.51546947380662,260.62567754165315
2024-04-14 23:27:43+00:00,ENY3814,27.07553100585937,-83.97684925007371,10668.0,112.51546947380662,260.62567754165315
2024-04-14 23:27:44+00:00,ENY3814,27.074752807617188,-83.97472453567218,10668.0,112.51546947380662,260.62567754165315
2024-04-14 23:27:45+00:00,ENY3814,27.073850470074152,-83.9723088191106,10668.0,112.51546947380662,260.62567754165315
2024-04-14 23:27:46+00:00,ENY3814,27.073013305664062,-83.97006052844927,10668.0,112.51546947380662,260.62567754165315
2024-04-14 23:27:47+00:00,ENY3814,27.07191467285156,-83.9671584795106,10668.0,112.51546947380662,260.62567754165315
2024-04-14 23:27:48+00:00,ENY3814,27.07122802734375,-83.965241054319,10668.0,112.51546947380662,260.62567754165315
2024-04-14 23:27:49+00:00,ENY3814,27.07012939453125,-83.96233900538027,10668.0,112.51546947380662,260.62567754165315
2024-04-14 23:27:50+00:00,ENY3814,27.06939697265625,-83.96036975788621,10668.0,112.51546947380662,260.62567754165315
2024-04-14 23:27:51+00:00,ENY3814,27.068496962725103,-83.95788926344653,10668.0,112.51546947380662,260.62567754165315
2024-04-14 23:27:52+00:00,ENY3814,27.06756591796875,-83.95534299454596,10668.0,112.51546947380662,260.62567754165315
2024-04-14 23:27:53+00:00,ENY3814,27.06668142545021,-83.9530299260066,10668.0,112.51546947380662,260.62567754165315
2024-04-14 23:27:54+00:00,ENY3814,27.065657276218214,-83.95023052509015,10668.0,112.51546947380662,260.62567754165315
2024-04-14 23:27:55+00:00,ENY3814,27.064727783203125,-83.94772511608193,10668.0,112.51546947380662,260.62567754165315
2024-04-14 23:27:56+00:00,ENY3814,27.063841738943324,-83.94537118765021,10668.0,112.51546947380662,260.62567754165315
2024-04-14 23:27:57+00:00,ENY3814,27.063143455376057,-83.94341688889722,10668.0,112.51546947380662,260.62567754165315
2024-04-14 23:27:58+00:00,ENY3814,27.06221008300781,-83.9410400390625,10668.0,112.51546947380662,260.62567754165315
2024-04-14 23:27:59+00:00,ENY3814,27.061327918101163,-83.93861037034253,10668.0,112.51546947380662,260.62567754165315
2024-04-14 23:28:00+00:00,ENY3814,27.060791015625,-83.93715336637678,10668.0,112.51546947380662,260.62567754165315
2024-04-14 23:28:01+00:00,ENY3814,27.059326171875,-83.93326669369105,10668.0,112.51546947380662,260.62567754165315
2024-04-14 23:28:02+00:00,ENY3814,27.05844167935646,-83.93084599421576,10668.0,112.51546947380662,260.62567754165315
2024-04-14 23:28:03+00:00,ENY3814,27.057743395789192,-83.92889169546271,10668.0,112.51546947380662,260.62567754165315
2024-04-14 23:28:04+00:00,ENY3814,27.0567626953125,-83.92637432746164,10668.0,112.51546947380662,260.62567754165315
2024-04-14 23:28:05+00:00,ENY3814,27.055881306276483,-83.92397953913763,10668.0,112.51546947380662,260.62567754165315
2024-04-14 23:28:06+00:00,ENY3814,27.055389404296875,-83.92264312168334,10668.0,112.5588563832376,260.15052101774387
2024-04-14 23:28:07+00:00,ENY3814,27.05406576900159,-83.91901456392725,10668.0,112.5588563832376,260.15052101774387
2024-04-14 23:28:08+00:00,ENY3814,27.0530416197696,-83.91632080078125,10668.0,112.5588563832376,260.15052101774387
2024-04-14 23:28:09+00:00,ENY3814,27.05209350585937,-83.91372968565742,10668.0,112.5588563832376,260.15052101774387
2024-04-14 23:28:10+00:00,ENY3814,27.051551948159428,-83.91230656550482,10668.0,112.5588563832376,260.15052101774387
2024-04-14 23:28:11+00:00,ENY3814,27.05072021484375,-83.9099984798791,10668.0,112.5588563832376,260.15052101774387
2024-04-14 23:28:12+00:00,ENY3814,27.04978296312235,-83.90760568472052,10668.0,112.5588563832376,260.15052101774387
2024-04-14 23:28:13+00:00,ENY3814,27.04888916015625,-83.90517900574883,10668.0,112.5588563832376,260.15052101774387
2024-04-14 23:28:14+00:00,ENY3814,27.04801397808528,-83.90274634728064,10668.0,112.5588563832376,260.15052101774387
2024-04-14 23:28:15+00:00,ENY3814,27.04673767089844,-83.89937490787145,10668.0,112.5588563832376,260.15052101774387
2024-04-14 23:28:16+00:00,ENY3814,27.04582602290784,-83.89693626990686,10668.0,112.5588563832376,260.15052101774387
2024-04-14 23:28:17+00:00,ENY3814,27.044952392578125,-83.89455543374112,10668.0,112.5588563832376,260.15052101774387
2024-04-14 23:28:18+00:00,ENY3814,27.044174194335938,-83.89243071933959,10668.0,112.5588563832376,260.15052101774387
2024-04-14 23:28:19+00:00,ENY3814,27.04316711425781,-83.88968413730834,10668.0,112.5588563832376,260.15052101774387
2024-04-14 23:28:20+00:00,ENY3814,27.04234313964844,-83.8875594229068,10668.0,112.5588563832376,260.15052101774387
2024-04-14 23:28:21+00:00,ENY3814,27.041450112552965,-83.8851576585036,10668.0,112.5588563832376,260.15052101774387
2024-04-14 23:28:22+00:00,ENY3814,27.040557861328125,-83.88268812647402,10668.0,112.5588563832376,260.15052101774387
2024-04-14 23:28:23+00:00,ENY3814,27.03955078125,-83.88004518904773,10668.0,112.5588563832376,260.15052101774387
2024-04-14 23:28:24+00:00,ENY3814,27.038818359375,-83.87812776385613,10668.0,112.5588563832376,260.15052101774387
2024-04-14 23:28:25+00:00,ENY3814,27.037865590240997,-83.87543898362378,10668.0,112.5588563832376,260.15052101774387
2024-04-14 23:28:26+00:00,ENY3814,27.037033081054688,-83.87325646742335,10668.0,112.60240204717518,259.67551421499047
2024-04-14 23:28:27+00:00,ENY3814,27.03614315744173,-83.87084374060998,10668.0,112.60240204717518,259.67551421499047
2024-04-14 23:28:28+00:00,ENY3814,27.035351769398837,-83.8687309852013,10668.0,112.60240204717518,259.67551421499047
2024-04-14 23:28:29+00:00,ENY3814,27.03432762016684,-83.8660372220553,10668.0,112.60240204717518,259.67551421499047
2024-04-14 23:28:30+00:00,ENY3814,27.033462524414062,-83.86361751916274,10668.0,112.60240204717518,259.67551421499047
2024-04-14 23:28:31+00:00,ENY3814,27.032558635129767,-83.86117788461536,10668.0,112.60240204717518,259.67551421499047
2024-04-14 23:28:32+00:00,ENY3814,27.031539916992188,-83.85853893352004,10668.0,112.60240204717518,259.67551421499047
2024-04-14 23:28:33+00:00,ENY3814,27.03069654561705,-83.85616009051984,10668.0,112.60240204717518,259.67551421499047
2024-04-14 23:28:34+00:00,ENY3814,27.02984619140625,-83.85397857090209,10668.0,112.60240204717518,259.67551421499047
2024-04-14 23:28:35+00:00,ENY3814,27.02888100834216,-83.85135357196515,10668.0,112.60240204717518,259.67551421499047
2024-04-14 23:28:36+00:00,ENY3814,27.027903411347985,-83.8486598088191,10668.0,112.60240204717518,259.67551421499047
2024-04-14 23:28:37+00:00,ENY3814,27.027328491210938,-83.84724167158015,10668.0,112.60240204717518,259.67551421499047
2024-04-14 23:28:38+00:00,ENY3814,27.026460291975635,-83.8448040301983,10668.0,112.60240204717518,259.67551421499047
2024-04-14 23:28:39+00:00,ENY3814,27.025543212890625,-83.84242219744988,10668.0,112.64610728796713,259.2006579565224
2024-04-14 23:28:40+00:00,ENY3814,27.02459820246292,-83.83983905498798,10668.0,112.64610728796713,259.2006579565224
2024-04-14 23:28:41+00:00,ENY3814,27.02357405323093,-83.83709247295673,10668.0,112.64610728796713,259.2006579565224
2024-04-14 23:28:42+00:00,ENY3814,27.02250335176112,-83.83424025315503,10668.0,112.64610728796713,259.2006579565224
2024-04-14 23:28:43+00:00,ENY3814,27.0216064453125,-83.83179862544222,10668.0,112.541077829538,259.00301256475467
2024-04-14 23:28:44+00:00,ENY3814,27.020687814486227,-83.82938091571515,10668.0,112.541077829538,259.00301256475467
2024-04-14 23:28:45+00:00,ENY3814,27.019821166992188,-83.82697915131189,10668.0,112.541077829538,259.00301256475467
2024-04-14 23:28:46+00:00,ENY3814,27.018918829449152,-83.82457439716046,10668.0,112.541077829538,259.00301256475467
2024-04-14 23:28:47+00:00,ENY3814,27.018035888671875,-83.82215967718162,10668.0,112.541077829538,259.00301256475467
2024-04-14 23:28:48+00:00,ENY3814,27.017257690429688,-83.82008678508254,10668.0,112.541077829538,259.00301256475467
2024-04-14 23:28:49+00:00,ENY3814,27.01640500860699,-83.81786639873798,10668.0,112.541077829538,259.00301256475467
2024-04-14 23:28:50+00:00,ENY3814,27.01533430713718,-83.81496136005109,10668.0,112.541077829538,259.00301256475467
2024-04-14 23:28:51+00:00,ENY3814,27.014419555664062,-83.81257255122347,10668.0,112.541077829538,259.00301256475467
2024-04-14 23:28:52+00:00,ENY3814,27.013518769862287,-83.8101548414964,10668.0,112.64610728796713,259.2006579565224
2024-04-14 23:28:53+00:00,ENY3814,27.01282048629502,-83.8082533616286,10668.0,112.541077829538,259.00301256475467
2024-04-14 23:28:54+00:00,ENY3814,27.011947631835938,-83.80583565190153,10668.0,112.541077829538,259.00301256475467
2024-04-14 23:28:55+00:00,ENY3814,27.011004949020126,-83.80344684307391,10668.0,112.64610728796713,259.2006579565224
2024-04-14 23:28:56+00:00,ENY3814,27.01030666545286,-83.80149254432092,10668.0,112.68997293325673,258.72595307125016
2024-04-14 23:28:57+00:00,ENY3814,27.00923596398305,-83.79864032451923,10668.0,112.68997293325673,258.72595307125016
2024-04-14 23:28:58+00:00,ENY3814,27.008331298828125,-83.79619670364093,10668.0,112.68997293325673,258.72595307125016
2024-04-14 23:28:59+00:00,ENY3814,27.007420426708155,-83.79383380596454,10668.0,112.68997293325673,258.72595307125016
2024-04-14 23:29:00+00:00,ENY3814,27.006500244140625,-83.79127358490564,10668.0,112.68997293325673,258.72595307125016
2024-04-14 23:29:01+00:00,ENY3814,27.00565144167108,-83.78902728740985,10668.0,112.68997293325673,258.72595307125016
2024-04-14 23:29:02+00:00,ENY3814,27.005126953125,-83.78754237912733,10668.0,112.58478411390398,258.5279447664239
2024-04-14 23:29:03+00:00,ENY3814,27.0040283203125,-83.78469215249112,10668.0,112.58478411390398,258.5279447664239
2024-04-14 23:29:04+00:00,ENY3814,27.003250122070312,-83.7826192603921,10668.0,112.58478411390398,258.5279447664239
2024-04-14 23:29:05+00:00,ENY3814,27.001973814883478,-83.77920297475958,10668.0,112.58478411390398,258.5279447664239
2024-04-14 23:29:06+00:00,ENY3814,27.0010986328125,-83.77681516251471,10668.0,112.58478411390398,258.5279447664239
2024-04-14 23:29:07+00:00,ENY3814,27.0002048298464,-83.7743964562049,10668.0,112.58478411390398,258.5279447664239
2024-04-14 23:29:08+00:00,ENY3814,26.999180680614405,-83.7717026930589,10668.0,112.58478411390398,258.5279447664239
2024-04-14 23:29:09+00:00,ENY3814,26.998389292571503,-83.76953711876502,10668.0,112.58478411390398,258.5279447664239
2024-04-14 23:29:10+00:00,ENY3814,26.99741169557733,-83.76689617450421,10668.0,112.58478411390398,258.5279447664239
2024-04-14 23:29:11+00:00,ENY3814,26.996620307534428,-83.76478341909552,10668.0,112.58478411390398,258.5279447664239
2024-04-14 23:29:12+00:00,ENY3814,26.99578857421875,-83.7625640293337,10668.0,112.58478411390398,258.5279447664239
2024-04-14 23:29:13+00:00,ENY3814,26.99480477025953,-83.75997690054083,10668.0,112.68997293325673,258.72595307125016
2024-04-14 23:29:14+00:00,ENY3814,26.99382717326536,-83.75728313739484,10668.0,112.68997293325673,258.72595307125016
2024-04-14 23:29:15+00:00,ENY3814,26.993035785222457,-83.75517038198615,10668.0,112.68997293325673,258.72595307125016
2024-04-14 23:29:16+00:00,ENY3814,26.992011635990465,-83.75247661884015,10668.0,112.68997293325673,258.72595307125016
2024-04-14 23:29:17+00:00,ENY3814,26.991119384765625,-83.75007485443689,10668.0,112.68997293325673,258.72595307125016
2024-04-14 23:29:18+00:00,ENY3814,26.990707397460938,-83.74893476378242,10668.0,112.68997293325673,258.72595307125016
2024-04-14 23:29:19+00:00,ENY3814,26.98970031738281,-83.74624000405362,10668.0,112.68997293325673,258.72595307125016
2024-04-14 23:29:20+00:00,ENY3814,26.98879953158104,-83.74381432166467,10668.0,112.68997293325673,258.72595307125016
2024-04-14 23:29:21+00:00,ENY3814,26.9879150390625,-83.74142052992335,10668.0,112.68997293325673,258.72595307125016
2024-04-14 23:29:22+00:00,ENY3814,26.986983994306144,-83.73900780310998,10668.0,112.68997293325673,258.72595307125016
2024-04-14 23:29:23+00:00,ENY3814,26.985763549804688,-83.73566825434847,10668.0,112.68997293325673,258.72595307125016
2024-04-14 23:29:24+00:00,ENY3814,26.985215009269066,-83.7342012845553,10668.0,112.68997293325673,258.72595307125016
2024-04-14 23:29:25+00:00,ENY3814,26.984298706054688,-83.7318334039652,10668.0,112.68997293325673,258.72595307125016
2024-04-14 23:29:26+00:00,ENY3814,26.98339947199417,-83.72939476600061,10668.0,112.68997293325673,258.72595307125016
2024-04-14 23:29:27+00:00,ENY3814,26.98251342773437,-83.72701392983487,10668.0,112.68997293325673,258.72595307125016
2024-04-14 23:29:28+00:00,ENY3814,26.981630486957098,-83.72458824744592,10668.0,112.68997293325673,258.72595307125016
2024-04-14 23:29:29+00:00,ENY3814,26.980839098914192,-83.72247549203723,10668.0,112.68997293325673,258.72595307125016
2024-04-14 23:29:30+00:00,ENY3814,26.979949951171875,-83.72012156360552,10668.0,112.68997293325673,258.72595307125016
2024-04-14 23:29:31+00:00,ENY3814,26.97857666015625,-83.71644218012972,10668.0,112.68997293325673,258.72595307125016
2024-04-14 23:29:32+00:00,ENY3814,26.977999412407307,-83.71497521033655,10668.0,112.68997293325673,258.72595307125016
2024-04-14 23:29:33+00:00,ENY3814,26.97711181640625,-83.71260732974645,10668.0,112.68997293325673,258.72595307125016
2024-04-14 23:29:34+00:00,ENY3814,26.976058959960938,-83.70970528080778,10668.0,112.68997293325673,258.72595307125016
2024-04-14 23:29:35+00:00,ENY3814,26.975159725900426,-83.70731647198016,10668.0,112.68997293325673,258.72595307125016
2024-04-14 23:29:36+00:00,ENY3814,26.974273681640625,-83.70488580667745,10668.0,112.68997293325673,258.72595307125016
2024-04-14 23:29:37+00:00,ENY3814,26.97334418862553,-83.70250995342548,10668.0,112.68997293325673,258.72595307125016
2024-04-14 23:29:38+00:00,ENY3814,26.972396850585938,-83.69996268794222,10668.0,112.68997293325673,258.72595307125016
2024-04-14 23:29:39+00:00,ENY3814,26.971664428710938,-83.69804526275055,10668.0,112.68997293325673,258.72595307125016
2024-04-14 23:29:40+00:00,ENY3814,26.970830367783368,-83.6957491361178,10668.0,112.68997293325673,258.72595307125016
2024-04-14 23:29:41+00:00,ENY3814,26.969879150390625,-83.69317396631777,10668.0,112.68997293325673,258.72595307125016
2024-04-14 23:29:42+00:00,ENY3814,26.96906138274629,-83.69094261756311,10668.0,112.68997293325673,258.72595307125016
2024-04-14 23:29:43+00:00,ENY3814,26.9681396484375,-83.68856178139737,10668.0,112.68997293325673,258.72595307125016
2024-04-14 23:29:44+00:00,ENY3814,26.96772766113281,-83.6874735130454,10668.0,112.68997293325673,258.72595307125016
2024-04-14 23:29:45+00:00,ENY3814,26.966354370117188,-83.6837423072671,10668.0,112.68997293325673,258.72595307125016
2024-04-14 23:29:46+00:00,ENY3814,26.96547686043432,-83.68138239933893,10668.0,112.68997293325673,258.72595307125016
2024-04-14 23:29:47+00:00,ENY3814,26.964569091796875,-83.67897465543928,10668.0,112.68997293325673,258.72595307125016
2024-04-14 23:29:48+00:00,ENY3814,26.963661323159428,-83.67657588078424,10668.0,112.68997293325673,258.72595307125016
2024-04-14 23:29:49+00:00,ENY3814,26.96286993511653,-83.67441030649036,10668.0,112.68997293325673,258.72595307125016
2024-04-14 23:29:50+00:00,ENY3814,26.961519920219807,-83.67076580341046,10668.0,112.68997293325673,258.72595307125016
2024-04-14 23:29:51+00:00,ENY3814,26.96063232421875,-83.66840290573407,10668.0,112.68997293325673,258.72595307125016
2024-04-14 23:29:52+00:00,ENY3814,26.95980834960937,-83.66622636903008,10668.0,112.68997293325673,258.72595307125016
2024-04-14 23:29:53+00:00,ENY3814,26.95880126953125,-83.66358343160374,10668.0,112.68997293325673,258.72595307125016
2024-04-14 23:29:54+00:00,ENY3814,26.95793539790784,-83.66120558518628,10668.0,112.68997293325673,258.72595307125016
2024-04-14 23:29:55+00:00,ENY3814,26.957015991210938,-83.65876395747347,10668.0,112.68997293325673,258.72595307125016
2024-04-14 23:29:56+00:00,ENY3814,26.956492278535485,-83.65734980656549,10668.0,112.68997293325673,258.72595307125016
2024-04-14 23:29:57+00:00,ENY3814,26.955596923828125,-83.6549291070902,10668.0,112.68997293325673,258.72595307125016
2024-04-14 23:29:58+00:00,ENY3814,26.95430432335805,-83.6515925480769,10668.0,112.68997293325673,258.72595307125016
2024-04-14 23:29:59+00:00,ENY3814,26.953445434570312,-83.64917683151532,10668.0,112.68997293325673,258.72595307125016
2024-04-14 23:30:00+00:00,ENY3814,26.95253533832097,-83.64678602952222,10668.0,112.68997293325673,258.72595307125016
2024-04-14 23:30:01+00:00,ENY3814,26.95216292041843,-83.64583528958832,10668.0,112.68997293325673,258.72595307125016
2024-04-14 23:30:02+00:00,ENY3814,26.951202392578125,-83.64321726673052,10668.0,112.68997293325673,258.72595307125016
2024-04-14 23:30:03+00:00,ENY3814,26.9501953125,-83.64052250700178,10668.0,112.68997293325673,258.72595307125016
2024-04-14 23:30:04+00:00,ENY3814,26.948950816009003,-83.63717299241284,10668.0,112.68997293325673,258.72595307125016
2024-04-14 23:30:05+00:00,ENY3814,26.948043823242188,-83.6347702314269,10668.0,112.68997293325673,258.72595307125016
2024-04-14 23:30:06+00:00,ENY3814,26.94713527873411,-83.63236647385816,10668.0,112.68997293325673,258.72595307125016
2024-04-14 23:30:07+00:00,ENY3814,26.946258544921875,-83.62995075729657,10668.0,112.68997293325673,258.72595307125016
2024-04-14 23:30:08+00:00,ENY3814,26.9454345703125,-83.62782604289504,10668.0,112.68997293325673,258.72595307125016
2024-04-14 23:30:09+00:00,ENY3814,26.94442749023437,-83.62518310546875,10668.0,112.68997293325673,258.72595307125016
2024-04-14 23:30:11+00:00,ENY3814,26.94300842285156,-83.62134825508548,10668.0,112.68997293325673,258.72595307125016
2024-04-14 23:30:12+00:00,ENY3814,26.941909790039062,-83.61844620614681,10668.0,112.68997293325673,258.72595307125016
2024-04-14 23:30:13+00:00,ENY3814,26.94099038334216,-83.6160454383263,10668.0,112.68997293325673,258.72595307125016
2024-04-14 23:30:14+00:00,ENY3814,26.94012451171875,-83.61362673201648,10668.0,112.68997293325673,258.72595307125016
2024-04-14 23:30:15+00:00,ENY3814,26.939221398305083,-83.61123891977161,10668.0,112.64610728796713,259.2006579565224
2024-04-14 23:30:16+00:00,ENY3814,26.93829345703125,-83.60885908018867,10668.0,112.64610728796713,259.2006579565224
2024-04-14 23:30:17+00:00,ENY3814,26.93760681152344,-83.60694165499706,10668.0,112.64610728796713,259.2006579565224
2024-04-14 23:30:18+00:00,ENY3814,26.93670757746292,-83.60453092134912,10668.0,112.64610728796713,259.2006579565224
2024-04-14 23:30:19+00:00,ENY3814,26.935775756835938,-83.60212218086673,10668.0,112.64610728796713,259.2006579565224
2024-04-14 23:30:20+00:00,ENY3814,26.93489204018803,-83.59972440279444,10668.0,112.64610728796713,259.2006579565224
2024-04-14 23:30:21+00:00,ENY3814,26.933990478515625,-83.5973027067364,10668.0,112.64610728796713,259.2006579565224
2024-04-14 23:30:22+00:00,ENY3814,26.93275063724841,-83.59391432542066,10668.0,112.64610728796713,259.2006579565224
2024-04-14 23:30:23+00:00,ENY3814,26.93183898925781,-83.59155043116152,10668.0,112.64610728796713,259.2006579565224
2024-04-14 23:30:24+00:00,ENY3814,26.93093509997352,-83.58910780686597,10668.0,112.64610728796713,259.2006579565224
2024-04-14 23:30:25+00:00,ENY3814,26.9300537109375,-83.58673095703125,10668.0,112.64610728796713,259.2006579565224
2024-04-14 23:30:26+00:00,ENY3814,26.92911956269862,-83.58430128831128,10668.0,112.64610728796713,259.2006579565224
2024-04-14 23:30:27+00:00,ENY3814,26.9285888671875,-83.58289610664798,10668.0,112.64610728796713,259.2006579565224
2024-04-14 23:30:28+00:00,ENY3814,26.927350577661542,-83.5794947697566,10668.0,112.64610728796713,259.2006579565224
2024-04-14 23:30:29+00:00,ENY3814,26.926512637380824,-83.57738201434796,10668.0,112.64610728796713,259.2006579565224
2024-04-14 23:30:30+00:00,ENY3814,26.925704956054688,-83.57517458357898,10668.0,112.64610728796713,259.2006579565224
2024-04-14 23:30:31+00:00,ENY3814,26.92479020458157,-83.57278677133411,10668.0,112.75097634278764,259.3991730091444
2024-04-14 23:30:32+00:00,ENY3814,26.92371950311176,-83.56988173264722,10668.0,112.75097634278764,259.3991730091444
2024-04-14 23:30:33+00:00,ENY3814,26.92302121954449,-83.56798025277942,10668.0,112.75097634278764,259.3991730091444
2024-04-14 23:30:34+00:00,ENY3814,26.922042846679688,-83.56538016841097,10668.0,112.75097634278764,259.3991730091444
2024-04-14 23:30:35+00:00,ENY3814,26.92103576660156,-83.56268540868217,10668.0,112.75097634278764,259.3991730091444
2024-04-14 23:30:36+00:00,ENY3814,26.920211791992188,-83.56056069428064,10668.0,112.75097634278764,259.3991730091444
2024-04-14 23:30:37+00:00,ENY3814,26.919204711914062,-83.5578659345519,10668.0,112.75097634278764,259.3991730091444
2024-04-14 23:30:38+00:00,ENY3814,26.918319443524894,-83.55546217698316,10668.0,112.75097634278764,259.3991730091444
2024-04-14 23:30:39+00:00,ENY3814,26.91790047338453,-83.55435298039362,10668.0,112.75097634278764,259.3991730091444
2024-04-14 23:30:40+00:00,ENY3814,26.91687632415254,-83.55160639836237,10668.0,112.75097634278764,259.3991730091444
2024-04-14 23:30:41+00:00,ENY3814,26.91590881347656,-83.54905614313088,10668.0,112.75097634278764,259.3991730091444
2024-04-14 23:30:42+00:00,ENY3814,26.914688368975103,-83.54584913987378,10668.0,112.75097634278764,259.3991730091444
2024-04-14 23:30:43+00:00,ENY3814,26.91416931152344,-83.54439213590803,10668.0,112.75097634278764,259.3991730091444
2024-04-14 23:30:44+00:00,ENY3814,26.91291938393803,-83.5410426213191,10668.0,112.75097634278764,259.3991730091444
2024-04-14 23:30:45+00:00,ENY3814,26.912384033203125,-83.53962448408015,10668.0,112.75097634278764,259.3991730091444
2024-04-14 23:30:46+00:00,ENY3814,26.91147626456568,-83.5371868426983,10668.0,112.75097634278764,259.3991730091444
2024-04-14 23:30:47+00:00,ENY3814,26.910552978515625,-83.53480500994988,10668.0,112.75097634278764,259.3991730091444
2024-04-14 23:30:48+00:00,ENY3814,26.90966072729078,-83.53238032414362,10668.0,112.75097634278764,259.3991730091444
2024-04-14 23:30:49+00:00,ENY3814,26.90840148925781,-83.52900091207249,10668.0,112.75097634278764,259.3991730091444
2024-04-14 23:30:50+00:00,ENY3814,26.907943725585938,-83.52786082141802,10668.0,112.75097634278764,259.3991730091444
2024-04-14 23:30:51+00:00,ENY3814,26.907053801972985,-83.5254610501803,10668.0,112.75097634278764,259.3991730091444
2024-04-14 23:30:52+00:00,ENY3814,26.90570378707627,-83.52181654710034,10668.0,112.79500051603002,258.9248320755672
2024-04-14 23:30:53+00:00,ENY3814,26.90478515625,-83.5194137861144,10668.0,112.79500051603002,258.9248320755672
2024-04-14 23:30:54+00:00,ENY3814,26.90426066770392,-83.51796076847955,10668.0,112.79500051603002,258.9248320755672
2024-04-14 23:30:55+00:00,ENY3814,26.90314341399629,-83.51510854867786,10668.0,112.79500051603002,258.9248320755672
2024-04-14 23:30:56+00:00,ENY3814,26.902267456054688,-83.51267688679246,10668.0,112.68997293325673,258.72595307125016
2024-04-14 23:30:57+00:00,ENY3814,26.901374428959212,-83.51030203012317,10668.0,112.79500051603002,258.9248320755672
2024-04-14 23:30:58+00:00,ENY3814,26.90048217773437,-83.50790923496459,10668.0,112.68997293325673,258.72595307125016
2024-04-14 23:30:59+00:00,ENY3814,26.899512339446503,-83.50533705491284,10668.0,112.79500051603002,258.9248320755672
2024-04-14 23:31:00+00:00,ENY3814,26.89876750364142,-83.50343557504505,10668.0,112.79500051603002,258.9248320755672
2024-04-14 23:31:01+00:00,ENY3814,26.897918701171875,-83.50117233564265,10668.0,112.79500051603002,258.9248320755672
2024-04-14 23:31:02+00:00,ENY3814,26.89695196636653,-83.49857623760516,10668.0,112.79500051603002,258.9248320755672
2024-04-14 23:31:03+00:00,ENY3814,26.89613342285156,-83.49635286151238,10668.0,112.79500051603002,258.9248320755672
2024-04-14 23:31:04+00:00,ENY3814,26.895229533567267,-83.49398099459131,10668.0,112.79500051603002,258.9248320755672
2024-04-14 23:31:05+00:00,ENY3814,26.89434814453125,-83.49158520968456,10668.0,112.79500051603002,258.9248320755672
2024-04-14 23:31:06+00:00,ENY3814,26.89308813062765,-83.48822373610278,10668.0,112.79500051603002,258.9248320755672
2024-04-14 23:31:07+00:00,ENY3814,26.89251708984375,-83.48676573555423,10668.0,112.79500051603002,258.9248320755672
2024-04-14 23:31:08+00:00,ENY3814,26.891645011255296,-83.48436795748194,10668.0,112.79500051603002,258.9248320755672
2024-04-14 23:31:09+00:00,ENY3814,26.891098022460938,-83.48293088517096,10668.0,112.79500051603002,258.9248320755672
2024-04-14 23:31:10+00:00,ENY3814,26.889907836914062,-83.47982154702237,10668.0,112.79500051603002,258.9248320755672
2024-04-14 23:31:11+00:00,ENY3814,26.888580322265625,-83.47624580815153,10668.0,112.79500051603002,258.9248320755672
2024-04-14 23:31:12+00:00,ENY3814,26.887641518802965,-83.47385699932391,10668.0,112.79500051603002,258.9248320755672
2024-04-14 23:31:13+00:00,ENY3814,26.886850130760063,-83.47169142503003,10668.0,112.83918626050276,258.4506445690388
2024-04-14 23:31:14+00:00,ENY3814,26.885872533765887,-83.46905048076923,10668.0,112.73399981602132,258.251400393914
2024-04-14 23:31:15+00:00,ENY3814,26.88496398925781,-83.46665868219338,10668.0,112.73399981602132,258.251400393914
2024-04-14 23:31:16+00:00,ENY3814,26.884056996490997,-83.46424396221454,10668.0,112.73399981602132,258.251400393914
2024-04-14 23:31:17+00:00,ENY3814,26.88349914550781,-83.46282383181011,10668.0,112.73399981602132,258.251400393914
2024-04-14 23:31:18+00:00,ENY3814,26.882613877118644,-83.46044100247894,10668.0,112.73399981602132,258.251400393914
2024-04-14 23:31:19+00:00,ENY3814,26.88134765625,-83.45707155623523,10668.0,112.73399981602132,258.251400393914
2024-04-14 23:31:20+00:00,ENY3814,26.880472474179022,-83.45468374399036,10668.0,112.73399981602132,258.251400393914
2024-04-14 23:31:21+00:00,ENY3814,26.879928588867188,-83.45323670585202,10668.0,112.73399981602132,258.251400393914
2024-04-14 23:31:22+00:00,ENY3814,26.879196166992188,-83.45131928066036,10668.0,112.73399981602132,258.251400393914
2024-04-14 23:31:23+00:00,ENY3814,26.87819141452595,-83.44871520996094,10668.0,112.73399981602132,258.251400393914
2024-04-14 23:31:24+00:00,ENY3814,26.876841399629235,-83.44512352576623,10668.0,112.73399981602132,258.251400393914
2024-04-14 23:31:25+00:00,ENY3814,26.87631225585937,-83.44370140219633,10668.0,112.73399981602132,258.251400393914
2024-04-14 23:31:26+00:00,ENY3814,26.87507241459216,-83.44031700721155,10668.0,112.73399981602132,258.251400393914
2024-04-14 23:31:27+00:00,ENY3814,26.87416076660156,-83.43794912662145,10668.0,112.73399981602132,258.251400393914
2024-04-14 23:31:28+00:00,ENY3814,26.873256877317267,-83.43556330754205,10668.0,112.7781887746114,257.7770007651321
2024-04-14 23:31:29+00:00,ENY3814,26.87246548927436,-83.43339773324817,10668.0,112.7781887746114,257.7770007651321
2024-04-14 23:31:30+00:00,ENY3814,26.87144134004237,-83.43075678898737,10668.0,112.7781887746114,257.7770007651321
2024-04-14 23:31:31+00:00,ENY3814,26.87102236990201,-83.42959477351263,10668.0,112.7781887746114,257.7770007651321
2024-04-14 23:31:32+00:00,ENY3814,26.87004477290784,-83.42695382925177,10668.0,112.7781887746114,257.7770007651321
2024-04-14 23:31:33+00:00,ENY3814,26.86892751920021,-83.42404879056488,10668.0,112.7781887746114,257.7770007651321
2024-04-14 23:31:34+00:00,ENY3814,26.86802673339844,-83.42167692364387,10668.0,112.7781887746114,257.7770007651321
2024-04-14 23:31:35+00:00,ENY3814,26.86715853416313,-83.41929509089545,10668.0,112.7781887746114,257.7770007651321
2024-04-14 23:31:36+00:00,ENY3814,26.866241455078125,-83.41690927181605,10668.0,112.7781887746114,257.7770007651321
2024-04-14 23:31:37+00:00,ENY3814,26.86534299688824,-83.41454139122595,10668.0,112.7781887746114,257.7770007651321
2024-04-14 23:31:38+00:00,ENY3814,26.86464471332097,-83.41263991135816,10668.0,112.7781887746114,257.7770007651321
2024-04-14 23:31:39+00:00,ENY3814,26.86372375488281,-83.41022419479657,10668.0,112.7781887746114,257.7770007651321
2024-04-14 23:31:40+00:00,ENY3814,26.862456758143537,-83.40688265286957,10668.0,112.7781887746114,257.7770007651321
2024-04-14 23:31:41+00:00,ENY3814,26.861572265625,-83.40447191922169,10668.0,112.7781887746114,257.7770007651321
2024-04-14 23:31:42+00:00,ENY3814,26.861013638771187,-83.40307969313403,10668.0,112.7781887746114,257.7770007651321
2024-04-14 23:31:43+00:00,ENY3814,26.860153198242188,-83.40068889114093,10668.0,112.7781887746114,257.7770007651321
2024-04-14 23:31:44+00:00,ENY3814,26.85887223583157,-83.39732243464545,10668.0,112.7781887746114,257.7770007651321
2024-04-14 23:31:45+00:00,ENY3814,26.858499817929022,-83.39637169471155,10668.0,112.7781887746114,257.7770007651321
2024-04-14 23:31:46+00:00,ENY3814,26.857429116459212,-83.39351947490985,10668.0,112.7781887746114,257.7770007651321
2024-04-14 23:31:47+00:00,ENY3814,26.856170654296875,-83.39016896373818,10668.0,112.7781887746114,257.7770007651321
2024-04-14 23:31:48+00:00,ENY3814,26.8552877135196,-83.38781503530646,10668.0,112.7781887746114,257.7770007651321
2024-04-14 23:31:49+00:00,ENY3814,26.85433959960937,-83.3853494896079,10668.0,112.7781887746114,257.7770007651321
2024-04-14 23:31:50+00:00,ENY3814,26.853561401367188,-83.38327659750883,10668.0,112.7781887746114,257.7770007651321
2024-04-14 23:31:51+00:00,ENY3814,26.852727340439618,-83.38105421799878,10668.0,112.7781887746114,257.7770007651321
2024-04-14 23:31:52+00:00,ENY3814,26.851821899414062,-83.37866441258842,10668.0,112.7781887746114,257.7770007651321
2024-04-14 23:31:53+00:00,ENY3814,26.85076904296875,-83.37581418595221,10668.0,112.7781887746114,257.7770007651321
2024-04-14 23:31:54+00:00,ENY3814,26.85003662109375,-83.37384493845815,10668.0,112.7781887746114,257.7770007651321
2024-04-14 23:31:55+00:00,ENY3814,26.84914281812765,-83.37149399977466,10668.0,112.7781887746114,257.7770007651321
2024-04-14 23:31:56+00:00,ENY3814,26.848397982322563,-83.36948688213641,10668.0,112.7781887746114,257.7770007651321
2024-04-14 23:31:57+00:00,ENY3814,26.84751892089844,-83.36715986143867,10668.0,112.7781887746114,257.7770007651321
2024-04-14 23:31:58+00:00,ENY3814,26.846628997285485,-83.36483882023737,10668.0,112.7781887746114,257.7770007651321
2024-04-14 23:31:59+00:00,ENY3814,26.84564208984375,-83.36223674270343,10668.0,112.7781887746114,257.7770007651321
2024-04-14 23:32:00+00:00,ENY3814,26.844766907772776,-83.35987384502704,10668.0,112.7781887746114,257.7770007651321
2024-04-14 23:32:01+00:00,ENY3814,26.84374275854078,-83.35723290076623,10668.0,112.7781887746114,257.7770007651321
2024-04-14 23:32:02+00:00,ENY3814,26.842849731445312,-83.35482615344927,10668.0,112.7781887746114,257.7770007651321
2024-04-14 23:32:03+00:00,ENY3814,26.842117309570312,-83.35290872825766,10668.0,112.7781887746114,257.7770007651321
2024-04-14 23:32:04+00:00,ENY3814,26.84101867675781,-83.34990303471403,10668.0,112.7781887746114,257.7770007651321
2024-04-14 23:32:05+00:00,ENY3814,26.840484101893537,-83.34857060359076,10668.0,112.7781887746114,257.7770007651321
2024-04-14 23:32:06+00:00,ENY3814,26.8392333984375,-83.34529084979363,10668.0,112.7781887746114,257.7770007651321
2024-04-14 23:32:07+00:00,ENY3814,26.83834269895392,-83.34291898287256,10668.0,112.7781887746114,257.7770007651321
2024-04-14 23:32:08+00:00,ENY3814,26.837448120117188,-83.34052319796581,10668.0,112.7781887746114,257.7770007651321
2024-04-14 23:32:09+00:00,ENY3814,26.83657371391684,-83.33811246431787,10668.0,112.7781887746114,257.7770007651321
2024-04-14 23:32:10+00:00,ENY3814,26.835617065429688,-83.33565190153303,10668.0,112.7781887746114,257.7770007651321
2024-04-14 23:32:11+00:00,ENY3814,26.834758176641948,-83.33335876464844,10668.0,112.7781887746114,257.7770007651321
2024-04-14 23:32:12+00:00,ENY3814,26.83387756347656,-83.33098789431011,10668.0,112.7781887746114,257.7770007651321
2024-04-14 23:32:13+00:00,ENY3814,26.83294263936705,-83.32860506497894,10668.0,112.7781887746114,257.7770007651321
2024-04-14 23:32:14+00:00,ENY3814,26.832046508789062,-83.3262202424823,10668.0,112.7781887746114,257.7770007651321
2024-04-14 23:32:15+00:00,ENY3814,26.831173654329977,-83.32379854642426,10668.0,112.7781887746114,257.7770007651321
2024-04-14 23:32:16+00:00,ENY3814,26.830382266287074,-83.32173860990082,10668.0,112.7781887746114,257.7770007651321
2024-04-14 23:32:17+00:00,ENY3814,26.829358117055083,-83.31904484675482,10668.0,112.7781887746114,257.7770007651321
2024-04-14 23:32:18+00:00,ENY3814,26.828384399414062,-83.31647764961673,10668.0,112.7781887746114,257.7770007651321
2024-04-14 23:32:19+00:00,ENY3814,26.827377319335938,-83.31378288988799,10668.0,112.7781887746114,257.7770007651321
2024-04-14 23:32:20+00:00,ENY3814,26.82684429621292,-83.31233684833234,10668.0,112.7781887746114,257.7770007651321
2024-04-14 23:32:21+00:00,ENY3814,26.825592041015625,-83.30901523806011,10668.0,112.7781887746114,257.7770007651321
2024-04-14 23:32:23+00:00,ENY3814,26.824127197265625,-83.30523220997935,10668.0,112.88353441445696,257.976611335603
2024-04-14 23:32:24+00:00,ENY3814,26.823028564453125,-83.30233016104069,10668.0,112.88353441445696,257.976611335603
2024-04-14 23:32:25+00:00,ENY3814,26.822142520193324,-83.29992441030646,10668.0,112.88353441445696,257.976611335603
2024-04-14 23:32:26+00:00,ENY3814,26.82107181872352,-83.29712500939002,10668.0,112.88353441445696,257.976611335603
2024-04-14 23:32:27+00:00,ENY3814,26.82032698291843,-83.29517071063702,10668.0,112.7781887746114,257.7770007651321
2024-04-14 23:32:28+00:00,ENY3814,26.8194580078125,-83.29279485738499,10668.0,112.7781887746114,257.7770007651321
2024-04-14 23:32:29+00:00,ENY3814,26.81855799788136,-83.29041701096753,10668.0,112.7781887746114,257.7770007651321
2024-04-14 23:32:30+00:00,ENY3814,26.817626953125,-83.28802720555717,10668.0,112.7781887746114,257.7770007651321
2024-04-14 23:32:31+00:00,ENY3814,26.81674246060646,-83.2856633112981,10668.0,112.92804582153876,257.5027332272577
2024-04-14 23:32:32+00:00,ENY3814,26.815841674804688,-83.28325955372935,10668.0,112.92804582153876,257.5027332272577
2024-04-14 23:32:33+00:00,ENY3814,26.81492692333157,-83.2809096116286,10668.0,112.92804582153876,257.5027332272577
2024-04-14 23:32:34+00:00,ENY3814,26.81405639648437,-83.27849190190153,10668.0,112.92804582153876,257.5027332272577
2024-04-14 23:32:35+00:00,ENY3814,26.81315793829449,-83.27610309307391,10668.0,112.92804582153876,257.5027332272577
2024-04-14 23:32:36+00:00,ENY3814,26.812413102489405,-83.27420161320612,10668.0,112.92804582153876,257.5027332272577
2024-04-14 23:32:37+00:00,ENY3814,26.8113424010196,-83.27134939340442,10668.0,112.92804582153876,257.5027332272577
2024-04-14 23:32:38+00:00,ENY3814,26.81059756521451,-83.26944791353662,10668.0,112.88353441445696,257.976611335603
2024-04-14 23:32:39+00:00,ENY3814,26.80970764160156,-83.26703917305423,10668.0,112.88353441445696,257.976611335603
2024-04-14 23:32:40+00:00,ENY3814,26.808609008789062,-83.26418894641802,10668.0,112.88353441445696,257.976611335603
2024-04-14 23:32:41+00:00,ENY3814,26.807711326469807,-83.2617891751803,10668.0,112.88353441445696,257.976611335603
2024-04-14 23:32:42+00:00,ENY3814,26.80682373046875,-83.2594212945902,10668.0,112.88353441445696,257.976611335603
2024-04-14 23:32:43+00:00,ENY3814,26.80604553222656,-83.25740022479363,10668.0,112.88353441445696,257.976611335603
2024-04-14 23:32:44+00:00,ENY3814,26.80503845214844,-83.25465364276238,10668.0,112.88353441445696,257.976611335603
2024-04-14 23:32:45+00:00,ENY3814,26.804214477539062,-83.25252892836085,10668.0,112.7781887746114,257.7770007651321
2024-04-14 23:32:46+00:00,ENY3814,26.803335416114937,-83.25027465820312,10668.0,112.7781887746114,257.7770007651321
2024-04-14 23:32:47+00:00,ENY3814,26.802474975585938,-83.2479685657429,10668.0,112.7781887746114,257.7770007651321
2024-04-14 23:32:48+00:00,ENY3814,26.801422119140625,-83.24511833910674,10668.0,112.7781887746114,257.7770007651321
2024-04-14 23:32:49+00:00,ENY3814,26.80086814751059,-83.24367229755109,10668.0,112.7781887746114,257.7770007651321
2024-04-14 23:32:50+00:00,ENY3814,26.79942502813824,-83.23986933781549,10668.0,112.7781887746114,257.7770007651321
2024-04-14 23:32:51+00:00,ENY3814,26.79853820800781,-83.2374486383402,10668.0,112.7781887746114,257.7770007651321
2024-04-14 23:32:52+00:00,ENY3814,26.797656043101163,-83.2350628192608,10668.0,112.7781887746114,257.7770007651321
2024-04-14 23:32:53+00:00,ENY3814,26.7967529296875,-83.23268098651238,10668.0,112.7781887746114,257.7770007651321
2024-04-14 23:32:54+00:00,ENY3814,26.7960205078125,-83.23081538362322,10668.0,112.7781887746114,257.7770007651321
2024-04-14 23:32:55+00:00,ENY3814,26.795142222259003,-83.22840763972357,10668.0,112.7781887746114,257.7770007651321
2024-04-14 23:32:56+00:00,ENY3814,26.794235229492188,-83.2259959094929,10668.0,112.7781887746114,257.7770007651321
2024-04-14 23:32:57+00:00,ENY3814,26.79332668498411,-83.22360112116888,10668.0,112.7781887746114,257.7770007651321
2024-04-14 23:32:58+00:00,ENY3814,26.792404174804688,-83.22122825766508,10668.0,112.7781887746114,257.7770007651321
2024-04-14 23:32:59+00:00,ENY3814,26.791511147709212,-83.21884742149939,10668.0,112.7781887746114,257.7770007651321
2024-04-14 23:33:00+00:00,ENY3814,26.790719759666317,-83.21678748497595,10668.0,112.7781887746114,257.7770007651321
2024-04-14 23:33:01+00:00,ENY3814,26.789840698242188,-83.21443953604069,10668.0,112.7781887746114,257.7770007651321
2024-04-14 23:33:02+00:00,ENY3814,26.788833618164062,-83.21169295400944,10668.0,112.88353441445696,257.976611335603
2024-04-14 23:33:03+00:00,ENY3814,26.787926625397244,-83.20934002216046,10668.0,112.88353441445696,257.976611335603
2024-04-14 23:33:04+00:00,ENY3814,26.78700256347656,-83.20692530218162,10668.0,112.88353441445696,257.976611335603
2024-04-14 23:33:05+00:00,ENY3814,26.78627014160156,-83.2049560546875,10668.0,112.88353441445696,257.976611335603
2024-04-14 23:33:06+00:00,ENY3814,26.785412804555083,-83.20263202373798,10668.0,112.88353441445696,257.976611335603
2024-04-14 23:33:07+00:00,ENY3814,26.78448486328125,-83.20024022516213,10668.0,112.88353441445696,257.976611335603
2024-04-14 23:33:08+00:00,ENY3814,26.783706665039062,-83.19816733306305,10668.0,112.88353441445696,257.976611335603
2024-04-14 23:33:09+00:00,ENY3814,26.782699584960938,-83.19547257333431,10668.0,112.88353441445696,257.976611335603
2024-04-14 23:33:10+00:00,ENY3814,26.781781730005296,-83.1930718055138,10668.0,112.88353441445696,257.976611335603
2024-04-14 23:33:11+00:00,ENY3814,26.78086853027344,-83.19060127690153,10668.0,112.88353441445696,257.976611335603
2024-04-14 23:33:12+00:00,ENY3814,26.779919640492583,-83.18815964918872,10668.0,112.88353441445696,257.976611335603
2024-04-14 23:33:13+00:00,ENY3814,26.779037475585938,-83.18588544737617,10668.0,112.88353441445696,257.976611335603
2024-04-14 23:33:14+00:00,ENY3814,26.777984619140625,-83.18308704304246,10668.0,112.88353441445696,257.976611335603
2024-04-14 23:33:15+00:00,ENY3814,26.777079953985695,-83.18065936748798,10668.0,112.88353441445696,257.976611335603
2024-04-14 23:33:16+00:00,ENY3814,26.776199340820312,-83.17831939121459,10668.0,112.88353441445696,257.976611335603
2024-04-14 23:33:17+00:00,ENY3814,26.775421142578125,-83.17624649911556,10668.0,112.88353441445696,257.976611335603
2024-04-14 23:33:18+00:00,ENY3814,26.77451958090572,-83.17395136906549,10668.0,112.88353441445696,257.976611335603
2024-04-14 23:33:19+00:00,ENY3814,26.77363586425781,-83.17158249189265,10668.0,112.88353441445696,257.976611335603
2024-04-14 23:33:20+00:00,ENY3814,26.77265749139301,-83.16903921274036,10668.0,112.88353441445696,257.976611335603
2024-04-14 23:33:21+00:00,ENY3814,26.771759033203125,-83.16660755085496,10668.0,112.88353441445696,257.976611335603
2024-04-14 23:33:22+00:00,ENY3814,26.770751953125,-83.16396461342862,10668.0,112.83918626050276,258.4506445690388
2024-04-14 23:33:23+00:00,ENY3814,26.76986435712394,-83.16159174992487,10668.0,112.83918626050276,258.4506445690388
2024-04-14 23:33:24+00:00,ENY3814,26.769119521318856,-83.15963745117188,10668.0,112.83918626050276,258.4506445690388
2024-04-14 23:33:25+00:00,ENY3814,26.768002267611227,-83.15667959359973,10668.0,112.83918626050276,258.4506445690388
2024-04-14 23:33:26+00:00,ENY3814,26.767135620117188,-83.15442930977298,10668.0,112.83918626050276,258.4506445690388
2024-04-14 23:33:27+00:00,ENY3814,26.766233282574152,-83.15203153170069,10668.0,112.94421029640196,258.6507584681394
2024-04-14 23:33:28+00:00,ENY3814,26.765350341796875,-83.14960983564265,10668.0,112.94421029640196,258.6507584681394
2024-04-14 23:33:29+00:00,ENY3814,26.76441774529926,-83.147225013146,10668.0,112.94421029640196,258.6507584681394
2024-04-14 23:33:30+00:00,ENY3814,26.76351928710937,-83.14484218381483,10668.0,112.94421029640196,258.6507584681394
2024-04-14 23:33:31+00:00,ENY3814,26.762555655786542,-83.14236567570612,10668.0,112.94421029640196,258.6507584681394
2024-04-14 23:33:32+00:00,ENY3814,26.761688232421875,-83.14007453198701,10668.0,112.94421029640196,258.6507584681394
2024-04-14 23:33:33+00:00,ENY3814,26.760786670749468,-83.13766479492188,10668.0,112.94421029640196,258.6507584681394
2024-04-14 23:33:34+00:00,ENY3814,26.75990295410156,-83.13530688015919,10668.0,112.94421029640196,258.6507584681394
2024-04-14 23:33:35+00:00,ENY3814,26.75897113347457,-83.13291109525238,10668.0,112.94421029640196,258.6507584681394
2024-04-14 23:33:36+00:00,ENY3814,26.758071899414062,-83.13053922833137,10668.0,112.94421029640196,258.6507584681394
2024-04-14 23:33:37+00:00,ENY3814,26.757293701171875,-83.12841451392984,10668.0,112.94421029640196,258.6507584681394
2024-04-14 23:33:38+00:00,ENY3814,26.75624084472656,-83.12571975420104,10668.0,112.94421029640196,258.6507584681394
2024-04-14 23:33:39+00:00,ENY3814,26.755293506686968,-83.12319242037256,10668.0,112.94421029640196,258.6507584681394
2024-04-14 23:33:40+00:00,ENY3814,26.754269357454977,-83.12044583834131,10668.0,112.94421029640196,258.6507584681394
2024-04-14 23:33:41+00:00,ENY3814,26.75372314453125,-83.11903467718162,10668.0,112.94421029640196,258.6507584681394
2024-04-14 23:33:42+00:00,ENY3814,26.75299072265625,-83.11711725198995,10668.0,112.94421029640196,258.6507584681394
2024-04-14 23:33:43+00:00,ENY3814,26.75189208984375,-83.11426702535374,10668.0,112.94421029640196,258.6507584681394
2024-04-14 23:33:44+00:00,ENY3814,26.751010700807733,-83.11183636005109,10668.0,112.94421029640196,258.6507584681394
2024-04-14 23:33:45+00:00,ENY3814,26.749893447100103,-83.10898414024939,10668.0,112.94421029640196,258.6507584681394
2024-04-14 23:33:46+00:00,ENY3814,26.74896240234375,-83.1065455022848,10668.0,112.94421029640196,258.6507584681394
2024-04-14 23:33:47+00:00,ENY3814,26.74790954589844,-83.10374709795104,10668.0,112.94421029640196,258.6507584681394
2024-04-14 23:33:48+00:00,ENY3814,26.747543334960938,-83.10276247420398,10668.0,112.94421029640196,258.6507584681394
2024-04-14 23:33:49+00:00,ENY3814,26.74626237255032,-83.09942392202521,10668.0,112.94421029640196,258.6507584681394
2024-04-14 23:33:50+00:00,ENY3814,26.745346069335938,-83.0970101986291,10668.0,112.94421029640196,258.6507584681394
2024-04-14 23:33:51+00:00,ENY3814,26.744446835275426,-83.09461740347052,10668.0,112.94421029640196,258.6507584681394
2024-04-14 23:33:52+00:00,ENY3814,26.743560791015625,-83.09224254680129,10668.0,112.94421029640196,258.6507584681394
2024-04-14 23:33:53+00:00,ENY3814,26.74263129800053,-83.08986370380109,10668.0,112.94421029640196,258.6507584681394
2024-04-14 23:33:54+00:00,ENY3814,26.741729736328125,-83.08747489497347,10668.0,112.94421029640196,258.6507584681394
2024-04-14 23:33:55+00:00,ENY3814,26.740815760725635,-83.0850571852464,10668.0,112.94421029640196,258.6507584681394
2024-04-14 23:33:56+00:00,ENY3814,26.739898681640625,-83.08270724314565,10668.0,112.94421029640196,258.6507584681394
2024-04-14 23:33:57+00:00,ENY3814,26.739166259765625,-83.08078981795398,10668.0,112.94421029640196,258.6507584681394
2024-04-14 23:33:58+00:00,ENY3814,26.738113403320312,-83.07788776901532,10668.0,112.94421029640196,258.6507584681394
2024-04-14 23:33:59+00:00,ENY3814,26.737380981445312,-83.07597034382371,10668.0,112.94421029640196,258.6507584681394
2024-04-14 23:34:00+00:00,ENY3814,26.736812268273304,-83.07454622708832,10668.0,112.94421029640196,258.6507584681394
2024-04-14 23:34:01+00:00,ENY3814,26.73536914890095,-83.07074326735273,10668.0,112.94421029640196,258.6507584681394
2024-04-14 23:34:02+00:00,ENY3814,26.734451293945312,-83.06835246535968,10668.0,112.94421029640196,258.6507584681394
2024-04-14 23:34:03+00:00,ENY3814,26.733553611626057,-83.06593674879804,10668.0,112.94421029640196,258.6507584681394
2024-04-14 23:34:04+00:00,ENY3814,26.73280877582097,-83.06392963115985,10668.0,112.94421029640196,258.6507584681394
2024-04-14 23:34:05+00:00,ENY3814,26.731738074351163,-83.0611830491286,10668.0,112.94421029640196,258.6507584681394
2024-04-14 23:34:06+00:00,ENY3814,26.73094668630826,-83.05907029371991,10668.0,112.94421029640196,258.6507584681394
2024-04-14 23:34:07+00:00,ENY3814,26.730056762695312,-83.05674426960496,10668.0,112.94421029640196,258.6507584681394
2024-04-14 23:34:08+00:00,ENY3814,26.729224253509003,-83.05447505070612,10668.0,112.94421029640196,258.6507584681394
2024-04-14 23:34:09+00:00,ENY3814,26.728106999801376,-83.05162283090442,10668.0,112.94421029640196,258.6507584681394
2024-04-14 23:34:10+00:00,ENY3814,26.72703629833157,-83.04877061110273,10668.0,112.98871680208065,258.1770926596567
2024-04-14 23:34:11+00:00,ENY3814,26.726119995117188,-83.04637980910968,10668.0,112.98871680208065,258.1770926596567
2024-04-14 23:34:12+00:00,ENY3814,26.725220761056672,-83.04396409254804,10668.0,112.98871680208065,258.1770926596567
2024-04-14 23:34:13+00:00,ENY3814,26.724288940429688,-83.0416121572818,10668.0,112.98871680208065,258.1770926596567
2024-04-14 23:34:14+00:00,ENY3814,26.72340522378178,-83.0392103928786,10668.0,112.98871680208065,258.1770926596567
2024-04-14 23:34:15+00:00,ENY3814,26.72266038797669,-83.0373089130108,10668.0,112.98871680208065,258.1770926596567
2024-04-14 23:34:16+00:00,ENY3814,26.72177124023437,-83.03492708026238,10668.0,112.98871680208065,258.1770926596567
2024-04-14 23:34:17+00:00,ENY3814,26.7208448507018,-83.03250239445612,10668.0,112.98871680208065,258.1770926596567
2024-04-14 23:34:18+00:00,ENY3814,26.719940185546875,-83.03015942843456,10668.0,112.98871680208065,258.1770926596567
2024-04-14 23:34:19+00:00,ENY3814,26.719029313426905,-83.02774869478662,10668.0,112.98871680208065,258.1770926596567
2024-04-14 23:34:20+00:00,ENY3814,26.71815490722656,-83.02539177660674,10668.0,112.98871680208065,258.1770926596567
2024-04-14 23:34:21+00:00,ENY3814,26.717330932617188,-83.02326706220515,10668.0,112.98871680208065,258.1770926596567
2024-04-14 23:34:22+00:00,ENY3814,26.716468940346928,-83.02093505859375,10668.0,112.98871680208065,258.1770926596567
2024-04-14 23:34:23+00:00,ENY3814,26.71539823887712,-83.0182412954477,10668.0,112.98871680208065,258.1770926596567
2024-04-14 23:34:24+00:00,ENY3814,26.71449279785156,-83.01585647295104,10668.0,112.98871680208065,258.1770926596567
2024-04-14 23:34:25+00:00,ENY3814,26.713582701602224,-83.013434776893,10668.0,112.98871680208065,258.1770926596567
2024-04-14 23:34:26+00:00,ENY3814,26.712837865797137,-83.01148047814002,10668.0,112.98871680208065,258.1770926596567
2024-04-14 23:34:27+00:00,ENY3814,26.71197509765625,-83.00917139593162,10668.0,112.98871680208065,258.1770926596567
2024-04-14 23:34:28+00:00,ENY3814,26.71069646285752,-83.00582885742188,10668.0,112.98871680208065,258.1770926596567
2024-04-14 23:34:29+00:00,ENY3814,26.71027749271716,-83.00471966083234,10668.0,112.98871680208065,258.1770926596567
2024-04-14 23:34:30+00:00,ENY3814,26.70925334348517,-83.00202589768628,10668.0,112.98871680208065,258.1770926596567
2024-04-14 23:34:31+00:00,ENY3814,26.70835876464844,-82.99963609227592,10668.0,112.98871680208065,258.1770926596567
2024-04-14 23:34:32+00:00,ENY3814,26.707391253972457,-82.9971665602464,10668.0,112.98871680208065,258.1770926596567
2024-04-14 23:34:33+00:00,ENY3814,26.70643615722656,-82.99466115123818,10668.0,112.98871680208065,258.1770926596567
2024-04-14 23:34:34+00:00,ENY3814,26.705575716697563,-82.9924128605769,10668.0,112.98871680208065,258.1770926596567
2024-04-14 23:34:35+00:00,ENY3814,26.704505015227756,-82.98961345966046,10668.0,112.98871680208065,258.1770926596567
2024-04-14 23:34:36+00:00,ENY3814,26.703598022460938,-82.98719873968162,10668.0,112.98871680208065,258.1770926596567
2024-04-14 23:34:37+00:00,ENY3814,26.70264292571504,-82.98470130333533,10668.0,112.98871680208065,258.1770926596567
2024-04-14 23:34:38+00:00,ENY3814,26.70176696777344,-82.98227562094633,10668.0,112.98871680208065,258.1770926596567
2024-04-14 23:34:39+00:00,ENY3814,26.700873940677965,-82.98000042255109,10668.0,112.98871680208065,258.1770926596567
2024-04-14 23:34:40+00:00,ENY3814,26.699981689453125,-82.97761161372347,10668.0,112.98871680208065,258.1770926596567
2024-04-14 23:34:41+00:00,ENY3814,26.699058403403072,-82.9752467228816,10668.0,112.98871680208065,258.1770926596567
2024-04-14 23:34:42+00:00,ENY3814,26.698150634765625,-82.97284396189565,10668.0,112.98871680208065,258.1770926596567
2024-04-14 23:34:43+00:00,ENY3814,26.697418212890625,-82.97092653670398,10668.0,112.98871680208065,258.1770926596567
2024-04-14 23:34:44+00:00,ENY3814,26.69649803032309,-82.96853872445911,10668.0,112.98871680208065,258.1770926596567
2024-04-14 23:34:45+00:00,ENY3814,26.69542732885328,-82.96568650465741,10668.0,112.98871680208065,258.1770926596567
2024-04-14 23:34:46+00:00,ENY3814,26.69463594081038,-82.96367938701923,10668.0,112.98871680208065,258.1770926596567
2024-04-14 23:34:47+00:00,ENY3814,26.693611791578387,-82.96093280498798,10668.0,112.98871680208065,258.1770926596567
2024-04-14 23:34:48+00:00,ENY3814,26.692703247070312,-82.95854100641213,10668.0,112.98871680208065,258.1770926596567
2024-04-14 23:34:49+00:00,ENY3814,26.69179625430349,-82.95617910531848,10668.0,112.98871680208065,258.1770926596567
2024-04-14 23:34:50+00:00,ENY3814,26.690725552833687,-82.95332688551679,10668.0,112.98871680208065,258.1770926596567
2024-04-14 23:34:51+00:00,ENY3814,26.689887612552965,-82.95116131122296,10668.0,112.98871680208065,258.1770926596567
2024-04-14 23:34:52+00:00,ENY3814,26.6890869140625,-82.9490057027565,10668.0,112.98871680208065,258.1770926596567
2024-04-14 23:34:53+00:00,ENY3814,26.688165179753707,-82.94661888709436,10668.0,112.98871680208065,258.1770926596567
2024-04-14 23:34:54+00:00,ENY3814,26.687255859375,-82.94423805092862,10668.0,112.98871680208065,258.1770926596567
2024-04-14 23:34:55+00:00,ENY3814,26.686349642478813,-82.94186518742487,10668.0,112.98871680208065,258.1770926596567
2024-04-14 23:34:56+00:00,ENY3814,26.685379028320312,-82.93931493219338,10668.0,112.98871680208065,258.1770926596567
2024-04-14 23:34:57+00:00,ENY3814,26.684326171875,-82.93662017246459,10668.0,112.98871680208065,258.1770926596567
2024-04-14 23:34:58+00:00,ENY3814,26.68354797363281,-82.93449545806305,10668.0,112.98871680208065,258.1770926596567
2024-04-14 23:34:59+00:00,ENY3814,26.682718567929022,-82.93235778808594,10668.0,112.98871680208065,258.1770926596567
2024-04-14 23:35:00+00:00,ENY3814,26.681808471679688,-82.92993509544516,10668.0,112.98871680208065,258.1770926596567
2024-04-14 23:35:01+00:00,ENY3814,26.68090303065413,-82.92755126953125,10668.0,112.98871680208065,258.1770926596567
2024-04-14 23:35:02+00:00,ENY3814,26.679977416992188,-82.92516744361734,10668.0,112.98871680208065,258.1770926596567
2024-04-14 23:35:03+00:00,ENY3814,26.679087493379235,-82.92279756986176,10668.0,112.98871680208065,258.1770926596567
2024-04-14 23:35:04+00:00,ENY3814,26.678512573242188,-82.92138441553652,10668.0,112.98871680208065,258.1770926596567
2024-04-14 23:35:05+00:00,ENY3814,26.67755126953125,-82.91878333458533,10668.0,112.98871680208065,258.1770926596567
2024-04-14 23:35:06+00:00,ENY3814,26.67652712029926,-82.91614239032452,10668.0,112.98871680208065,258.1770926596567
2024-04-14 23:35:07+00:00,ENY3814,26.67562866210937,-82.91376653707249,10668.0,112.98871680208065,258.1770926596567
2024-04-14 23:35:08+00:00,ENY3814,26.67471158302436,-82.91138869065503,10668.0,112.98871680208065,258.1770926596567
2024-04-14 23:35:09+00:00,ENY3814,26.673797607421875,-82.90899888524467,10668.0,112.98871680208065,258.1770926596567
2024-04-14 23:35:10+00:00,ENY3814,26.672653198242188,-82.90599319170104,10668.0,112.98871680208065,258.1770926596567
2024-04-14 23:35:11+00:00,ENY3814,26.671732239804022,-82.903571495643,10668.0,112.98871680208065,258.1770926596567
2024-04-14 23:35:12+00:00,ENY3814,26.67070809057203,-82.90087773249701,10668.0,112.98871680208065,258.1770926596567
2024-04-14 23:35:13+00:00,ENY3814,26.66991670252913,-82.89881779597357,10668.0,112.98871680208065,258.1770926596567
2024-04-14 23:35:14+00:00,ENY3814,26.66908264160156,-82.89661335495282,10668.0,112.98871680208065,258.1770926596567
2024-04-14 23:35:15+00:00,ENY3814,26.668101165254235,-82.89395845853363,10668.0,112.98871680208065,258.1770926596567
2024-04-14 23:35:16+00:00,ENY3814,26.667251586914062,-82.891845703125,10668.0,112.98871680208065,258.1770926596567
2024-04-14 23:35:17+00:00,ENY3814,26.666378732454977,-82.88946885329023,10668.0,112.98871680208065,258.1770926596567
2024-04-14 23:35:18+00:00,ENY3814,26.66554079217426,-82.8873560978816,10668.0,112.98871680208065,258.1770926596567
2024-04-14 23:35:19+00:00,ENY3814,26.66473388671875,-82.88516062610552,10668.0,112.98871680208065,258.1770926596567
2024-04-14 23:35:20+00:00,ENY3814,26.66363525390625,-82.8823103994693,10668.0,112.98871680208065,258.1770926596567
2024-04-14 23:35:21+00:00,ENY3814,26.66274765790519,-82.8799086350661,10668.0,112.98871680208065,258.1770926596567
2024-04-14 23:35:22+00:00,ENY3814,26.66180419921875,-82.87754274764148,10668.0,112.98871680208065,258.1770926596567
2024-04-14 23:35:23+00:00,ENY3814,26.660932120630296,-82.87515493539661,10668.0,112.98871680208065,258.1770926596567
2024-04-14 23:35:24+00:00,ENY3814,26.66001892089844,-82.87277509581367,10668.0,112.98871680208065,258.1770926596567
2024-04-14 23:35:25+00:00,ENY3814,26.658920288085938,-82.86992486917745,10668.0,112.98871680208065,258.1770926596567
2024-04-14 23:35:26+00:00,ENY3814,26.657999329647776,-82.86754901592548,10668.0,112.98871680208065,258.1770926596567
2024-04-14 23:35:27+00:00,ENY3814,26.65720794160487,-82.86548907940204,10668.0,112.98871680208065,258.1770926596567
2024-04-14 23:35:28+00:00,ENY3814,26.65635681152344,-82.86323979215803,10668.0,112.98871680208065,258.1770926596567
2024-04-14 23:35:29+00:00,ENY3814,26.6554389565678,-82.86089383638819,10668.0,112.98871680208065,258.1770926596567
2024-04-14 23:35:30+00:00,ENY3814,26.654525756835938,-82.85852396263266,10668.0,112.98871680208065,258.1770926596567
2024-04-14 23:35:31+00:00,ENY3814,26.653530314817267,-82.85587604229266,10668.0,112.98871680208065,258.1770926596567
2024-04-14 23:35:32+00:00,ENY3814,26.652740478515625,-82.85375631080484,10668.0,112.98871680208065,258.1770926596567
2024-04-14 23:35:33+00:00,ENY3814,26.65176132978019,-82.85117516150842,10668.0,112.98871680208065,258.1770926596567
2024-04-14 23:35:34+00:00,ENY3814,26.650909423828125,-82.84893683667451,10668.0,112.98871680208065,258.1770926596567
2024-04-14 23:35:35+00:00,ENY3814,26.64999234474311,-82.84657991849457,10668.0,112.98871680208065,258.1770926596567
2024-04-14 23:35:36+00:00,ENY3814,26.649078369140625,-82.84422100714914,10668.0,112.98871680208065,258.1770926596567
2024-04-14 23:35:37+00:00,ENY3814,26.648176807468214,-82.84182621882513,10668.0,112.98871680208065,258.1770926596567
2024-04-14 23:35:38+00:00,ENY3814,26.647293090820312,-82.83945335532133,10668.0,112.98871680208065,258.1770926596567
2024-04-14 23:35:39+00:00,ENY3814,26.646733688095868,-82.83802325908954,10668.0,112.98871680208065,258.1770926596567
2024-04-14 23:35:40+00:00,ENY3814,26.645828247070312,-82.83561850493805,10668.0,112.98871680208065,258.1770926596567
2024-04-14 23:35:41+00:00,ENY3814,26.64472961425781,-82.8327682783019,10668.0,112.98871680208065,258.1770926596567
2024-04-14 23:35:42+00:00,ENY3814,26.643800897113348,-82.83036452073316,10668.0,112.98871680208065,258.1770926596567
2024-04-14 23:35:43+00:00,ENY3814,26.642898559570312,-82.82800062647402,10668.0,112.98871680208065,258.1770926596567
2024-04-14 23:35:44+00:00,ENY3814,26.64198535983845,-82.82561082106366,10668.0,112.98871680208065,258.1770926596567
2024-04-14 23:35:45+00:00,ENY3814,26.6407470703125,-82.82230017320165,10668.0,112.98871680208065,258.1770926596567
2024-04-14 23:35:46+00:00,ENY3814,26.639923095703125,-82.82017545880012,10668.0,112.98871680208065,258.1770926596567
2024-04-14 23:35:47+00:00,ENY3814,26.63947153899629,-82.81895564152643,10668.0,113.09373560937485,258.37844271038443
2024-04-14 23:35:48+00:00,ENY3814,26.63818359375,-82.81561509618217,10668.0,113.09373560937485,258.37844271038443
2024-04-14 23:35:49+00:00,ENY3814,26.637283583818856,-82.81325120192304,10668.0,113.09373560937485,258.37844271038443
2024-04-14 23:35:50+00:00,ENY3814,26.6363525390625,-82.81084744435435,10668.0,113.09373560937485,258.37844271038443
2024-04-14 23:35:51+00:00,ENY3814,26.635421494306144,-82.80844468336835,10668.0,113.09373560937485,258.37844271038443
2024-04-14 23:35:52+00:00,ENY3814,26.634521484375,-82.80607979252653,10668.0,113.09373560937485,258.37844271038443
2024-04-14 23:35:53+00:00,ENY3814,26.63360595703125,-82.80369098369891,10668.0,113.09373560937485,258.37844271038443
2024-04-14 23:35:54+00:00,ENY3814,26.6326904296875,-82.80131214069871,10668.0,113.09373560937485,258.37844271038443
2024-04-14 23:35:55+00:00,ENY3814,26.63179041975636,-82.79893728402942,10668.0,113.09373560937485,258.37844271038443
2024-04-14 23:35:56+00:00,ENY3814,26.630905151367188,-82.79654448887084,10668.0,113.09373560937485,258.37844271038443
2024-04-14 23:35:57+00:00,ENY3814,26.62997488248146,-82.79418358435998,10668.0,113.09373560937485,258.37844271038443
2024-04-14 23:35:58+00:00,ENY3814,26.629074096679688,-82.79177683704302,10668.0,113.09373560937485,258.37844271038443
2024-04-14 23:35:59+00:00,ENY3814,26.62815934520657,-82.78942988469049,10668.0,113.09373560937485,258.37844271038443
2024-04-14 23:36:00+00:00,ENY3814,26.627243041992188,-82.7870091852152,10668.0,113.09373560937485,258.37844271038443
2024-04-14 23:36:01+00:00,ENY3814,26.626343807931672,-82.7846233661358,10668.0,113.09373560937485,258.37844271038443
2024-04-14 23:36:02+00:00,ENY3814,26.625411987304688,-82.78224153338738,10668.0,113.09373560937485,258.37844271038443
2024-04-14 23:36:03+00:00,ENY3814,26.62452827065678,-82.77986966646631,10668.0,113.09373560937485,258.37844271038443
2024-04-14 23:36:04+00:00,ENY3814,26.62378343485169,-82.77796818659857,10668.0,113.09373560937485,258.37844271038443
2024-04-14 23:36:05+00:00,ENY3814,26.622848510742188,-82.7756082786704,10668.0,113.09373560937485,258.37844271038443
2024-04-14 23:36:06+00:00,ENY3814,26.621795654296875,-82.77275805203419,10668.0,113.09373560937485,258.37844271038443
2024-04-14 23:36:07+00:00,ENY3814,26.6209716796875,-82.77068515993511,10668.0,113.09373560937485,258.37844271038443
2024-04-14 23:36:08+00:00,ENY3814,26.61996459960937,-82.76799040020637,10668.0,113.09373560937485,258.37844271038443
2024-04-14 23:36:09+00:00,ENY3814,26.61903510659428,-82.76560856745795,10668.0,113.09373560937485,258.37844271038443
2024-04-14 23:36:10+00:00,ENY3814,26.618133544921875,-82.76322274837855,10668.0,113.1385635272152,257.90530293258973
2024-04-14 23:36:11+00:00,ENY3814,26.617591987221928,-82.76180560772235,10668.0,113.1385635272152,257.90530293258973
2024-04-14 23:36:12+00:00,ENY3814,26.6162109375,-82.75824780734081,10668.0,113.1385635272152,257.90530293258973
2024-04-14 23:36:13+00:00,ENY3814,26.61540403204449,-82.75610116811896,10668.0,113.1385635272152,257.90530293258973
2024-04-14 23:36:14+00:00,ENY3814,26.614471435546875,-82.75368744472286,10668.0,113.1385635272152,257.90530293258973
2024-04-14 23:36:15+00:00,ENY3814,26.6135884947696,-82.75134746844952,10668.0,113.1385635272152,257.90530293258973
2024-04-14 23:36:16+00:00,ENY3814,26.61264038085937,-82.74891979289504,10668.0,113.1385635272152,257.90530293258973
2024-04-14 23:36:17+00:00,ENY3814,26.611679853019066,-82.74643531212439,10668.0,113.1385635272152,257.90530293258973
2024-04-14 23:36:18+00:00,ENY3814,26.610655703787074,-82.74368873009314,10668.0,113.1385635272152,257.90530293258973
2024-04-14 23:36:19+00:00,ENY3814,26.60986431574417,-82.74157597468451,10668.0,113.1385635272152,257.90530293258973
2024-04-14 23:36:20+00:00,ENY3814,26.60902404785156,-82.73943631154185,10668.0,113.1385635272152,257.90530293258973
2024-04-14 23:36:21+00:00,ENY3814,26.608095330707098,-82.73703355055585,10668.0,113.1385635272152,257.90530293258973
2024-04-14 23:36:22+00:00,ENY3814,26.607192993164062,-82.73466865971403,10668.0,113.1385635272152,257.90530293258973
2024-04-14 23:36:23+00:00,ENY3814,26.6062797934322,-82.73227985088641,10668.0,113.1385635272152,257.90530293258973
2024-04-14 23:36:24+00:00,ENY3814,26.60536193847656,-82.72990100788621,10668.0,113.1385635272152,257.90530293258973
2024-04-14 23:36:25+00:00,ENY3814,26.60483667405985,-82.72847689115082,10668.0,113.1385635272152,257.90530293258973
2024-04-14 23:36:26+00:00,ENY3814,26.60385131835937,-82.72591069059553,10668.0,113.1385635272152,257.90530293258973
2024-04-14 23:36:27+00:00,ENY3814,26.602798461914062,-82.72326775316924,10668.0,113.1385635272152,257.90530293258973
2024-04-14 23:36:28+00:00,ENY3814,26.60190388307733,-82.72087097167969,10668.0,113.1385635272152,257.90530293258973
2024-04-14 23:36:29+00:00,ENY3814,26.60101318359375,-82.71850010134136,10668.0,113.1385635272152,257.90530293258973
2024-04-14 23:36:30+00:00,ENY3814,26.60008834580244,-82.7161172720102,10668.0,113.1385635272152,257.90530293258973
2024-04-14 23:36:31+00:00,ENY3814,26.59892453985699,-82.71310659555286,10668.0,113.1385635272152,257.90530293258973
2024-04-14 23:36:32+00:00,ENY3814,26.59799194335937,-82.71072675596992,10668.0,113.1385635272152,257.90530293258973
2024-04-14 23:36:33+00:00,ENY3814,26.59698486328125,-82.70803199624112,10668.0,113.1385635272152,257.90530293258973
2024-04-14 23:36:34+00:00,ENY3814,26.596206665039062,-82.7059591041421,10668.0,113.1385635272152,257.90530293258973
2024-04-14 23:36:35+00:00,ENY3814,26.59534001754502,-82.70375765286957,10668.0,113.1385635272152,257.90530293258973
2024-04-14 23:36:36+00:00,ENY3814,26.59432983398437,-82.70113963001177,10668.0,113.1385635272152,257.90530293258973
2024-04-14 23:36:37+00:00,ENY3814,26.593524480270126,-82.69900395320013,10668.0,113.1385635272152,257.90530293258973
2024-04-14 23:36:38+00:00,ENY3814,26.59259033203125,-82.69663108969633,10668.0,113.1385635272152,257.90530293258973
2024-04-14 23:36:39+00:00,ENY3814,26.591812133789062,-82.6945063752948,10668.0,113.1385635272152,257.90530293258973
2024-04-14 23:36:40+00:00,ENY3814,26.590964107190143,-82.69234877366284,10668.0,113.1385635272152,257.90530293258973
2024-04-14 23:36:41+00:00,ENY3814,26.58989340572034,-82.68949655386115,10668.0,113.09373560937485,258.37844271038443
2024-04-14 23:36:42+00:00,ENY3814,26.58897399902344,-82.68709578604069,10668.0,113.09373560937485,258.37844271038443
2024-04-14 23:36:43+00:00,ENY3814,26.588031316207623,-82.68469003530646,10668.0,113.09373560937485,258.37844271038443
2024-04-14 23:36:44+00:00,ENY3814,26.587142944335938,-82.68232813421287,10668.0,113.09373560937485,258.37844271038443
2024-04-14 23:36:45+00:00,ENY3814,26.586215778932733,-82.67993633563702,10668.0,113.09373560937485,258.37844271038443
2024-04-14 23:36:46+00:00,ENY3814,26.58514507746292,-82.67708411583533,10668.0,113.09373560937485,258.37844271038443
2024-04-14 23:36:47+00:00,ENY3814,26.584213256835938,-82.67471025574883,10668.0,113.09373560937485,258.37844271038443
2024-04-14 23:36:48+00:00,ENY3814,26.58343505859375,-82.67268918595221,10668.0,113.09373560937485,258.37844271038443
2024-04-14 23:36:49+00:00,ENY3814,26.582584704382946,-82.67042893629804,10668.0,113.09373560937485,258.37844271038443
2024-04-14 23:36:50+00:00,ENY3814,26.58164978027344,-82.6680770010318,10668.0,113.09373560937485,258.37844271038443
2024-04-14 23:36:51+00:00,ENY3814,26.58076916710805,-82.6656752366286,10668.0,113.09373560937485,258.37844271038443
2024-04-14 23:36:52+00:00,ENY3814,26.57972717285156,-82.6630502376916,10668.0,113.09373560937485,258.37844271038443
2024-04-14 23:36:53+00:00,ENY3814,26.57890707759534,-82.66092153695911,10668.0,113.09373560937485,258.37844271038443
2024-04-14 23:36:54+00:00,ENY3814,26.57794189453125,-82.65838623046875,10668.0,113.09373560937485,258.37844271038443
2024-04-14 23:36:55+00:00,ENY3814,26.57709154032044,-82.65616783728967,10668.0,113.09373560937485,258.37844271038443
2024-04-14 23:36:56+00:00,ENY3814,26.576202392578125,-82.65377404554835,10668.0,113.09373560937485,258.37844271038443
2024-04-14 23:36:57+00:00,ENY3814,26.57527600304555,-82.65141413762018,10668.0,113.09373560937485,258.37844271038443
2024-04-14 23:36:58+00:00,ENY3814,26.574371337890625,-82.64900639372053,10668.0,113.09373560937485,258.37844271038443
2024-04-14 23:36:59+00:00,ENY3814,26.57346046577065,-82.64666043795069,10668.0,113.09373560937485,258.37844271038443
2024-04-14 23:37:00+00:00,ENY3814,26.572906494140625,-82.64522336563971,10668.0,113.09373560937485,258.37844271038443
2024-04-14 23:37:01+00:00,ENY3814,26.571970794160485,-82.64285747821515,10668.0,113.09373560937485,258.37844271038443
2024-04-14 23:37:02+00:00,ENY3814,26.57090009269068,-82.63995243952826,10668.0,113.1385635272152,257.90530293258973
2024-04-14 23:37:03+00:00,ENY3814,26.569976806640625,-82.63760548717568,10668.0,113.1385635272152,257.90530293258973
2024-04-14 23:37:04+00:00,ENY3814,26.569038003177965,-82.63519873985877,10668.0,113.1385635272152,257.90530293258973
2024-04-14 23:37:05+00:00,ENY3814,26.568145751953125,-82.63283783534786,10668.0,113.1385635272152,257.90530293258973
2024-04-14 23:37:06+00:00,ENY3814,26.56685004800053,-82.62949430025537,10668.0,113.1385635272152,257.90530293258973
2024-04-14 23:37:07+00:00,ENY3814,26.566058659957623,-82.62743436373194,10668.0,113.1385635272152,257.90530293258973
2024-04-14 23:37:08+00:00,ENY3814,26.565034510725635,-82.62474060058594,10668.0,113.1385635272152,257.90530293258973
2024-04-14 23:37:09+00:00,ENY3814,26.56428967492055,-82.62283912071814,10668.0,113.1385635272152,257.90530293258973
2024-04-14 23:37:10+00:00,ENY3814,26.563385009765625,-82.620452305056,10668.0,113.1385635272152,257.90530293258973
2024-04-14 23:37:11+00:00,ENY3814,26.56247413764565,-82.61808542104865,10668.0,113.1385635272152,257.90530293258973
2024-04-14 23:37:12+00:00,ENY3814,26.561553955078125,-82.61568465322819,10668.0,113.1385635272152,257.90530293258973
2024-04-14 23:37:13+00:00,ENY3814,26.560612048132946,-82.61327890249396,10668.0,113.1385635272152,257.90530293258973
2024-04-14 23:37:14+00:00,ENY3814,26.55967712402344,-82.61086517909786,10668.0,113.1385635272152,257.90530293258973
2024-04-14 23:37:15+00:00,ENY3814,26.55879651085805,-82.60847238393927,10668.0,113.1385635272152,257.90530293258973
2024-04-14 23:37:16+00:00,ENY3814,26.557891845703125,-82.60614934957249,10668.0,113.1385635272152,257.90530293258973
2024-04-14 23:37:17+00:00,ENY3814,26.556980973583155,-82.60377150315503,10668.0,113.1385635272152,257.90530293258973
2024-04-14 23:37:18+00:00,ENY3814,26.556060791015625,-82.60143352004718,10668.0,113.1385635272152,257.90530293258973
2024-04-14 23:37:19+00:00,ENY3814,26.555694580078125,-82.60044889630012,10668.0,113.1385635272152,257.90530293258973
2024-04-14 23:37:20+00:00,ENY3814,26.554229736328125,-82.5966658682193,10668.0,113.1385635272152,257.90530293258973
2024-04-14 23:37:21+00:00,ENY3814,26.553497314453125,-82.5947484430277,10668.0,113.1385635272152,257.90530293258973
2024-04-14 23:37:22+00:00,ENY3814,26.55251195875265,-82.59220416729266,10668.0,113.1385635272152,257.90530293258973
2024-04-14 23:37:23+00:00,ENY3814,26.55148780952065,-82.58945758526141,10668.0,113.1385635272152,257.90530293258973
2024-04-14 23:37:24+00:00,ENY3814,26.550567626953125,-82.58713056456367,10668.0,113.1385635272152,257.90530293258973
2024-04-14 23:37:25+00:00,ENY3814,26.54967227224576,-82.58475670447717,10668.0,113.1385635272152,257.90530293258973
2024-04-14 23:37:26+00:00,ENY3814,26.54888088420286,-82.58274958683893,10668.0,113.1385635272152,257.90530293258973
2024-04-14 23:37:27+00:00,ENY3814,26.548004150390625,-82.58049730984669,10668.0,113.1385635272152,257.90530293258973
2024-04-14 23:37:28+00:00,ENY3814,26.54711189916578,-82.57810152493988,10668.0,113.1385635272152,257.90530293258973
2024-04-14 23:37:30+00:00,ENY3814,26.545249809653072,-82.5732950063852,10668.0,113.1385635272152,257.90530293258973
2024-04-14 23:37:31+00:00,ENY3814,26.544342041015625,-82.57091018388854,10668.0,113.1385635272152,257.90530293258973
2024-04-14 23:37:32+00:00,ENY3814,26.543434272378175,-82.5684884878305,10668.0,113.1385635272152,257.90530293258973
2024-04-14 23:37:33+00:00,ENY3814,26.542556762695312,-82.56624617666569,10668.0,113.1385635272152,257.90530293258973
2024-04-14 23:37:34+00:00,ENY3814,26.54161873510328,-82.56373478816107,10660.38,113.1385635272152,257.90530293258973
2024-04-14 23:37:35+00:00,ENY3814,26.540548033633478,-82.56104102501502,10660.38,113.09373560937485,258.37844271038443
2024-04-14 23:37:36+00:00,ENY3814,26.539581298828125,-82.55852465359669,10652.76,113.09373560937485,258.37844271038443
2024-04-14 23:37:37+00:00,ENY3814,26.53873249635858,-82.55623450646033,10652.76,113.09373560937485,258.37844271038443
2024-04-14 23:37:38+00:00,ENY3814,26.53798766055349,-82.55433302659253,10645.14,113.1985905136482,258.58065945842145
2024-04-14 23:37:39+00:00,ENY3814,26.53706359863281,-82.55194322118217,10637.52,113.15376983477532,259.0535873673687
2024-04-14 23:37:40+00:00,ENY3814,26.535964965820312,-82.54909299454596,10629.9,113.15376983477532,259.0535873673687
2024-04-14 23:37:41+00:00,ENY3814,26.53505486957097,-82.5467271071214,10622.28,113.15376983477532,259.0535873673687
2024-04-14 23:37:42+00:00,ENY3814,26.53413391113281,-82.54432534271814,10614.66,113.10911253405278,259.5266732247612
2024-04-14 23:37:44+00:00,ENY3814,26.532302856445312,-82.53955769089032,10591.8,113.10911253405278,259.5266732247612
2024-04-14 23:37:45+00:00,ENY3814,26.531478881835938,-82.53748479879124,10584.18,113.10911253405278,259.5266732247612
2024-04-14 23:37:46+00:00,ENY3814,26.530585854740465,-82.53510695237378,10584.18,113.10911253405278,259.5266732247612
2024-04-14 23:37:47+00:00,ENY3814,26.529693603515625,-82.53282079156838,10568.94,113.10911253405278,259.5266732247612
2024-04-14 23:37:48+00:00,ENY3814,26.528816869703387,-82.53045889047473,10561.32,113.10911253405278,259.5266732247612
2024-04-14 23:37:49+00:00,ENY3814,26.52769961599576,-82.52755385178784,10546.08,113.10911253405278,259.5266732247612
2024-04-14 23:37:50+00:00,ENY3814,26.526763916015625,-82.52520291310435,10538.46,113.10911253405278,259.5266732247612
2024-04-14 23:37:51+00:00,ENY3814,26.526163392147776,-82.52359243539661,10530.84,113.25830469683548,259.25629832594217
2024-04-14 23:37:52+00:00,ENY3814,26.52525329589844,-82.52126441811612,10515.6,113.25830469683548,259.25629832594217
2024-04-14 23:37:53+00:00,ENY3814,26.52434785487288,-82.51883873572717,10515.6,113.25830469683548,259.25629832594217
2024-04-14 23:37:54+00:00,ENY3814,26.52337646484375,-82.51639312168334,10492.74,113.25830469683548,259.25629832594217
2024-04-14 23:37:55+00:00,ENY3814,26.522113347457623,-82.51318711500898,10485.12,113.25830469683548,259.25629832594217
2024-04-14 23:37:56+00:00,ENY3814,26.521270751953125,-82.51089995762084,10477.5,113.25830469683548,259.25629832594217
2024-04-14 23:37:57+00:00,ENY3814,26.520251257944917,-82.5083277775691,10462.26,113.15376983477532,259.0535873673687
2024-04-14 23:37:58+00:00,ENY3814,26.51939392089844,-82.50608048349056,10454.64,113.15376983477532,259.0535873673687
2024-04-14 23:37:59+00:00,ENY3814,26.51866149902344,-82.50421488060141,10439.4,113.15376983477532,259.0535873673687
2024-04-14 23:38:00+00:00,ENY3814,26.517562866210938,-82.50126100936023,10431.78,113.15376983477532,259.0535873673687
2024-04-14 23:38:01+00:00,ENY3814,26.516666735632946,-82.4989788348858,10416.54,113.15376983477532,259.0535873673687
2024-04-14 23:38:02+00:00,ENY3814,26.51568603515625,-82.49638971292745,10408.92,113.1985905136482,258.58065945842145
2024-04-14 23:38:03+00:00,ENY3814,26.515177064022776,-82.49507023737982,10401.3,113.1985905136482,258.58065945842145
2024-04-14 23:38:04+00:00,ENY3814,26.513733944650426,-82.49132009652942,10386.06,113.1985905136482,258.58065945842145
2024-04-14 23:38:05+00:00,ENY3814,26.51294255660752,-82.48926016000598,10370.82,113.1985905136482,258.58065945842145
2024-04-14 23:38:06+00:00,ENY3814,26.51206970214844,-82.48706169848174,10363.2,113.1985905136482,258.58065945842145
2024-04-14 23:38:07+00:00,ENY3814,26.51117357157044,-82.48466491699219,10347.96,113.1985905136482,258.58065945842145
2024-04-14 23:38:08+00:00,ENY3814,26.51019287109375,-82.48213857974645,10340.34,113.1985905136482,258.58065945842145
2024-04-14 23:38:09+00:00,ENY3814,26.509311482057733,-82.4799112173227,10325.1,113.1985905136482,258.58065945842145
2024-04-14 23:38:10+00:00,ENY3814,26.50824078058792,-82.477058997521,10317.48,113.1985905136482,258.58065945842145
2024-04-14 23:38:11+00:00,ENY3814,26.50786836268538,-82.4761082575871,10309.86,113.1985905136482,258.58065945842145
2024-04-14 23:38:12+00:00,ENY3814,26.506576538085938,-82.47270692069577,10294.62,113.1985905136482,258.58065945842145
2024-04-14 23:38:13+00:00,ENY3814,26.505587303032307,-82.47019254244287,10279.38,113.1985905136482,258.58065945842145
2024-04-14 23:38:14+00:00,ENY3814,26.50469970703125,-82.46788744656544,10271.76,113.1985905136482,258.58065945842145
2024-04-14 23:38:15+00:00,ENY3814,26.503818317995236,-82.46559729942908,10264.14,113.1985905136482,258.58065945842145
2024-04-14 23:38:16+00:00,ENY3814,26.50286865234375,-82.46306797243511,10248.9,113.1985905136482,258.58065945842145
2024-04-14 23:38:17+00:00,ENY3814,26.502328646385063,-82.46168870192304,10241.28,113.1985905136482,258.58065945842145
2024-04-14 23:38:18+00:00,ENY3814,26.501257944915253,-82.45894211989179,10233.66,113.1985905136482,258.58065945842145
2024-04-14 23:38:19+00:00,ENY3814,26.50030517578125,-82.4565383623231,10218.42,113.1985905136482,258.58065945842145
2024-04-14 23:38:20+00:00,ENY3814,26.49944240764036,-82.45418842022235,10210.8,113.1985905136482,258.58065945842145
2024-04-14 23:38:21+00:00,ENY3814,26.49847412109375,-82.45171888819277,10195.56,113.09373560937485,258.37844271038443
2024-04-14 23:38:22+00:00,ENY3814,26.49753376588983,-82.44927626389722,10180.32,113.09373560937485,258.37844271038443
2024-04-14 23:38:23+00:00,ENY3814,26.49650961665784,-82.44658250075116,10172.7,113.09373560937485,258.37844271038443
2024-04-14 23:38:24+00:00,ENY3814,26.49539236295021,-82.44373028094952,10157.46,113.09373560937485,258.37844271038443
2024-04-14 23:38:25+00:00,ENY3814,26.494857788085938,-82.44233905144455,10149.84,113.09373560937485,258.37844271038443
2024-04-14 23:38:26+00:00,ENY3814,26.49357682567532,-82.43897658128003,10134.6,113.09373560937485,258.37844271038443
2024-04-14 23:38:27+00:00,ENY3814,26.493204407772776,-82.43802584134613,10126.98,113.09373560937485,258.37844271038443
2024-04-14 23:38:28+00:00,ENY3814,26.49229431152344,-82.43565397442512,10119.36,113.1985905136482,258.58065945842145
2024-04-14 23:38:29+00:00,ENY3814,26.49096990035752,-82.43221576397235,10104.12,113.1985905136482,258.58065945842145
2024-04-14 23:38:30+00:00,ENY3814,26.49009704589844,-82.42990169885024,10096.5,113.1985905136482,258.58065945842145
2024-04-14 23:38:31+00:00,ENY3814,26.489573333222985,-82.4285184420072,10081.26,113.1985905136482,258.58065945842145
2024-04-14 23:38:32+00:00,ENY3814,26.488265991210938,-82.42518586932488,10066.02,113.24357541373196,258.1078903661405
2024-04-14 23:38:33+00:00,ENY3814,26.487338825807733,-82.42281400240381,10058.4,113.24357541373196,258.1078903661405
2024-04-14 23:38:34+00:00,ENY3814,26.48643493652344,-82.42041821749706,10043.16,113.24357541373196,258.1078903661405
2024-04-14 23:38:35+00:00,ENY3814,26.48552328853284,-82.41806030273438,10035.54,113.24357541373196,258.1078903661405
2024-04-14 23:38:36+00:00,ENY3814,26.484603881835938,-82.41570238797169,10020.3,113.24357541373196,258.1078903661405
2024-04-14 23:38:37+00:00,ENY3814,26.48382568359375,-82.41373314047758,10012.68,113.24357541373196,258.1078903661405
2024-04-14 23:38:38+00:00,ENY3814,26.48277282714844,-82.41093473614387,9997.44,113.24357541373196,258.1078903661405
2024-04-14 23:38:39+00:00,ENY3814,26.481845661745236,-82.40855290339545,9989.82,113.24357541373196,258.1078903661405
2024-04-14 23:38:40+00:00,ENY3814,26.480941772460938,-82.40616708431605,9982.2,113.24357541373196,258.1078903661405
2024-04-14 23:38:41+00:00,ENY3814,26.47998357223252,-82.40379920372595,9966.96,113.24357541373196,258.1078903661405
2024-04-14 23:38:42+00:00,ENY3814,26.479285288665253,-82.40189772385816,9959.34,113.24357541373196,258.1078903661405
2024-04-14 23:38:43+00:00,ENY3814,26.478286743164062,-82.39932654038915,9944.1,113.1985905136482,258.58065945842145
2024-04-14 23:38:44+00:00,ENY3814,26.47723388671875,-82.3965799583579,9936.48,113.1985905136482,258.58065945842145
2024-04-14 23:38:45+00:00,ENY3814,26.476305945444917,-82.39429180438702,9921.24,113.1985905136482,258.58065945842145
2024-04-14 23:38:46+00:00,ENY3814,26.47540283203125,-82.39191595113499,9913.62,113.1985905136482,258.58065945842145
2024-04-14 23:38:47+00:00,ENY3814,26.474624633789062,-82.38989488133842,9898.38,113.1985905136482,258.58065945842145
2024-04-14 23:38:48+00:00,ENY3814,26.473745572364937,-82.38763662484973,9890.76,113.1985905136482,258.58065945842145
2024-04-14 23:38:49+00:00,ENY3814,26.47283935546875,-82.38523087411556,9883.14,113.3032811976072,258.7837408720245
2024-04-14 23:38:50+00:00,ENY3814,26.47201538085937,-82.38315798201648,9867.9,113.3032811976072,258.7837408720245
2024-04-14 23:38:51+00:00,ENY3814,26.470962524414062,-82.38041139998523,9860.28,113.3032811976072,258.7837408720245
2024-04-14 23:38:52+00:00,ENY3814,26.47002139333951,-82.37802358774036,9845.04,113.3032811976072,258.7837408720245
2024-04-14 23:38:53+00:00,ENY3814,26.46908569335937,-82.37559192585496,9837.42,113.3032811976072,258.7837408720245
2024-04-14 23:38:54+00:00,ENY3814,26.468205856064618,-82.37332270695612,9822.18,113.3032811976072,258.7837408720245
2024-04-14 23:38:55+00:00,ENY3814,26.467254638671875,-82.3708760963296,9806.94,113.3032811976072,258.7837408720245
2024-04-14 23:38:56+00:00,ENY3814,26.46620178222656,-82.36812951429835,9799.32,113.3032811976072,258.7837408720245
2024-04-14 23:38:57+00:00,ENY3814,26.46522651284428,-82.36561114971454,9784.08,113.25830469683548,259.25629832594217
2024-04-14 23:38:58+00:00,ENY3814,26.464370727539062,-82.36336186247053,9776.46,113.25830469683548,259.25629832594217
2024-04-14 23:38:59+00:00,ENY3814,26.463638305664062,-82.36144443727886,9768.84,113.25830469683548,259.25629832594217
2024-04-14 23:39:00+00:00,ENY3814,26.46271269200212,-82.3590616079477,9753.6,113.25830469683548,259.25629832594217
2024-04-14 23:39:01+00:00,ENY3814,26.46176147460937,-82.35667678545104,9745.98,113.15376983477532,259.0535873673687
2024-04-14 23:39:02+00:00,ENY3814,26.460662841796875,-82.35377473651238,9730.74,113.15376983477532,259.0535873673687
2024-04-14 23:39:03+00:00,ENY3814,26.4597799010196,-82.35140286959131,9723.12,113.25830469683548,259.25629832594217
2024-04-14 23:39:04+00:00,ENY3814,26.45883178710937,-82.34900708468456,9707.88,113.25830469683548,259.25629832594217
2024-04-14 23:39:05+00:00,ENY3814,26.457917811506885,-82.34664916992188,9700.26,113.25830469683548,259.25629832594217
2024-04-14 23:39:06+00:00,ENY3814,26.457126423463983,-82.34458923339844,9685.02,113.25830469683548,259.25629832594217
2024-04-14 23:39:07+00:00,ENY3814,26.456222534179688,-82.34221836306011,9677.4,113.25830469683548,259.25629832594217
2024-04-14 23:39:08+00:00,ENY3814,26.45531088618909,-82.33994117149939,9669.78,113.25830469683548,259.25629832594217
2024-04-14 23:39:09+00:00,ENY3814,26.454391479492188,-82.33755435583726,9654.54,113.25830469683548,259.25629832594217
2024-04-14 23:39:10+00:00,ENY3814,26.453292846679688,-82.33470412920104,9639.3,113.25830469683548,259.25629832594217
2024-04-14 23:39:11+00:00,ENY3814,26.45237809520657,-82.33233525202826,9631.68,113.25830469683548,259.25629832594217
2024-04-14 23:39:12+00:00,ENY3814,26.4517822265625,-82.33071381191036,9624.06,113.25830469683548,259.25629832594217
2024-04-14 23:39:13+00:00,ENY3814,26.450363159179688,-82.32708625073701,9601.2,113.25830469683548,259.25629832594217
2024-04-14 23:39:14+00:00,ENY3814,26.449951171875,-82.32599798238499,9601.2,113.25830469683548,259.25629832594217
2024-04-14 23:39:15+00:00,ENY3814,26.448979781845868,-82.32356731708234,9585.96,113.25830469683548,259.25629832594217
2024-04-14 23:39:16+00:00,ENY3814,26.44775390625,-82.32029752911262,9570.72,113.25830469683548,259.25629832594217
2024-04-14 23:39:17+00:00,ENY3814,26.44683837890625,-82.31802133413458,9563.1,113.25830469683548,259.25629832594217
2024-04-14 23:39:18+00:00,ENY3814,26.445877075195312,-82.3154780549823,9547.86,113.25830469683548,259.25629832594217
2024-04-14 23:39:19+00:00,ENY3814,26.44502284163136,-82.31326763446515,9540.24,113.25830469683548,259.25629832594217
2024-04-14 23:39:20+00:00,ENY3814,26.44427800582627,-82.31136615459735,9525.0,113.25830469683548,259.25629832594217
2024-04-14 23:39:21+00:00,ENY3814,26.443114199880824,-82.30840829702521,9517.38,113.25830469683548,259.25629832594217
2024-04-14 23:39:22+00:00,ENY3814,26.442214965820312,-82.30609821823407,9509.76,113.3032811976072,258.7837408720245
2024-04-14 23:39:23+00:00,ENY3814,26.44125211036811,-82.30354895958533,9494.52,113.3032811976072,258.7837408720245
2024-04-14 23:39:24+00:00,ENY3814,26.440704345703125,-82.30221154554835,9486.9,113.3032811976072,258.7837408720245
2024-04-14 23:39:25+00:00,ENY3814,26.439762438757946,-82.29974599984973,9471.66,113.3032811976072,258.7837408720245
2024-04-14 23:39:26+00:00,ENY3814,26.438507080078125,-82.29640744767096,9456.42,113.3032811976072,258.7837408720245
2024-04-14 23:39:27+00:00,ENY3814,26.437621035818324,-82.29420001690204,9448.8,113.3032811976072,258.7837408720245
2024-04-14 23:39:28+00:00,ENY3814,26.43672180175781,-82.29184708505306,9441.18,113.3032811976072,258.7837408720245
2024-04-14 23:39:29+00:00,ENY3814,26.4357123940678,-82.2892878605769,9425.94,113.3032811976072,258.7837408720245
2024-04-14 23:39:30+00:00,ENY3814,26.434844970703125,-82.28707943322524,9410.7,113.3032811976072,258.7837408720245
2024-04-14 23:39:31+00:00,ENY3814,26.43431582693326,-82.28564335749701,9410.7,113.3032811976072,258.7837408720245
2024-04-14 23:39:32+00:00,ENY3814,26.433746337890625,-82.28422920658903,9395.46,113.3032811976072,258.7837408720245
2024-04-14 23:39:33+00:00,ENY3814,26.43208131951801,-82.27988609900842,9380.22,113.3032811976072,258.7837408720245
2024-04-14 23:39:34+00:00,ENY3814,26.43109130859375,-82.27738866266213,9372.6,113.3032811976072,258.7837408720245
2024-04-14 23:39:35+00:00,ENY3814,26.430219230005296,-82.27502676156848,9357.36,113.3032811976072,258.7837408720245
2024-04-14 23:39:36+00:00,ENY3814,26.42930603027344,-82.27277647774173,9349.74,113.3484222315009,258.31134346564534
2024-04-14 23:39:37+00:00,ENY3814,26.428357140492583,-82.27027306189905,9334.5,113.3484222315009,258.31134346564534
2024-04-14 23:39:38+00:00,ENY3814,26.42779541015625,-82.268889805056,9326.88,113.3484222315009,258.31134346564534
2024-04-14 23:39:39+00:00,ENY3814,26.426742553710938,-82.26614322302476,9319.26,113.3484222315009,258.31134346564534
2024-04-14 23:39:40+00:00,ENY3814,26.425796767412606,-82.26367070124701,9304.02,113.3484222315009,258.31134346564534
2024-04-14 23:39:41+00:00,ENY3814,26.42491149902344,-82.26137557119694,9296.4,113.3484222315009,258.31134346564534
2024-04-14 23:39:42+00:00,ENY3814,26.423934677899894,-82.25891700157752,9281.16,113.3484222315009,258.31134346564534
2024-04-14 23:39:43+00:00,ENY3814,26.42298889160156,-82.25645245246164,9273.54,113.3484222315009,258.31134346564534
2024-04-14 23:39:44+00:00,ENY3814,26.42198181152344,-82.25380951503536,9258.3,113.3484222315009,258.31134346564534
2024-04-14 23:39:45+00:00,ENY3814,26.420883178710938,-82.25095928839914,9243.06,113.3484222315009,258.31134346564534
2024-04-14 23:39:46+00:00,ENY3814,26.419931185447563,-82.24856450007513,9235.44,113.3484222315009,258.31134346564534
2024-04-14 23:39:47+00:00,ENY3814,26.41900634765625,-82.24619163657133,9220.2,113.3484222315009,258.31134346564534
2024-04-14 23:39:48+00:00,ENY3814,26.418182373046875,-82.2440669221698,9212.58,113.3484222315009,258.31134346564534
2024-04-14 23:39:49+00:00,ENY3814,26.41717529296875,-82.2414239847435,9197.34,113.3484222315009,258.31134346564534
2024-04-14 23:39:50+00:00,ENY3814,26.41639709472656,-82.23945473724939,9189.72,113.3484222315009,258.31134346564534
2024-04-14 23:39:51+00:00,ENY3814,26.41550872285487,-82.23710280198316,9182.1,113.3484222315009,258.31134346564534
2024-04-14 23:39:52+00:00,ENY3814,26.41497802734375,-82.23572353147108,9174.48,113.3484222315009,258.31134346564534
2024-04-14 23:39:53+00:00,ENY3814,26.41406560348252,-82.23335266113281,9159.24,113.3484222315009,258.31134346564534
2024-04-14 23:39:54+00:00,ENY3814,26.413101196289062,-82.23100770194577,9151.62,113.3484222315009,258.31134346564534
2024-04-14 23:39:55+00:00,ENY3814,26.411831096067267,-82.22764822152942,9136.38,113.3484222315009,258.31134346564534
2024-04-14 23:39:56+00:00,ENY3814,26.410903930664062,-82.22530724867335,9121.14,113.3484222315009,258.31134346564534
2024-04-14 23:39:57+00:00,ENY3814,26.409969006554554,-82.22289452185998,9113.52,113.3032811976072,258.7837408720245
2024-04-14 23:39:58+00:00,ENY3814,26.409224170749468,-82.22094022310694,9105.9,113.3032811976072,258.7837408720245
2024-04-14 23:39:59+00:00,ENY3814,26.40815346927966,-82.21814082219049,9090.66,113.3032811976072,258.7837408720245
2024-04-14 23:40:00+00:00,ENY3814,26.407196044921875,-82.21577194501765,9075.42,113.3032811976072,258.7837408720245
2024-04-14 23:40:01+00:00,ENY3814,26.406463623046875,-82.21385451982604,9067.8,113.3032811976072,258.7837408720245
2024-04-14 23:40:02+00:00,ENY3814,26.40536499023437,-82.21100429318983,9060.18,113.3032811976072,258.7837408720245
2024-04-14 23:40:03+00:00,ENY3814,26.404541015625,-82.20893140109081,9044.94,113.3032811976072,258.7837408720245
2024-04-14 23:40:04+00:00,ENY3814,26.403684454449152,-82.20667912409857,9037.32,113.40780734933762,258.9876849171489
2024-04-14 23:40:05+00:00,ENY3814,26.4027099609375,-82.20421557156544,9022.08,113.40780734933762,258.9876849171489
2024-04-14 23:40:06+00:00,ENY3814,26.40182236493644,-82.20187260554388,9014.46,113.40780734933762,258.9876849171489
2024-04-14 23:40:07+00:00,ENY3814,26.40087890625,-82.19955156434258,8999.220000000001,113.40780734933762,258.9876849171489
2024-04-14 23:40:08+00:00,ENY3814,26.399960275423727,-82.1970660869892,8991.6,113.36267586944888,259.4598709255348
2024-04-14 23:40:09+00:00,ENY3814,26.399002075195312,-82.1946802679098,8976.36,113.36267586944888,259.4598709255348
2024-04-14 23:40:10+00:00,ENY3814,26.398144738148837,-82.19241802509015,8968.74,113.36267586944888,259.4598709255348
2024-04-14 23:40:11+00:00,ENY3814,26.39717102050781,-82.18991261608193,8953.5,113.36267586944888,259.4598709255348
2024-04-14 23:40:12+00:00,ENY3814,26.39628264863612,-82.18766432542066,8945.880000000001,113.31770838675509,259.9322173334892
2024-04-14 23:40:13+00:00,ENY3814,26.3953857421875,-82.18530043116152,8930.640000000001,113.31770838675509,259.9322173334892
2024-04-14 23:40:14+00:00,ENY3814,26.394048141220868,-82.18195988581732,8915.4,113.31770838675509,259.9322173334892
2024-04-14 23:40:15+00:00,ENY3814,26.39362917108051,-82.18079787034253,8915.4,113.31770838675509,259.9322173334892
2024-04-14 23:40:16+00:00,ENY3814,26.392558469610695,-82.17810410719648,8900.16,113.31770838675509,259.9322173334892
2024-04-14 23:40:17+00:00,ENY3814,26.39186018604343,-82.17620262732873,8892.54,113.27290406408198,260.4047232681688
2024-04-14 23:40:18+00:00,ENY3814,26.390696380097985,-82.1732447697566,8877.300000000001,113.27290406408198,260.4047232681688
2024-04-14 23:40:19+00:00,ENY3814,26.389801025390625,-82.17094565337555,8869.68,113.27290406408198,260.4047232681688
2024-04-14 23:40:20+00:00,ENY3814,26.388787738347457,-82.16838543231671,8854.44,113.33200864653068,261.0807101307577
2024-04-14 23:40:21+00:00,ENY3814,26.387763589115465,-82.16563885028546,8839.2,113.33200864653068,261.0807101307577
2024-04-14 23:40:22+00:00,ENY3814,26.38682556152344,-82.16322413030662,8831.58,113.33200864653068,261.0807101307577
2024-04-14 23:40:23+00:00,ENY3814,26.386001586914062,-82.16120306050999,8823.960000000001,113.33200864653068,261.0807101307577
2024-04-14 23:40:24+00:00,ENY3814,26.38506355932203,-82.15871957632208,8808.720000000001,113.28737522488773,261.5531649691218
2024-04-14 23:40:25+00:00,ENY3814,26.38421630859375,-82.15653905328713,8801.1,113.39080789153012,261.7569733835308
2024-04-14 23:40:26+00:00,ENY3814,26.38320146980932,-82.15396587665265,8785.86,113.39080789153012,261.7569733835308
2024-04-14 23:40:27+00:00,ENY3814,26.382339477539062,-82.1517195791568,8770.62,113.39080789153012,261.7569733835308
2024-04-14 23:40:28+00:00,ENY3814,26.38119506835937,-82.14881753021814,8763.0,113.34618364291252,262.22921904919104
2024-04-14 23:40:29+00:00,ENY3814,26.3802686788268,-82.14641277606671,8747.76,113.34618364291252,262.22921904919104
2024-04-14 23:40:30+00:00,ENY3814,26.379523843021715,-82.14445847731366,8740.140000000001,113.34618364291252,262.22921904919104
2024-04-14 23:40:31+00:00,ENY3814,26.3785400390625,-82.14192516398879,8724.9,113.34618364291252,262.22921904919104
2024-04-14 23:40:32+00:00,ENY3814,26.377615201271187,-82.13954632098859,8717.28,113.30171985884262,262.70162320901073
2024-04-14 23:40:33+00:00,ENY3814,26.376708984375,-82.13720933446342,8709.66,113.30171985884262,262.70162320901073
2024-04-14 23:40:34+00:00,ENY3814,26.37570655952065,-82.13468698354865,8694.42,113.40468955103232,262.9055479662784
2024-04-14 23:40:35+00:00,ENY3814,26.374635858050848,-82.1319404015174,8679.18,113.40468955103232,262.9055479662784
2024-04-14 23:40:36+00:00,ENY3814,26.373687744140625,-82.12948781139443,8671.560000000001,113.3602350128815,263.3777438778908
2024-04-14 23:40:37+00:00,ENY3814,26.3726806640625,-82.12686978853662,8656.32,113.3602350128815,263.3777438778908
2024-04-14 23:40:38+00:00,ENY3814,26.37217712402344,-82.1256011387087,8648.7,113.3602350128815,263.3777438778908
2024-04-14 23:40:39+00:00,ENY3814,26.371237544690143,-82.12311964768628,8641.08,113.3602350128815,263.3777438778908
2024-04-14 23:40:40+00:00,ENY3814,26.36993408203125,-82.11979704083137,8625.84,113.3602350128815,263.3777438778908
2024-04-14 23:40:41+00:00,ENY3814,26.369110107421875,-82.11762050412733,8610.6,113.31593961635733,263.85009777186895
2024-04-14 23:40:42+00:00,ENY3814,26.36805725097656,-82.11492574439859,8602.98,113.31593961635733,263.85009777186895
2024-04-14 23:40:43+00:00,ENY3814,26.367466813426905,-82.1135066105769,8587.74,113.31593961635733,263.85009777186895
2024-04-14 23:40:44+00:00,ENY3814,26.366180419921875,-82.11010627026826,8580.12,113.31593961635733,263.85009777186895
2024-04-14 23:40:45+00:00,ENY3814,26.36523230601165,-82.10764371431787,8564.880000000001,113.31593961635733,263.85009777186895
2024-04-14 23:40:46+00:00,ENY3814,26.364766783633478,-82.10653451772833,8564.880000000001,113.31593961635733,263.85009777186895
2024-04-14 23:40:47+00:00,ENY3814,26.363433837890625,-82.10311025943395,8542.02,113.31593961635733,263.85009777186895
2024-04-14 23:40:48+00:00,ENY3814,26.362380981445312,-82.1003636774027,8534.4,113.31593961635733,263.85009777186895
2024-04-14 23:40:49+00:00,ENY3814,26.36146157474841,-82.0979778583233,8519.16,113.2718025610924,264.32260880125267
2024-04-14 23:40:50+00:00,ENY3814,26.360996052370236,-82.09676302396332,8511.54,113.2718025610924,264.32260880125267
2024-04-14 23:40:51+00:00,ENY3814,26.35955293299788,-82.09311852088342,8496.300000000001,113.2718025610924,264.32260880125267
2024-04-14 23:40:52+00:00,ENY3814,26.358627319335938,-82.09067290683959,8488.68,113.37416436504822,264.52628440961854
2024-04-14 23:40:53+00:00,ENY3814,26.35769084348517,-82.08825918344348,8473.44,113.4184504456952,264.0541378473043
2024-04-14 23:40:54+00:00,ENY3814,26.35675048828125,-82.0858016104068,8465.82,113.4184504456952,264.0541378473043
2024-04-14 23:40:55+00:00,ENY3814,26.35578220173464,-82.0833998460036,8458.2,113.4184504456952,264.0541378473043
2024-04-14 23:40:56+00:00,ENY3814,26.35482788085937,-82.08098213627653,8442.960000000001,113.4184504456952,264.0541378473043
2024-04-14 23:40:58+00:00,ENY3814,26.353317260742188,-82.07709546359081,8420.1,113.4184504456952,264.0541378473043
2024-04-14 23:40:59+00:00,ENY3814,26.352218627929688,-82.07419341465209,8404.86,113.4184504456952,264.0541378473043
2024-04-14 23:41:00+00:00,ENY3814,26.351266634666317,-82.07172687237079,8397.24,113.4184504456952,264.0541378473043
2024-04-14 23:41:01+00:00,ENY3814,26.35029602050781,-82.0693221182193,8382.0,113.4184504456952,264.0541378473043
2024-04-14 23:41:02+00:00,ENY3814,26.34935799291578,-82.0669203538161,8374.380000000001,113.4184504456952,264.0541378473043
2024-04-14 23:41:03+00:00,ENY3814,26.348240739208155,-82.06401531512921,8359.140000000001,113.4184504456952,264.0541378473043
2024-04-14 23:41:04+00:00,ENY3814,26.34727478027344,-82.06154877284786,8351.52,113.4184504456952,264.0541378473043
2024-04-14 23:41:05+00:00,ENY3814,26.346285545219807,-82.05899752103363,8336.28,113.4184504456952,264.0541378473043
2024-04-14 23:41:06+00:00,ENY3814,26.34539794921875,-82.05672929871758,8328.66,113.4184504456952,264.0541378473043
2024-04-14 23:41:07+00:00,ENY3814,26.344470007944917,-82.05429664024939,8313.42,113.4184504456952,264.0541378473043
2024-04-14 23:41:08+00:00,ENY3814,26.343475341796875,-82.05170253537733,8298.18,113.46289515635016,263.58214960476016
2024-04-14 23:41:09+00:00,ENY3814,26.342561366194385,-82.04943730280951,8290.560000000001,113.46289515635016,263.58214960476016
2024-04-14 23:41:10+00:00,ENY3814,26.34164428710937,-82.04703852815447,8282.94,113.46289515635016,263.58214960476016
2024-04-14 23:41:11+00:00,ENY3814,26.3411865234375,-82.04584661519749,8275.32,113.46289515635016,263.58214960476016
2024-04-14 23:41:12+00:00,ENY3814,26.3397216796875,-82.04221905402414,8260.08,113.46289515635016,263.58214960476016
2024-04-14 23:41:13+00:00,ENY3814,26.338790634931144,-82.03977144681488,8244.84,113.46289515635016,263.58214960476016
2024-04-14 23:41:14+00:00,ENY3814,26.33784484863281,-82.03734775759136,8237.220000000001,113.3602350128815,263.3777438778908
2024-04-14 23:41:15+00:00,ENY3814,26.33711242675781,-82.03543033239976,8221.98,113.3602350128815,263.3777438778908
2024-04-14 23:41:16+00:00,ENY3814,26.33613715737553,-82.0330106295072,8214.36,113.3602350128815,263.3777438778908
2024-04-14 23:41:17+00:00,ENY3814,26.335235595703125,-82.03055903596697,8199.12,113.3602350128815,263.3777438778908
2024-04-14 23:41:18+00:00,ENY3814,26.33418196338718,-82.02794001652643,8191.5,113.3602350128815,263.3777438778908
2024-04-14 23:41:19+00:00,ENY3814,26.333221435546875,-82.02553227262678,8176.26,113.3602350128815,263.3777438778908
2024-04-14 23:41:20+00:00,ENY3814,26.33221435546875,-82.02283751289798,8168.64,113.3602350128815,263.3777438778908
2024-04-14 23:41:21+00:00,ENY3814,26.33124917240466,-82.02043973482569,8153.400000000001,113.3602350128815,263.3777438778908
2024-04-14 23:41:22+00:00,ENY3814,26.33041123212394,-82.01832697941705,8145.780000000001,113.3602350128815,263.3777438778908
2024-04-14 23:41:23+00:00,ENY3814,26.329387082891948,-82.0155803973858,8130.54,113.3602350128815,263.3777438778908
2024-04-14 23:41:24+00:00,ENY3814,26.32864224708686,-82.013678917518,8122.92,113.3602350128815,263.3777438778908
2024-04-14 23:41:25+00:00,ENY3814,26.327682495117188,-82.01122931714326,8107.68,113.3602350128815,263.3777438778908
2024-04-14 23:41:26+00:00,ENY3814,26.326733605336333,-82.00881958007812,8100.06,113.3602350128815,263.3777438778908
2024-04-14 23:41:27+00:00,ENY3814,26.3258056640625,-82.00640984301299,8084.820000000001,113.3602350128815,263.3777438778908
2024-04-14 23:41:28+00:00,ENY3814,26.32487151582362,-82.00401306152344,8077.200000000001,113.46289515635016,263.58214960476016
2024-04-14 23:41:29+00:00,ENY3814,26.32392883300781,-82.00159036888266,8061.96,113.46289515635016,263.58214960476016
2024-04-14 23:41:30+00:00,ENY3814,26.32296287407309,-81.9991537240835,8054.34,113.46289515635016,263.58214960476016
2024-04-14 23:41:31+00:00,ENY3814,26.322006225585938,-81.99671907244988,8039.1,113.46289515635016,263.58214960476016
2024-04-14 23:41:32+00:00,ENY3814,26.321054232322563,-81.99434720552881,8031.48,113.46289515635016,263.58214960476016
2024-04-14 23:41:33+00:00,ENY3814,26.32012939453125,-81.99189959831955,8016.240000000001,113.46289515635016,263.58214960476016
2024-04-14 23:41:34+00:00,ENY3814,26.31919214280985,-81.98948786808893,8008.620000000001,113.46289515635016,263.58214960476016
2024-04-14 23:41:35+00:00,ENY3814,26.31793523238877,-81.98637155386115,7993.38,113.46289515635016,263.58214960476016
2024-04-14 23:41:36+00:00,ENY3814,26.317428588867188,-81.98495540978774,7985.76,113.46289515635016,263.58214960476016
2024-04-14 23:41:37+00:00,ENY3814,26.316329956054688,-81.98226065005895,7970.52,113.46289515635016,263.58214960476016
2024-04-14 23:41:38+00:00,ENY3814,26.315505981445312,-81.98013593565742,7962.900000000001,113.46289515635016,263.58214960476016
2024-04-14 23:41:39+00:00,ENY3814,26.314453125,-81.97738935362617,7947.660000000001,113.46289515635016,263.58214960476016
2024-04-14 23:41:40+00:00,ENY3814,26.31351276979608,-81.97496267465442,7940.04,113.46289515635016,263.58214960476016
2024-04-14 23:41:41+00:00,ENY3814,26.312576293945312,-81.97256987949584,7924.8,113.46289515635016,263.58214960476016
2024-04-14 23:41:42+00:00,ENY3814,26.311431884765625,-81.96966783055717,7909.56,113.3602350128815,263.3777438778908
2024-04-14 23:41:43+00:00,ENY3814,26.31048687433792,-81.96725111741284,7901.94,113.3602350128815,263.3777438778908
2024-04-14 23:41:44+00:00,ENY3814,26.30974203853284,-81.96529681865985,7894.320000000001,113.3602350128815,263.3777438778908
2024-04-14 23:41:45+00:00,ENY3814,26.30873107910156,-81.96272364202537,7879.080000000001,113.3602350128815,263.3777438778908
2024-04-14 23:41:46+00:00,ENY3814,26.307833396782307,-81.96049030010516,7871.46,113.3602350128815,263.3777438778908
2024-04-14 23:41:47+00:00,ENY3814,26.306900024414062,-81.95805963480245,7856.22,113.40468955103232,262.9055479662784
2024-04-14 23:41:48+00:00,ENY3814,26.30587820279396,-81.95547250600958,7840.98,113.40468955103232,262.9055479662784
2024-04-14 23:41:49+00:00,ENY3814,26.304854053561968,-81.95272592397833,7833.360000000001,113.40468955103232,262.9055479662784
2024-04-14 23:41:50+00:00,ENY3814,26.30396956104343,-81.95056034968451,7818.120000000001,113.40468955103232,262.9055479662784
2024-04-14 23:41:51+00:00,ENY3814,26.303146362304688,-81.94842068654185,7810.5,113.40468955103232,262.9055479662784
2024-04-14 23:41:52+00:00,ENY3814,26.30220057600636,-81.94601792555585,7802.88,113.44930403617208,262.43351088980364
2024-04-14 23:41:53+00:00,ENY3814,26.30126953125,-81.94360121241152,7787.64,113.44930403617208,262.43351088980364
2024-04-14 23:41:54+00:00,ENY3814,26.300338486493644,-81.94121140700116,7772.400000000001,113.44930403617208,262.43351088980364
2024-04-14 23:41:55+00:00,ENY3814,26.299392700195312,-81.93878173828125,7764.780000000001,113.44930403617208,262.43351088980364
2024-04-14 23:41:56+00:00,ENY3814,26.298248291015625,-81.93587968934258,7749.54,113.494079278693,261.96163350709685
2024-04-14 23:41:57+00:00,ENY3814,26.29721948655985,-81.93328857421875,7734.3,113.494079278693,261.96163350709685
2024-04-14 23:41:58+00:00,ENY3814,26.29673767089844,-81.93204483895931,7734.3,113.494079278693,261.96163350709685
2024-04-14 23:41:59+00:00,ENY3814,26.29582291942532,-81.9296440711388,7719.06,113.494079278693,261.96163350709685
2024-04-14 23:42:00+00:00,ENY3814,26.294403076171875,-81.92608527417451,7703.820000000001,113.53901609405256,261.48991668269474
2024-04-14 23:42:01+00:00,ENY3814,26.293541859772244,-81.92388681265021,7696.200000000001,113.43559342048046,261.2848870714159
2024-04-14 23:42:02+00:00,ENY3814,26.29270391949153,-81.92177405724158,7680.96,113.43559342048046,261.2848870714159
2024-04-14 23:42:03+00:00,ENY3814,26.292251586914062,-81.92054028780956,7680.96,113.43559342048046,261.2848870714159
2024-04-14 23:42:05+00:00,ENY3814,26.289817680746825,-81.91432659442609,7650.48,113.48054105066764,260.81296097816335
2024-04-14 23:42:06+00:00,ENY3814,26.288864135742188,-81.91193778559847,7635.240000000001,113.48054105066764,260.81296097816335
2024-04-14 23:42:07+00:00,ENY3814,26.28795559123411,-81.9095200758714,7627.620000000001,113.48054105066764,260.81296097816335
2024-04-14 23:42:08+00:00,ENY3814,26.287117650953387,-81.90740732046271,7612.38,113.42176172796955,260.1362783469229
2024-04-14 23:42:09+00:00,ENY3814,26.2860935017214,-81.9047663762019,7604.76,113.42176172796955,260.1362783469229
2024-04-14 23:42:10+00:00,ENY3814,26.28515625,-81.90235065964032,7589.52,113.42176172796955,260.1362783469229
2024-04-14 23:42:11+00:00,ENY3814,26.284698486328125,-81.90121056898585,7589.52,113.42176172796955,260.1362783469229
2024-04-14 23:42:12+00:00,ENY3814,26.283279418945312,-81.8975830078125,7574.280000000001,113.42176172796955,260.1362783469229
2024-04-14 23:42:13+00:00,ENY3814,26.28236932269597,-81.89520615797773,7559.04,113.46688304575125,259.66430313960893
2024-04-14 23:42:14+00:00,ENY3814,26.281402587890625,-81.89281535598468,7543.8,113.46688304575125,259.66430313960893
2024-04-14 23:42:15+00:00,ENY3814,26.28050723318326,-81.89045245830829,7536.18,113.36267586944888,259.4598709255348
2024-04-14 23:42:16+00:00,ENY3814,26.279571533203125,-81.8880477041568,7528.56,113.36267586944888,259.4598709255348
2024-04-14 23:42:17+00:00,ENY3814,26.27864514367055,-81.8856987586388,7513.320000000001,113.36267586944888,259.4598709255348
2024-04-14 23:42:18+00:00,ENY3814,26.27764892578125,-81.88312458542157,7498.08,113.40780734933762,258.9876849171489
2024-04-14 23:42:19+00:00,ENY3814,26.27715547206038,-81.88189579890326,7498.08,113.40780734933762,258.9876849171489
2024-04-14 23:42:20+00:00,ENY3814,26.276038218352756,-81.87904357910156,7482.84,113.40780734933762,258.9876849171489
2024-04-14 23:42:21+00:00,ENY3814,26.275131225585938,-81.87664679761201,7467.6,113.40780734933762,258.9876849171489
2024-04-14 23:42:22+00:00,ENY3814,26.27417612884004,-81.87428987943207,7459.98,113.45310366889906,258.5156601872542
2024-04-14 23:42:23+00:00,ENY3814,26.27325439453125,-81.87193096808664,7452.360000000001,113.45310366889906,258.5156601872542
2024-04-14 23:42:24+00:00,ENY3814,26.27215576171875,-81.86908074145049,7437.120000000001,113.45310366889906,258.5156601872542
2024-04-14 23:42:25+00:00,ENY3814,26.27124333785752,-81.86668395996094,7421.88,113.45310366889906,258.5156601872542
2024-04-14 23:42:27+00:00,ENY3814,26.269821166992188,-81.86312117666569,7406.64,113.49856567595212,258.0437976209031
2024-04-14 23:42:28+00:00,ENY3814,26.268962278204448,-81.8608738825871,7399.02,113.49856567595212,258.0437976209031
2024-04-14 23:42:29+00:00,ENY3814,26.26844787597656,-81.8595972600973,7391.400000000001,113.43920129664734,257.3670323204127
2024-04-14 23:42:30+00:00,ENY3814,26.266571044921875,-81.85488143057194,7368.54,113.48484104043216,256.8951203594545
2024-04-14 23:42:31+00:00,ENY3814,26.26620483398437,-81.85394862912733,7360.92,113.48484104043216,256.8951203594545
2024-04-14 23:42:32+00:00,ENY3814,26.265238099179022,-81.85136648324817,7345.68,113.53064874248062,256.4233720019281
2024-04-14 23:42:33+00:00,ENY3814,26.26384153204449,-81.84782761793866,7330.44,113.57662527276912,255.95178815245276
2024-04-14 23:42:34+00:00,ENY3814,26.262908935546875,-81.84550159382371,7322.820000000001,113.47099311816088,255.746457970919
2024-04-14 23:42:35+00:00,ENY3814,26.26197944253178,-81.84312673715442,7307.58,113.51698135374724,255.2746603553281
2024-04-14 23:42:36+00:00,ENY3814,26.26128115896451,-81.84127807617188,7299.96,113.56313986477484,254.80302780705637
2024-04-14 23:42:37+00:00,ENY3814,26.26034545898437,-81.83897198371164,7292.34,113.45702024207816,254.5978106566017
2024-04-14 23:42:38+00:00,ENY3814,26.2594190694518,-81.83663001427283,7277.1,113.5031904059052,254.1259633656279
2024-04-14 23:42:39+00:00,ENY3814,26.2584228515625,-81.83404886497641,7269.48,113.54953231095207,253.65428170472572
2024-04-14 23:42:40+00:00,ENY3814,26.25751042770127,-81.83177067683295,7254.240000000001,113.54953231095207,253.65428170472572
2024-04-14 23:42:41+00:00,ENY3814,26.256532830707098,-81.82918255145734,7246.620000000001,113.48927421742444,252.9772812324856
2024-04-14 23:42:42+00:00,ENY3814,26.256160412804554,-81.82823181152344,7239.0,113.48927421742444,252.9772812324856
2024-04-14 23:42:43+00:00,ENY3814,26.2547172934322,-81.82453448955829,7223.76,113.53580094577951,252.50555003985275
2024-04-14 23:42:44+00:00,ENY3814,26.25379943847656,-81.82223338001177,7216.14,113.53580094577951,252.50555003985275
2024-04-14 23:42:45+00:00,ENY3814,26.252901756157307,-81.81988642765924,7200.900000000001,113.53580094577951,252.50555003985275
2024-04-14 23:42:46+00:00,ENY3814,26.252156920352224,-81.81809058556189,7193.280000000001,113.53580094577951,252.50555003985275
2024-04-14 23:42:47+00:00,ENY3814,26.251235961914062,-81.81575559220221,7178.04,113.53580094577951,252.50555003985275
2024-04-14 23:42:48+00:00,ENY3814,26.25034138307733,-81.81344252366284,7170.42,113.53580094577951,252.50555003985275
2024-04-14 23:42:49+00:00,ENY3814,26.24945068359375,-81.81109158497935,7162.8,113.53580094577951,252.50555003985275
2024-04-14 23:42:50+00:00,ENY3814,26.24908447265625,-81.81021060583726,7155.18,113.53580094577951,252.50555003985275
2024-04-14 23:42:51+00:00,ENY3814,26.24761962890625,-81.80647940005895,7139.9400000000005,113.48927421742444,252.9772812324856
2024-04-14 23:42:52+00:00,ENY3814,26.246795654296875,-81.80440650795987,7124.700000000001,113.48927421742444,252.9772812324856
2024-04-14 23:42:53+00:00,ENY3814,26.24591892048464,-81.80213928222656,7117.08,113.48927421742444,252.9772812324856
2024-04-14 23:42:54+00:00,ENY3814,26.24489477125265,-81.79949833796576,7101.84,113.48927421742444,252.9772812324856
2024-04-14 23:42:55+00:00,ENY3814,26.24400329589844,-81.79720320791569,7094.22,113.48927421742444,252.9772812324856
2024-04-14 23:42:56+00:00,ENY3814,26.243079233977756,-81.7949030949519,7086.6,113.48927421742444,252.9772812324856
2024-04-14 23:42:57+00:00,ENY3814,26.24233439817267,-81.79305443396936,7071.360000000001,113.48927421742444,252.9772812324856
2024-04-14 23:42:58+00:00,ENY3814,26.241439819335938,-81.79072542010613,7063.740000000001,113.48927421742444,252.9772812324856
2024-04-14 23:42:59+00:00,ENY3814,26.24019299523305,-81.78745563213641,7048.5,113.48927421742444,252.9772812324856
2024-04-14 23:43:00+00:00,ENY3814,26.239288330078125,-81.78512861143867,7033.26,113.48927421742444,252.9772812324856
2024-04-14 23:43:01+00:00,ENY3814,26.23870332362288,-81.78375831017127,7033.26,113.48927421742444,252.9772812324856
2024-04-14 23:43:02+00:00,ENY3814,26.237823486328125,-81.78144922796287,7018.02,113.48927421742444,252.9772812324856
2024-04-14 23:43:03+00:00,ENY3814,26.236887786347985,-81.77911024827222,7002.780000000001,113.48927421742444,252.9772812324856
2024-04-14 23:43:04+00:00,ENY3814,26.23590087890625,-81.77657793153008,6995.160000000001,113.53580094577951,252.50555003985275
2024-04-14 23:43:05+00:00,ENY3814,26.23507224907309,-81.77446218637317,6987.54,113.53580094577951,252.50555003985275
2024-04-14 23:43:06+00:00,ENY3814,26.23400154760328,-81.77171560434192,6972.3,113.53580094577951,252.50555003985275
2024-04-14 23:43:07+00:00,ENY3814,26.23310852050781,-81.7694264537883,6957.06,113.58250181117272,252.0339859767633
2024-04-14 23:43:08+00:00,ENY3814,26.232186010328387,-81.76706754244287,6949.4400000000005,113.68959749309276,252.2402397925156
2024-04-14 23:43:09+00:00,ENY3814,26.23134807004767,-81.76500760591944,6934.200000000001,113.84371679911622,251.976750813958
2024-04-14 23:43:10+00:00,ENY3814,26.23040771484375,-81.76268955446636,6926.58,113.84371679911622,251.976750813958
2024-04-14 23:43:14+00:00,ENY3814,26.226506637314618,-81.75333463228662,6880.860000000001,115.09490476479182,251.0850388700489
2024-04-14 23:43:15+00:00,ENY3814,26.225555419921875,-81.75108135871164,6873.240000000001,115.35734470974153,251.05815951744736
2024-04-14 23:43:16+00:00,ENY3814,26.224777221679688,-81.749267578125,6865.620000000001,115.6198353480617,251.0365485392385
2024-04-14 23:43:18+00:00,ENY3814,26.22276306152344,-81.74470721550705,6842.76,116.09110792857336,250.3207537088865
2024-04-14 23:43:19+00:00,ENY3814,26.222177279197563,-81.74340468186597,6835.14,116.09110792857336,250.3207537088865
2024-04-14 23:43:21+00:00,ENY3814,26.219512939453125,-81.7374002708579,6804.660000000001,116.24879433644232,250.08593317107756
2024-04-14 23:43:22+00:00,ENY3814,26.21836853027344,-81.73486097803652,6797.04,116.40677594566388,249.8530104145812
2024-04-14 23:43:23+00:00,ENY3814,26.21795654296875,-81.73392817659197,6789.42,116.40677594566388,249.8530104145812
2024-04-14 23:43:24+00:00,ENY3814,26.21640014648437,-81.73040426002359,6774.18,116.45933952670931,249.3923488772453
2024-04-14 23:43:25+00:00,ENY3814,26.21579962261653,-81.72909076397235,6766.56,116.35343337844016,249.16355751865484
2024-04-14 23:43:26+00:00,ENY3814,26.214340209960938,-81.72589571970815,6751.320000000001,116.40604387156291,248.70268306934508
2024-04-14 23:43:27+00:00,ENY3814,26.21337890625,-81.72375605656549,6743.700000000001,116.40604387156291,248.70268306934508
2024-04-14 23:43:28+00:00,ENY3814,26.212417602539062,-81.72149082399761,6728.46,116.299794833702,248.4743217879702
2024-04-14 23:43:29+00:00,ENY3814,26.211959838867188,-81.72050620025055,6728.46,116.299794833702,248.4743217879702
2024-04-14 23:43:30+00:00,ENY3814,26.210958189883478,-81.71826289250299,6713.22,116.24585793600347,247.7853050347176
2024-04-14 23:43:31+00:00,ENY3814,26.209421966035485,-81.71482966496393,6697.9800000000005,116.24585793600347,247.7853050347176
2024-04-14 23:43:32+00:00,ENY3814,26.20838928222656,-81.71247374336673,6690.360000000001,116.13906810043486,247.55823562096504
2024-04-14 23:43:33+00:00,ENY3814,26.207466772047137,-81.71034005972052,6675.12,116.13906810043486,247.55823562096504
2024-04-14 23:43:34+00:00,ENY3814,26.206512451171875,-81.70817249226121,6667.5,116.0844827490668,246.8698781599253
2024-04-14 23:43:35+00:00,ENY3814,26.20551157805879,-81.70595609224756,6659.88,116.0844827490668,246.8698781599253
2024-04-14 23:43:36+00:00,ENY3814,26.20454406738281,-81.70376759655068,6644.64,116.0844827490668,246.8698781599253
2024-04-14 23:43:37+00:00,ENY3814,26.203765869140625,-81.70200563826648,6637.02,116.13707945772308,246.40793580769724
2024-04-14 23:43:38+00:00,ENY3814,26.20257568359375,-81.69931087853774,6621.780000000001,116.02959219151349,246.1817460173357
2024-04-14 23:43:39+00:00,ENY3814,26.202020160222457,-81.6979804405799,6614.160000000001,116.02959219151349,246.1817460173357
2024-04-14 23:43:40+00:00,ENY3814,26.20101928710937,-81.69573513966685,6606.54,116.02959219151349,246.1817460173357
2024-04-14 23:43:41+00:00,ENY3814,26.199874877929688,-81.69314402454302,6591.3,115.92190760660289,245.95642423107395
2024-04-14 23:43:42+00:00,ENY3814,26.1990966796875,-81.69138206625883,6583.68,115.97439396243132,245.4938410879348
2024-04-14 23:43:43+00:00,ENY3814,26.19795227050781,-81.68873912883254,6568.4400000000005,115.97439396243132,245.4938410879348
2024-04-14 23:43:44+00:00,ENY3814,26.19694596630032,-81.68651874248798,6560.820000000001,115.97439396243132,245.4938410879348
2024-04-14 23:43:45+00:00,ENY3814,26.19582871259269,-81.68387779822717,6545.58,115.86635679409454,245.2689663731604
2024-04-14 23:43:46+00:00,ENY3814,26.194839477539062,-81.68163947339326,6537.96,115.91888557104642,244.8061652871286
2024-04-14 23:43:47+00:00,ENY3814,26.194245936506885,-81.68033893291766,6530.34,115.91888557104642,244.8061652871286
2024-04-14 23:43:48+00:00,ENY3814,26.192916870117188,-81.67723457768278,6515.1,115.91888557104642,244.8061652871286
2024-04-14 23:43:49+00:00,ENY3814,26.1925048828125,-81.67630177623818,6507.4800000000005,115.97161328883423,244.34357074553373
2024-04-14 23:43:50+00:00,ENY3814,26.190948486328125,-81.6727778596698,6492.240000000001,115.97161328883423,244.34357074553373
2024-04-14 23:43:51+00:00,ENY3814,26.190009682865465,-81.67067307692304,6484.62,115.97161328883423,244.34357074553373
2024-04-14 23:43:52+00:00,ENY3814,26.18907165527344,-81.66847660856428,6469.38,115.86306450084336,244.11872055126415
2024-04-14 23:43:53+00:00,ENY3814,26.18861389160156,-81.66749198481722,6469.38,115.91583500244568,243.65590703065917
2024-04-14 23:43:54+00:00,ENY3814,26.18714904785156,-81.66412353515625,6454.14,115.91583500244568,243.65590703065917
2024-04-14 23:43:55+00:00,ENY3814,26.186192399364405,-81.66190514197717,6438.900000000001,115.91583500244568,243.65590703065917
2024-04-14 23:43:56+00:00,ENY3814,26.185401011321503,-81.66016211876502,6431.280000000001,115.9688063108484,243.19330098409057
2024-04-14 23:43:57+00:00,ENY3814,26.184402465820312,-81.65790485885907,6423.660000000001,116.07766972343266,243.4190060053444
2024-04-14 23:43:58+00:00,ENY3814,26.18349236957097,-81.65577815129205,6408.42,116.07766972343266,243.4190060053444
2024-04-14 23:43:59+00:00,ENY3814,26.182525634765625,-81.65360360775355,6400.8,116.07766972343266,243.4190060053444
2024-04-14 23:44:00+00:00,ENY3814,26.182159423828125,-81.65277445091391,6393.18,116.07766972343266,243.4190060053444
2024-04-14 23:44:01+00:00,ENY3814,26.18051147460937,-81.64909506743805,6377.9400000000005,116.1310005449386,242.95703818266605
2024-04-14 23:44:02+00:00,ENY3814,26.180191040039062,-81.64836955520343,6370.320000000001,116.1310005449386,242.95703818266605
2024-04-14 23:44:03+00:00,ENY3814,26.17846472788665,-81.64447490985577,6355.08,116.1310005449386,242.95703818266605
2024-04-14 23:44:04+00:00,ENY3814,26.17804575774629,-81.64352416992188,6347.46,116.02197948335422,242.7309035977949
2024-04-14 23:44:05+00:00,ENY3814,26.177032470703125,-81.64121807746164,6339.84,116.02197948335422,242.7309035977949
2024-04-14 23:44:06+00:00,ENY3814,26.175613403320312,-81.63790145010319,6324.6,115.91275549480235,242.50564947144807
2024-04-14 23:44:07+00:00,ENY3814,26.174835205078125,-81.63619131412145,6316.9800000000005,115.91275549480235,242.50564947144807
2024-04-14 23:44:08+00:00,ENY3814,26.17390260858051,-81.63401677058295,6301.740000000001,115.80332880824255,242.2812782593693
2024-04-14 23:44:09+00:00,ENY3814,26.17295837402344,-81.63183824071342,6294.12,115.80332880824255,242.2812782593693
2024-04-14 23:44:10+00:00,ENY3814,26.171993966829977,-81.62963280310998,6278.88,115.74659571538936,241.59431717819672
2024-04-14 23:44:11+00:00,ENY3814,26.17103576660156,-81.6274851673054,6271.26,115.74659571538936,241.59431717819672
2024-04-14 23:44:12+00:00,ENY3814,26.170085325079448,-81.62530165452222,6263.64,115.74659571538936,241.59431717819672
2024-04-14 23:44:13+00:00,ENY3814,26.169293937036542,-81.62340017465442,6248.400000000001,115.74659571538936,241.59431717819672
2024-04-14 23:44:14+00:00,ENY3814,26.1683349609375,-81.62126649100827,6240.780000000001,115.79969506790464,241.1310486461236
2024-04-14 23:44:15+00:00,ENY3814,26.167282104492188,-81.6187790204894,6233.160000000001,115.79969506790464,241.1310486461236
2024-04-14 23:44:16+00:00,ENY3814,26.166314593816207,-81.61663935734674,6217.92,115.74268019707982,240.44410334786588
2024-04-14 23:44:17+00:00,ENY3814,26.1654052734375,-81.61447776938383,6210.3,115.74268019707982,240.44410334786588
2024-04-14 23:44:18+00:00,ENY3814,26.164581298828125,-81.61266398879718,6202.68,115.74268019707982,240.44410334786588
2024-04-14 23:44:19+00:00,ENY3814,26.16370766849841,-81.61056518554688,6187.4400000000005,115.79602649449996,239.98082001204975
2024-04-14 23:44:20+00:00,ENY3814,26.162384033203125,-81.60753358085202,6179.820000000001,115.79602649449996,239.98082001204975
2024-04-14 23:44:21+00:00,ENY3814,26.16192626953125,-81.60654895710496,6164.58,115.84957911389674,239.51774551755184
2024-04-14 23:44:22+00:00,ENY3814,26.160873413085938,-81.60411330888854,6164.58,115.84957911389674,239.51774551755184
2024-04-14 23:44:23+00:00,ENY3814,26.15993693723517,-81.6019557072566,6149.34,115.84957911389674,239.51774551755184
2024-04-14 23:44:24+00:00,ENY3814,26.158950805664062,-81.59970841317806,6141.72,115.90333916043168,239.054881078015
2024-04-14 23:44:25+00:00,ENY3814,26.157981743246825,-81.59746610201319,6126.4800000000005,115.79232258478162,238.8305923712953
2024-04-14 23:44:26+00:00,ENY3814,26.15707397460937,-81.595458984375,6118.860000000001,115.84612642495476,238.36750388233557
2024-04-14 23:44:27+00:00,ENY3814,26.156538623874468,-81.59419133112982,6111.240000000001,115.84612642495476,238.36750388233557
2024-04-14 23:44:28+00:00,ENY3814,26.1550489522643,-81.59075810359076,6096.0,115.90013967904343,237.9046264094605
2024-04-14 23:44:29+00:00,ENY3814,26.154098510742188,-81.58867026275055,6080.76,115.90013967904343,237.9046264094605
2024-04-14 23:44:30+00:00,ENY3814,26.15327453613281,-81.58675283755895,6073.14,115.78858282576232,237.6803657382813
2024-04-14 23:44:31+00:00,ENY3814,26.152348922470868,-81.58463111290564,6065.52,115.84264025257217,237.21726312111247
2024-04-14 23:44:32+00:00,ENY3814,26.151443481445312,-81.58250340875588,6050.280000000001,115.84264025257217,237.21726312111247
2024-04-14 23:44:33+00:00,ENY3814,26.150390625,-81.58011958284197,6042.66,115.78480669447762,236.53014012770944
2024-04-14 23:44:34+00:00,ENY3814,26.149658203125,-81.57840944686023,6035.04,115.78480669447762,236.53014012770944
2024-04-14 23:44:35+00:00,ENY3814,26.1485595703125,-81.57587015403891,6019.8,115.83912010732897,236.0670232466585
2024-04-14 23:44:36+00:00,ENY3814,26.147781372070312,-81.57416001805717,6012.18,115.83912010732897,236.0670232466585
2024-04-14 23:44:37+00:00,ENY3814,26.14680920617055,-81.57195458045373,6004.56,115.89364699422802,235.60411933050148
2024-04-14 23:44:38+00:00,ENY3814,26.145904541015625,-81.56985876695165,5996.9400000000005,115.89364699422802,235.60411933050148
2024-04-14 23:44:39+00:00,ENY3814,26.145040221133478,-81.56783470740686,5981.700000000001,115.83556549022067,234.91678427199915
2024-04-14 23:44:40+00:00,ENY3814,26.144027709960938,-81.56555751584608,5974.08,115.89035287122398,234.4538669422544
2024-04-14 23:44:41+00:00,ENY3814,26.142974853515625,-81.56317368993217,5958.84,115.89035287122398,234.4538669422544
2024-04-14 23:44:42+00:00,ENY3814,26.14201432567532,-81.56091543344348,5951.22,115.89035287122398,234.4538669422544
2024-04-14 23:44:43+00:00,ENY3814,26.14094362420551,-81.55853858360877,5935.9800000000005,115.94535697955688,233.9911648351577
2024-04-14 23:44:44+00:00,ENY3814,26.140152236162606,-81.55674274151141,5928.360000000001,115.83197589242263,233.7665462104169
2024-04-14 23:44:45+00:00,ENY3814,26.13912808693061,-81.5543658916767,5920.740000000001,115.88702626632669,233.30361533663137
2024-04-14 23:44:46+00:00,ENY3814,26.138580322265625,-81.55312016325178,5913.12,115.7732546825583,233.0794695820165
2024-04-14 23:44:47+00:00,ENY3814,26.137265997417902,-81.55008756197412,5897.88,115.65926451696735,232.8562446175401
2024-04-14 23:44:48+00:00,ENY3814,26.136383056640625,-81.54809339991152,5890.26,115.7141863123477,232.39263922215315
2024-04-14 23:44:49+00:00,ENY3814,26.135497012380824,-81.54596768892725,5882.64,115.7141863123477,232.39263922215315
2024-04-14 23:44:50+00:00,ENY3814,26.13470562433792,-81.5441718468299,5875.02,115.76932762433871,231.9292482140842
2024-04-14 23:44:51+00:00,ENY3814,26.13368147510593,-81.54179499699518,5859.780000000001,115.76932762433871,231.9292482140842
2024-04-14 23:44:52+00:00,ENY3814,26.13276672363281,-81.53975000921287,5852.16,115.82468966889296,231.4660728809321
2024-04-14 23:44:53+00:00,ENY3814,26.132354736328125,-81.53876538546581,5844.54,115.82468966889296,231.4660728809321
2024-04-14 23:44:54+00:00,ENY3814,26.13149351992849,-81.53683002178485,5829.3,115.82468966889296,231.4660728809321
2024-04-14 23:44:55+00:00,ENY3814,26.130050400556144,-81.53350243201623,5821.68,115.76536142058534,230.7790279465571
2024-04-14 23:44:56+00:00,ENY3814,26.129150390625,-81.53140661851415,5806.4400000000005,115.76536142058534,230.7790279465571
2024-04-14 23:44:57+00:00,ENY3814,26.12823486328125,-81.52932974008411,5798.820000000001,115.82099197418928,230.3158376409339
2024-04-14 23:44:58+00:00,ENY3814,26.127536579713983,-81.5276923546424,5791.200000000001,115.8768466840383,229.8528653330007
2024-04-14 23:44:59+00:00,ENY3814,26.12641932600636,-81.52520986703723,5775.96,115.8768466840383,229.8528653330007
2024-04-14 23:45:00+00:00,ENY3814,26.125900268554688,-81.52399602925999,5768.34,115.93292680087582,229.39011234269523
2024-04-14 23:45:01+00:00,ENY3814,26.12548828125,-81.52301140551299,5760.72,115.81725716032892,229.1656033698348
2024-04-14 23:45:02+00:00,ENY3814,26.1239055051642,-81.51945260854865,5745.4800000000005,115.8733852262861,228.7026169765499
2024-04-14 23:45:03+00:00,ENY3814,26.123207221596928,-81.51781522310694,5737.860000000001,115.8733852262861,228.7026169765499
2024-04-14 23:45:04+00:00,ENY3814,26.1220899678893,-81.51533273550177,5730.240000000001,115.81348466559584,228.01537008229772
2024-04-14 23:45:05+00:00,ENY3814,26.12123107910156,-81.51326881264737,5715.0,115.81348466559584,228.01537008229772
2024-04-14 23:45:06+00:00,ENY3814,26.120132446289062,-81.510833164431,5707.38,115.81348466559584,228.01537008229772
2024-04-14 23:45:07+00:00,ENY3814,26.119250281382413,-81.50878319373498,5699.76,115.86988877408714,227.552369463264
2024-04-14 23:45:08+00:00,ENY3814,26.11871337890625,-81.507568359375,5692.14,115.7532219945414,227.32837391343924
2024-04-14 23:45:09+00:00,ENY3814,26.117935180664062,-81.5057545787883,5684.52,115.80967391688344,226.8651377932831
2024-04-14 23:45:10+00:00,ENY3814,26.117062326204977,-81.5038182185246,5676.900000000001,115.80967391688344,226.8651377932831
2024-04-14 23:45:11+00:00,ENY3814,26.11566575907045,-81.50054344764123,5661.66,115.74909320664872,226.17815821626408
2024-04-14 23:45:12+00:00,ENY3814,26.114822387695312,-81.49860310104657,5646.42,115.74909320664872,226.17815821626408
2024-04-14 23:45:13+00:00,ENY3814,26.113943326271187,-81.49652921236475,5638.8,115.74909320664872,226.17815821626408
2024-04-14 23:45:14+00:00,ENY3814,26.113524356130824,-81.4956312913161,5631.18,115.80582432940444,225.71490651805613
2024-04-14 23:45:15+00:00,ENY3814,26.11212778899629,-81.49251497708832,5615.9400000000005,115.80582432940444,225.71490651805613
2024-04-14 23:45:16+00:00,ENY3814,26.11175537109375,-81.49166987492487,5615.9400000000005,115.80582432940444,225.71490651805613
2024-04-14 23:45:17+00:00,ENY3814,26.110565185546875,-81.488860508181,5600.700000000001,115.8627887420682,225.2518770178542
2024-04-14 23:45:18+00:00,ENY3814,26.109660520391948,-81.48675771859973,5593.08,115.8627887420682,225.2518770178542
2024-04-14 23:45:19+00:00,ENY3814,26.109146118164062,-81.485595703125,5585.46,115.8627887420682,225.2518770178542
2024-04-14 23:45:20+00:00,ENY3814,26.10789153535487,-81.4827963022085,5570.22,115.91998777329536,224.78907108873528
2024-04-14 23:45:21+00:00,ENY3814,26.106948852539062,-81.48062076208726,5562.6,115.80193530639168,224.5646762721948
2024-04-14 23:45:22+00:00,ENY3814,26.106075998079977,-81.47862361027643,5547.360000000001,115.80193530639168,224.5646762721948
2024-04-14 23:45:23+00:00,ENY3814,26.105255126953125,-81.47673408940153,5539.740000000001,115.85918406259556,224.10163211222687
2024-04-14 23:45:24+00:00,ENY3814,26.10420227050781,-81.47429844118511,5532.12,115.85918406259556,224.10163211222687
2024-04-14 23:45:25+00:00,ENY3814,26.10328286381091,-81.47217970628003,5524.5,115.85918406259556,224.10163211222687
2024-04-14 23:45:26+00:00,ENY3814,26.102783203125,-81.47108545843162,5516.88,115.85918406259556,224.10163211222687
2024-04-14 23:45:27+00:00,ENY3814,26.101730346679688,-81.46870163251765,5501.64,115.79800623878972,223.41444707159803
2024-04-14 23:45:28+00:00,ENY3814,26.101043701171875,-81.46709514114093,5494.02,115.79800623878972,223.41444707159803
2024-04-14 23:45:29+00:00,ENY3814,26.10016386387712,-81.46504915677582,5486.400000000001,115.79800623878972,223.41444707159803
2024-04-14 23:45:30+00:00,ENY3814,26.099093162407307,-81.4626723069411,5471.16,115.79800623878972,223.41444707159803
2024-04-14 23:45:31+00:00,ENY3814,26.09797590869968,-81.46008418156549,5463.54,115.73645097925206,222.72751831726677
2024-04-14 23:45:32+00:00,ENY3814,26.097198486328125,-81.45823352741746,5455.92,115.73645097925206,222.72751831726677
2024-04-14 23:45:33+00:00,ENY3814,26.096832275390625,-81.45745619288027,5448.3,115.73645097925206,222.72751831726677
2024-04-14 23:45:34+00:00,ENY3814,26.095458984375,-81.45424321012678,5433.06,115.73645097925206,222.72751831726677
2024-04-14 23:45:35+00:00,ENY3814,26.094577595338983,-81.45221416766827,5425.4400000000005,115.79403650493722,222.2642189324936
2024-04-14 23:45:36+00:00,ENY3814,26.093719482421875,-81.45025289283609,5410.2,115.79403650493722,222.2642189324936
2024-04-14 23:45:37+00:00,ENY3814,26.093181028204448,-81.4490450345553,5410.2,115.67451492371742,222.04084822785524
2024-04-14 23:45:38+00:00,ENY3814,26.09197998046875,-81.4462625755454,5394.96,115.73214940204278,221.577307477338
2024-04-14 23:45:39+00:00,ENY3814,26.09108617750265,-81.44423851600061,5387.34,115.73214940204278,221.577307477338
2024-04-14 23:45:40+00:00,ENY3814,26.090240478515625,-81.44227225825472,5372.1,115.73214940204278,221.577307477338
2024-04-14 23:45:41+00:00,ENY3814,26.089363744703387,-81.44027709960938,5364.4800000000005,115.79002547023885,221.1139918714471
2024-04-14 23:45:42+00:00,ENY3814,26.0885009765625,-81.43828194096403,5356.860000000001,115.79002547023885,221.1139918714471
2024-04-14 23:45:43+00:00,ENY3814,26.08764131190413,-81.43631568321814,5349.240000000001,115.84814453167132,220.6509028284368
2024-04-14 23:45:44+00:00,ENY3814,26.08689647609905,-81.43457266000598,5334.0,115.84814453167132,220.6509028284368
2024-04-14 23:45:45+00:00,ENY3814,26.08607482910156,-81.43273695459902,5326.38,115.84814453167132,220.6509028284368
2024-04-14 23:45:46+00:00,ENY3814,26.085220595537606,-81.43076970027045,5318.76,115.90650799951442,220.1880417777959
2024-04-14 23:45:47+00:00,ENY3814,26.08433532714844,-81.42879845961085,5303.52,115.90650799951442,220.1880417777959
2024-04-14 23:45:48+00:00,ENY3814,26.08345161050053,-81.42680828387921,5295.900000000001,115.90650799951442,220.1880417777959
2024-04-14 23:45:49+00:00,ENY3814,26.082427461268537,-81.42443143404444,5288.280000000001,115.96511729682403,219.72541016035171
2024-04-14 23:45:50+00:00,ENY3814,26.08168262546345,-81.42274122971753,5273.04,115.96511729682403,219.72541016035171
2024-04-14 23:45:51+00:00,ENY3814,26.08070502846928,-81.42047001765326,5265.42,115.96511729682403,219.72541016035171
2024-04-14 23:45:52+00:00,ENY3814,26.08016967773437,-81.41931497825766,5257.8,115.90304957134737,219.0377864043548
2024-04-14 23:45:53+00:00,ENY3814,26.079308461334744,-81.41735370342548,5250.18,115.90304957134737,219.0377864043548
2024-04-14 23:45:54+00:00,ENY3814,26.078109741210938,-81.4145991487323,5234.9400000000005,115.90304957134737,219.0377864043548
2024-04-14 23:45:55+00:00,ENY3814,26.07774353027344,-81.4137181695902,5227.320000000001,115.90304957134737,219.0377864043548
2024-04-14 23:45:56+00:00,ENY3814,26.07651532706568,-81.41096261831427,5212.08,115.84059099494536,218.3504213099239
2024-04-14 23:45:57+00:00,ENY3814,26.075537730071503,-81.40869140625,5196.84,115.84059099494536,218.3504213099239
2024-04-14 23:45:58+00:00,ENY3814,26.074676513671875,-81.40672215875588,5189.22,115.84059099494536,218.3504213099239
2024-04-14 23:45:59+00:00,ENY3814,26.074264526367188,-81.40584117961379,5181.6,115.84059099494536,218.3504213099239
2024-04-14 23:46:00+00:00,ENY3814,26.07293701171875,-81.40278366376765,5158.740000000001,115.71897247733888,218.12668260914364
2024-04-14 23:46:01+00:00,ENY3814,26.072092864472985,-81.40087421123798,5151.12,115.71897247733888,218.12668260914364
2024-04-14 23:46:02+00:00,ENY3814,26.07176699880826,-81.40008192795972,5143.5,115.77773801393164,217.6633173275628
2024-04-14 23:46:03+00:00,ENY3814,26.070416983911542,-81.39691279484674,5120.64,115.77773801393164,217.6633173275628
2024-04-14 23:46:04+00:00,ENY3814,26.06971870034428,-81.39538104717548,5113.02,115.77773801393164,217.6633173275628
2024-04-14 23:46:05+00:00,ENY3814,26.068694551112287,-81.39300419734076,5097.780000000001,115.77773801393164,217.6633173275628
2024-04-14 23:46:06+00:00,ENY3814,26.067855834960938,-81.39107182340803,5090.16,115.8367542240016,217.20018199639432
2024-04-14 23:46:07+00:00,ENY3814,26.067018670550848,-81.38909559983472,5074.92,115.8367542240016,217.20018199639432
2024-04-14 23:46:08+00:00,ENY3814,26.066646252648304,-81.38830331655646,5067.3,115.71448703339402,216.9764769378789
2024-04-14 23:46:09+00:00,ENY3814,26.06529623775159,-81.38523982121393,5052.06,115.77355515915828,216.51309475147156
2024-04-14 23:46:10+00:00,ENY3814,26.06478881835937,-81.38407581257371,5044.4400000000005,115.77355515915828,216.51309475147156
2024-04-14 23:46:11+00:00,ENY3814,26.063620357190143,-81.38133122370795,5029.2,115.77355515915828,216.51309475147156
2024-04-14 23:46:12+00:00,ENY3814,26.062875521385063,-81.37964101938098,5013.96,115.8328765995142,216.04994366720797
2024-04-14 23:46:13+00:00,ENY3814,26.062042236328125,-81.37770166936912,5006.34,115.8328765995142,216.04994366720797
2024-04-14 23:46:14+00:00,ENY3814,26.06119964082362,-81.37583805964545,4998.72,115.76932762433871,215.3628733416496
2024-04-14 23:46:15+00:00,ENY3814,26.06039428710937,-81.37397046359081,4983.4800000000005,115.76932762433871,215.3628733416496
2024-04-14 23:46:16+00:00,ENY3814,26.059849625926905,-81.37272174541766,4975.860000000001,115.76932762433871,215.3628733416496
2024-04-14 23:46:17+00:00,ENY3814,26.058872028932733,-81.37050335223859,4968.240000000001,115.70537195119184,214.67606964879812
2024-04-14 23:46:18+00:00,ENY3814,26.05796813964844,-81.36837365492335,4953.0,115.70537195119184,214.67606964879812
2024-04-14 23:46:19+00:00,ENY3814,26.057149596133478,-81.3664891169621,4945.38,115.7650546897868,214.21265311688407
2024-04-14 23:46:20+00:00,ENY3814,26.056320190429688,-81.36453880454008,4937.76,115.7650546897868,214.21265311688407
2024-04-14 23:46:21+00:00,ENY3814,26.055427163334212,-81.36258051945612,4930.14,115.64100582430528,213.9895351559426
2024-04-14 23:46:22+00:00,ENY3814,26.05430603027344,-81.36003026422463,4914.900000000001,115.7007407595829,213.52586807465164
2024-04-14 23:46:23+00:00,ENY3814,26.053471969345868,-81.35809091421271,4907.280000000001,115.7007407595829,213.52586807465164
2024-04-14 23:46:24+00:00,ENY3814,26.053146103681144,-81.3573514498197,4899.66,115.7607356202773,213.0624340963675
2024-04-14 23:46:25+00:00,ENY3814,26.051796088784428,-81.35428795447717,4884.42,115.7607356202773,213.0624340963675
2024-04-14 23:46:26+00:00,ENY3814,26.05109780521716,-81.35259775015021,4876.8,115.82099197418928,212.59923474547745
2024-04-14 23:46:27+00:00,ENY3814,26.050166760460804,-81.35043217585638,4869.18,115.82099197418928,212.59923474547745
2024-04-14 23:46:28+00:00,ENY3814,26.04942192465572,-81.34874197152942,4861.56,115.82099197418928,212.59923474547745
2024-04-14 23:46:29+00:00,ENY3814,26.048583984375,-81.34686739939565,4853.9400000000005,115.8815114005025,212.1362715589076
2024-04-14 23:46:30+00:00,ENY3814,26.04774604409428,-81.34488619290863,4838.7,115.75636966462451,211.91221629970929
2024-04-14 23:46:31+00:00,ENY3814,26.04681499933792,-81.3428262563852,4831.08,115.8169442327963,211.44900051517143
2024-04-14 23:46:32+00:00,ENY3814,26.04611671577065,-81.34118887094348,4823.46,115.8169442327963,211.44900051517143
2024-04-14 23:46:33+00:00,ENY3814,26.045242309570312,-81.3391976986291,4815.84,115.8169442327963,211.44900051517143
2024-04-14 23:46:34+00:00,ENY3814,26.04448738744703,-81.33749154897833,4808.22,115.8169442327963,211.44900051517143
2024-04-14 23:46:35+00:00,ENY3814,26.043685913085938,-81.33562195975827,4800.6,115.8169442327963,211.44900051517143
2024-04-14 23:46:36+00:00,ENY3814,26.04290771484375,-81.33391182377653,4792.9800000000005,115.8169442327963,211.44900051517143
2024-04-14 23:46:37+00:00,ENY3814,26.0419921875,-81.33183893167745,4785.360000000001,115.8169442327963,211.44900051517143
2024-04-14 23:46:38+00:00,ENY3814,26.041182178561968,-81.3299384483924,4777.740000000001,115.8169442327963,211.44900051517143
2024-04-14 23:46:39+00:00,ENY3814,26.04034423828125,-81.32800408129424,4762.5,115.8169442327963,211.44900051517143
2024-04-14 23:46:40+00:00,ENY3814,26.03945974576271,-81.32597703200116,4754.88,115.8169442327963,211.44900051517143
2024-04-14 23:46:41+00:00,ENY3814,26.0386962890625,-81.32422105321342,4747.26,115.8169442327963,211.44900051517143
2024-04-14 23:46:42+00:00,ENY3814,26.03768920898437,-81.32194087190447,4739.64,115.8169442327963,211.44900051517143
2024-04-14 23:46:43+00:00,ENY3814,26.037277221679688,-81.32105989276238,4732.02,115.8169442327963,211.44900051517143
2024-04-14 23:46:44+00:00,ENY3814,26.036041259765625,-81.31815784382371,4716.780000000001,115.69132706511084,211.22546917988703
2024-04-14 23:46:45+00:00,ENY3814,26.035308837890625,-81.31639588553952,4709.16,115.69132706511084,211.22546917988703
2024-04-14 23:46:46+00:00,ENY3814,26.03489762645657,-81.31546607384314,4701.54,115.69132706511084,211.22546917988703
2024-04-14 23:46:47+00:00,ENY3814,26.03387347722457,-81.31319486177881,4686.3,115.69132706511084,211.22546917988703
2024-04-14 23:46:48+00:00,ENY3814,26.032974243164062,-81.3111618329894,4678.68,115.69132706511084,211.22546917988703
2024-04-14 23:46:49+00:00,ENY3814,26.03219759666313,-81.30928626427283,4671.06,115.69132706511084,211.22546917988703
2024-04-14 23:46:50+00:00,ENY3814,26.0313720703125,-81.30737880490858,4663.4400000000005,115.69132706511084,211.22546917988703
2024-04-14 23:46:51+00:00,ENY3814,26.030521716101696,-81.30543048565204,4655.820000000001,115.69132706511084,211.22546917988703
2024-04-14 23:46:52+00:00,ENY3814,26.029769897460938,-81.30369942143278,4648.2,115.69132706511084,211.22546917988703
2024-04-14 23:46:53+00:00,ENY3814,26.028613074351163,-81.30104651817908,4640.58,115.69132706511084,211.22546917988703
2024-04-14 23:46:54+00:00,ENY3814,26.0277099609375,-81.29898359190742,4625.34,115.69132706511084,211.22546917988703
2024-04-14 23:46:55+00:00,ENY3814,26.026937193789724,-81.29724355844348,4617.72,115.8169442327963,211.44900051517143
2024-04-14 23:46:56+00:00,ENY3814,26.026107788085938,-81.29535603073407,4610.1,115.8169442327963,211.44900051517143
2024-04-14 23:46:57+00:00,ENY3814,26.0253078654661,-81.29344059870795,4594.860000000001,115.8169442327963,211.44900051517143
2024-04-14 23:46:58+00:00,ENY3814,26.024459838867188,-81.2915211803508,4587.24,115.8169442327963,211.44900051517143
2024-04-14 23:46:59+00:00,ENY3814,26.024139404296875,-81.29079566811612,4587.24,115.8169442327963,211.44900051517143
2024-04-14 23:47:00+00:00,ENY3814,26.023306119239937,-81.28889817457929,4579.62,115.8169442327963,211.44900051517143
2024-04-14 23:47:01+00:00,ENY3814,26.021956104343214,-81.28583467923676,4564.38,115.8169442327963,211.44900051517143
2024-04-14 23:47:02+00:00,ENY3814,26.02125782077595,-81.28414447490985,4556.76,115.8169442327963,211.44900051517143
2024-04-14 23:47:03+00:00,ENY3814,26.020751953125,-81.28307414504718,4549.14,115.8169442327963,211.44900051517143
2024-04-14 23:47:04+00:00,ENY3814,26.01958194021451,-81.28034151517426,4533.900000000001,115.8169442327963,211.44900051517143
2024-04-14 23:47:05+00:00,ENY3814,26.019209522311968,-81.279549231896,4533.900000000001,115.8169442327963,211.44900051517143
2024-04-14 23:47:06+00:00,ENY3814,26.017999164128707,-81.27674983097955,4518.66,115.94229548987168,211.6735460862429
2024-04-14 23:47:07+00:00,ENY3814,26.017135620117188,-81.27483439895343,4511.04,115.94229548987168,211.6735460862429
2024-04-14 23:47:08+00:00,ENY3814,26.01623017909163,-81.27278841458832,4495.8,115.94229548987168,211.6735460862429
2024-04-14 23:47:09+00:00,ENY3814,26.01548767089844,-81.27105137087261,4495.8,115.94229548987168,211.6735460862429
2024-04-14 23:47:10+00:00,ENY3814,26.01455429853019,-81.26893263596753,4480.56,115.94229548987168,211.6735460862429
2024-04-14 23:47:11+00:00,ENY3814,26.013839721679688,-81.2672165204894,4472.9400000000005,115.94229548987168,211.6735460862429
2024-04-14 23:47:12+00:00,ENY3814,26.013343940346928,-81.26608041616583,4465.320000000001,115.94229548987168,211.6735460862429
2024-04-14 23:47:13+00:00,ENY3814,26.012374877929688,-81.26400353773585,4457.7,115.94229548987168,211.6735460862429
2024-04-14 23:47:14+00:00,ENY3814,26.011505126953125,-81.26193064563677,4450.08,115.94229548987168,211.6735460862429
2024-04-14 23:47:15+00:00,ENY3814,26.01031804488877,-81.25926677997296,4434.84,115.94229548987168,211.6735460862429
2024-04-14 23:47:16+00:00,ENY3814,26.009490966796875,-81.25737028301887,4427.22,115.94229548987168,211.6735460862429
2024-04-14 23:47:17+00:00,ENY3814,26.008804321289062,-81.25581561394455,4419.6,115.8815114005025,212.1362715589076
2024-04-14 23:47:18+00:00,ENY3814,26.007797241210938,-81.2535354326356,4411.9800000000005,115.8815114005025,212.1362715589076
2024-04-14 23:47:19+00:00,ENY3814,26.00738525390625,-81.25260263119105,4404.360000000001,115.8815114005025,212.1362715589076
2024-04-14 23:47:20+00:00,ENY3814,26.006640418101163,-81.25086857722357,4389.12,115.8815114005025,212.1362715589076
2024-04-14 23:47:21+00:00,ENY3814,26.005290403204448,-81.24780508188098,4381.5,115.8815114005025,212.1362715589076
2024-04-14 23:47:22+00:00,ENY3814,26.00459211963718,-81.24611487755408,4373.88,115.8815114005025,212.1362715589076
2024-04-14 23:47:23+00:00,ENY3814,26.003661074880824,-81.24400212214545,4358.64,115.75636966462451,211.91221629970929
2024-04-14 23:47:24+00:00,ENY3814,26.0028076171875,-81.2420827037883,4351.02,115.69605940402931,212.3756679106691
2024-04-14 23:47:25+00:00,ENY3814,26.002487182617188,-81.24135719155362,4351.02,115.69605940402931,212.3756679106691
2024-04-14 23:47:26+00:00,ENY3814,26.0012403585143,-81.23850895808295,4335.780000000001,115.69605940402931,212.3756679106691
2024-04-14 23:47:27+00:00,ENY3814,26.00042724609375,-81.2365895397258,4320.54,115.69605940402931,212.3756679106691
2024-04-14 23:47:28+00:00,ENY3814,25.99956447795286,-81.2346531794621,4312.92,115.69605940402931,212.3756679106691
2024-04-14 23:47:29+00:00,ENY3814,25.9991455078125,-81.23368749078713,4305.3,115.69605940402931,212.3756679106691
2024-04-14 23:47:30+00:00,ENY3814,25.99788859739142,-81.23085021972656,4297.68,115.69605940402931,212.3756679106691
2024-04-14 23:47:31+00:00,ENY3814,25.99700410487288,-81.22873746431787,4290.06,115.69605940402931,212.3756679106691
2024-04-14 23:47:32+00:00,ENY3814,25.9962592690678,-81.22704725999097,4274.820000000001,115.75636966462451,211.91221629970929
2024-04-14 23:47:33+00:00,ENY3814,25.9954833984375,-81.22529227778597,4267.2,115.8815114005025,212.1362715589076
2024-04-14 23:47:34+00:00,ENY3814,25.99467649298199,-81.22340275691107,4259.58,115.8815114005025,212.1362715589076
2024-04-14 23:47:35+00:00,ENY3814,25.99383544921875,-81.22150924970515,4251.96,115.8815114005025,212.1362715589076
2024-04-14 23:47:36+00:00,ENY3814,25.992954060182733,-81.21944134051984,4236.72,115.8815114005025,212.1362715589076
2024-04-14 23:47:37+00:00,ENY3814,25.992507934570312,-81.21845173385907,4229.1,115.75636966462451,211.91221629970929
2024-04-14 23:47:38+00:00,ENY3814,25.991604045286017,-81.21637784517725,4221.4800000000005,115.75636966462451,211.91221629970929
2024-04-14 23:47:39+00:00,ENY3814,25.9910888671875,-81.21529057340803,4213.860000000001,115.8169442327963,211.44900051517143
2024-04-14 23:47:40+00:00,ENY3814,25.98985290527344,-81.21233670216685,4206.24,115.69132706511084,211.22546917988703
2024-04-14 23:47:41+00:00,ENY3814,25.988997119968214,-81.21046213003302,4198.62,115.69132706511084,211.22546917988703
2024-04-14 23:47:42+00:00,ENY3814,25.9881591796875,-81.20845002948113,4183.38,115.6258602313424,210.5389960410865
2024-04-14 23:47:43+00:00,ENY3814,25.9873677916446,-81.20665917029748,4175.76,115.6258602313424,210.5389960410865
2024-04-14 23:47:44+00:00,ENY3814,25.986236572265625,-81.20404513377065,4168.14,115.55996517182382,209.85279957205813
2024-04-14 23:47:45+00:00,ENY3814,25.985916137695312,-81.20326779923346,4160.52,115.55996517182382,209.85279957205813
2024-04-14 23:47:46+00:00,ENY3814,25.984588623046875,-81.20026210568983,4145.280000000001,115.49363784720228,209.1668824957448
2024-04-14 23:47:47+00:00,ENY3814,25.983901977539062,-81.1986037920106,4137.66,115.55442560116396,208.7026457806226
2024-04-14 23:47:48+00:00,ENY3814,25.982986450195312,-81.19653089991152,4130.04,115.6154843206422,208.23864503000783
2024-04-14 23:47:49+00:00,ENY3814,25.982254028320312,-81.1948725862323,4122.42,115.54882463540712,207.5524939617084
2024-04-14 23:47:50+00:00,ENY3814,25.98145565744173,-81.19303189791162,4114.8,115.54882463540712,207.5524939617084
2024-04-14 23:47:51+00:00,ENY3814,25.98106384277344,-81.19202235959608,4107.18,115.61020992320582,207.08847212808132
2024-04-14 23:47:52+00:00,ENY3814,25.979736328125,-81.18906848835496,4091.94,115.67187084889004,206.6246890674479
2024-04-14 23:47:53+00:00,ENY3814,25.979049682617188,-81.18746199697819,4084.32,115.73380912938416,206.16114639124947
2024-04-14 23:47:54+00:00,ENY3814,25.978243553032307,-81.18553161621094,4076.7,115.79602649449996,205.6978457246141
2024-04-14 23:47:55+00:00,ENY3814,25.97749328613281,-81.1838862581073,4069.08,115.66687065620356,205.4744978663701
2024-04-14 23:47:56+00:00,ENY3814,25.97670732918432,-81.18204556978662,4061.46,115.72914513146289,205.01093637435093
2024-04-14 23:47:57+00:00,ENY3814,25.975962493379235,-81.18040818434491,4053.84,115.791701795145,204.54761816750067
2024-04-14 23:47:58+00:00,ENY3814,25.975078000860695,-81.17834824782148,4038.6,115.72442850374875,203.86072773124667
2024-04-14 23:47:59+00:00,ENY3814,25.974288940429688,-81.17652749115564,4030.98,115.72442850374875,203.86072773124667
2024-04-14 23:48:00+00:00,ENY3814,25.973495224774894,-81.17465092585638,4023.36,115.65670043115702,203.1741202386413
2024-04-14 23:48:01+00:00,ENY3814,25.972640991210938,-81.17274446307488,4008.12,115.7196583504192,202.7105204853221
2024-04-14 23:48:02+00:00,ENY3814,25.97191244868909,-81.17100642277643,4000.5,115.78290482302135,202.24716660901024
2024-04-14 23:48:03+00:00,ENY3814,25.97103881835937,-81.16906507959902,3985.26,115.7148337552065,201.56031466049615
2024-04-14 23:48:04+00:00,ENY3814,25.97060898603019,-81.16804856520429,3977.64,115.7784308621892,201.09694264830915
2024-04-14 23:48:05+00:00,ENY3814,25.969802856445312,-81.16616303066036,3977.64,115.70995378081128,200.41011028123717
2024-04-14 23:48:06+00:00,ENY3814,25.96870034427966,-81.16366459773138,3962.4,115.77390542710248,199.946719927868
2024-04-14 23:48:07+00:00,ENY3814,25.96781585176112,-81.16165748009314,3954.78,115.8381541062245,199.4835798308904
2024-04-14 23:48:08+00:00,ENY3814,25.967056274414062,-81.15984070975827,3947.16,115.76932762433871,198.796498469215
2024-04-14 23:48:09+00:00,ENY3814,25.96636962890625,-81.1583378629864,3939.54,115.83393822225842,198.33334118692977
2024-04-14 23:48:10+00:00,ENY3814,25.965499877929688,-81.15631679318983,3931.92,115.89885120689486,197.87043729263812
2024-04-14 23:48:11+00:00,ENY3814,25.96502271749205,-81.15526639498194,3924.3,115.82967315283696,197.1831036293077
2024-04-14 23:48:12+00:00,ENY3814,25.964263916015625,-81.15346656655362,3916.68,115.89495565485343,196.720183751977
2024-04-14 23:48:13+00:00,ENY3814,25.963486493644066,-81.15172752967248,3909.06,115.96054604016004,196.25752046531915
2024-04-14 23:48:14+00:00,ENY3814,25.962661743164062,-81.14989082768278,3901.44,115.89101427909348,195.56993113138515
2024-04-14 23:48:15+00:00,ENY3814,25.96190371755826,-81.14824148324817,3893.82,115.95698200784878,195.10725311231985
2024-04-14 23:48:16+00:00,ENY3814,25.961019225039724,-81.14612872783954,3886.2,116.0232632641656,194.64483495996808
2024-04-14 23:48:17+00:00,ENY3814,25.96036749371028,-81.14470261793866,3878.58,116.08986010986877,194.1826785308357
2024-04-14 23:48:18+00:00,ENY3814,25.95932006835937,-81.1423247715212,3863.34,116.0200423644704,193.4945549395145
2024-04-14 23:48:19+00:00,ENY3814,25.958831269862287,-81.1412693903996,3855.72,116.08702835133604,193.03238657431035
2024-04-14 23:48:20+00:00,ENY3814,25.95822609077065,-81.13984328049878,3855.72,116.01678294077378,192.34427553784832
2024-04-14 23:48:21+00:00,ENY3814,25.957015732587397,-81.13714951735273,3840.48,116.08416264124168,191.88209509495528
2024-04-14 23:48:22+00:00,ENY3814,25.95668986692267,-81.13641005295972,3832.86,116.15186762205042,191.42018130055533
2024-04-14 23:48:23+00:00,ENY3814,25.95565795898437,-81.134033203125,3825.24,116.0134842977818,191.193996766138
2024-04-14 23:48:24+00:00,ENY3814,25.954874329647776,-81.1321845421424,3817.62,116.08126236532097,190.73180410140384
2024-04-14 23:48:25+00:00,ENY3814,25.954421997070312,-81.13128662109375,3810.0,116.01014572336786,190.04371863582247
2024-04-14 23:48:26+00:00,ENY3814,25.953277587890625,-81.12859186136495,3802.38,116.01014572336786,190.04371863582247
2024-04-14 23:48:27+00:00,ENY3814,25.952957153320312,-81.12791817143278,3794.76,115.93851234167558,189.35592808413352
2024-04-14 23:48:28+00:00,ENY3814,25.95189498642744,-81.12542372483472,3779.52,116.0067664880604,188.893441158619
2024-04-14 23:48:29+00:00,ENY3814,25.951171875,-81.12387603183959,3771.9,115.93468295028806,188.2056655262837
2024-04-14 23:48:30+00:00,ENY3814,25.950451867055083,-81.1221489539513,3764.28,116.00334584451144,187.74316434653227
2024-04-14 23:48:31+00:00,ENY3814,25.94984668796345,-81.12082848182092,3756.66,115.93080646265189,187.0554038194849
2024-04-14 23:48:32+00:00,ENY3814,25.948962195444917,-81.11876854529748,3749.04,115.85773180853374,186.3679453334415
2024-04-14 23:48:33+00:00,ENY3814,25.94819641113281,-81.1170873102152,3741.42,115.92688200459872,185.90514297953436
2024-04-14 23:48:34+00:00,ENY3814,25.947472523834744,-81.11538813664362,3733.8,115.85333897104232,185.2177017775407
2024-04-14 23:48:35+00:00,ENY3814,25.94677734375,-81.11382250515919,3718.56,115.92290868019226,184.75488302262272
2024-04-14 23:48:36+00:00,ENY3814,25.946029404462397,-81.1121133657602,3718.56,115.84889123160757,184.06745932399545
2024-04-14 23:48:37+00:00,ENY3814,25.945587158203125,-81.1111277454304,3710.94,115.91888557104642,183.60462396534643
2024-04-14 23:48:38+00:00,ENY3814,25.94476318359375,-81.10921032023879,3703.32,115.91888557104642,183.60462396534643
2024-04-14 23:48:39+00:00,ENY3814,25.94374834480932,-81.10693711500898,3688.08,115.91481173561758,182.4543658247204
2024-04-14 23:48:40+00:00,ENY3814,25.94318971795551,-81.1056166428786,3680.46,115.83982687801873,181.76697780768168
2024-04-14 23:48:41+00:00,ENY3814,25.94247436523437,-81.10397626768867,3680.46,115.91068620847022,181.30410861819124
2024-04-14 23:48:42+00:00,ENY3814,25.94160461425781,-81.10205884249706,3672.84,115.98190816298016,180.84151815220363
2024-04-14 23:48:43+00:00,ENY3814,25.94090865830244,-81.10044039212738,3665.22,115.90650799951442,180.1538523636512
2024-04-14 23:48:44+00:00,ENY3814,25.940185546875,-81.09879403744105,3657.6,115.97817511332092,179.69124635812867
2024-04-14 23:48:45+00:00,ENY3814,25.939512091167902,-81.09721844012921,3649.98,115.83053014282316,179.46650095728506
2024-04-14 23:48:46+00:00,ENY3814,25.939232777740997,-81.0965846135066,3642.36,115.97439396243132,178.54097533667988
2024-04-14 23:48:47+00:00,ENY3814,25.938217163085938,-81.09433731942806,3634.74,115.82579182167014,178.31626433823897
2024-04-14 23:48:48+00:00,ENY3814,25.937789658368644,-81.09330984262317,3627.12,115.74871577901398,177.62925180899416
2024-04-14 23:48:49+00:00,ENY3814,25.93699827032574,-81.09146118164062,3619.5,115.82099197418928,177.16602895456455
2024-04-14 23:48:50+00:00,ENY3814,25.936248779296875,-81.08972513450766,3611.88,115.74339489346129,176.4790375709896
2024-04-14 23:48:51+00:00,ENY3814,25.935555150953387,-81.0881864107572,3604.26,115.8161293942542,176.0157948304806
2024-04-14 23:48:52+00:00,ENY3814,25.93487548828125,-81.08661579635907,3596.6400000000003,115.88924763567049,175.55283723963908
2024-04-14 23:48:53+00:00,ENY3814,25.934205136056672,-81.08512291541467,3589.02,115.81120284400724,174.86556199084322
2024-04-14 23:48:54+00:00,ENY3814,25.933502197265625,-81.08350645821048,3581.4,115.88479024620946,174.40258603005674
2024-04-14 23:48:55+00:00,ENY3814,25.93295288085937,-81.08221090064859,3573.78,115.95876926156063,173.939899283711
2024-04-14 23:48:56+00:00,ENY3814,25.932249942068324,-81.08063331017127,3566.1600000000003,115.80621105280945,173.71533046116684
2024-04-14 23:48:57+00:00,ENY3814,25.931458554025426,-81.07889028695911,3558.54,115.88027367006886,173.2523358900158
2024-04-14 23:48:58+00:00,ENY3814,25.93066716598252,-81.07704162597656,3550.92,115.801152716148,172.56510026764602
2024-04-14 23:48:59+00:00,ENY3814,25.929875777939618,-81.07519296499396,3543.3,115.8756967205768,172.10208684096108
2024-04-14 23:49:01+00:00,ENY3814,25.92864990234375,-81.07241648548052,3528.0600000000004,115.79602649449996,171.41487143717842
2024-04-14 23:49:02+00:00,ENY3814,25.92782592773437,-81.07055088259136,3520.44,115.87105817912648,170.95183890491478
2024-04-14 23:49:03+00:00,ENY3814,25.92740850933528,-81.06964698204627,3512.82,115.94649729240984,170.48910113370223
2024-04-14 23:49:04+00:00,ENY3814,25.92661712129237,-81.06779832106366,3505.2000000000003,115.86635679409454,169.80159210449563
2024-04-14 23:49:05+00:00,ENY3814,25.925825733249468,-81.06600247896631,3497.5800000000004,115.86635679409454,169.80159210449563
2024-04-14 23:49:06+00:00,ENY3814,25.92522055415784,-81.06462918795069,3489.96,115.78556485595952,169.11441797665228
2024-04-14 23:49:07+00:00,ENY3814,25.92462158203125,-81.06324393794222,3482.34,115.86159127971536,168.65134646293953
2024-04-14 23:49:08+00:00,ENY3814,25.92396364373676,-81.06177696814905,3474.7200000000003,115.93803621397164,168.18857352745863
2024-04-14 23:49:09+00:00,ENY3814,25.92329406738281,-81.06023824439859,3467.1000000000004,115.7802265740861,167.9641934041229
2024-04-14 23:49:10+00:00,ENY3814,25.92261362884004,-81.05860783503607,3459.48,115.856760314909,167.50110200412047
2024-04-14 23:49:11+00:00,ENY3814,25.9222412109375,-81.05785441848468,3451.86,115.856760314909,167.50110200412047
2024-04-14 23:49:12+00:00,ENY3814,25.92135671841896,-81.05575561523438,3444.24,115.93371827743378,167.03831112816667
2024-04-14 23:49:13+00:00,ENY3814,25.920639038085938,-81.05417503500883,3444.24,115.7748146746488,166.8139703097577
2024-04-14 23:49:14+00:00,ENY3814,25.919906616210938,-81.05246489902709,3436.6200000000003,115.85186254206042,166.3508587525728
2024-04-14 23:49:15+00:00,ENY3814,25.91963195800781,-81.05184303139737,3429.0,115.85186254206042,166.3508587525728
2024-04-14 23:49:16+00:00,ENY3814,25.918853759765625,-81.05008107311318,3421.38,115.92934046005482,165.8880496907189
2024-04-14 23:49:17+00:00,ENY3814,25.91830444335937,-81.04878551555129,3413.76,115.92934046005482,165.8880496907189
2024-04-14 23:49:18+00:00,ENY3814,25.91767909163136,-81.04741023137018,3413.76,115.76932762433871,165.66374872434585
2024-04-14 23:49:19+00:00,ENY3814,25.916748046875,-81.0452615989829,3398.52,115.84689656574776,165.2006167335142
2024-04-14 23:49:20+00:00,ENY3814,25.91596984863281,-81.04355146300117,3390.9,115.84689656574776,165.2006167335142
2024-04-14 23:49:21+00:00,ENY3814,25.915351479740465,-81.04202270507812,3383.28,115.84689656574776,165.2006167335142
2024-04-14 23:49:22+00:00,ENY3814,25.91507216631356,-81.0413888784555,3375.6600000000003,115.84689656574776,165.2006167335142
2024-04-14 23:49:23+00:00,ENY3814,25.91436767578125,-81.03987207952537,3368.04,115.84689656574776,165.2006167335142
2024-04-14 23:49:24+00:00,ENY3814,25.913489390227756,-81.0377971942608,3360.42,115.92490150755448,164.73778923526316
2024-04-14 23:49:25+00:00,ENY3814,25.913131713867188,-81.03702185288915,3352.8,115.92490150755448,164.73778923526316
2024-04-14 23:49:26+00:00,ENY3814,25.91246524099576,-81.03552598219648,3345.1800000000003,115.92490150755448,164.73778923526316
2024-04-14 23:49:27+00:00,ENY3814,25.911529541015625,-81.0333424694133,3337.56,115.84186095141725,164.05037597286952
2024-04-14 23:49:28+00:00,ENY3814,25.910797119140625,-81.03168415573407,3329.94,115.84186095141725,164.05037597286952
2024-04-14 23:49:29+00:00,ENY3814,25.91018418134269,-81.03024409367487,3322.32,115.84186095141725,164.05037597286952
2024-04-14 23:49:30+00:00,ENY3814,25.90962555448888,-81.02892362154444,3314.7000000000003,115.67993398919953,163.82678986835202
2024-04-14 23:49:31+00:00,ENY3814,25.90888071868379,-81.02728623610273,3307.0800000000004,115.35475700815678,163.3835592640907
2024-04-14 23:49:33+00:00,ENY3814,25.907903121689618,-81.024909386268,3291.84,114.78775522726156,163.19555149526315
2024-04-14 23:49:34+00:00,ENY3814,25.90731811523437,-81.02344440964032,3284.2200000000003,114.45894190524164,162.7668622283396
2024-04-14 23:49:35+00:00,ENY3814,25.90669276350636,-81.02189870981067,3276.6000000000004,113.88886771151329,162.6041847980306
2024-04-14 23:49:36+00:00,ENY3814,25.9061279296875,-81.02049053839914,3268.98,113.72291329342234,162.39653473335693
2024-04-14 23:49:37+00:00,ENY3814,25.905441284179688,-81.0186767578125,3261.36,113.3897350239194,161.98533751027546
2024-04-14 23:49:38+00:00,ENY3814,25.904708862304688,-81.01691479952831,3253.74,112.983642786905,162.05312627819356
2024-04-14 23:49:39+00:00,ENY3814,25.9041789426642,-81.01540198692908,3246.1200000000003,112.81598665473004,161.85294511499575
2024-04-14 23:49:40+00:00,ENY3814,25.903839111328125,-81.0145309736144,3246.1200000000003,112.64791673503434,161.65415322075015
2024-04-14 23:49:41+00:00,ENY3814,25.90338134765625,-81.01328723835496,3238.5,112.47943439710312,161.45675572702433
2024-04-14 23:49:42+00:00,ENY3814,25.902511596679688,-81.0109552347435,3230.88,112.31054104547852,161.26075775442857
2024-04-14 23:49:43+00:00,ENY3814,25.90228271484375,-81.01033336711379,3223.26,112.38013505195958,160.78494369580366
2024-04-14 23:49:44+00:00,ENY3814,25.90147891287076,-81.00811298076923,3215.6400000000003,112.21041464721183,160.58977379072903
2024-04-14 23:49:45+00:00,ENY3814,25.900955200195312,-81.0067576282429,3208.02,112.21041464721183,160.58977379072903
2024-04-14 23:49:46+00:00,ENY3814,25.90064097259004,-81.00589458759015,3200.4,112.21041464721183,160.58977379072903
2024-04-14 23:49:47+00:00,ENY3814,25.90008544921875,-81.00437380232898,3192.78,112.0402827042438,160.39601640411948
2024-04-14 23:49:48+00:00,ENY3814,25.899523718882413,-81.00288391113281,3185.1600000000003,112.10944834375168,159.91928436339091
2024-04-14 23:49:49+00:00,ENY3814,25.898757934570312,-81.0008498857606,3185.1600000000003,112.10944834375168,159.91928436339091
2024-04-14 23:49:50+00:00,ENY3814,25.89822025622352,-80.9993450458233,3177.54,112.10944834375168,159.91928436339091
2024-04-14 23:49:51+00:00,ENY3814,25.897705078125,-80.99789601451943,3169.92,112.10944834375168,159.91928436339091
2024-04-14 23:49:52+00:00,ENY3814,25.897201538085938,-80.99660045695754,3162.3,112.17902749064764,159.44278675921933
2024-04-14 23:49:53+00:00,ENY3814,25.8966064453125,-80.99494214327831,3154.6800000000003,112.35000581047042,159.63770111534697
2024-04-14 23:49:54+00:00,ENY3814,25.89603230104608,-80.99342933067908,3147.06,112.35000581047042,159.63770111534697
2024-04-14 23:49:55+00:00,ENY3814,25.8955078125,-80.99198827203713,3139.44,112.4204274359737,159.16202329983722
2024-04-14 23:49:56+00:00,ENY3814,25.89491504733845,-80.99041865422174,3131.82,112.4204274359737,159.16202329983722
2024-04-14 23:49:57+00:00,ENY3814,25.8944091796875,-80.9889825784935,3124.2000000000003,112.4204274359737,159.16202329983722
2024-04-14 23:49:58+00:00,ENY3814,25.894077107057733,-80.98809462327222,3116.5800000000004,112.4204274359737,159.16202329983722
2024-04-14 23:49:59+00:00,ENY3814,25.89344787597656,-80.98654693027709,3116.5800000000004,112.49127114510394,158.68658736535127
2024-04-14 23:50:00+00:00,ENY3814,25.892959853350103,-80.98518958458533,3108.96,112.49127114510394,158.68658736535127
2024-04-14 23:50:01+00:00,ENY3814,25.892166137695312,-80.98307483601121,3101.34,112.66267623236192,158.8840951220936
2024-04-14 23:50:02+00:00,ENY3814,25.891609838453387,-80.98159790039062,3093.7200000000003,112.73437047536166,158.40949572796484
2024-04-14 23:50:03+00:00,ENY3814,25.89106750488281,-80.98012096477004,3086.1000000000004,112.73437047536166,158.40949572796484
2024-04-14 23:50:04+00:00,ENY3814,25.89049258474576,-80.97864004281848,3078.48,112.73437047536166,158.40949572796484
2024-04-14 23:50:05+00:00,ENY3814,25.889968872070312,-80.97721891583137,3070.86,112.73437047536166,158.40949572796484
2024-04-14 23:50:06+00:00,ENY3814,25.889608092227224,-80.97631601186896,3063.24,112.806495491606,157.93514585445507
2024-04-14 23:50:07+00:00,ENY3814,25.888824462890625,-80.97431686689265,3055.6200000000003,112.806495491606,157.93514585445507
2024-04-14 23:50:08+00:00,ENY3814,25.888304629568324,-80.9728299654447,3048.0,112.806495491606,157.93514585445507
2024-04-14 23:50:09+00:00,ENY3814,25.88802531614142,-80.97214331993689,3048.0,112.806495491606,157.93514585445507
2024-04-14 23:50:10+00:00,ENY3814,25.887420137049787,-80.97050593449518,3040.38,112.8790549445747,157.46104775659967
2024-04-14 23:50:11+00:00,ENY3814,25.88672185348252,-80.96876291128302,3032.76,112.8790549445747,157.46104775659967
2024-04-14 23:50:12+00:00,ENY3814,25.88630288334216,-80.96760089580829,3025.1400000000003,112.8790549445747,157.46104775659967
2024-04-14 23:50:13+00:00,ENY3814,25.885757446289062,-80.96618076540386,3017.52,112.95205253643962,156.98720371547034
2024-04-14 23:50:14+00:00,ENY3814,25.88507080078125,-80.96441880711967,3009.9,112.95205253643962,156.98720371547034
2024-04-14 23:50:15+00:00,ENY3814,25.88461303710937,-80.96317507186023,3002.28,112.95205253643962,156.98720371547034
2024-04-14 23:50:16+00:00,ENY3814,25.883882166975635,-80.96126262958234,2994.6600000000003,112.7789391416964,156.7873064291155
2024-04-14 23:50:18+00:00,ENY3814,25.882997674457098,-80.95893859863281,2987.04,112.85194784891569,156.31311311707685
2024-04-14 23:50:19+00:00,ENY3814,25.882232666015625,-80.95695639556305,2979.42,112.67795950811978,156.1140479409368
2024-04-14 23:50:20+00:00,ENY3814,25.8816942117982,-80.95550537109375,2971.8,112.67795950811978,156.1140479409368
2024-04-14 23:50:21+00:00,ENY3814,25.881362915039062,-80.95462439195165,2964.1800000000003,112.67795950811978,156.1140479409368
2024-04-14 23:50:22+00:00,ENY3814,25.88057695809057,-80.95265315129205,2956.56,112.75097634278764,155.6395038054866
2024-04-14 23:50:23+00:00,ENY3814,25.880035400390625,-80.95120411998818,2948.94,112.75097634278764,155.6395038054866
2024-04-14 23:50:24+00:00,ENY3814,25.87950625662076,-80.94980093149036,2941.32,112.75097634278764,155.6395038054866
2024-04-14 23:50:25+00:00,ENY3814,25.8790872864804,-80.94863891601562,2933.7000000000003,112.75097634278764,155.6395038054866
2024-04-14 23:50:26+00:00,ENY3814,25.87843555515095,-80.94689589280347,2926.08,112.75097634278764,155.6395038054866
2024-04-14 23:50:27+00:00,ENY3814,25.877970032772776,-80.94573387732873,2918.46,112.82443967501963,155.16521398299727
2024-04-14 23:50:28+00:00,ENY3814,25.877426147460938,-80.94425993145637,2910.84,112.82443967501963,155.16521398299727
2024-04-14 23:50:29+00:00,ENY3814,25.876899331302965,-80.94288165752704,2903.2200000000003,112.82443967501963,155.16521398299727
2024-04-14 23:50:30+00:00,ENY3814,25.876373291015625,-80.94146152712261,2903.2200000000003,112.82443967501963,155.16521398299727
2024-04-14 23:50:31+00:00,ENY3814,25.87578207759534,-80.9399237999549,2895.6000000000004,112.82443967501963,155.16521398299727
2024-04-14 23:50:32+00:00,ENY3814,25.875274658203125,-80.9386113004864,2887.98,112.75097634278764,155.6395038054866
2024-04-14 23:50:33+00:00,ENY3814,25.874944137314618,-80.93775822566107,2880.36,112.75097634278764,155.6395038054866
2024-04-14 23:50:34+00:00,ENY3814,25.874176025390625,-80.93570925154773,2872.74,112.75097634278764,155.6395038054866
2024-04-14 23:50:35+00:00,ENY3814,25.873873435844807,-80.93490600585938,2865.1200000000003,112.75097634278764,155.6395038054866
2024-04-14 23:50:36+00:00,ENY3814,25.87322170451536,-80.93316298264722,2857.5,112.75097634278764,155.6395038054866
2024-04-14 23:50:37+00:00,ENY3814,25.872711181640625,-80.93177075655956,2857.5,112.82443967501963,155.16521398299727
2024-04-14 23:50:38+00:00,ENY3814,25.87191824185646,-80.92978257399335,2842.26,112.82443967501963,155.16521398299727
2024-04-14 23:50:40+00:00,ENY3814,25.870925903320312,-80.92715857163915,2834.6400000000003,112.82443967501963,155.16521398299727
2024-04-14 23:50:41+00:00,ENY3814,25.870285034179688,-80.92550025795987,2827.02,112.82443967501963,155.16521398299727
2024-04-14 23:50:42+00:00,ENY3814,25.869730286679022,-80.92402531550482,2819.4,112.82443967501963,155.16521398299727
2024-04-14 23:50:44+00:00,ENY3814,25.86895751953125,-80.92197634139148,2804.1600000000003,112.82443967501963,155.16521398299727
2024-04-14 23:50:45+00:00,ENY3814,25.868240615068856,-80.92006389911359,2796.54,112.82443967501963,155.16521398299727
2024-04-14 23:50:46+00:00,ENY3814,25.867588883739405,-80.91832087590143,2788.92,112.82443967501963,155.16521398299727
2024-04-14 23:50:47+00:00,ENY3814,25.86703491210937,-80.91689775574883,2781.3,112.82443967501963,155.16521398299727
2024-04-14 23:50:48+00:00,ENY3814,25.866531372070312,-80.9156540204894,2781.3,112.82443967501963,155.16521398299727
2024-04-14 23:50:49+00:00,ENY3814,25.86605265989142,-80.914306640625,2773.6800000000003,112.82443967501963,155.16521398299727
2024-04-14 23:50:50+00:00,ENY3814,25.865478515625,-80.91285561615564,2766.06,112.82443967501963,155.16521398299727
2024-04-14 23:50:51+00:00,ENY3814,25.86498195842161,-80.9115072397085,2758.44,112.82443967501963,155.16521398299727
2024-04-14 23:50:52+00:00,ENY3814,25.864425659179688,-80.91005721182194,2750.82,112.82443967501963,155.16521398299727
2024-04-14 23:50:54+00:00,ENY3814,25.863327026367188,-80.90720698518572,2743.2000000000003,112.82443967501963,155.16521398299727
2024-04-14 23:50:55+00:00,ENY3814,25.86279400324417,-80.90580280010516,2735.58,112.82443967501963,155.16521398299727
2024-04-14 23:50:56+00:00,ENY3814,25.862274169921875,-80.90435675854951,2727.96,112.82443967501963,155.16521398299727
2024-04-14 23:50:57+00:00,ENY3814,25.861909510725635,-80.90347876915564,2720.34,112.89835336909678,154.6911808126722
2024-04-14 23:50:58+00:00,ENY3814,25.861304331634003,-80.90178856482873,2712.7200000000003,112.72259804916315,154.4917388038278
2024-04-14 23:50:59+00:00,ENY3814,25.860763549804688,-80.90036644125883,2705.1,112.72259804916315,154.4917388038278
2024-04-14 23:51:00+00:00,ENY3814,25.86048889160156,-80.8997445736291,2705.1,112.7965214679426,154.0173511482325
2024-04-14 23:51:01+00:00,ENY3814,25.860000868975103,-80.89840815617487,2697.48,112.7965214679426,154.0173511482325
2024-04-14 23:51:02+00:00,ENY3814,25.85888361526748,-80.89555593637317,2682.24,112.87090155086844,153.54322145918397
2024-04-14 23:51:03+00:00,ENY3814,25.858697406316207,-80.895027747521,2682.24,112.87090155086844,153.54322145918397
2024-04-14 23:51:04+00:00,ENY3814,25.85781291379767,-80.89275653545673,2667.0,112.94574228959702,153.06935213382317
2024-04-14 23:51:06+00:00,ENY3814,25.8570556640625,-80.89077931530068,2659.38,113.1228358911806,153.27064502133814
2024-04-14 23:51:07+00:00,ENY3814,25.85627668994968,-80.88879511906549,2651.76,113.1985905136482,152.79766240724905
2024-04-14 23:51:08+00:00,ENY3814,25.85577392578125,-80.88746268794222,2644.1400000000003,113.27481545250912,152.3249485614242
2024-04-14 23:51:09+00:00,ENY3814,25.85525254071769,-80.88604853703424,2636.52,113.27481545250912,152.3249485614242
2024-04-14 23:51:11+00:00,ENY3814,25.854135287010063,-80.88319631723255,2621.28,113.17306900998508,151.6493307404652
2024-04-14 23:51:12+00:00,ENY3814,25.85362243652344,-80.88186587927476,2621.28,113.17306900998508,151.6493307404652
2024-04-14 23:51:14+00:00,ENY3814,25.852831824351163,-80.87986872746393,2606.04,113.07041224982466,150.97419542537062
2024-04-14 23:51:17+00:00,ENY3814,25.85101318359375,-80.87518080225527,2590.8,112.96683356834548,150.29954911829094
2024-04-14 23:51:18+00:00,ENY3814,25.850418090820312,-80.87357431087855,2575.56,112.96683356834548,150.29954911829094
2024-04-14 23:51:19+00:00,ENY3814,25.84996032714844,-80.87238239792157,2575.56,112.96683356834548,150.29954911829094
2024-04-14 23:51:20+00:00,ENY3814,25.849666272179554,-80.87157616248498,2567.94,113.04359780015577,149.82601911322186
2024-04-14 23:51:21+00:00,ENY3814,25.849090576171875,-80.87015403891508,2560.32,113.04359780015577,149.82601911322186
2024-04-14 23:51:22+00:00,ENY3814,25.848312377929688,-80.86802932451354,2552.7000000000003,113.04359780015577,149.82601911322186
2024-04-14 23:51:23+00:00,ENY3814,25.84799039161811,-80.86724501389722,2545.08,113.12084866242472,149.35275975598094
2024-04-14 23:51:24+00:00,ENY3814,25.847442626953125,-80.86585278780956,2545.08,113.12084866242472,149.35275975598094
2024-04-14 23:51:25+00:00,ENY3814,25.84673348119703,-80.8639174241286,2529.84,112.93910053279176,149.15150250639076
2024-04-14 23:51:26+00:00,ENY3814,25.846160888671875,-80.86253616045104,2529.84,113.01636920317355,148.67787612346498
2024-04-14 23:51:27+00:00,ENY3814,25.845662779727224,-80.86122366098255,2522.2200000000003,113.01636920317355,148.67787612346498
2024-04-14 23:51:29+00:00,ENY3814,25.84515380859375,-80.8598414007223,2514.6,113.09413159654414,148.20452186931809
2024-04-14 23:51:31+00:00,ENY3814,25.843567929025426,-80.8557833158053,2491.74,112.98871680208065,147.52976723408955
2024-04-14 23:51:32+00:00,ENY3814,25.843148958885063,-80.85456848144531,2484.1200000000003,112.98871680208065,147.52976723408955
2024-04-14 23:51:33+00:00,ENY3814,25.84259033203125,-80.85320814600527,2484.1200000000003,112.98871680208065,147.52976723408955
2024-04-14 23:51:34+00:00,ENY3814,25.842041015625,-80.85170529923346,2476.5,112.98871680208065,147.52976723408955
2024-04-14 23:51:35+00:00,ENY3814,25.841583251953125,-80.85051338627653,2468.88,112.98871680208065,147.52976723408955
2024-04-14 23:51:38+00:00,ENY3814,25.84026272014036,-80.84712101862982,2453.6400000000003,112.9606306379023,146.38169324746943
2024-04-14 23:51:42+00:00,ENY3814,25.837935108249468,-80.84109966571515,2423.1600000000003,112.9606306379023,146.38169324746943
2024-04-14 23:51:43+00:00,ENY3814,25.83746337890625,-80.83983799196636,2423.1600000000003,113.03943597990354,145.90814505351688
2024-04-14 23:51:44+00:00,ENY3814,25.83700561523437,-80.83864607900944,2415.54,113.03943597990354,145.90814505351688
2024-04-14 23:51:48+00:00,ENY3814,25.83486266055349,-80.83317683293268,2392.6800000000003,113.30489053920311,145.63763356178094
2024-04-14 23:51:49+00:00,ENY3814,25.8343505859375,-80.83180553508254,2385.06,113.30489053920311,145.63763356178094
2024-04-14 23:51:50+00:00,ENY3814,25.833838511321503,-80.83048306978662,2377.44,113.30489053920311,145.63763356178094
2024-04-14 23:51:53+00:00,ENY3814,25.83220918299788,-80.82620474008411,2354.58,113.30489053920311,145.63763356178094
2024-04-14 23:51:54+00:00,ENY3814,25.83179021285752,-80.82514836237982,2346.96,113.11875436534572,145.43487467996889
2024-04-14 23:51:55+00:00,ENY3814,25.831283569335938,-80.82382490050117,2346.96,113.11875436534572,145.43487467996889
2024-04-14 23:51:58+00:00,ENY3814,25.829928123344807,-80.82034184382513,2324.1,113.1985905136482,144.96188484790295
2024-04-14 23:51:59+00:00,ENY3814,25.8292236328125,-80.81853230794272,2316.48,113.1985905136482,144.96188484790295
2024-04-14 23:52:02+00:00,ENY3814,25.827693615929554,-80.8144968860554,2301.24,113.01143744310762,144.76000769417504
2024-04-14 23:52:04+00:00,ENY3814,25.826934814453125,-80.81253051757812,2286.0,113.01143744310762,144.76000769417504
2024-04-14 23:52:05+00:00,ENY3814,25.826156616210938,-80.81049601236975,2278.38,113.01143744310762,144.76000769417504
2024-04-14 23:52:10+00:00,ENY3814,25.82373046875,-80.80413818359375,2247.9,112.82376365850725,144.55967937788472
2024-04-14 23:52:12+00:00,ENY3814,25.822494506835938,-80.80093383789062,2232.6600000000003,112.82376365850725,144.55967937788472
2024-04-14 23:52:14+00:00,ENY3814,25.821781481726696,-80.7989501953125,2225.04,112.82376365850725,144.55967937788472
2024-04-14 23:52:15+00:00,ENY3814,25.82148742675781,-80.79828898111975,2225.04,112.82376365850725,144.55967937788472
2024-04-14 23:52:22+00:00,ENY3814,25.81754522808528,-80.78791204488499,2171.7000000000003,113.1985905136482,144.96188484790295
2024-04-14 23:52:25+00:00,ENY3814,25.81640625,-80.78501383463538,2156.46,113.1985905136482,144.96188484790295
2024-04-14 23:52:26+00:00,ENY3814,25.81576538085937,-80.78338623046875,2148.84,113.11875436534572,145.43487467996889
2024-04-14 23:52:27+00:00,ENY3814,25.81484519829184,-80.78096785635319,2141.2200000000003,113.11875436534572,145.43487467996889
2024-04-14 23:52:29+00:00,ENY3814,25.81434631347656,-80.77962239583331,2133.6,112.9321004375898,145.23365499132495
2024-04-14 23:52:30+00:00,ENY3814,25.81382104905985,-80.7783249189269,2125.98,112.9321004375898,145.23365499132495
2024-04-14 23:52:32+00:00,ENY3814,25.812286376953125,-80.77428181966144,2110.74,112.9321004375898,145.23365499132495
2024-04-14 23:52:34+00:00,ENY3814,25.81187438964844,-80.77321370442706,2103.12,112.9321004375898,145.23365499132495
2024-04-14 23:52:35+00:00,ENY3814,25.810867309570312,-80.770517985026,2087.88,112.9321004375898,145.23365499132495
2024-04-14 23:52:36+00:00,ENY3814,25.81063842773437,-80.77000935872394,2087.88,112.853279379929,145.70757894467624
2024-04-14 23:52:37+00:00,ENY3814,25.809814453125,-80.767822265625,2080.26,112.853279379929,145.70757894467624
2024-04-14 23:52:38+00:00,ENY3814,25.80930548199153,-80.76650943396226,2072.6400000000003,112.853279379929,145.70757894467624
2024-04-14 23:52:39+00:00,ENY3814,25.808761596679688,-80.76507568359375,2065.02,112.853279379929,145.70757894467624
2024-04-14 23:52:40+00:00,ENY3814,25.80828133275953,-80.76381467423346,2057.4,112.853279379929,145.70757894467624
2024-04-14 23:52:42+00:00,ENY3814,25.807676153667902,-80.76220818285674,2049.78,112.853279379929,145.70757894467624
2024-04-14 23:52:46+00:00,ENY3814,25.805145263671875,-80.75551350911456,2019.3,112.853279379929,145.70757894467624
2024-04-14 23:52:48+00:00,ENY3814,25.80437094478284,-80.7536575029481,2011.68,112.853279379929,145.70757894467624
2024-04-14 23:52:49+00:00,ENY3814,25.803579556739937,-80.75153278854657,2004.06,112.853279379929,145.70757894467624
2024-04-14 23:52:51+00:00,ENY3814,25.802741616459212,-80.74930442954008,1988.82,113.30489053920311,145.63763356178094
2024-04-14 23:52:52+00:00,ENY3814,25.802508855270126,-80.74878620651532,1988.82,113.38522105721376,145.16530437729946
2024-04-14 23:52:53+00:00,ENY3814,25.80148470603813,-80.74614326908903,1973.58,113.38522105721376,145.16530437729946
2024-04-14 23:52:54+00:00,ENY3814,25.80097961425781,-80.744883219401,1965.96,113.38522105721376,145.16530437729946
2024-04-14 23:52:55+00:00,ENY3814,25.800460556806144,-80.7435521539652,1958.34,113.38522105721376,145.16530437729946
2024-04-14 23:52:56+00:00,ENY3814,25.80004158666578,-80.74246388561318,1958.34,113.46607586967372,144.69326240599696
2024-04-14 23:52:58+00:00,ENY3814,25.799203646385063,-80.74033917121164,1943.1,113.54745980105945,144.22151046804927
2024-04-14 23:52:59+00:00,ENY3814,25.79869079589844,-80.73898315429688,1943.1,113.35983524606448,144.0167578630637
2024-04-14 23:53:02+00:00,ENY3814,25.796859741210938,-80.73430379231769,1920.24,113.25259217486162,143.34075315695287
2024-04-14 23:53:03+00:00,ENY3814,25.796550168829448,-80.7334986272848,1912.62,113.25259217486162,143.34075315695287
2024-04-14 23:53:05+00:00,ENY3814,25.795293258408368,-80.7303374668337,1897.38,113.25259217486162,143.34075315695287
2024-04-14 23:53:07+00:00,ENY3814,25.7947998046875,-80.72906494140625,1897.38,113.06339543772172,143.13843854751843
2024-04-14 23:53:10+00:00,ENY3814,25.7932915121822,-80.72510341428358,1874.52,113.14433316290352,142.66525539294148
2024-04-14 23:53:14+00:00,ENY3814,25.791243213718214,-80.719817539431,1851.66,113.0350444891853,141.99027180613638
2024-04-14 23:53:16+00:00,ENY3814,25.789764404296875,-80.71589152018225,1828.8,113.0350444891853,141.99027180613638
2024-04-14 23:53:18+00:00,ENY3814,25.78924146749205,-80.71453166457843,1821.18,113.11654410741887,141.516989809028
2024-04-14 23:53:20+00:00,ENY3814,25.78793334960937,-80.71116129557288,1805.94,113.11654410741887,141.516989809028
2024-04-14 23:53:22+00:00,ENY3814,25.786867303363348,-80.7083648105837,1798.3200000000002,113.11654410741887,141.516989809028
2024-04-14 23:53:23+00:00,ENY3814,25.786448333222985,-80.70732836453419,1790.7,113.11654410741887,141.516989809028
2024-04-14 23:53:26+00:00,ENY3814,25.78505176608845,-80.70364898105834,1775.46,113.11654410741887,141.516989809028
2024-04-14 23:53:27+00:00,ENY3814,25.78472900390625,-80.70287068684894,1767.84,113.11654410741887,141.516989809028
2024-04-14 23:53:28+00:00,ENY3814,25.78402761685646,-80.70105786593456,1760.22,112.92471220042724,141.3158097643158
2024-04-14 23:53:30+00:00,ENY3814,25.7828172586732,-80.69789670548346,1744.98,112.92471220042724,141.3158097643158
2024-04-14 23:53:33+00:00,ENY3814,25.78134155273437,-80.69402058919269,1729.74,112.92471220042724,141.3158097643158
2024-04-14 23:53:34+00:00,ENY3814,25.78081551244703,-80.69266265293334,1722.12,113.1985905136482,141.0439960682299
2024-04-14 23:54:07+00:00,ENY3814,25.77159816935911,-80.6497537864829,1524.0,90.8519190649052,138.40073460417858
2024-04-14 23:54:08+00:00,ENY3814,25.77159816935911,-80.64851005122347,1516.38,88.72223909237142,138.4198554816432
2024-04-14 23:54:10+00:00,ENY3814,25.77168273925781,-80.64549763997394,1508.76,87.86308914624276,137.96693697396367
2024-04-14 23:54:21+00:00,ENY3814,25.77243610963983,-80.63037224535672,1440.18,87.86308914624276,137.96693697396367
2024-04-14 23:54:26+00:00,ENY3814,25.772781372070312,-80.62362670898438,1409.7,86.77245323115244,137.05950630548185
2024-04-14 23:54:29+00:00,ENY3814,25.77304128873146,-80.61845311578713,1386.84,86.76029970389789,136.54588138289344
2024-04-14 23:54:31+00:00,ENY3814,25.773101806640625,-80.61711629231769,1379.22,86.76029970389789,136.54588138289344
2024-04-14 23:54:34+00:00,ENY3814,25.77337646484375,-80.61162312825519,1356.36,86.74805439963612,136.0322626505134
2024-04-14 23:54:36+00:00,ENY3814,25.77350681110964,-80.60907327903891,1348.74,86.74805439963612,136.0322626505134
2024-04-14 23:54:37+00:00,ENY3814,25.7735595703125,-80.60785929361975,1341.12,86.74805439963612,136.0322626505134
2024-04-14 23:54:38+00:00,ENY3814,25.77364646782309,-80.60648216391508,1333.5,86.74805439963612,136.0322626505134
2024-04-14 23:54:41+00:00,ENY3814,25.77387922901218,-80.60212909050705,1318.26,86.95291049661427,135.49033035614994
2024-04-14 23:54:43+00:00,ENY3814,25.773972333487816,-80.59943433077831,1303.02,86.95291049661427,135.49033035614994
2024-04-14 23:54:44+00:00,ENY3814,25.77401733398437,-80.59865315755206,1303.02,86.95291049661427,135.49033035614994
2024-04-14 23:54:45+00:00,ENY3814,25.77406543796345,-80.59725779407427,1295.4,87.17019240711285,135.46395830268642
2024-04-14 23:54:46+00:00,ENY3814,25.774154663085938,-80.5953470865885,1287.78,87.17019240711285,135.46395830268642
2024-04-14 23:54:47+00:00,ENY3814,25.774251646914724,-80.59399298901826,1280.16,87.17019240711285,135.46395830268642
2024-04-14 23:54:48+00:00,ENY3814,25.77429819915254,-80.59290472066624,1280.16,87.17019240711285,135.46395830268642
2024-04-14 23:54:49+00:00,ENY3814,25.774337768554688,-80.59137980143225,1272.54,87.3775985394589,134.9256278584879
2024-04-14 23:54:51+00:00,ENY3814,25.774391303628175,-80.59000267172758,1264.92,87.3775985394589,134.9256278584879
2024-04-14 23:54:53+00:00,ENY3814,25.77452087402344,-80.587158203125,1249.68,87.3775985394589,134.9256278584879
2024-04-14 23:54:55+00:00,ENY3814,25.77461242675781,-80.58446248372394,1242.0600000000002,87.3775985394589,134.9256278584879
2024-04-14 23:55:02+00:00,ENY3814,25.7750244140625,-80.57520548502605,1203.96,87.40724535979967,136.46736188433917
2024-04-14 23:55:03+00:00,ENY3814,25.775115966796875,-80.57291666666663,1188.72,87.40724535979967,136.46736188433917
2024-04-14 23:55:06+00:00,ENY3814,25.775275796146715,-80.56932557303952,1181.1,87.42664053682319,137.4952044875453
2024-04-14 23:55:08+00:00,ENY3814,25.77536890062235,-80.56652716870576,1173.48,87.42664053682319,137.4952044875453
2024-04-14 23:55:09+00:00,ENY3814,25.775436401367188,-80.56523640950519,1173.48,87.43622978853499,138.00913163142377
2024-04-14 23:55:10+00:00,ENY3814,25.77548217773437,-80.56411743164062,1165.86,87.43622978853499,138.00913163142377
2024-04-14 23:55:11+00:00,ENY3814,25.77555510957362,-80.562744140625,1165.86,87.43622978853499,138.00913163142377
2024-04-14 23:55:14+00:00,ENY3814,25.775711059570312,-80.55857340494788,1165.86,87.43622978853499,138.00913163142377
2024-04-14 23:55:20+00:00,ENY3814,25.77607727050781,-80.55028279622394,1150.62,87.22290389307449,138.0331001223549
2024-04-14 23:55:21+00:00,ENY3814,25.776123046875,-80.54916381835938,1143.0,87.22290389307449,138.0331001223549
2024-04-14 23:55:22+00:00,ENY3814,25.776160288665253,-80.54776749520931,1143.0,87.22290389307449,138.0331001223549
2024-04-14 23:55:23+00:00,ENY3814,25.776253393140887,-80.54662740455484,1135.38,87.22290389307449,138.0331001223549
2024-04-14 23:55:24+00:00,ENY3814,25.776351928710938,-80.54356892903644,1127.76,87.21251915796798,137.51926255183412
2024-04-14 23:55:26+00:00,ENY3814,25.7764892578125,-80.540771484375,1120.14,87.22290389307449,138.0331001223549
2024-04-14 23:55:27+00:00,ENY3814,25.7764892578125,-80.54021199544269,1120.14,87.22290389307449,138.0331001223549
2024-04-14 23:55:28+00:00,ENY3814,25.7765327065678,-80.53937228220815,1112.52,87.22290389307449,138.0331001223549
2024-04-14 23:55:30+00:00,ENY3814,25.77667236328125,-80.53578694661456,1097.28,87.42664053682319,137.4952044875453
2024-04-14 23:55:33+00:00,ENY3814,25.77685546875,-80.53192138671875,1082.04,87.41697933136494,136.98128122390446
2024-04-14 23:55:35+00:00,ENY3814,25.77685857223252,-80.53108071381189,1082.04,87.40724535979967,136.46736188433917
2024-04-14 23:55:36+00:00,ENY3814,25.77699279785156,-80.52800496419269,1066.8,87.40724535979967,136.46736188433917
2024-04-14 23:55:37+00:00,ENY3814,25.777084350585938,-80.52591959635413,1059.18,87.19151512265401,136.4916011166972
2024-04-14 23:55:38+00:00,ENY3814,25.777137885659428,-80.52455110369988,1051.56,87.1808940511267,135.9777773556644
2024-04-14 23:55:39+00:00,ENY3814,25.777184437897244,-80.52398105837261,1043.94,87.1808940511267,135.9777773556644
2024-04-14 23:55:40+00:00,ENY3814,25.777267456054688,-80.5221048990885,1036.3200000000002,87.17019240711285,135.46395830268642
2024-04-14 23:55:41+00:00,ENY3814,25.777267456054688,-80.52154541015625,1036.3200000000002,87.17019240711285,135.46395830268642
2024-04-14 23:55:42+00:00,ENY3814,25.777359008789062,-80.51935831705725,1028.7,87.17019240711285,135.46395830268642
2024-04-14 23:55:43+00:00,ENY3814,25.77745056152344,-80.5181884765625,1021.08,87.15940927103068,134.9501440115407
2024-04-14 23:55:44+00:00,ENY3814,25.777463751324152,-80.5174514482606,1021.08,87.15940927103068,134.9501440115407
2024-04-14 23:55:45+00:00,ENY3814,25.77754211425781,-80.51610310872394,1013.46,87.3775985394589,134.9256278584879
