Timestamp,Callsign,lat,lon,Altitude,Speed,Direction
2024-01-09 19:43:16+00:00,ENY4071,25.837326049804688,-80.15920387124112,1021.08,10.82023688089099,153.46046462743087
2024-01-09 19:43:17+00:00,ENY4071,25.83858683957892,-80.158943763146,1028.7,9.462322208025617,153.33279366970012
2024-01-09 19:43:18+00:00,ENY4071,25.839238570908368,-80.15883812537561,1043.94,8.702223789946798,153.0079613157423
2024-01-09 19:43:19+00:00,ENY4071,25.84117126464844,-80.15853018130895,1066.8,6.766174822553061,152.8253726357374
2024-01-09 19:43:21+00:00,ENY4071,25.844126555879235,-80.15825711763819,1097.28,5.0367827095225,152.34927051960682
2024-01-09 19:43:22+00:00,ENY4071,25.84556579589844,-80.1581674251916,1112.52,3.685146655155773,152.07542421337675
2024-01-09 19:43:23+00:00,ENY4071,25.846919690148304,-80.15809866098255,1127.76,1.9349323095527695,152.36229854295777
2024-01-09 19:43:24+00:00,ENY4071,25.848220825195312,-80.15806378058664,1143.0,1.3547152510306295,152.31799871718195
2024-01-09 19:43:25+00:00,ENY4071,25.84961971994173,-80.15804584209735,1158.24,0.7742201649280623,152.28932725718488
2024-01-09 19:43:26+00:00,ENY4071,25.85101318359375,-80.15801195828419,1165.86,0.5806805858927059,152.2832447383559
2024-01-09 19:43:27+00:00,ENY4071,25.85224914550781,-80.15801195828419,1181.1,0.3858243331694871,152.79333223008774
2024-01-09 19:43:28+00:00,ENY4071,25.853805541992188,-80.15801195828419,1196.34,0.3858243331694871,152.79333223008774
2024-01-09 19:43:34+00:00,ENY4071,25.86103820800781,-80.15796013598174,1249.68,0.5729386976834859,154.34091646709314
2024-01-09 19:43:35+00:00,ENY4071,25.863585391287074,-80.1579402043269,1272.54,0.5710353731147716,154.8553348322652
2024-01-09 19:43:36+00:00,ENY4071,25.864974975585938,-80.15790831367923,1280.16,0.7613608915303042,154.86131632663114
2024-01-09 19:43:37+00:00,ENY4071,25.86642507779396,-80.15788738544171,1295.4,0.7613608915303042,154.86131632663114
2024-01-09 19:43:39+00:00,ENY4071,25.86900329589844,-80.15780466907427,1318.26,1.1381770074881843,155.3927472000178
2024-01-09 19:43:40+00:00,ENY4071,25.86982339115466,-80.15778174767127,1325.88,1.1344216309770068,155.90709003440455
2024-01-09 19:43:41+00:00,ENY4071,25.871841430664062,-80.15775284677181,1333.5,1.1344216309770068,155.90709003440455
2024-01-09 19:43:42+00:00,ENY4071,25.873268256753175,-80.15772892878607,1348.74,1.130690951237971,156.42143353415946
2024-01-09 19:43:43+00:00,ENY4071,25.874679565429688,-80.1577010244693,1363.98,1.130690951237971,156.42143353415946
2024-01-09 19:43:44+00:00,ENY4071,25.87615449549788,-80.15767610990082,1371.6,0.7513769830242889,156.91891303295017
2024-01-09 19:43:45+00:00,ENY4071,25.8775634765625,-80.1577010244693,1379.22,359.62429535534324,156.90879336701607
2024-01-09 19:43:46+00:00,ENY4071,25.878947629766948,-80.15772892878607,1394.46,358.6852457086173,156.94673874981942
2024-01-09 19:43:47+00:00,ENY4071,25.88015798795021,-80.15778174767127,1402.0800000000002,357.73949808885874,156.51277057425108
2024-01-09 19:43:48+00:00,ENY4071,25.88095092773437,-80.15780466907427,1409.7,357.1751965926166,156.58123839013464
2024-01-09 19:43:49+00:00,ENY4071,25.88290456998146,-80.15788738544171,1424.94,356.6114430092765,156.66488064040595
2024-01-09 19:43:50+00:00,ENY4071,25.88433837890625,-80.15801195828419,1440.18,356.4236656250026,156.69612941406905
2024-01-09 19:43:51+00:00,ENY4071,25.885790808726163,-80.15809866098255,1455.42,356.0483455186177,156.76367303582023
2024-01-09 19:43:52+00:00,ENY4071,25.88731384277344,-80.15821924749412,1470.66,355.8608107442738,156.79996571024623
2024-01-09 19:43:53+00:00,ENY4071,25.888770151946503,-80.15836275540863,1478.28,355.47117576306744,156.3647439249953
2024-01-09 19:43:54+00:00,ENY4071,25.890060424804688,-80.1584783590065,1493.52,355.47117576306744,156.3647439249953
2024-01-09 19:43:55+00:00,ENY4071,25.89170837402344,-80.15868564821636,1508.76,353.57652956344344,156.3435858198249
2024-01-09 19:43:56+00:00,ENY4071,25.8931926145392,-80.1588909442608,1516.38,353.20211749971367,156.46203435683688
2024-01-09 19:43:57+00:00,ENY4071,25.89463806152344,-80.15910022663621,1531.62,352.4302949451822,156.2089531972106
2024-01-09 19:43:58+00:00,ENY4071,25.89538056971663,-80.15920785757208,1539.24,351.8431613997617,155.9104850018512
2024-01-09 19:43:59+00:00,ENY4071,25.897476196289062,-80.15956662735846,1562.1,351.46923439005184,156.05979045301964
2024-01-09 19:44:00+00:00,ENY4071,25.898266808461333,-80.15973604642426,1562.1,350.87983093136774,155.78821956398653
2024-01-09 19:44:01+00:00,ENY4071,25.899627685546875,-80.15998120577831,1577.34,350.28843181876096,155.5331912042445
2024-01-09 19:44:02+00:00,ENY4071,25.90152546510858,-80.16036987304688,1600.2,349.695153531234,155.29478687328174
2024-01-09 19:44:03+00:00,ENY4071,25.902374267578125,-80.16055125110552,1607.8200000000002,349.695153531234,155.29478687328174
2024-01-09 19:44:04+00:00,ENY4071,25.90292358398437,-80.16065489571048,1607.8200000000002,348.5412476541228,155.37230840555011
2024-01-09 19:44:05+00:00,ENY4071,25.90427204713983,-80.16100369966944,1623.0600000000002,347.75941871803644,155.29137844549342
2024-01-09 19:44:06+00:00,ENY4071,25.905670166015625,-80.16132858564265,1638.3000000000002,347.347443499442,155.01077867205143
2024-01-09 19:44:07+00:00,ENY4071,25.907867431640625,-80.16189863096992,1661.16,346.5634489106941,154.97406699658777
2024-01-09 19:44:08+00:00,ENY4071,25.90951538085937,-80.16236503169222,1668.78,345.54757174890705,154.59534380684178
2024-01-09 19:44:09+00:00,ENY4071,25.91088246490996,-80.16279954176679,1684.02,344.76160022833614,154.6252992520156
2024-01-09 19:44:10+00:00,ENY4071,25.91221618652344,-80.1631941885318,1691.64,344.3944017273245,154.89890900228735
2024-01-09 19:44:11+00:00,ENY4071,25.913582494703387,-80.1636446439303,1706.88,343.3737904995701,154.6244434626888
2024-01-09 19:44:12+00:00,ENY4071,25.914746300648837,-80.16406719501202,1714.5,342.953402073008,154.43005656067206
2024-01-09 19:44:13+00:00,ENY4071,25.91572389764301,-80.1643841083233,1729.74,342.34987578006985,154.3992061983593
2024-01-09 19:44:14+00:00,ENY4071,25.917068481445312,-80.16485250221109,1737.36,341.9867790567421,154.7142754958492
2024-01-09 19:44:15+00:00,ENY4071,25.918624877929688,-80.16547436984081,1752.6,341.74617527188013,154.38549294741813
2024-01-09 19:44:16+00:00,ENY4071,25.92051877813824,-80.16612713153546,1767.84,341.74617527188013,154.38549294741813
2024-01-09 19:44:17+00:00,ENY4071,25.92107740499205,-80.1663384070763,1775.46,341.9276778510405,154.2251289218747
2024-01-09 19:44:18+00:00,ENY4071,25.92266018107786,-80.16691941481366,1790.7,341.9276778510405,154.2251289218747
2024-01-09 19:44:19+00:00,ENY4071,25.92438261387712,-80.16750042255109,1813.56,341.9276778510405,154.2251289218747
2024-01-09 19:44:20+00:00,ENY4071,25.925033569335938,-80.16775455114976,1821.18,341.9276778510405,154.2251289218747
2024-01-09 19:44:21+00:00,ENY4071,25.92713928222656,-80.16853188568689,1844.04,341.8682006207921,153.736147489751
2024-01-09 19:44:23+00:00,ENY4071,25.929689568988348,-80.16945472130408,1874.52,341.6861837228464,153.89702104536954
2024-01-09 19:44:24+00:00,ENY4071,25.930938720703125,-80.16987926555129,1882.14,341.6861837228464,153.89702104536954
2024-01-09 19:44:25+00:00,ENY4071,25.93220338983051,-80.17035264235273,1897.38,341.6861837228464,153.89702104536954
2024-01-09 19:44:26+00:00,ENY4071,25.93336719577595,-80.17077519343451,1912.62,341.6861837228464,153.89702104536954
2024-01-09 19:44:27+00:00,ENY4071,25.934600830078125,-80.17122664541569,1927.86,341.74617527188013,154.38549294741813
2024-01-09 19:44:29+00:00,ENY4071,25.937301635742188,-80.17221126916274,1943.1,341.74617527188013,154.38549294741813
2024-01-09 19:44:30+00:00,ENY4071,25.93806897179555,-80.17251821664661,1950.72,341.8057883297998,154.87413303664997
2024-01-09 19:44:31+00:00,ENY4071,25.94021037473517,-80.17325768103967,1965.96,341.8057883297998,154.87413303664997
2024-01-09 19:44:32+00:00,ENY4071,25.940862106064618,-80.17352177546576,1965.96,341.86502633938187,155.36293972614217
2024-01-09 19:44:33+00:00,ENY4071,25.942398329912606,-80.17404996431787,1973.58,342.04550766800617,155.2035856502692
2024-01-09 19:44:34+00:00,ENY4071,25.943161010742188,-80.17433598356428,1973.58,342.22635819436897,155.04577473220704
2024-01-09 19:44:35+00:00,ENY4071,25.945563882084212,-80.17521197979266,1988.82,342.28420729362307,155.53574355775422
2024-01-09 19:44:36+00:00,ENY4071,25.94691467285156,-80.17568336342862,1988.82,342.4649108919824,155.37997326853807
2024-01-09 19:44:37+00:00,ENY4071,25.948013305664062,-80.17604611954596,1996.44,342.4649108919824,155.37997326853807
2024-01-09 19:44:39+00:00,ENY4071,25.950210571289062,-80.17682345408315,2004.06,342.34169300670175,156.0258699417342
2024-01-09 19:44:40+00:00,ENY4071,25.951812744140625,-80.17739349941036,2011.68,341.98239078531,156.34104665478466
2024-01-09 19:44:41+00:00,ENY4071,25.952911376953125,-80.17780807783015,2011.68,341.80328589358925,156.50093359472416
2024-01-09 19:44:42+00:00,ENY4071,25.95482777740996,-80.17848675067609,2019.3,341.62454833068,156.66234668287473
2024-01-09 19:44:43+00:00,ENY4071,25.95616149902344,-80.17899999078713,2019.3,341.44618043577805,156.82528120685285
2024-01-09 19:44:44+00:00,ENY4071,25.957527807203387,-80.17949030949518,2026.92,341.32829310517087,157.47701407049777
2024-01-09 19:44:45+00:00,ENY4071,25.95835876464844,-80.17982914762678,2026.92,341.32829310517087,157.47701407049777
2024-01-09 19:44:46+00:00,ENY4071,25.960227836996825,-80.18054668719952,2034.54,341.15115697672314,157.6424642299769
2024-01-09 19:44:47+00:00,ENY4071,25.96156311035156,-80.18107288288621,2042.16,340.2081443266693,158.00802218496003
2024-01-09 19:44:48+00:00,ENY4071,25.96241579217426,-80.18139178936298,2042.16,339.029407630804,158.1185290275899
2024-01-09 19:44:49+00:00,ENY4071,25.963533045881885,-80.18191997821515,2049.78,337.6805596070249,158.49050331743635
2024-01-09 19:44:50+00:00,ENY4071,25.965581344345868,-80.18287071814905,2057.4,336.85029665837305,158.33680418037142
2024-01-09 19:44:51+00:00,ENY4071,25.966745150291317,-80.18345172588641,2065.02,334.6006904292232,158.31841712262124
2024-01-09 19:44:52+00:00,ENY4071,25.96742248535156,-80.18387128721992,2065.02,333.10135271186647,158.0582621458018
2024-01-09 19:44:53+00:00,ENY4071,25.969528198242188,-80.1850632001769,2072.6400000000003,330.92724709585576,157.74651645761438
2024-01-09 19:44:55+00:00,ENY4071,25.970947265625,-80.18599600162145,2080.26,328.07391885825035,157.59461072206366
2024-01-09 19:44:56+00:00,ENY4071,25.972145209878175,-80.18683213454023,2087.88,326.2059475074026,157.2348243976778
2024-01-09 19:44:58+00:00,ENY4071,25.97503144862288,-80.18910334660455,2110.74,322.1084233057766,155.79841201522729
2024-01-09 19:44:59+00:00,ENY4071,25.975662231445312,-80.1896235627948,2110.74,322.1084233057766,155.79841201522729
2024-01-09 19:45:00+00:00,ENY4071,25.976531982421875,-80.19040089733193,2118.36,322.1084233057766,155.79841201522729
2024-01-09 19:45:01+00:00,ENY4071,25.97759182170286,-80.19137455866888,2125.98,317.0309142368531,153.97008982304152
2024-01-09 19:45:02+00:00,ENY4071,25.979415893554688,-80.19330294627065,2148.84,315.1360942322055,153.1462720625659
2024-01-09 19:45:03+00:00,ENY4071,25.980431508209744,-80.19449087289661,2164.08,315.1360942322055,153.1462720625659
2024-01-09 19:45:05+00:00,ENY4071,25.98224704548464,-80.19676208496094,2186.94,309.48130588494377,151.30077037148797
2024-01-09 19:45:06+00:00,ENY4071,25.983078002929688,-80.19791513119105,2194.56,307.6165082037434,150.02460746447937
2024-01-09 19:45:08+00:00,ENY4071,25.98387637380826,-80.19919175368085,2209.8,303.69006752597977,148.3883376283837
2024-01-09 19:45:09+00:00,ENY4071,25.98531949318061,-80.20156860351562,2232.6600000000003,302.3642688061764,147.9999150352494
2024-01-09 19:45:11+00:00,ENY4071,25.98666950807733,-80.20415672889123,2255.52,298.7227412849946,146.65624609014642
2024-01-09 19:45:12+00:00,ENY4071,25.987289428710938,-80.20542936505012,2263.1400000000003,296.83616482956177,145.86369943934113
2024-01-09 19:45:13+00:00,ENY4071,25.98774719238281,-80.20651763340209,2270.76,296.83616482956177,145.86369943934113
2024-01-09 19:45:14+00:00,ENY4071,25.98829883640095,-80.20790686974158,2286.0,294.4775396414664,145.2682736940395
2024-01-09 19:45:15+00:00,ENY4071,25.988904015492583,-80.20943861741284,2301.24,294.0242744785006,145.3147226750693
2024-01-09 19:45:16+00:00,ENY4071,25.989322985632946,-80.21054781400238,2308.86,291.1551009670709,143.9726474688501
2024-01-09 19:45:17+00:00,ENY4071,25.98988161248676,-80.2121851994441,2324.1,290.12345107774297,143.54739184161082
2024-01-09 19:45:18+00:00,ENY4071,25.9902540303893,-80.21340003380408,2331.7200000000003,289.47421405230625,143.5086697524064
2024-01-09 19:45:19+00:00,ENY4071,25.990447998046875,-80.21408368956367,2339.34,288.0434120053313,142.83767180037805
2024-01-09 19:45:20+00:00,ENY4071,25.9910454184322,-80.21614661583533,2362.2000000000003,286.0024918257335,141.8233565635969
2024-01-09 19:45:21+00:00,ENY4071,25.991363525390625,-80.21745213922463,2369.82,284.9986815044943,141.13590891247406
2024-01-09 19:45:22+00:00,ENY4071,25.99169714976165,-80.21889319786658,2385.06,283.78159723565363,140.3687580595312
2024-01-09 19:45:23+00:00,ENY4071,25.99197646318856,-80.22042494553784,2400.3,282.30053887899805,140.05731994994164
2024-01-09 19:45:24+00:00,ENY4071,25.99214172363281,-80.2212351673054,2407.92,281.0611824615918,139.43235684851118
2024-01-09 19:45:25+00:00,ENY4071,25.99239543332892,-80.22264333871692,2423.1600000000003,279.60198257618515,138.78646548257947
2024-01-09 19:45:26+00:00,ENY4071,25.992599487304688,-80.22403357163915,2438.4,279.1826622958501,138.61855625571664
2024-01-09 19:45:27+00:00,ENY4071,25.99276785123146,-80.22538992074817,2461.26,278.13010235415595,138.23139955747826
2024-01-09 19:45:28+00:00,ENY4071,25.992919921875,-80.2267283313679,2468.88,277.707485722965,138.08964926636273
2024-01-09 19:45:29+00:00,ENY4071,25.99310302734375,-80.22849028965209,2491.74,277.07198926592696,137.8911459821693
2024-01-09 19:45:30+00:00,ENY4071,25.993279925847457,-80.22987952599158,2499.36,276.8597600055258,137.82875505271778
2024-01-09 19:45:31+00:00,ENY4071,25.993423461914062,-80.23113322707843,2514.6,276.6473414360392,137.76825687997405
2024-01-09 19:45:32+00:00,ENY4071,25.99355923927436,-80.23262610802283,2522.2200000000003,276.8343114750889,138.33953003647068
2024-01-09 19:45:33+00:00,ENY4071,25.993698120117188,-80.23393163141213,2529.84,276.8343114750889,138.33953003647068
2024-01-09 19:45:34+00:00,ENY4071,25.99388510493909,-80.23542550893927,2545.08,276.8343114750889,138.33953003647068
2024-01-09 19:45:35+00:00,ENY4071,25.9940185546875,-80.23667821344338,2552.7000000000003,277.01974172320354,138.9122642108794
2024-01-09 19:45:36+00:00,ENY4071,25.994164418365997,-80.23811927208533,2567.94,277.20364728697524,139.48644140629335
2024-01-09 19:45:37+00:00,ENY4071,25.99425752284163,-80.23875309870795,2567.94,277.20364728697524,139.48644140629335
2024-01-09 19:45:38+00:00,ENY4071,25.99449028403072,-80.24091867300177,2583.1800000000003,277.177245850855,139.99683961895576
2024-01-09 19:45:39+00:00,ENY4071,25.994659423828125,-80.2423268444133,2590.8,276.9682567413785,139.93349626570298
2024-01-09 19:45:40+00:00,ENY4071,25.994796752929688,-80.24351875737028,2606.04,276.9427950384272,140.4441542019677
2024-01-09 19:45:41+00:00,ENY4071,25.99490925417108,-80.24482727050781,2613.6600000000003,276.9427950384272,140.4441542019677
2024-01-09 19:45:42+00:00,ENY4071,25.99507141113281,-80.24626533940153,2628.9,276.9427950384272,140.4441542019677
2024-01-09 19:45:43+00:00,ENY4071,25.99520874023437,-80.24745725235846,2636.52,276.9427950384272,140.4441542019677
2024-01-09 19:45:44+00:00,ENY4071,25.995391845703125,-80.24906374373523,2651.76,276.9427950384272,140.4441542019677
2024-01-09 19:45:45+00:00,ENY4071,25.99556098550053,-80.25047889122595,2659.38,276.9427950384272,140.4441542019677
2024-01-09 19:45:46+00:00,ENY4071,25.99571228027344,-80.251862148069,2674.6200000000003,276.9175178282125,140.9548396725949
2024-01-09 19:45:47+00:00,ENY4071,25.99584029892744,-80.2532782921424,2682.24,276.9175178282125,140.9548396725949
2024-01-09 19:45:48+00:00,ENY4071,25.99598693847656,-80.25471237470515,2697.48,276.9175178282125,140.9548396725949
2024-01-09 19:45:49+00:00,ENY4071,25.99616616459216,-80.25623614971454,2712.7200000000003,276.7098368077569,140.89380542178952
2024-01-09 19:45:50+00:00,ENY4071,25.996261596679688,-80.2570443783166,2720.34,276.0857511195176,140.7218283533198
2024-01-09 19:45:51+00:00,ENY4071,25.99639892578125,-80.25898273174579,2735.58,275.6688779795897,140.61647087250472
2024-01-09 19:45:52+00:00,ENY4071,25.99653625488281,-80.26030918337261,2750.82,275.0424510691709,140.4724173223347
2024-01-09 19:45:53+00:00,ENY4071,25.99663168697034,-80.26172931377704,2766.06,274.8333657567199,140.42813590876568
2024-01-09 19:45:54+00:00,ENY4071,25.99671936035156,-80.26310758770637,2773.6800000000003,274.4148132487272,140.34518845848189
2024-01-09 19:45:55+00:00,ENY4071,25.99681789592161,-80.26458153357873,2788.92,274.01048467051675,139.75655024182257
2024-01-09 19:45:56+00:00,ENY4071,25.996902465820312,-80.26590599204008,2804.1600000000003,273.80004206956653,139.72151297569405
2024-01-09 19:45:57+00:00,ENY4071,25.996957552635063,-80.26732811560998,2819.4,273.5894967408382,139.68836152735588
2024-01-09 19:45:58+00:00,ENY4071,25.997039794921875,-80.26870439637383,2834.6400000000003,273.3788542992981,139.65709723976005
2024-01-09 19:45:59+00:00,ENY4071,25.997143761586333,-80.27012751652643,2842.26,273.3788542992981,139.65709723976005
2024-01-09 19:46:00+00:00,ENY4071,25.99717712402344,-80.27093275538027,2849.88,273.3788542992981,139.65709723976005
2024-01-09 19:46:01+00:00,ENY4071,25.997236866061968,-80.2723459097055,2865.1200000000003,273.3788542992981,139.65709723976005
2024-01-09 19:46:02+00:00,ENY4071,25.997314453125,-80.27378298201648,2880.36,273.3788542992981,139.65709723976005
2024-01-09 19:46:03+00:00,ENY4071,25.997360229492188,-80.27497489497347,2887.98,273.3788542992981,139.65709723976005
2024-01-09 19:46:04+00:00,ENY4071,25.99749755859375,-80.27715143167745,2910.84,273.1564964703649,140.14138202384555
2024-01-09 19:46:05+00:00,ENY4071,25.997562731726696,-80.27857853816107,2918.46,273.1564964703649,140.14138202384555
2024-01-09 19:46:06+00:00,ENY4071,25.997634887695312,-80.28000165831367,2933.7000000000003,272.9464473800124,140.11399655033924
2024-01-09 19:46:07+00:00,ENY4071,25.99765583620233,-80.28137793907752,2941.32,272.736318990226,140.0884949177548
2024-01-09 19:46:08+00:00,ENY4071,25.997726440429688,-80.28280006264737,2948.94,272.51687565693953,140.57882406490862
2024-01-09 19:46:09+00:00,ENY4071,25.997772216796875,-80.28388833099939,2964.1800000000003,272.30737299696216,140.55717258469028
2024-01-09 19:46:10+00:00,ENY4071,25.99779549291578,-80.28539217435394,2971.8,272.0978085861922,140.5374009286871
2024-01-09 19:46:11+00:00,ENY4071,25.99786376953125,-80.2867385576356,2987.04,271.88818800674096,140.51950989039548
2024-01-09 19:46:12+00:00,ENY4071,25.99788859739142,-80.2881387563852,2994.6600000000003,271.6785168497271,140.5035001882218
2024-01-09 19:46:13+00:00,ENY4071,25.99790954589844,-80.28958878427181,3009.9,271.4688007143858,140.48937246533848
2024-01-09 19:46:14+00:00,ENY4071,25.997955322265625,-80.29129892025355,3025.1400000000003,270.8394385337123,140.45828647304197
2024-01-09 19:46:15+00:00,ENY4071,25.997955322265625,-80.29192078788327,3032.76,270.63191312182096,139.93727876323752
2024-01-09 19:46:16+00:00,ENY4071,25.997955322265625,-80.29352727925999,3048.0,270.2106452991554,139.92971366592215
2024-01-09 19:46:17+00:00,ENY4071,25.997935149629235,-80.29495239257812,3063.24,269.5771605953295,139.41812058299135
2024-01-09 19:46:18+00:00,ENY4071,25.99790954589844,-80.29632568359375,3078.48,269.36575528557387,139.42286616634735
2024-01-09 19:46:19+00:00,ENY4071,25.99788859739142,-80.29775179349457,3086.1000000000004,269.1512357284464,138.91512194891015
2024-01-09 19:46:20+00:00,ENY4071,25.99786376953125,-80.29912408792745,3101.34,268.9390883097358,138.92369481029073
2024-01-09 19:46:21+00:00,ENY4071,25.99786376953125,-80.30026417858193,3116.5800000000004,268.9390883097358,138.92369481029073
2024-01-09 19:46:22+00:00,ENY4071,25.9978420451536,-80.30166039100061,3131.82,268.7222390923714,138.4198554816432
2024-01-09 19:46:23+00:00,ENY4071,25.997817993164062,-80.30358080594044,3154.6800000000003,268.7222390923714,138.4198554816432
2024-01-09 19:46:24+00:00,ENY4071,25.99779549291578,-80.30504079965442,3169.92,268.7222390923714,138.4198554816432
2024-01-09 19:46:25+00:00,ENY4071,25.997772216796875,-80.30643103257665,3177.54,268.9390883097358,138.92369481029073
2024-01-09 19:46:26+00:00,ENY4071,25.997726440429688,-80.30757112323113,3192.78,268.9390883097358,138.92369481029073
2024-01-09 19:46:27+00:00,ENY4071,25.997702388440143,-80.3091078538161,3200.4,269.1543672442804,139.4295097116932
2024-01-09 19:46:28+00:00,ENY4071,25.997726440429688,-80.3105249944723,3208.02,269.36575528557387,139.42286616634735
2024-01-09 19:46:29+00:00,ENY4071,25.997702388440143,-80.31137906588037,3215.6400000000003,269.36808687817904,139.93727876323752
2024-01-09 19:46:30+00:00,ENY4071,25.9976806640625,-80.31321975420104,3230.88,269.3704013915897,140.4516915901662
2024-01-09 19:46:31+00:00,ENY4071,25.99765583620233,-80.31470665564905,3230.88,269.37269901277443,140.96610464461506
2024-01-09 19:46:32+00:00,ENY4071,25.9976806640625,-80.31606998083726,3238.5,269.5833107682064,141.4758413614372
2024-01-09 19:46:33+00:00,ENY4071,25.99765583620233,-80.3174532376803,3246.1200000000003,269.5848204588551,141.99027180613638
2024-01-09 19:46:34+00:00,ENY4071,25.99765583620233,-80.31861525315503,3246.1200000000003,269.79390096261585,143.0163572559998
2024-01-09 19:46:35+00:00,ENY4071,25.997634887695312,-80.3201639427329,3253.74,269.7946396625051,143.53079793969138
2024-01-09 19:46:36+00:00,ENY4071,25.997634887695312,-80.32177043410968,3253.74,269.79537308603415,144.04523864707065
2024-01-09 19:46:37+00:00,ENY4071,25.997634887695312,-80.32306599167157,3261.36,269.7961012895332,144.55967937788472
2024-01-09 19:46:38+00:00,ENY4071,25.997634887695312,-80.3247243053508,3261.36,270.0,145.587652
2024-01-09 19:46:39+00:00,ENY4071,25.99765583620233,-80.32616835374097,3261.36,270.0,145.587652
2024-01-09 19:46:40+00:00,ENY4071,25.997634887695312,-80.32767817659197,3268.98,270.0,146.10209600000002
2024-01-09 19:46:41+00:00,ENY4071,25.99765583620233,-80.32912621131311,3268.98,270.2003340770078,147.13188337487355
2024-01-09 19:46:42+00:00,ENY4071,25.997634887695312,-80.33058022553064,3276.6000000000004,270.1996360545244,147.64632424118224
2024-01-09 19:46:43+00:00,ENY4071,25.99765583620233,-80.3320840688852,3276.6000000000004,270.19894287936063,148.1607651292525
2024-01-09 19:46:44+00:00,ENY4071,25.997634887695312,-80.33368956367923,3284.2200000000003,270.1982545011992,148.6752060388584
2024-01-09 19:46:45+00:00,ENY4071,25.99765583620233,-80.33451373760516,3284.2200000000003,270.0,148.674316
2024-01-09 19:46:46+00:00,ENY4071,25.99765583620233,-80.33625676081732,3291.84,270.0,149.18876
2024-01-09 19:46:47+00:00,ENY4071,25.99765583620233,-80.33763005183295,3291.84,270.0,149.703204
2024-01-09 19:46:48+00:00,ENY4071,25.99765583620233,-80.3392674372746,3299.46,270.0,150.217648
2024-01-09 19:46:49+00:00,ENY4071,25.997634887695312,-80.3407892191185,3299.46,270.0,150.732092
2024-01-09 19:46:50+00:00,ENY4071,25.9976806640625,-80.34265482200766,3307.0800000000004,270.1948828522386,151.24741090223142
2024-01-09 19:46:51+00:00,ENY4071,25.99765583620233,-80.34417959359973,3307.0800000000004,270.19422223746983,151.7618519364782
2024-01-09 19:46:52+00:00,ENY4071,25.9976806640625,-80.34509047022402,3314.7000000000003,270.1935660862632,152.27629299076372
2024-01-09 19:46:53+00:00,ENY4071,25.9976806640625,-80.34638602778597,3314.7000000000003,270.192914353533,152.7907340648855
2024-01-09 19:46:54+00:00,ENY4071,25.9976806640625,-80.34882167600233,3322.32,270.19226699479856,153.3051751586439
2024-01-09 19:46:55+00:00,ENY4071,25.997702388440143,-80.35035940317005,3322.32,270.1909852243597,154.334057404285
2024-01-09 19:46:56+00:00,ENY4071,25.997702388440143,-80.35162705641523,3322.32,270.19035072662973,154.84849855578153
2024-01-09 19:46:57+00:00,ENY4071,25.9976806640625,-80.35317474941036,3329.94,270.19035072662973,154.84849855578153
2024-01-09 19:46:58+00:00,ENY4071,25.997702388440143,-80.35410954402045,3329.94,270.18972043082533,155.36293972614217
2024-01-09 19:46:59+00:00,ENY4071,25.9976806640625,-80.35643955446636,3337.56,270.0,155.876532
2024-01-09 19:47:00+00:00,ENY4071,25.997702388440143,-80.35801814152643,3345.1800000000003,270.0,156.390976
2024-01-09 19:47:01+00:00,ENY4071,25.9976806640625,-80.35944524800999,3345.1800000000003,270.0,156.90542
2024-01-09 19:47:02+00:00,ENY4071,25.997702388440143,-80.36102881798377,3352.8,270.0,156.90542
2024-01-09 19:47:03+00:00,ENY4071,25.997702388440143,-80.36240210899939,3352.8,270.0,157.419864
2024-01-09 19:47:04+00:00,ENY4071,25.9976806640625,-80.36385014372053,3360.42,270.0,157.419864
2024-01-09 19:47:05+00:00,ENY4071,25.9976806640625,-80.36576756891213,3368.04,270.0,158.448752
2024-01-09 19:47:06+00:00,ENY4071,25.997702388440143,-80.36736708420972,3368.04,270.0,158.448752
2024-01-09 19:47:07+00:00,ENY4071,25.9976806640625,-80.36892872936318,3375.6600000000003,270.0,158.963196
2024-01-09 19:47:08+00:00,ENY4071,25.997702388440143,-80.3705362173227,3383.28,270.0,159.47764
2024-01-09 19:47:09+00:00,ENY4071,25.9976806640625,-80.37214171211673,3383.28,270.0,159.992084
2024-01-09 19:47:10+00:00,ENY4071,25.997702388440143,-80.37386380709131,3390.9,270.0,159.992084
2024-01-09 19:47:11+00:00,ENY4071,25.9976806640625,-80.37535469487028,3398.52,270.0,160.506528
2024-01-09 19:47:12+00:00,ENY4071,25.997702388440143,-80.3769801213191,3406.1400000000003,270.0,161.020972
2024-01-09 19:47:13+00:00,ENY4071,25.9976806640625,-80.37861949992629,3406.1400000000003,270.0,161.020972
2024-01-09 19:47:14+00:00,ENY4071,25.99765583620233,-80.38025489220252,3413.76,270.0,161.535416
2024-01-09 19:47:15+00:00,ENY4071,25.9976806640625,-80.3818843049823,3421.38,270.0,161.535416
2024-01-09 19:47:16+00:00,ENY4071,25.99765583620233,-80.38347684420069,3429.0,270.0,162.04986
2024-01-09 19:47:17+00:00,ENY4071,25.9976806640625,-80.38509728773585,3436.6200000000003,270.0,162.564304
2024-01-09 19:47:18+00:00,ENY4071,25.99765583620233,-80.38675161508411,3444.24,270.0,162.564304
2024-01-09 19:47:19+00:00,ENY4071,25.9976806640625,-80.38836209279185,3451.86,270.0,162.564304
2024-01-09 19:47:21+00:00,ENY4071,25.9976806640625,-80.39162689784786,3467.1000000000004,270.0,163.078748
2024-01-09 19:47:23+00:00,ENY4071,25.9976806640625,-80.39489170290386,3489.96,269.81925681559096,163.07955942384882
2024-01-09 19:47:24+00:00,ENY4071,25.99765583620233,-80.39583646334131,3489.96,269.81982518663176,163.59400087221414
2024-01-09 19:47:25+00:00,ENY4071,25.9976806640625,-80.39763828493511,3505.2000000000003,269.81982518663176,163.59400087221414
2024-01-09 19:47:26+00:00,ENY4071,25.99765583620233,-80.39858304537256,3512.82,269.81982518663176,163.59400087221414
2024-01-09 19:47:27+00:00,ENY4071,25.997634887695312,-80.40079944538621,3528.0600000000004,269.4594898128693,163.60047170595533
2024-01-09 19:47:28+00:00,ENY4071,25.99760928396451,-80.40243882399335,3535.6800000000003,269.0991971912647,163.61341260568236
2024-01-09 19:47:29+00:00,ENY4071,25.997589111328125,-80.40473794037439,3550.92,268.01261579819857,163.17690099206126
2024-01-09 19:47:31+00:00,ENY4071,25.99745178222656,-80.40738087780068,3566.1600000000003,265.6430249941537,162.51952818169863
2024-01-09 19:47:32+00:00,ENY4071,25.99740600585937,-80.4080027454304,3573.78,265.1009075462122,162.64405581717315
2024-01-09 19:47:33+00:00,ENY4071,25.997222900390625,-80.40992017062206,3581.4,264.3616815381525,162.32073742714684
2024-01-09 19:47:34+00:00,ENY4071,25.997085571289062,-80.41142301739387,3596.6400000000003,262.8975144322857,162.2661088235638
2024-01-09 19:47:35+00:00,ENY4071,25.996911000397244,-80.41289696326623,3604.26,261.7927835880819,162.16740456890585
2024-01-09 19:47:36+00:00,ENY4071,25.99667358398437,-80.41448053323995,3619.5,260.4777449900748,161.7057153261855
2024-01-09 19:47:37+00:00,ENY4071,25.996124267578125,-80.41764169369105,3642.36,258.2242584432148,161.32967120892525
2024-01-09 19:47:39+00:00,ENY4071,25.995620727539062,-80.42012916420987,3657.6,257.074000875294,160.98480893594527
2024-01-09 19:47:40+00:00,ENY4071,25.995188567597985,-80.4218233548678,3672.84,254.7609891906739,160.49086307532028
2024-01-09 19:47:41+00:00,ENY4071,25.994769597457623,-80.4235663780799,3688.08,253.60008563393788,160.34238259866515
2024-01-09 19:47:42+00:00,ENY4071,25.99458338850636,-80.42420020470252,3688.08,253.01894664218685,160.29285854232108
2024-01-09 19:47:43+00:00,ENY4071,25.99388510493909,-80.42662987342248,3710.94,251.21497948740452,159.75619219097362
2024-01-09 19:47:44+00:00,ENY4071,25.993377685546875,-80.42816162109375,3718.56,250.0484093052368,159.80919470300825
2024-01-09 19:47:45+00:00,ENY4071,25.993194580078125,-80.42878348872347,3726.18,248.8830953355366,159.9283861302289
2024-01-09 19:47:46+00:00,ENY4071,25.99278259277344,-80.4299754016804,3733.8,247.6499941895296,159.63770111534697
2024-01-09 19:47:47+00:00,ENY4071,25.99220922437765,-80.43148921086237,3749.04,246.6559890384225,159.68825701275014
2024-01-09 19:47:48+00:00,ENY4071,25.99163818359375,-80.43298109522402,3756.66,245.4184255174313,159.53156452835108
2024-01-09 19:47:49+00:00,ENY4071,25.9910454184322,-80.43439424954926,3771.9,244.345643184555,159.2260277509346
2024-01-09 19:47:50+00:00,ENY4071,25.990447998046875,-80.43583132186023,3779.52,243.18727408530745,159.66753931855322
2024-01-09 19:47:51+00:00,ENY4071,25.989136776681672,-80.43856694148138,3802.38,242.11233751826853,159.47846974622854
2024-01-09 19:47:53+00:00,ENY4071,25.98847961425781,-80.43992528375588,3810.0,239.54383399345568,159.34316406438515
2024-01-09 19:47:54+00:00,ENY4071,25.98760986328125,-80.44153177513266,3817.62,238.3078123304969,159.614489767618
2024-01-09 19:47:55+00:00,ENY4071,25.98701477050781,-80.44262004348468,3832.86,236.97613244420336,159.5282466221794
2024-01-09 19:47:56+00:00,ENY4071,25.98545837402344,-80.44526298091097,3848.1,235.90031815135612,159.66422423800893
2024-01-09 19:47:57+00:00,ENY4071,25.984621209613348,-80.44659541203424,3855.72,234.72021594806083,159.43614718285437
2024-01-09 19:47:58+00:00,ENY4071,25.98392292604608,-80.44759897085333,3870.96,234.72021594806083,159.43614718285437
2024-01-09 19:47:59+00:00,ENY4071,25.983078002929688,-80.44894236438677,3878.58,233.9048209903221,159.80091421932678
2024-01-09 19:48:00+00:00,ENY4071,25.98202514648437,-80.45049703346109,3886.2,232.98252823229365,159.78683641225683
2024-01-09 19:48:02+00:00,ENY4071,25.980431508209744,-80.45277522160455,3909.06,232.3190193755904,159.90521697744506
2024-01-09 19:48:03+00:00,ENY4071,25.979507446289062,-80.45402095002947,3916.68,232.06031193878763,159.8141627872787
2024-01-09 19:48:04+00:00,ENY4071,25.97861597093485,-80.45531052809491,3931.92,231.91514263733427,160.1309732199174
2024-01-09 19:48:05+00:00,ENY4071,25.97772216796875,-80.4565602428508,3939.54,231.91514263733427,160.1309732199174
2024-01-09 19:48:06+00:00,ENY4071,25.976753881422137,-80.45795147235577,3954.78,231.7705475447848,160.44880755734917
2024-01-09 19:48:07+00:00,ENY4071,25.97593688964844,-80.45909953567218,3962.4,231.7705475447848,160.44880755734917
2024-01-09 19:48:08+00:00,ENY4071,25.974984896385063,-80.46038114107569,3970.02,231.7705475447848,160.44880755734917
2024-01-09 19:48:09+00:00,ENY4071,25.974105834960938,-80.4616388284935,3985.26,231.7705475447848,160.44880755734917
2024-01-09 19:48:10+00:00,ENY4071,25.97328186035156,-80.46277891914798,3992.88,231.88394156039672,160.8532383493756
2024-01-09 19:48:11+00:00,ENY4071,25.972424523305083,-80.46407846304083,4000.5,232.0283962389496,160.5362047180127
2024-01-09 19:48:12+00:00,ENY4071,25.971588134765625,-80.4652145673644,4015.74,232.0283962389496,160.5362047180127
2024-01-09 19:48:13+00:00,ENY4071,25.970535278320312,-80.46671741413621,4023.36,232.0283962389496,160.5362047180127
2024-01-09 19:48:14+00:00,ENY4071,25.97016906738281,-80.46723563716097,4030.98,232.0283962389496,160.5362047180127
2024-01-09 19:48:15+00:00,ENY4071,25.969631389036017,-80.46798706054688,4038.6,232.0283962389496,160.5362047180127
2024-01-09 19:48:16+00:00,ENY4071,25.96809516518803,-80.47015263484076,4053.84,232.14107908453732,160.94206029322393
2024-01-09 19:48:17+00:00,ENY4071,25.96723937988281,-80.47138142135907,4061.46,232.14107908453732,160.94206029322393
2024-01-09 19:48:18+00:00,ENY4071,25.96632618015095,-80.47263512244592,4076.7,232.14107908453732,160.94206029322393
2024-01-09 19:48:19+00:00,ENY4071,25.965408325195312,-80.4739725364829,4084.32,231.99676635713436,161.25829601494954
2024-01-09 19:48:20+00:00,ENY4071,25.96455719511388,-80.47517042893628,4099.56,231.99676635713436,161.25829601494954
2024-01-09 19:48:21+00:00,ENY4071,25.96385891154661,-80.47617398775537,4107.18,231.99676635713436,161.25829601494954
2024-01-09 19:48:22+00:00,ENY4071,25.96241579217426,-80.47823392427881,4122.42,231.99676635713436,161.25829601494954
2024-01-09 19:48:23+00:00,ENY4071,25.96162440413136,-80.47934312086835,4130.04,231.99676635713436,161.25829601494954
2024-01-09 19:48:24+00:00,ENY4071,25.96078491210937,-80.48050214659492,4137.66,232.1090253419173,161.66397584207624
2024-01-09 19:48:25+00:00,ENY4071,25.95980886685646,-80.48187842735877,4152.900000000001,232.1090253419173,161.66397584207624
2024-01-09 19:48:26+00:00,ENY4071,25.958999633789062,-80.48309326171875,4160.52,232.1090253419173,161.66397584207624
2024-01-09 19:48:27+00:00,ENY4071,25.9580864340572,-80.48436091496393,4168.14,231.9654184900551,161.9804360178816
2024-01-09 19:48:28+00:00,ENY4071,25.95716857910156,-80.48563255454008,4175.76,231.9654184900551,161.9804360178816
2024-01-09 19:48:29+00:00,ENY4071,25.95622434454449,-80.48700185922473,4191.0,231.9654184900551,161.9804360178816
2024-01-09 19:48:30+00:00,ENY4071,25.95538330078125,-80.4881718473614,4206.24,231.9654184900551,161.9804360178816
2024-01-09 19:48:31+00:00,ENY4071,25.954501911745236,-80.4894843468299,4213.860000000001,231.9654184900551,161.9804360178816
2024-01-09 19:48:32+00:00,ENY4071,25.953598022460938,-80.49071114018278,4221.4800000000005,231.9654184900551,161.9804360178816
2024-01-09 19:48:33+00:00,ENY4071,25.95268637447034,-80.49201965332031,4236.72,232.0772566104388,162.38594153812588
2024-01-09 19:48:34+00:00,ENY4071,25.951941538665253,-80.4930232121394,4244.34,232.0772566104388,162.38594153812588
2024-01-09 19:48:35+00:00,ENY4071,25.95098876953125,-80.49439052365858,4251.96,232.0772566104388,162.38594153812588
2024-01-09 19:48:36+00:00,ENY4071,25.949935913085938,-80.4958933704304,4267.2,232.0772566104388,162.38594153812588
2024-01-09 19:48:37+00:00,ENY4071,25.94915771484375,-80.49698163878242,4274.820000000001,232.0772566104388,162.38594153812588
2024-01-09 19:48:38+00:00,ENY4071,25.948150634765625,-80.49848448555423,4290.06,231.93434890126957,162.70262407827826
2024-01-09 19:48:39+00:00,ENY4071,25.947418212890625,-80.49952093160374,4297.68,231.93434890126957,162.70262407827826
2024-01-09 19:48:40+00:00,ENY4071,25.946319580078125,-80.50102377837555,4312.92,231.93434890126957,162.70262407827826
2024-01-09 19:48:41+00:00,ENY4071,25.945796643273304,-80.50179114708533,4312.92,231.93434890126957,162.70262407827826
2024-01-09 19:48:42+00:00,ENY4071,25.944488525390625,-80.50356307119694,4328.16,231.93434890126957,162.70262407827826
2024-01-09 19:48:43+00:00,ENY4071,25.94398110599841,-80.50437927246094,4335.780000000001,231.93434890126957,162.70262407827826
2024-01-09 19:48:44+00:00,ENY4071,25.942703247070312,-80.50615418632077,4351.02,231.93434890126957,162.70262407827826
2024-01-09 19:48:46+00:00,ENY4071,25.941146850585938,-80.50838254532721,4373.88,232.0457691248675,163.10795671547234
2024-01-09 19:48:47+00:00,ENY4071,25.940093994140625,-80.50983356979657,4381.5,232.0457691248675,163.10795671547234
2024-01-09 19:48:48+00:00,ENY4071,25.939361572265625,-80.51087001584608,4389.12,232.0457691248675,163.10795671547234
2024-01-09 19:48:49+00:00,ENY4071,25.93844138969809,-80.51214364858771,4404.360000000001,232.0457691248675,163.10795671547234
2024-01-09 19:48:50+00:00,ENY4071,25.937164306640625,-80.51397935399467,4419.6,232.0457691248675,163.10795671547234
2024-01-09 19:48:51+00:00,ENY4071,25.9366258524232,-80.51473177396332,4419.6,231.90355391972503,163.4248595590297
2024-01-09 19:48:52+00:00,ENY4071,25.935699462890625,-80.51605224609375,4434.84,231.90355391972503,163.4248595590297
2024-01-09 19:48:53+00:00,ENY4071,25.934810315148304,-80.51731989933893,4442.46,231.90355391972503,163.4248595590297
2024-01-09 19:48:54+00:00,ENY4071,25.933868408203125,-80.51859153891508,4457.7,231.90355391972503,163.4248595590297
2024-01-09 19:48:55+00:00,ENY4071,25.932622359970868,-80.52043621356671,4472.9400000000005,231.90355391972503,163.4248595590297
2024-01-09 19:48:56+00:00,ENY4071,25.93215683759269,-80.52101722130408,4472.9400000000005,232.01455918566236,163.8300207199087
2024-01-09 19:48:57+00:00,ENY4071,25.93125915527344,-80.52232274469338,4488.18,232.01455918566236,163.8300207199087
2024-01-09 19:48:58+00:00,ENY4071,25.93043440479343,-80.52349970890924,4495.8,232.01455918566236,163.8300207199087
2024-01-09 19:48:59+00:00,ENY4071,25.929428100585938,-80.52491385981722,4503.42,232.01455918566236,163.8300207199087
2024-01-09 19:49:00+00:00,ENY4071,25.92842102050781,-80.52636488428652,4518.66,232.01455918566236,163.8300207199087
2024-01-09 19:49:01+00:00,ENY4071,25.92740850933528,-80.52777803861176,4526.280000000001,231.9836231575564,164.5521329086669
2024-01-09 19:49:02+00:00,ENY4071,25.9264309123411,-80.52920414851263,4533.900000000001,231.9836231575564,164.5521329086669
2024-01-09 19:49:03+00:00,ENY4071,25.92549133300781,-80.53051066848468,4541.52,231.9836231575564,164.5521329086669
2024-01-09 19:49:04+00:00,ENY4071,25.925125122070312,-80.53102889150944,4549.14,231.9836231575564,164.5521329086669
2024-01-09 19:49:05+00:00,ENY4071,25.92414985268803,-80.5324261005108,4556.76,232.0936729277871,164.95773404877156
2024-01-09 19:49:06+00:00,ENY4071,25.92329406738281,-80.53362000663327,4564.38,231.95295746817396,165.2742926501698
2024-01-09 19:49:07+00:00,ENY4071,25.92196189751059,-80.53543677696814,4572.0,231.95295746817396,165.2742926501698
2024-01-09 19:49:08+00:00,ENY4071,25.92158947960805,-80.5360177847055,4579.62,232.06260267041577,165.67972324332848
2024-01-09 19:49:09+00:00,ENY4071,25.920639038085938,-80.53740303471403,4587.24,232.06260267041577,165.67972324332848
2024-01-09 19:49:10+00:00,ENY4071,25.9193549721928,-80.53918691781848,4602.4800000000005,232.06260267041577,165.67972324332848
2024-01-09 19:49:11+00:00,ENY4071,25.918487548828125,-80.54040872825766,4610.1,232.06260267041577,165.67972324332848
2024-01-09 19:49:12+00:00,ENY4071,25.917865300582623,-80.54129967322717,4617.72,232.03180203930896,166.40176073582617
2024-01-09 19:49:13+00:00,ENY4071,25.91661071777344,-80.54305166568395,4625.34,232.03180203930896,166.40176073582617
2024-01-09 19:49:14+00:00,ENY4071,25.91567734540519,-80.5443631685697,4632.96,232.03180203930896,166.40176073582617
2024-01-09 19:49:15+00:00,ENY4071,25.91473388671875,-80.54569460311023,4640.58,232.03180203930896,166.40176073582617
2024-01-09 19:49:16+00:00,ENY4071,25.91381525589248,-80.5470041128305,4648.2,232.03180203930896,166.40176073582617
2024-01-09 19:49:17+00:00,ENY4071,25.91244506835937,-80.54895940816624,4663.4400000000005,232.0012675574953,167.12384590026912
2024-01-09 19:49:18+00:00,ENY4071,25.911953166379767,-80.54964505709131,4663.4400000000005,232.0012675574953,167.12384590026912
2024-01-09 19:49:19+00:00,ENY4071,25.910659790039062,-80.55149870098762,4678.68,232.0012675574953,167.12384590026912
2024-01-09 19:49:20+00:00,ENY4071,25.909835815429688,-80.5526387916421,4686.3,232.0012675574953,167.12384590026912
2024-01-09 19:49:21+00:00,ENY4071,25.90878295898437,-80.55414163841391,4693.92,232.0012675574953,167.12384590026912
2024-01-09 19:49:22+00:00,ENY4071,25.9078565694518,-80.55545513446515,4701.54,231.97099580722943,167.8459781213932
2024-01-09 19:49:23+00:00,ENY4071,25.907111733646715,-80.55656433105469,4709.16,231.97099580722943,167.8459781213932
2024-01-09 19:49:24+00:00,ENY4071,25.906173706054688,-80.55787284419222,4716.780000000001,231.97099580722943,167.8459781213932
2024-01-09 19:49:25+00:00,ENY4071,25.905303955078125,-80.55911657945165,4724.400000000001,231.97099580722943,167.8459781213932
2024-01-09 19:49:26+00:00,ENY4071,25.90425109863281,-80.56056760392096,4739.64,231.97099580722943,167.8459781213932
2024-01-09 19:49:27+00:00,ENY4071,25.90342712402344,-80.56175951687794,4747.26,231.97099580722943,167.8459781213932
2024-01-09 19:49:28+00:00,ENY4071,25.902503062102756,-80.56300823505109,4747.26,232.07892160461225,168.25150363527882
2024-01-09 19:49:29+00:00,ENY4071,25.901432360632946,-80.56453998272235,4762.5,231.94098342874256,168.56815679443744
2024-01-09 19:49:30+00:00,ENY4071,25.90068752482786,-80.5655963604267,4770.12,231.94098342874256,168.56815679443744
2024-01-09 19:49:31+00:00,ENY4071,25.89976501464844,-80.5668899248231,4777.740000000001,231.94098342874256,168.56815679443744
2024-01-09 19:49:32+00:00,ENY4071,25.89862060546875,-80.56849641619988,4785.360000000001,231.94098342874256,168.56815679443744
2024-01-09 19:49:33+00:00,ENY4071,25.89784240722656,-80.5696883291568,4800.6,231.94098342874256,168.56815679443744
2024-01-09 19:49:34+00:00,ENY4071,25.8968702413268,-80.57098388671875,4808.22,232.0485200265128,168.9735153636136
2024-01-09 19:49:35+00:00,ENY4071,25.896011352539062,-80.57222762197819,4815.84,232.0485200265128,168.9735153636136
2024-01-09 19:49:36+00:00,ENY4071,25.895101256289724,-80.57351919320911,4823.46,232.0485200265128,168.9735153636136
2024-01-09 19:49:37+00:00,ENY4071,25.894263316009003,-80.5747340275691,4831.08,232.0485200265128,168.9735153636136
2024-01-09 19:49:38+00:00,ENY4071,25.89340209960937,-80.5759588277565,4838.7,232.0485200265128,168.9735153636136
2024-01-09 19:49:39+00:00,ENY4071,25.892257690429688,-80.57751349683076,4853.9400000000005,231.91122711902463,169.29038132492184
2024-01-09 19:49:40+00:00,ENY4071,25.891330525026483,-80.57885390061597,4861.56,231.91122711902463,169.29038132492184
2024-01-09 19:49:41+00:00,ENY4071,25.890380859375,-80.58020825655956,4869.18,232.01837715893168,169.69557426067135
2024-01-09 19:49:42+00:00,ENY4071,25.88942188327595,-80.58154766376202,4876.8,232.01837715893168,169.69557426067135
2024-01-09 19:49:43+00:00,ENY4071,25.888504028320312,-80.58285119398585,4876.8,232.01837715893168,169.69557426067135
2024-01-09 19:49:44+00:00,ENY4071,25.887359619140625,-80.58445768536262,4884.42,231.8817236306369,170.01265112843038
2024-01-09 19:49:45+00:00,ENY4071,25.88644254005561,-80.58577317457929,4892.04,231.8817236306369,170.01265112843038
2024-01-09 19:49:46+00:00,ENY4071,25.885604599774894,-80.58693519005408,4892.04,231.8817236306369,170.01265112843038
2024-01-09 19:49:47+00:00,ENY4071,25.88470458984375,-80.58818889114093,4892.04,231.8817236306369,170.01265112843038
2024-01-09 19:49:48+00:00,ENY4071,25.8837890625,-80.58952331542969,4899.66,231.8817236306369,170.01265112843038
2024-01-09 19:49:49+00:00,ENY4071,25.882827758789062,-80.59088365086967,4899.66,231.8817236306369,170.01265112843038
2024-01-09 19:49:50+00:00,ENY4071,25.88168334960937,-80.592438319944,4899.66,231.8817236306369,170.01265112843038
2024-01-09 19:49:51+00:00,ENY4071,25.88095092773437,-80.59352658829596,4899.66,231.8817236306369,170.01265112843038
2024-01-09 19:49:52+00:00,ENY4071,25.87992522676112,-80.59496366060694,4899.66,231.8817236306369,170.01265112843038
2024-01-09 19:49:53+00:00,ENY4071,25.879074096679688,-80.5961695257223,4899.66,232.01837715893168,169.69557426067135
2024-01-09 19:49:54+00:00,ENY4071,25.878109689486227,-80.59749896709735,4899.66,231.91122711902463,169.29038132492184
2024-01-09 19:49:55+00:00,ENY4071,25.87715148925781,-80.59886428545104,4899.66,231.91122711902463,169.29038132492184
2024-01-09 19:49:56+00:00,ENY4071,25.876201047735695,-80.60019273024335,4899.66,231.91122711902463,169.29038132492184
2024-01-09 19:49:57+00:00,ENY4071,25.875274658203125,-80.60150722287733,4899.66,231.91122711902463,169.29038132492184
2024-01-09 19:49:58+00:00,ENY4071,25.874176025390625,-80.6031137142541,4899.66,231.91122711902463,169.29038132492184
2024-01-09 19:49:59+00:00,ENY4071,25.87322170451536,-80.60441824106067,4899.66,231.91122711902463,169.29038132492184
2024-01-09 19:50:00+00:00,ENY4071,25.87216186523437,-80.60591211858787,4907.280000000001,231.91122711902463,169.29038132492184
2024-01-09 19:50:01+00:00,ENY4071,25.87126651052701,-80.60716482309192,4907.280000000001,231.91122711902463,169.29038132492184
2024-01-09 19:50:02+00:00,ENY4071,25.870376586914062,-80.60839958910674,4907.280000000001,231.91122711902463,169.29038132492184
2024-01-09 19:50:03+00:00,ENY4071,25.86945097325212,-80.60975294846753,4907.280000000001,231.91122711902463,169.29038132492184
2024-01-09 19:50:04+00:00,ENY4071,25.8686130329714,-80.61096778282752,4907.280000000001,231.91122711902463,169.29038132492184
2024-01-09 19:50:05+00:00,ENY4071,25.867588883739405,-80.61239389272833,4907.280000000001,231.91122711902463,169.29038132492184
2024-01-09 19:50:07+00:00,ENY4071,25.865633689751057,-80.61514047475958,4907.280000000001,231.91122711902463,169.29038132492184
2024-01-09 19:50:08+00:00,ENY4071,25.86456298828125,-80.61661940354566,4907.280000000001,231.91122711902463,169.29038132492184
2024-01-09 19:50:09+00:00,ENY4071,25.86372504800053,-80.61778141902045,4907.280000000001,231.91122711902463,169.29038132492184
2024-01-09 19:50:11+00:00,ENY4071,25.862700898768537,-80.61931316669171,4899.66,231.91122711902463,169.29038132492184
2024-01-09 19:50:12+00:00,ENY4071,25.86079225701801,-80.62195411095252,4899.66,231.91122711902463,169.29038132492184
2024-01-09 19:50:14+00:00,ENY4071,25.859848022460938,-80.62327258991746,4899.66,231.91122711902463,169.29038132492184
2024-01-09 19:50:15+00:00,ENY4071,25.85797119140625,-80.62591552734375,4899.66,231.91122711902463,169.29038132492184
2024-01-09 19:50:17+00:00,ENY4071,25.857068077992583,-80.62723599947412,4899.66,232.0485200265128,168.9735153636136
2024-01-09 19:50:18+00:00,ENY4071,25.85609436035156,-80.62855846477004,4899.66,232.0485200265128,168.9735153636136
2024-01-09 19:50:19+00:00,ENY4071,25.85515943624205,-80.62987694373498,4899.66,232.0485200265128,168.9735153636136
2024-01-09 19:50:20+00:00,ENY4071,25.8533935546875,-80.63239331515331,4899.66,232.0485200265128,168.9735153636136
2024-01-09 19:50:21+00:00,ENY4071,25.85245940644862,-80.63373272235577,4899.66,231.94098342874256,168.56815679443744
2024-01-09 19:50:22+00:00,ENY4071,25.851608276367188,-80.63493260797463,4899.66,231.94098342874256,168.56815679443744
2024-01-09 19:50:23+00:00,ENY4071,25.85055076469809,-80.63642648550177,4899.66,231.94098342874256,168.56815679443744
2024-01-09 19:50:25+00:00,ENY4071,25.8495266154661,-80.63785259540265,4899.66,231.94098342874256,168.56815679443744
2024-01-09 19:50:26+00:00,ENY4071,25.847943839380296,-80.64007098858173,4899.66,231.94098342874256,168.56815679443744
2024-01-09 19:50:27+00:00,ENY4071,25.847442626953125,-80.64078852815447,4899.66,231.94098342874256,168.56815679443744
2024-01-09 19:50:28+00:00,ENY4071,25.846500720007946,-80.64213092510516,4899.66,231.94098342874256,168.56815679443744
2024-01-09 19:50:29+00:00,ENY4071,25.84556579589844,-80.64343146558076,4899.66,231.94098342874256,168.56815679443744
2024-01-09 19:50:30+00:00,ENY4071,25.844592078257413,-80.64482468825116,4899.66,231.94098342874256,168.56815679443744
2024-01-09 19:50:31+00:00,ENY4071,25.84384724245233,-80.6458810659555,4899.66,231.94098342874256,168.56815679443744
2024-01-09 19:50:32+00:00,ENY4071,25.84295654296875,-80.64716267135907,4899.66,231.94098342874256,168.56815679443744
2024-01-09 19:50:33+00:00,ENY4071,25.8419386007018,-80.64857482910156,4899.66,231.94098342874256,168.56815679443744
2024-01-09 19:50:34+00:00,ENY4071,25.840347290039062,-80.65084205483487,4899.66,231.94098342874256,168.56815679443744
2024-01-09 19:50:35+00:00,ENY4071,25.83920288085937,-80.65244854621164,4899.66,231.94098342874256,168.56815679443744
2024-01-09 19:50:37+00:00,ENY4071,25.837423033633478,-80.65496591421271,4899.66,231.94098342874256,168.56815679443744
2024-01-09 19:50:39+00:00,ENY4071,25.83597991426112,-80.65697303185095,4899.66,231.94098342874256,168.56815679443744
2024-01-09 19:50:40+00:00,ENY4071,25.834625244140625,-80.65887451171875,4899.66,231.94098342874256,168.56815679443744
2024-01-09 19:50:41+00:00,ENY4071,25.833652302370236,-80.66024780273438,4899.66,231.94098342874256,168.56815679443744
2024-01-09 19:50:43+00:00,ENY4071,25.83262815313824,-80.66172673152045,4899.66,231.94098342874256,168.56815679443744
2024-01-09 19:50:44+00:00,ENY4071,25.83164978027344,-80.66312394052181,4899.66,231.94098342874256,168.56815679443744
2024-01-09 19:50:45+00:00,ENY4071,25.83071951138771,-80.66442049466644,4899.66,231.94098342874256,168.56815679443744
2024-01-09 19:50:46+00:00,ENY4071,25.82988157110699,-80.66558251014123,4899.66,231.94098342874256,168.56815679443744
2024-01-09 19:50:47+00:00,ENY4071,25.828485003972457,-80.6675806585348,4899.66,231.94098342874256,168.56815679443744
2024-01-09 19:50:48+00:00,ENY4071,25.827117919921875,-80.66945393880206,4899.66,231.94098342874256,168.56815679443744
2024-01-09 19:50:50+00:00,ENY4071,25.825653076171875,-80.67159016927081,4899.66,231.94098342874256,168.56815679443744
2024-01-09 19:50:51+00:00,ENY4071,25.8246677204714,-80.67291835568983,4899.66,231.94098342874256,168.56815679443744
2024-01-09 19:50:52+00:00,ENY4071,25.8233642578125,-80.67479451497394,4899.66,231.94098342874256,168.56815679443744
2024-01-09 19:50:54+00:00,ENY4071,25.822386660818324,-80.67618316074584,4899.66,231.94098342874256,168.56815679443744
2024-01-09 19:50:55+00:00,ENY4071,25.82052457130561,-80.67877427586967,4899.66,231.94098342874256,168.56815679443744
2024-01-09 19:50:56+00:00,ENY4071,25.820105601165253,-80.67939614349939,4899.66,231.94098342874256,168.56815679443744
2024-01-09 19:50:57+00:00,ENY4071,25.81903489969545,-80.6808989902712,4899.66,231.94098342874256,168.56815679443744
2024-01-09 19:50:58+00:00,ENY4071,25.81800842285156,-80.68232218424475,4899.66,231.94098342874256,168.56815679443744
2024-01-09 19:50:59+00:00,ENY4071,25.817498675847457,-80.68307552697524,4899.66,231.94098342874256,168.56815679443744
2024-01-09 19:51:00+00:00,ENY4071,25.81654357910156,-80.68440755208331,4899.66,231.94098342874256,168.56815679443744
2024-01-09 19:51:01+00:00,ENY4071,25.815636586334744,-80.68571846440153,4899.66,231.94098342874256,168.56815679443744
2024-01-09 19:51:02+00:00,ENY4071,25.814666748046875,-80.68705240885413,4899.66,231.94098342874256,168.56815679443744
2024-01-09 19:51:03+00:00,ENY4071,25.81340207891949,-80.68887962485258,4899.66,231.94098342874256,168.56815679443744
2024-01-09 19:51:04+00:00,ENY4071,25.81298310877913,-80.68939784787733,4899.66,231.94098342874256,168.56815679443744
2024-01-09 19:51:05+00:00,ENY4071,25.812057495117188,-80.69076538085938,4899.66,231.94098342874256,168.56815679443744
2024-01-09 19:51:06+00:00,ENY4071,25.811167571504235,-80.69198896300117,4899.66,231.94098342874256,168.56815679443744
2024-01-09 19:51:07+00:00,ENY4071,25.80976867675781,-80.6939697265625,4899.66,231.94098342874256,168.56815679443744
2024-01-09 19:51:08+00:00,ENY4071,25.809258929753707,-80.69468372272996,4899.66,231.94098342874256,168.56815679443744
2024-01-09 19:51:09+00:00,ENY4071,25.808349609375,-80.69595336914062,4899.66,231.94098342874256,168.56815679443744
2024-01-09 19:51:11+00:00,ENY4071,25.807396840240997,-80.69727483785374,4899.66,231.94098342874256,168.56815679443744
2024-01-09 19:51:12+00:00,ENY4071,25.80455017089844,-80.7012939453125,4899.66,231.94098342874256,168.56815679443744
2024-01-09 19:51:13+00:00,ENY4071,25.80413818359375,-80.701904296875,4899.66,231.80356330445736,168.88578329709736
2024-01-09 19:51:14+00:00,ENY4071,25.802719116210938,-80.70393880208331,4899.66,231.80356330445736,168.88578329709736
2024-01-09 19:51:15+00:00,ENY4071,25.80189514160156,-80.70505777994788,4899.66,231.91122711902463,169.29038132492184
2024-01-09 19:51:17+00:00,ENY4071,25.80010986328125,-80.7076517740885,4907.280000000001,232.1555415348859,169.37946631412836
2024-01-09 19:51:18+00:00,ENY4071,25.799529512049787,-80.70846845518867,4907.280000000001,232.1555415348859,169.37946631412836
2024-01-09 19:51:19+00:00,ENY4071,25.79808639267744,-80.71064499189265,4914.900000000001,234.09995035978372,170.20245822321888
2024-01-09 19:51:21+00:00,ENY4071,25.79676818847656,-80.71268717447913,4922.52,235.4469650732497,170.52324862334677
2024-01-09 19:51:23+00:00,ENY4071,25.794754028320312,-80.71609497070312,4937.76,236.6934968160569,170.5077278849173
2024-01-09 19:51:24+00:00,ENY4071,25.79394324351165,-80.71748553581955,4945.38,236.9326881612265,170.6566687043642
2024-01-09 19:51:25+00:00,ENY4071,25.793617377846928,-80.7180037588443,4945.38,237.55529674078852,170.6869064275506
2024-01-09 19:51:26+00:00,ENY4071,25.79268633309057,-80.71971389482604,4953.0,237.55529674078852,170.6869064275506
2024-01-09 19:51:29+00:00,ENY4071,25.790267944335938,-80.72423299153644,4983.4800000000005,240.1908857932935,170.752790604675
2024-01-09 19:51:30+00:00,ENY4071,25.78956733315678,-80.72562163730834,4991.1,240.6610104255941,171.1398311727927
2024-01-09 19:51:31+00:00,ENY4071,25.78868284063824,-80.72738359559258,5006.34,241.4307998896823,171.04392677858843
2024-01-09 19:51:32+00:00,ENY4071,25.78793334960937,-80.72896321614581,5013.96,241.81598363951124,171.0075618628303
2024-01-09 19:51:33+00:00,ENY4071,25.787239721265887,-80.73038928913621,5021.58,242.35402463626133,170.73961580309555
2024-01-09 19:51:36+00:00,ENY4071,25.78533107951536,-80.73469054024173,5052.06,244.12894182087356,170.95183890491478
2024-01-09 19:51:37+00:00,ENY4071,25.784683227539062,-80.73623657226562,5067.3,244.8997975591438,170.99518055256283
2024-01-09 19:51:38+00:00,ENY4071,25.783905029296875,-80.73806762695312,5074.92,245.44179655841657,170.81400134937925
2024-01-09 19:51:39+00:00,ENY4071,25.783282781051376,-80.73966548127947,5082.54,246.0550005790645,171.1181800401003
2024-01-09 19:51:40+00:00,ENY4071,25.78266906738281,-80.741221110026,5097.780000000001,246.59767189559344,170.9696412683903
2024-01-09 19:51:41+00:00,ENY4071,25.782211303710938,-80.74249267578125,5105.400000000001,247.3668844093852,171.11199349900372
2024-01-09 19:51:42+00:00,ENY4071,25.78156034825212,-80.74422584389737,5120.64,247.7509763427876,171.19471998435188
2024-01-09 19:51:43+00:00,ENY4071,25.780792236328125,-80.74640909830725,5135.88,248.2945632538944,171.0942059472879
2024-01-09 19:51:44+00:00,ENY4071,25.780489646782307,-80.74723153744105,5135.88,249.22219178695352,171.1212732267754
2024-01-09 19:51:45+00:00,ENY4071,25.77992248535156,-80.74900309244788,5151.12,249.8260550514431,171.5452839461009
2024-01-09 19:51:46+00:00,ENY4071,25.779327392578125,-80.75078328450519,5166.360000000001,250.53133637031908,171.33147891113796
2024-01-09 19:51:47+00:00,ENY4071,25.778732299804688,-80.75271606445312,5181.6,250.91275549480235,171.47738921730885
2024-01-09 19:51:48+00:00,ENY4071,25.77827453613281,-80.75419108072913,5189.22,251.61946310707677,171.30367238103454
2024-01-09 19:51:49+00:00,ENY4071,25.777836169226696,-80.75583403965209,5196.84,252.1635608166225,171.31294172589077
2024-01-09 19:51:50+00:00,ENY4071,25.777324094610695,-80.75759599793633,5212.08,252.3796282268377,171.64630476233737
2024-01-09 19:51:51+00:00,ENY4071,25.77690512447034,-80.75904702240564,5219.7,252.54344186633315,171.4912789622518
2024-01-09 19:51:52+00:00,ENY4071,25.776718915519066,-80.75972071233787,5227.320000000001,252.54344186633315,171.4912789622518
2024-01-09 19:52:09+00:00,ENY4071,25.773180945444917,-80.77267628795693,5303.52,253.2513344618344,171.37781310200535
2024-01-09 19:52:10+00:00,ENY4071,25.76852572166313,-80.78967400316924,5410.2,253.2513344618344,171.37781310200535
2024-01-09 19:52:11+00:00,ENY4071,25.768112182617188,-80.791269938151,5417.820000000001,253.2513344618344,171.37781310200535
2024-01-09 19:52:12+00:00,ENY4071,25.767379760742188,-80.79391479492188,5433.06,253.3007557660064,171.87049733343937
2024-01-09 19:52:13+00:00,ENY4071,25.7671291545286,-80.7949080557193,5440.68,253.3007557660064,171.87049733343937
2024-01-09 19:52:14+00:00,ENY4071,25.766647338867188,-80.7965087890625,5448.3,253.3007557660064,171.87049733343937
2024-01-09 19:52:15+00:00,ENY4071,25.766198109772244,-80.79832832768278,5455.92,253.3007557660064,171.87049733343937
2024-01-09 19:52:16+00:00,ENY4071,25.765777587890625,-80.799814860026,5463.54,253.3007557660064,171.87049733343937
2024-01-09 19:52:18+00:00,ENY4071,25.76480154263771,-80.80340691332549,5478.780000000001,253.1861970907314,172.51141453927968
2024-01-09 19:52:19+00:00,ENY4071,25.76442912473517,-80.80475429318983,5486.400000000001,253.1861970907314,172.51141453927968
2024-01-09 19:52:25+00:00,ENY4071,25.761795043945312,-80.81431070963538,5532.12,253.235480055697,173.0039299752397
2024-01-09 19:52:27+00:00,ENY4071,25.76092529296875,-80.81761678059894,5547.360000000001,253.235480055697,173.0039299752397
2024-01-09 19:52:28+00:00,ENY4071,25.76047218452065,-80.81926453788327,5554.9800000000005,253.235480055697,173.0039299752397
2024-01-09 19:52:29+00:00,ENY4071,25.760009765625,-80.8209228515625,5562.6,253.28448317924904,173.4965726827777
2024-01-09 19:52:33+00:00,ENY4071,25.758284229343214,-80.82719335016213,5593.08,253.33320876707447,173.98934158080306
2024-01-09 19:52:34+00:00,ENY4071,25.757858276367188,-80.828857421875,5600.700000000001,253.33320876707447,173.98934158080306
2024-01-09 19:52:52+00:00,ENY4071,25.74961853027344,-80.85906982421875,5737.860000000001,253.2199209162628,174.63005984856144
2024-01-09 19:53:04+00:00,ENY4071,25.74403924457097,-80.87948205336085,5836.92,253.2199209162628,174.63005984856144
2024-01-09 19:53:07+00:00,ENY4071,25.742660522460938,-80.88455200195312,5867.400000000001,253.2199209162628,174.63005984856144
2024-01-09 19:53:10+00:00,ENY4071,25.741246110301905,-80.88979469155362,5897.88,253.18965605577787,177.88235716936433
2024-01-09 19:53:11+00:00,ENY4071,25.74068748344809,-80.89166029444277,5905.5,253.18965605577787,177.88235716936433
2024-01-09 19:53:12+00:00,ENY4071,25.740234375,-80.89345296223956,5913.12,253.18965605577787,177.88235716936433
2024-01-09 19:53:13+00:00,ENY4071,25.739802990929554,-80.89508056640625,5920.740000000001,253.18965605577787,177.88235716936433
2024-01-09 19:53:15+00:00,ENY4071,25.73876953125,-80.89879353841144,5935.9800000000005,253.23744553816724,178.37487963624943
2024-01-09 19:53:16+00:00,ENY4071,25.7384033203125,-80.90016682942706,5943.6,253.23744553816724,178.37487963624943
2024-01-09 19:53:34+00:00,ENY4071,25.72998046875,-80.93093872070312,6073.14,253.1749348768213,179.50852393608488
2024-01-09 19:53:38+00:00,ENY4071,25.728286743164062,-80.93724568684897,6103.62,253.2223329029719,180.00100770441242
2024-01-09 19:53:59+00:00,ENY4071,25.71844482421875,-80.97325642903647,6355.08,253.2223329029719,180.00100770441242
2024-01-09 19:54:03+00:00,ENY4071,25.7164306640625,-80.98063151041667,6393.18,253.20464887345324,176.25620236215622
2024-01-09 19:54:10+00:00,ENY4071,25.7135009765625,-80.99126180013022,6446.52,253.20464887345324,176.25620236215622
2024-01-09 19:54:11+00:00,ENY4071,25.71303545418432,-80.99292107348174,6454.14,253.20464887345324,176.25620236215622
2024-01-09 19:54:12+00:00,ENY4071,25.712290618379235,-80.99561583321048,6461.76,253.20464887345324,176.25620236215622
2024-01-09 19:54:13+00:00,ENY4071,25.712057857190143,-80.99649681235258,6469.38,253.20464887345324,176.25620236215622
2024-01-09 19:54:14+00:00,ENY4071,25.71135957362288,-80.99908792747641,6484.62,253.20464887345324,176.25620236215622
2024-01-09 19:54:15+00:00,ENY4071,25.7109375,-81.00067138671875,6484.62,253.20464887345324,176.25620236215622
2024-01-09 19:54:16+00:00,ENY4071,25.71042852886653,-81.00250819943983,6499.860000000001,253.25283625152028,176.74876420634942
2024-01-09 19:54:18+00:00,ENY4071,25.70991645425053,-81.00437380232898,6507.4800000000005,253.25283625152028,176.74876420634942
2024-01-09 19:54:19+00:00,ENY4071,25.70947265625,-81.00606282552081,6515.1,253.25283625152028,176.74876420634942
2024-01-09 19:54:26+00:00,ENY4071,25.70586640956038,-81.01919498083726,6568.4400000000005,253.1416012322617,177.38995914163348
2024-01-09 19:54:27+00:00,ENY4071,25.705352783203125,-81.02106730143225,6576.06,253.1416012322617,177.38995914163348
2024-01-09 19:54:29+00:00,ENY4071,25.70448303222656,-81.02427164713538,6591.3,253.1416012322617,177.38995914163348
2024-01-09 19:54:30+00:00,ENY4071,25.70395776780985,-81.02613916936912,6598.92,253.1416012322617,177.38995914163348
2024-01-09 19:54:31+00:00,ENY4071,25.703445693193856,-81.02800477225827,6598.92,253.1416012322617,177.38995914163348
2024-01-09 19:54:32+00:00,ENY4071,25.703155517578125,-81.02900187174475,6606.54,253.1416012322617,177.38995914163348
2024-01-09 19:54:34+00:00,ENY4071,25.70223999023437,-81.03240966796875,6621.780000000001,253.18965605577787,177.88235716936433
2024-01-09 19:54:35+00:00,ENY4071,25.701956021583687,-81.03344611401826,6621.780000000001,253.03116787125157,178.03181786013877
2024-01-09 19:54:37+00:00,ENY4071,25.700652558924787,-81.03816194354363,6637.02,253.03116787125157,178.03181786013877
2024-01-09 19:54:39+00:00,ENY4071,25.69972151416843,-81.04158221550705,6652.26,253.07935446303009,178.52392798642651
2024-01-09 19:54:45+00:00,ENY4071,25.697021484375,-81.05148315429688,6697.9800000000005,253.23744553816724,178.37487963624943
2024-01-09 19:54:47+00:00,ENY4071,25.696323200807733,-81.0539677457989,6705.6,253.2849718051073,178.86752551433673
2024-01-09 19:54:48+00:00,ENY4071,25.6959228515625,-81.05550130208331,6713.22,253.2849718051073,178.86752551433673
2024-01-09 19:54:49+00:00,ENY4071,25.6954387082892,-81.05728437315742,6720.84,253.2849718051073,178.86752551433673
2024-01-09 19:56:03+00:00,ENY4071,25.65980529785156,-81.18413289388022,7200.900000000001,247.2056433327332,181.91615654006964
2024-01-09 19:56:07+00:00,ENY4071,25.6571044921875,-81.19069417317709,7223.76,245.75745912924023,181.6715848087461
2024-01-09 19:56:11+00:00,ENY4071,25.654129028320312,-81.19715372721355,7246.620000000001,241.40249145938228,181.6366191072794
2024-01-09 19:56:14+00:00,ENY4071,25.651679604740465,-81.20181677476415,7261.860000000001,241.40249145938228,181.6366191072794
2024-01-09 19:56:15+00:00,ENY4071,25.650787353515625,-81.20340983072913,7269.48,241.40249145938228,181.6366191072794
2024-01-09 19:56:18+00:00,ENY4071,25.64809508242849,-81.20798362875883,7292.34,235.4581800353954,182.366588607605
2024-01-09 19:56:20+00:00,ENY4071,25.645294189453125,-81.212412516276,7307.58,235.4581800353954,182.366588607605
2024-01-09 19:56:22+00:00,ENY4071,25.644324351165253,-81.21383954893867,7315.200000000001,233.130102354156,182.62762
2024-01-09 19:56:25+00:00,ENY4071,25.641265869140625,-81.21815999348956,7330.44,230.81248238311272,183.1890226707756
2024-01-09 19:56:28+00:00,ENY4071,25.63783264160156,-81.22263590494788,7345.68,229.20702310946095,183.469079812318
2024-01-09 19:56:29+00:00,ENY4071,25.63668978416313,-81.22399672022402,7345.68,229.20702310946095,183.469079812318
2024-01-09 19:56:38+00:00,ENY4071,25.626168978416317,-81.23633042821345,7399.02,225.90222116153012,184.816468224043
2024-01-09 19:56:39+00:00,ENY4071,25.62506103515625,-81.23753865559894,7406.64,225.90222116153012,184.816468224043
2024-01-09 19:56:42+00:00,ENY4071,25.620895385742188,-81.2423197428385,7421.88,225.90222116153012,184.816468224043
2024-01-09 19:56:43+00:00,ENY4071,25.620391845703125,-81.24287923177081,7429.5,226.0129828806108,185.18626389684528
2024-01-09 19:56:46+00:00,ENY4071,25.616951635328387,-81.24679853331367,7437.120000000001,226.0129828806108,185.18626389684528
2024-01-09 19:56:49+00:00,ENY4071,25.61297607421875,-81.25137329101562,7452.360000000001,226.0129828806108,185.18626389684528
2024-01-09 19:57:16+00:00,ENY4071,25.58171159130032,-81.28706446233785,7581.900000000001,226.0129828806108,185.18626389684528
2024-01-09 19:57:22+00:00,ENY4071,25.5743408203125,-81.295420328776,7620.0,226.0129828806108,185.18626389684528
2024-01-09 19:57:34+00:00,ENY4071,25.55983203952595,-81.31193916752653,7688.580000000001,225.8814039965821,189.1811416164929
2024-01-09 19:57:57+00:00,ENY4071,25.53277587890625,-81.34262084960938,7818.120000000001,225.87467677112133,190.63603812751543
2024-01-09 19:58:02+00:00,ENY4071,25.52682650291313,-81.34940669221697,7848.6,225.87467677112133,190.63603812751543
2024-01-09 19:58:03+00:00,ENY4071,25.525634765625,-81.35075887044269,7848.6,225.87467677112133,190.63603812751543
2024-01-09 19:58:04+00:00,ENY4071,25.52440578654661,-81.35210145194577,7856.22,225.87467677112133,190.63603812751543
2024-01-09 19:58:06+00:00,ENY4071,25.521697998046875,-81.35518391927081,7871.46,225.98211716322416,191.0056514459324
2024-01-09 19:58:07+00:00,ENY4071,25.52100747318591,-81.3559881246315,7879.080000000001,225.87135151767836,191.3634873573021
2024-01-09 19:58:09+00:00,ENY4071,25.51844787597656,-81.35894775390625,7886.700000000001,225.87135151767836,191.3634873573021
2024-01-09 19:58:10+00:00,ENY4071,25.51723674192267,-81.36028937573701,7894.320000000001,225.87135151767836,191.3634873573021
2024-01-09 19:58:11+00:00,ENY4071,25.51616604045286,-81.361481288694,7894.320000000001,225.87135151767836,191.3634873573021
2024-01-09 19:58:12+00:00,ENY4071,25.514816025556144,-81.36303595776826,7901.94,225.87135151767836,191.3634873573021
2024-01-09 19:58:15+00:00,ENY4071,25.511215209960938,-81.36713663736975,7917.18,225.87135151767836,191.3634873573021
2024-01-09 19:58:16+00:00,ENY4071,25.51025390625,-81.36820475260413,7924.8,225.87135151767836,191.3634873573021
2024-01-09 19:58:37+00:00,ENY4071,25.4848829366393,-81.39692774358785,8031.48,225.87135151767836,191.3634873573021
2024-01-09 19:59:11+00:00,ENY4071,25.443637653932733,-81.44377510502653,8199.12,225.86477628229096,192.8183877286696
2024-01-09 19:59:15+00:00,ENY4071,25.43921519134004,-81.44875004606428,8214.36,225.86477628229096,192.8183877286696
2024-01-09 19:59:30+00:00,ENY4071,25.420128773834744,-81.47035994619694,8275.32,225.86477628229096,192.8183877286696
2024-01-09 19:59:33+00:00,ENY4071,25.41590881347656,-81.47511800130206,8290.560000000001,225.63895989899163,195.7187306855035
2024-01-09 19:59:34+00:00,ENY4071,25.415359497070312,-81.47572835286456,8298.18,225.63895989899163,195.7187306855035
2024-01-09 19:59:36+00:00,ENY4071,25.412726968021715,-81.47870333689565,8313.42,225.6413438789425,194.99124241219803
2024-01-09 19:59:38+00:00,ENY4071,25.41050720214844,-81.48122151692706,8321.04,225.6413438789425,194.99124241219803
2024-01-09 19:59:53+00:00,ENY4071,25.39210432666843,-81.50202337301003,8412.48,225.74962162989056,194.63191767189585
2024-01-09 20:00:26+00:00,,25.35183664095604,-81.54757517688677,8633.460000000001,225.76099975712225,191.72203579158528
2024-01-09 20:00:28+00:00,,25.34941592458951,-81.55026993661556,8641.08,225.6535356806778,191.35380622485775
2024-01-09 20:00:29+00:00,,25.34820556640625,-81.55161539713538,8648.7,225.6535356806778,191.35380622485775
2024-01-09 20:00:30+00:00,ENY4071,25.346529685844807,-81.55353474167157,8656.32,225.6535356806778,191.35380622485775
2024-01-09 20:00:31+00:00,ENY4071,25.34532165527344,-81.55487060546875,8656.32,225.6535356806778,191.35380622485775
2024-01-09 20:00:32+00:00,ENY4071,25.344314575195312,-81.5560404459635,8663.94,225.6535356806778,191.35380622485775
2024-01-09 20:00:33+00:00,ENY4071,25.3428955078125,-81.5576171875,8663.94,225.6535356806778,191.35380622485775
2024-01-09 20:00:34+00:00,ENY4071,25.34168825311176,-81.55897608343162,8671.560000000001,225.6535356806778,191.35380622485775
2024-01-09 20:00:35+00:00,ENY4071,25.34122273073358,-81.55954612875883,8671.560000000001,225.76389846093,190.99456652538268
2024-01-09 20:00:36+00:00,ENY4071,25.34046936035156,-81.56036376953125,8679.18,225.76389846093,190.99456652538268
2024-01-09 20:00:37+00:00,ENY4071,25.33870890989142,-81.56234453309258,8686.800000000001,225.76389846093,190.99456652538268
2024-01-09 20:00:38+00:00,ENY4071,25.3373588949947,-81.5638473798644,8686.800000000001,225.76389846093,190.99456652538268
2024-01-09 20:00:39+00:00,ENY4071,25.33591577562235,-81.56550569354363,8694.42,225.76389846093,190.99456652538268
2024-01-09 20:00:41+00:00,ENY4071,25.333786010742188,-81.56794230143225,8702.04,225.76389846093,190.99456652538268
2024-01-09 20:00:42+00:00,ENY4071,25.332564014499468,-81.56928872162439,8709.66,225.76389846093,190.99456652538268
2024-01-09 20:00:43+00:00,ENY4071,25.33153986526748,-81.57048063458137,8709.66,225.76389846093,190.99456652538268
2024-01-09 20:00:44+00:00,ENY4071,25.330143298132946,-81.57198348135319,8717.28,225.76389846093,190.99456652538268
2024-01-09 20:00:45+00:00,ENY4071,25.328933715820312,-81.57338460286456,8717.28,225.76389846093,190.99456652538268
2024-01-09 20:00:46+00:00,ENY4071,25.3276760295286,-81.5748337079894,8724.9,225.76389846093,190.99456652538268
2024-01-09 20:00:48+00:00,ENY4071,25.325454711914062,-81.57735188802081,8732.52,225.76389846093,190.99456652538268
2024-01-09 20:00:50+00:00,ENY4071,25.322927701271187,-81.58017140514443,8740.140000000001,225.87135151767836,191.3634873573021
2024-01-09 20:00:51+00:00,ENY4071,25.32246217889301,-81.58074145047169,8740.140000000001,225.76099975712225,191.72203579158528
2024-01-09 20:00:52+00:00,ENY4071,25.320281982421875,-81.58320109049475,8747.76,225.76099975712225,191.72203579158528
2024-01-09 20:00:53+00:00,ENY4071,25.319063865532307,-81.58452447855245,8747.76,225.76099975712225,191.72203579158528
2024-01-09 20:00:54+00:00,ENY4071,25.318359375,-81.5853373209635,8755.380000000001,225.76099975712225,191.72203579158528
2024-01-09 20:00:55+00:00,ENY4071,25.317306518554688,-81.5865580240885,8755.380000000001,225.76099975712225,191.72203579158528
2024-01-09 20:00:56+00:00,ENY4071,25.315475463867188,-81.58864339192706,8763.0,225.76099975712225,191.72203579158528
2024-01-09 20:00:57+00:00,ENY4071,25.314268985037074,-81.5899658203125,8763.0,225.76099975712225,191.72203579158528
2024-01-09 20:00:58+00:00,ENY4071,25.31375691042108,-81.59053586563971,8763.0,225.76099975712225,191.72203579158528
2024-01-09 20:00:59+00:00,ENY4071,25.31184826867055,-81.59271240234375,8770.62,225.76099975712225,191.72203579158528
2024-01-09 20:01:00+00:00,ENY4071,25.31128964181673,-81.59333426997347,8770.62,225.75812296782797,192.44950554479877
2024-01-09 20:01:01+00:00,ENY4071,25.309427552304022,-81.595458984375,8770.62,225.75812296782797,192.44950554479877
2024-01-09 20:01:02+00:00,ENY4071,25.30819702148437,-81.59683227539062,8770.62,225.75812296782797,192.44950554479877
2024-01-09 20:01:04+00:00,ENY4071,25.306029238943324,-81.59929383475827,8778.24,225.75812296782797,192.44950554479877
2024-01-09 20:01:05+00:00,ENY4071,25.30531311035156,-81.60008748372394,8778.24,225.75812296782797,192.44950554479877
2024-01-09 20:01:08+00:00,ENY4071,25.30109470173464,-81.60483882112322,8785.86,225.75812296782797,192.44950554479877
2024-01-09 20:01:09+00:00,ENY4071,25.29986572265625,-81.60624186197913,8793.48,225.7552678454832,193.17697577952111
2024-01-09 20:01:10+00:00,ENY4071,25.29853820800781,-81.60776774088538,8793.48,225.7552678454832,193.17697577952111
2024-01-09 20:01:11+00:00,ENY4071,25.297439575195312,-81.60898844401038,8793.48,225.7552678454832,193.17697577952111
2024-01-09 20:01:13+00:00,ENY4071,25.294810149629235,-81.61199029886495,8801.1,225.7552678454832,193.17697577952111
2024-01-09 20:01:14+00:00,ENY4071,25.29414367675781,-81.61270141601562,8801.1,225.7552678454832,193.17697577952111
2024-01-09 20:01:15+00:00,ENY4071,25.293182373046875,-81.61382039388019,8801.1,225.7552678454832,193.17697577952111
2024-01-09 20:01:16+00:00,ENY4071,25.29121398925781,-81.61600748697913,8808.720000000001,225.7552678454832,193.17697577952111
2024-01-09 20:01:17+00:00,ENY4071,25.290756225585938,-81.61656697591144,8808.720000000001,225.7552678454832,193.17697577952111
2024-01-09 20:01:18+00:00,ENY4071,25.288787841796875,-81.61875406901038,8816.34,225.7552678454832,193.17697577952111
2024-01-09 20:01:19+00:00,ENY4071,25.28759455276748,-81.62012640035374,8816.34,225.6461656060316,193.53626688974364
2024-01-09 20:01:20+00:00,ENY4071,25.286361694335938,-81.62150065104163,8823.960000000001,225.75243414623867,193.90444649033293
2024-01-09 20:01:21+00:00,ENY4071,25.28512728416313,-81.62287298238499,8823.960000000001,225.75243414623867,193.90444649033293
2024-01-09 20:01:23+00:00,ENY4071,25.2828369140625,-81.62546793619788,8831.58,225.75243414623867,193.90444649033293
2024-01-09 20:01:24+00:00,ENY4071,25.28172897080244,-81.62670783276826,8831.58,225.75243414623867,193.90444649033293
2024-01-09 20:01:26+00:00,ENY4071,25.27977377681409,-81.62893619177476,8839.2,225.75243414623867,193.90444649033293
2024-01-09 20:01:27+00:00,ENY4071,25.27833065744173,-81.63059450545398,8846.82,225.75243414623867,193.90444649033293
2024-01-09 20:01:29+00:00,ENY4071,25.27577028436176,-81.6334447320902,8854.44,225.75243414623867,193.90444649033293
2024-01-09 20:01:30+00:00,ENY4071,25.27455139160156,-81.63482666015625,8854.44,225.75243414623867,193.90444649033293
2024-01-09 20:01:32+00:00,ENY4071,25.272125244140625,-81.6375732421875,8862.060000000001,225.75243414623867,193.90444649033293
2024-01-09 20:01:33+00:00,ENY4071,25.270751953125,-81.63909912109375,8869.68,225.75243414623867,193.90444649033293
2024-01-09 20:01:34+00:00,ENY4071,25.269439180018537,-81.64059620983193,8877.300000000001,225.75243414623867,193.90444649033293
2024-01-09 20:01:35+00:00,ENY4071,25.268325805664062,-81.641845703125,8877.300000000001,225.75243414623867,193.90444649033293
2024-01-09 20:01:49+00:00,ENY4071,25.25100449384269,-81.66132513082253,8953.5,225.75243414623867,193.90444649033293
2024-01-09 20:01:51+00:00,ENY4071,25.248583777476163,-81.66407171285378,8968.74,225.64860375889097,192.8087796483232
2024-01-09 20:02:05+00:00,ENY4071,25.231842041015625,-81.68289184570312,9037.32,225.64860375889097,192.8087796483232
2024-01-09 20:02:17+00:00,ENY4071,25.21783447265625,-81.69865926106772,9090.66,225.6510603802295,192.0812927586905
2024-01-09 20:02:18+00:00,ENY4071,25.21655583785752,-81.70014003537733,9090.66,225.6510603802295,192.0812927586905
2024-01-09 20:02:25+00:00,ENY4071,25.208175659179688,-81.7095947265625,9121.14,225.6510603802295,192.0812927586905
2024-01-09 20:02:28+00:00,ENY4071,25.20465087890625,-81.7135111490885,9128.76,225.6510603802295,192.0812927586905
2024-01-09 20:03:42+00:00,ENY4071,25.11474609375,-81.81462605794272,9403.08,225.64860375889097,192.8087796483232
2024-01-09 20:03:46+00:00,ENY4071,25.10980224609375,-81.82022094726562,9418.32,225.64860375889097,192.8087796483232
2024-01-09 20:03:47+00:00,ENY4071,25.108694302833687,-81.82145604547463,9425.94,225.64860375889097,192.8087796483232
2024-01-09 20:04:53+00:00,ENY4071,25.02904342392744,-81.910797694944,9723.12,225.5477441112412,190.2587518495133
2024-01-09 20:04:54+00:00,ENY4071,25.027646856792902,-81.91235236401826,9723.12,225.5477441112412,190.2587518495133
2024-01-09 20:04:56+00:00,ENY4071,25.0252726926642,-81.91504712374706,9730.74,225.5456575934157,190.98625241275667
2024-01-09 20:04:57+00:00,ENY4071,25.02401733398437,-81.91640218098956,9730.74,225.5456575934157,190.98625241275667
2024-01-09 20:04:58+00:00,ENY4071,25.02285197629767,-81.91769006117335,9738.36,225.5456575934157,190.98625241275667
2024-01-09 20:05:00+00:00,ENY4071,25.020675659179688,-81.920166015625,9738.36,225.5456575934157,190.98625241275667
2024-01-09 20:05:02+00:00,ENY4071,25.017745971679688,-81.9234720865885,9745.98,225.6535356806778,191.35380622485775
2024-01-09 20:05:04+00:00,ENY4071,25.01582336425781,-81.9256591796875,9745.98,225.6535356806778,191.35380622485775
2024-01-09 20:05:05+00:00,ENY4071,25.01465878244173,-81.92691443101415,9753.6,225.6535356806778,191.35380622485775
2024-01-09 20:05:06+00:00,ENY4071,25.01348876953125,-81.92825317382812,9753.6,225.76099975712225,191.72203579158528
2024-01-09 20:05:07+00:00,ENY4071,25.01177254369703,-81.93012741376765,9753.6,225.76099975712225,191.72203579158528
2024-01-09 20:05:08+00:00,ENY4071,25.010513305664062,-81.93155924479163,9753.6,225.5435869111068,191.71375322735787
2024-01-09 20:05:09+00:00,ENY4071,25.00925872285487,-81.93297764040386,9761.22,225.6510603802295,192.0812927586905
2024-01-09 20:05:10+00:00,ENY4071,25.00863647460937,-81.93369547526038,9753.6,225.6510603802295,192.0812927586905
2024-01-09 20:05:11+00:00,ENY4071,25.006931110963983,-81.9355687555277,9761.22,225.6510603802295,192.0812927586905
2024-01-09 20:05:12+00:00,ENY4071,25.006419036347985,-81.93613880085496,9761.22,225.6510603802295,192.0812927586905
2024-01-09 20:05:51+00:00,ENY4071,24.958328247070312,-81.98994954427084,9845.04,225.42917384220223,194.25694267640912
2024-01-09 20:05:52+00:00,ENY4071,24.957321166992188,-81.99106852213542,9852.66,225.42917384220223,194.25694267640912
2024-01-09 20:05:53+00:00,ENY4071,24.956096067266948,-81.99246964364681,9852.66,225.42917384220223,194.25694267640912
2024-01-09 20:05:54+00:00,ENY4071,24.954803466796875,-81.99386596679688,9860.28,225.42917384220223,194.25694267640912
2024-01-09 20:05:56+00:00,ENY4071,24.952468872070312,-81.99651082356769,9867.9,225.42917384220223,194.25694267640912
2024-01-09 20:05:57+00:00,ENY4071,24.95116153005826,-81.99796280770931,9867.9,225.42917384220223,194.25694267640912
2024-01-09 20:06:07+00:00,ENY4071,24.939743041992188,-82.010752360026,9913.62,225.5374680948811,193.8962571510156
2024-01-09 20:06:11+00:00,ENY4071,24.934123411016948,-82.01703341502065,9936.48,225.5374680948811,193.8962571510156
2024-01-09 20:06:12+00:00,ENY4071,24.932830810546875,-82.01848347981769,9936.48,225.6461656060316,193.53626688974364
2024-01-09 20:06:13+00:00,ENY4071,24.93145751953125,-82.02000935872394,9944.1,225.6461656060316,193.53626688974364
2024-01-09 20:06:16+00:00,ENY4071,24.928024291992188,-82.02387491861975,9959.34,225.5394923373944,193.168755599274
2024-01-09 20:06:17+00:00,ENY4071,24.92732678429555,-82.02465129348468,9959.34,225.5394923373944,193.168755599274
2024-01-09 20:06:21+00:00,ENY4071,24.92146120233051,-82.03123272589914,9982.2,225.5394923373944,193.168755599274
2024-01-09 20:06:58+00:00,ENY4071,24.877349853515625,-82.08048502604167,10172.7,225.5477441112412,190.2587518495133
2024-01-09 20:07:30+00:00,ENY4071,24.839156845868644,-82.12311366818986,10256.52,225.5456575934157,190.98625241275667
2024-01-09 20:07:36+00:00,ENY4071,24.8316650390625,-82.13144938151038,10271.76,225.5456575934157,190.98625241275667
2024-01-09 20:07:37+00:00,ENY4071,24.830451577396715,-82.1328562610554,10279.38,225.5456575934157,190.98625241275667
2024-01-09 20:07:38+00:00,ENY4071,24.829742431640625,-82.13363647460938,10279.38,225.5456575934157,190.98625241275667
2024-01-09 20:07:39+00:00,ENY4071,24.82844983117055,-82.13503279775944,10279.38,225.5456575934157,190.98625241275667
2024-01-09 20:07:42+00:00,ENY4071,24.824679099907307,-82.1392822265625,10287.0,225.6535356806778,191.35380622485775
2024-01-09 20:07:48+00:00,ENY4071,24.817657470703125,-82.14711507161456,10302.24,225.5435869111068,191.71375322735787
2024-01-09 20:07:49+00:00,ENY4071,24.81597383143538,-82.14902481942806,10309.86,225.5435869111068,191.71375322735787
2024-01-09 20:07:52+00:00,ENY4071,24.812301635742188,-82.15306599934894,10309.86,225.4340506321394,192.07440355643016
2024-01-09 20:07:53+00:00,ENY4071,24.81108584646451,-82.1544143388856,10309.86,225.4340506321394,192.07440355643016
2024-01-09 20:07:54+00:00,ENY4071,24.80987548828125,-82.15576171875,10317.48,225.4340506321394,192.07440355643016
2024-01-09 20:07:58+00:00,ENY4071,24.80466163764565,-82.16161763892984,10317.48,225.4340506321394,192.07440355643016
2024-01-09 20:08:00+00:00,ENY4071,24.80259704589844,-82.16389973958331,10325.1,225.43241276753767,192.801916440642
2024-01-09 20:08:01+00:00,ENY4071,24.801498413085938,-82.16512044270831,10325.1,225.43241276753767,192.801916440642
2024-01-09 20:08:03+00:00,ENY4071,24.799401234772244,-82.16742173680717,10325.1,225.43241276753767,192.801916440642
2024-01-09 20:08:05+00:00,ENY4071,24.79623413085937,-82.17096964518225,10332.72,225.43241276753767,192.801916440642
2024-01-09 20:08:09+00:00,ENY4071,24.791627011056672,-82.17612788362322,10340.34,225.5394923373944,193.168755599274
2024-01-09 20:08:17+00:00,ENY4071,24.78163146972656,-82.18729654947913,10363.2,225.5394923373944,193.168755599274
2024-01-09 20:08:18+00:00,ENY4071,24.78091999635858,-82.18809883549528,10363.2,225.5394923373944,193.168755599274
2024-01-09 20:08:19+00:00,ENY4071,24.7796630859375,-82.18943277994788,10363.2,225.5394923373944,193.168755599274
2024-01-09 20:08:24+00:00,ENY4071,24.77305266816737,-82.19680498231133,10370.82,225.5374680948811,193.8962571510156
2024-01-09 20:08:27+00:00,ENY4071,24.77011987718485,-82.2001216096698,10363.2,225.53545898556453,194.62375894296667
2024-01-09 20:08:44+00:00,ENY4071,24.74842653436176,-82.22427080262382,10363.2,225.32008482378168,195.34584188687177
2024-01-09 20:08:49+00:00,ENY4071,24.742263793945312,-82.23114013671875,10363.2,225.32008482378168,195.34584188687177
2024-01-09 20:09:04+00:00,ENY4071,24.72366074384269,-82.25184026754128,10363.2,225.53545898556453,194.62375894296667
2024-01-09 20:09:09+00:00,ENY4071,24.71779516187765,-82.25836987765331,10363.2,225.53545898556453,194.62375894296667
2024-01-09 20:09:11+00:00,ENY4071,24.715164184570312,-82.26125081380206,10363.2,225.53545898556453,194.62375894296667
2024-01-09 20:09:13+00:00,ENY4071,24.71290717690678,-82.2638112194133,10363.2,225.42757250683343,194.98445602447703
2024-01-09 20:09:21+00:00,ENY4071,24.70313120696504,-82.27469390293334,10363.2,225.42757250683343,194.98445602447703
2024-01-09 20:09:22+00:00,ENY4071,24.701385498046875,-82.276611328125,10363.2,225.42757250683343,194.98445602447703
2024-01-09 20:09:23+00:00,ENY4071,24.70088195800781,-82.27711995442706,10363.2,225.42757250683343,194.98445602447703
2024-01-09 20:09:25+00:00,ENY4071,24.69768459514036,-82.28070529002065,10363.2,225.42757250683343,194.98445602447703
2024-01-09 20:09:26+00:00,ENY4071,24.696945190429688,-82.28154500325519,10363.2,225.42757250683343,194.98445602447703
2024-01-09 20:09:28+00:00,ENY4071,24.69447326660156,-82.28429158528644,10363.2,225.42757250683343,194.98445602447703
2024-01-09 20:09:29+00:00,ENY4071,24.693727654925848,-82.28511018573113,10363.2,225.42757250683343,194.98445602447703
2024-01-09 20:09:30+00:00,ENY4071,24.6917724609375,-82.28728672243511,10363.2,225.42757250683343,194.98445602447703
2024-01-09 20:09:31+00:00,ENY4071,24.69070175946769,-82.2884786353921,10363.2,225.42757250683343,194.98445602447703
2024-01-09 20:09:32+00:00,ENY4071,24.689529418945312,-82.28973388671875,10363.2,225.42757250683343,194.98445602447703
2024-01-09 20:09:33+00:00,ENY4071,24.687815520722985,-82.29169161814565,10363.2,225.42757250683343,194.98445602447703
2024-01-09 20:09:35+00:00,ENY4071,24.685592651367188,-82.29415893554688,10363.2,225.42757250683343,194.98445602447703
2024-01-09 20:09:36+00:00,ENY4071,24.68463134765625,-82.29522705078125,10363.2,225.42757250683343,194.98445602447703
2024-01-09 20:09:37+00:00,ENY4071,24.683393058130296,-82.29661473688088,10363.2,225.42757250683343,194.98445602447703
2024-01-09 20:09:38+00:00,ENY4071,24.681564331054688,-82.29863484700519,10363.2,225.42757250683343,194.98445602447703
2024-01-09 20:09:39+00:00,ENY4071,24.68092578952595,-82.29936131891213,10363.2,225.42757250683343,194.98445602447703
2024-01-09 20:09:40+00:00,ENY4071,24.6796875,-82.30072021484375,10363.2,225.32008482378168,195.34584188687177
2024-01-09 20:09:41+00:00,ENY4071,24.67845852092161,-82.30210790094338,10363.2,225.32008482378168,195.34584188687177
2024-01-09 20:09:42+00:00,ENY4071,24.6771240234375,-82.30356852213538,10363.2,225.32008482378168,195.34584188687177
2024-01-09 20:09:43+00:00,ENY4071,24.675991252317267,-82.30480266067218,10363.2,225.32008482378168,195.34584188687177
2024-01-09 20:09:45+00:00,ENY4071,24.67364501953125,-82.30743408203125,10363.2,225.32008482378168,195.34584188687177
2024-01-09 20:09:56+00:00,ENY4071,24.659912109375,-82.32269287109375,10363.2,225.32008482378168,195.34584188687177
2024-01-09 20:10:01+00:00,ENY4071,24.65369273040254,-82.32962554355834,10363.2,225.5314854927651,196.07876323680267
2024-01-09 20:10:02+00:00,ENY4071,24.65245056152344,-82.33098347981769,10363.2,225.42598307664315,195.71196952371943
2024-01-09 20:10:03+00:00,ENY4071,24.6512254617982,-82.33237212558959,10363.2,225.42598307664315,195.71196952371943
2024-01-09 20:10:06+00:00,ENY4071,24.64768749172405,-82.33625879827537,10363.2,225.42598307664315,195.71196952371943
2024-01-09 20:10:08+00:00,ENY4071,24.644989013671875,-82.33927408854163,10363.2,225.42598307664315,195.71196952371943
2024-01-09 20:10:09+00:00,ENY4071,24.64377710374735,-82.34061187168334,10363.2,225.42598307664315,195.71196952371943
2024-01-09 23:02:55+00:00,,25.1725639731197,-97.43717409529772,11277.6,352.4522742261569,207.5760821891651
2024-01-09 23:02:56+00:00,ENY4071,25.1744384765625,-97.43743896484376,11277.6,352.4522742261569,207.5760821891651
2024-01-09 23:02:57+00:00,ENY4071,25.1759033203125,-97.43764241536456,11277.6,352.4522742261569,207.5760821891651
2024-01-09 23:02:59+00:00,ENY4071,25.179611206054688,-97.43820190429688,11277.6,352.4522742261569,207.5760821891651
2024-01-09 23:03:00+00:00,ENY4071,25.183319091796875,-97.43871053059894,11277.6,352.4522742261569,207.5760821891651
2024-01-09 23:03:02+00:00,ENY4071,25.187026977539062,-97.43927001953124,11277.6,352.4522742261569,207.5760821891651
2024-01-09 23:03:05+00:00,ENY4071,25.19073486328125,-97.4398295084635,11277.6,352.4522742261569,207.5760821891651
2024-01-09 23:03:06+00:00,ENY4071,25.19258143538136,-97.4400761442364,11277.6,352.4522742261569,207.5760821891651
2024-01-09 23:03:07+00:00,ENY4071,25.19444274902344,-97.44033813476562,11277.6,352.4522742261569,207.5760821891651
2024-01-09 23:03:08+00:00,ENY4071,25.198150634765625,-97.44089762369788,11277.6,352.4522742261569,207.5760821891651
2024-01-09 23:03:10+00:00,ENY4071,25.2000297934322,-97.44116441258842,11277.6,352.4522742261569,207.5760821891651
2024-01-09 23:03:12+00:00,ENY4071,25.203753972457623,-97.44168263561318,11277.6,352.4522742261569,207.5760821891651
2024-01-09 23:03:13+00:00,ENY4071,25.20556640625,-97.44196573893224,11277.6,352.4522742261569,207.5760821891651
2024-01-09 23:03:19+00:00,ENY4071,25.21706791247352,-97.4436518831073,11277.6,352.4522742261569,207.5760821891651
2024-01-09 23:03:21+00:00,ENY4071,25.22079209149894,-97.44417010613203,11277.6,352.4522742261569,207.5760821891651
2024-01-09 23:03:25+00:00,ENY4071,25.227813720703125,-97.44517008463538,11277.6,352.4522742261569,207.5760821891651
2024-01-09 23:03:28+00:00,ENY4071,25.233407747947563,-97.44598388671876,11277.6,352.4522742261569,207.5760821891651
2024-01-09 23:03:30+00:00,ENY4071,25.23708537473517,-97.4465021097435,11277.6,352.4522742261569,207.5760821891651
2024-01-09 23:03:34+00:00,ENY4071,25.245418225304554,-97.44774584500294,11277.6,352.4522742261569,207.5760821891651
2024-01-09 23:03:36+00:00,ENY4071,25.24821135957362,-97.44816042342276,11277.6,352.4522742261569,207.5760821891651
2024-01-09 23:03:39+00:00,ENY4071,25.2533786579714,-97.44888593565744,11277.6,352.4522742261569,207.5760821891651
2024-01-09 23:03:40+00:00,ENY4071,25.25546264648437,-97.44918823242188,11277.6,352.4522742261569,207.5760821891651
2024-01-09 23:03:44+00:00,ENY4071,25.26301497119968,-97.45028513782428,11277.6,352.4522742261569,207.5760821891651
2024-01-09 23:03:46+00:00,ENY4071,25.26678570246292,-97.45085518315152,11277.6,352.4522742261569,207.5760821891651
2024-01-09 23:03:50+00:00,ENY4071,25.27418750827595,-97.45194345150357,11277.6,352.4522742261569,207.5760821891651
2024-01-09 23:03:51+00:00,ENY4071,25.27606201171875,-97.45218912760411,11277.6,352.4522742261569,207.5760821891651
2024-01-09 23:03:53+00:00,ENY4071,25.281280517578125,-97.45295206705724,11277.6,352.4522742261569,207.5760821891651
2024-01-09 23:03:55+00:00,ENY4071,25.284942626953125,-97.45346069335938,11277.6,352.4522742261569,207.5760821891651
2024-01-09 23:03:56+00:00,ENY4071,25.28680316472457,-97.4537572320902,11277.6,352.4522742261569,207.5760821891651
2024-01-09 23:03:57+00:00,ENY4071,25.28903767213983,-97.45406816590508,11277.6,352.4522742261569,207.5760821891651
2024-01-09 23:03:58+00:00,ENY4071,25.2908935546875,-97.45432535807288,11277.6,352.4522742261569,207.5760821891651
2024-01-09 23:04:00+00:00,ENY4071,25.29346013473252,-97.45474185583726,11277.6,352.470880284692,208.08607991151396
2024-01-09 23:04:01+00:00,ENY4071,25.294692993164062,-97.4548848470052,11277.6,352.470880284692,208.08607991151396
2024-01-09 23:04:04+00:00,ENY4071,25.30016365697828,-97.4556746572818,11277.6,352.470880284692,208.08607991151396
2024-01-09 23:04:05+00:00,ENY4071,25.302017211914062,-97.45595296223956,11277.6,352.470880284692,208.08607991151396
2024-01-09 23:04:06+00:00,ENY4071,25.303887836003707,-97.45624470260908,11277.6,352.470880284692,208.08607991151396
2024-01-09 23:04:07+00:00,ENY4071,25.30586242675781,-97.45651245117188,11277.6,352.470880284692,208.08607991151396
2024-01-09 23:04:09+00:00,ENY4071,25.309478759765625,-97.45702107747394,11277.6,352.470880284692,208.08607991151396
2024-01-09 23:04:10+00:00,ENY4071,25.311336194054554,-97.45733297096108,11277.6,352.470880284692,208.08607991151396
2024-01-09 23:04:11+00:00,ENY4071,25.313232421875,-97.45758056640624,11277.6,352.48939536117155,208.5960994700936
2024-01-09 23:04:12+00:00,ENY4071,25.3166897014036,-97.45811030549822,11277.6,352.48939536117155,208.5960994700936
2024-01-09 23:04:14+00:00,ENY4071,25.3187845521054,-97.4583694170106,11277.6,352.48939536117155,208.5960994700936
2024-01-09 23:04:15+00:00,ENY4071,25.320785522460938,-97.4586995442708,11277.6,352.48939536117155,208.5960994700936
2024-01-09 23:04:16+00:00,ENY4071,25.32289123535156,-97.45900472005206,11277.6,352.48939536117155,208.5960994700936
2024-01-09 23:04:17+00:00,ENY4071,25.324836343021715,-97.4592503961527,11277.6,352.48939536117155,208.5960994700936
2024-01-09 23:04:18+00:00,ENY4071,25.326644897460938,-97.45951334635411,11277.6,352.48939536117155,208.5960994700936
2024-01-09 23:04:19+00:00,ENY4071,25.32860707428496,-97.45982044147996,11277.6,352.48939536117155,208.5960994700936
2024-01-09 23:04:20+00:00,ENY4071,25.330352783203125,-97.46007283528644,11277.6,352.48939536117155,208.5960994700936
2024-01-09 23:04:21+00:00,ENY4071,25.331863403320312,-97.46027628580724,11277.6,352.48939536117155,208.5960994700936
2024-01-09 23:04:22+00:00,ENY4071,25.333774372682733,-97.4605459537146,11277.6,352.48939536117155,208.5960994700936
2024-01-09 23:04:23+00:00,ENY4071,25.336707163665253,-97.46096053213444,11277.6,352.48939536117155,208.5960994700936
2024-01-09 23:04:24+00:00,ENY4071,25.33745199947034,-97.46111599904184,11277.6,352.48939536117155,208.5960994700936
2024-01-09 23:04:25+00:00,ENY4071,25.339324951171875,-97.46134440104164,11277.6,352.5078201174712,209.10614070512528
2024-01-09 23:04:26+00:00,ENY4071,25.34117617849576,-97.4616342220666,11277.6,352.5078201174712,209.10614070512528
2024-01-09 23:04:27+00:00,ENY4071,25.34394836425781,-97.46205647786456,11277.6,352.5078201174712,209.10614070512528
2024-01-09 23:04:28+00:00,ENY4071,25.34454345703125,-97.46210734049475,11277.6,352.5078201174712,209.10614070512528
2024-01-09 23:04:29+00:00,ENY4071,25.34678649902344,-97.46246337890624,11277.6,352.5078201174712,209.10614070512528
2024-01-09 23:04:30+00:00,ENY4071,25.350207312632413,-97.46292977962857,11277.6,352.5078201174712,209.10614070512528
2024-01-09 23:04:31+00:00,ENY4071,25.35200500488281,-97.46322631835938,11277.6,352.5078201174712,209.10614070512528
2024-01-09 23:04:34+00:00,ENY4071,25.35760911844545,-97.46401804798052,11277.6,352.5078201174712,209.10614070512528
2024-01-09 23:04:38+00:00,ENY4071,25.36361435712394,-97.4648990271226,11277.6,352.5078201174712,209.10614070512528
2024-01-09 23:04:39+00:00,ENY4071,25.365646362304688,-97.46515909830724,11277.6,352.5078201174712,209.10614070512528
2024-01-09 23:04:41+00:00,ENY4071,25.369216918945312,-97.46566772460938,11277.6,352.5078201174712,209.10614070512528
2024-01-09 23:04:42+00:00,ENY4071,25.371109267412606,-97.46593547317218,11277.6,352.5078201174712,209.10614070512528
2024-01-09 23:04:44+00:00,ENY4071,25.37483344643803,-97.4665055184994,11277.6,352.5261552090992,209.61620345837864
2024-01-09 23:04:45+00:00,ENY4071,25.376678466796875,-97.46678670247394,11277.6,352.5261552090992,209.61620345837864
2024-01-09 23:04:46+00:00,ENY4071,25.37865072993909,-97.46707556382664,11277.6,352.5261552090992,209.61620345837864
2024-01-09 23:04:47+00:00,ENY4071,25.38043212890625,-97.467295328776,11277.6,352.5261552090992,209.61620345837864
2024-01-09 23:04:48+00:00,ENY4071,25.38307319253178,-97.46769743145636,11277.6,352.5261552090992,209.61620345837864
2024-01-09 23:04:49+00:00,ENY4071,25.384185791015625,-97.46785481770831,11277.6,352.5261552090992,209.61620345837864
2024-01-09 23:04:50+00:00,ENY4071,25.38605253575212,-97.46811200987617,11277.6,352.5261552090992,209.61620345837864
2024-01-09 23:04:52+00:00,ENY4071,25.390914916992188,-97.46882120768224,11277.6,352.5261552090992,209.61620345837864
2024-01-09 23:04:53+00:00,ENY4071,25.39178466796875,-97.46897379557288,11277.6,352.5261552090992,209.61620345837864
2024-01-09 23:04:54+00:00,ENY4071,25.39508366988877,-97.46945938974056,11277.6,352.5261552090992,209.61620345837864
2024-01-09 23:04:55+00:00,ENY4071,25.395828505693856,-97.46956303434553,11277.6,352.5444012852731,210.1262875731531
2024-01-09 23:04:56+00:00,ENY4071,25.397689819335938,-97.46983846028644,11277.6,352.5444012852731,210.1262875731531
2024-01-09 23:04:57+00:00,ENY4071,25.39955268471928,-97.47008125737028,11277.6,352.5444012852731,210.1262875731531
2024-01-09 23:04:58+00:00,ENY4071,25.401443481445312,-97.4703470865885,11277.6,352.5444012852731,210.1262875731531
2024-01-09 23:04:59+00:00,ENY4071,25.4029541015625,-97.47055053710938,11277.6,352.5444012852731,210.1262875731531
2024-01-09 23:05:00+00:00,ENY4071,25.40481308759269,-97.47085859190742,11277.6,352.5444012852731,210.1262875731531
2024-01-09 23:05:01+00:00,ENY4071,25.406753540039062,-97.47111002604164,11277.6,352.5444012852731,210.1262875731531
2024-01-09 23:05:03+00:00,ENY4071,25.41046142578125,-97.47166951497394,11277.6,352.5444012852731,210.1262875731531
2024-01-09 23:05:04+00:00,ENY4071,25.41240110235699,-97.47194686025944,11277.6,352.5444012852731,210.1262875731531
2024-01-09 23:05:07+00:00,ENY4071,25.41883850097656,-97.47289021809894,11277.6,352.42384510431094,210.7036018743445
2024-01-09 23:05:08+00:00,ENY4071,25.41984946040784,-97.4730351286114,11277.6,352.42384510431094,210.7036018743445
2024-01-09 23:05:09+00:00,ENY4071,25.422637939453125,-97.47344970703124,11277.6,352.42384510431094,210.7036018743445
2024-01-09 23:05:10+00:00,ENY4071,25.42375984838453,-97.47360517393868,11277.6,352.5625589889937,210.6363928942592
2024-01-09 23:05:12+00:00,ENY4071,25.42827541545286,-97.47422704156838,11277.6,352.42384510431094,210.7036018743445
2024-01-09 23:05:13+00:00,ENY4071,25.42888059454449,-97.47433068617336,11277.6,352.42384510431094,210.7036018743445
2024-01-09 23:05:15+00:00,ENY4071,25.434539794921875,-97.47512817382812,11277.6,352.5625589889937,210.6363928942592
2024-01-09 23:05:16+00:00,ENY4071,25.435317993164062,-97.47528076171876,11277.6,352.5625589889937,210.6363928942592
2024-01-09 23:05:17+00:00,ENY4071,25.436608266022244,-97.47541895452537,11277.6,352.5806289571196,211.14651926800093
2024-01-09 23:05:19+00:00,ENY4071,25.440192788334212,-97.47598899985258,11277.6,352.5806289571196,211.14651926800093
2024-01-09 23:05:20+00:00,ENY4071,25.443963519597457,-97.47650722287732,11277.6,352.5806289571196,211.14651926800093
2024-01-09 23:05:22+00:00,ENY4071,25.446337683726163,-97.47686997899469,11277.6,352.44224430023,211.2135659239478
2024-01-09 23:05:23+00:00,ENY4071,25.448318481445312,-97.47711181640624,11277.6,352.44224430023,211.2135659239478
2024-01-09 23:05:24+00:00,ENY4071,25.45001531051377,-97.47738820201944,11277.6,352.44224430023,211.2135659239478
2024-01-09 23:05:25+00:00,ENY4071,25.451889038085938,-97.4776713053385,11277.6,352.44224430023,211.2135659239478
2024-01-09 23:05:26+00:00,ENY4071,25.45378604177701,-97.47790642504424,11277.6,352.44224430023,211.2135659239478
2024-01-09 23:05:27+00:00,ENY4071,25.4556884765625,-97.47817993164062,11277.6,352.4605548604907,211.7235516494461
2024-01-09 23:05:28+00:00,ENY4071,25.457649877515887,-97.47847647037143,11277.6,352.4605548604907,211.7235516494461
2024-01-09 23:05:29+00:00,ENY4071,25.46058266849841,-97.47889104879124,11277.6,352.4605548604907,211.7235516494461
2024-01-09 23:05:30+00:00,ENY4071,25.461374056541317,-97.4789946933962,11277.6,352.4605548604907,211.7235516494461
2024-01-09 23:05:31+00:00,ENY4071,25.465144787804554,-97.47956473872348,11277.6,352.4605548604907,211.7235516494461
2024-01-09 23:05:33+00:00,ENY4071,25.466634459414724,-97.47977202793334,11277.6,352.4605548604907,211.7235516494461
2024-01-09 23:05:34+00:00,ENY4071,25.46868896484375,-97.48006184895831,11277.6,352.4605548604907,211.7235516494461
2024-01-09 23:05:35+00:00,ENY4071,25.47079467773437,-97.48036702473956,11277.6,352.4605548604907,211.7235516494461
2024-01-09 23:05:36+00:00,ENY4071,25.473861694335938,-97.48082478841144,11277.6,352.4605548604907,211.7235516494461
2024-01-09 23:05:38+00:00,ENY4071,25.476974487304688,-97.48128255208331,11277.6,352.4787774203264,212.2335588945815
2024-01-09 23:05:39+00:00,ENY4071,25.47878459348517,-97.48153398621758,11277.6,352.4787774203264,212.2335588945815
2024-01-09 23:05:40+00:00,ENY4071,25.48077392578125,-97.48184204101562,11277.6,352.4787774203264,212.2335588945815
2024-01-09 23:05:41+00:00,ENY4071,25.48330016055349,-97.48220767614976,11277.6,352.4787774203264,212.2335588945815
2024-01-09 23:05:42+00:00,ENY4071,25.48521423339844,-97.48245239257812,11277.6,352.4787774203264,212.2335588945815
2024-01-09 23:05:44+00:00,ENY4071,25.48823547363281,-97.48291015625,11277.6,352.4787774203264,212.2335588945815
2024-01-09 23:05:45+00:00,ENY4071,25.48974609375,-97.4831136067708,11277.6,352.4787774203264,212.2335588945815
2024-01-09 23:05:46+00:00,ENY4071,25.491679563360695,-97.48339958910674,11277.6,352.4787774203264,212.2335588945815
2024-01-09 23:05:48+00:00,ENY4071,25.49545029462394,-97.48396963443396,11277.6,352.4787774203264,212.2335588945815
2024-01-09 23:05:49+00:00,ENY4071,25.497344970703125,-97.48423258463538,11277.6,352.4787774203264,212.2335588945815
2024-01-09 23:05:50+00:00,ENY4071,25.49922102588718,-97.4844878574587,11277.6,352.4787774203264,212.2335588945815
2024-01-09 23:05:51+00:00,ENY4071,25.501144409179688,-97.4847412109375,11277.6,352.4787774203264,212.2335588945815
2024-01-09 23:05:52+00:00,ENY4071,25.503433227539062,-97.48509724934894,11277.6,352.4787774203264,212.2335588945815
2024-01-09 23:05:54+00:00,ENY4071,25.507369995117188,-97.48565673828124,11277.6,352.6165082037434,212.1668345659666
2024-01-09 23:05:55+00:00,ENY4071,25.50922975701801,-97.48593888192806,11277.6,352.6165082037434,212.1668345659666
2024-01-09 23:05:56+00:00,ENY4071,25.510986328125,-97.48616536458331,11277.6,352.6165082037434,212.1668345659666
2024-01-09 23:05:57+00:00,ENY4071,25.51327514648437,-97.48652140299475,11277.6,352.6165082037434,212.1668345659666
2024-01-09 23:05:58+00:00,ENY4071,25.51556396484375,-97.486826578776,11277.6,352.6165082037434,212.1668345659666
2024-01-09 23:05:59+00:00,ENY4071,25.516433715820312,-97.48697916666664,11277.6,352.6343187258953,212.6770231901054
2024-01-09 23:06:03+00:00,ENY4071,25.525057517876057,-97.48811541863203,11277.6,352.9093851957562,212.5475674905369
2024-01-09 23:06:04+00:00,ENY4071,25.52584890591896,-97.488219063237,11277.6,353.49196490607324,213.32560450593505
2024-01-09 23:06:05+00:00,ENY4071,25.52865600585937,-97.48855590820312,11277.6,353.644582163693,213.77918341679143
2024-01-09 23:06:06+00:00,ENY4071,25.53085327148437,-97.48881022135411,11277.6,354.2072035049678,214.0729998416189
2024-01-09 23:06:08+00:00,ENY4071,25.534652709960938,-97.4892171223958,11277.6,354.78073547201177,214.8997063381707
2024-01-09 23:06:09+00:00,ENY4071,25.535476684570312,-97.48931884765624,11277.6,354.9173554758207,214.8535194895508
2024-01-09 23:06:10+00:00,ENY4071,25.53813869670286,-97.4895664431014,11277.6,355.2022469145068,215.27745004649583
2024-01-09 23:06:11+00:00,ENY4071,25.539321899414062,-97.48967488606768,11277.6,355.4860115419987,215.7066820622105
2024-01-09 23:06:12+00:00,ENY4071,25.54288702496028,-97.48992919921876,11277.6,355.7585562249661,215.628145541713
2024-01-09 23:06:13+00:00,ENY4071,25.543991088867188,-97.49003092447911,11277.6,355.9046654827518,216.10383520420848
2024-01-09 23:06:14+00:00,ENY4071,25.54595947265625,-97.49018831073111,11277.6,356.1768493255332,216.03279354067504
2024-01-09 23:06:15+00:00,ENY4071,25.547927856445312,-97.49033610026038,11277.6,356.3217612780066,216.51248358057916
2024-01-09 23:06:16+00:00,ENY4071,25.549776756157307,-97.4904474222435,11277.6,356.5935562450053,216.4489123853488
2024-01-09 23:06:17+00:00,ENY4071,25.55181884765625,-97.49059041341144,11277.6,356.5935562450053,216.4489123853488
2024-01-09 23:06:18+00:00,ENY4071,25.554107666015625,-97.49069213867188,11277.6,356.5935562450053,216.4489123853488
2024-01-09 23:06:19+00:00,ENY4071,25.55610786050053,-97.49081017836085,11277.6,357.0086421592656,216.87643604872244
2024-01-09 23:06:20+00:00,ENY4071,25.55799865722656,-97.49094645182288,11277.6,357.1511382742892,217.36400487777271
2024-01-09 23:06:21+00:00,ENY4071,25.558822631835938,-97.49099731445312,11277.6,357.28659055496666,217.33904356721047
2024-01-09 23:06:22+00:00,ENY4071,25.560856188757946,-97.49106928987322,11277.6,357.56335175318986,217.8067439968639
2024-01-09 23:06:24+00:00,ENY4071,25.565826416015625,-97.49130249023438,11277.6,357.69857126800497,217.78547905793823
2024-01-09 23:06:25+00:00,ENY4071,25.5677924721928,-97.49138022368804,11277.6,357.9738716582821,218.26071084166557
2024-01-09 23:06:26+00:00,ENY4071,25.56976318359375,-97.491455078125,11277.6,358.10884529831463,218.243128118308
2024-01-09 23:06:27+00:00,ENY4071,25.571749412407307,-97.49153569059553,11277.6,358.2438399390692,218.2267567230873
2024-01-09 23:06:28+00:00,ENY4071,25.57342529296875,-97.49158751289798,11277.6,358.2438399390692,218.2267567230873
2024-01-09 23:06:30+00:00,ENY4071,25.577242576469807,-97.49169115750294,11277.6,358.6521127198014,218.69921444898608
2024-01-09 23:06:32+00:00,ENY4071,25.58208400920286,-97.4917948021079,11277.6,358.9241493792088,219.19178427429583
2024-01-09 23:06:33+00:00,ENY4071,25.583175659179688,-97.49181111653644,11277.6,359.0586047769788,219.18272857119103
2024-01-09 23:06:34+00:00,ENY4071,25.585296113612287,-97.49184662441036,11277.6,359.19307054489764,219.17487999251568
2024-01-09 23:06:35+00:00,ENY4071,25.58711242675781,-97.49186197916664,11277.6,359.329119894272,219.68264731986943
2024-01-09 23:06:39+00:00,ENY4071,25.59558415817002,-97.49184662441036,11277.6,0.0,220.182032
2024-01-09 23:06:41+00:00,ENY4071,25.598796262579448,-97.49184662441036,11277.6,0.4006632557921539,220.70187219976364
2024-01-09 23:06:42+00:00,ENY4071,25.600753784179688,-97.49181111653644,11277.6,0.534210901840831,220.7060691528096
2024-01-09 23:06:43+00:00,ENY4071,25.602996826171875,-97.49181111653644,11277.6,0.6677527434154529,220.7114651180291
2024-01-09 23:06:44+00:00,ENY4071,25.604987710209212,-97.4917948021079,11277.6,0.7994241133175477,221.23245381700963
2024-01-09 23:06:45+00:00,ENY4071,25.60657048629502,-97.4917429798054,11277.6,1.0658450275615836,221.2492008923673
2024-01-09 23:06:46+00:00,ENY4071,25.60908430713718,-97.49169115750294,11277.6,1.1990389207454537,221.2593681411172
2024-01-09 23:06:47+00:00,ENY4071,25.6109619140625,-97.4916585286458,11277.6,1.3322198538696388,221.27073098392387
2024-01-09 23:06:48+00:00,ENY4071,25.61299469511388,-97.49158751289798,11277.6,1.329129966609889,221.7850362487201
2024-01-09 23:06:49+00:00,ENY4071,25.614990234375,-97.4915059407552,11277.6,1.4619878987802295,221.79756538126824
2024-01-09 23:06:50+00:00,ENY4071,25.616951635328387,-97.49148386829302,11277.6,1.4619878987802295,221.79756538126824
2024-01-09 23:06:51+00:00,ENY4071,25.618972778320312,-97.49140421549475,11277.6,1.329129966609889,221.7850362487201
2024-01-09 23:06:52+00:00,ENY4071,25.619796752929688,-97.49140421549475,11277.6,1.1990389207454537,221.2593681411172
2024-01-09 23:06:53+00:00,ENY4071,25.622955322265625,-97.49130249023438,11277.6,1.1990389207454537,221.2593681411172
2024-01-09 23:06:54+00:00,ENY4071,25.62495862023305,-97.49127657908316,11277.6,1.1990389207454537,221.2593681411172
2024-01-09 23:06:55+00:00,ENY4071,25.627761840820312,-97.49125162760411,11277.6,0.9326396122069694,221.2402294025073
2024-01-09 23:06:56+00:00,ENY4071,25.62876892089844,-97.49120076497394,11277.6,0.9326396122069694,221.2402294025073
2024-01-09 23:06:57+00:00,ENY4071,25.630731097722457,-97.4911729344782,11277.6,0.8012873301070143,220.7180600074844
2024-01-09 23:06:59+00:00,ENY4071,25.63375699318061,-97.49112111217568,11277.6,0.6677527434154529,220.7114651180291
2024-01-09 23:07:00+00:00,ENY4071,25.635726928710938,-97.4910990397135,11277.6,0.6677527434154529,220.7114651180291
2024-01-09 23:07:01+00:00,ENY4071,25.63929670948093,-97.49106928987322,11277.6,0.534210901840831,220.7060691528096
2024-01-09 23:07:02+00:00,ENY4071,25.64131164550781,-97.49104817708331,11277.6,0.534210901840831,220.7060691528096
2024-01-09 23:07:03+00:00,ENY4071,25.64227294921875,-97.49104817708331,11277.6,0.534210901840831,220.7060691528096
2024-01-09 23:07:04+00:00,ENY4071,25.645248413085938,-97.49099731445312,11277.6,0.534210901840831,220.7060691528096
2024-01-09 23:07:06+00:00,ENY4071,25.64897957494703,-97.49096564526826,11277.6,0.534210901840831,220.7060691528096
2024-01-09 23:07:07+00:00,ENY4071,25.649817515227756,-97.49096564526826,11277.6,0.534210901840831,220.7060691528096
2024-01-09 23:07:08+00:00,ENY4071,25.65302961963718,-97.4909138229658,11277.6,0.534210901840831,220.7060691528096
2024-01-09 23:07:10+00:00,ENY4071,25.655731201171875,-97.49089558919268,11277.6,0.6677527434154529,220.7114651180291
2024-01-09 23:07:12+00:00,ENY4071,25.660803843352756,-97.4908620006633,11277.6,0.6677527434154529,220.7114651180291
2024-01-09 23:07:13+00:00,ENY4071,25.66317800748146,-97.49081017836085,11277.6,0.6661999701831415,221.22587426197416
2024-01-09 23:07:14+00:00,ENY4071,25.664109052237816,-97.49081017836085,11277.6,0.6661999701831415,221.22587426197416
2024-01-09 23:07:15+00:00,ENY4071,25.665985107421875,-97.49079386393224,11277.6,0.6661999701831415,221.22587426197416
2024-01-09 23:07:16+00:00,ENY4071,25.668365478515625,-97.49074300130206,11277.6,0.6661999701831415,221.22587426197416
2024-01-09 23:07:17+00:00,ENY4071,25.67127809686176,-97.49070653375588,11277.6,0.6661999701831415,221.22587426197416
2024-01-09 23:07:18+00:00,ENY4071,25.673126220703125,-97.49069213867188,11277.6,0.7994241133175477,221.23245381700963
2024-01-09 23:07:19+00:00,ENY4071,25.674087524414062,-97.49064127604164,11277.6,0.7994241133175477,221.23245381700963
2024-01-09 23:07:21+00:00,ENY4071,25.67807006835937,-97.49059041341144,11277.6,0.7994241133175477,221.23245381700963
2024-01-09 23:07:22+00:00,ENY4071,25.68109130859375,-97.49053955078124,11277.6,0.7994241133175477,221.23245381700963
2024-01-09 23:07:24+00:00,ENY4071,25.684295654296875,-97.490488688151,11277.6,0.7994241133175477,221.23245381700963
2024-01-09 23:07:25+00:00,ENY4071,25.687105857719807,-97.4904474222435,11277.6,0.7994241133175477,221.23245381700963
2024-01-09 23:07:26+00:00,ENY4071,25.68789724576271,-97.4904474222435,11277.6,0.7994241133175477,221.23245381700963
2024-01-09 23:07:27+00:00,ENY4071,25.68988037109375,-97.49038696289062,11277.6,0.7975695408665133,221.74684785940337
2024-01-09 23:07:28+00:00,ENY4071,25.693084716796875,-97.49033610026038,11277.6,0.7975695408665133,221.74684785940337
2024-01-09 23:07:31+00:00,ENY4071,25.69841805150953,-97.49029195533608,11277.6,0.9304760960783844,221.75460540823084
2024-01-09 23:07:32+00:00,ENY4071,25.700652558924787,-97.49024013303358,11277.6,0.9304760960783844,221.75460540823084
2024-01-09 23:07:34+00:00,ENY4071,25.70465605137712,-97.49018831073111,11277.6,0.9304760960783844,221.75460540823084
2024-01-09 23:07:35+00:00,ENY4071,25.70668029785156,-97.49013264973956,11277.6,0.9304760960783844,221.75460540823084
2024-01-09 23:07:36+00:00,ENY4071,25.708282470703125,-97.49008178710938,11277.6,0.9304760960783844,221.75460540823084
2024-01-09 23:07:38+00:00,ENY4071,25.71226501464844,-97.49003092447911,11277.6,0.9304760960783844,221.75460540823084
2024-01-09 23:07:40+00:00,ENY4071,25.71601479740466,-97.4899810215212,11277.6,0.9304760960783844,221.75460540823084
2024-01-09 23:07:43+00:00,ENY4071,25.721969604492188,-97.48982747395831,11277.6,0.9304760960783844,221.75460540823084
2024-01-09 23:07:45+00:00,ENY4071,25.72625628972457,-97.48977373231132,11277.6,0.9304760960783844,221.75460540823084
2024-01-09 23:07:47+00:00,ENY4071,25.730026245117188,-97.48967488606768,11277.6,0.9304760960783844,221.75460540823084
2024-01-09 23:07:48+00:00,ENY4071,25.73184255826271,-97.48967008770636,11277.6,0.9304760960783844,221.75460540823084
2024-01-09 23:07:49+00:00,ENY4071,25.73382568359375,-97.4896240234375,11277.6,0.9304760960783844,221.75460540823084
2024-01-09 23:07:50+00:00,ENY4071,25.735565185546875,-97.48957316080724,11277.6,0.9304760960783844,221.75460540823084
2024-01-09 23:07:51+00:00,ENY4071,25.737428826800848,-97.4895664431014,11277.6,0.9304760960783844,221.75460540823084
2024-01-09 23:07:52+00:00,ENY4071,25.741432319253175,-97.48946279849643,11277.6,0.9304760960783844,221.75460540823084
2024-01-09 23:07:53+00:00,ENY4071,25.743438720703125,-97.48942057291664,11277.6,0.9304760960783844,221.75460540823084
2024-01-09 23:07:55+00:00,ENY4071,25.746734619140625,-97.48936971028644,11277.6,0.9304760960783844,221.75460540823084
2024-01-09 23:07:56+00:00,ENY4071,25.74943930415784,-97.48930733158905,11277.6,0.9304760960783844,221.75460540823084
2024-01-09 23:07:57+00:00,ENY4071,25.75140380859375,-97.489267985026,11277.6,0.9304760960783844,221.75460540823084
2024-01-09 23:07:59+00:00,ENY4071,25.75543212890625,-97.4892171223958,11277.6,0.9304760960783844,221.75460540823084
2024-01-09 23:08:00+00:00,ENY4071,25.75621032714844,-97.4892171223958,11277.6,0.9304760960783844,221.75460540823084
2024-01-09 23:08:01+00:00,ENY4071,25.75916872186176,-97.48915186468162,11277.6,1.0633726377549009,221.76355608890563
2024-01-09 23:08:03+00:00,ENY4071,25.763218766551905,-97.48904822007664,11277.6,1.0633726377549009,221.76355608890563
2024-01-09 23:08:05+00:00,ENY4071,25.76742553710937,-97.48896280924475,11277.6,1.0609116902642275,222.2779116964652
2024-01-09 23:08:06+00:00,ENY4071,25.769549870895126,-97.48894457547168,11277.6,1.0609116902642275,222.2779116964652
2024-01-09 23:08:09+00:00,ENY4071,25.773834228515625,-97.48886108398438,11277.6,1.0609116902642275,222.2779116964652
2024-01-09 23:08:11+00:00,ENY4071,25.7794189453125,-97.48875935872394,11277.6,1.0609116902642275,222.2779116964652
2024-01-09 23:08:13+00:00,ENY4071,25.781420691538663,-97.48868546395931,11277.6,1.0609116902642275,222.2779116964652
2024-01-09 23:08:16+00:00,ENY4071,25.78784490035752,-97.48858181935437,11277.6,1.0609116902642275,222.2779116964652
2024-01-09 23:08:17+00:00,ENY4071,25.789427676443324,-97.4885299970519,11277.6,1.0609116902642275,222.2779116964652
2024-01-09 23:08:19+00:00,ENY4071,25.795440673828125,-97.4884033203125,11277.6,1.0609116902642275,222.2779116964652
2024-01-09 23:08:21+00:00,ENY4071,25.797434661347985,-97.48837453014444,11277.6,1.0609116902642275,222.2779116964652
2024-01-09 23:08:23+00:00,ENY4071,25.802078247070312,-97.48830159505206,11277.6,1.0609116902642275,222.2779116964652
2024-01-09 23:08:29+00:00,ENY4071,25.8136813923464,-97.4880635963296,11277.6,1.0609116902642275,222.2779116964652
2024-01-09 23:08:33+00:00,ENY4071,25.8218994140625,-97.48789469401038,11277.6,1.0609116902642275,222.2779116964652
2024-01-09 23:08:35+00:00,ENY4071,25.82601928710937,-97.48779296875,11277.6,1.0609116902642275,222.2779116964652
2024-01-09 23:08:36+00:00,ENY4071,25.827879824880824,-97.48775266251472,11277.6,1.0609116902642275,222.2779116964652
2024-01-09 23:08:37+00:00,ENY4071,25.83030054124735,-97.48771080603969,11277.6,1.0609116902642275,222.2779116964652
2024-01-09 23:08:38+00:00,ENY4071,25.832290649414062,-97.48770084021226,11277.6,1.0609116902642275,222.2779116964652
2024-01-09 23:08:40+00:00,ENY4071,25.83602646649894,-97.48760516826924,11277.6,1.0633726377549009,221.76355608890563
2024-01-09 23:08:41+00:00,ENY4071,25.838058471679688,-97.48754537330484,11277.6,1.0633726377549009,221.76355608890563
2024-01-09 23:08:42+00:00,ENY4071,25.841079711914062,-97.48749355100232,11277.6,1.0633726377549009,221.76355608890563
2024-01-09 23:08:44+00:00,ENY4071,25.845245361328125,-97.48738990639735,11277.6,1.0633726377549009,221.76355608890563
2024-01-09 23:08:46+00:00,ENY4071,25.84803694385593,-97.48734107384314,11277.6,1.0633726377549009,221.76355608890563
2024-01-09 23:08:47+00:00,ENY4071,25.849868774414062,-97.48733808409492,11277.6,1.196257737238473,221.77369975696516
2024-01-09 23:08:48+00:00,ENY4071,25.851900779594807,-97.48728825495796,11277.6,1.196257737238473,221.77369975696516
2024-01-09 23:08:49+00:00,ENY4071,25.85506633176642,-97.4871826171875,11277.6,1.196257737238473,221.77369975696516
2024-01-09 23:08:50+00:00,ENY4071,25.855997376522776,-97.4871826171875,11277.6,1.0633726377549009,221.76355608890563
2024-01-09 23:08:51+00:00,ENY4071,25.858278436175848,-97.48712979830223,11277.6,1.0658450275615836,221.2492008923673
2024-01-09 23:08:52+00:00,ENY4071,25.860397338867188,-97.48707897258254,11277.6,1.0658450275615836,221.2492008923673
2024-01-09 23:08:54+00:00,ENY4071,25.864288330078125,-97.48702715028008,11277.6,1.0658450275615836,221.2492008923673
2024-01-09 23:08:56+00:00,ENY4071,25.86870613744703,-97.4869185227614,11277.6,1.0658450275615836,221.2492008923673
2024-01-09 23:08:57+00:00,ENY4071,25.87028891353284,-97.48686570387622,11277.6,1.0658450275615836,221.2492008923673
2024-01-09 23:08:58+00:00,ENY4071,25.873077392578125,-97.48681986107016,11277.6,1.0683289396635134,220.73484610972343
2024-01-09 23:08:59+00:00,ENY4071,25.875176898503707,-97.48681288499095,11277.6,1.0683289396635134,220.73484610972343
2024-01-09 23:09:00+00:00,ENY4071,25.876014838784428,-97.48676006610576,11277.6,1.0683289396635134,220.73484610972343
2024-01-09 23:09:01+00:00,ENY4071,25.879040734242583,-97.48670724722052,11277.6,1.0683289396635134,220.73484610972343
2024-01-09 23:09:02+00:00,ENY4071,25.87997177899894,-97.48670724722052,11277.6,1.0683289396635134,220.73484610972343
2024-01-09 23:09:03+00:00,ENY4071,25.882997674457098,-97.48665442833531,11277.6,1.0683289396635134,220.73484610972343
2024-01-09 23:09:04+00:00,ENY4071,25.883882166975635,-97.48660160945012,11277.6,1.0683289396635134,220.73484610972343
2024-01-09 23:09:05+00:00,ENY4071,25.88714082362288,-97.48654879056488,11277.6,1.0683289396635134,220.73484610972343
2024-01-09 23:09:06+00:00,ENY4071,25.888961791992188,-97.48650892725529,11277.6,1.0708244547869634,220.2204917438741
2024-01-09 23:09:07+00:00,ENY4071,25.89095810712394,-97.48649597167967,11277.6,1.0708244547869634,220.2204917438741
2024-01-09 23:09:08+00:00,ENY4071,25.892540883209744,-97.48644315279444,11277.6,1.0708244547869634,220.2204917438741
2024-01-09 23:09:09+00:00,ENY4071,25.893768310546875,-97.48640528265037,11277.6,1.0708244547869634,220.2204917438741
2024-01-09 23:09:10+00:00,ENY4071,25.896544375662074,-97.48639033390924,11277.6,1.0708244547869634,220.2204917438741
2024-01-09 23:09:11+00:00,ENY4071,25.8989650920286,-97.48633751502403,11277.6,1.0708244547869634,220.2204917438741
2024-01-09 23:09:12+00:00,ENY4071,25.90008544921875,-97.4863016380454,11277.6,1.0708244547869634,220.2204917438741
2024-01-09 23:09:13+00:00,ENY4071,25.90301513671875,-97.4862318772536,11277.6,1.0708244547869634,220.2204917438741
2024-01-09 23:09:14+00:00,ENY4071,25.904937744140625,-97.48619799344044,11277.6,1.0708244547869634,220.2204917438741
2024-01-09 23:09:15+00:00,ENY4071,25.906878972457623,-97.4861790583684,11277.6,1.0708244547869634,220.2204917438741
2024-01-09 23:09:16+00:00,ENY4071,25.908966064453125,-97.48609434883548,11277.6,1.0708244547869634,220.2204917438741
2024-01-09 23:09:18+00:00,ENY4071,25.912811279296875,-97.48604252653304,11277.6,1.0708244547869634,220.2204917438741
2024-01-09 23:09:19+00:00,ENY4071,25.91479285288665,-97.48602060171272,11277.6,1.0708244547869634,220.2204917438741
2024-01-09 23:09:20+00:00,ENY4071,25.91683959960937,-97.48593888192806,11277.6,1.0683289396635134,220.73484610972343
2024-01-09 23:09:21+00:00,ENY4071,25.9188428975768,-97.48591496394232,11277.6,1.0683289396635134,220.73484610972343
2024-01-09 23:09:22+00:00,ENY4071,25.920730590820312,-97.48588705962555,11277.6,1.0683289396635134,220.73484610972343
2024-01-09 23:09:23+00:00,ENY4071,25.92247009277344,-97.4858352373231,11277.6,1.0683289396635134,220.73484610972343
2024-01-09 23:09:24+00:00,ENY4071,25.92438261387712,-97.48580932617188,11277.6,1.0683289396635134,220.73484610972343
2024-01-09 23:09:25+00:00,ENY4071,25.926315307617188,-97.48578341502063,11277.6,1.0683289396635134,220.73484610972343
2024-01-09 23:09:26+00:00,ENY4071,25.92750161381091,-97.48575650728662,11277.6,1.0683289396635134,220.73484610972343
2024-01-09 23:09:27+00:00,ENY4071,25.9302978515625,-97.48567977041569,11277.6,1.0683289396635134,220.73484610972343
2024-01-09 23:09:28+00:00,ENY4071,25.93267822265625,-97.48562794811318,11277.6,1.0683289396635134,220.73484610972343
2024-01-09 23:09:29+00:00,ENY4071,25.93467065843485,-97.48559805063098,11277.6,1.0683289396635134,220.73484610972343
2024-01-09 23:09:30+00:00,ENY4071,25.93666076660156,-97.48557612581072,11277.6,1.0683289396635134,220.73484610972343
2024-01-09 23:09:31+00:00,ENY4071,25.93783621060646,-97.4855452317458,11277.6,1.0683289396635134,220.73484610972343
2024-01-09 23:09:32+00:00,ENY4071,25.939910888671875,-97.48547248120576,11277.6,1.0683289396635134,220.73484610972343
2024-01-09 23:09:33+00:00,ENY4071,25.942631091101696,-97.48543959397534,11277.6,1.0683289396635134,220.73484610972343
2024-01-09 23:09:34+00:00,ENY4071,25.944625854492188,-97.48542065890332,11277.6,1.0658450275615836,221.2492008923673
2024-01-09 23:09:35+00:00,ENY4071,25.946588031316207,-97.48538677509016,11277.6,1.0658450275615836,221.2492008923673
2024-01-09 23:09:36+00:00,ENY4071,25.9486083984375,-97.48531701429836,11277.6,1.0658450275615836,221.2492008923673
2024-01-09 23:09:37+00:00,ENY4071,25.95073118048199,-97.4852811373197,11277.6,1.0658450275615836,221.2492008923673
2024-01-09 23:09:38+00:00,ENY4071,25.95259094238281,-97.48526519199584,11277.6,1.0658450275615836,221.2492008923673
2024-01-09 23:09:39+00:00,ENY4071,25.954641568458687,-97.48522831843452,11277.6,1.0658450275615836,221.2492008923673
2024-01-09 23:09:40+00:00,ENY4071,25.956573486328125,-97.48516154739092,11277.6,1.0658450275615836,221.2492008923673
2024-01-09 23:09:41+00:00,ENY4071,25.95855195643538,-97.48512268066406,11277.6,1.0658450275615836,221.2492008923673
2024-01-09 23:09:42+00:00,ENY4071,25.96055603027344,-97.48510972508842,11277.6,1.0658450275615836,221.2492008923673
2024-01-09 23:09:43+00:00,ENY4071,25.962158203125,-97.48505790278595,11277.6,1.0633726377549009,221.76355608890563
2024-01-09 23:09:44+00:00,ENY4071,25.96453857421875,-97.48500608048346,11277.6,1.0633726377549009,221.76355608890563
2024-01-09 23:09:45+00:00,ENY4071,25.966745150291317,-97.48496422400842,11277.6,1.0633726377549009,221.76355608890563
2024-01-09 23:09:47+00:00,ENY4071,25.96893310546875,-97.48491140512316,11277.6,1.0633726377549009,221.76355608890563
2024-01-09 23:09:48+00:00,ENY4071,25.97108459472656,-97.48485061357604,11277.6,1.0633726377549009,221.76355608890563
2024-01-09 23:09:50+00:00,ENY4071,25.975112915039062,-97.4847987912736,11277.6,1.0633726377549009,221.76355608890563
2024-01-09 23:09:51+00:00,ENY4071,25.97694009037341,-97.48475294846752,11277.6,1.0633726377549009,221.76355608890563
2024-01-09 23:09:59+00:00,ENY4071,25.993377685546875,-97.48443603515624,11277.6,1.0609116902642275,222.2779116964652
2024-01-09 23:10:00+00:00,ENY4071,25.99537477654926,-97.484383216271,11277.6,1.0609116902642275,222.2779116964652
2024-01-09 23:10:02+00:00,ENY4071,25.99937826900159,-97.4843303973858,11277.6,1.0609116902642275,222.2779116964652
2024-01-09 23:10:03+00:00,ENY4071,26.001434326171875,-97.48428056824883,11277.6,1.0609116902642275,222.2779116964652
2024-01-09 23:10:04+00:00,ENY4071,26.00338176145392,-97.48422475961536,11277.6,1.0609116902642275,222.2779116964652
2024-01-09 23:10:05+00:00,ENY4071,26.00537109375,-97.48417692364389,11277.6,1.0609116902642275,222.2779116964652
2024-01-09 23:10:06+00:00,ENY4071,26.00738525390625,-97.48417194073016,11277.6,1.0609116902642275,222.2779116964652
2024-01-09 23:10:07+00:00,ENY4071,26.00896802999205,-97.48411912184496,11277.6,1.0609116902642275,222.2779116964652
2024-01-09 23:10:08+00:00,ENY4071,26.01138874635858,-97.48406630295972,11277.6,1.0609116902642275,222.2779116964652
2024-01-09 23:10:11+00:00,ENY4071,26.017952611890887,-97.48390784630408,11277.6,1.0584621058487436,222.7922677121992
2024-01-09 23:10:12+00:00,ENY4071,26.01988220214844,-97.48386598982898,11277.6,1.0584621058487436,222.7922677121992
2024-01-09 23:10:13+00:00,ENY4071,26.02200265658104,-97.48385502741888,11277.6,1.0584621058487436,222.7922677121992
2024-01-09 23:10:29+00:00,ENY4071,26.053099551443324,-97.48316838191106,11277.6,1.0584621058487436,222.7922677121992
2024-01-09 23:10:31+00:00,ENY4071,26.05755615234375,-97.48308865529184,11277.6,1.0584621058487436,222.7922677121992
2024-01-09 23:10:34+00:00,ENY4071,26.064926147460938,-97.48293318838444,11277.6,1.0584621058487436,222.7922677121992
2024-01-09 23:10:35+00:00,ENY4071,26.06683246159957,-97.48290428748498,11277.6,1.0584621058487436,222.7922677121992
2024-01-09 23:10:38+00:00,ENY4071,26.07092905852754,-97.48279864971454,11277.6,1.0584621058487436,222.7922677121992
2024-01-09 23:11:19+00:00,ENY4071,26.154024803032307,-97.48110844538762,11277.6,1.0633726377549009,221.76355608890563
2024-01-09 23:11:20+00:00,ENY4071,26.156158447265625,-97.48106758549528,11277.6,1.0633726377549009,221.76355608890563
2024-01-09 23:11:22+00:00,ENY4071,26.15965762380826,-97.4810028076172,11277.6,1.0609116902642275,222.2779116964652
2024-01-09 23:11:23+00:00,ENY4071,26.161651611328125,-97.48096394089032,11277.6,1.0609116902642275,222.2779116964652
2024-01-09 23:11:24+00:00,ENY4071,26.164031982421875,-97.48091211858788,11277.6,1.0609116902642275,222.2779116964652
2024-01-09 23:11:25+00:00,ENY4071,26.16563415527344,-97.48086029628536,11277.6,1.0609116902642275,222.2779116964652
2024-01-09 23:11:26+00:00,ENY4071,26.16766460871292,-97.48084435096156,11277.6,1.0609116902642275,222.2779116964652
2024-01-09 23:11:27+00:00,ENY4071,26.169662475585938,-97.4808084739829,11277.6,1.0609116902642275,222.2779116964652
2024-01-09 23:11:28+00:00,ENY4071,26.171668101165253,-97.4807387131911,11277.6,1.0609116902642275,222.2779116964652
2024-01-09 23:11:29+00:00,ENY4071,26.17364501953125,-97.48070482937794,11277.6,1.0609116902642275,222.2779116964652
2024-01-09 23:11:30+00:00,ENY4071,26.17684936523437,-97.48065300707547,11277.6,1.0609116902642275,222.2779116964652
2024-01-09 23:11:31+00:00,ENY4071,26.17767333984375,-97.48065300707547,11277.6,1.0609116902642275,222.2779116964652
2024-01-09 23:11:32+00:00,ENY4071,26.180877685546875,-97.48054936247053,11277.6,1.0609116902642275,222.2779116964652
2024-01-09 23:11:33+00:00,ENY4071,26.181655883789062,-97.48054936247053,11277.6,1.0609116902642275,222.2779116964652
2024-01-09 23:11:34+00:00,ENY4071,26.183678578522244,-97.4805274376502,11277.6,1.0609116902642275,222.2779116964652
2024-01-09 23:11:36+00:00,ENY4071,26.187286376953125,-97.48044571786556,11277.6,1.0584621058487436,222.7922677121992
2024-01-09 23:11:37+00:00,ENY4071,26.19049072265625,-97.48039389556304,11277.6,1.0584621058487436,222.7922677121992
2024-01-09 23:11:38+00:00,ENY4071,26.192476951469807,-97.48031616210938,11277.6,1.0584621058487436,222.7922677121992
2024-01-09 23:11:39+00:00,ENY4071,26.19331489175053,-97.48031616210938,11277.6,1.0584621058487436,222.7922677121992
2024-01-09 23:11:40+00:00,ENY4071,26.19662010063559,-97.48026334322412,11277.6,1.0584621058487436,222.7922677121992
2024-01-09 23:11:41+00:00,ENY4071,26.197458040916317,-97.48026334322412,11277.6,1.0584621058487436,222.7922677121992
2024-01-09 23:11:43+00:00,ENY4071,26.20175170898437,-97.48013478405068,11277.6,1.0560238059975422,223.30662413328704
2024-01-09 23:11:44+00:00,ENY4071,26.20383569749735,-97.48010488656848,11277.6,1.0560238059975422,223.30662413328704
2024-01-09 23:11:45+00:00,ENY4071,26.205780029296875,-97.48008296174822,11277.6,1.0560238059975422,223.30662413328704
2024-01-09 23:11:46+00:00,ENY4071,26.20774608547405,-97.48005206768327,11277.6,1.0560238059975422,223.30662413328704
2024-01-09 23:11:47+00:00,ENY4071,26.20951507051112,-97.4799992487981,11277.6,1.0560238059975422,223.30662413328704
2024-01-09 23:11:48+00:00,ENY4071,26.2117961301642,-97.47994642991284,11277.6,1.0560238059975422,223.30662413328704
2024-01-09 23:11:49+00:00,ENY4071,26.213790893554688,-97.4799274948408,11277.6,1.0560238059975422,223.30662413328704
2024-01-09 23:11:50+00:00,ENY4071,26.215939279329977,-97.47989361102763,11277.6,1.0560238059975422,223.30662413328704
2024-01-09 23:11:51+00:00,ENY4071,26.21791076660156,-97.47982385023585,11277.6,1.0560238059975422,223.30662413328704
2024-01-09 23:11:52+00:00,ENY4071,26.219849667306672,-97.4797879732572,11277.6,1.0560238059975422,223.30662413328704
2024-01-09 23:11:53+00:00,ENY4071,26.221847534179688,-97.47977202793334,11277.6,1.0560238059975422,223.30662413328704
2024-01-09 23:11:54+00:00,ENY4071,26.22344970703125,-97.47972020563088,11277.6,1.0560238059975422,223.30662413328704
2024-01-09 23:11:55+00:00,ENY4071,26.225875854492188,-97.47966838332844,11277.6,1.0560238059975422,223.30662413328704
2024-01-09 23:11:56+00:00,ENY4071,26.227903204449152,-97.47962951660156,11277.6,1.0560238059975422,223.30662413328704
2024-01-09 23:11:57+00:00,ENY4071,26.23111530885858,-97.47957669771633,11277.6,1.0560238059975422,223.30662413328704
2024-01-09 23:11:58+00:00,ENY4071,26.233536025225103,-97.47952387883112,11277.6,1.0560238059975422,223.30662413328704
2024-01-09 23:11:59+00:00,ENY4071,26.23530501026218,-97.47947105994592,11277.6,1.0560238059975422,223.30662413328704
2024-01-09 23:12:00+00:00,ENY4071,26.237228393554688,-97.4794610941185,11277.6,1.0560238059975422,223.30662413328704
2024-01-09 23:12:01+00:00,ENY4071,26.23930850271451,-97.47941824106069,11277.6,1.0535967129212478,223.82098095693425
2024-01-09 23:12:02+00:00,ENY4071,26.24130249023437,-97.47935744951354,11277.6,1.0535967129212478,223.82098095693425
2024-01-09 23:12:03+00:00,ENY4071,26.243265442929022,-97.47931260329028,11277.6,1.0535967129212478,223.82098095693425
2024-01-09 23:12:05+00:00,ENY4071,26.24736203985699,-97.47920696551984,11277.6,1.0535967129212478,223.82098095693425
2024-01-09 23:12:06+00:00,ENY4071,26.249267578125,-97.47920198260611,11277.6,1.0535967129212478,223.82098095693425
2024-01-09 23:12:07+00:00,ENY4071,26.25136553230932,-97.47915414663458,11277.6,1.0535967129212478,223.82098095693425
2024-01-09 23:12:08+00:00,ENY4071,26.2532958984375,-97.47909833800117,11277.6,1.0535967129212478,223.82098095693425
2024-01-09 23:12:10+00:00,ENY4071,26.25699835308528,-97.4790485088642,11277.6,1.0535967129212478,223.82098095693425
2024-01-09 23:12:11+00:00,ENY4071,26.25892639160156,-97.4789946933962,11277.6,1.0560238059975422,223.30662413328704
2024-01-09 23:12:13+00:00,ENY4071,26.262954711914062,-97.47889104879124,11277.6,1.1879910525663449,223.3166977108976
2024-01-09 23:12:14+00:00,ENY4071,26.265426635742188,-97.4788392264888,11277.6,1.1879910525663449,223.3166977108976
2024-01-09 23:12:15+00:00,ENY4071,26.267379502118644,-97.47878441443812,11277.6,1.1879910525663449,223.3166977108976
2024-01-09 23:12:16+00:00,ENY4071,26.269546508789062,-97.47873558188384,11277.6,1.1879910525663449,223.3166977108976
2024-01-09 23:12:18+00:00,ENY4071,26.2738037109375,-97.47867877666766,11277.6,1.0560238059975422,223.30662413328704
2024-01-09 23:12:23+00:00,ENY4071,26.28362623311705,-97.47846750112676,11277.6,1.0584621058487436,222.7922677121992
2024-01-09 23:12:25+00:00,ENY4071,26.287857055664062,-97.47837282576648,11277.6,1.0609116902642275,222.2779116964652
2024-01-09 23:12:26+00:00,ENY4071,26.289459228515625,-97.47832100346405,11277.6,1.0609116902642275,222.2779116964652
2024-01-09 23:12:27+00:00,ENY4071,26.29149356130826,-97.47830904447112,11277.6,1.0609116902642275,222.2779116964652
2024-01-09 23:12:32+00:00,ENY4071,26.29989624023437,-97.4781137142541,11277.6,1.0633726377549009,221.76355608890563
2024-01-09 23:12:33+00:00,ENY4071,26.302060919292902,-97.4780977689303,11277.6,1.0633726377549009,221.76355608890563
2024-01-09 23:12:34+00:00,ENY4071,26.30406188964844,-97.47801006964914,11277.6,1.0658450275615836,221.2492008923673
2024-01-09 23:12:35+00:00,ENY4071,26.306064411745236,-97.47799213115984,11277.6,1.0658450275615836,221.2492008923673
2024-01-09 23:12:37+00:00,ENY4071,26.31024169921875,-97.47790642504424,11277.6,1.0658450275615836,221.2492008923673
2024-01-09 23:12:39+00:00,ENY4071,26.314071396649894,-97.4778336745042,11277.6,1.3322198538696388,221.27073098392387
2024-01-09 23:12:40+00:00,ENY4071,26.317004187632413,-97.47772803673377,11277.6,1.465386389885183,221.28328923660695
2024-01-09 23:12:41+00:00,ENY4071,26.31784212791313,-97.47767521784856,11277.6,1.465386389885183,221.28328923660695
2024-01-09 23:12:42+00:00,ENY4071,26.319808959960938,-97.47759549122937,11277.6,1.9978798564766744,221.34547198621885
2024-01-09 23:12:43+00:00,ENY4071,26.32198527707892,-97.47751676119287,11277.6,1.9978798564766744,221.34547198621885
2024-01-09 23:12:44+00:00,ENY4071,26.32539367675781,-97.47733637971696,11277.6,2.656830973433576,221.96395674205056
2024-01-09 23:12:45+00:00,ENY4071,26.327524993379235,-97.4771998478816,11277.6,3.1798301198642345,222.5825064425756
2024-01-09 23:12:46+00:00,ENY4071,26.329421997070312,-97.4770772682046,11277.6,3.1798301198642345,222.5825064425756
2024-01-09 23:12:47+00:00,ENY4071,26.33064399331303,-97.47698857234076,11277.6,3.7084281571304536,222.70612906051664
2024-01-09 23:12:48+00:00,ENY4071,26.33262634277344,-97.47681815669222,11277.6,4.095020321579774,223.32440072835573
2024-01-09 23:12:49+00:00,ENY4071,26.33464748576536,-97.47661884014424,11277.6,4.489763377505231,223.43991412315012
2024-01-09 23:12:50+00:00,ENY4071,26.336230261851163,-97.47651320237378,11277.6,4.884079803924834,223.5660220904928
2024-01-09 23:12:51+00:00,ENY4071,26.3382568359375,-97.47629993366746,11277.6,5.134907030629474,224.1683458083596
2024-01-09 23:12:52+00:00,ENY4071,26.341257903535485,-97.4759850135216,11277.6,5.527540151656172,224.31174256230173
2024-01-09 23:12:53+00:00,ENY4071,26.34228515625,-97.47583353294516,11277.6,5.789008845172331,224.413186117812
2024-01-09 23:12:54+00:00,ENY4071,26.345075187036542,-97.47550964355467,11277.6,5.789008845172331,224.413186117812
2024-01-09 23:12:55+00:00,ENY4071,26.3463134765625,-97.47536713222286,11277.6,6.296818718984405,225.1414075770802
2024-01-09 23:12:56+00:00,ENY4071,26.34814453125,-97.475159843013,11277.6,6.556946498163389,225.2565766433904
2024-01-09 23:12:57+00:00,ENY4071,26.350102828720868,-97.47487581693208,11277.6,6.816803067426862,225.37638398342304
2024-01-09 23:12:58+00:00,ENY4071,26.35233733613612,-97.4745589036208,11277.6,6.816803067426862,225.37638398342304
2024-01-09 23:13:00+00:00,ENY4071,26.35615539550781,-97.47401975235846,11277.6,7.44826132283266,226.20623903928893
2024-01-09 23:13:01+00:00,ENY4071,26.3583984375,-97.47365699624112,11277.6,7.44826132283266,226.20623903928893
2024-01-09 23:13:06+00:00,ENY4071,26.37016684322034,-97.4716538649339,11277.6,9.080072864026718,228.1859260925905
2024-01-09 23:13:08+00:00,ENY4071,26.37240600585937,-97.4712731703272,11277.6,9.716685817785104,228.6059711006184
2024-01-09 23:13:09+00:00,ENY4071,26.375473022460938,-97.47065130269748,11277.6,9.843723390694366,228.6933592605092
2024-01-09 23:13:10+00:00,ENY4071,26.37668415651483,-97.47043903057391,11277.6,10.201445334658038,229.46855208972937
2024-01-09 23:13:11+00:00,ENY4071,26.379942813162074,-97.4697523850661,11277.6,10.327815310796026,229.5602233972372
2024-01-09 23:13:13+00:00,ENY4071,26.383575439453125,-97.46899298901826,11277.6,10.83226920497753,229.93805315976448
2024-01-09 23:13:14+00:00,ENY4071,26.385622186175848,-97.46853755070612,11277.6,10.83226920497753,229.93805315976448
2024-01-09 23:13:15+00:00,ENY4071,26.38764953613281,-97.46806018757373,11277.6,11.309932474020217,230.83807952926395
2024-01-09 23:13:16+00:00,ENY4071,26.389718783103813,-97.46758681077222,11277.6,11.685063164661708,231.1457060440553
2024-01-09 23:13:17+00:00,ENY4071,26.392547607421875,-97.46692009691924,11277.6,11.934589140255184,231.35628279804044
2024-01-09 23:13:18+00:00,ENY4071,26.39437866210937,-97.46645369619694,11277.6,12.183656585987388,231.57123953263712
2024-01-09 23:13:20+00:00,ENY4071,26.397445678710938,-97.4656763616598,11277.6,12.776185407118922,232.6293925073924
2024-01-09 23:13:21+00:00,ENY4071,26.40033269332627,-97.4649458665114,11277.6,13.023079670604982,232.859085973748
2024-01-09 23:13:22+00:00,ENY4071,26.402389526367188,-97.46443262640037,11277.6,13.269482773588756,233.0930947148229
2024-01-09 23:13:24+00:00,ENY4071,26.406463623046875,-97.46329253574584,11277.6,13.76078511179124,233.5740059022851
2024-01-09 23:13:26+00:00,ENY4071,26.41053771972656,-97.46215244509136,11277.6,14.372016701571033,234.1991831506592
2024-01-09 23:13:27+00:00,ENY4071,26.41262248411017,-97.46156545785756,11277.6,14.372016701571033,234.1991831506592
2024-01-09 23:13:29+00:00,ENY4071,26.41465759277344,-97.46090870983193,11277.6,15.101098161385435,234.98436936995049
2024-01-09 23:13:30+00:00,ENY4071,26.418731689453125,-97.45966497457248,11277.6,15.34302930459487,235.2545155999744
2024-01-09 23:13:31+00:00,ENY4071,26.420379638671875,-97.45919857385024,11277.6,15.34302930459487,235.2545155999744
2024-01-09 23:13:32+00:00,ENY4071,26.422584663003175,-97.45850196251502,11277.6,15.34302930459487,235.2545155999744
2024-01-09 23:13:33+00:00,ENY4071,26.42486572265625,-97.457762498122,11277.6,15.825207148056665,235.8073478440577
2024-01-09 23:13:34+00:00,ENY4071,26.426681259931144,-97.45718149038458,11277.6,15.825207148056665,235.8073478440577
2024-01-09 23:13:35+00:00,ENY4071,26.428962319584212,-97.45649484487676,11277.6,15.825207148056665,235.8073478440577
2024-01-09 23:13:36+00:00,ENY4071,26.43099975585937,-97.45583012418928,11277.6,15.704875300815674,235.66757688021815
2024-01-09 23:13:37+00:00,ENY4071,26.43305891651218,-97.4552271916316,11277.6,15.704875300815674,235.66757688021815
2024-01-09 23:13:38+00:00,ENY4071,26.434295654296875,-97.45484550044222,11277.6,15.704875300815674,235.66757688021815
2024-01-09 23:13:39+00:00,ENY4071,26.43552618511653,-97.45443490835332,11277.6,15.584401166904446,235.5288466264737
2024-01-09 23:13:40+00:00,ENY4071,26.439193725585938,-97.4532908313679,11277.6,15.584401166904446,235.5288466264737
2024-01-09 23:13:41+00:00,ENY4071,26.44139176708157,-97.45263906625598,11277.6,15.4637855609714,235.39115892288444
2024-01-09 23:13:42+00:00,ENY4071,26.443267822265625,-97.45204709610846,11277.6,15.4637855609714,235.39115892288444
2024-01-09 23:13:44+00:00,ENY4071,26.446517944335938,-97.4510624723614,11277.6,15.4637855609714,235.39115892288444
2024-01-09 23:13:45+00:00,ENY4071,26.447525024414062,-97.45075153854656,11277.6,15.34302930459487,235.2545155999744
2024-01-09 23:13:46+00:00,ENY4071,26.451644897460938,-97.44945598098468,11277.6,15.34302930459487,235.2545155999744
2024-01-09 23:13:48+00:00,ENY4071,26.455535888671875,-97.44831589033016,11277.6,15.34302930459487,235.2545155999744
2024-01-09 23:13:53+00:00,ENY4071,26.46410925913665,-97.44566697340748,11277.6,15.30994718346346,235.75066358698905
2024-01-09 23:13:54+00:00,ENY4071,26.466384887695312,-97.44499926297168,11277.6,15.30994718346346,235.75066358698905
2024-01-09 23:13:55+00:00,ENY4071,26.469276557534428,-97.44413522573616,11277.6,15.397291561414749,236.38295951140617
2024-01-09 23:13:56+00:00,ENY4071,26.47151106494968,-97.44344858022832,11277.6,15.397291561414749,236.38295951140617
2024-01-09 23:13:57+00:00,ENY4071,26.47357177734375,-97.44282272626764,11277.6,15.397291561414749,236.38295951140617
2024-01-09 23:13:58+00:00,ENY4071,26.474816273834744,-97.44239220252403,11277.6,15.397291561414749,236.38295951140617
2024-01-09 23:13:59+00:00,ENY4071,26.47686767578125,-97.44178628021814,11277.6,15.397291561414749,236.38295951140617
2024-01-09 23:14:00+00:00,ENY4071,26.47869873046875,-97.44121623489092,11277.6,15.397291561414749,236.38295951140617
2024-01-09 23:14:01+00:00,ENY4071,26.480542199086333,-97.44064917931188,11277.6,15.484169713915662,237.01580184357547
2024-01-09 23:14:02+00:00,ENY4071,26.482635498046875,-97.44002432193396,11277.6,15.484169713915662,237.01580184357547
2024-01-09 23:14:03+00:00,ENY4071,26.485885620117188,-97.43903969818687,11277.6,15.484169713915662,237.01580184357547
2024-01-09 23:14:04+00:00,ENY4071,26.48794400489936,-97.43837796724756,11277.6,15.484169713915662,237.01580184357547
2024-01-09 23:14:05+00:00,ENY4071,26.489181518554688,-97.43800325213738,11277.6,15.484169713915662,237.01580184357547
2024-01-09 23:14:06+00:00,ENY4071,26.491435422735695,-97.43732158954327,11277.6,15.451038158153509,237.51161342312284
2024-01-09 23:14:07+00:00,ENY4071,26.49371648238877,-97.4365821251502,11277.6,15.451038158153509,237.51161342312284
2024-01-09 23:14:08+00:00,ENY4071,26.495819091796875,-97.4359821823408,11277.6,15.451038158153509,237.51161342312284
2024-01-09 23:14:09+00:00,ENY4071,26.497859631554554,-97.43531447190504,11277.6,15.451038158153509,237.51161342312284
2024-01-09 23:14:10+00:00,ENY4071,26.49993896484375,-97.43468662477886,11277.6,15.418044651156082,238.00750409055408
2024-01-09 23:14:11+00:00,ENY4071,26.5015869140625,-97.4341684017541,11277.6,15.418044651156082,238.00750409055408
2024-01-09 23:14:12+00:00,ENY4071,26.50363210904396,-97.43357144869287,11277.6,15.537361639328635,238.1447904171152
2024-01-09 23:14:13+00:00,ENY4071,26.505844116210938,-97.43287284419222,11277.6,15.537361639328635,238.1447904171152
2024-01-09 23:14:14+00:00,ENY4071,26.507775258209744,-97.4323037954477,11277.6,15.537361639328635,238.1447904171152
2024-01-09 23:14:15+00:00,ENY4071,26.509637347722457,-97.43172278771031,11277.6,15.504276317355128,238.64047435552536
2024-01-09 23:14:16+00:00,ENY4071,26.51191840737553,-97.43098332331732,11277.6,15.504276317355128,238.64047435552536
2024-01-09 23:14:17+00:00,ENY4071,26.514816284179688,-97.43012626216095,11277.6,15.504276317355128,238.64047435552536
2024-01-09 23:14:18+00:00,ENY4071,26.51582336425781,-97.42981532834608,11277.6,15.504276317355128,238.64047435552536
2024-01-09 23:14:19+00:00,ENY4071,26.51815795898437,-97.4290898161114,11277.6,15.623227112010854,238.77850511569295
2024-01-09 23:14:20+00:00,ENY4071,26.520204705707098,-97.4284480168269,11277.6,15.5900515586331,239.27398230556065
2024-01-09 23:14:23+00:00,ENY4071,26.526163392147776,-97.42659935584436,11277.6,15.5900515586331,239.27398230556065
2024-01-09 23:14:24+00:00,ENY4071,26.52813720703125,-97.42598047796288,11277.6,15.5900515586331,239.27398230556065
2024-01-09 23:14:25+00:00,ENY4071,26.52996826171875,-97.4254104326356,11277.6,15.5900515586331,239.27398230556065
2024-01-09 23:14:29+00:00,ENY4071,26.53868594412076,-97.42269075833832,11277.6,15.675373607774546,239.9080236811805
2024-01-09 23:14:30+00:00,ENY4071,26.54058837890625,-97.42209380527709,11277.6,15.675373607774546,239.9080236811805
2024-01-09 23:14:31+00:00,ENY4071,26.54310607910156,-97.42131647073997,11277.6,15.675373607774546,239.9080236811805
2024-01-09 23:14:36+00:00,ENY4071,26.55353610798464,-97.41809551532452,11277.6,15.642246457208728,240.40337464395785
2024-01-09 23:14:37+00:00,ENY4071,26.5557861328125,-97.41737797575178,11277.6,15.642246457208728,240.40337464395785
2024-01-09 23:14:38+00:00,ENY4071,26.558120727539062,-97.4166524635171,11277.6,15.642246457208728,240.40337464395785
2024-01-09 23:14:39+00:00,ENY4071,26.560193077992583,-97.41603557880109,11277.6,15.609255553838882,240.8988056405732
2024-01-09 23:14:40+00:00,ENY4071,26.562286376953125,-97.41535690595516,11277.6,15.609255553838882,240.8988056405732
2024-01-09 23:14:41+00:00,ENY4071,26.564382779396187,-97.41471510667066,11277.6,15.609255553838882,240.8988056405732
2024-01-09 23:14:42+00:00,ENY4071,26.566452026367188,-97.41406134839326,11277.6,15.609255553838882,240.8988056405732
2024-01-09 23:14:43+00:00,ENY4071,26.568145751953125,-97.4135431253685,11277.6,15.609255553838882,240.8988056405732
2024-01-09 23:14:52+00:00,ENY4071,26.587798555018537,-97.4073732816256,11277.6,15.69395319308096,241.53296462043411
2024-01-09 23:15:03+00:00,ENY4071,26.61021423339844,-97.4003802605395,11277.6,15.69395319308096,241.53296462043411
2024-01-09 23:15:08+00:00,ENY4071,26.620571330442267,-97.39712641789362,11277.6,15.74517849977154,242.6627494749864
2024-01-09 23:15:09+00:00,ENY4071,26.622848510742188,-97.39644176555127,11277.6,15.74517849977154,242.6627494749864
2024-01-09 23:15:10+00:00,ENY4071,26.624807584083687,-97.39585876464844,11277.6,15.74517849977154,242.6627494749864
2024-01-09 23:15:11+00:00,ENY4071,26.626922607421875,-97.39519803029184,11277.6,15.712284454488998,243.15793061844525
2024-01-09 23:15:13+00:00,ENY4071,26.631134033203125,-97.39385065042744,11277.6,15.712284454488998,243.15793061844525
2024-01-09 23:15:14+00:00,ENY4071,26.633233539128707,-97.39321782038763,11277.6,15.712284454488998,243.15793061844525
2024-01-09 23:15:15+00:00,ENY4071,26.63509562864142,-97.39258399376502,11277.6,15.712284454488998,243.15793061844525
2024-01-09 23:15:16+00:00,ENY4071,26.637469792770126,-97.3918973482572,11277.6,15.712284454488998,243.15793061844525
2024-01-09 23:15:17+00:00,ENY4071,26.639556884765625,-97.39120771300117,11277.6,15.712284454488998,243.15793061844525
2024-01-09 23:15:18+00:00,ENY4071,26.641659494173727,-97.39057687612676,11277.6,15.712284454488998,243.15793061844525
2024-01-09 23:15:27+00:00,ENY4071,26.66001892089844,-97.38483356979656,11277.6,15.679524122419252,243.65319158136944
2024-01-09 23:15:28+00:00,ENY4071,26.662353515625,-97.38410805756187,11277.6,15.679524122419252,243.65319158136944
2024-01-09 23:15:29+00:00,ENY4071,26.66633218021716,-97.3828653188852,11277.6,15.679524122419252,243.65319158136944
2024-01-09 23:15:30+00:00,ENY4071,26.668706344345868,-97.3821258544922,11277.6,15.679524122419252,243.65319158136944
2024-01-09 23:15:31+00:00,ENY4071,26.67056843385858,-97.38154484675482,11277.6,15.679524122419252,243.65319158136944
2024-01-09 23:15:32+00:00,ENY4071,26.67145292637712,-97.38122793344348,11277.6,15.679524122419252,243.65319158136944
2024-01-09 23:15:33+00:00,ENY4071,26.674618478548727,-97.38027719350958,11277.6,15.679524122419252,243.65319158136944
2024-01-09 23:15:34+00:00,ENY4071,26.676727294921875,-97.37959951724643,11277.6,15.679524122419252,243.65319158136944
2024-01-09 23:15:36+00:00,ENY4071,26.680938720703125,-97.37825213738203,11277.6,15.679524122419252,243.65319158136944
2024-01-09 23:15:38+00:00,ENY4071,26.68519592285156,-97.37695657982016,11277.6,15.679524122419252,243.65319158136944
2024-01-09 23:15:39+00:00,ENY4071,26.686442746954448,-97.37652705265924,11277.6,15.679524122419252,243.65319158136944
2024-01-09 23:15:40+00:00,ENY4071,26.688766479492188,-97.37581648916569,11277.6,15.679524122419252,243.65319158136944
2024-01-09 23:15:47+00:00,ENY4071,26.70250326900159,-97.37150925856372,11277.6,15.679524122419252,243.65319158136944
2024-01-09 23:15:50+00:00,ENY4071,26.708555059917902,-97.36960777869592,11277.6,15.679524122419252,243.65319158136944
2024-01-09 23:15:55+00:00,ENY4071,26.720672607421875,-97.36581478478774,11277.6,15.74517849977154,242.6627494749864
2024-01-09 23:15:56+00:00,ENY4071,26.72191555217161,-97.3654350867638,11285.22,15.86202026199546,242.80285358382417
2024-01-09 23:15:57+00:00,ENY4071,26.72526731329449,-97.36437870905952,11277.6,15.86202026199546,242.80285358382417
2024-01-09 23:15:58+00:00,ENY4071,26.726291462526483,-97.36406179574816,11277.6,15.74517849977154,242.6627494749864
2024-01-09 23:15:59+00:00,ENY4071,26.72871217889301,-97.36326951246996,11277.6,15.74517849977154,242.6627494749864
2024-01-09 23:16:00+00:00,ENY4071,26.730743408203125,-97.36265362433664,11277.6,15.895268372581317,242.30803902021407
2024-01-09 23:16:02+00:00,ENY4071,26.73504638671875,-97.3613062444723,11277.6,15.895268372581317,242.30803902021407
2024-01-09 23:16:03+00:00,ENY4071,26.737045029462397,-97.36068138709436,11277.6,15.778207056761175,242.16764864063416
2024-01-09 23:16:04+00:00,ENY4071,26.73876746226165,-97.36010037935694,11277.6,15.778207056761175,242.16764864063416
2024-01-09 23:16:05+00:00,ENY4071,26.74090576171875,-97.35944064158316,11277.6,15.778207056761175,242.16764864063416
2024-01-09 23:16:07+00:00,ENY4071,26.74598693847656,-97.35783415020636,11277.6,15.778207056761175,242.16764864063416
2024-01-09 23:16:08+00:00,ENY4071,26.74812446206303,-97.35714252178484,11277.6,15.81137093013845,241.6726286089626
2024-01-09 23:16:09+00:00,ENY4071,26.75019836425781,-97.35653859264444,11277.6,15.81137093013845,241.6726286089626
2024-01-09 23:16:10+00:00,ENY4071,26.751336566472457,-97.35613896296576,11277.6,15.81137093013845,241.6726286089626
2024-01-09 23:16:12+00:00,ENY4071,26.75566592458951,-97.35481849083531,11277.6,15.81137093013845,241.6726286089626
2024-01-09 23:16:13+00:00,ENY4071,26.757614135742188,-97.35420658903304,11277.6,15.727031337055813,241.0377391078544
2024-01-09 23:16:14+00:00,ENY4071,26.75971596927966,-97.35355083759016,11277.6,15.727031337055813,241.0377391078544
2024-01-09 23:16:17+00:00,ENY4071,26.767593383789062,-97.35104542858193,11277.6,15.675373607774546,239.9080236811805
2024-01-09 23:16:18+00:00,ENY4071,26.76841735839844,-97.35078631706956,11277.6,15.675373607774546,239.9080236811805
2024-01-09 23:16:19+00:00,ENY4071,26.770980834960938,-97.35000898253242,11277.6,15.675373607774546,239.9080236811805
2024-01-09 23:16:20+00:00,ENY4071,26.77302990929555,-97.34937814565802,11277.6,15.675373607774546,239.9080236811805
2024-01-09 23:16:21+00:00,ENY4071,26.775192260742188,-97.34866160266802,11277.6,15.708637829015744,239.41275324901736
2024-01-09 23:16:22+00:00,ENY4071,26.777173058461333,-97.34805767352763,11277.6,15.708637829015744,239.41275324901736
2024-01-09 23:16:23+00:00,ENY4071,26.779220581054688,-97.34741786740858,11277.6,15.708637829015744,239.41275324901736
2024-01-09 23:16:24+00:00,ENY4071,26.78057137182203,-97.3470012958233,11277.6,15.742039950870888,238.91756384828253
2024-01-09 23:16:25+00:00,ENY4071,26.78378347623146,-97.34594491811896,11277.6,15.742039950870888,238.91756384828253
2024-01-09 23:16:26+00:00,ENY4071,26.78559901350636,-97.34541672926684,11277.6,15.742039950870888,238.91756384828253
2024-01-09 23:16:27+00:00,ENY4071,26.787506103515625,-97.3448267522848,11277.6,15.775580809799091,238.4224559838685
2024-01-09 23:16:28+00:00,ENY4071,26.789602505958687,-97.3441490760216,11277.6,15.775580809799091,238.4224559838685
2024-01-09 23:16:29+00:00,ENY4071,26.790802001953125,-97.34373848393278,11277.6,15.775580809799091,238.4224559838685
2024-01-09 23:16:30+00:00,ENY4071,26.79414367675781,-97.34270203788329,11277.6,15.80926124884209,237.92743016478687
2024-01-09 23:16:31+00:00,ENY4071,26.796166371490997,-97.34208913949816,11277.6,15.80926124884209,237.92743016478687
2024-01-09 23:16:33+00:00,ENY4071,26.799087524414062,-97.34114736880896,11277.6,15.723584878702908,237.29255788499668
2024-01-09 23:16:34+00:00,ENY4071,26.8011474609375,-97.34050457294173,11277.6,15.723584878702908,237.29255788499668
2024-01-09 23:16:35+00:00,ENY4071,26.803207397460938,-97.33985181124706,11277.6,15.723584878702908,237.29255788499668
2024-01-09 23:16:36+00:00,ENY4071,26.80499267578125,-97.3393335882223,11277.6,15.723584878702908,237.29255788499668
2024-01-09 23:16:37+00:00,ENY4071,26.80819702148437,-97.33829714217272,11277.6,15.757317324110703,236.79740527624213
2024-01-09 23:16:38+00:00,ENY4071,26.810271699549787,-97.33765235314002,11277.6,15.757317324110703,236.79740527624213
2024-01-09 23:16:39+00:00,ENY4071,26.8114013671875,-97.33731251842568,11277.6,15.757317324110703,236.79740527624213
2024-01-09 23:16:41+00:00,ENY4071,26.817169189453125,-97.33549873783905,11277.6,15.791191125041964,236.30233508955325
2024-01-09 23:16:42+00:00,ENY4071,26.818084716796875,-97.33518780402414,11277.6,15.67109145200945,236.16285707985637
2024-01-09 23:16:43+00:00,ENY4071,26.820001117253707,-97.33458885779748,11277.6,15.67109145200945,236.16285707985637
2024-01-09 23:16:44+00:00,ENY4071,26.823028564453125,-97.33363313494988,11277.6,15.67109145200945,236.16285707985637
2024-01-09 23:16:45+00:00,ENY4071,26.82414426641949,-97.33332120455223,11277.6,15.67109145200945,236.16285707985637
2024-01-09 23:16:46+00:00,ENY4071,26.8253173828125,-97.3329076227152,11277.6,15.704875300815674,235.66757688021815
2024-01-09 23:16:47+00:00,ENY4071,26.82696533203125,-97.3324412219929,11277.6,15.704875300815674,235.66757688021815
2024-01-09 23:16:48+00:00,ENY4071,26.829171908103813,-97.3317366379958,11277.6,15.704875300815674,235.66757688021815
2024-01-09 23:16:49+00:00,ENY4071,26.832687377929688,-97.33062744140624,11277.6,15.704875300815674,235.66757688021815
2024-01-09 23:16:50+00:00,ENY4071,26.833511352539062,-97.33036832989389,11277.6,15.704875300815674,235.66757688021815
2024-01-09 23:16:51+00:00,ENY4071,26.836434057203387,-97.32946542593146,11277.6,15.584401166904446,235.5288466264737
2024-01-09 23:16:52+00:00,ENY4071,26.839370727539062,-97.32855454930716,11277.6,15.618093444764927,235.0333564133571
2024-01-09 23:16:58+00:00,ENY4071,26.851638793945312,-97.3247196989239,11277.6,15.738801437449451,235.17237896131584
2024-01-09 23:16:59+00:00,ENY4071,26.8526807882018,-97.32439481295069,11277.6,15.738801437449451,235.17237896131584
2024-01-09 23:17:00+00:00,ENY4071,26.85593944484905,-97.3233384352464,11277.6,15.738801437449451,235.17237896131584
2024-01-09 23:17:01+00:00,ENY4071,26.856917041843214,-97.32307434082033,11277.6,15.738801437449451,235.17237896131584
2024-01-09 23:17:02+00:00,ENY4071,26.85804748535156,-97.32269862912732,11277.6,15.772870738780052,234.67726384401664
2024-01-09 23:17:03+00:00,ENY4071,26.86003604177701,-97.32207078200122,11277.6,15.772870738780052,234.67726384401664
2024-01-09 23:17:04+00:00,ENY4071,26.86285400390625,-97.32119578235552,11277.6,15.772870738780052,234.67726384401664
2024-01-09 23:17:05+00:00,ENY4071,26.86571541479078,-97.3202749399038,11277.6,15.772870738780052,234.67726384401664
2024-01-09 23:17:06+00:00,ENY4071,26.867752075195312,-97.31964111328124,11277.6,15.772870738780052,234.67726384401664
2024-01-09 23:17:08+00:00,ENY4071,26.87022399902344,-97.31886377874412,11277.6,15.772870738780052,234.67726384401664
2024-01-09 23:17:09+00:00,ENY4071,26.873117220603813,-97.31795090895434,11277.6,15.772870738780052,234.67726384401664
2024-01-09 23:17:10+00:00,ENY4071,26.875991821289062,-97.31704999815742,11277.6,15.772870738780052,234.67726384401664
2024-01-09 23:17:12+00:00,ENY4071,26.878326416015625,-97.31632448592272,11277.6,15.651928069065397,234.53794781637703
2024-01-09 23:17:15+00:00,ENY4071,26.884048461914062,-97.31456252763854,11277.6,15.651928069065397,234.53794781637703
2024-01-09 23:17:17+00:00,ENY4071,26.890548706054688,-97.31248963553952,11277.6,15.651928069065397,234.53794781637703
2024-01-09 23:17:18+00:00,ENY4071,26.89178466796875,-97.3121408315805,11277.6,15.651928069065397,234.53794781637703
2024-01-09 23:17:19+00:00,ENY4071,26.89341399629237,-97.31161264272832,11277.6,15.651928069065397,234.53794781637703
2024-01-09 23:17:20+00:00,ENY4071,26.895538330078125,-97.3109349664652,11277.6,15.651928069065397,234.53794781637703
2024-01-09 23:17:21+00:00,ENY4071,26.89746404098252,-97.31034498948316,11277.6,15.651928069065397,234.53794781637703
2024-01-09 23:17:22+00:00,ENY4071,26.898696899414062,-97.30995034271814,11277.6,15.651928069065397,234.53794781637703
2024-01-09 23:17:23+00:00,ENY4071,26.902352025953387,-97.30881324181188,11277.6,15.651928069065397,234.53794781637703
2024-01-09 23:17:25+00:00,ENY4071,26.90644862288136,-97.30754558856673,11277.6,15.772870738780052,234.67726384401664
2024-01-09 23:17:26+00:00,ENY4071,26.908447265625,-97.30689282687206,11277.6,15.772870738780052,234.67726384401664
2024-01-09 23:17:27+00:00,ENY4071,26.910498667571503,-97.30627793532152,11277.6,15.772870738780052,234.67726384401664
2024-01-09 23:17:28+00:00,ENY4071,26.911290055614405,-97.30601384089545,11277.6,15.772870738780052,234.67726384401664
2024-01-09 23:17:29+00:00,ENY4071,26.913059040651483,-97.30548565204327,11277.6,15.772870738780052,234.67726384401664
2024-01-09 23:17:30+00:00,ENY4071,26.91622459282309,-97.30448209322412,11277.6,15.772870738780052,234.67726384401664
2024-01-09 23:17:31+00:00,ENY4071,26.918243408203125,-97.30383531102592,11277.6,15.772870738780052,234.67726384401664
2024-01-09 23:17:32+00:00,ENY4071,26.92027463751324,-97.30321443997894,11277.6,15.772870738780052,234.67726384401664
2024-01-09 23:17:33+00:00,ENY4071,26.92231750488281,-97.30253975346405,11277.6,15.772870738780052,234.67726384401664
2024-01-09 23:17:34+00:00,ENY4071,26.923141479492188,-97.30228064195164,11277.6,15.772870738780052,234.67726384401664
2024-01-09 23:17:35+00:00,ENY4071,26.926093667240465,-97.3013657789964,11277.6,15.772870738780052,234.67726384401664
2024-01-09 23:17:36+00:00,ENY4071,26.927215576171875,-97.30098508438972,11277.6,15.772870738780052,234.67726384401664
2024-01-09 23:17:38+00:00,ENY4071,26.93251787605932,-97.29935866135816,11277.6,15.738801437449451,235.17237896131584
2024-01-09 23:17:39+00:00,ENY4071,26.93419375662076,-97.29883047250598,11277.6,15.738801437449451,235.17237896131584
2024-01-09 23:17:40+00:00,ENY4071,26.93614196777344,-97.298186680056,11277.6,15.738801437449451,235.17237896131584
2024-01-09 23:17:41+00:00,ENY4071,26.939035189353813,-97.29729872483472,11277.6,15.738801437449451,235.17237896131584
2024-01-09 23:17:43+00:00,ENY4071,26.941131591796875,-97.29663201098174,11277.6,15.738801437449451,235.17237896131584
2024-01-09 23:17:44+00:00,ENY4071,26.943511962890625,-97.29590649874706,11277.6,15.738801437449451,235.17237896131584
2024-01-09 23:17:46+00:00,ENY4071,26.94960254733845,-97.2939711350661,11277.6,15.738801437449451,235.17237896131584
2024-01-09 23:17:47+00:00,ENY4071,26.95048703985699,-97.29370704064002,11277.6,15.738801437449451,235.17237896131584
2024-01-09 23:17:48+00:00,ENY4071,26.952861203985695,-97.29291475736176,11277.6,15.738801437449451,235.17237896131584
2024-01-09 23:17:49+00:00,ENY4071,26.9549560546875,-97.29227893757373,11277.6,15.738801437449451,235.17237896131584
2024-01-09 23:17:50+00:00,ENY4071,26.956957800913663,-97.29164710411658,11277.6,15.738801437449451,235.17237896131584
2024-01-09 23:17:51+00:00,ENY4071,26.95774918895657,-97.29138300969048,11277.6,15.738801437449451,235.17237896131584
2024-01-09 23:17:52+00:00,ENY4071,26.95989990234375,-97.2907242684994,11277.6,15.738801437449451,235.17237896131584
2024-01-09 23:17:53+00:00,ENY4071,26.961410522460938,-97.29025786777709,11277.6,15.772870738780052,234.67726384401664
2024-01-09 23:17:55+00:00,ENY4071,26.96713256835937,-97.28844408719044,11277.6,15.772870738780052,234.67726384401664
2024-01-09 23:17:56+00:00,ENY4071,26.96795654296875,-97.28818497567806,11277.6,15.772870738780052,234.67726384401664
2024-01-09 23:17:57+00:00,ENY4071,26.971343994140625,-97.28714852962857,11277.6,15.772870738780052,234.67726384401664
2024-01-09 23:17:58+00:00,ENY4071,26.97241314386917,-97.2867877666767,11277.6,15.772870738780052,234.67726384401664
2024-01-09 23:17:59+00:00,ENY4071,26.97488041247352,-97.28599548339844,11277.6,15.772870738780052,234.67726384401664
2024-01-09 23:18:00+00:00,ENY4071,26.977706909179688,-97.28512745983193,11277.6,15.772870738780052,234.67726384401664
2024-01-09 23:18:01+00:00,ENY4071,26.978530883789062,-97.28486834831956,11277.6,15.772870738780052,234.67726384401664
2024-01-09 23:18:02+00:00,ENY4071,26.98095703125,-97.28409101378242,11277.6,15.772870738780052,234.67726384401664
2024-01-09 23:18:03+00:00,ENY4071,26.983428955078125,-97.28331367924528,11277.6,15.772870738780052,234.67726384401664
2024-01-09 23:18:04+00:00,ENY4071,26.984207153320312,-97.2830545677329,11277.6,15.772870738780052,234.67726384401664
2024-01-09 23:18:05+00:00,ENY4071,26.98786848682468,-97.28192842923676,11277.6,15.772870738780052,234.67726384401664
2024-01-09 23:18:06+00:00,ENY4071,26.989497815148304,-97.28140024038458,11277.6,15.772870738780052,234.67726384401664
2024-01-09 23:18:07+00:00,ENY4071,26.991531372070312,-97.2807743864239,11277.6,15.807084088687985,234.1822320535056
2024-01-09 23:18:08+00:00,ENY4071,26.99359441207627,-97.2801325871394,11277.6,15.807084088687985,234.1822320535056
2024-01-09 23:18:09+00:00,ENY4071,26.994781494140625,-97.2797379403744,11277.6,15.685905920066409,234.04262135381524
2024-01-09 23:18:11+00:00,ENY4071,26.999679565429688,-97.27823509360258,11277.6,15.685905920066409,234.04262135381524
2024-01-09 23:18:12+00:00,ENY4071,27.00169450145657,-97.27759728064903,11277.6,15.685905920066409,234.04262135381524
2024-01-09 23:18:13+00:00,ENY4071,27.003707885742188,-97.27693953604069,11277.6,15.685905920066409,234.04262135381524
2024-01-09 23:18:14+00:00,ENY4071,27.005744546146715,-97.2763296274038,11277.6,15.685905920066409,234.04262135381524
2024-01-09 23:18:15+00:00,ENY4071,27.007781982421875,-97.27569580078124,11277.6,15.72002788509387,233.54737754826397
2024-01-09 23:18:16+00:00,ENY4071,27.009521484375,-97.27512575545398,11277.6,15.72002788509387,233.54737754826397
2024-01-09 23:18:17+00:00,ENY4071,27.011423919160485,-97.27453378530646,11277.6,15.72002788509387,233.54737754826397
2024-01-09 23:18:18+00:00,ENY4071,27.012308411679022,-97.27426969088036,11277.6,15.72002788509387,233.54737754826397
2024-01-09 23:18:19+00:00,ENY4071,27.015884399414062,-97.27310468565742,11277.6,15.72002788509387,233.54737754826397
2024-01-09 23:18:20+00:00,ENY4071,27.017486572265625,-97.27263828493513,11277.6,15.72002788509387,233.54737754826397
2024-01-09 23:18:21+00:00,ENY4071,27.01995849609375,-97.27186095039798,11277.6,15.72002788509387,233.54737754826397
2024-01-09 23:18:22+00:00,ENY4071,27.021697998046875,-97.27129090507076,11277.6,15.72002788509387,233.54737754826397
2024-01-09 23:18:23+00:00,ENY4071,27.02398681640625,-97.27056539283608,11277.6,15.72002788509387,233.54737754826397
2024-01-09 23:18:24+00:00,ENY4071,27.025203381554554,-97.27020263671876,11277.6,15.72002788509387,233.54737754826397
2024-01-09 23:18:26+00:00,ENY4071,27.030044814287606,-97.26867088904748,11277.6,15.75429485860781,233.05221692666987
2024-01-09 23:18:27+00:00,ENY4071,27.03208923339844,-97.26802610001472,11277.6,15.75429485860781,233.05221692666987
2024-01-09 23:18:28+00:00,ENY4071,27.033004760742188,-97.26771516619988,11277.6,15.75429485860781,233.05221692666987
2024-01-09 23:18:29+00:00,ENY4071,27.036117553710938,-97.26673054245282,11277.6,15.75429485860781,233.05221692666987
2024-01-09 23:18:30+00:00,ENY4071,27.038144903667902,-97.26613558255708,11277.6,15.75429485860781,233.05221692666987
2024-01-09 23:18:31+00:00,ENY4071,27.040283203125,-97.26543498489092,11277.6,15.75429485860781,233.05221692666987
2024-01-09 23:18:32+00:00,ENY4071,27.04096984863281,-97.265227695681,11277.6,15.875946505222576,233.1924205754385
2024-01-09 23:18:35+00:00,ENY4071,27.049072265625,-97.26263658055716,11277.6,15.875946505222576,233.1924205754385
2024-01-09 23:18:37+00:00,ENY4071,27.051132978019066,-97.2620157095102,11277.6,15.75429485860781,233.05221692666987
2024-01-09 23:18:38+00:00,ENY4071,27.05401611328125,-97.2610819114829,11277.6,15.75429485860781,233.05221692666987
2024-01-09 23:18:39+00:00,ENY4071,27.056304931640625,-97.26035639924822,11277.6,15.75429485860781,233.05221692666987
2024-01-09 23:18:40+00:00,ENY4071,27.05873107910156,-97.25957906471108,11277.6,15.75429485860781,233.05221692666987
2024-01-09 23:18:42+00:00,ENY4071,27.0611572265625,-97.2588535524764,11277.6,15.75429485860781,233.05221692666987
2024-01-09 23:18:43+00:00,ENY4071,27.06440734863281,-97.2578171064269,11277.6,15.75429485860781,233.05221692666987
2024-01-09 23:18:44+00:00,ENY4071,27.0656107239804,-97.2574204664964,11277.6,15.75429485860781,233.05221692666987
2024-01-09 23:18:45+00:00,ENY4071,27.06882282838983,-97.25641690767723,11277.6,15.75429485860781,233.05221692666987
2024-01-09 23:18:46+00:00,ENY4071,27.07086181640625,-97.25579603663029,11277.6,15.75429485860781,233.05221692666987
2024-01-09 23:18:47+00:00,ENY4071,27.072872873079977,-97.25514925443208,11277.6,15.75429485860781,233.05221692666987
2024-01-09 23:18:48+00:00,ENY4071,27.07489013671875,-97.25450047906838,11277.6,15.75429485860781,233.05221692666987
2024-01-09 23:18:49+00:00,ENY4071,27.076492309570312,-97.25398225604364,11277.6,15.75429485860781,233.05221692666987
2024-01-09 23:18:50+00:00,ENY4071,27.07855224609375,-97.25335341233472,11277.6,15.75429485860781,233.05221692666987
2024-01-09 23:18:51+00:00,ENY4071,27.08056640625,-97.2527385207842,11277.6,15.75429485860781,233.05221692666987
2024-01-09 23:18:52+00:00,ENY4071,27.0833936788268,-97.25182166466344,11277.6,15.75429485860781,233.05221692666987
2024-01-09 23:18:53+00:00,ENY4071,27.0845947265625,-97.2514429632223,11277.6,15.75429485860781,233.05221692666987
2024-01-09 23:18:54+00:00,ENY4071,27.085418701171875,-97.25118385170988,11277.6,15.75429485860781,233.05221692666987
2024-01-09 23:18:55+00:00,ENY4071,27.08944702148437,-97.24994011645047,11277.6,15.75429485860781,233.05221692666987
2024-01-09 23:18:56+00:00,ENY4071,27.090362548828125,-97.2496291826356,11277.6,15.75429485860781,233.05221692666987
2024-01-09 23:18:57+00:00,ENY4071,27.091493768207098,-97.2492863581731,11277.6,15.75429485860781,233.05221692666987
2024-01-09 23:18:58+00:00,ENY4071,27.095543812897244,-97.24801870492786,11277.6,15.75429485860781,233.05221692666987
2024-01-09 23:19:00+00:00,ENY4071,27.09954730534957,-97.24675105168268,11277.6,15.72002788509387,233.54737754826397
2024-01-09 23:19:01+00:00,ENY4071,27.1011766336732,-97.2462228628305,11277.6,15.72002788509387,233.54737754826397
2024-01-09 23:19:02+00:00,ENY4071,27.10322570800781,-97.24558704304246,11277.6,15.72002788509387,233.54737754826397
2024-01-09 23:19:03+00:00,ENY4071,27.105319782838983,-97.24495520958531,11277.6,15.72002788509387,233.54737754826397
2024-01-09 23:19:04+00:00,ENY4071,27.106475830078125,-97.2446024192954,11277.6,15.72002788509387,233.54737754826397
2024-01-09 23:19:05+00:00,ENY4071,27.10936982752913,-97.24368755634016,11277.6,15.72002788509387,233.54737754826397
2024-01-09 23:19:06+00:00,ENY4071,27.11054992675781,-97.24330686173346,11277.6,15.72002788509387,233.54737754826397
2024-01-09 23:19:07+00:00,ENY4071,27.112675036414192,-97.2426311786358,11277.6,15.72002788509387,233.54737754826397
2024-01-09 23:19:08+00:00,ENY4071,27.1146240234375,-97.24201130417156,11277.6,15.72002788509387,233.54737754826397
2024-01-09 23:19:09+00:00,ENY4071,27.116958618164062,-97.24128579193687,11277.6,15.72002788509387,233.54737754826397
2024-01-09 23:19:10+00:00,ENY4071,27.119052692995236,-97.24062406099756,11277.6,15.72002788509387,233.54737754826397
2024-01-09 23:19:11+00:00,ENY4071,27.12103271484375,-97.239990234375,11277.6,15.72002788509387,233.54737754826397
2024-01-09 23:19:12+00:00,ENY4071,27.122817993164062,-97.23947201135024,11277.6,15.72002788509387,233.54737754826397
2024-01-09 23:19:13+00:00,ENY4071,27.124871722722457,-97.2388282189002,11277.6,15.72002788509387,233.54737754826397
2024-01-09 23:19:14+00:00,ENY4071,27.126708984375,-97.2382282760908,11277.6,15.72002788509387,233.54737754826397
2024-01-09 23:19:15+00:00,ENY4071,27.129135131835938,-97.23745094155362,11277.6,15.72002788509387,233.54737754826397
2024-01-09 23:19:16+00:00,ENY4071,27.13096618652344,-97.2368808962264,11277.6,15.72002788509387,233.54737754826397
2024-01-09 23:19:17+00:00,ENY4071,27.13213387182203,-97.23650418795069,11277.6,15.72002788509387,233.54737754826397
2024-01-09 23:19:18+00:00,ENY4071,27.13412475585937,-97.23589627247937,11277.6,15.841442378132966,233.68728411932884
2024-01-09 23:19:19+00:00,ENY4071,27.13618391651218,-97.2352365347055,11277.6,15.72002788509387,233.54737754826397
2024-01-09 23:19:20+00:00,ENY4071,27.13930291644597,-97.2342857947716,11277.6,15.841442378132966,233.68728411932884
2024-01-09 23:19:21+00:00,ENY4071,27.14048767089844,-97.23387520268278,11277.6,15.841442378132966,233.68728411932884
2024-01-09 23:19:22+00:00,ENY4071,27.142318725585938,-97.23330515735552,11277.6,15.807084088687985,234.1822320535056
2024-01-09 23:19:23+00:00,ENY4071,27.144561767578125,-97.23257964512084,11277.6,15.807084088687985,234.1822320535056
2024-01-09 23:19:24+00:00,ENY4071,27.14634704589844,-97.23206142209608,11277.6,15.807084088687985,234.1822320535056
2024-01-09 23:19:26+00:00,ENY4071,27.15145305051642,-97.23043001615082,11277.6,15.807084088687985,234.1822320535056
2024-01-09 23:19:28+00:00,ENY4071,27.15550309520657,-97.22916236290564,11277.6,15.685905920066409,234.04262135381524
2024-01-09 23:19:29+00:00,ENY4071,27.157699584960938,-97.22843386092272,11277.6,15.685905920066409,234.04262135381524
2024-01-09 23:19:30+00:00,ENY4071,27.158761751853813,-97.2281059852013,11277.6,15.685905920066409,234.04262135381524
2024-01-09 23:19:31+00:00,ENY4071,27.162020408501057,-97.2271024263822,11277.6,15.685905920066409,234.04262135381524
2024-01-09 23:19:32+00:00,ENY4071,27.16304455773305,-97.22678551307092,11277.6,15.807084088687985,234.1822320535056
2024-01-09 23:19:33+00:00,ENY4071,27.165279065148304,-97.22604604867786,11277.6,15.807084088687985,234.1822320535056
2024-01-09 23:19:35+00:00,ENY4071,27.16973876953125,-97.22465083284196,11277.6,15.807084088687985,234.1822320535056
2024-01-09 23:19:36+00:00,ENY4071,27.171749826204977,-97.22403893103969,11277.6,15.807084088687985,234.1822320535056
2024-01-09 23:19:37+00:00,ENY4071,27.17298889160156,-97.22361438679246,11277.6,15.807084088687985,234.1822320535056
2024-01-09 23:19:38+00:00,ENY4071,27.174819946289062,-97.2230443414652,11277.6,15.807084088687985,234.1822320535056
2024-01-09 23:19:39+00:00,ENY4071,27.17784118652344,-97.22211154002063,11277.6,15.807084088687985,234.1822320535056
2024-01-09 23:19:40+00:00,ENY4071,27.17884826660156,-97.22180060620576,11277.6,15.772870738780052,234.67726384401664
2024-01-09 23:19:42+00:00,ENY4071,27.1827392578125,-97.22055687094633,11277.6,15.772870738780052,234.67726384401664
2024-01-09 23:19:43+00:00,ENY4071,27.184924109507413,-97.21986623910756,11277.6,15.772870738780052,234.67726384401664
2024-01-09 23:19:44+00:00,ENY4071,27.188043109441207,-97.21886268028844,11277.6,15.772870738780052,234.67726384401664
2024-01-09 23:19:45+00:00,ENY4071,27.18883449748411,-97.21859858586237,11277.6,15.772870738780052,234.67726384401664
2024-01-09 23:19:46+00:00,ENY4071,27.19102478027344,-97.21791393352004,11277.6,15.772870738780052,234.67726384401664
2024-01-09 23:19:47+00:00,ENY4071,27.193722482454977,-97.2170668381911,11277.6,15.772870738780052,234.67726384401664
2024-01-09 23:19:48+00:00,ENY4071,27.195785522460938,-97.21641108674822,11277.6,15.772870738780052,234.67726384401664
2024-01-09 23:19:49+00:00,ENY4071,27.197772527145126,-97.21579918494592,11277.6,15.772870738780052,234.67726384401664
2024-01-09 23:19:50+00:00,ENY4071,27.199996948242188,-97.21511552918632,11277.6,15.772870738780052,234.67726384401664
2024-01-09 23:19:51+00:00,ENY4071,27.20107773603019,-97.21474280724158,11277.6,15.772870738780052,234.67726384401664
2024-01-09 23:19:52+00:00,ENY4071,27.202893273305083,-97.2141617995042,11277.6,15.772870738780052,234.67726384401664
2024-01-09 23:19:53+00:00,ENY4071,27.20635986328125,-97.21309445938972,11277.6,15.772870738780052,234.67726384401664
2024-01-09 23:19:54+00:00,ENY4071,27.20819091796875,-97.2125244140625,11277.6,15.772870738780052,234.67726384401664
2024-01-09 23:19:55+00:00,ENY4071,27.210433959960938,-97.21179890182782,11277.6,15.772870738780052,234.67726384401664
2024-01-09 23:19:56+00:00,ENY4071,27.212622691009003,-97.21109830416162,11277.6,15.772870738780052,234.67726384401664
2024-01-09 23:19:57+00:00,ENY4071,27.21368408203125,-97.21076245577832,11277.6,15.772870738780052,234.67726384401664
2024-01-09 23:19:59+00:00,ENY4071,27.218582153320312,-97.20920778670398,11277.6,15.772870738780052,234.67726384401664
2024-01-09 23:20:00+00:00,ENY4071,27.21958923339844,-97.20889685288915,11277.6,15.772870738780052,234.67726384401664
2024-01-09 23:20:01+00:00,ENY4071,27.221832275390625,-97.20817134065447,11277.6,15.893669361097214,234.81762427460396
2024-01-09 23:20:04+00:00,ENY4071,27.227691650390625,-97.20630573776532,11277.6,15.893669361097214,234.81762427460396
2024-01-09 23:20:05+00:00,ENY4071,27.23049875033104,-97.20544668344348,11277.6,15.893669361097214,234.81762427460396
2024-01-09 23:20:06+00:00,ENY4071,27.232826362221928,-97.20470721905048,11277.6,15.893669361097214,234.81762427460396
2024-01-09 23:20:07+00:00,ENY4071,27.234832763671875,-97.20407737875884,11277.6,15.772870738780052,234.67726384401664
2024-01-09 23:20:08+00:00,ENY4071,27.23608501886917,-97.20365084134612,11277.6,15.772870738780052,234.67726384401664
2024-01-09 23:20:09+00:00,ENY4071,27.23934367551642,-97.20264728252704,11277.6,15.772870738780052,234.67726384401664
2024-01-09 23:20:10+00:00,ENY4071,27.241378784179688,-97.2020044866598,11277.6,15.772870738780052,234.67726384401664
2024-01-09 23:20:11+00:00,ENY4071,27.24238586425781,-97.20169355284492,11277.6,15.772870738780052,234.67726384401664
2024-01-09 23:20:12+00:00,ENY4071,27.24462890625,-97.20096804061023,11277.6,15.772870738780052,234.67726384401664
2024-01-09 23:20:13+00:00,ENY4071,27.246414184570312,-97.20039799528304,11277.6,15.772870738780052,234.67726384401664
2024-01-09 23:20:14+00:00,ENY4071,27.249119645458155,-97.19953096829926,11277.6,15.772870738780052,234.67726384401664
2024-01-09 23:20:15+00:00,ENY4071,27.25154036182468,-97.19879150390624,11277.6,15.772870738780052,234.67726384401664
2024-01-09 23:20:16+00:00,ENY4071,27.253169690148304,-97.19826331505408,11277.6,15.772870738780052,234.67726384401664
2024-01-09 23:20:17+00:00,ENY4071,27.255203247070312,-97.19765141325178,11277.6,15.772870738780052,234.67726384401664
2024-01-09 23:20:18+00:00,ENY4071,27.25721973483845,-97.1969956618089,11277.6,15.772870738780052,234.67726384401664
2024-01-09 23:20:19+00:00,ENY4071,27.25927734375,-97.19635585568984,11277.6,15.772870738780052,234.67726384401664
2024-01-09 23:20:20+00:00,ENY4071,27.26131633176642,-97.19567518967848,11277.6,15.772870738780052,234.67726384401664
2024-01-09 23:20:21+00:00,ENY4071,27.26210771980932,-97.19546391413763,11277.6,15.772870738780052,234.67726384401664
2024-01-09 23:20:22+00:00,ENY4071,27.26536637645657,-97.19440753643327,11277.6,15.772870738780052,234.67726384401664
2024-01-09 23:20:23+00:00,ENY4071,27.26742553710937,-97.19376474056604,11277.6,15.772870738780052,234.67726384401664
2024-01-09 23:20:24+00:00,ENY4071,27.2684326171875,-97.19345380675117,11277.6,15.772870738780052,234.67726384401664
2024-01-09 23:20:25+00:00,ENY4071,27.27227783203125,-97.19221007149171,11277.6,15.772870738780052,234.67726384401664
2024-01-09 23:20:28+00:00,ENY4071,27.277175903320312,-97.19065540241746,11277.6,15.772870738780052,234.67726384401664
2024-01-09 23:20:31+00:00,ENY4071,27.283676147460938,-97.18863433262084,11277.6,15.772870738780052,234.67726384401664
2024-01-09 23:20:32+00:00,ENY4071,27.28546142578125,-97.18806428729364,11277.6,15.772870738780052,234.67726384401664
2024-01-09 23:20:33+00:00,ENY4071,27.287750244140625,-97.18733877505896,11277.6,15.772870738780052,234.67726384401664
2024-01-09 23:20:34+00:00,ENY4071,27.28999251026218,-97.18664316030646,11277.6,15.772870738780052,234.67726384401664
2024-01-09 23:20:35+00:00,ENY4071,27.291824340820312,-97.18604321749706,11277.6,15.772870738780052,234.67726384401664
2024-01-09 23:20:36+00:00,ENY4071,27.293856346001057,-97.18542832594652,11277.6,15.772870738780052,234.67726384401664
2024-01-09 23:20:37+00:00,ENY4071,27.2958984375,-97.18474765993513,11277.6,15.772870738780052,234.67726384401664
2024-01-09 23:20:38+00:00,ENY4071,27.297637939453125,-97.18422943691036,11277.6,15.772870738780052,234.67726384401664
2024-01-09 23:20:39+00:00,ENY4071,27.29967537572828,-97.18357966496391,11277.6,15.772870738780052,234.67726384401664
2024-01-09 23:20:40+00:00,ENY4071,27.30157470703125,-97.18298570165092,11277.6,15.772870738780052,234.67726384401664
2024-01-09 23:20:41+00:00,ENY4071,27.304609912936968,-97.18199509840748,11277.6,15.738801437449451,235.17237896131584
2024-01-09 23:20:42+00:00,ENY4071,27.305648803710938,-97.18169014408905,11277.6,15.738801437449451,235.17237896131584
2024-01-09 23:20:43+00:00,ENY4071,27.307682360632946,-97.18104435847356,11277.6,15.738801437449451,235.17237896131584
2024-01-09 23:20:44+00:00,ENY4071,27.309358241194385,-97.1805161696214,11277.6,15.738801437449451,235.17237896131584
2024-01-09 23:20:45+00:00,ENY4071,27.31261689784163,-97.17945979191704,11277.6,15.738801437449451,235.17237896131584
2024-01-09 23:20:46+00:00,ENY4071,27.314620971679688,-97.17883991745282,11277.6,15.859366266605688,235.31244406316384
2024-01-09 23:20:47+00:00,ENY4071,27.31685315148305,-97.17813931978662,11277.6,15.859366266605688,235.31244406316384
2024-01-09 23:20:48+00:00,ENY4071,27.317916870117188,-97.17780347140332,11277.6,15.859366266605688,235.31244406316384
2024-01-09 23:20:49+00:00,ENY4071,27.3209031961732,-97.17687166654144,11277.6,15.859366266605688,235.31244406316384
2024-01-09 23:20:50+00:00,ENY4071,27.32212829589844,-97.17645609153892,11277.6,15.859366266605688,235.31244406316384
2024-01-09 23:20:51+00:00,ENY4071,27.32323080806409,-97.17613220214844,11277.6,15.859366266605688,235.31244406316384
2024-01-09 23:20:52+00:00,ENY4071,27.326489464711333,-97.1750758244441,11277.6,15.859366266605688,235.31244406316384
2024-01-09 23:20:53+00:00,ENY4071,27.32811879303496,-97.17454763559192,11277.6,15.859366266605688,235.31244406316384
2024-01-09 23:20:54+00:00,ENY4071,27.330322265625,-97.17386497641508,11277.6,15.859366266605688,235.31244406316384
2024-01-09 23:20:55+00:00,ENY4071,27.332168837725103,-97.17327998234674,11277.6,15.859366266605688,235.31244406316384
2024-01-09 23:20:56+00:00,ENY4071,27.334213256835938,-97.17262124115564,11277.6,15.825207148056665,235.8073478440577
2024-01-09 23:20:57+00:00,ENY4071,27.33645164360434,-97.17190669133112,11277.6,15.704875300815674,235.66757688021815
2024-01-09 23:20:58+00:00,ENY4071,27.338732703257413,-97.1712200458233,11277.6,15.704875300815674,235.66757688021815
2024-01-09 23:20:59+00:00,ENY4071,27.34075927734375,-97.17054834905662,11277.6,15.704875300815674,235.66757688021815
2024-01-09 23:21:00+00:00,ENY4071,27.341583251953125,-97.17028923754424,11277.6,15.704875300815674,235.66757688021815
2024-01-09 23:21:01+00:00,ENY4071,27.34455173298464,-97.16937138484076,11277.6,15.825207148056665,235.8073478440577
2024-01-09 23:21:02+00:00,ENY4071,27.346481323242188,-97.16873456846992,11277.6,15.825207148056665,235.8073478440577
2024-01-09 23:21:03+00:00,ENY4071,27.348508673199152,-97.16810373159552,11277.6,15.825207148056665,235.8073478440577
2024-01-09 23:21:04+00:00,ENY4071,27.350555419921875,-97.16743901090804,11277.6,15.825207148056665,235.8073478440577
2024-01-09 23:21:05+00:00,ENY4071,27.35302734375,-97.16666167637084,11277.6,15.825207148056665,235.8073478440577
2024-01-09 23:21:06+00:00,ENY4071,27.355258747682733,-97.1659381573017,11277.6,15.859366266605688,235.31244406316384
2024-01-09 23:21:07+00:00,ENY4071,27.35723876953125,-97.1653142965065,11277.6,15.859366266605688,235.31244406316384
2024-01-09 23:21:08+00:00,ENY4071,27.35930879237288,-97.16467050405646,11277.6,15.859366266605688,235.31244406316384
2024-01-09 23:21:09+00:00,ENY4071,27.361404418945312,-97.16401873894456,11277.6,15.859366266605688,235.31244406316384
2024-01-09 23:21:10+00:00,ENY4071,27.36335883706303,-97.16340285081128,11277.6,15.859366266605688,235.31244406316384
2024-01-09 23:21:11+00:00,ENY4071,27.365034717624468,-97.16287466195912,11277.6,15.859366266605688,235.31244406316384
2024-01-09 23:21:12+00:00,ENY4071,27.36708068847656,-97.1622049583579,11277.6,15.859366266605688,235.31244406316384
2024-01-09 23:21:13+00:00,ENY4071,27.369369506835938,-97.16147944612322,11277.6,15.738801437449451,235.17237896131584
2024-01-09 23:21:14+00:00,ENY4071,27.37115478515625,-97.16090940079596,11277.6,15.738801437449451,235.17237896131584
2024-01-09 23:21:15+00:00,ENY4071,27.373134807004767,-97.1602865365835,11277.6,15.738801437449451,235.17237896131584
2024-01-09 23:21:16+00:00,ENY4071,27.37513732910156,-97.15966566553652,11277.6,15.618093444764927,235.0333564133571
2024-01-09 23:21:17+00:00,ENY4071,27.377184851694917,-97.15901888333832,11277.6,15.738801437449451,235.17237896131584
2024-01-09 23:21:18+00:00,ENY4071,27.37921142578125,-97.15837010797463,11277.6,15.618093444764927,235.0333564133571
2024-01-09 23:21:19+00:00,ENY4071,27.381637573242188,-97.15764459573997,11277.6,15.738801437449451,235.17237896131584
2024-01-09 23:21:20+00:00,ENY4071,27.383702164989405,-97.15695894681488,11277.6,15.738801437449451,235.17237896131584
2024-01-09 23:21:21+00:00,ENY4071,27.38463320974576,-97.1566948523888,11277.6,15.704875300815674,235.66757688021815
2024-01-09 23:21:22+00:00,ENY4071,27.38779876191737,-97.1556912935697,11277.6,15.704875300815674,235.66757688021815
2024-01-09 23:21:23+00:00,ENY4071,27.38983154296875,-97.15505348061612,11277.6,15.704875300815674,235.66757688021815
2024-01-09 23:21:25+00:00,ENY4071,27.3936177916446,-97.15384263258716,11277.6,15.704875300815674,235.66757688021815
2024-01-09 23:21:26+00:00,ENY4071,27.394775390625,-97.15349881154184,11277.6,15.704875300815674,235.66757688021815
2024-01-09 23:21:27+00:00,ENY4071,27.39757473185911,-97.15257497934192,11277.6,15.825207148056665,235.8073478440577
2024-01-09 23:21:28+00:00,ENY4071,27.398895263671875,-97.15220325397996,11277.6,15.825207148056665,235.8073478440577
2024-01-09 23:21:29+00:00,ENY4071,27.401275634765625,-97.15142591944276,11277.6,15.825207148056665,235.8073478440577
2024-01-09 23:21:32+00:00,ENY4071,27.40864562988281,-97.14909391583136,11277.6,15.825207148056665,235.8073478440577
2024-01-09 23:21:35+00:00,ENY4071,27.413262836003707,-97.1476100041316,11277.6,15.825207148056665,235.8073478440577
2024-01-09 23:21:37+00:00,ENY4071,27.418441772460938,-97.14593275538029,11277.6,15.945395900922854,235.9481576685047
2024-01-09 23:21:38+00:00,ENY4071,27.419448852539062,-97.14562182156544,11277.6,15.911148577139503,236.44285013230711
2024-01-09 23:21:39+00:00,ENY4071,27.42256164550781,-97.14463719781838,11277.6,15.911148577139503,236.44285013230711
2024-01-09 23:21:40+00:00,ENY4071,27.42378364175053,-97.14422959547778,11277.6,15.911148577139503,236.44285013230711
2024-01-09 23:21:41+00:00,ENY4071,27.42625091035487,-97.14349013108472,11277.6,15.911148577139503,236.44285013230711
2024-01-09 23:21:42+00:00,ENY4071,27.427459716796875,-97.14308252874412,11277.6,15.911148577139503,236.44285013230711
2024-01-09 23:21:44+00:00,ENY4071,27.432540893554688,-97.14147603736734,11277.6,15.911148577139503,236.44285013230711
2024-01-09 23:21:45+00:00,ENY4071,27.434829711914062,-97.14075052513266,11277.6,15.911148577139503,236.44285013230711
2024-01-09 23:21:46+00:00,ENY4071,27.43565368652344,-97.14043959131776,11277.6,15.791191125041964,236.30233508955325
2024-01-09 23:21:47+00:00,ENY4071,27.43858725337659,-97.13952871469348,11277.6,15.791191125041964,236.30233508955325
2024-01-09 23:21:48+00:00,ENY4071,27.441375732421875,-97.13862581073111,11277.6,15.791191125041964,236.30233508955325
2024-01-09 23:21:49+00:00,ENY4071,27.44263729806673,-97.1382610614483,11277.6,15.791191125041964,236.30233508955325
2024-01-09 23:21:50+00:00,ENY4071,27.444808959960938,-97.1375375423791,11277.6,15.757317324110703,236.79740527624213
2024-01-09 23:21:51+00:00,ENY4071,27.4467338949947,-97.13694058931787,11277.6,15.757317324110703,236.79740527624213
2024-01-09 23:21:52+00:00,ENY4071,27.44879150390625,-97.13629380711969,11277.6,15.757317324110703,236.79740527624213
2024-01-09 23:21:53+00:00,ENY4071,27.450923596398304,-97.1356201171875,11277.6,15.757317324110703,236.79740527624213
2024-01-09 23:21:54+00:00,ENY4071,27.45329776052701,-97.13488065279444,11277.6,15.757317324110703,236.79740527624213
2024-01-09 23:21:55+00:00,ENY4071,27.455474853515625,-97.13416909271814,11277.6,15.757317324110703,236.79740527624213
2024-01-09 23:21:56+00:00,ENY4071,27.45655641717426,-97.13382427509016,11277.6,15.757317324110703,236.79740527624213
2024-01-09 23:21:58+00:00,ENY4071,27.461490954382946,-97.13229252741888,11277.6,15.757317324110703,236.79740527624213
2024-01-09 23:21:59+00:00,ENY4071,27.4632133871822,-97.13176433856673,11277.6,15.757317324110703,236.79740527624213
2024-01-09 23:22:00+00:00,ENY4071,27.46522521972656,-97.13111157687206,11277.6,15.757317324110703,236.79740527624213
2024-01-09 23:22:01+00:00,ENY4071,27.466094970703125,-97.13085246535968,11277.6,15.757317324110703,236.79740527624213
2024-01-09 23:22:02+00:00,ENY4071,27.47030639648437,-97.12950508549528,11277.6,15.757317324110703,236.79740527624213
2024-01-09 23:22:03+00:00,ENY4071,27.47136002880032,-97.1291762131911,11277.6,15.723584878702908,237.29255788499668
2024-01-09 23:22:04+00:00,ENY4071,27.474288940429688,-97.12826135023585,11277.6,15.723584878702908,237.29255788499668
2024-01-09 23:22:05+00:00,ENY4071,27.475067138671875,-97.12800223872348,11277.6,15.723584878702908,237.29255788499668
2024-01-09 23:22:06+00:00,ENY4071,27.47836303710937,-97.1269657926739,11277.6,15.723584878702908,237.29255788499668
2024-01-09 23:22:07+00:00,ENY4071,27.479324340820312,-97.12665485885908,11277.6,15.843082117687011,237.43248690420955
2024-01-09 23:22:09+00:00,ENY4071,27.483306884765625,-97.12535930129718,11277.6,15.843082117687011,237.43248690420955
2024-01-09 23:22:10+00:00,ENY4071,27.48546535685911,-97.1246866079477,11277.6,15.843082117687011,237.43248690420955
2024-01-09 23:22:11+00:00,ENY4071,27.48863090903072,-97.1236830491286,11277.6,15.843082117687011,237.43248690420955
2024-01-09 23:22:12+00:00,ENY4071,27.49044644630561,-97.12310204139123,11277.6,15.843082117687011,237.43248690420955
2024-01-09 23:22:13+00:00,ENY4071,27.492416381835938,-97.12245725235846,11277.6,15.843082117687011,237.43248690420955
2024-01-09 23:22:14+00:00,ENY4071,27.494403386520126,-97.121834388146,11277.6,15.843082117687011,237.43248690420955
2024-01-09 23:22:15+00:00,ENY4071,27.49644470214844,-97.12116169479656,11277.6,15.843082117687011,237.43248690420955
2024-01-09 23:22:16+00:00,ENY4071,27.49849998344809,-97.12051391601562,11277.6,15.843082117687011,237.43248690420955
2024-01-09 23:22:17+00:00,ENY4071,27.501013804290253,-97.11972163273737,11277.6,15.843082117687011,237.43248690420955
2024-01-09 23:22:18+00:00,ENY4071,27.50194484904661,-97.11940471942609,11277.6,15.843082117687011,237.43248690420955
2024-01-09 23:22:19+00:00,ENY4071,27.505110401218214,-97.11840116060694,11277.6,15.843082117687011,237.43248690420955
2024-01-09 23:22:20+00:00,ENY4071,27.50594834149894,-97.1181370661809,11277.6,15.843082117687011,237.43248690420955
2024-01-09 23:22:21+00:00,ENY4071,27.507339477539062,-97.11768960053064,11277.6,15.843082117687011,237.43248690420955
2024-01-09 23:22:22+00:00,ENY4071,27.51132202148437,-97.1164458652712,11277.6,15.80926124884209,237.92743016478687
2024-01-09 23:22:23+00:00,ENY4071,27.51210021972656,-97.11618675375884,11277.6,15.80926124884209,237.92743016478687
2024-01-09 23:22:24+00:00,ENY4071,27.514617919921875,-97.11540941922168,11277.6,15.80926124884209,237.92743016478687
2024-01-09 23:22:25+00:00,ENY4071,27.51622009277344,-97.11489119619694,11277.6,15.80926124884209,237.92743016478687
2024-01-09 23:22:27+00:00,ENY4071,27.520798505362816,-97.1134361853966,11277.6,15.80926124884209,237.92743016478687
2024-01-09 23:22:28+00:00,ENY4071,27.522857666015625,-97.1127664817954,11277.6,15.80926124884209,237.92743016478687
2024-01-09 23:22:29+00:00,ENY4071,27.52489510229078,-97.11211571326623,11277.6,15.80926124884209,237.92743016478687
2024-01-09 23:22:30+00:00,ENY4071,27.527801513671875,-97.11121181272108,11277.6,15.80926124884209,237.92743016478687
2024-01-09 23:22:31+00:00,ENY4071,27.52862548828125,-97.1109527012087,11277.6,15.80926124884209,237.92743016478687
2024-01-09 23:22:32+00:00,ENY4071,27.53085378873146,-97.11026705228365,11277.6,15.80926124884209,237.92743016478687
2024-01-09 23:22:33+00:00,ENY4071,27.533972788665253,-97.10926349346454,11277.6,15.80926124884209,237.92743016478687
2024-01-09 23:22:34+00:00,ENY4071,27.53481072894597,-97.10899939903844,11277.6,15.80926124884209,237.92743016478687
2024-01-09 23:22:35+00:00,ENY4071,27.53727799755032,-97.1082071157602,11277.6,15.9283891399165,238.0680976947372
2024-01-09 23:22:36+00:00,ENY4071,27.53974526615466,-97.10741483248194,11277.6,15.9283891399165,238.0680976947372
2024-01-09 23:22:37+00:00,ENY4071,27.54180908203125,-97.10675509470816,11277.6,15.9283891399165,238.0680976947372
2024-01-09 23:22:38+00:00,ENY4071,27.54388841532044,-97.10609436035156,11277.6,15.9283891399165,238.0680976947372
2024-01-09 23:22:39+00:00,ENY4071,27.545928955078125,-97.10540771484376,11277.6,15.9283891399165,238.0680976947372
2024-01-09 23:22:40+00:00,ENY4071,27.548031564486227,-97.10477388822112,11277.6,15.894481418311676,238.56283162418893
2024-01-09 23:22:41+00:00,ENY4071,27.549753997285485,-97.10419288048377,11277.6,15.894481418311676,238.56283162418893
2024-01-09 23:22:42+00:00,ENY4071,27.55091857910156,-97.10385304576944,11277.6,15.894481418311676,238.56283162418893
2024-01-09 23:22:43+00:00,ENY4071,27.553804041975635,-97.1029252272386,11277.6,15.894481418311676,238.56283162418893
2024-01-09 23:22:44+00:00,ENY4071,27.555953979492188,-97.10224655439264,11277.6,15.894481418311676,238.56283162418893
2024-01-09 23:22:45+00:00,ENY4071,27.55808684785487,-97.10155193622296,11277.6,15.894481418311676,238.56283162418893
2024-01-09 23:22:46+00:00,ENY4071,27.559158325195312,-97.10121010834314,11277.6,15.775580809799091,238.4224559838685
2024-01-09 23:22:50+00:00,ENY4071,27.569137573242188,-97.0980489478921,11277.6,15.775580809799091,238.4224559838685
2024-01-09 23:22:51+00:00,ENY4071,27.57033008640095,-97.09769615760216,11277.6,15.775580809799091,238.4224559838685
2024-01-09 23:22:52+00:00,ENY4071,27.571168026681672,-97.09743206317609,11277.6,15.775580809799091,238.4224559838685
2024-01-09 23:22:53+00:00,ENY4071,27.574859619140625,-97.0962351673054,11277.6,15.775580809799091,238.4224559838685
2024-01-09 23:22:54+00:00,ENY4071,27.57568359375,-97.09597605579302,11277.6,15.775580809799091,238.4224559838685
2024-01-09 23:22:56+00:00,ENY4071,27.580245713056144,-97.0945270244892,11277.6,15.775580809799091,238.4224559838685
2024-01-09 23:22:57+00:00,ENY4071,27.58314514160156,-97.0935922298791,11277.6,15.775580809799091,238.4224559838685
2024-01-09 23:22:58+00:00,ENY4071,27.58531990697828,-97.09288963904748,11277.6,15.894481418311676,238.56283162418893
2024-01-09 23:22:59+00:00,ENY4071,27.586995787539724,-97.09236145019533,11277.6,15.894481418311676,238.56283162418893
2024-01-09 23:23:00+00:00,ENY4071,27.589096069335938,-97.09172662698997,11277.6,15.894481418311676,238.56283162418893
2024-01-09 23:23:01+00:00,ENY4071,27.591384887695312,-97.09094929245282,11277.6,15.894481418311676,238.56283162418893
2024-01-09 23:23:02+00:00,ENY4071,27.593032836914062,-97.09043106942806,11277.6,15.894481418311676,238.56283162418893
2024-01-09 23:23:03+00:00,ENY4071,27.595235533633478,-97.08972050593452,11277.6,15.894481418311676,238.56283162418893
2024-01-09 23:23:04+00:00,ENY4071,27.59756314552436,-97.08898104154144,11277.6,15.894481418311676,238.56283162418893
2024-01-09 23:23:05+00:00,ENY4071,27.59928557832362,-97.08845285268929,11277.6,15.894481418311676,238.56283162418893
2024-01-09 23:23:06+00:00,ENY4071,27.601318359375,-97.08778813200178,11277.6,15.894481418311676,238.56283162418893
2024-01-09 23:23:07+00:00,ENY4071,27.603790283203125,-97.0870107974646,11277.6,15.894481418311676,238.56283162418893
2024-01-09 23:23:08+00:00,ENY4071,27.60557556152344,-97.08644075213738,11277.6,15.894481418311676,238.56283162418893
2024-01-09 23:23:09+00:00,ENY4071,27.60626220703125,-97.086181640625,11277.6,15.894481418311676,238.56283162418893
2024-01-09 23:23:10+00:00,ENY4071,27.60955810546875,-97.08514519457547,11277.6,15.894481418311676,238.56283162418893
2024-01-09 23:23:11+00:00,ENY4071,27.6112060546875,-97.08462697155068,11277.6,15.894481418311676,238.56283162418893
2024-01-09 23:23:12+00:00,ENY4071,27.614547729492188,-97.08359052550117,11277.6,15.894481418311676,238.56283162418893
2024-01-09 23:23:13+00:00,ENY4071,27.61660301079184,-97.08290686974158,11277.6,15.894481418311676,238.56283162418893
2024-01-09 23:23:14+00:00,ENY4071,27.617843627929688,-97.08250225714914,11277.6,15.894481418311676,238.56283162418893
2024-01-09 23:23:15+00:00,ENY4071,27.620746159957623,-97.08158639761116,11277.6,15.894481418311676,238.56283162418893
2024-01-09 23:23:16+00:00,ENY4071,27.62196350097656,-97.08120669958726,11277.6,15.894481418311676,238.56283162418893
2024-01-09 23:23:17+00:00,ENY4071,27.62405136884269,-97.08053001990686,11277.6,15.894481418311676,238.56283162418893
2024-01-09 23:23:18+00:00,ENY4071,27.626129150390625,-97.07985931972286,11277.6,15.894481418311676,238.56283162418893
2024-01-09 23:23:19+00:00,ENY4071,27.627356577727756,-97.07947364220252,11277.6,15.860714053754958,239.05764875939357
2024-01-09 23:23:20+00:00,ENY4071,27.630661786612816,-97.07841726449816,11277.6,15.860714053754958,239.05764875939357
2024-01-09 23:23:21+00:00,ENY4071,27.63154627913136,-97.07815317007208,11277.6,15.979248647065177,239.19875804610533
2024-01-09 23:23:22+00:00,ENY4071,27.63485148801642,-97.07704397348256,11277.6,15.979248647065177,239.19875804610533
2024-01-09 23:23:23+00:00,ENY4071,27.636886596679688,-97.07643904775944,11277.6,15.979248647065177,239.19875804610533
2024-01-09 23:23:24+00:00,ENY4071,27.63853454589844,-97.07586900243216,11277.6,15.979248647065177,239.19875804610533
2024-01-09 23:23:25+00:00,ENY4071,27.641098022460938,-97.07503984559258,11277.6,15.979248647065177,239.19875804610533
2024-01-09 23:23:26+00:00,ENY4071,27.64309123411017,-97.07440302922174,11277.6,15.979248647065177,239.19875804610533
2024-01-09 23:23:27+00:00,ENY4071,27.645172119140625,-97.07374428803064,11277.6,15.979248647065177,239.19875804610533
2024-01-09 23:23:28+00:00,ENY4071,27.64686584472656,-97.07322606500588,11277.6,15.860714053754958,239.05764875939357
2024-01-09 23:23:29+00:00,ENY4071,27.648910263837397,-97.0725543682392,11277.6,15.860714053754958,239.05764875939357
2024-01-09 23:23:30+00:00,ENY4071,27.65098571777344,-97.07187868514148,11277.6,15.860714053754958,239.05764875939357
2024-01-09 23:23:31+00:00,ENY4071,27.653891353283896,-97.07096980168268,11277.6,15.860714053754958,239.05764875939357
2024-01-09 23:23:32+00:00,ENY4071,27.6551513671875,-97.0705831275796,11277.6,15.860714053754958,239.05764875939357
2024-01-09 23:23:33+00:00,ENY4071,27.65724311440678,-97.06991342397832,11277.6,15.860714053754958,239.05764875939357
2024-01-09 23:23:34+00:00,ENY4071,27.65931701660156,-97.0692357477152,11277.6,15.860714053754958,239.05764875939357
2024-01-09 23:23:35+00:00,ENY4071,27.661572472523837,-97.06854013296272,11277.6,15.860714053754958,239.05764875939357
2024-01-09 23:23:36+00:00,ENY4071,27.66343688964844,-97.06794019015332,11277.6,15.860714053754958,239.05764875939357
2024-01-09 23:23:37+00:00,ENY4071,27.664691472457623,-97.06753657414362,11277.6,15.860714053754958,239.05764875939357
2024-01-09 23:23:38+00:00,ENY4071,27.667158741061968,-97.06674429086536,11277.6,15.860714053754958,239.05764875939357
2024-01-09 23:23:39+00:00,ENY4071,27.670074462890625,-97.06581547575178,11277.6,15.860714053754958,239.05764875939357
2024-01-09 23:23:40+00:00,ENY4071,27.671951293945312,-97.06524543042453,11277.6,15.860714053754958,239.05764875939357
2024-01-09 23:23:41+00:00,ENY4071,27.674001920021187,-97.06457871657152,11277.6,15.860714053754958,239.05764875939357
2024-01-09 23:23:42+00:00,ENY4071,27.676071166992188,-97.06389805056013,11277.6,15.860714053754958,239.05764875939357
2024-01-09 23:23:43+00:00,ENY4071,27.67835998535156,-97.06317253832547,11277.6,15.742039950870888,238.91756384828253
2024-01-09 23:23:44+00:00,ENY4071,27.679183959960938,-97.06291342681304,11277.6,15.860714053754958,239.05764875939357
2024-01-09 23:23:45+00:00,ENY4071,27.682525634765625,-97.06187698076354,11277.6,15.860714053754958,239.05764875939357
2024-01-09 23:23:46+00:00,ENY4071,27.684402465820312,-97.06125511313384,11277.6,15.860714053754958,239.05764875939357
2024-01-09 23:23:47+00:00,ENY4071,27.686245158567267,-97.06067011906548,11277.6,15.860714053754958,239.05764875939357
2024-01-09 23:23:48+00:00,ENY4071,27.68829345703125,-97.0600113778744,11277.6,15.860714053754958,239.05764875939357
2024-01-09 23:23:49+00:00,ENY4071,27.69038830773305,-97.05934964693506,11277.6,15.860714053754958,239.05764875939357
2024-01-09 23:23:50+00:00,ENY4071,27.692642211914062,-97.05861217570754,11277.6,15.894481418311676,238.56283162418893
2024-01-09 23:23:51+00:00,ENY4071,27.69493103027344,-97.05788666347286,11277.6,15.894481418311676,238.56283162418893
2024-01-09 23:23:52+00:00,ENY4071,27.696160785222457,-97.05750098595252,11277.6,15.894481418311676,238.56283162418893
2024-01-09 23:23:53+00:00,ENY4071,27.6983642578125,-97.05679839512084,11277.6,16.01324167088571,238.7042334207351
2024-01-09 23:23:54+00:00,ENY4071,27.701568603515625,-97.05576194907133,11277.6,16.01324167088571,238.7042334207351
2024-01-09 23:23:55+00:00,ENY4071,27.70234680175781,-97.05550283755896,11277.6,15.894481418311676,238.56283162418893
2024-01-09 23:23:56+00:00,ENY4071,27.70458674026748,-97.05480722280646,11277.6,15.894481418311676,238.56283162418893
2024-01-09 23:23:57+00:00,ENY4071,27.70733642578125,-97.05389634618216,11277.6,15.894481418311676,238.56283162418893
2024-01-09 23:23:58+00:00,ENY4071,27.70938162076271,-97.05322265625,11277.6,15.894481418311676,238.56283162418893
2024-01-09 23:23:59+00:00,ENY4071,27.711593627929688,-97.05254896631776,11277.6,15.894481418311676,238.56283162418893
2024-01-09 23:24:00+00:00,ENY4071,27.71352476992849,-97.05190218411956,11277.6,15.894481418311676,238.56283162418893
2024-01-09 23:24:01+00:00,ENY4071,27.715386859441207,-97.0513211763822,11277.6,15.894481418311676,238.56283162418893
2024-01-09 23:24:02+00:00,ENY4071,27.717269897460938,-97.05073518573111,11277.6,15.894481418311676,238.56283162418893
2024-01-09 23:24:03+00:00,ENY4071,27.719297247417902,-97.05005352313702,11277.6,15.894481418311676,238.56283162418893
2024-01-09 23:24:04+00:00,ENY4071,27.72138977050781,-97.04938780586671,11277.6,15.894481418311676,238.56283162418893
2024-01-09 23:24:05+00:00,ENY4071,27.723440396583687,-97.0487330510066,11277.6,15.894481418311676,238.56283162418893
2024-01-09 23:24:06+00:00,ENY4071,27.725509643554688,-97.04809224830484,11277.6,15.9283891399165,238.0680976947372
2024-01-09 23:24:07+00:00,ENY4071,27.72781630693856,-97.04735975999095,11277.6,15.9283891399165,238.0680976947372
2024-01-09 23:24:08+00:00,ENY4071,27.729812622070312,-97.046693046138,11277.6,15.9283891399165,238.0680976947372
2024-01-09 23:24:09+00:00,ENY4071,27.73088875463453,-97.04635620117188,11277.6,15.9283891399165,238.0680976947372
2024-01-09 23:24:10+00:00,ENY4071,27.73374938964844,-97.04544931087857,11277.6,15.80926124884209,237.92743016478687
2024-01-09 23:24:11+00:00,ENY4071,27.73666123212394,-97.04450754018929,11277.6,15.80926124884209,237.92743016478687
2024-01-09 23:24:12+00:00,ENY4071,27.7379150390625,-97.0441537533166,11277.6,15.80926124884209,237.92743016478687
2024-01-09 23:24:13+00:00,ENY4071,27.739966441009003,-97.04345116248498,11277.6,15.80926124884209,237.92743016478687
2024-01-09 23:24:14+00:00,ENY4071,27.742433709613348,-97.04271169809192,11277.6,15.80926124884209,237.92743016478687
2024-01-09 23:24:15+00:00,ENY4071,27.744644165039062,-97.04197721661262,11277.6,15.80926124884209,237.92743016478687
2024-01-09 23:24:16+00:00,ENY4071,27.74657685877913,-97.04139122596156,11277.6,15.80926124884209,237.92743016478687
2024-01-09 23:24:17+00:00,ENY4071,27.747802734375,-97.04099259286556,11277.6,15.80926124884209,237.92743016478687
2024-01-09 23:24:18+00:00,ENY4071,27.750859664658368,-97.04001793494592,11277.6,15.80926124884209,237.92743016478687
2024-01-09 23:24:19+00:00,ENY4071,27.75274658203125,-97.0393861014888,11277.6,15.80926124884209,237.92743016478687
2024-01-09 23:24:20+00:00,ENY4071,27.75439453125,-97.03886787846405,11277.6,15.80926124884209,237.92743016478687
2024-01-09 23:24:21+00:00,ENY4071,27.75658558990996,-97.03816927396332,11277.6,15.80926124884209,237.92743016478687
2024-01-09 23:24:22+00:00,ENY4071,27.75874328613281,-97.03752049859963,11277.6,15.80926124884209,237.92743016478687
2024-01-09 23:24:23+00:00,ENY4071,27.76072873907574,-97.03684880183296,11277.6,15.80926124884209,237.92743016478687
2024-01-09 23:24:24+00:00,ENY4071,27.76263427734375,-97.0362767633402,11277.6,15.80926124884209,237.92743016478687
2024-01-09 23:24:25+00:00,ENY4071,27.76389429124735,-97.0358452430138,11277.6,15.80926124884209,237.92743016478687
2024-01-09 23:24:26+00:00,ENY4071,27.766754150390625,-97.0349293834758,11277.6,15.80926124884209,237.92743016478687
2024-01-09 23:24:27+00:00,ENY4071,27.76882882845604,-97.03426067645734,11277.6,15.80926124884209,237.92743016478687
2024-01-09 23:24:28+00:00,ENY4071,27.77129609706038,-97.03346839317908,11277.6,15.80926124884209,237.92743016478687
2024-01-09 23:24:29+00:00,ENY4071,27.772971977621825,-97.0329402043269,11277.6,15.80926124884209,237.92743016478687
2024-01-09 23:24:30+00:00,ENY4071,27.77503967285156,-97.03228644604953,11277.6,15.775580809799091,238.4224559838685
2024-01-09 23:24:31+00:00,ENY4071,27.777068574549787,-97.03167255108173,11277.6,15.775580809799091,238.4224559838685
2024-01-09 23:24:32+00:00,ENY4071,27.7789306640625,-97.03103872445912,11277.6,15.775580809799091,238.4224559838685
2024-01-09 23:24:33+00:00,ENY4071,27.78204966399629,-97.0300879845252,11277.6,15.775580809799091,238.4224559838685
2024-01-09 23:24:34+00:00,ENY4071,27.784103393554688,-97.02938439711085,11277.6,15.775580809799091,238.4224559838685
2024-01-09 23:24:35+00:00,ENY4071,27.78535487288136,-97.02903160682092,11277.6,15.775580809799091,238.4224559838685
2024-01-09 23:24:36+00:00,ENY4071,27.78826904296875,-97.0280888395489,11277.6,15.775580809799091,238.4224559838685
2024-01-09 23:24:37+00:00,ENY4071,27.789498022047137,-97.02771113469048,11277.6,15.775580809799091,238.4224559838685
2024-01-09 23:24:38+00:00,ENY4071,27.79156494140625,-97.0270523934994,11277.6,15.775580809799091,238.4224559838685
2024-01-09 23:24:39+00:00,ENY4071,27.793594618975103,-97.02639066256006,11277.6,15.775580809799091,238.4224559838685
2024-01-09 23:24:40+00:00,ENY4071,27.795867919921875,-97.02565319133254,11277.6,15.775580809799091,238.4224559838685
2024-01-09 23:24:41+00:00,ENY4071,27.79815673828125,-97.02492767909786,11277.6,15.775580809799091,238.4224559838685
2024-01-09 23:24:42+00:00,ENY4071,27.80025158898305,-97.02427790715144,11277.6,15.775580809799091,238.4224559838685
2024-01-09 23:24:43+00:00,ENY4071,27.802459716796875,-97.02358029923346,11277.6,15.742039950870888,238.91756384828253
2024-01-09 23:24:44+00:00,ENY4071,27.804394738148837,-97.022957435021,11277.6,15.742039950870888,238.91756384828253
2024-01-09 23:24:45+00:00,ENY4071,27.806442260742188,-97.02228474167156,11277.6,15.742039950870888,238.91756384828253
2024-01-09 23:24:46+00:00,ENY4071,27.808537887314618,-97.02163696289062,11277.6,15.742039950870888,238.91756384828253
2024-01-09 23:24:47+00:00,ENY4071,27.81060791015625,-97.02098918410968,11277.6,15.742039950870888,238.91756384828253
2024-01-09 23:24:48+00:00,ENY4071,27.8126810364804,-97.0203164907602,11277.6,15.742039950870888,238.91756384828253
2024-01-09 23:24:49+00:00,ENY4071,27.814496573755296,-97.01973548302284,11277.6,15.860714053754958,239.05764875939357
2024-01-09 23:24:50+00:00,ENY4071,27.816824185646187,-97.01899601862982,11277.6,15.860714053754958,239.05764875939357
2024-01-09 23:24:51+00:00,ENY4071,27.819076538085938,-97.01829442438088,11277.6,15.860714053754958,239.05764875939357
2024-01-09 23:24:52+00:00,ENY4071,27.82012939453125,-97.01793964092548,11277.6,15.860714053754958,239.05764875939357
2024-01-09 23:24:53+00:00,ENY4071,27.82259666313559,-97.01714735764722,11277.6,15.860714053754958,239.05764875939357
2024-01-09 23:24:54+00:00,ENY4071,27.82470703125,-97.01648064379424,11277.6,15.82708619987119,239.5525485847443
2024-01-09 23:24:55+00:00,ENY4071,27.826739812301376,-97.01582688551684,11277.6,15.82708619987119,239.5525485847443
2024-01-09 23:24:56+00:00,ENY4071,27.828826904296875,-97.0151850862323,11277.6,15.82708619987119,239.5525485847443
2024-01-09 23:24:57+00:00,ENY4071,27.831767453985695,-97.01424231896031,11277.6,15.82708619987119,239.5525485847443
2024-01-09 23:24:58+00:00,ENY4071,27.83339678230932,-97.01371413010816,11277.6,15.82708619987119,239.5525485847443
2024-01-09 23:24:59+00:00,ENY4071,27.835910603151483,-97.0129218468299,11277.6,15.82708619987119,239.5525485847443
2024-01-09 23:25:00+00:00,ENY4071,27.83758648371292,-97.01239365797778,11277.6,15.82708619987119,239.5525485847443
2024-01-09 23:25:01+00:00,ENY4071,27.839630126953125,-97.01171299196636,11277.6,15.82708619987119,239.5525485847443
2024-01-09 23:25:02+00:00,ENY4071,27.841729632878707,-97.01107318584737,11277.6,15.82708619987119,239.5525485847443
2024-01-09 23:25:03+00:00,ENY4071,27.843795776367188,-97.01041743440447,11277.6,15.82708619987119,239.5525485847443
2024-01-09 23:25:04+00:00,ENY4071,27.84587278204449,-97.00975271371692,11277.6,15.945395900922854,239.69336652038567
2024-01-09 23:25:05+00:00,ENY4071,27.84796142578125,-97.00907005454008,11277.6,15.945395900922854,239.69336652038567
2024-01-09 23:25:06+00:00,ENY4071,27.849177990929554,-97.00869633601263,11277.6,15.945395900922854,239.69336652038567
2024-01-09 23:25:07+00:00,ENY4071,27.85125732421875,-97.00798178618804,11277.6,15.945395900922854,239.69336652038567
2024-01-09 23:25:08+00:00,ENY4071,27.854159080376057,-97.00705895057092,11277.6,15.945395900922854,239.69336652038567
2024-01-09 23:25:09+00:00,ENY4071,27.856246948242188,-97.0064271171138,11277.6,15.945395900922854,239.69336652038567
2024-01-09 23:25:10+00:00,ENY4071,27.858123779296875,-97.00580524948408,11277.6,15.945395900922854,239.69336652038567
2024-01-09 23:25:11+00:00,ENY4071,27.85997811010328,-97.00521028958832,11277.6,15.945395900922854,239.69336652038567
2024-01-09 23:25:12+00:00,ENY4071,27.862060546875,-97.00456151422463,11277.6,15.945395900922854,239.69336652038567
2024-01-09 23:25:13+00:00,ENY4071,27.864578247070312,-97.003732357385,11277.6,15.945395900922854,239.69336652038567
2024-01-09 23:25:14+00:00,ENY4071,27.866226196289062,-97.00321413436023,11277.6,15.945395900922854,239.69336652038567
2024-01-09 23:25:15+00:00,ENY4071,27.868698120117188,-97.0024367998231,11277.6,15.945395900922854,239.69336652038567
2024-01-09 23:25:16+00:00,ENY4071,27.870574951171875,-97.00181493219338,11269.98,15.945395900922854,239.69336652038567
2024-01-09 23:25:17+00:00,ENY4071,27.87286376953125,-97.0010894199587,11269.98,15.945395900922854,239.69336652038567
2024-01-09 23:25:18+00:00,ENY4071,27.874129990399894,-97.00066786545972,11262.36,15.82708619987119,239.5525485847443
2024-01-09 23:25:19+00:00,ENY4071,27.877166748046875,-96.99969021779184,11254.74,15.79359701687997,240.04753058880084
2024-01-09 23:25:20+00:00,ENY4071,27.8791110798464,-96.99908329890326,11254.74,15.79359701687997,240.04753058880084
2024-01-09 23:25:21+00:00,ENY4071,27.88119506835937,-96.99844648253242,11247.12,15.79359701687997,240.04753058880084
2024-01-09 23:25:22+00:00,ENY4071,27.883026123046875,-96.9978246149027,11247.12,15.79359701687997,240.04753058880084
2024-01-09 23:25:23+00:00,ENY4071,27.88493010957362,-96.99723463792066,11239.5,15.79359701687997,240.04753058880084
2024-01-09 23:25:24+00:00,ENY4071,27.887397378177965,-96.9964423546424,11239.5,15.79359701687997,240.04753058880084
2024-01-09 23:25:25+00:00,ENY4071,27.889480590820312,-96.99575172280362,11231.88,15.82708619987119,239.5525485847443
2024-01-09 23:25:26+00:00,ENY4071,27.89158707958157,-96.99512188251202,11231.88,15.82708619987119,239.5525485847443
2024-01-09 23:25:27+00:00,ENY4071,27.89344916909428,-96.9944880558894,11224.26,15.945395900922854,239.69336652038567
2024-01-09 23:25:28+00:00,ENY4071,27.895523071289062,-96.993834297612,11216.64,15.945395900922854,239.69336652038567
2024-01-09 23:25:29+00:00,ENY4071,27.89763887049788,-96.99316758375905,11216.64,15.945395900922854,239.69336652038567
2024-01-09 23:25:30+00:00,ENY4071,27.89987337791313,-96.99242811936595,11209.02,15.945395900922854,239.69336652038567
2024-01-09 23:25:31+00:00,ENY4071,27.9019775390625,-96.991761405513,11209.02,15.945395900922854,239.69336652038567
2024-01-09 23:25:32+00:00,ENY4071,27.90401652707892,-96.9911076472356,11201.4,15.945395900922854,239.69336652038567
2024-01-09 23:25:33+00:00,ENY4071,27.90504067631091,-96.99079073392426,11201.4,15.945395900922854,239.69336652038567
2024-01-09 23:25:34+00:00,ENY4071,27.90692138671875,-96.9901549141362,11193.78,15.945395900922854,239.69336652038567
2024-01-09 23:25:39+00:00,ENY4071,27.918731689453125,-96.9863718860554,11170.92,15.979248647065177,239.19875804610533
2024-01-09 23:25:40+00:00,ENY4071,27.919937392412606,-96.98598421536956,11163.3,15.979248647065177,239.19875804610533
2024-01-09 23:25:41+00:00,ENY4071,27.923102944584212,-96.98498065655048,11163.3,15.979248647065177,239.19875804610533
2024-01-09 23:25:42+00:00,ENY4071,27.923940884864937,-96.9847165621244,11155.68,15.860714053754958,239.05764875939357
2024-01-09 23:25:43+00:00,ENY4071,27.926193237304688,-96.98398806014148,11155.68,15.860714053754958,239.05764875939357
2024-01-09 23:25:44+00:00,ENY4071,27.92892197431144,-96.98313199556787,11148.06,15.860714053754958,239.05764875939357
2024-01-09 23:25:45+00:00,ENY4071,27.93099975585937,-96.98243339106722,11140.44,15.860714053754958,239.05764875939357
2024-01-09 23:25:46+00:00,ENY4071,27.931961059570312,-96.98212245725232,11140.44,15.860714053754958,239.05764875939357
2024-01-09 23:25:47+00:00,ENY4071,27.93511962890625,-96.98113783350529,11132.82,15.860714053754958,239.05764875939357
2024-01-09 23:25:48+00:00,ENY4071,27.936996459960938,-96.98051596587555,11125.2,15.860714053754958,239.05764875939357
2024-01-09 23:25:49+00:00,ENY4071,27.939285278320312,-96.97980440579929,11125.2,15.860714053754958,239.05764875939357
2024-01-09 23:25:50+00:00,ENY4071,27.94135142180879,-96.97917265050552,11117.58,15.894481418311676,238.56283162418893
2024-01-09 23:25:51+00:00,ENY4071,27.943166959083687,-96.97858025045956,11109.96,15.894481418311676,238.56283162418893
2024-01-09 23:25:52+00:00,ENY4071,27.94549457097457,-96.9778262867647,11109.96,15.894481418311676,238.56283162418893
2024-01-09 23:25:53+00:00,ENY4071,27.947525024414062,-96.97716346153844,11102.34,15.894481418311676,238.56283162418893
2024-01-09 23:25:54+00:00,ENY4071,27.94935607910156,-96.97658245380109,11102.34,15.894481418311676,238.56283162418893
2024-01-09 23:25:55+00:00,ENY4071,27.951690673828125,-96.97584298940802,11094.72,15.894481418311676,238.56283162418893
2024-01-09 23:25:56+00:00,ENY4071,27.95347595214844,-96.97526198167066,11094.72,15.894481418311676,238.56283162418893
2024-01-09 23:25:57+00:00,ENY4071,27.955410197629767,-96.97464886833644,11087.1,15.894481418311676,238.56283162418893
2024-01-09 23:25:58+00:00,ENY4071,27.95638779462394,-96.97432574103864,11087.1,15.894481418311676,238.56283162418893
2024-01-09 23:25:59+00:00,ENY4071,27.959506794557733,-96.9733025045956,11079.48,15.894481418311676,238.56283162418893
2024-01-09 23:26:00+00:00,ENY4071,27.961715698242188,-96.97262103740984,11071.86,15.894481418311676,238.56283162418893
2024-01-09 23:26:01+00:00,ENY4071,27.96364994372352,-96.9719561408548,11071.86,15.9283891399165,238.0680976947372
2024-01-09 23:26:02+00:00,ENY4071,27.96592712402344,-96.97124774639424,11064.24,15.9283891399165,238.0680976947372
2024-01-09 23:26:03+00:00,ENY4071,27.9677930928893,-96.97066363166364,11056.62,15.9283891399165,238.0680976947372
2024-01-09 23:26:04+00:00,ENY4071,27.970260361493644,-96.96985581341914,11056.62,15.9283891399165,238.0680976947372
2024-01-09 23:26:05+00:00,ENY4071,27.972075898768537,-96.96926341337314,11049.0,15.9283891399165,238.0680976947372
2024-01-09 23:26:06+00:00,ENY4071,27.97398376464844,-96.96865962101862,11049.0,15.9283891399165,238.0680976947372
2024-01-09 23:26:07+00:00,ENY4071,27.976265600172137,-96.96791704963238,11041.38,15.9283891399165,238.0680976947372
2024-01-09 23:26:08+00:00,ENY4071,27.978500107587397,-96.96721694048716,11033.76,15.9283891399165,238.0680976947372
2024-01-09 23:26:09+00:00,ENY4071,27.98096737619173,-96.96640912224268,11033.76,15.80926124884209,237.92743016478687
2024-01-09 23:26:10+00:00,ENY4071,27.98194497318591,-96.96608599494488,11026.14,15.80926124884209,237.92743016478687
2024-01-09 23:26:11+00:00,ENY4071,27.983871459960938,-96.96549048790564,11026.14,15.80926124884209,237.92743016478687
2024-01-09 23:26:12+00:00,ENY4071,27.98608812235169,-96.96479348575366,11018.52,15.80926124884209,237.92743016478687
2024-01-09 23:26:17+00:00,ENY4071,27.99581754005561,-96.961669921875,10995.66,15.80926124884209,237.92743016478687
2024-01-09 23:26:18+00:00,ENY4071,27.997879028320312,-96.96100088266223,10995.66,15.80926124884209,237.92743016478687
2024-01-09 23:26:19+00:00,ENY4071,28.00117492675781,-96.95994450495796,10988.04,15.843082117687011,237.43248690420955
2024-01-09 23:26:20+00:00,ENY4071,28.003005981445312,-96.95936349722052,10980.42,15.843082117687011,237.43248690420955
2024-01-09 23:26:21+00:00,ENY4071,28.004895226430083,-96.95876177619488,10980.42,15.843082117687011,237.43248690420955
2024-01-09 23:26:22+00:00,ENY4071,28.007362495034428,-96.9580078125,10972.8,15.843082117687011,237.43248690420955
2024-01-09 23:26:23+00:00,ENY4071,28.00941467285156,-96.95730356069708,10965.18,15.843082117687011,237.43248690420955
2024-01-09 23:26:24+00:00,ENY4071,28.011459091962397,-96.95666144875918,10965.18,15.843082117687011,237.43248690420955
2024-01-09 23:26:25+00:00,ENY4071,28.013134972523837,-96.9561229032629,10957.56,15.962438071602032,237.5734474908529
2024-01-09 23:26:26+00:00,ENY4071,28.015182495117188,-96.95545489971454,10957.56,15.962438071602032,237.5734474908529
2024-01-09 23:26:28+00:00,ENY4071,28.02012634277344,-96.95387033315802,10942.32,15.962438071602032,237.5734474908529
2024-01-09 23:26:29+00:00,ENY4071,28.021374718617583,-96.95348403033093,10942.32,15.962438071602032,237.5734474908529
2024-01-09 23:26:30+00:00,ENY4071,28.023422241210938,-96.95281395545372,10934.7,15.843082117687011,237.43248690420955
2024-01-09 23:26:31+00:00,ENY4071,28.02547131554555,-96.9521915211397,10934.7,15.877044272729828,236.9376267195103
2024-01-09 23:26:32+00:00,ENY4071,28.02767944335937,-96.95144066443812,10927.08,15.877044272729828,236.9376267195103
2024-01-09 23:26:33+00:00,ENY4071,28.028549194335938,-96.95117657001202,10927.08,15.877044272729828,236.9376267195103
2024-01-09 23:26:34+00:00,ENY4071,28.030792236328125,-96.95043710561896,10919.46,15.877044272729828,236.9376267195103
2024-01-09 23:26:37+00:00,ENY4071,28.036969718286542,-96.94847555721508,10904.22,15.996629073121715,237.0788815366004
2024-01-09 23:26:38+00:00,ENY4071,28.038986206054688,-96.94779616135816,10904.22,15.996629073121715,237.0788815366004
2024-01-09 23:26:40+00:00,ENY4071,28.04310607910156,-96.94647568922778,10896.6,16.030963011013917,236.58440036033664
2024-01-09 23:26:41+00:00,ENY4071,28.046187061374468,-96.9455135569853,10888.98,16.030963011013917,236.58440036033664
2024-01-09 23:26:42+00:00,ENY4071,28.04736328125,-96.94510239821216,10881.36,16.065440758666725,236.090004494754
2024-01-09 23:26:43+00:00,ENY4071,28.050237106064618,-96.94416719324448,10881.36,16.065440758666725,236.090004494754
2024-01-09 23:26:44+00:00,ENY4071,28.051300048828125,-96.94383474496692,10873.74,15.945395900922854,235.9481576685047
2024-01-09 23:26:45+00:00,ENY4071,28.05455017089844,-96.94277836726263,10866.12,15.945395900922854,235.9481576685047
2024-01-09 23:26:46+00:00,ENY4071,28.05661476264565,-96.94212072035845,10866.12,15.945395900922854,235.9481576685047
2024-01-09 23:26:47+00:00,ENY4071,28.05759235963983,-96.94179759306064,10858.5,15.979787120990132,235.4535498583377
2024-01-09 23:26:49+00:00,ENY4071,28.06150274761652,-96.94055893841914,10850.88,15.979787120990132,235.4535498583377
2024-01-09 23:26:50+00:00,ENY4071,28.063522338867188,-96.93987332857569,10850.88,15.979787120990132,235.4535498583377
2024-01-09 23:26:51+00:00,ENY4071,28.065552792306672,-96.93921257467832,10843.26,15.979787120990132,235.4535498583377
2024-01-09 23:26:52+00:00,ENY4071,28.067596435546875,-96.93855285644533,10835.64,16.014323121221327,234.95902723641456
2024-01-09 23:26:53+00:00,ENY4071,28.070846557617188,-96.93754929762622,10835.64,16.014323121221327,234.95902723641456
2024-01-09 23:26:54+00:00,ENY4071,28.072908045881885,-96.93684297449448,10828.02,15.893669361097214,234.81762427460396
2024-01-09 23:26:55+00:00,ENY4071,28.074630478681144,-96.93630442899814,10820.4,15.893669361097214,234.81762427460396
2024-01-09 23:26:56+00:00,ENY4071,28.076568603515625,-96.93570063664362,10820.4,15.893669361097214,234.81762427460396
2024-01-09 23:26:57+00:00,ENY4071,28.07858741889565,-96.93501191980698,10812.78,15.92811731896381,234.322889010478
2024-01-09 23:26:58+00:00,ENY4071,28.080825805664062,-96.934327345628,10805.16,15.92811731896381,234.322889010478
2024-01-09 23:26:59+00:00,ENY4071,28.08306884765625,-96.93358788123498,10805.16,15.92811731896381,234.322889010478
2024-01-09 23:27:00+00:00,ENY4071,28.08529094114142,-96.93291159237134,10797.54,15.92811731896381,234.322889010478
2024-01-09 23:27:01+00:00,ENY4071,28.086456298828125,-96.93253150353064,10797.54,15.92811731896381,234.322889010478
2024-01-09 23:27:02+00:00,ENY4071,28.08831683659957,-96.93188835592832,10789.92,15.807084088687985,234.1822320535056
2024-01-09 23:27:03+00:00,ENY4071,28.09039306640625,-96.93126385028546,10789.92,15.807084088687985,234.1822320535056
2024-01-09 23:27:04+00:00,ENY4071,28.092553090240997,-96.9305419921875,10782.3,15.807084088687985,234.1822320535056
2024-01-09 23:27:05+00:00,ENY4071,28.09442138671875,-96.92994337815504,10774.68,15.841442378132966,233.68728411932884
2024-01-09 23:27:06+00:00,ENY4071,28.096023559570312,-96.92946800818812,10774.68,15.841442378132966,233.68728411932884
2024-01-09 23:27:07+00:00,ENY4071,28.098232463254767,-96.92876479204966,10767.06,15.841442378132966,233.68728411932884
2024-01-09 23:27:08+00:00,ENY4071,28.100326538085938,-96.92809471717248,10767.06,15.841442378132966,233.68728411932884
2024-01-09 23:27:09+00:00,ENY4071,28.102282507944917,-96.92747228285845,10759.44,15.841442378132966,233.68728411932884
2024-01-09 23:27:10+00:00,ENY4071,28.104171752929688,-96.9268798828125,10751.82,15.841442378132966,233.68728411932884
2024-01-09 23:27:11+00:00,ENY4071,28.10637910487288,-96.92612591911768,10751.82,15.841442378132966,233.68728411932884
2024-01-09 23:27:12+00:00,ENY4071,28.108200073242188,-96.92555941068208,10744.2,15.841442378132966,233.68728411932884
2024-01-09 23:27:13+00:00,ENY4071,28.11024294061176,-96.92494111902572,10744.2,15.807084088687985,234.1822320535056
2024-01-09 23:27:14+00:00,ENY4071,28.11266365697828,-96.92413330078124,10736.58,15.807084088687985,234.1822320535056
2024-01-09 23:27:15+00:00,ENY4071,28.114292985301905,-96.92364860983456,10736.58,15.807084088687985,234.1822320535056
2024-01-09 23:27:16+00:00,ENY4071,28.117551641949152,-96.92257151884188,10728.96,15.807084088687985,234.1822320535056
2024-01-09 23:27:17+00:00,ENY4071,28.119320626986227,-96.9220329733456,10721.34,15.807084088687985,234.1822320535056
2024-01-09 23:27:18+00:00,ENY4071,28.12120056152344,-96.92138671875,10721.34,15.807084088687985,234.1822320535056
2024-01-09 23:27:19+00:00,ENY4071,28.124068955243644,-96.92047119140624,10713.72,15.807084088687985,234.1822320535056
2024-01-09 23:27:20+00:00,ENY4071,28.125274658203125,-96.92011906550482,10713.72,15.92811731896381,234.322889010478
2024-01-09 23:27:21+00:00,ENY4071,28.12648967161017,-96.91971722771144,10706.1,15.92811731896381,234.322889010478
2024-01-09 23:27:22+00:00,ENY4071,28.12852478027344,-96.91906268780048,10698.48,15.92811731896381,234.322889010478
2024-01-09 23:27:23+00:00,ENY4071,28.13151731329449,-96.9181015912224,10698.48,15.92811731896381,234.322889010478
2024-01-09 23:27:24+00:00,ENY4071,28.132598876953125,-96.91774221567005,10690.86,15.92811731896381,234.322889010478
2024-01-09 23:27:25+00:00,ENY4071,28.135427701271187,-96.91686293658093,10683.24,15.92811731896381,234.322889010478
2024-01-09 23:27:26+00:00,ENY4071,28.136627197265625,-96.91647456242488,10683.24,15.92811731896381,234.322889010478
2024-01-09 23:27:27+00:00,ENY4071,28.138412475585938,-96.9158935546875,10683.24,15.92811731896381,234.322889010478
2024-01-09 23:27:28+00:00,ENY4071,28.14170837402344,-96.91483717698316,10668.0,15.92811731896381,234.322889010478
2024-01-09 23:27:29+00:00,ENY4071,28.14287605932203,-96.9144394818474,10668.0,15.92811731896381,234.322889010478
2024-01-09 23:27:30+00:00,ENY4071,28.14637756347656,-96.91330542931188,10660.38,15.92811731896381,234.322889010478
2024-01-09 23:27:31+00:00,ENY4071,28.14841577562235,-96.91266228170956,10660.38,15.92811731896381,234.322889010478
2024-01-09 23:27:32+00:00,ENY4071,28.15045166015625,-96.91198495718146,10652.76,15.92811731896381,234.322889010478
2024-01-09 23:27:33+00:00,ENY4071,28.1524658203125,-96.9113697725184,10645.14,15.893669361097214,234.81762427460396
2024-01-09 23:27:34+00:00,ENY4071,28.15409514863612,-96.91083122702209,10645.14,15.893669361097214,234.81762427460396
2024-01-09 23:27:35+00:00,ENY4071,28.15493308891684,-96.91056195427392,10637.52,15.893669361097214,234.81762427460396
2024-01-09 23:27:36+00:00,ENY4071,28.15704345703125,-96.90987220177284,10637.52,15.893669361097214,234.81762427460396
2024-01-09 23:27:37+00:00,ENY4071,28.160202026367188,-96.90886864295372,10629.9,16.014323121221327,234.95902723641456
2024-01-09 23:27:38+00:00,ENY4071,28.162241790254235,-96.90819235409008,10622.28,16.014323121221327,234.95902723641456
2024-01-09 23:27:39+00:00,ENY4071,28.16387111857786,-96.9077076631434,10622.28,16.014323121221327,234.95902723641456
2024-01-09 23:27:40+00:00,ENY4071,28.1663383871822,-96.90689984489892,10614.66,16.014323121221327,234.95902723641456
2024-01-09 23:27:41+00:00,ENY4071,28.16806081998146,-96.90630744485291,10614.66,16.014323121221327,234.95902723641456
2024-01-09 23:27:42+00:00,ENY4071,28.1700439453125,-96.90569950984076,10607.04,16.014323121221327,234.95902723641456
2024-01-09 23:27:43+00:00,ENY4071,28.17242431640625,-96.9049072265625,10599.42,15.979787120990132,235.4535498583377
2024-01-09 23:27:44+00:00,ENY4071,28.173248291015625,-96.9046431321364,10599.42,15.979787120990132,235.4535498583377
2024-01-09 23:27:45+00:00,ENY4071,28.176498413085938,-96.90358675443208,10591.8,15.979787120990132,235.4535498583377
2024-01-09 23:27:46+00:00,ENY4071,28.178192138671875,-96.9030585655799,10591.8,15.979787120990132,235.4535498583377
2024-01-09 23:27:47+00:00,ENY4071,28.18016440181409,-96.9024299172794,10584.18,15.979787120990132,235.4535498583377
2024-01-09 23:27:48+00:00,ENY4071,28.18304443359375,-96.90147399902344,10576.56,15.979787120990132,235.4535498583377
2024-01-09 23:27:49+00:00,ENY4071,28.1839599609375,-96.90120990459737,10576.56,15.945395900922854,235.9481576685047
2024-01-09 23:27:50+00:00,ENY4071,28.18509893902277,-96.90081428079044,10576.56,15.945395900922854,235.9481576685047
2024-01-09 23:27:51+00:00,ENY4071,28.1875196553893,-96.9000603170956,10568.94,15.945395900922854,235.9481576685047
2024-01-09 23:27:53+00:00,ENY4071,28.19254729707362,-96.89844468060664,10561.32,15.945395900922854,235.9481576685047
2024-01-09 23:27:54+00:00,ENY4071,28.194488525390625,-96.89777667705827,10553.7,15.945395900922854,235.9481576685047
2024-01-09 23:27:55+00:00,ENY4071,28.19691467285156,-96.89703721266528,10546.08,15.911148577139503,236.44285013230711
2024-01-09 23:27:56+00:00,ENY4071,28.19897150589248,-96.89634435317096,10546.08,15.911148577139503,236.44285013230711
2024-01-09 23:27:57+00:00,ENY4071,28.2006008342161,-96.89585966222428,10538.46,15.911148577139503,236.44285013230711
2024-01-09 23:27:58+00:00,ENY4071,28.20281982421875,-96.89513573279748,10538.46,15.911148577139503,236.44285013230711
2024-01-09 23:27:59+00:00,ENY4071,28.20483708785752,-96.89445944393384,10530.84,15.911148577139503,236.44285013230711
2024-01-09 23:28:00+00:00,ENY4071,28.20689392089844,-96.89381526066704,10530.84,15.877044272729828,236.9376267195103
2024-01-09 23:28:01+00:00,ENY4071,28.209228515625,-96.89307579627403,10523.22,15.877044272729828,236.9376267195103
2024-01-09 23:28:02+00:00,ENY4071,28.21087646484375,-96.89254760742188,10515.6,15.877044272729828,236.9376267195103
2024-01-09 23:28:03+00:00,ENY4071,28.213348388671875,-96.89175532414362,10515.6,15.877044272729828,236.9376267195103
2024-01-09 23:28:04+00:00,ENY4071,28.214263916015625,-96.89143841083234,10515.6,15.877044272729828,236.9376267195103
2024-01-09 23:28:05+00:00,ENY4071,28.21746826171875,-96.8904348520132,10507.98,15.996629073121715,237.0788815366004
2024-01-09 23:28:06+00:00,ENY4071,28.219253540039062,-96.88985384427582,10500.36,15.962438071602032,237.5734474908529
2024-01-09 23:28:07+00:00,ENY4071,28.221588134765625,-96.88906156099756,10500.36,15.962438071602032,237.5734474908529
2024-01-09 23:28:08+00:00,ENY4071,28.22364419193591,-96.888427734375,10492.74,15.962438071602032,237.5734474908529
2024-01-09 23:28:09+00:00,ENY4071,28.225799560546875,-96.8877410888672,10485.12,15.962438071602032,237.5734474908529
2024-01-09 23:28:10+00:00,ENY4071,28.22813415527344,-96.88700162447412,10485.12,15.962438071602032,237.5734474908529
2024-01-09 23:28:11+00:00,ENY4071,28.230208057468214,-96.88632740693936,10477.5,15.962438071602032,237.5734474908529
2024-01-09 23:28:12+00:00,ENY4071,28.231977042505296,-96.8857350068934,10477.5,15.962438071602032,237.5734474908529
2024-01-09 23:28:13+00:00,ENY4071,28.23408508300781,-96.88504732572112,10469.88,15.962438071602032,237.5734474908529
2024-01-09 23:28:14+00:00,ENY4071,28.235980534957623,-96.8844424977022,10462.26,15.962438071602032,237.5734474908529
2024-01-09 23:28:15+00:00,ENY4071,28.23719787597656,-96.88404376690204,10462.26,15.9283891399165,238.0680976947372
2024-01-09 23:28:16+00:00,ENY4071,28.24026334083686,-96.88309613396144,10454.64,15.9283891399165,238.0680976947372
2024-01-09 23:28:17+00:00,ENY4071,28.242590952727756,-96.88234217026655,10454.64,15.9283891399165,238.0680976947372
2024-01-09 23:28:18+00:00,ENY4071,28.244613647460938,-96.88166691706732,10447.02,15.9283891399165,238.0680976947372
2024-01-09 23:28:19+00:00,ENY4071,28.246261596679688,-96.88113872821516,10439.4,15.9283891399165,238.0680976947372
2024-01-09 23:28:20+00:00,ENY4071,28.2484565346928,-96.8804572610294,10439.4,15.9283891399165,238.0680976947372
2024-01-09 23:28:21+00:00,ENY4071,28.249341027211333,-96.88013413373164,10439.4,15.9283891399165,238.0680976947372
2024-01-09 23:28:22+00:00,ENY4071,28.252460027145126,-96.87916475183825,10431.78,15.9283891399165,238.0680976947372
2024-01-09 23:28:23+00:00,ENY4071,28.254638671875,-96.8784449650691,10424.16,15.9283891399165,238.0680976947372
2024-01-09 23:28:24+00:00,ENY4071,28.25697326660156,-96.87765268179083,10416.54,15.9283891399165,238.0680976947372
2024-01-09 23:28:25+00:00,ENY4071,28.25823250463453,-96.87727984260113,10416.54,15.9283891399165,238.0680976947372
2024-01-09 23:28:26+00:00,ENY4071,28.26031494140625,-96.87659630408656,10408.92,15.9283891399165,238.0680976947372
2024-01-09 23:28:27+00:00,ENY4071,28.26237565380032,-96.8759334788603,10408.92,15.9283891399165,238.0680976947372
2024-01-09 23:28:29+00:00,ENY4071,28.26661190744173,-96.87458711511948,10401.3,15.9283891399165,238.0680976947372
2024-01-09 23:28:30+00:00,ENY4071,28.269125728283896,-96.8737254423254,10393.68,15.9283891399165,238.0680976947372
2024-01-09 23:28:31+00:00,ENY4071,28.271026611328125,-96.87316307654748,10386.06,15.9283891399165,238.0680976947372
2024-01-09 23:28:32+00:00,ENY4071,28.27224472821769,-96.87275606043198,10386.06,15.9283891399165,238.0680976947372
2024-01-09 23:28:33+00:00,ENY4071,28.275146484375,-96.87178978553186,10378.44,15.9283891399165,238.0680976947372
2024-01-09 23:28:34+00:00,ENY4071,28.27731892213983,-96.8710865693934,10378.44,15.962438071602032,237.5734474908529
2024-01-09 23:28:35+00:00,ENY4071,28.2784423828125,-96.87073340782752,10370.82,15.962438071602032,237.5734474908529
2024-01-09 23:28:36+00:00,ENY4071,28.28048447431144,-96.8700633329504,10370.82,15.962438071602032,237.5734474908529
2024-01-09 23:28:37+00:00,ENY4071,28.28338623046875,-96.869148841271,10363.2,15.962438071602032,237.5734474908529
2024-01-09 23:28:38+00:00,ENY4071,28.285858154296875,-96.8683565579928,10355.58,15.962438071602032,237.5734474908529
2024-01-09 23:28:39+00:00,ENY4071,28.287643432617188,-96.86777555025536,10347.96,15.962438071602032,237.5734474908529
2024-01-09 23:28:40+00:00,ENY4071,28.28956216068591,-96.8671551872702,10347.96,15.962438071602032,237.5734474908529
2024-01-09 23:28:41+00:00,ENY4071,28.2916259765625,-96.8665078970102,10340.34,15.962438071602032,237.5734474908529
2024-01-09 23:28:43+00:00,ENY4071,28.29533463817532,-96.86532413258271,10332.72,15.962438071602032,237.5734474908529
2024-01-09 23:28:44+00:00,ENY4071,28.297393798828125,-96.8646064171424,10332.72,15.962438071602032,237.5734474908529
2024-01-09 23:28:45+00:00,ENY4071,28.299819946289062,-96.8638141338642,10325.1,15.962438071602032,237.5734474908529
2024-01-09 23:28:46+00:00,ENY4071,28.301898503707623,-96.8631699505974,10317.48,15.962438071602032,237.5734474908529
2024-01-09 23:28:47+00:00,ENY4071,28.30352783203125,-96.86263140510113,10317.48,15.962438071602032,237.5734474908529
2024-01-09 23:28:48+00:00,ENY4071,28.305679321289062,-96.8619654728816,10309.86,15.962438071602032,237.5734474908529
2024-01-09 23:28:49+00:00,ENY4071,28.30776408567267,-96.8612850413603,10309.86,15.962438071602032,237.5734474908529
2024-01-09 23:28:50+00:00,ENY4071,28.309844970703125,-96.86064500075122,10302.24,15.843082117687011,237.43248690420955
2024-01-09 23:28:51+00:00,ENY4071,28.312179565429688,-96.85985271747296,10302.24,15.843082117687011,237.43248690420955
2024-01-09 23:28:53+00:00,ENY4071,28.31591072729078,-96.85864616842832,10287.0,15.843082117687011,237.43248690420955
2024-01-09 23:28:54+00:00,ENY4071,28.318084716796875,-96.85795123760516,10287.0,15.843082117687011,237.43248690420955
2024-01-09 23:28:55+00:00,ENY4071,28.32000732421875,-96.85735365923716,10279.38,15.843082117687011,237.43248690420955
2024-01-09 23:28:57+00:00,ENY4071,28.32415047338453,-96.85600729549634,10271.76,15.843082117687011,237.43248690420955
2024-01-09 23:28:58+00:00,ENY4071,28.325363159179688,-96.85562720665564,10271.76,15.843082117687011,237.43248690420955
2024-01-09 23:29:00+00:00,ENY4071,28.33076089115466,-96.85390696806064,10256.52,15.843082117687011,237.43248690420955
2024-01-09 23:29:01+00:00,ENY4071,28.333181607521187,-96.85309914981616,10256.52,15.843082117687011,237.43248690420955
2024-01-09 23:29:02+00:00,ENY4071,28.334810935844807,-96.85261445886948,10248.9,15.843082117687011,237.43248690420955
2024-01-09 23:29:03+00:00,ENY4071,28.337278204449152,-96.851806640625,10241.28,15.843082117687011,237.43248690420955
2024-01-09 23:29:04+00:00,ENY4071,28.33816269696769,-96.85153736787686,10241.28,15.843082117687011,237.43248690420955
2024-01-09 23:29:05+00:00,ENY4071,28.340972900390625,-96.85060941256006,10233.66,15.877044272729828,236.9376267195103
2024-01-09 23:29:06+00:00,ENY4071,28.34305068193856,-96.8499755859375,10233.66,15.877044272729828,236.9376267195103
2024-01-09 23:29:07+00:00,ENY4071,28.345138549804688,-96.84928894042967,10226.04,15.877044272729828,236.9376267195103
2024-01-09 23:29:08+00:00,ENY4071,28.34600830078125,-96.8490248460036,10226.04,15.877044272729828,236.9376267195103
2024-01-09 23:29:09+00:00,ENY4071,28.34886971166578,-96.8480906767004,10218.42,15.877044272729828,236.9376267195103
2024-01-09 23:29:10+00:00,ENY4071,28.350997924804688,-96.84738746056188,10210.8,15.877044272729828,236.9376267195103
2024-01-09 23:29:11+00:00,ENY4071,28.35301286083157,-96.84674431295956,10210.8,15.877044272729828,236.9376267195103
2024-01-09 23:29:12+00:00,ENY4071,28.355026245117188,-96.84611980731673,10203.18,15.877044272729828,236.9376267195103
2024-01-09 23:29:13+00:00,ENY4071,28.35715600999735,-96.8454518037684,10203.18,15.877044272729828,236.9376267195103
2024-01-09 23:29:14+00:00,ENY4071,28.35923767089844,-96.84474651630109,10195.56,15.877044272729828,236.9376267195103
2024-01-09 23:29:15+00:00,ENY4071,28.36115950244968,-96.8441592945772,10187.94,15.877044272729828,236.9376267195103
2024-01-09 23:29:16+00:00,ENY4071,28.363311767578125,-96.8434788630559,10187.94,15.877044272729828,236.9376267195103
2024-01-09 23:29:17+00:00,ENY4071,28.36525609937765,-96.84281293083644,10180.32,15.877044272729828,236.9376267195103
2024-01-09 23:29:18+00:00,ENY4071,28.36729431152344,-96.84215839092548,10172.7,15.877044272729828,236.9376267195103
2024-01-09 23:29:19+00:00,ENY4071,28.36903381347656,-96.8416302020733,10172.7,15.877044272729828,236.9376267195103
2024-01-09 23:29:20+00:00,ENY4071,28.370982024629235,-96.84098187614892,10165.08,15.877044272729828,236.9376267195103
2024-01-09 23:29:21+00:00,ENY4071,28.37344929323358,-96.8401740579044,10165.08,15.911148577139503,236.44285013230711
2024-01-09 23:29:22+00:00,ENY4071,28.3750786215572,-96.83968936695771,10157.46,16.030963011013917,236.58440036033664
2024-01-09 23:29:23+00:00,ENY4071,28.37759244239936,-96.83882769416364,10149.84,16.030963011013917,236.58440036033664
2024-01-09 23:29:24+00:00,ENY4071,28.379562377929688,-96.83819697453424,10149.84,16.030963011013917,236.58440036033664
2024-01-09 23:29:25+00:00,ENY4071,28.381782143802965,-96.8374813304228,10142.22,16.030963011013917,236.58440036033664
2024-01-09 23:29:26+00:00,ENY4071,28.38406320345604,-96.83672736672791,10142.22,16.030963011013917,236.58440036033664
2024-01-09 23:29:27+00:00,ENY4071,28.38573908401748,-96.83618882123164,10134.6,16.030963011013917,236.58440036033664
2024-01-09 23:29:28+00:00,ENY4071,28.38825290485964,-96.83538100298716,10126.98,16.030963011013917,236.58440036033664
2024-01-09 23:29:29+00:00,ENY4071,28.39022827148437,-96.83476374699518,10126.98,16.030963011013917,236.58440036033664
2024-01-09 23:29:30+00:00,ENY4071,28.391189575195312,-96.8344468336839,10119.36,16.030963011013917,236.58440036033664
2024-01-09 23:29:32+00:00,ENY4071,28.396774291992188,-96.83265099158656,10111.74,15.911148577139503,236.44285013230711
2024-01-09 23:29:33+00:00,ENY4071,28.3985595703125,-96.83206998384912,10104.12,15.911148577139503,236.44285013230711
2024-01-09 23:29:34+00:00,ENY4071,28.40063580011917,-96.83139576631436,10104.12,15.911148577139503,236.44285013230711
2024-01-09 23:29:35+00:00,ENY4071,28.402496337890625,-96.83080233060394,10096.5,15.911148577139503,236.44285013230711
2024-01-09 23:29:36+00:00,ENY4071,28.40468584480932,-96.83010325712314,10096.5,15.911148577139503,236.44285013230711
2024-01-09 23:29:37+00:00,ENY4071,28.40679931640625,-96.82937622070312,10088.88,15.911148577139503,236.44285013230711
2024-01-09 23:29:38+00:00,ENY4071,28.40785139698093,-96.82908002068018,10081.26,15.911148577139503,236.44285013230711
2024-01-09 23:29:39+00:00,ENY4071,28.411110053628175,-96.8280029296875,10081.26,15.911148577139503,236.44285013230711
2024-01-09 23:29:40+00:00,ENY4071,28.411947993908896,-96.82773365693936,10073.64,15.911148577139503,236.44285013230711
2024-01-09 23:29:41+00:00,ENY4071,28.414947509765625,-96.82678809532752,10073.64,15.911148577139503,236.44285013230711
2024-01-09 23:29:42+00:00,ENY4071,28.4169290833554,-96.8261180204504,10066.02,15.911148577139503,236.44285013230711
2024-01-09 23:29:43+00:00,ENY4071,28.41888427734375,-96.82552044208234,10066.02,15.911148577139503,236.44285013230711
2024-01-09 23:29:44+00:00,ENY4071,28.42014118776483,-96.82509478400738,10058.4,15.911148577139503,236.44285013230711
2024-01-09 23:29:45+00:00,ENY4071,28.423399844412074,-96.82407154756436,10050.78,15.911148577139503,236.44285013230711
2024-01-09 23:29:46+00:00,ENY4071,28.42465209960937,-96.82367178109972,10050.78,15.911148577139503,236.44285013230711
2024-01-09 23:29:47+00:00,ENY4071,28.426705053297137,-96.82299445657168,10043.16,15.945395900922854,235.9481576685047
2024-01-09 23:29:48+00:00,ENY4071,28.428726196289062,-96.82235130896936,10043.16,15.825207148056665,235.8073478440577
2024-01-09 23:29:49+00:00,ENY4071,28.43084820246292,-96.82164809283093,10035.54,15.825207148056665,235.8073478440577
2024-01-09 23:29:50+00:00,ENY4071,28.432937622070312,-96.82097801795372,10027.92,15.825207148056665,235.8073478440577
2024-01-09 23:29:51+00:00,ENY4071,28.434585571289062,-96.82044982910156,10027.92,15.825207148056665,235.8073478440577
2024-01-09 23:29:53+00:00,ENY4071,28.43973967988612,-96.8187938017004,10020.3,15.825207148056665,235.8073478440577
2024-01-09 23:29:54+00:00,ENY4071,28.441415560447563,-96.81825525620404,10012.68,15.825207148056665,235.8073478440577
2024-01-09 23:29:56+00:00,ENY4071,28.44589233398437,-96.8168053260216,10005.06,15.859366266605688,235.31244406316384
2024-01-09 23:29:57+00:00,ENY4071,28.447586059570312,-96.81627713716944,9997.44,15.859366266605688,235.31244406316384
2024-01-09 23:29:58+00:00,ENY4071,28.44956220206568,-96.81567023782168,9997.44,15.859366266605688,235.31244406316384
2024-01-09 23:29:59+00:00,ENY4071,28.4519829184322,-96.8148624195772,9989.82,15.859366266605688,235.31244406316384
2024-01-09 23:30:00+00:00,ENY4071,28.453798455707098,-96.81427001953124,9989.82,15.859366266605688,235.31244406316384
2024-01-09 23:30:01+00:00,ENY4071,28.4556884765625,-96.81368901179388,9982.2,15.859366266605688,235.31244406316384
2024-01-09 23:30:02+00:00,ENY4071,28.45770884368379,-96.8130313648897,9974.58,15.893669361097214,234.81762427460396
2024-01-09 23:30:03+00:00,ENY4071,28.459762573242188,-96.81236853966344,9974.58,15.893669361097214,234.81762427460396
2024-01-09 23:30:04+00:00,ENY4071,28.46136474609375,-96.81184035081128,9966.96,15.893669361097214,234.81762427460396
2024-01-09 23:30:06+00:00,ENY4071,28.465855485301905,-96.81044634650738,9959.34,15.893669361097214,234.81762427460396
2024-01-09 23:30:07+00:00,ENY4071,28.466646873344807,-96.81017707375918,9959.34,15.92811731896381,234.322889010478
2024-01-09 23:30:09+00:00,ENY4071,28.471627962791317,-96.8085614372702,9944.1,15.92811731896381,234.322889010478
2024-01-09 23:30:10+00:00,ENY4071,28.473678588867188,-96.80787893442005,9944.1,15.92811731896381,234.322889010478
2024-01-09 23:30:11+00:00,ENY4071,28.47567800748146,-96.80726892807904,9936.48,15.92811731896381,234.322889010478
2024-01-09 23:30:12+00:00,ENY4071,28.476791381835938,-96.80687537560097,9928.86,15.841442378132966,233.68728411932884
2024-01-09 23:30:13+00:00,ENY4071,28.479774604409428,-96.80592256433825,9928.86,15.841442378132966,233.68728411932884
2024-01-09 23:30:14+00:00,ENY4071,28.481689453125,-96.80534362792967,9921.24,15.841442378132966,233.68728411932884
2024-01-09 23:30:15+00:00,ENY4071,28.48294015658104,-96.8048993278952,9913.62,15.841442378132966,233.68728411932884
2024-01-09 23:30:16+00:00,ENY4071,28.4857177734375,-96.80402315579926,9913.62,15.962711034730305,233.828238807298
2024-01-09 23:30:17+00:00,ENY4071,28.48773503707627,-96.80339140050552,9906.0,15.841442378132966,233.68728411932884
2024-01-09 23:30:18+00:00,ENY4071,28.48974609375,-96.80270268366888,9906.0,15.997451410082371,233.3336742060328
2024-01-09 23:30:19+00:00,ENY4071,28.49187818624205,-96.8020450367647,9898.38,15.997451410082371,233.3336742060328
2024-01-09 23:30:20+00:00,ENY4071,28.494205798132946,-96.80129107306988,9898.38,15.997451410082371,233.3336742060328
2024-01-09 23:30:21+00:00,ENY4071,28.49629211425781,-96.8005899282602,9890.76,15.997451410082371,233.3336742060328
2024-01-09 23:30:22+00:00,ENY4071,28.49746445478019,-96.8002139820772,9890.76,15.997451410082371,233.3336742060328
2024-01-09 23:30:23+00:00,ENY4071,28.49945068359375,-96.7995863694411,9883.14,15.997451410082371,233.3336742060328
2024-01-09 23:30:24+00:00,ENY4071,28.502700805664062,-96.79852999173676,9875.52,15.875946505222576,233.1924205754385
2024-01-09 23:30:25+00:00,ENY4071,28.503570556640625,-96.79826589731069,9875.52,15.875946505222576,233.1924205754385
2024-01-09 23:30:26+00:00,ENY4071,28.50551799192267,-96.79762896369488,9867.9,15.875946505222576,233.1924205754385
2024-01-09 23:30:28+00:00,ENY4071,28.510405976893537,-96.79606718175552,9860.28,15.910597375281716,232.6976419602372
2024-01-09 23:30:29+00:00,ENY4071,28.511290469412074,-96.79574405445771,9852.66,15.910597375281716,232.6976419602372
2024-01-09 23:30:31+00:00,ENY4071,28.51520085738877,-96.79450539981616,9845.04,15.910597375281716,232.6976419602372
2024-01-09 23:30:33+00:00,ENY4071,28.520135394597457,-96.7928897633272,9837.42,15.910597375281716,232.6976419602372
2024-01-09 23:30:34+00:00,ENY4071,28.522201538085938,-96.792244544396,9829.8,15.910597375281716,232.6976419602372
2024-01-09 23:30:35+00:00,ENY4071,28.524231991525426,-96.79159725413604,9829.8,15.910597375281716,232.6976419602372
2024-01-09 23:30:36+00:00,ENY4071,28.5252685546875,-96.7912409855769,9822.18,15.910597375281716,232.6976419602372
2024-01-09 23:30:38+00:00,ENY4071,28.53016662597656,-96.78970923790564,9814.56,15.823267445023625,232.06214736518092
2024-01-09 23:30:39+00:00,ENY4071,28.53298381223517,-96.78879681755518,9806.94,15.823267445023625,232.06214736518092
2024-01-09 23:30:40+00:00,ENY4071,28.534927368164062,-96.78817749023438,9806.94,15.823267445023625,232.06214736518092
2024-01-09 23:30:41+00:00,ENY4071,28.53575134277344,-96.78791339580827,9799.32,15.823267445023625,232.06214736518092
2024-01-09 23:30:42+00:00,ENY4071,28.53817749023437,-96.78712111253004,9799.32,15.823267445023625,232.06214736518092
2024-01-09 23:30:43+00:00,ENY4071,28.539138793945312,-96.78680419921876,9791.7,15.823267445023625,232.06214736518092
2024-01-09 23:30:46+00:00,ENY4071,28.54499428959216,-96.78491928998164,9776.46,15.823267445023625,232.06214736518092
2024-01-09 23:30:47+00:00,ENY4071,28.547554662672137,-96.78411147173716,9768.84,15.823267445023625,232.06214736518092
2024-01-09 23:30:49+00:00,ENY4071,28.552734375,-96.78247305063098,9761.22,15.823267445023625,232.06214736518092
2024-01-09 23:30:50+00:00,ENY4071,28.55467715505826,-96.78179572610291,9753.6,15.823267445023625,232.06214736518092
2024-01-09 23:30:53+00:00,ENY4071,28.56005859375,-96.78009620079628,9745.98,15.788707742271878,232.55714002037897
2024-01-09 23:30:55+00:00,ENY4071,28.563949584960938,-96.77882854755109,9738.36,15.788707742271878,232.55714002037897
2024-01-09 23:31:02+00:00,ENY4071,28.57763671875,-96.77449739896332,9700.26,15.6666712913985,232.41769184018636
2024-01-09 23:31:04+00:00,ENY4071,28.581756591796875,-96.77317692683296,9692.64,15.6666712913985,232.41769184018636
2024-01-09 23:31:06+00:00,ENY4071,28.58619302006091,-96.77177877987134,9685.02,15.6666712913985,232.41769184018636
2024-01-09 23:31:08+00:00,ENY4071,28.590545654296875,-96.77037752591644,9677.4,15.6666712913985,232.41769184018636
2024-01-09 23:31:09+00:00,ENY4071,28.59252412440413,-96.7697323069853,9669.78,15.700991254990264,231.92240156052333
2024-01-09 23:31:10+00:00,ENY4071,28.59461975097656,-96.76905705378609,9669.78,15.700991254990264,231.92240156052333
2024-01-09 23:31:11+00:00,ENY4071,28.596713825807733,-96.76838594324448,9662.16,15.700991254990264,231.92240156052333
2024-01-09 23:31:12+00:00,ENY4071,28.599181094412074,-96.76763197954966,9654.54,15.700991254990264,231.92240156052333
2024-01-09 23:31:13+00:00,ENY4071,28.600982666015625,-96.76704993614784,9654.54,15.700991254990264,231.92240156052333
2024-01-09 23:31:14+00:00,ENY4071,28.602206989870236,-96.76666259765624,9646.92,15.700991254990264,231.92240156052333
2024-01-09 23:31:16+00:00,ENY4071,28.60718807931673,-96.76504696116729,9639.3,15.700991254990264,231.92240156052333
2024-01-09 23:31:18+00:00,ENY4071,28.61109846729343,-96.76380830652572,9631.68,15.700991254990264,231.92240156052333
2024-01-09 23:31:19+00:00,ENY4071,28.613067626953125,-96.76319415752704,9624.06,15.735458106352745,231.4271948499997
2024-01-09 23:31:20+00:00,ENY4071,28.615493774414062,-96.76240187424878,9616.44,15.735458106352745,231.4271948499997
2024-01-09 23:31:21+00:00,ENY4071,28.617233276367188,-96.7618208665114,9616.44,15.735458106352745,231.4271948499997
2024-01-09 23:31:22+00:00,ENY4071,28.61826751191737,-96.76149256089155,9608.82,15.735458106352745,231.4271948499997
2024-01-09 23:31:23+00:00,ENY4071,28.621078491210938,-96.76060603215144,9608.82,15.735458106352745,231.4271948499997
2024-01-09 23:31:24+00:00,ENY4071,28.623108944650426,-96.75998463350186,9601.2,15.735458106352745,231.4271948499997
2024-01-09 23:31:25+00:00,ENY4071,28.624691720736227,-96.75944608800552,9593.58,15.735458106352745,231.4271948499997
2024-01-09 23:31:29+00:00,ENY4071,28.631515502929688,-96.7572784423828,9578.34,15.770072765410733,230.93207224622807
2024-01-09 23:31:32+00:00,ENY4071,28.638748168945312,-96.75495441143327,9563.1,15.770072765410733,230.93207224622807
2024-01-09 23:31:33+00:00,ENY4071,28.640985003972457,-96.75427605124082,9563.1,15.804836159564424,230.4370342913498
2024-01-09 23:31:34+00:00,ENY4071,28.64277648925781,-96.75368675818812,9555.48,15.804836159564424,230.4370342913498
2024-01-09 23:31:37+00:00,ENY4071,28.648361206054688,-96.75189091609076,9540.24,15.681685982566629,230.2974515362961
2024-01-09 23:31:39+00:00,ENY4071,28.65316772460937,-96.75035916841944,9532.62,15.681685982566629,230.2974515362961
2024-01-09 23:31:42+00:00,ENY4071,28.6591403767214,-96.74845975988052,9517.38,15.681685982566629,230.2974515362961
2024-01-09 23:31:43+00:00,ENY4071,28.6611328125,-96.74782386192908,9509.76,15.681685982566629,230.2974515362961
2024-01-09 23:31:45+00:00,ENY4071,28.664866301972985,-96.74662870519302,9502.14,15.681685982566629,230.2974515362961
2024-01-09 23:31:48+00:00,ENY4071,28.670883178710938,-96.74476036658656,9486.9,15.681685982566629,230.2974515362961
2024-01-09 23:31:49+00:00,ENY4071,28.67194224212129,-96.74442066865812,9486.9,15.681685982566629,230.2974515362961
2024-01-09 23:31:55+00:00,ENY4071,28.68553549556409,-96.7401123046875,9456.42,15.55838700338151,230.1589340010309
2024-01-09 23:31:56+00:00,ENY4071,28.687118271649894,-96.73957375919116,9456.42,15.55838700338151,230.1589340010309
2024-01-09 23:31:57+00:00,ENY4071,28.68910217285156,-96.73895028921272,9448.8,15.434940096204224,230.02148360996063
2024-01-09 23:31:58+00:00,ENY4071,28.691121764102224,-96.73833510454966,9441.18,15.434940096204224,230.02148360996063
2024-01-09 23:31:59+00:00,ENY4071,28.693130493164062,-96.73773545485278,9441.18,15.434940096204224,230.02148360996063
2024-01-09 23:32:00+00:00,ENY4071,28.695125256554554,-96.73709644990812,9433.56,15.434940096204224,230.02148360996063
2024-01-09 23:32:01+00:00,ENY4071,28.69711303710937,-96.73646780160756,9433.56,15.434940096204224,230.02148360996063
2024-01-09 23:32:02+00:00,ENY4071,28.69793701171875,-96.73620370718146,9425.94,15.400909175977,230.5174139649145
2024-01-09 23:32:03+00:00,ENY4071,28.699920137049787,-96.7355885225184,9418.32,15.27756123207574,230.3813262136637
2024-01-09 23:32:05+00:00,ENY4071,28.705123901367188,-96.73398531400238,9410.7,15.27756123207574,230.3813262136637
2024-01-09 23:32:06+00:00,ENY4071,28.70590209960937,-96.7337212195763,9410.7,15.27756123207574,230.3813262136637
2024-01-09 23:32:07+00:00,ENY4071,28.70871850999735,-96.73284194048716,9403.08,15.27756123207574,230.3813262136637
2024-01-09 23:32:08+00:00,ENY4071,28.710708618164062,-96.73224229079028,9395.46,15.27756123207574,230.3813262136637
2024-01-09 23:32:09+00:00,ENY4071,28.71153259277344,-96.7319781963642,9395.46,15.27756123207574,230.3813262136637
2024-01-09 23:32:13+00:00,ENY4071,28.721237182617188,-96.72902033879204,9372.6,15.187606032599088,229.7497919067071
2024-01-09 23:32:14+00:00,ENY4071,28.72328936043432,-96.72837201286768,9372.6,15.187606032599088,229.7497919067071
2024-01-09 23:32:16+00:00,ENY4071,28.72710664393538,-96.72718721277572,9364.98,15.187606032599088,229.7497919067071
2024-01-09 23:32:17+00:00,ENY4071,28.728875628972457,-96.7266486672794,9357.36,15.187606032599088,229.7497919067071
2024-01-09 23:32:18+00:00,ENY4071,28.72993469238281,-96.726326575646,9357.36,15.187606032599088,229.7497919067071
2024-01-09 23:32:20+00:00,ENY4071,28.734878540039062,-96.72479482797472,9349.74,15.063720662456028,229.61555439165377
2024-01-09 23:32:21+00:00,ENY4071,28.736696404925848,-96.7242790670956,9342.12,15.063720662456028,229.61555439165377
2024-01-09 23:32:22+00:00,ENY4071,28.73911712129237,-96.72352510340072,9342.12,15.063720662456028,229.61555439165377
2024-01-09 23:32:23+00:00,ENY4071,28.740699897378175,-96.72304041245404,9334.5,15.063720662456028,229.61555439165377
2024-01-09 23:32:24+00:00,ENY4071,28.742706298828125,-96.72241797814002,9334.5,15.063720662456028,229.61555439165377
2024-01-09 23:32:25+00:00,ENY4071,28.745132446289062,-96.721678513747,9326.88,15.063720662456028,229.61555439165377
2024-01-09 23:32:26+00:00,ENY4071,28.746826171875,-96.72115032489484,9326.88,15.063720662456028,229.61555439165377
2024-01-09 23:32:27+00:00,ENY4071,28.74884653899629,-96.72056310317096,9319.26,15.063720662456028,229.61555439165377
2024-01-09 23:32:28+00:00,ENY4071,28.750762939453125,-96.71998830942005,9319.26,14.939690936854491,229.4823916148167
2024-01-09 23:32:29+00:00,ENY4071,28.75250244140625,-96.71946012056787,9311.64,14.939690936854491,229.4823916148167
2024-01-09 23:32:30+00:00,ENY4071,28.754479359772244,-96.71883975758271,9311.64,14.939690936854491,229.4823916148167
2024-01-09 23:32:31+00:00,ENY4071,28.75513109110169,-96.71862433938418,9304.02,14.939690936854491,229.4823916148167
2024-01-09 23:32:33+00:00,ENY4071,28.7603759765625,-96.71708327073316,9296.4,14.939690936854491,229.4823916148167
2024-01-09 23:32:34+00:00,ENY4071,28.76275634765625,-96.71634380634016,9296.4,14.939690936854491,229.4823916148167
2024-01-09 23:32:35+00:00,ENY4071,28.763717651367188,-96.7160268930288,9296.4,14.939690936854491,229.4823916148167
2024-01-09 23:32:36+00:00,ENY4071,28.76678466796875,-96.71512897198016,9288.78,14.939690936854491,229.4823916148167
2024-01-09 23:32:37+00:00,ENY4071,28.767979508739405,-96.71474681181064,9281.16,14.939690936854491,229.4823916148167
2024-01-09 23:32:38+00:00,ENY4071,28.771191613148837,-96.71377742991729,9281.16,14.782726042615677,229.84768397381848
2024-01-09 23:32:39+00:00,ENY4071,28.772820941472457,-96.7132927389706,9273.54,14.782726042615677,229.84768397381848
2024-01-09 23:32:40+00:00,ENY4071,28.77356577727754,-96.71307732077209,9273.54,14.782726042615677,229.84768397381848
2024-01-09 23:32:41+00:00,ENY4071,28.776777881686968,-96.71210793887866,9265.92,14.782726042615677,229.84768397381848
2024-01-09 23:32:42+00:00,ENY4071,28.77756926972987,-96.71189252068018,9265.92,14.782726042615677,229.84768397381848
2024-01-09 23:32:43+00:00,ENY4071,28.780921030852756,-96.71086928423716,9258.3,14.782726042615677,229.84768397381848
2024-01-09 23:32:44+00:00,ENY4071,28.782760620117188,-96.71032245342548,9258.3,14.782726042615677,229.84768397381848
2024-01-09 23:32:45+00:00,ENY4071,28.783993478548727,-96.7099537568934,9250.68,14.782726042615677,229.84768397381848
2024-01-09 23:32:46+00:00,ENY4071,28.786788940429688,-96.70910761906548,9250.68,14.782726042615677,229.84768397381848
2024-01-09 23:32:47+00:00,ENY4071,28.78878835904396,-96.70855353860291,9243.06,14.782726042615677,229.84768397381848
2024-01-09 23:32:48+00:00,ENY4071,28.79086303710937,-96.7078927847055,9243.06,14.658660911416964,229.71695993399015
2024-01-09 23:32:49+00:00,ENY4071,28.79168701171875,-96.70768150916469,9243.06,14.658660911416964,229.71695993399015
2024-01-09 23:32:50+00:00,ENY4071,28.79451428429555,-96.7068301930147,9235.44,14.658660911416964,229.71695993399015
2024-01-09 23:32:51+00:00,ENY4071,28.79679534394862,-96.70613008386948,9227.82,14.658660911416964,229.71695993399015
2024-01-09 23:32:52+00:00,ENY4071,28.798873901367188,-96.7055159348708,9227.82,14.658660911416964,229.71695993399015
2024-01-09 23:32:53+00:00,ENY4071,28.80079883640095,-96.7049452837776,9220.2,14.658660911416964,229.71695993399015
2024-01-09 23:32:54+00:00,ENY4071,28.802902221679688,-96.704353919396,9220.2,14.626260449038188,230.2146958938918
2024-01-09 23:32:55+00:00,ENY4071,28.80480232885328,-96.70376048368564,9212.58,14.626260449038188,230.2146958938918
2024-01-09 23:32:56+00:00,ENY4071,28.80683898925781,-96.70319190392128,9212.58,14.626260449038188,230.2146958938918
2024-01-09 23:32:58+00:00,ENY4071,28.811226537672137,-96.70187557444854,9204.96,14.502305147514218,230.0853306144516
2024-01-09 23:33:00+00:00,ENY4071,28.814849853515625,-96.70081505408656,9197.34,14.534455080540122,229.5873141960567
2024-01-09 23:33:02+00:00,ENY4071,28.81805419921875,-96.69986431415263,9189.72,14.534455080540122,229.5873141960567
2024-01-09 23:33:03+00:00,ENY4071,28.821258544921875,-96.69891357421876,9182.1,14.534455080540122,229.5873141960567
2024-01-09 23:33:04+00:00,ENY4071,28.822036743164062,-96.69870229867786,9182.1,14.534455080540122,229.5873141960567
2024-01-09 23:33:05+00:00,ENY4071,28.825241088867188,-96.69775155874396,9174.48,14.534455080540122,229.5873141960567
2024-01-09 23:33:06+00:00,ENY4071,28.82606506347656,-96.69748746431787,9174.48,14.534455080540122,229.5873141960567
2024-01-09 23:33:07+00:00,ENY4071,28.828869835805083,-96.69665168313418,9166.86,14.534455080540122,229.5873141960567
2024-01-09 23:33:08+00:00,ENY4071,28.83100891113281,-96.69606135441704,9166.86,14.534455080540122,229.5873141960567
2024-01-09 23:33:09+00:00,ENY4071,28.831832885742188,-96.69579725999095,9159.24,14.534455080540122,229.5873141960567
2024-01-09 23:33:10+00:00,ENY4071,28.835037231445312,-96.69484652005708,9159.24,14.566744784600289,229.08937037936636
2024-01-09 23:33:12+00:00,ENY4071,28.83845959679555,-96.69385124655332,9151.62,14.566744784600289,229.08937037936636
2024-01-09 23:33:13+00:00,ENY4071,28.84053039550781,-96.69320913461536,9151.62,14.566744784600289,229.08937037936636
2024-01-09 23:33:14+00:00,ENY4071,28.84246308924788,-96.69266644646144,9144.0,14.566744784600289,229.08937037936636
2024-01-09 23:33:15+00:00,ENY4071,28.844558715820312,-96.69204711914062,9136.38,14.59917515251204,228.59149963882817
2024-01-09 23:33:16+00:00,ENY4071,28.84725796974311,-96.69126622817096,9136.38,14.59917515251204,228.59149963882817
2024-01-09 23:33:17+00:00,ENY4071,28.84922790527344,-96.690673828125,9128.76,14.59917515251204,228.59149963882817
2024-01-09 23:33:18+00:00,ENY4071,28.851214909957623,-96.69008142807904,9128.76,14.59917515251204,228.59149963882817
2024-01-09 23:33:19+00:00,ENY4071,28.85321044921875,-96.6895118126502,9121.14,14.59917515251204,228.59149963882817
2024-01-09 23:33:20+00:00,ENY4071,28.854034423828125,-96.68924771822412,9113.52,14.631747084527904,228.09370245296245
2024-01-09 23:33:22+00:00,ENY4071,28.859175342624468,-96.6877118278952,9105.9,14.631747084527904,228.09370245296245
2024-01-09 23:33:23+00:00,ENY4071,28.860897775423727,-96.68722713694854,9098.28,14.631747084527904,228.09370245296245
2024-01-09 23:33:24+00:00,ENY4071,28.862823486328125,-96.68665959284856,9098.28,14.631747084527904,228.09370245296245
2024-01-09 23:33:25+00:00,ENY4071,28.865158081054688,-96.68597294734076,9090.66,14.664461488411105,227.5959793044047
2024-01-09 23:33:26+00:00,ENY4071,28.867135775291317,-96.68539608226104,9083.04,14.664461488411105,227.5959793044047
2024-01-09 23:33:27+00:00,ENY4071,28.86909484863281,-96.68481093186595,9083.04,14.664461488411105,227.5959793044047
2024-01-09 23:33:28+00:00,ENY4071,28.869918823242188,-96.68454683743988,9083.04,14.664461488411105,227.5959793044047
2024-01-09 23:33:29+00:00,ENY4071,28.871566772460938,-96.68407146747296,9067.8,14.697319279511907,227.0983306799496
2024-01-09 23:33:30+00:00,ENY4071,28.8746337890625,-96.68312072753906,9067.8,14.697319279511907,227.0983306799496
2024-01-09 23:33:31+00:00,ENY4071,28.87667898404396,-96.68254179113052,9060.18,14.697319279511907,227.0983306799496
2024-01-09 23:33:32+00:00,ENY4071,28.87747037208686,-96.68232637293198,9060.18,14.730321380844892,226.6007570705948
2024-01-09 23:33:33+00:00,ENY4071,28.87939453125,-96.68174743652344,9052.56,14.730321380844892,226.6007570705948
2024-01-09 23:33:34+00:00,ENY4071,28.882598876953125,-96.68079669658954,9044.94,14.730321380844892,226.6007570705948
2024-01-09 23:33:35+00:00,ENY4071,28.88454631223517,-96.68022604549634,9037.32,14.763468723167144,226.10325897158577
2024-01-09 23:33:36+00:00,ENY4071,28.885337700278072,-96.67995677274814,9037.32,14.763468723167144,226.10325897158577
2024-01-09 23:33:37+00:00,ENY4071,28.88818359375,-96.67910649226263,9029.7,14.763468723167144,226.10325897158577
2024-01-09 23:33:38+00:00,ENY4071,28.89003947629767,-96.67855655445771,9022.08,14.796762245057346,225.60583688246084
2024-01-09 23:33:39+00:00,ENY4071,28.892807006835938,-96.677733201247,9022.08,14.796762245057346,225.60583688246084
2024-01-09 23:33:40+00:00,ENY4071,28.89488090903072,-96.67710248161768,9014.46,14.796762245057346,225.60583688246084
2024-01-09 23:33:41+00:00,ENY4071,28.896011352539062,-96.67678246131312,9006.84,14.830202892995851,225.10849130709693
2024-01-09 23:33:42+00:00,ENY4071,28.898791297007413,-96.67591768152572,8999.220000000001,14.830202892995851,225.10849130709693
2024-01-09 23:33:43+00:00,ENY4071,28.89999389648437,-96.67556762695312,8999.220000000001,14.830202892995851,225.10849130709693
2024-01-09 23:33:44+00:00,ENY4071,28.90181719246557,-96.67500215418198,8991.6,14.830202892995851,225.10849130709693
2024-01-09 23:33:45+00:00,ENY4071,28.903884887695312,-96.67440561147832,8991.6,14.863791621445683,224.61122275375604
2024-01-09 23:33:46+00:00,ENY4071,28.9061279296875,-96.67371896597052,8983.98,14.863791621445683,224.61122275375604
2024-01-09 23:33:47+00:00,ENY4071,28.90814829680879,-96.67311724494488,8976.36,14.863791621445683,224.61122275375604
2024-01-09 23:33:48+00:00,ENY4071,28.91001892089844,-96.6725569504958,8968.74,14.863791621445683,224.61122275375604
2024-01-09 23:33:49+00:00,ENY4071,28.91162109375,-96.6720815805288,8968.74,14.863791621445683,224.61122275375604
2024-01-09 23:33:51+00:00,ENY4071,28.915875968286542,-96.67074764476104,8953.5,14.897529392934496,224.114031735132
2024-01-09 23:33:53+00:00,ENY4071,28.91978635626324,-96.66956284466914,8938.26,15.02455343046865,224.2468418108299
2024-01-09 23:33:54+00:00,ENY4071,28.92173767089844,-96.66896526630109,8930.640000000001,15.05870320876963,223.7500239129104
2024-01-09 23:33:55+00:00,ENY4071,28.923696744239937,-96.6683780445772,8923.02,15.05870320876963,223.7500239129104
2024-01-09 23:33:56+00:00,ENY4071,28.925372624801376,-96.66783949908093,8915.4,15.05870320876963,223.7500239129104
2024-01-09 23:33:57+00:00,ENY4071,28.927322387695312,-96.66727506197412,8915.4,15.05870320876963,223.7500239129104
2024-01-09 23:33:58+00:00,ENY4071,28.92918990830244,-96.66670855353864,8907.78,15.093004965660876,223.25328585528783
2024-01-09 23:33:59+00:00,ENY4071,28.931076049804688,-96.6661130464994,8900.16,15.093004965660876,223.25328585528783
2024-01-09 23:34:00+00:00,ENY4071,28.93345642089844,-96.66537358210638,8892.54,15.093004965660876,223.25328585528783
2024-01-09 23:34:01+00:00,ENY4071,28.935334803694385,-96.66482364430146,8884.92,15.093004965660876,223.25328585528783
2024-01-09 23:34:02+00:00,ENY4071,28.937662415585272,-96.66412353515624,8877.300000000001,15.093004965660876,223.25328585528783
2024-01-09 23:34:03+00:00,ENY4071,28.938546908103813,-96.66385426240812,8869.68,15.12745969318908,222.7566281720839
2024-01-09 23:34:04+00:00,ENY4071,28.941572803561968,-96.66293873506436,8862.060000000001,15.12745969318908,222.7566281720839
2024-01-09 23:34:05+00:00,ENY4071,28.942503848318324,-96.66261560776655,8862.060000000001,15.12745969318908,222.7566281720839
2024-01-09 23:34:06+00:00,ENY4071,28.94512939453125,-96.66183471679688,8846.82,14.999646713630044,222.62292908198037
2024-01-09 23:34:07+00:00,ENY4071,28.946972863148837,-96.66126924402572,8839.2,15.0339904467685,222.126053419476
2024-01-09 23:34:08+00:00,ENY4071,28.94906616210937,-96.66061988243688,8831.58,15.0339904467685,222.126053419476
2024-01-09 23:34:09+00:00,ENY4071,28.95083669888771,-96.66008444393384,8823.960000000001,15.0339904467685,222.126053419476
2024-01-09 23:34:10+00:00,ENY4071,28.952865600585938,-96.65945786696216,8816.34,15.0339904467685,222.126053419476
2024-01-09 23:34:11+00:00,ENY4071,28.954793639102224,-96.65884578929229,8808.720000000001,15.0339904467685,222.126053419476
2024-01-09 23:34:12+00:00,ENY4071,28.956619262695312,-96.65829585148737,8801.1,15.068488159492208,221.6292579233202
2024-01-09 23:34:13+00:00,ENY4071,28.95831298828125,-96.6577676626352,8793.48,15.068488159492208,221.6292579233202
2024-01-09 23:34:14+00:00,ENY4071,28.960845430018537,-96.6570147346048,8778.24,15.068488159492208,221.6292579233202
2024-01-09 23:34:15+00:00,ENY4071,28.96202087402344,-96.65665846604566,8778.24,15.068488159492208,221.6292579233202
2024-01-09 23:34:16+00:00,ENY4071,28.96435546875,-96.65591900165263,8770.62,15.103140864493884,221.1325431338173
2024-01-09 23:34:17+00:00,ENY4071,28.967036877648304,-96.65512982536768,8755.380000000001,14.974373969843688,220.999059039925
2024-01-09 23:34:18+00:00,ENY4071,28.96815490722656,-96.65475698617786,8747.76,14.974373969843688,220.999059039925
2024-01-09 23:34:19+00:00,ENY4071,28.9691162109375,-96.65449289175176,8747.76,15.008913676658686,220.50212485819387
2024-01-09 23:34:20+00:00,ENY4071,28.972000122070312,-96.65359497070312,8732.52,15.008913676658686,220.50212485819387
2024-01-09 23:34:21+00:00,ENY4071,28.97411281779661,-96.65297564338238,8724.9,15.008913676658686,220.50212485819387
2024-01-09 23:34:22+00:00,ENY4071,28.976254220736227,-96.65232938878675,8717.28,14.879721752003189,220.3694598530828
2024-01-09 23:34:23+00:00,ENY4071,28.97783699682203,-96.65184469784008,8709.66,14.879721752003189,220.3694598530828
2024-01-09 23:34:24+00:00,ENY4071,28.97969055175781,-96.6512709397536,8702.04,14.75037484208756,220.23791660420025
2024-01-09 23:34:25+00:00,ENY4071,28.981607728085272,-96.6507137522978,8686.800000000001,14.784527400162574,219.7404655175355
2024-01-09 23:34:26+00:00,ENY4071,28.98353576660156,-96.65016174316406,8679.18,14.784527400162574,219.7404655175355
2024-01-09 23:34:27+00:00,ENY4071,28.985564668299787,-96.64952895220593,8671.560000000001,14.784527400162574,219.7404655175355
2024-01-09 23:34:28+00:00,ENY4071,28.987380981445312,-96.64899972768929,8663.94,14.65475342462379,219.60975061536016
2024-01-09 23:34:29+00:00,ENY4071,28.98933539956303,-96.64839800666364,8656.32,14.65475342462379,219.60975061536016
2024-01-09 23:34:30+00:00,ENY4071,28.991180419921875,-96.64783771221454,8641.08,14.65475342462379,219.60975061536016
2024-01-09 23:34:31+00:00,ENY4071,28.99310613082627,-96.64726706112134,8633.460000000001,14.68878677331838,219.11208124223432
2024-01-09 23:34:32+00:00,ENY4071,28.99497985839844,-96.646728515625,8625.84,14.68878677331838,219.11208124223432
2024-01-09 23:34:33+00:00,ENY4071,28.99671936035156,-96.64620032677284,8618.220000000001,14.68878677331838,219.11208124223432
2024-01-09 23:34:34+00:00,ENY4071,28.998825073242188,-96.6455665001502,8610.6,14.68878677331838,219.11208124223432
2024-01-09 23:34:35+00:00,ENY4071,28.999786376953125,-96.64530240572412,8602.98,14.592495695007152,218.48431229097508
2024-01-09 23:34:36+00:00,ENY4071,29.00302175748146,-96.64435891544116,8587.74,14.592495695007152,218.48431229097508
2024-01-09 23:34:37+00:00,ENY4071,29.004959106445312,-96.64377065805286,8580.12,14.592495695007152,218.48431229097508
2024-01-09 23:34:38+00:00,ENY4071,29.00609420517744,-96.6434433880974,8572.5,14.592495695007152,218.48431229097508
2024-01-09 23:34:40+00:00,ENY4071,29.01084253343485,-96.64198931525738,8549.640000000001,14.62656260850108,217.9865016663639
2024-01-09 23:34:41+00:00,ENY4071,29.01237875728284,-96.6415584788603,8542.02,14.62656260850108,217.9865016663639
2024-01-09 23:34:42+00:00,ENY4071,29.013336181640625,-96.6412881704477,8534.4,14.62656260850108,217.9865016663639
2024-01-09 23:34:43+00:00,ENY4071,29.016357421875,-96.64039024939903,8526.78,14.62656260850108,217.9865016663639
2024-01-09 23:34:44+00:00,ENY4071,29.017868041992188,-96.63991487943208,8519.16,14.660785461586247,217.4887684582293
2024-01-09 23:34:45+00:00,ENY4071,29.019780563095868,-96.6393504423254,8503.92,14.660785461586247,217.4887684582293
2024-01-09 23:34:46+00:00,ENY4071,29.02166748046875,-96.63875286395734,8496.300000000001,14.922697686572988,217.75145083618625
2024-01-09 23:34:47+00:00,ENY4071,29.02355129435911,-96.63816564223345,8488.68,15.183973318042668,218.01867236107063
2024-01-09 23:34:48+00:00,ENY4071,29.025466918945312,-96.63759084848256,8481.060000000001,15.480644741712036,217.7945928574277
2024-01-09 23:34:49+00:00,ENY4071,29.02736857786017,-96.63698084214155,8473.44,15.871178611457006,218.2115969286443
2024-01-09 23:34:50+00:00,ENY4071,29.029220581054688,-96.63632319523737,8458.2,16.725134778780482,218.090280636992
2024-01-09 23:34:51+00:00,ENY4071,29.030914306640625,-96.6357421875,8450.58,17.370094129463055,218.84438085451552
2024-01-09 23:34:52+00:00,ENY4071,29.033373816538663,-96.63482666015624,8442.960000000001,18.052131939240173,219.13684059075524
2024-01-09 23:34:53+00:00,ENY4071,29.03448486328125,-96.63436889648438,8435.34,18.604965473802316,219.29559627489292
2024-01-09 23:34:54+00:00,ENY4071,29.03672790527344,-96.63352379432092,8420.1,19.2837130944756,219.6440933993023
2024-01-09 23:34:55+00:00,ENY4071,29.03746032714844,-96.63320688100958,8420.1,19.96021568032402,220.02331449543505
2024-01-09 23:34:56+00:00,ENY4071,29.040435791015625,-96.6319392277644,8404.86,20.634296713559404,220.4331009958075
2024-01-09 23:34:57+00:00,ENY4071,29.04212951660156,-96.6311997633714,8397.24,21.18134950026624,220.6868824301807
2024-01-09 23:34:58+00:00,ENY4071,29.04414367675781,-96.6302490234375,8389.62,21.603069198515787,220.7708120310097
2024-01-09 23:34:59+00:00,ENY4071,29.0452446371822,-96.62976433249082,8374.380000000001,22.445433493438763,220.9745083459576
2024-01-09 23:35:00+00:00,ENY4071,29.04794311523437,-96.62845318134016,8366.76,22.691561452733414,221.3693837773585
2024-01-09 23:35:01+00:00,ENY4071,29.049667099774894,-96.62761015050552,8359.140000000001,23.23350567051646,221.69850624806065
2024-01-09 23:35:03+00:00,ENY4071,29.05238342285156,-96.62628760704628,8343.9,23.948994914650317,221.7850362487201
2024-01-09 23:35:04+00:00,ENY4071,29.05513000488281,-96.6248086782602,8336.28,24.487876411915177,222.16000721905968
2024-01-09 23:35:05+00:00,ENY4071,29.056975801112287,-96.62384033203124,8321.04,25.024894564420457,222.55456297431832
2024-01-09 23:35:06+00:00,ENY4071,29.05892944335937,-96.622801560622,8313.42,25.320974369121487,222.5266159970992
2024-01-09 23:35:07+00:00,ENY4071,29.06069998013771,-96.62184771369488,8305.800000000001,25.736450979252037,222.72751831726677
2024-01-09 23:35:08+00:00,ENY4071,29.06236267089844,-96.62084726186896,8298.18,26.15115697672316,222.9401109199488
2024-01-09 23:35:09+00:00,ENY4071,29.06419139797405,-96.61985509535845,8282.94,26.74243692461026,222.9353624617817
2024-01-09 23:35:10+00:00,ENY4071,29.06597900390625,-96.61878732534552,8275.32,27.155708391724666,223.17621917084983
2024-01-09 23:35:11+00:00,ENY4071,29.066665649414062,-96.6183647742638,8267.7,27.390241970032854,223.64768788473413
2024-01-09 23:35:12+00:00,ENY4071,29.069549560546875,-96.61667456993688,8260.08,27.80145877993413,223.90669071680068
2024-01-09 23:35:13+00:00,ENY4071,29.070615606792902,-96.61603142233456,8252.460000000001,28.09571495330194,223.93446546103263
2024-01-09 23:35:15+00:00,ENY4071,29.074493408203125,-96.61355825570912,8229.6,29.09289487941787,224.30289356559643
2024-01-09 23:35:16+00:00,ENY4071,29.076248427568856,-96.61242316750918,8221.98,29.500724623499163,224.60945534204475
2024-01-09 23:35:18+00:00,ENY4071,29.07973984540519,-96.610107421875,8199.12,30.379126011368346,224.8126166079251
2024-01-09 23:35:19+00:00,ENY4071,29.08183469610699,-96.60870720358456,8191.5,30.671548342248418,224.89206453549065
2024-01-09 23:35:20+00:00,ENY4071,29.08355712890625,-96.60748408390924,8176.26,31.07596903943316,225.24247747261248
2024-01-09 23:35:21+00:00,ENY4071,29.084627830376057,-96.6067684397978,8176.26,31.658896264021088,225.43508981601985
2024-01-09 23:35:22+00:00,ENY4071,29.0870361328125,-96.60505441518929,8161.02,32.130150011989635,225.3769711174424
2024-01-09 23:35:23+00:00,ENY4071,29.088724427304022,-96.60380643956802,8153.400000000001,32.421064762506944,225.49143303627747
2024-01-09 23:35:24+00:00,ENY4071,29.090560913085938,-96.60246628981372,8138.160000000001,32.821467801756135,225.8901285150958
2024-01-09 23:35:25+00:00,ENY4071,29.092122740664724,-96.6012752757353,8130.54,33.29193522607931,225.86962460354584
2024-01-09 23:35:26+00:00,ENY4071,29.092914128707623,-96.60068287568936,8130.54,33.87081071038882,226.1506590318321
2024-01-09 23:35:27+00:00,ENY4071,29.09570726297669,-96.59852869370404,8107.68,34.15969454566943,226.2998166171632
2024-01-09 23:35:28+00:00,ENY4071,29.097198486328125,-96.5973428579477,8100.06,34.73628473702774,226.61535565952963
2024-01-09 23:35:29+00:00,ENY4071,29.098872815148304,-96.59599752987134,8092.44,35.023963577248544,226.7817131516536
2024-01-09 23:35:30+00:00,ENY4071,29.10067749023437,-96.59454345703124,8084.820000000001,35.49236081261855,226.83247165856503
2024-01-09 23:35:31+00:00,ENY4071,29.102178024033368,-96.59325094784008,8069.580000000001,36.06552605435255,227.2008597262512
2024-01-09 23:35:32+00:00,ENY4071,29.103836059570312,-96.59190251277045,8061.96,36.06552605435255,227.2008597262512
2024-01-09 23:35:33+00:00,ENY4071,29.10548323291843,-96.59050436580884,8054.34,36.71420297604625,227.1793091658429
2024-01-09 23:35:34+00:00,ENY4071,29.10678669557733,-96.58937342026655,8046.72,36.99952588510729,227.38482994948157
2024-01-09 23:35:35+00:00,ENY4071,29.10777282714844,-96.58852210411658,8039.1,37.28432643645153,227.5959793044047
2024-01-09 23:35:37+00:00,ENY4071,29.111846923828125,-96.58498323880708,8016.240000000001,37.46589737336747,227.49944496436564
2024-01-09 23:35:38+00:00,ENY4071,29.113443665585272,-96.58355712890624,8001.0,37.64762064010765,227.4051972431026
2024-01-09 23:35:39+00:00,ENY4071,29.11525920286017,-96.58199534696688,7993.38,37.72693287075387,226.99808709636372
2024-01-09 23:35:40+00:00,ENY4071,29.11688232421875,-96.58054645244891,7985.76,37.72693287075387,226.99808709636372
2024-01-09 23:35:41+00:00,ENY4071,29.1184713072696,-96.57914105583644,7978.14,37.72693287075387,226.99808709636372
2024-01-09 23:35:42+00:00,ENY4071,29.11930924755032,-96.57844094669116,7962.900000000001,37.80652994470447,226.59141348007992
2024-01-09 23:35:43+00:00,ENY4071,29.121869620630296,-96.57612520105698,7955.280000000001,37.80652994470447,226.59141348007992
2024-01-09 23:35:44+00:00,ENY4071,29.123336791992188,-96.57484201284552,7947.660000000001,37.80652994470447,226.59141348007992
2024-01-09 23:35:45+00:00,ENY4071,29.12411499023437,-96.57415536733772,7932.42,37.80652994470447,226.59141348007992
2024-01-09 23:35:47+00:00,ENY4071,29.128154172735695,-96.57057818244488,7917.18,37.78342035786946,225.86962460354584
2024-01-09 23:35:48+00:00,ENY4071,29.12974548339844,-96.56919039212738,7901.94,37.78342035786946,225.86962460354584
2024-01-09 23:35:49+00:00,ENY4071,29.13071454581568,-96.5683162913603,7894.320000000001,37.78342035786946,225.86962460354584
2024-01-09 23:35:50+00:00,ENY4071,29.13299560546875,-96.56633817232569,7886.700000000001,37.76016260337797,225.14787270749292
2024-01-09 23:35:51+00:00,ENY4071,29.134578381554554,-96.56492345473345,7879.080000000001,37.76016260337797,225.14787270749292
2024-01-09 23:35:52+00:00,ENY4071,29.136199951171875,-96.56353877140924,7863.84,37.76016260337797,225.14787270749292
2024-01-09 23:35:53+00:00,ENY4071,29.137790485963983,-96.5621230181526,7856.22,37.76016260337797,225.14787270749292
2024-01-09 23:35:54+00:00,ENY4071,29.13918705309852,-96.56088436351104,7848.6,37.73675525941544,224.4261581487076
2024-01-09 23:35:55+00:00,ENY4071,29.14100259037341,-96.55926872702209,7840.98,37.73675525941544,224.4261581487076
2024-01-09 23:35:56+00:00,ENY4071,29.1427001953125,-96.55778151292066,7825.740000000001,37.73675525941544,224.4261581487076
2024-01-09 23:35:57+00:00,ENY4071,29.14448547363281,-96.5561969463642,7818.120000000001,37.81728399334968,224.01954111173876
2024-01-09 23:35:58+00:00,ENY4071,29.14547160520392,-96.55533734489892,7810.5,37.81728399334968,224.01954111173876
2024-01-09 23:35:59+00:00,ENY4071,29.147048950195312,-96.55392573429988,7802.88,37.71319688601837,223.70448128856185
2024-01-09 23:36:01+00:00,ENY4071,29.151031494140625,-96.5504396878756,7772.400000000001,37.79394299861673,223.29773530505875
2024-01-09 23:36:02+00:00,ENY4071,29.152313232421875,-96.54927767240082,7764.780000000001,37.79394299861673,223.29773530505875
2024-01-09 23:36:03+00:00,ENY4071,29.153757903535485,-96.54806698069854,7757.160000000001,37.68948602478547,222.98284249308705
2024-01-09 23:36:04+00:00,ENY4071,29.1556199930482,-96.5463436351103,7741.92,37.770450619783965,222.57596679636976
2024-01-09 23:36:06+00:00,ENY4071,29.15785217285156,-96.54441833496094,7734.3,37.770450619783965,222.57596679636976
2024-01-09 23:36:07+00:00,ENY4071,29.160089007878707,-96.54246610753675,7719.06,37.8517116054596,222.16953717744207
2024-01-09 23:36:08+00:00,ENY4071,29.161651611328125,-96.54103792630708,7703.820000000001,37.74680538727467,221.8542359497016
2024-01-09 23:36:09+00:00,ENY4071,29.16325456005032,-96.53966567095593,7696.200000000001,37.74680538727467,221.8542359497016
2024-01-09 23:36:10+00:00,ENY4071,29.164810180664062,-96.53823852539062,7688.580000000001,37.74680538727467,221.8542359497016
2024-01-09 23:36:11+00:00,ENY4071,29.165451049804688,-96.53771033653844,7688.580000000001,37.82828783461292,221.4476768186658
2024-01-09 23:36:12+00:00,ENY4071,29.16781667935646,-96.53562657973345,7673.34,37.82828783461292,221.4476768186658
2024-01-09 23:36:13+00:00,ENY4071,29.16925048828125,-96.53438274676984,7665.72,37.72300581253431,221.1325431338173
2024-01-09 23:36:16+00:00,ENY4071,29.17396157474841,-96.5301872702206,7635.240000000001,37.80471085782337,220.7258537137103
2024-01-09 23:36:17+00:00,ENY4071,29.17582366426112,-96.52851777918198,7620.0,37.80471085782337,220.7258537137103
2024-01-09 23:36:18+00:00,ENY4071,29.17722023139565,-96.52727912454044,7612.38,37.8867173760034,220.3196148047676
2024-01-09 23:36:19+00:00,ENY4071,29.17803955078125,-96.5265655517578,7612.38,37.78097917513034,220.00406822925973
2024-01-09 23:36:20+00:00,ENY4071,29.18085130594544,-96.52410170611216,7589.52,37.78097917513034,220.00406822925973
2024-01-09 23:36:22+00:00,ENY4071,29.183670043945312,-96.52160057654748,7574.280000000001,37.86321135220632,219.59769924286087
2024-01-09 23:36:23+00:00,ENY4071,29.18522721630032,-96.52022417853864,7566.660000000001,37.86321135220632,219.59769924286087
2024-01-09 23:36:25+00:00,ENY4071,29.18834621623411,-96.51747759650738,7543.8,37.75709126703607,219.28232073680687
2024-01-09 23:36:26+00:00,ENY4071,29.18989562988281,-96.51605459359972,7536.18,37.83955027310888,218.87582088552247
2024-01-09 23:36:27+00:00,ENY4071,29.191604872881356,-96.5145694508272,7520.94,37.83955027310888,218.87582088552247
2024-01-09 23:36:28+00:00,ENY4071,29.193099975585938,-96.51325519268327,7513.320000000001,37.83955027310888,218.87582088552247
2024-01-09 23:36:29+00:00,ENY4071,29.19378662109375,-96.51262136606069,7513.320000000001,37.83955027310888,218.87582088552247
2024-01-09 23:36:30+00:00,ENY4071,29.196121215820312,-96.51056142953723,7498.08,37.922315965414,218.4697760656175
2024-01-09 23:36:31+00:00,ENY4071,29.197703216035485,-96.50918399586396,7490.46,37.81573260757314,218.15398010208568
2024-01-09 23:36:32+00:00,ENY4071,29.199234008789062,-96.50781484750598,7475.22,37.81573260757314,218.15398010208568
2024-01-09 23:36:33+00:00,ENY4071,29.199966430664062,-96.50718102088342,7467.6,37.81573260757314,218.15398010208568
2024-01-09 23:36:35+00:00,ENY4071,29.204177856445312,-96.50343088003302,7444.740000000001,37.89872827448527,217.7478046398843
2024-01-09 23:36:36+00:00,ENY4071,29.205756753177965,-96.5020213407629,7437.120000000001,37.791756804344544,217.43217726676892
2024-01-09 23:36:37+00:00,ENY4071,29.20664978027344,-96.50121248685394,7429.5,37.791756804344544,217.43217726676892
2024-01-09 23:36:38+00:00,ENY4071,29.20882920087394,-96.49932861328124,7421.88,37.791756804344544,217.43217726676892
2024-01-09 23:36:39+00:00,ENY4071,29.209762573242188,-96.4984659048227,7414.26,37.791756804344544,217.43217726676892
2024-01-09 23:36:40+00:00,ENY4071,29.211639404296875,-96.49682851938098,7406.64,37.8749836510982,217.02587036418936
2024-01-09 23:36:41+00:00,ENY4071,29.21255337989936,-96.49604348575366,7399.02,37.8749836510982,217.02587036418936
2024-01-09 23:36:42+00:00,ENY4071,29.214111328125,-96.49466294508716,7391.400000000001,37.8749836510982,217.02587036418936
2024-01-09 23:36:44+00:00,ENY4071,29.21697584249205,-96.49211210363052,7368.54,37.8749836510982,217.02587036418936
2024-01-09 23:36:45+00:00,ENY4071,29.2194431110964,-96.4899040670956,7353.3,37.8749836510982,217.02587036418936
2024-01-09 23:36:47+00:00,ENY4071,29.22242245431673,-96.48726519416364,7338.06,37.95852253307836,216.6200231025712
2024-01-09 23:36:48+00:00,ENY4071,29.22321384235964,-96.4865650850184,7330.44,37.95852253307836,216.6200231025712
2024-01-09 23:36:50+00:00,ENY4071,29.227066040039062,-96.48320124699518,7307.58,37.85108053212071,216.30397361050763
2024-01-09 23:36:51+00:00,ENY4071,29.228567349708687,-96.48182588465072,7299.96,37.85108053212071,216.30397361050763
2024-01-09 23:36:52+00:00,ENY4071,29.230133056640625,-96.48045466496391,7292.34,37.85108053212071,216.30397361050763
2024-01-09 23:36:53+00:00,ENY4071,29.230728149414062,-96.47992647611176,7284.72,37.85108053212071,216.30397361050763
2024-01-09 23:36:56+00:00,ENY4071,29.23626708984375,-96.47501431978662,7254.240000000001,37.85108053212071,216.30397361050763
2024-01-09 23:36:57+00:00,ENY4071,29.2372260659428,-96.47417853860291,7246.620000000001,37.85108053212071,216.30397361050763
2024-01-09 23:36:58+00:00,ENY4071,29.2393798828125,-96.47226773775536,7231.38,37.85108053212071,216.30397361050763
2024-01-09 23:37:02+00:00,ENY4071,29.245513916015625,-96.46682739257812,7193.280000000001,37.743324477223474,215.9886869622808
2024-01-09 23:37:03+00:00,ENY4071,29.246749877929688,-96.4657181959886,7185.660000000001,37.82701733370368,215.5821147557769
2024-01-09 23:37:04+00:00,ENY4071,29.247653767213983,-96.46491555606616,7178.04,37.82701733370368,215.5821147557769
2024-01-09 23:37:07+00:00,ENY4071,29.25347900390625,-96.45974966195912,7147.56,37.82701733370368,215.5821147557769
2024-01-09 23:37:08+00:00,ENY4071,29.254714965820312,-96.45869328425482,7139.9400000000005,37.82701733370368,215.5821147557769
2024-01-09 23:37:09+00:00,ENY4071,29.2554931640625,-96.458006638747,7132.320000000001,37.82701733370368,215.5821147557769
2024-01-09 23:37:10+00:00,ENY4071,29.257781982421875,-96.45594670222356,7117.08,37.82701733370368,215.5821147557769
2024-01-09 23:37:13+00:00,ENY4071,29.26180564751059,-96.45242130055146,7094.22,37.82701733370368,215.5821147557769
2024-01-09 23:37:14+00:00,ENY4071,29.26405334472656,-96.45045353816109,7078.9800000000005,37.82701733370368,215.5821147557769
2024-01-09 23:37:16+00:00,ENY4071,29.26698303222656,-96.4478125939002,7063.740000000001,37.82701733370368,215.5821147557769
2024-01-09 23:37:17+00:00,ENY4071,29.26855572199417,-96.44644344554229,7056.120000000001,37.82701733370368,215.5821147557769
2024-01-09 23:37:18+00:00,ENY4071,29.270050048828125,-96.44506601186896,7040.88,37.82701733370368,215.5821147557769
2024-01-09 23:37:19+00:00,ENY4071,29.27158161745233,-96.44369686351104,7033.26,37.82701733370368,215.5821147557769
2024-01-09 23:37:20+00:00,ENY4071,29.273117065429688,-96.44237224872296,7025.64,37.91102628390721,215.1760042725816
2024-01-09 23:37:21+00:00,ENY4071,29.27479372186176,-96.44089642693018,7010.400000000001,37.91102628390721,215.1760042725816
2024-01-09 23:37:22+00:00,ENY4071,29.276516154661017,-96.43938849954044,7002.780000000001,37.91102628390721,215.1760042725816
2024-01-09 23:37:23+00:00,ENY4071,29.27801513671875,-96.4380411001352,6995.160000000001,37.91102628390721,215.1760042725816
2024-01-09 23:37:24+00:00,ENY4071,29.278793334960938,-96.43735445462738,6987.54,37.91102628390721,215.1760042725816
2024-01-09 23:37:25+00:00,ENY4071,29.27958860235699,-96.43664191750918,6979.92,37.91102628390721,215.1760042725816
2024-01-09 23:37:27+00:00,ENY4071,29.283871408236227,-96.43287209903492,6957.06,37.91102628390721,215.1760042725816
2024-01-09 23:37:28+00:00,ENY4071,29.285385131835938,-96.4314915583684,6949.4400000000005,37.91102628390721,215.1760042725816
2024-01-09 23:37:29+00:00,ENY4071,29.28699040817002,-96.43007166245404,6941.820000000001,37.91102628390721,215.1760042725816
2024-01-09 23:37:30+00:00,ENY4071,29.2884521484375,-96.42879779522237,6934.200000000001,37.802792450938526,214.86029418198072
2024-01-09 23:37:31+00:00,ENY4071,29.289047241210938,-96.42826960637018,6926.58,37.91102628390721,215.1760042725816
2024-01-09 23:37:32+00:00,ENY4071,29.291519165039062,-96.4261040320763,6911.34,37.802792450938526,214.86029418198072
2024-01-09 23:37:33+00:00,ENY4071,29.293042199086333,-96.42474006204044,6903.72,37.802792450938526,214.86029418198072
2024-01-09 23:37:34+00:00,ENY4071,29.29454040527344,-96.42335745004505,6896.1,37.802792450938526,214.86029418198072
2024-01-09 23:37:35+00:00,ENY4071,29.295318603515625,-96.42272362342248,6888.4800000000005,37.88703830682463,214.45405086723517
2024-01-09 23:37:37+00:00,ENY4071,29.298843383789062,-96.41955449030952,6865.620000000001,37.88703830682463,214.45405086723517
2024-01-09 23:37:39+00:00,ENY4071,29.30156125860699,-96.41714657054229,6850.38,37.88703830682463,214.45405086723517
2024-01-09 23:37:41+00:00,ENY4071,29.305331989870236,-96.41380758846508,6827.52,37.9716037610504,214.04827295735024
2024-01-09 23:37:42+00:00,ENY4071,29.306121826171875,-96.41305776742786,6819.900000000001,37.9716037610504,214.04827295735024
2024-01-09 23:37:43+00:00,ENY4071,29.308404437566207,-96.41106100643384,6804.660000000001,37.9716037610504,214.04827295735024
2024-01-09 23:37:44+00:00,ENY4071,29.30928039550781,-96.4102583665114,6797.04,37.86288827878198,213.732135306172
2024-01-09 23:37:46+00:00,ENY4071,29.31221008300781,-96.4076702411358,6781.8,37.86288827878198,213.732135306172
2024-01-09 23:37:47+00:00,ENY4071,29.314363124006885,-96.40578326056988,6774.18,37.94769399215881,213.3262248071056
2024-01-09 23:37:48+00:00,ENY4071,29.31527709960937,-96.40497647798976,6766.56,37.94769399215881,213.3262248071056
2024-01-09 23:37:49+00:00,ENY4071,29.31738901946504,-96.40309053308825,6751.320000000001,37.94769399215881,213.3262248071056
2024-01-09 23:37:50+00:00,ENY4071,29.31829833984375,-96.40228271484376,6743.700000000001,38.032822864800096,212.92078344686303
2024-01-09 23:37:53+00:00,ENY4071,29.323150634765625,-96.39795156625598,6713.22,37.9236218223632,212.60421405841356
2024-01-09 23:37:55+00:00,ENY4071,29.32612609863281,-96.39531062199518,6697.9800000000005,37.89938560001168,211.88224109362312
2024-01-09 23:37:56+00:00,ENY4071,29.32767706402277,-96.39393525965072,6690.360000000001,37.89938560001168,211.88224109362312
2024-01-09 23:37:58+00:00,ENY4071,29.330337524414062,-96.39156048114484,6675.12,37.8749836510982,211.16030630029235
2024-01-09 23:37:59+00:00,ENY4071,29.33261160123146,-96.38951918658093,6659.88,37.8749836510982,211.16030630029235
2024-01-09 23:38:00+00:00,ENY4071,29.33404541015625,-96.3882857102614,6652.26,37.96084752528938,210.75446544683768
2024-01-09 23:38:01+00:00,ENY4071,29.3355909444518,-96.38688031364892,6637.02,37.96084752528938,210.75446544683768
2024-01-09 23:38:02+00:00,ENY4071,29.336471557617188,-96.38612013596752,6637.02,37.85041427888501,210.43841007127685
2024-01-09 23:38:03+00:00,ENY4071,29.338430630958687,-96.38434914981616,6621.780000000001,37.93652581809999,210.0324343703471
2024-01-09 23:38:04+00:00,ENY4071,29.340087890625,-96.38289818396936,6614.160000000001,37.93652581809999,210.0324343703471
2024-01-09 23:38:05+00:00,ENY4071,29.341596183130296,-96.3815487132353,6598.92,37.93652581809999,210.0324343703471
2024-01-09 23:38:06+00:00,ENY4071,29.342926025390625,-96.38036287747894,6598.92,37.93652581809999,210.0324343703471
2024-01-09 23:38:07+00:00,ENY4071,29.344528974112816,-96.37896369485291,6583.68,37.91203631645229,209.3104414017671
2024-01-09 23:38:08+00:00,ENY4071,29.34590148925781,-96.37772193321814,6576.06,37.91203631645229,209.3104414017671
2024-01-09 23:38:09+00:00,ENY4071,29.3473686606197,-96.3763786764706,6568.4400000000005,37.91203631645229,209.3104414017671
2024-01-09 23:38:10+00:00,ENY4071,29.3486721232786,-96.37524773092832,6560.820000000001,37.91203631645229,209.3104414017671
2024-01-09 23:38:11+00:00,ENY4071,29.34947204589844,-96.37455280010516,6553.200000000001,37.99873244250467,208.9048073753364
2024-01-09 23:38:13+00:00,ENY4071,29.35332734706038,-96.37110093060664,6530.34,37.88737728696657,208.5884869368095
2024-01-09 23:38:14+00:00,ENY4071,29.354782104492188,-96.36979910043569,6522.72,37.88737728696657,208.5884869368095
2024-01-09 23:38:15+00:00,ENY4071,29.355377197265625,-96.3692709115835,6515.1,37.88737728696657,208.5884869368095
2024-01-09 23:38:18+00:00,ENY4071,29.36073303222656,-96.36451721191406,6484.62,37.86254697243242,207.86657137666228
2024-01-09 23:38:19+00:00,ENY4071,29.361328125,-96.36404184194708,6477.0,37.86254697243242,207.86657137666228
2024-01-09 23:38:20+00:00,ENY4071,29.36347573490466,-96.36210722081802,6469.38,37.86254697243242,207.86657137666228
2024-01-09 23:38:21+00:00,ENY4071,29.36553955078125,-96.36029170109674,6461.76,37.86254697243242,207.86657137666228
2024-01-09 23:38:24+00:00,ENY4071,29.3693413168697,-96.35693718405332,6438.900000000001,37.86254697243242,207.86657137666228
2024-01-09 23:38:26+00:00,ENY4071,29.37236721232786,-96.35419060202209,6416.04,37.94974974112687,207.46066559984183
2024-01-09 23:38:27+00:00,ENY4071,29.37318420410156,-96.35353088378906,6408.42,37.94974974112687,207.46066559984183
2024-01-09 23:38:30+00:00,ENY4071,29.377720719676905,-96.3494514016544,6385.56,37.94974974112687,207.46066559984183
2024-01-09 23:38:31+00:00,ENY4071,29.37995522709216,-96.34745878331802,6370.320000000001,37.94974974112687,207.46066559984183
2024-01-09 23:38:32+00:00,ENY4071,29.38121213751324,-96.34632783777572,6362.700000000001,37.94974974112687,207.46066559984183
2024-01-09 23:38:33+00:00,ENY4071,29.38288801807468,-96.34481991038604,6355.08,38.0372942070349,207.05524227033723
2024-01-09 23:38:34+00:00,ENY4071,29.384353637695312,-96.34354811448316,6339.84,38.0372942070349,207.05524227033723
2024-01-09 23:38:35+00:00,ENY4071,29.385040283203125,-96.3429142878606,6339.84,38.0372942070349,207.05524227033723
2024-01-09 23:38:36+00:00,ENY4071,29.3873291015625,-96.34085435133716,6324.6,38.0372942070349,207.05524227033723
2024-01-09 23:38:37+00:00,ENY4071,29.388753600039724,-96.33959601907168,6316.9800000000005,37.92500177851691,206.738652167914
2024-01-09 23:38:38+00:00,ENY4071,29.3902587890625,-96.33826622596156,6309.360000000001,37.92500177851691,206.738652167914
2024-01-09 23:38:39+00:00,ENY4071,29.391686391022244,-96.3369571461397,6294.12,38.01280397891066,206.3330928037542
2024-01-09 23:38:40+00:00,ENY4071,29.39289674920551,-96.33593390969668,6286.5,38.01280397891066,206.3330928037542
2024-01-09 23:38:41+00:00,ENY4071,29.394619182004767,-96.33437212775738,6278.88,38.01280397891066,206.3330928037542
2024-01-09 23:38:42+00:00,ENY4071,29.396209716796875,-96.33298433743988,6271.26,38.01280397891066,206.3330928037542
2024-01-09 23:38:43+00:00,ENY4071,29.39703989837129,-96.33221794577209,6263.64,38.01280397891066,206.3330928037542
2024-01-09 23:38:44+00:00,ENY4071,29.39932095802436,-96.33017147288604,6248.400000000001,38.10095181149932,205.9280198928204
2024-01-09 23:38:45+00:00,ENY4071,29.40001924159163,-96.32952521829044,6248.400000000001,37.9881417255249,205.6109812991849
2024-01-09 23:38:46+00:00,ENY4071,29.401695122153072,-96.3280711454504,6233.160000000001,37.9881417255249,205.6109812991849
2024-01-09 23:38:47+00:00,ENY4071,29.403717041015625,-96.3262763390174,6225.54,37.9881417255249,205.6109812991849
2024-01-09 23:38:48+00:00,ENY4071,29.4049072265625,-96.32521996131312,6217.92,37.9881417255249,205.6109812991849
2024-01-09 23:38:49+00:00,ENY4071,29.40635034593485,-96.32392434512866,6210.3,37.9881417255249,205.6109812991849
2024-01-09 23:38:50+00:00,ENY4071,29.407882690429688,-96.32257901705223,6195.06,37.96330563720481,204.88890815801
2024-01-09 23:38:51+00:00,ENY4071,29.409236584679554,-96.32133932674634,6187.4400000000005,37.96330563720481,204.88890815801
2024-01-09 23:38:52+00:00,ENY4071,29.410720825195312,-96.32004371056188,6179.820000000001,37.96330563720481,204.88890815801
2024-01-09 23:38:53+00:00,ENY4071,29.412169375662074,-96.31875430836396,6172.200000000001,37.96330563720481,204.88890815801
2024-01-09 23:38:54+00:00,ENY4071,29.413604736328125,-96.31745558518628,6164.58,37.96330563720481,204.88890815801
2024-01-09 23:38:55+00:00,ENY4071,29.415148718882413,-96.31611543543198,6149.34,37.96330563720481,204.88890815801
2024-01-09 23:38:56+00:00,ENY4071,29.416534423828125,-96.31486745981069,6141.72,37.84970981969243,204.57284656213287
2024-01-09 23:38:57+00:00,ENY4071,29.41827392578125,-96.3132828932542,6134.1,37.93829387893733,204.16687378726667
2024-01-09 23:38:58+00:00,ENY4071,29.41971083818856,-96.31202248965992,6126.4800000000005,37.93829387893733,204.16687378726667
2024-01-09 23:38:59+00:00,ENY4071,29.42036256951801,-96.31143008961396,6118.860000000001,37.93829387893733,204.16687378726667
2024-01-09 23:39:02+00:00,ENY4071,29.425323486328125,-96.30705026479863,6088.38,37.93829387893733,204.16687378726667
2024-01-09 23:39:06+00:00,ENY4071,29.431137084960938,-96.30187401404748,6057.900000000001,37.93829387893733,204.16687378726667
2024-01-09 23:39:08+00:00,ENY4071,29.43392944335937,-96.29933870755708,6035.04,37.93829387893733,204.16687378726667
2024-01-09 23:39:09+00:00,ENY4071,29.435398942333155,-96.29807416130518,6027.42,38.02723071397354,203.76139099165889
2024-01-09 23:39:10+00:00,ENY4071,29.435957569186968,-96.29753561580884,6019.8,38.02723071397354,203.76139099165889
2024-01-09 23:39:11+00:00,ENY4071,29.4385986328125,-96.2952188345102,6012.18,38.02723071397354,203.76139099165889
2024-01-09 23:39:12+00:00,ENY4071,29.439239501953125,-96.29463782677284,6004.56,37.91310458992633,203.44487859974865
2024-01-09 23:39:13+00:00,ENY4071,29.440100718352756,-96.29392736098345,6004.56,37.93829387893733,204.16687378726667
2024-01-09 23:39:14+00:00,ENY4071,29.44233522576801,-96.2918808880974,5989.320000000001,37.93829387893733,204.16687378726667
2024-01-09 23:39:15+00:00,ENY4071,29.443817138671875,-96.29057077261116,5981.700000000001,37.93829387893733,204.16687378726667
2024-01-09 23:39:16+00:00,ENY4071,29.444662837658896,-96.28983441521144,5966.46,37.82425698926301,203.85099097545847
2024-01-09 23:39:17+00:00,ENY4071,29.446701049804688,-96.2880354661208,5958.84,38.02723071397354,203.76139099165889
2024-01-09 23:39:18+00:00,ENY4071,29.447296142578125,-96.28750727726862,5951.22,37.91310458992633,203.44487859974865
2024-01-09 23:39:19+00:00,ENY4071,29.450180053710938,-96.284919151893,5935.9800000000005,37.91310458992633,203.44487859974865
2024-01-09 23:39:21+00:00,ENY4071,29.45285603151483,-96.28256405101104,5920.740000000001,37.91310458992633,203.44487859974865
2024-01-09 23:39:22+00:00,ENY4071,29.454345703125,-96.28122182992786,5913.12,37.91310458992633,203.44487859974865
2024-01-09 23:39:23+00:00,ENY4071,29.45574227025953,-96.27992517807904,5905.5,37.91310458992633,203.44487859974865
2024-01-09 23:39:24+00:00,ENY4071,29.457183837890625,-96.2786865234375,5897.88,37.91310458992633,203.44487859974865
2024-01-09 23:39:25+00:00,ENY4071,29.45867506124205,-96.27734015969668,5882.64,37.91310458992633,203.44487859974865
2024-01-09 23:39:26+00:00,ENY4071,29.46015930175781,-96.2760455791767,5875.02,37.91310458992633,203.44487859974865
2024-01-09 23:39:27+00:00,ENY4071,29.46151474774894,-96.27486285041364,5867.400000000001,37.91310458992633,203.44487859974865
2024-01-09 23:39:28+00:00,ENY4071,29.46299743652344,-96.27351027268628,5859.780000000001,37.91310458992633,203.44487859974865
2024-01-09 23:39:29+00:00,ENY4071,29.464400986493644,-96.27227783203124,5852.16,38.00230739598558,203.0392573876164
2024-01-09 23:39:30+00:00,ENY4071,29.465789794921875,-96.27102778508112,5844.54,38.00230739598558,203.0392573876164
2024-01-09 23:39:31+00:00,ENY4071,29.466384887695312,-96.27049959622894,5836.92,38.00230739598558,203.0392573876164
2024-01-09 23:39:32+00:00,ENY4071,29.46779929985434,-96.2692081227022,5829.3,38.00230739598558,203.0392573876164
2024-01-09 23:39:33+00:00,ENY4071,29.470126911745236,-96.26716164981616,5821.68,38.00230739598558,203.0392573876164
2024-01-09 23:39:34+00:00,ENY4071,29.47100830078125,-96.26637972318208,5814.06,38.00230739598558,203.0392573876164
2024-01-09 23:39:35+00:00,ENY4071,29.473013150489937,-96.26457663143384,5806.4400000000005,37.9772061644268,202.3171624768653
2024-01-09 23:39:36+00:00,ENY4071,29.47357177734375,-96.2640380859375,5806.4400000000005,37.9772061644268,202.3171624768653
2024-01-09 23:39:37+00:00,ENY4071,29.47589938923464,-96.26199161305146,5798.820000000001,37.9772061644268,202.3171624768653
2024-01-09 23:39:38+00:00,ENY4071,29.477016642942267,-96.26096837660845,5791.200000000001,38.06703582404891,201.9118972603029
2024-01-09 23:39:40+00:00,ENY4071,29.480209350585938,-96.25813997708832,5791.200000000001,38.06703582404891,201.9118972603029
2024-01-09 23:39:41+00:00,ENY4071,29.481625314486227,-96.25687543083644,5791.200000000001,37.951925117175165,201.59510667519297
2024-01-09 23:39:42+00:00,ENY4071,29.48218394134004,-96.2563907398897,5791.200000000001,38.0420262667791,201.1897024283438
2024-01-09 23:39:44+00:00,ENY4071,29.48562880693856,-96.25332103056064,5791.200000000001,38.0420262667791,201.1897024283438
2024-01-09 23:39:45+00:00,ENY4071,29.487625122070312,-96.25148479755109,5791.200000000001,37.92646232503863,200.8730904043424
2024-01-09 23:39:46+00:00,ENY4071,29.48817443847656,-96.25100942758412,5791.200000000001,37.92646232503863,200.8730904043424
2024-01-09 23:39:47+00:00,ENY4071,29.489913940429688,-96.24942486102763,5791.200000000001,38.01683651783526,200.46754620554535
2024-01-09 23:39:48+00:00,ENY4071,29.49195991128178,-96.24761244829966,5791.200000000001,38.01683651783526,200.46754620554535
2024-01-09 23:39:49+00:00,ENY4071,29.4927978515625,-96.24688955453723,5791.200000000001,38.01683651783526,200.46754620554535
2024-01-09 23:39:50+00:00,ENY4071,29.494147866459212,-96.2456736845129,5791.200000000001,38.01683651783526,200.46754620554535
2024-01-09 23:39:51+00:00,ENY4071,29.495635986328125,-96.24435424804688,5791.200000000001,38.01683651783526,200.46754620554535
2024-01-09 23:39:52+00:00,ENY4071,29.497283935546875,-96.2428753192608,5791.200000000001,38.01683651783526,200.46754620554535
2024-01-09 23:39:53+00:00,ENY4071,29.498756538003175,-96.24158073874082,5791.200000000001,38.01683651783526,200.46754620554535
2024-01-09 23:39:54+00:00,ENY4071,29.5001220703125,-96.24034001277045,5791.200000000001,38.01683651783526,200.46754620554535
2024-01-09 23:39:55+00:00,ENY4071,29.501266479492188,-96.2393364539513,5791.200000000001,38.01683651783526,200.46754620554535
2024-01-09 23:39:56+00:00,ENY4071,29.50220140360169,-96.23851102941175,5791.200000000001,38.01683651783526,200.46754620554535
2024-01-09 23:39:58+00:00,ENY4071,29.505844116210938,-96.23526939978969,5791.200000000001,37.90081583127444,200.15111409211872
2024-01-09 23:39:59+00:00,ENY4071,29.507229045286017,-96.23398724724268,5791.200000000001,37.90081583127444,200.15111409211872
2024-01-09 23:40:00+00:00,ENY4071,29.50868225097656,-96.23273409329926,5791.200000000001,37.90081583127444,200.15111409211872
2024-01-09 23:40:01+00:00,ENY4071,29.50923156738281,-96.23220590444708,5791.200000000001,38.01683651783526,200.46754620554535
2024-01-09 23:40:02+00:00,ENY4071,29.511325642213983,-96.23037899241729,5791.200000000001,38.01683651783526,200.46754620554535
2024-01-09 23:40:03+00:00,ENY4071,29.51275634765625,-96.22908959021936,5791.200000000001,38.01683651783526,200.46754620554535
2024-01-09 23:40:04+00:00,ENY4071,29.51411877648305,-96.22784782858456,5791.200000000001,38.01683651783526,200.46754620554535
2024-01-09 23:40:05+00:00,ENY4071,29.5155029296875,-96.2266071026142,5791.200000000001,38.132491038677095,200.78479772205583
2024-01-09 23:40:06+00:00,ENY4071,29.517242431640625,-96.22507535494287,5791.200000000001,38.33869836022984,200.6991035219121
2024-01-09 23:40:07+00:00,ENY4071,29.518075716697563,-96.22429342830884,5791.200000000001,38.45370921670597,201.01862271846892
2024-01-09 23:40:08+00:00,ENY4071,29.519577026367188,-96.22290978064903,5791.200000000001,38.98014873135106,201.1811518980512
2024-01-09 23:40:09+00:00,ENY4071,29.520961955442267,-96.2216007008272,5791.200000000001,39.82428908555979,201.6213608240652
2024-01-09 23:40:10+00:00,ENY4071,29.521728515625,-96.2208498441256,5791.200000000001,40.34784524141385,201.82799290169268
2024-01-09 23:40:12+00:00,ENY4071,29.525619506835938,-96.21699406550482,5783.58,41.18592516570965,202.3387451019992
2024-01-09 23:40:13+00:00,ENY4071,29.52621459960937,-96.2164130577674,5775.96,42.439283283496565,203.5489205304912
2024-01-09 23:40:14+00:00,ENY4071,29.52827453613281,-96.21419466458832,5768.34,42.84857634428747,203.4891029201507
2024-01-09 23:40:15+00:00,ENY4071,29.52987670898437,-96.2125044602614,5760.72,43.46839220798898,204.146132630362
2024-01-09 23:40:16+00:00,ENY4071,29.530975341796875,-96.21128962590144,5760.72,44.08089521628577,204.09945732077668
2024-01-09 23:40:17+00:00,ENY4071,29.532485961914062,-96.20954660268929,5745.4800000000005,44.69469678203586,204.80363897923175
2024-01-09 23:40:18+00:00,ENY4071,29.5330810546875,-96.20885995718146,5745.4800000000005,45.40634623330903,205.1696580390376
2024-01-09 23:40:19+00:00,ENY4071,29.53432244769597,-96.20743695427392,5730.240000000001,46.115352144569385,205.567213465651
2024-01-09 23:40:22+00:00,ENY4071,29.538116455078125,-96.2027857853816,5692.14,48.03403964694501,206.18104304920325
2024-01-09 23:40:24+00:00,ENY4071,29.54063415527344,-96.19951101449816,5676.900000000001,49.24385227389804,206.4581130608438
2024-01-09 23:40:26+00:00,ENY4071,29.54321392511917,-96.19601978975186,5654.04,50.340173024582825,207.15491585229944
2024-01-09 23:40:27+00:00,ENY4071,29.544284626588983,-96.19456571691175,5638.8,50.540457698391,207.223892555178
2024-01-09 23:40:28+00:00,ENY4071,29.54558808924788,-96.19268080767466,5631.18,51.140478373632696,207.4459948050559
2024-01-09 23:40:35+00:00,ENY4071,29.553497314453125,-96.18060185359076,5554.9800000000005,54.65989307844234,208.11533022312705
2024-01-09 23:40:36+00:00,ENY4071,29.5546875,-96.17859473595252,5539.740000000001,55.36752349589678,208.19987865884144
2024-01-09 23:40:37+00:00,ENY4071,29.555783029329977,-96.17679371553312,5532.12,55.5643445547742,208.33203599162707
2024-01-09 23:40:38+00:00,ENY4071,29.556793212890625,-96.1750030517578,5516.88,56.07447169197014,208.3161561297832
2024-01-09 23:40:40+00:00,ENY4071,29.55866926807468,-96.17178524241729,5494.02,57.094757077012105,208.33394149370864
2024-01-09 23:40:49+00:00,ENY4071,29.5670952231197,-96.15546731387866,5372.1,60.849560755746325,209.1131015969878
2024-01-09 23:40:50+00:00,ENY4071,29.56800842285156,-96.15350576547472,5364.4800000000005,61.16449915225692,209.06437048686385
2024-01-09 23:40:52+00:00,ENY4071,29.57020568847656,-96.14891052246094,5334.0,61.47957487711552,209.02195884862567
2024-01-09 23:40:53+00:00,ENY4071,29.57109871557203,-96.14706600413604,5318.76,61.47957487711552,209.02195884862567
2024-01-09 23:40:54+00:00,ENY4071,29.57147113347457,-96.14620433134188,5303.52,61.60362386296597,208.77681555536984
2024-01-09 23:40:55+00:00,ENY4071,29.57286770060911,-96.14329618566175,5288.280000000001,61.60362386296597,208.77681555536984
2024-01-09 23:40:56+00:00,ENY4071,29.57373046875,-96.1414102407602,5280.66,61.72796392056729,208.5326532014197
2024-01-09 23:40:57+00:00,ENY4071,29.574636685646187,-96.1395263671875,5265.42,61.72796392056729,208.5326532014197
2024-01-09 23:41:02+00:00,ENY4071,29.579086303710938,-96.13010699932391,5196.84,61.593479364254094,207.62707460091497
2024-01-09 23:41:03+00:00,ENY4071,29.579990192995236,-96.1282169117647,5181.6,61.52579638992563,207.17471707058388
2024-01-09 23:41:04+00:00,ENY4071,29.58073502880032,-96.12660127527572,5166.360000000001,61.65100735406743,206.92994330525823
2024-01-09 23:41:05+00:00,ENY4071,29.581558227539062,-96.12482511080223,5151.12,61.58322188934483,206.4773402277312
2024-01-09 23:41:06+00:00,ENY4071,29.58282987950212,-96.12218520220593,5135.88,61.51513869296651,206.02502742137267
2024-01-09 23:41:07+00:00,ENY4071,29.58315574516684,-96.12148509306064,5128.26,61.51513869296651,206.02502742137267
2024-01-09 23:41:08+00:00,ENY4071,29.584272998874468,-96.11916934742646,5113.02,61.44675599258069,205.57300680219365
2024-01-09 23:41:09+00:00,ENY4071,29.585128784179688,-96.11732482910156,5097.780000000001,61.44675599258069,205.57300680219365
2024-01-09 23:41:10+00:00,ENY4071,29.586041983911542,-96.1153995289522,5082.54,61.50436138175502,204.8753449807214
2024-01-09 23:41:11+00:00,ENY4071,29.58686828613281,-96.1136803260216,5074.92,61.43557027352999,204.4233714456435
2024-01-09 23:41:12+00:00,ENY4071,29.58781096894862,-96.1117374195772,5059.68,61.43557027352999,204.4233714456435
2024-01-09 23:41:13+00:00,ENY4071,29.5887885659428,-96.10963709214155,5044.4400000000005,61.36647440149943,203.9716938957358
2024-01-09 23:41:14+00:00,ENY4071,29.58970642089844,-96.1077117919922,5029.2,61.49346243200763,203.72566987066995
2024-01-09 23:41:15+00:00,ENY4071,29.59055755097987,-96.10592112821688,5013.96,61.49346243200763,203.72566987066995
2024-01-09 23:41:16+00:00,ENY4071,29.590929968882413,-96.1051133099724,5006.34,61.42425803096519,203.27374396857965
2024-01-09 23:41:18+00:00,ENY4071,29.593185424804688,-96.10042278583234,4975.860000000001,61.42425803096519,203.27374396857965
2024-01-09 23:41:19+00:00,ENY4071,29.594048968816207,-96.09854305491729,4960.62,61.48243977352241,202.57600221602797
2024-01-09 23:41:20+00:00,ENY4071,29.59492492675781,-96.0967254638672,4945.38,61.48243977352241,202.57600221602797
2024-01-09 23:41:21+00:00,ENY4071,29.59581795385328,-96.09488094554229,4930.14,61.48243977352241,202.57600221602797
2024-01-09 23:41:23+00:00,ENY4071,29.597442626953125,-96.09144357534552,4907.280000000001,61.412817106881,202.1241245054513
2024-01-09 23:41:24+00:00,ENY4071,29.598285222457623,-96.08965705422791,4892.04,61.412817106881,202.1241245054513
2024-01-09 23:41:26+00:00,ENY4071,29.599961103019066,-96.0861026539522,4861.56,61.54102363648583,201.87847079658889
2024-01-09 23:41:27+00:00,ENY4071,29.60103180448888,-96.08389461741729,4846.320000000001,61.54102363648583,201.87847079658889
2024-01-09 23:41:28+00:00,ENY4071,29.601882934570312,-96.08209463266223,4831.08,61.47129128887005,201.4263421444536
2024-01-09 23:41:30+00:00,ENY4071,29.602935791015625,-96.07987623948316,4808.22,61.47129128887005,201.4263421444536
2024-01-09 23:41:33+00:00,ENY4071,29.606245655124468,-96.07290828929229,4762.5,61.53017195061155,200.72877103895772
2024-01-09 23:41:34+00:00,ENY4071,29.607101440429688,-96.07110830453723,4747.26,61.53017195061155,200.72877103895772
2024-01-09 23:41:35+00:00,ENY4071,29.607968087923727,-96.06930003446688,4732.02,61.53017195061155,200.72877103895772
2024-01-09 23:41:36+00:00,ENY4071,29.608932495117188,-96.06725252591644,4716.780000000001,61.53017195061155,200.72877103895772
2024-01-09 23:41:37+00:00,ENY4071,29.609690520722985,-96.06563792509188,4709.16,61.53017195061155,200.72877103895772
2024-01-09 23:41:38+00:00,ENY4071,29.6107612221928,-96.06342988855698,4693.92,61.40124529393591,200.97451319378297
2024-01-09 23:41:39+00:00,ENY4071,29.611459505760063,-96.06186810661768,4686.3,61.40124529393591,200.97451319378297
2024-01-09 23:41:40+00:00,ENY4071,29.61195373535156,-96.06091425969048,4678.68,61.40124529393591,200.97451319378297
2024-01-09 23:41:42+00:00,ENY4071,29.61383366988877,-96.05691348805146,4671.06,61.40124529393591,200.97451319378297
2024-01-09 23:41:43+00:00,ENY4071,29.615066528320312,-96.05436471792363,4663.4400000000005,61.40124529393591,200.97451319378297
2024-01-09 23:41:44+00:00,ENY4071,29.61592852059057,-96.05255126953124,4655.820000000001,61.40124529393591,200.97451319378297
2024-01-09 23:41:45+00:00,ENY4071,29.61662680415784,-96.05109719669116,4648.2,61.40124529393591,200.97451319378297
2024-01-09 23:41:46+00:00,ENY4071,29.61765095338983,-96.04888916015624,4640.58,61.40124529393591,200.97451319378297
2024-01-09 23:41:47+00:00,ENY4071,29.618179321289062,-96.04781517615686,4632.96,61.40124529393591,200.97451319378297
2024-01-09 23:41:48+00:00,ENY4071,29.618865966796875,-96.0463362473708,4625.34,61.40124529393591,200.97451319378297
2024-01-09 23:41:49+00:00,ENY4071,29.619838908567267,-96.04436537798716,4610.1,61.40124529393591,200.97451319378297
2024-01-09 23:41:50+00:00,ENY4071,29.621063232421875,-96.0417938232422,4594.860000000001,61.40124529393591,200.97451319378297
2024-01-09 23:41:51+00:00,ENY4071,29.621978759765625,-96.03978670560394,4587.24,61.40124529393591,200.97451319378297
2024-01-09 23:41:52+00:00,ENY4071,29.622344970703125,-96.03910006009612,4587.24,61.46001481204004,200.27668978653548
2024-01-09 23:41:53+00:00,ENY4071,29.62360963983051,-96.03634105009188,4572.0,61.46001481204004,200.27668978653548
2024-01-09 23:41:54+00:00,ENY4071,29.62458723682468,-96.03434843175552,4556.76,61.46001481204004,200.27668978653548
2024-01-09 23:41:55+00:00,ENY4071,29.62509155273437,-96.03328998272237,4556.76,61.519195240197206,199.5790785647204
2024-01-09 23:41:56+00:00,ENY4071,29.6259372517214,-96.0314402860754,4549.14,61.519195240197206,199.5790785647204
2024-01-09 23:41:57+00:00,ENY4071,29.626961400953387,-96.02928610409008,4533.900000000001,61.519195240197206,199.5790785647204
2024-01-09 23:41:59+00:00,ENY4071,29.62868383375265,-96.0256778492647,4518.66,61.578790775473145,198.8816817611668
2024-01-09 23:42:00+00:00,ENY4071,29.62953186035156,-96.0238882211538,4511.04,61.50809133289311,198.4293935004758
2024-01-09 23:42:01+00:00,ENY4071,29.63021850585937,-96.022462111253,4503.42,61.50809133289311,198.4293935004758
2024-01-09 23:42:02+00:00,ENY4071,29.631430415783896,-96.01991541245404,4488.18,61.56799421975428,197.73195710392565
2024-01-09 23:42:03+00:00,ENY4071,29.631912231445312,-96.01887042705827,4480.56,61.56799421975428,197.73195710392565
2024-01-09 23:42:04+00:00,ENY4071,29.63227844238281,-96.01813096266528,4480.56,61.56799421975428,197.73195710392565
2024-01-09 23:42:05+00:00,ENY4071,29.63397216796875,-96.01453927847052,4465.320000000001,61.6283211125534,197.0347383733317
2024-01-09 23:42:06+00:00,ENY4071,29.63433837890625,-96.01374699519232,4457.7,61.6283211125534,197.0347383733317
2024-01-09 23:42:07+00:00,ENY4071,29.63515459480932,-96.01205264820771,4450.08,61.55707137563666,196.58223954986047
2024-01-09 23:42:08+00:00,ENY4071,29.636398315429688,-96.00936302771936,4434.84,61.68907639390283,196.33773962756715
2024-01-09 23:42:09+00:00,ENY4071,29.63683047537076,-96.00849824793198,4434.84,61.617713475059645,195.8849817824534
2024-01-09 23:42:10+00:00,ENY4071,29.63818049026748,-96.00564395680146,4419.6,61.617713475059645,195.8849817824534
2024-01-09 23:42:12+00:00,ENY4071,29.63973999023437,-96.00228529710034,4404.360000000001,61.67878876199121,195.18794501685295
2024-01-09 23:42:13+00:00,ENY4071,29.640508102158368,-96.0006893382353,4396.74,61.606980578617005,194.73523198504247
2024-01-09 23:42:14+00:00,ENY4071,29.641342163085938,-95.99890488844652,4389.12,61.606980578617005,194.73523198504247
2024-01-09 23:42:15+00:00,ENY4071,29.642183982719807,-95.99718879250918,4381.5,61.53483785734516,194.2828262556752
2024-01-09 23:42:16+00:00,ENY4071,29.642990112304688,-95.99541884202222,4373.88,61.59612019215839,193.58548910214287
2024-01-09 23:42:17+00:00,ENY4071,29.6436767578125,-95.9939927321214,4366.26,61.59612019215839,193.58548910214287
2024-01-09 23:42:18+00:00,ENY4071,29.64399719238281,-95.9933060866136,4358.64,61.52352256742056,193.1331307752685
2024-01-09 23:42:19+00:00,ENY4071,29.64532470703125,-95.99050668569708,4351.02,61.52352256742056,193.1331307752685
2024-01-09 23:42:20+00:00,ENY4071,29.64614092293432,-95.98873362821688,4343.400000000001,61.58513003133343,192.43575325769064
2024-01-09 23:42:21+00:00,ENY4071,29.646885758739405,-95.9872257008272,4328.16,61.58513003133343,192.43575325769064
2024-01-09 23:42:22+00:00,ENY4071,29.647293090820312,-95.98628117487982,4328.16,61.6471855716764,191.7385998466901
2024-01-09 23:42:23+00:00,ENY4071,29.648941040039062,-95.98284794734076,4312.92,61.6471855716764,191.7385998466901
2024-01-09 23:42:24+00:00,ENY4071,29.64977199748411,-95.98108628216914,4305.3,61.57400775690899,191.2860245786009
2024-01-09 23:42:25+00:00,ENY4071,29.6502685546875,-95.98004854642426,4297.68,61.57400775690899,191.2860245786009
2024-01-09 23:42:26+00:00,ENY4071,29.65107546014301,-95.9783397001379,4290.06,61.63639696905666,190.5888313993616
2024-01-09 23:42:27+00:00,ENY4071,29.651773743710272,-95.97683177274814,4282.4400000000005,61.63639696905666,190.5888313993616
2024-01-09 23:42:28+00:00,ENY4071,29.653030654131356,-95.97413904526655,4274.820000000001,61.56275097311141,190.1363031948574
2024-01-09 23:42:30+00:00,ENY4071,29.654525756835938,-95.97096369816704,4259.58,61.62547740762096,189.4390697915051
2024-01-09 23:42:31+00:00,ENY4071,29.655358266022244,-95.96929213579966,4251.96,61.62547740762096,189.4390697915051
2024-01-09 23:42:32+00:00,ENY4071,29.656219482421875,-95.96742483285756,4236.72,61.5513572259086,188.9865892396065
2024-01-09 23:42:34+00:00,ENY4071,29.65777587890625,-95.96415006197412,4221.4800000000005,61.61442448912639,188.28931514841344
2024-01-09 23:42:35+00:00,ENY4071,29.658291057004767,-95.96304500804229,4221.4800000000005,61.61442448912639,188.28931514841344
2024-01-09 23:42:36+00:00,ENY4071,29.65937805175781,-95.96076965332033,4206.24,61.67796051301381,187.59227088612664
2024-01-09 23:42:37+00:00,ENY4071,29.659920385328387,-95.95959831686582,4198.62,61.67796051301381,187.59227088612664
2024-01-09 23:42:38+00:00,ENY4071,29.660804877846928,-95.95765955307904,4191.0,61.60323575643195,187.13956759845777
2024-01-09 23:42:39+00:00,ENY4071,29.66162109375,-95.95601595365082,4183.38,61.5281487231145,186.6871841635624
2024-01-09 23:42:40+00:00,ENY4071,29.66230773925781,-95.95453702486476,4175.76,61.66712176706594,186.44248328604704
2024-01-09 23:42:41+00:00,ENY4071,29.662760071835272,-95.95362046185664,4175.76,61.59190869167988,185.98982727318256
2024-01-09 23:42:42+00:00,ENY4071,29.663543701171875,-95.9519488994892,4160.52,61.59190869167988,185.98982727318256
2024-01-09 23:42:43+00:00,ENY4071,29.66471526582362,-95.94947366153492,4145.280000000001,61.65614850724816,185.29270244079575
2024-01-09 23:42:44+00:00,ENY4071,29.66542053222656,-95.94788184532752,4137.66,61.580440714409306,184.8400943074045
2024-01-09 23:42:45+00:00,ENY4071,29.6663818359375,-95.94587472768929,4130.04,61.72087344380541,184.59581229549823
2024-01-09 23:42:46+00:00,ENY4071,29.66670227050781,-95.94518808218146,4130.04,61.64503821467594,184.1429284769035
2024-01-09 23:42:47+00:00,ENY4071,29.66750840009269,-95.9435496610754,4114.8,61.710126623134,183.4459984928708
2024-01-09 23:42:48+00:00,ENY4071,29.66889953613281,-95.94054002028248,4099.56,61.63378830719965,182.9931615240801
2024-01-09 23:42:49+00:00,ENY4071,29.669742907507946,-95.93881046070771,4099.56,61.69924423399363,182.2961912255691
2024-01-09 23:42:50+00:00,ENY4071,29.670135498046875,-95.9378990760216,4091.94,61.62239613740642,181.84340171531525
2024-01-09 23:42:51+00:00,ENY4071,29.670953265691207,-95.93611773322613,4084.32,61.68822369565808,181.14639061803996
2024-01-09 23:42:52+00:00,ENY4071,29.671837758209744,-95.93428667853864,4076.7,61.75455970195258,180.4496204789748
2024-01-09 23:42:53+00:00,ENY4071,29.6727688029661,-95.93234791475186,4069.08,61.743780392542966,179.2997865912463
2024-01-09 23:42:54+00:00,ENY4071,29.673094668630824,-95.93164780560664,4069.08,61.6657575168754,178.84680989608424
2024-01-09 23:42:55+00:00,ENY4071,29.673843383789062,-95.93008188100958,4061.46,61.73286193765378,178.1499591316772
2024-01-09 23:42:56+00:00,ENY4071,29.67491020590572,-95.92777027803312,4046.22,61.721801626337246,177.00013822554322
2024-01-09 23:42:58+00:00,ENY4071,29.676074011851163,-95.9252391142004,4038.6,61.63095370672142,175.3974920609904
2024-01-09 23:42:59+00:00,ENY4071,29.67686462402344,-95.9236379770132,4030.98,61.63095370672142,175.3974920609904
2024-01-09 23:43:00+00:00,ENY4071,29.67793610136388,-95.9213077320772,4015.74,61.76808174133644,174.00379129109498
2024-01-09 23:43:01+00:00,ENY4071,29.67864990234375,-95.91983501727763,4008.12,61.606980578617005,173.0979839867044
2024-01-09 23:43:02+00:00,ENY4071,29.67909990730932,-95.91888427734376,4008.12,61.67608506811135,172.40092275781942
2024-01-09 23:43:03+00:00,ENY4071,29.68011474609375,-95.91671870304988,4000.5,61.74575053832009,171.7041143530067
2024-01-09 23:43:04+00:00,ENY4071,29.680435180664062,-95.91603205754204,3992.88,61.58236194098293,170.79850703212546
2024-01-09 23:43:05+00:00,ENY4071,29.681148205773304,-95.91446820427392,3985.26,61.65229973035416,170.10135785301327
2024-01-09 23:43:06+00:00,ENY4071,29.681854248046875,-95.91296856219952,3977.64,61.72281304365277,169.40446420620472
2024-01-09 23:43:07+00:00,ENY4071,29.68259132514565,-95.91145234949448,3970.02,61.6401642595592,168.95158661794673
2024-01-09 23:43:08+00:00,ENY4071,29.683868408203125,-95.908690232497,3962.4,61.71110917056312,168.25464952282533
2024-01-09 23:43:09+00:00,ENY4071,29.68463962360964,-95.90709013097428,3947.16,61.69924423399363,167.10484195677165
2024-01-09 23:43:10+00:00,ENY4071,29.685333251953125,-95.90562673715442,3947.16,61.69924423399363,167.10484195677165
2024-01-09 23:43:11+00:00,ENY4071,29.685710325079448,-95.90477438534008,3939.54,61.68721488722242,165.95504165597936
2024-01-09 23:43:12+00:00,ENY4071,29.686752319335938,-95.90256324181188,3931.92,61.60274617026517,165.50231965237748
2024-01-09 23:43:13+00:00,ENY4071,29.687432757878707,-95.90111227596508,3924.3,61.75964456952884,165.25827894066686
2024-01-09 23:43:14+00:00,ENY4071,29.68803793697034,-95.89987362132354,3916.68,61.67501769018877,164.8052487725115
2024-01-09 23:43:15+00:00,ENY4071,29.688720703125,-95.89839054987982,3909.06,61.67501769018877,164.8052487725115
2024-01-09 23:43:16+00:00,ENY4071,29.68938795186705,-95.8969654756434,3901.44,61.517814252959575,165.04995933006433
2024-01-09 23:43:17+00:00,ENY4071,29.69013977050781,-95.89537987342248,3893.82,61.60274617026517,165.50231965237748
2024-01-09 23:43:18+00:00,ENY4071,29.690831071239405,-95.89389576631436,3893.82,61.446310966447946,165.74759777282588
2024-01-09 23:43:19+00:00,ENY4071,29.691558837890625,-95.8924748347356,3886.2,61.446310966447946,165.74759777282588
2024-01-09 23:43:20+00:00,ENY4071,29.69227419061176,-95.89093376608456,3878.58,61.53108100340568,166.19965164880037
2024-01-09 23:43:21+00:00,ENY4071,29.69297790527344,-95.88946415827826,3870.96,61.37540718693291,166.44549219064365
2024-01-09 23:43:22+00:00,ENY4071,29.69384765625,-95.88761549729566,3863.34,61.37540718693291,166.44549219064365
2024-01-09 23:43:24+00:00,ENY4071,29.69516042935646,-95.88484820197613,3855.72,61.37540718693291,166.44549219064365
2024-01-09 23:43:26+00:00,ENY4071,29.6964111328125,-95.8822279710036,3832.86,61.37540718693291,166.44549219064365
2024-01-09 23:43:27+00:00,ENY4071,29.69688286215572,-95.8812938017004,3832.86,61.37540718693291,166.44549219064365
2024-01-09 23:43:28+00:00,ENY4071,29.6978759765625,-95.87916447566109,3817.62,61.46001481204004,166.89724148877957
2024-01-09 23:43:29+00:00,ENY4071,29.698745727539062,-95.87736863356372,3810.0,61.30509562065655,167.1436393771097
2024-01-09 23:43:30+00:00,ENY4071,29.699722548662603,-95.87526209214155,3794.76,61.46001481204004,166.89724148877957
2024-01-09 23:43:31+00:00,ENY4071,29.700164794921875,-95.87430513822112,3794.76,61.30509562065655,167.1436393771097
2024-01-09 23:43:32+00:00,ENY4071,29.700932906845868,-95.87278478285845,3787.14,61.30509562065655,167.1436393771097
2024-01-09 23:43:33+00:00,ENY4071,29.701629638671875,-95.8712944617638,3779.52,61.46001481204004,166.89724148877957
2024-01-09 23:43:34+00:00,ENY4071,29.70242257845604,-95.8696612189798,3771.9,61.46001481204004,166.89724148877957
2024-01-09 23:43:35+00:00,ENY4071,29.70321396649894,-95.86793787339155,3764.28,61.46001481204004,166.89724148877957
2024-01-09 23:43:36+00:00,ENY4071,29.70391845703125,-95.86643512432391,3756.66,61.46001481204004,166.89724148877957
2024-01-09 23:43:37+00:00,ENY4071,29.70465708587129,-95.86492201861216,3749.04,61.46001481204004,166.89724148877957
2024-01-09 23:43:38+00:00,ENY4071,29.705215712725103,-95.8636833639706,3741.42,61.54416546764159,167.34935275584624
2024-01-09 23:43:39+00:00,ENY4071,29.705867444054554,-95.8623370002298,3733.8,61.54416546764159,167.34935275584624
2024-01-09 23:43:40+00:00,ENY4071,29.706705384335272,-95.86061365464155,3726.18,61.54416546764159,167.34935275584624
2024-01-09 23:43:41+00:00,ENY4071,29.70726401118909,-95.85942885454966,3718.56,61.54416546764159,167.34935275584624
2024-01-09 23:43:42+00:00,ENY4071,29.707992553710938,-95.85787846491888,3718.56,61.54416546764159,167.34935275584624
2024-01-09 23:43:43+00:00,ENY4071,29.70870713056144,-95.8563591452206,3710.94,61.54416546764159,167.34935275584624
2024-01-09 23:43:44+00:00,ENY4071,29.70977783203125,-95.85407550518327,3695.7,61.54416546764159,167.34935275584624
2024-01-09 23:43:45+00:00,ENY4071,29.71015024993379,-95.85334329044116,3695.7,61.54416546764159,167.34935275584624
2024-01-09 23:43:46+00:00,ENY4071,29.71087646484375,-95.85180429311896,3688.08,61.54416546764159,167.34935275584624
2024-01-09 23:43:47+00:00,ENY4071,29.711593369306144,-95.85027358111216,3680.46,61.38954033403479,167.59508595260766
2024-01-09 23:43:48+00:00,ENY4071,29.71229553222656,-95.84879361666162,3672.84,61.38954033403479,167.59508595260766
2024-01-09 23:43:50+00:00,ENY4071,29.714035034179688,-95.84514911358173,3657.6,61.38954033403479,167.59508595260766
2024-01-09 23:43:51+00:00,ENY4071,29.714758921477756,-95.84359561695771,3649.98,61.38954033403479,167.59508595260766
2024-01-09 23:43:53+00:00,ENY4071,29.716202040850103,-95.84057976217832,3634.74,61.38954033403479,167.59508595260766
2024-01-09 23:43:54+00:00,ENY4071,29.7169189453125,-95.83907494178186,3627.12,61.54416546764159,167.34935275584624
2024-01-09 23:43:55+00:00,ENY4071,29.717645160222457,-95.83751005284928,3619.5,61.54416546764159,167.34935275584624
2024-01-09 23:43:56+00:00,ENY4071,29.718063354492188,-95.83664527306188,3611.88,61.54416546764159,167.34935275584624
2024-01-09 23:43:57+00:00,ENY4071,29.718808966167902,-95.83508659811582,3604.26,61.54416546764159,167.34935275584624
2024-01-09 23:43:58+00:00,ENY4071,29.719528198242188,-95.83358177771936,3596.6400000000003,61.54416546764159,167.34935275584624
2024-01-09 23:43:59+00:00,ENY4071,29.71992621987553,-95.83266314338238,3596.6400000000003,61.54416546764159,167.34935275584624
2024-01-09 23:44:00+00:00,ENY4071,29.72103881835937,-95.83041264460638,3581.4,61.46001481204004,166.89724148877957
2024-01-09 23:44:02+00:00,ENY4071,29.722812458620236,-95.82663143382354,3566.1600000000003,61.6153909682099,166.65206735639669
2024-01-09 23:44:03+00:00,ENY4071,29.723091772047137,-95.82598517922791,3558.54,61.6153909682099,166.65206735639669
2024-01-09 23:44:05+00:00,ENY4071,29.724581443657307,-95.82286161534928,3543.3,61.6153909682099,166.65206735639669
2024-01-09 23:44:06+00:00,ENY4071,29.7249755859375,-95.8220672607422,3543.3,61.6153909682099,166.65206735639669
2024-01-09 23:44:07+00:00,ENY4071,29.72602456302966,-95.8197919060202,3528.0600000000004,61.6153909682099,166.65206735639669
2024-01-09 23:44:08+00:00,ENY4071,29.72698974609375,-95.81773611215442,3520.44,61.6153909682099,166.65206735639669
2024-01-09 23:44:10+00:00,ENY4071,29.72836303710937,-95.81477825458234,3505.2000000000003,61.53108100340568,166.19965164880037
2024-01-09 23:44:11+00:00,ENY4071,29.72914356296345,-95.81316779641544,3497.5800000000004,61.53108100340568,166.19965164880037
2024-01-09 23:44:12+00:00,ENY4071,29.729507446289062,-95.81240140474756,3497.5800000000004,61.68721488722242,165.95504165597936
2024-01-09 23:44:13+00:00,ENY4071,29.729934951006356,-95.81149830537686,3489.96,61.68721488722242,165.95504165597936
2024-01-09 23:44:15+00:00,ENY4071,29.73179626464844,-95.80754206730768,3474.7200000000003,61.68721488722242,165.95504165597936
2024-01-09 23:44:19+00:00,ENY4071,29.734359741210938,-95.80215454101562,3444.24,61.60274617026517,165.50231965237748
2024-01-09 23:44:20+00:00,ENY4071,29.735504150390625,-95.79972487229566,3436.6200000000003,61.60274617026517,165.50231965237748
2024-01-09 23:44:21+00:00,ENY4071,29.73621950311176,-95.79819623161768,3429.0,61.68721488722242,165.95504165597936
2024-01-09 23:44:22+00:00,ENY4071,29.736824682203387,-95.79684986787686,3421.38,61.68721488722242,165.95504165597936
2024-01-09 23:44:23+00:00,ENY4071,29.73761607024629,-95.79518037683825,3413.76,61.68721488722242,165.95504165597936
2024-01-09 23:44:24+00:00,ENY4071,29.73834228515625,-95.79370351938098,3406.1400000000003,61.68721488722242,165.95504165597936
2024-01-09 23:44:25+00:00,ENY4071,29.739059189618644,-95.79216452205884,3398.52,61.68721488722242,165.95504165597936
2024-01-09 23:44:27+00:00,ENY4071,29.74017644332627,-95.789794921875,3390.9,61.68721488722242,165.95504165597936
2024-01-09 23:44:28+00:00,ENY4071,29.741180419921875,-95.78768216646633,3375.6600000000003,61.68721488722242,165.95504165597936
2024-01-09 23:44:30+00:00,ENY4071,29.74250405521716,-95.78484030330884,3368.04,61.68721488722242,165.95504165597936
2024-01-09 23:44:31+00:00,ENY4071,29.743148803710938,-95.7834038367638,3360.42,61.68721488722242,165.95504165597936
2024-01-09 23:44:32+00:00,ENY4071,29.743574756686968,-95.78252455767466,3352.8,61.68721488722242,165.95504165597936
2024-01-09 23:44:36+00:00,ENY4071,29.746627807617188,-95.77606201171876,3322.32,61.6153909682099,166.65206735639669
2024-01-09 23:44:39+00:00,ENY4071,29.74902136851165,-95.77099968405332,3299.46,61.6153909682099,166.65206735639669
2024-01-09 23:44:40+00:00,ENY4071,29.749740600585938,-95.7695124699519,3291.84,61.6153909682099,166.65206735639669
2024-01-09 23:44:43+00:00,ENY4071,29.75180053710937,-95.76507568359376,3268.98,61.69924423399363,167.10484195677165
2024-01-09 23:44:44+00:00,ENY4071,29.75218692068326,-95.76432171989892,3268.98,61.69924423399363,167.10484195677165
2024-01-09 23:44:45+00:00,ENY4071,29.753304174390887,-95.76189826516544,3253.74,61.69924423399363,167.10484195677165
2024-01-09 23:44:47+00:00,ENY4071,29.75474729376324,-95.75888241038604,3238.5,61.69924423399363,167.10484195677165
2024-01-09 23:44:49+00:00,ENY4071,29.756103515625,-95.75599083533656,3223.26,61.69924423399363,167.10484195677165
2024-01-09 23:44:50+00:00,ENY4071,29.756881713867188,-95.75430063100958,3215.6400000000003,61.69924423399363,167.10484195677165
2024-01-09 23:44:51+00:00,ENY4071,29.75752258300781,-95.7529801588792,3208.02,61.69924423399363,167.10484195677165
2024-01-09 23:44:52+00:00,ENY4071,29.757797241210938,-95.7523463322566,3208.02,61.69924423399363,167.10484195677165
2024-01-09 23:44:54+00:00,ENY4071,29.75958872649629,-95.74854233685664,3192.78,61.6153909682099,166.65206735639669
2024-01-09 23:44:57+00:00,ENY4071,29.76177978515625,-95.743895310622,3169.92,61.771223818630425,166.4081223889514
2024-01-09 23:44:58+00:00,ENY4071,29.76214909957627,-95.74310302734376,3162.3,61.771223818630425,166.4081223889514
2024-01-09 23:44:59+00:00,ENY4071,29.763312905521715,-95.7406795726103,3154.6800000000003,61.771223818630425,166.4081223889514
2024-01-09 23:45:01+00:00,ENY4071,29.76443015922934,-95.73825611787686,3139.44,61.771223818630425,166.4081223889514
2024-01-09 23:45:02+00:00,ENY4071,29.765167236328125,-95.73671194223256,3131.82,61.771223818630425,166.4081223889514
2024-01-09 23:45:03+00:00,ENY4071,29.76571655273437,-95.73549710787256,3124.2000000000003,61.771223818630425,166.4081223889514
2024-01-09 23:45:04+00:00,ENY4071,29.766711218882413,-95.73340920840992,3116.5800000000004,61.771223818630425,166.4081223889514
2024-01-09 23:45:05+00:00,ENY4071,29.767410278320312,-95.73185260479266,3108.96,61.68721488722242,165.95504165597936
2024-01-09 23:45:07+00:00,ENY4071,29.768829345703125,-95.72884192833531,3093.7200000000003,61.84380855172743,165.71166766148775
2024-01-09 23:45:08+00:00,ENY4071,29.7695509053893,-95.72737749885113,3086.1000000000004,61.75964456952884,165.25827894066686
2024-01-09 23:45:09+00:00,ENY4071,29.770248413085938,-95.725831251878,3078.48,61.75964456952884,165.25827894066686
2024-01-09 23:45:10+00:00,ENY4071,29.770947472523837,-95.72436164407168,3070.86,61.75964456952884,165.25827894066686
2024-01-09 23:45:11+00:00,ENY4071,29.771713256835938,-95.7227149376502,3063.24,61.83268747665104,164.56178255093496
2024-01-09 23:45:12+00:00,ENY4071,29.772344039658368,-95.72134578929229,3063.24,61.83268747665104,164.56178255093496
2024-01-09 23:45:13+00:00,ENY4071,29.77304077148437,-95.71986271784856,3055.6200000000003,61.83268747665104,164.56178255093496
2024-01-09 23:45:14+00:00,ENY4071,29.773681640625,-95.71848942683296,3048.0,61.74790305839996,164.10844233657707
2024-01-09 23:45:15+00:00,ENY4071,29.774299233646715,-95.71714513442096,3040.38,61.74790305839996,164.10844233657707
2024-01-09 23:45:18+00:00,ENY4071,29.77642822265625,-95.71257371168872,3017.52,61.82140989004083,163.4119037274286
2024-01-09 23:45:19+00:00,ENY4071,29.77681305448888,-95.71181353400738,3017.52,61.73599585147607,162.95861272156
2024-01-09 23:45:20+00:00,ENY4071,29.777847290039062,-95.70956303523138,3002.28,61.73599585147607,162.95861272156
2024-01-09 23:45:21+00:00,ENY4071,29.77862548828125,-95.70792564978969,2994.6600000000003,61.65010549860304,162.5056858873148
2024-01-09 23:45:22+00:00,ENY4071,29.779220581054688,-95.70660517765924,2987.04,61.65010549860304,162.5056858873148
2024-01-09 23:45:23+00:00,ENY4071,29.780044555664062,-95.70491497333234,2979.42,61.65010549860304,162.5056858873148
2024-01-09 23:45:24+00:00,ENY4071,29.780769994703387,-95.70335836971508,2971.8,61.563735225282464,162.05312627819356
2024-01-09 23:45:25+00:00,ENY4071,29.781417846679688,-95.70200993464545,2964.1800000000003,61.563735225282464,162.05312627819356
2024-01-09 23:45:26+00:00,ENY4071,29.782120009600103,-95.70050407858456,2956.56,61.563735225282464,162.05312627819356
2024-01-09 23:45:27+00:00,ENY4071,29.78244587526483,-95.69980396943936,2956.56,61.563735225282464,162.05312627819356
2024-01-09 23:45:30+00:00,ENY4071,29.78491314386917,-95.69463393267466,2933.7000000000003,61.563735225282464,162.05312627819356
2024-01-09 23:45:32+00:00,ENY4071,29.786263158765887,-95.69167193244488,2918.46,61.563735225282464,162.05312627819356
2024-01-09 23:45:33+00:00,ENY4071,29.7868217856197,-95.69048713235291,2918.46,61.563735225282464,162.05312627819356
2024-01-09 23:45:34+00:00,ENY4071,29.78759765625,-95.68891085111176,2910.84,61.563735225282464,162.05312627819356
2024-01-09 23:45:35+00:00,ENY4071,29.78826490499205,-95.68752513212314,2903.2200000000003,61.563735225282464,162.05312627819356
2024-01-09 23:45:36+00:00,ENY4071,29.78905629303496,-95.68580178653492,2895.6000000000004,61.563735225282464,162.05312627819356
2024-01-09 23:45:38+00:00,ENY4071,29.79045286016949,-95.68283978630518,2880.36,61.563735225282464,162.05312627819356
2024-01-09 23:45:39+00:00,ENY4071,29.79112243652344,-95.68135775052582,2872.74,61.563735225282464,162.05312627819356
2024-01-09 23:45:40+00:00,ENY4071,29.791717529296875,-95.68009009728064,2865.1200000000003,61.563735225282464,162.05312627819356
2024-01-09 23:45:43+00:00,ENY4071,29.793960571289062,-95.6753892164964,2842.26,61.563735225282464,162.05312627819356
2024-01-09 23:45:44+00:00,ENY4071,29.79464256157309,-95.67395378561582,2834.6400000000003,61.563735225282464,162.05312627819356
2024-01-09 23:45:46+00:00,ENY4071,29.795992576469807,-95.67104563993564,2819.4,61.63738312705162,161.3559162116849
2024-01-09 23:45:47+00:00,ENY4071,29.796271889896715,-95.6704532398897,2819.4,61.63738312705162,161.3559162116849
2024-01-09 23:45:48+00:00,ENY4071,29.79738914360434,-95.66813749425552,2804.1600000000003,61.63738312705162,161.3559162116849
2024-01-09 23:45:50+00:00,ENY4071,29.79878571073888,-95.66506778492646,2788.92,61.55035991033842,160.9034123250913
2024-01-09 23:45:51+00:00,ENY4071,29.79917907714844,-95.66429725060097,2788.92,61.55035991033842,160.9034123250913
2024-01-09 23:45:52+00:00,ENY4071,29.80000305175781,-95.6625542273888,2781.3,61.55035991033842,160.9034123250913
2024-01-09 23:45:53+00:00,ENY4071,29.800973665916317,-95.66054400275738,2766.06,61.46284605083365,160.45128171648452
2024-01-09 23:45:54+00:00,ENY4071,29.80137634277344,-95.6596491887019,2766.06,61.46284605083365,160.45128171648452
2024-01-09 23:45:55+00:00,ENY4071,29.80169677734375,-95.65901536207934,2758.44,61.46284605083365,160.45128171648452
2024-01-09 23:45:57+00:00,ENY4071,29.803619384765625,-95.65494830791766,2743.2000000000003,61.46284605083365,160.45128171648452
2024-01-09 23:45:58+00:00,ENY4071,29.804325427039192,-95.65343520220593,2735.58,61.62447814396496,160.20615460589923
2024-01-09 23:46:01+00:00,ENY4071,29.806001307600635,-95.6499346564798,2720.34,61.71167012395564,160.6589750589893
2024-01-09 23:46:02+00:00,ENY4071,29.807025456832623,-95.6476727653952,2712.7200000000003,61.71167012395564,160.6589750589893
2024-01-09 23:46:06+00:00,ENY4071,29.80977203886388,-95.6418026194853,2682.24,61.71167012395564,160.6589750589893
2024-01-09 23:46:07+00:00,ENY4071,29.81037721795551,-95.64051011029414,2674.6200000000003,61.71167012395564,160.6589750589893
2024-01-09 23:46:10+00:00,ENY4071,29.81268310546875,-95.63561659592848,2651.76,61.873470654675415,160.41581512248044
2024-01-09 23:46:14+00:00,ENY4071,29.815200805664062,-95.6302290696364,2621.28,61.873470654675415,160.41581512248044
2024-01-09 23:46:17+00:00,ENY4071,29.817306518554688,-95.62563382662256,2606.04,62.035761149056455,160.17393833290416
2024-01-09 23:46:18+00:00,ENY4071,29.817965232719807,-95.62419218175552,2598.42,62.035761149056455,160.17393833290416
2024-01-09 23:46:20+00:00,ENY4071,29.819503784179688,-95.62098576472356,2583.1800000000003,61.94922423382144,159.71974276111678
2024-01-09 23:46:21+00:00,ENY4071,29.820153187897244,-95.6195068359375,2575.56,61.94922423382144,159.71974276111678
2024-01-09 23:46:23+00:00,ENY4071,29.821197509765625,-95.61734126164362,2560.32,61.94922423382144,159.71974276111678
2024-01-09 23:46:26+00:00,ENY4071,29.82341184454449,-95.61255959903492,2537.46,61.77466645393921,158.81245403513165
2024-01-09 23:46:28+00:00,ENY4071,29.82435607910156,-95.61052762545069,2529.84,61.77466645393921,158.81245403513165
2024-01-09 23:46:29+00:00,ENY4071,29.825454711914062,-95.60820359450122,2514.6,61.68663790207096,158.35936719701792
2024-01-09 23:46:34+00:00,ENY4071,29.82843017578125,-95.60191814716046,2484.1200000000003,61.673847170269966,157.20957484992604
2024-01-09 23:46:35+00:00,ENY4071,29.82937053098517,-95.59990377987134,2476.5,61.673847170269966,157.20957484992604
2024-01-09 23:46:37+00:00,ENY4071,29.830720545881885,-95.59704948874082,2468.88,61.750264505025726,156.51277057425108
2024-01-09 23:46:39+00:00,ENY4071,29.8320705607786,-95.59414134306064,2453.6400000000003,61.66086796410411,156.05979045301964
2024-01-09 23:46:40+00:00,ENY4071,29.832733154296875,-95.5927276611328,2446.02,61.66086796410411,156.05979045301964
2024-01-09 23:46:41+00:00,ENY4071,29.8330078125,-95.59214665339545,2438.4,61.82736517320336,155.81624720059963
2024-01-09 23:46:42+00:00,ENY4071,29.833786010742188,-95.59045644906848,2430.78,61.73779263332173,155.36293972614217
2024-01-09 23:46:43+00:00,ENY4071,29.83433532714844,-95.5892416147085,2430.78,61.73779263332173,155.36293972614217
2024-01-09 23:46:47+00:00,ENY4071,29.83737751588983,-95.58277803308825,2400.3,61.81541033199856,154.666371571114
2024-01-09 23:46:48+00:00,ENY4071,29.838043212890625,-95.58137160081128,2392.6800000000003,61.81541033199856,154.666371571114
2024-01-09 23:46:49+00:00,ENY4071,29.838680978548727,-95.57997759650738,2385.06,61.72513477878048,154.2131163492942
2024-01-09 23:46:50+00:00,ENY4071,29.839096069335938,-95.5791532076322,2377.44,61.89373017919814,153.97008982304152
2024-01-09 23:46:52+00:00,ENY4071,29.8406982421875,-95.57566716120796,2362.2000000000003,61.80327640203575,153.51650277595826
2024-01-09 23:46:53+00:00,ENY4071,29.84133445610434,-95.57432286879596,2354.58,61.80327640203575,153.51650277595826
2024-01-09 23:46:56+00:00,ENY4071,29.84326171875,-95.57017399714545,2331.7200000000003,61.62075691389205,152.61048676033462
2024-01-09 23:46:58+00:00,ENY4071,29.844686217227224,-95.56716021369488,2324.1,61.69924423399363,151.9134926879742
2024-01-09 23:47:00+00:00,ENY4071,29.84614562988281,-95.56409982534552,2308.86,61.69924423399363,151.9134926879742
2024-01-09 23:47:07+00:00,ENY4071,29.850179381289724,-95.555419921875,2263.1400000000003,61.76575892377085,150.06693896748095
2024-01-09 23:47:08+00:00,ENY4071,29.851156978283896,-95.55337344898896,2255.52,61.76575892377085,150.06693896748095
2024-01-09 23:47:09+00:00,ENY4071,29.851436291710804,-95.5527271943934,2247.9,61.76575892377085,150.06693896748095
2024-01-09 23:47:10+00:00,ENY4071,29.852413888704977,-95.55062686695771,2232.6600000000003,61.76575892377085,150.06693896748095
2024-01-09 23:47:13+00:00,ENY4071,29.85433959960937,-95.54651113656848,2202.1800000000003,61.76575892377085,150.06693896748095
2024-01-09 23:47:16+00:00,ENY4071,29.856124877929688,-95.54270817683296,2171.7000000000003,61.93908563104947,149.82425270314968
2024-01-09 23:47:19+00:00,ENY4071,29.85804670948093,-95.53856344784008,2148.84,61.93908563104947,149.82425270314968
2024-01-09 23:47:21+00:00,ENY4071,29.859420776367188,-95.53557762732872,2133.6,61.846258974252365,149.37047867403547
2024-01-09 23:47:23+00:00,ENY4071,29.860095007944917,-95.5340935202206,2125.98,61.846258974252365,149.37047867403547
2024-01-09 23:47:31+00:00,ENY4071,29.86568127648305,-95.5221378102022,2065.02,61.91576008389895,147.52438545667567
2024-01-09 23:47:33+00:00,ENY4071,29.86684508242849,-95.51960664636948,2049.78,61.998365187363575,146.82848214640973
2024-01-09 23:47:34+00:00,ENY4071,29.867477416992188,-95.51825303297778,2042.16,62.08175686914232,146.1328869385117
2024-01-09 23:47:39+00:00,ENY4071,29.87056926145392,-95.51163617302392,2011.68,62.15582976896782,144.28755688202443
2024-01-09 23:47:40+00:00,ENY4071,29.87091064453125,-95.51085838904748,2011.68,62.06011404235261,143.83287530867594
2024-01-09 23:47:44+00:00,ENY4071,29.87345550019862,-95.50533519071688,1981.2,62.135105559793374,141.98747596070956
2024-01-09 23:47:52+00:00,ENY4071,29.878097534179688,-95.49538245567908,1935.48,61.90231703256405,137.62891401345064
2024-01-09 23:47:55+00:00,ENY4071,29.88011247020657,-95.49106373506436,1912.62,61.889400577852754,136.47899725313346
2024-01-09 23:47:57+00:00,ENY4071,29.88127627615201,-95.48853257123164,1905.0,62.08023357189139,136.23735973133785
2024-01-09 23:48:02+00:00,ENY4071,29.88372802734375,-95.4831812931941,1889.76,62.37224848409242,136.4528162781338
2024-01-09 23:48:04+00:00,ENY4071,29.885140111890887,-95.47996969784008,1874.52,63.24268182812344,137.12031718289592
2024-01-09 23:48:16+00:00,ENY4071,29.89027404785156,-95.46326857346752,1836.42,77.02094003081092,142.013568377493
2024-01-09 23:48:21+00:00,ENY4071,29.891372680664062,-95.45619084284856,1836.42,81.550461738807,143.54462632450424
2024-01-09 23:48:22+00:00,ENY4071,29.891564320709744,-95.4546580595129,1836.42,82.39180832721249,143.76662001404682
2024-01-09 23:48:23+00:00,ENY4071,29.8916015625,-95.45391963078424,1836.42,83.23038047237605,144.01951431412246
2024-01-09 23:48:25+00:00,ENY4071,29.891936738612287,-95.45051125919116,1828.8,84.69489039378962,144.6639944891552
2024-01-09 23:48:30+00:00,ENY4071,29.892216052039192,-95.44399485868564,1828.8,88.5880659613964,146.14646911376573
2024-01-09 23:48:34+00:00,ENY4071,29.89226260427701,-95.4378554400276,1828.8,89.7989630021654,146.61744253055548
2024-01-09 23:48:41+00:00,ENY4071,29.892216052039192,-95.42638442095593,1828.8,90.60098263884797,147.13907817595734
2024-01-09 23:48:43+00:00,ENY4071,29.892169499801376,-95.42336856617646,1828.8,90.60098263884797,147.13907817595734
2024-01-09 23:48:56+00:00,ENY4071,29.89207639532574,-95.40365780101104,1836.42,90.39926726184676,147.64901293208746
2024-01-09 23:48:57+00:00,ENY4071,29.89207639532574,-95.4019344554228,1836.42,90.39926726184676,147.64901293208746
2024-01-09 23:48:58+00:00,ENY4071,29.892059326171875,-95.40036128117488,1836.42,90.39926726184676,147.64901293208746
2024-01-09 23:49:09+00:00,ENY4071,29.892013549804688,-95.38435715895434,1828.8,90.1996360545244,147.64632424118224
2024-01-09 23:49:12+00:00,ENY4071,29.8919677734375,-95.37933936485877,1828.8,90.1996360545244,147.64632424118224
2024-01-09 23:49:13+00:00,ENY4071,29.891983290850103,-95.37856158088238,1836.42,90.1996360545244,147.64632424118224
2024-01-09 23:49:15+00:00,ENY4071,29.891983290850103,-95.3741455078125,1828.8,90.1996360545244,147.64632424118224
2024-01-09 23:49:17+00:00,ENY4071,29.891983290850103,-95.37102194393384,1828.8,90.19894287936064,148.1607651292525
2024-01-09 23:49:19+00:00,ENY4071,29.891936738612287,-95.36811379825366,1828.8,90.19894287936064,148.1607651292525
2024-01-09 23:49:20+00:00,ENY4071,29.8919677734375,-95.36719102125905,1828.8,90.0,147.645428
2024-01-09 23:49:22+00:00,ENY4071,29.891936738612287,-95.36504408892466,1828.8,90.0,147.645428
2024-01-09 23:49:27+00:00,ENY4071,29.891936738612287,-95.3557811063879,1828.8,90.1996360545244,147.64632424118224
2024-01-09 23:49:29+00:00,ENY4071,29.891921997070312,-95.35356374887316,1828.8,90.1996360545244,147.64632424118224
2024-01-09 23:49:31+00:00,ENY4071,29.891936738612287,-95.35088034237134,1828.8,90.1996360545244,147.64632424118224
2024-01-09 23:49:34+00:00,ENY4071,29.891921997070312,-95.34505990835332,1828.8,90.1996360545244,147.64632424118224
2024-01-09 23:49:37+00:00,ENY4071,29.891921997070312,-95.34120412973256,1828.8,90.1996360545244,147.64632424118224
2024-01-09 23:49:41+00:00,ENY4071,29.891876220703125,-95.33586942232569,1828.8,90.1996360545244,147.64632424118224
2024-01-09 23:49:42+00:00,ENY4071,29.891876220703125,-95.33280592698316,1828.8,90.1996360545244,147.64632424118224
2024-01-09 23:49:51+00:00,ENY4071,29.89184363413665,-95.32029095818018,1836.42,90.40634623330904,145.07685649312853
2024-01-09 23:49:52+00:00,ENY4071,29.891830444335938,-95.31817509577826,1828.8,90.40779225656576,144.56242547676158
2024-01-09 23:50:06+00:00,ENY4071,29.89169311523437,-95.29826237605168,1828.8,90.43078721700864,136.8459719453348
2024-01-09 23:50:17+00:00,ENY4071,29.8916015625,-95.28320899376504,1828.8,90.21952298525966,134.27086952128744
2024-01-09 23:50:37+00:00,ENY4071,29.891647338867188,-95.25516216571516,1828.8,90.0,130.154332
2024-01-09 23:50:43+00:00,ENY4071,29.8916015625,-95.24850698617789,1828.8,90.22736301099056,129.64090871820392
2024-01-09 23:50:51+00:00,ENY4071,29.89155578613281,-95.23667555588942,1828.8,90.2264643523412,130.1553486837762
2024-01-09 23:50:52+00:00,ENY4071,29.891564320709744,-95.23590087890624,1828.8,90.2264643523412,130.1553486837762
2024-01-09 23:50:58+00:00,ENY4071,29.89155578613281,-95.22843580979566,1828.8,90.22557276963408,130.66978868111525
2024-01-09 23:50:59+00:00,ENY4071,29.891510009765625,-95.22574204664966,1828.8,90.22557276963408,130.66978868111525
2024-01-09 23:51:04+00:00,ENY4071,29.891517768471928,-95.22017535041364,1836.42,90.22557276963408,130.66978868111525
2024-01-09 23:51:05+00:00,ENY4071,29.891510009765625,-95.21771357609674,1836.42,90.0,130.668776
2024-01-09 23:51:12+00:00,ENY4071,29.891517768471928,-95.20972756778492,1828.8,90.0,130.668776
