Timestamp,Callsign,lat,lon,Altitude,Speed,Direction
2024-11-20 12:52:57+00:00,FFT3378,25.7801513671875,-80.39520263671875,1005.84,247.9036883703396,129.92232040309017
2024-11-20 12:52:58+00:00,FFT3378,25.779744810977224,-80.39623908276826,1028.7,246.4743483918489,130.17059798753482
2024-11-20 12:52:59+00:00,FFT3378,25.779281616210938,-80.3973388671875,1036.3200000000002,244.8468828615256,130.71737584398144
2024-11-20 12:53:00+00:00,FFT3378,25.77876721398305,-80.39846744177476,1059.18,243.132864911074,130.90957316817034
2024-11-20 12:53:01+00:00,FFT3378,25.77825513936705,-80.39955571012678,1066.8,241.1202108565919,131.01465651026487
2024-11-20 12:53:02+00:00,FFT3378,25.777649960275426,-80.40069580078125,1082.04,239.61419070632053,131.19935842691677
2024-11-20 12:53:03+00:00,FFT3378,25.7768120199947,-80.40225046985552,1097.28,238.4218350678862,131.64138466236702
2024-11-20 12:53:04+00:00,FFT3378,25.776206840903072,-80.40323509360258,1120.14,238.4218350678862,131.64138466236702
2024-11-20 12:53:05+00:00,FFT3378,25.77552795410156,-80.40435791015625,1135.38,236.74257846503951,132.26914493435126
2024-11-20 12:53:06+00:00,FFT3378,25.77484130859375,-80.405527750651,1143.0,236.0635005333433,132.69464466087678
2024-11-20 12:53:07+00:00,FFT3378,25.774200439453125,-80.40654500325519,1158.24,235.38885781546963,133.138663784308
2024-11-20 12:53:08+00:00,FFT3378,25.77350681110964,-80.40763998931305,1173.48,234.71879220282565,133.60101765873037
2024-11-20 12:53:09+00:00,FFT3378,25.772761975304554,-80.40878007996758,1188.72,234.0534386621738,134.08151661287428
2024-11-20 12:53:10+00:00,FFT3378,25.7720947265625,-80.40974934895831,1203.96,233.3929251873925,134.57996629346917
2024-11-20 12:53:11+00:00,FFT3378,25.77145851264565,-80.41069750515919,1211.5800000000002,232.7373727732063,135.09616800811497
2024-11-20 12:53:12+00:00,FFT3378,25.770721435546875,-80.41178385416663,1226.8200000000002,232.08689541007368,135.62991906649907
2024-11-20 12:53:13+00:00,FFT3378,25.76982918432203,-80.41302950877065,1242.0600000000002,231.5761142105545,136.58367096826584
2024-11-20 12:53:14+00:00,FFT3378,25.768991244041317,-80.41416959942512,1249.68,231.10468487692887,136.82469689285765
2024-11-20 12:53:15+00:00,FFT3378,25.768524169921875,-80.41478474934894,1264.92,230.4690949701119,137.40181931854357
2024-11-20 12:53:16+00:00,FFT3378,25.7676412291446,-80.41598338001177,1280.16,230.00252988529135,137.66448387220225
2024-11-20 12:53:17+00:00,FFT3378,25.76673889160156,-80.4171244303385,1287.78,229.53777250790665,137.9362418432709
2024-11-20 12:53:18+00:00,FFT3378,25.76591879634534,-80.41815991671581,1303.02,229.53777250790665,137.9362418432709
2024-11-20 12:53:19+00:00,FFT3378,25.76512740830244,-80.41914454046287,1318.26,228.4546079469827,138.84747303934603
2024-11-20 12:53:20+00:00,FFT3378,25.764242915783896,-80.42028463111734,1333.5,228.4546079469827,138.84747303934603
2024-11-20 12:53:21+00:00,FFT3378,25.7633056640625,-80.42134602864581,1348.74,227.5414865397848,139.45987617438757
2024-11-20 12:53:22+00:00,FFT3378,25.762527465820312,-80.42231241861975,1363.98,226.9440190249362,139.40293363063543
2024-11-20 12:53:23+00:00,FFT3378,25.76168254270392,-80.42329032466097,1379.22,226.49174043537272,139.73382436760187
2024-11-20 12:53:24+00:00,FFT3378,25.76098425913665,-80.42411948150055,1394.46,226.04162667601,140.07338064834315
2024-11-20 12:53:25+00:00,FFT3378,25.760009765625,-80.42521158854163,1409.7,225.4464515837716,140.05448551786162
2024-11-20 12:53:26+00:00,FFT3378,25.75916872186176,-80.42614055129718,1424.94,225.14881987185697,140.05070618585387
2024-11-20 12:53:27+00:00,FFT3378,25.758270263671875,-80.42709350585938,1447.8000000000002,224.7031333326753,140.41588539275747
2024-11-20 12:53:28+00:00,FFT3378,25.756934214446503,-80.42857619951354,1470.66,224.40628260378745,140.42153960987187
2024-11-20 12:53:29+00:00,FFT3378,25.756118774414062,-80.42943318684894,1478.28,224.10946374663945,140.43096279915684
2024-11-20 12:53:30+00:00,FFT3378,25.755615234375,-80.42999267578125,1501.14,223.8126926842712,140.4441542019677
2024-11-20 12:53:31+00:00,FFT3378,25.754327289128707,-80.4313227815448,1524.0,223.37187615683376,140.8346239054783
2024-11-20 12:53:32+00:00,FFT3378,25.75344279661017,-80.4322555829894,1539.24,223.07605901544875,140.85717217698496
2024-11-20 12:53:33+00:00,FFT3378,25.75263977050781,-80.43309529622394,1554.48,222.7803444468021,140.8834739325823
2024-11-20 12:53:34+00:00,FFT3378,25.751632690429688,-80.43406168619788,1569.72,222.1892857582648,140.94732919106286
2024-11-20 12:53:35+00:00,FFT3378,25.75062561035156,-80.43507893880206,1592.5800000000002,221.30385799301405,141.07120100551987
2024-11-20 12:53:36+00:00,FFT3378,25.749664306640625,-80.43594360351562,1607.8200000000002,220.42019440413205,141.22869890654178
2024-11-20 12:53:37+00:00,FFT3378,25.748565673828125,-80.43696085611975,1630.68,219.37759937291028,141.09277360520602
2024-11-20 12:53:38+00:00,FFT3378,25.747623766882946,-80.43780056935435,1645.92,218.36748538486157,141.72628758820642
2024-11-20 12:53:39+00:00,FFT3378,25.747018587791317,-80.4383187923791,1653.5400000000002,217.32758840022044,141.6823980597647
2024-11-20 12:53:40+00:00,FFT3378,25.74545288085937,-80.43955485026038,1684.02,215.9968074880229,141.79722914552784
2024-11-20 12:53:41+00:00,FFT3378,25.744458214711333,-80.44033986217568,1699.26,214.6688951556603,141.98840791530205
2024-11-20 12:53:42+00:00,FFT3378,25.74338751324153,-80.44111719671287,1714.5,213.34526258414533,142.25562655615502
2024-11-20 12:53:43+00:00,FFT3378,25.742270259533896,-80.44189453125,1737.36,213.34526258414533,142.25562655615502
2024-11-20 12:53:44+00:00,FFT3378,25.741195678710938,-80.44255574544269,1752.6,210.5388265269684,142.75427050960778
2024-11-20 12:53:45+00:00,FFT3378,25.74009704589844,-80.44321695963538,1767.84,208.8741139661037,142.75705133764032
2024-11-20 12:53:46+00:00,FFT3378,25.738918498411017,-80.44391560104657,1790.7,207.30550467968115,142.42296430045516
2024-11-20 12:53:47+00:00,FFT3378,25.73826676708157,-80.44427835716391,1805.94,205.6410058243053,142.65969010396176
2024-11-20 12:53:48+00:00,FFT3378,25.737056408898304,-80.44490022479363,1828.8,203.7948353798778,142.808023588383
2024-11-20 12:53:49+00:00,FFT3378,25.735336303710938,-80.44565836588538,1851.66,202.03166590055048,142.6272215901952
2024-11-20 12:53:50+00:00,FFT3378,25.73463569253178,-80.44593667084314,1866.9,200.0007305691796,142.8876892084334
2024-11-20 12:53:51+00:00,FFT3378,25.733285677635063,-80.4464548938679,1889.76,198.23940084665117,142.9978509985134
2024-11-20 12:53:52+00:00,FFT3378,25.73204040527344,-80.44687906901038,1912.62,196.0870065357377,142.9543518631862
2024-11-20 12:53:53+00:00,FFT3378,25.73089599609375,-80.44718424479163,1927.86,194.1864942935607,142.7385114607651
2024-11-20 12:53:54+00:00,FFT3378,25.729421841896187,-80.44759498452237,1950.72,192.43956201884652,143.29274084505266
2024-11-20 12:53:55+00:00,FFT3378,25.728118379237287,-80.4478540960348,1973.58,190.54388395663352,143.3785976824891
2024-11-20 12:53:56+00:00,FFT3378,25.7266845703125,-80.44809977213538,1988.82,188.65254179111471,143.62111932045315
2024-11-20 12:53:57+00:00,FFT3378,25.72593042405985,-80.44821685215209,2004.06,188.65254179111471,143.62111932045315
2024-11-20 12:53:58+00:00,FFT3378,25.724766618114405,-80.44837231905956,2019.3,184.91656600601,144.05993620350426
2024-11-20 12:53:59+00:00,FFT3378,25.72337005097987,-80.44847596366452,2042.16,183.0664855011259,144.25086816313447
2024-11-20 12:54:00+00:00,FFT3378,25.72146140922934,-80.44847596366452,2065.02,183.0664855011259,144.25086816313447
2024-11-20 12:54:01+00:00,FFT3378,25.72015794657045,-80.44852778596697,2080.26,179.7961012895332,144.55967937788472
2024-11-20 12:54:02+00:00,FFT3378,25.719039916992188,-80.44845581054688,2103.12,178.7767884461369,144.59171395296687
2024-11-20 12:54:03+00:00,FFT3378,25.71748352050781,-80.44840494791663,2125.98,178.7767884461369,144.59171395296687
2024-11-20 12:54:04+00:00,FFT3378,25.71620178222656,-80.44835408528644,2141.2200000000003,177.14776441870745,144.73806743396275
2024-11-20 12:54:05+00:00,FFT3378,25.71540961831303,-80.44832049675705,2156.46,176.7526572096771,145.30652687498275
2024-11-20 12:54:06+00:00,FFT3378,25.71410615565413,-80.44821685215209,2164.08,176.34777721969368,145.36843925436955
2024-11-20 12:54:07+00:00,FFT3378,25.712802692995236,-80.44811320754718,2186.94,176.14547157428177,145.4021157979806
2024-11-20 12:54:08+00:00,FFT3378,25.71148681640625,-80.447998046875,2202.1800000000003,175.95754929386197,145.95076384359044
2024-11-20 12:54:09+00:00,FFT3378,25.70965576171875,-80.44784545898438,2217.42,175.75614772610197,145.98793177630156
2024-11-20 12:54:10+00:00,FFT3378,25.70887756347656,-80.44779459635413,2232.6600000000003,175.75614772610197,145.98793177630156
2024-11-20 12:54:11+00:00,FFT3378,25.707076767743644,-80.44764680682488,2247.9,175.55485117002675,146.02690261515147
2024-11-20 12:54:12+00:00,FFT3378,25.706314086914062,-80.44759114583331,2263.1400000000003,175.57044070102236,146.5398045859726
2024-11-20 12:54:13+00:00,FFT3378,25.704986572265625,-80.44748942057288,2270.76,175.57044070102236,146.5398045859726
2024-11-20 12:54:14+00:00,FFT3378,25.70311982752913,-80.44733587300999,2293.62,175.36995358920234,146.58043422096335
2024-11-20 12:54:15+00:00,FFT3378,25.702328439486227,-80.44723222840508,2308.86,175.38612910251155,147.09320528965483
2024-11-20 12:54:16+00:00,FFT3378,25.700838767876057,-80.44712858380012,2324.1,175.38612910251155,147.09320528965483
2024-11-20 12:54:17+00:00,FFT3378,25.699349096265887,-80.44697311689265,2339.34,175.38612910251155,147.09320528965483
2024-11-20 12:54:18+00:00,FFT3378,25.69804563360699,-80.44686947228774,2354.58,175.38612910251155,147.09320528965483
2024-11-20 12:54:19+00:00,FFT3378,25.69678872318591,-80.44676582768278,2369.82,175.4021922297349,147.60598800055914
2024-11-20 12:54:20+00:00,FFT3378,25.6954387082892,-80.44661036077537,2385.06,175.4021922297349,147.60598800055914
2024-11-20 12:54:21+00:00,FFT3378,25.69395446777344,-80.44647216796875,2392.6800000000003,175.4021922297349,147.60598800055914
2024-11-20 12:54:22+00:00,FFT3378,25.69258117675781,-80.44637044270831,2407.92,175.21983703536233,148.1607651292525
2024-11-20 12:54:23+00:00,FFT3378,25.69157487255032,-80.44624760465803,2423.1600000000003,175.0216446606912,148.20452186931809
2024-11-20 12:54:24+00:00,FFT3378,25.690155029296875,-80.44611612955725,2430.78,174.4278021960362,148.34641913624276
2024-11-20 12:54:25+00:00,FFT3378,25.689010620117188,-80.44601440429688,2453.6400000000003,173.8563999399446,149.01570000391263
2024-11-20 12:54:26+00:00,FFT3378,25.68747827562235,-80.44578120393572,2461.26,173.07094964030807,149.2499485485606
2024-11-20 12:54:27+00:00,FFT3378,25.68621826171875,-80.44560750325519,2476.5,172.2881075873411,149.51215442221493
2024-11-20 12:54:28+00:00,FFT3378,25.684638589115465,-80.44536662551593,2484.1200000000003,171.31364541876334,149.87900173494512
2024-11-20 12:54:29+00:00,FFT3378,25.68328857421875,-80.44509887695312,2499.36,170.15098548888298,150.3761259106524
2024-11-20 12:54:30+00:00,FFT3378,25.68179890260858,-80.44474475788621,2514.6,168.80488857370003,151.03378450902716
2024-11-20 12:54:31+00:00,FFT3378,25.680496215820312,-80.44443766276038,2529.84,168.80488857370003,151.03378450902716
2024-11-20 12:54:32+00:00,FFT3378,25.67905232057733,-80.44401924565153,2545.08,165.68128168260242,151.8481488641663
2024-11-20 12:54:33+00:00,FFT3378,25.67779541015625,-80.44360466723174,2560.32,164.08125329692896,151.9283000476031
2024-11-20 12:54:34+00:00,FFT3378,25.676631604210804,-80.4432419111144,2567.94,162.54228313517643,152.6174232853489
2024-11-20 12:54:35+00:00,FFT3378,25.67597987288136,-80.44298279960202,2583.1800000000003,160.9555446004028,152.9292412743499
2024-11-20 12:54:36+00:00,FFT3378,25.67402467889301,-80.44220546506483,2598.42,160.9555446004028,152.9292412743499
2024-11-20 12:54:37+00:00,FFT3378,25.67271423339844,-80.44164021809894,2606.04,157.98493415340897,153.7086014537187
2024-11-20 12:54:38+00:00,FFT3378,25.671603962526483,-80.44106537441036,2628.9,156.34868667335783,153.88326304238785
2024-11-20 12:54:39+00:00,FFT3378,25.670300499867583,-80.44039168447819,2636.52,154.7174759056322,154.18308082322525
2024-11-20 12:54:40+00:00,FFT3378,25.66890393273305,-80.43961434994105,2651.76,153.09390654406317,154.60732668138183
2024-11-20 12:54:41+00:00,FFT3378,25.667600470074152,-80.43883701540386,2667.0,151.3895403340348,154.70315626394554
2024-11-20 12:54:42+00:00,FFT3378,25.667037963867188,-80.43853759765625,2682.24,149.85329845429425,154.67663794679382
2024-11-20 12:54:43+00:00,FFT3378,25.66566467285156,-80.43757120768225,2697.48,148.1558426189651,155.032118673016
2024-11-20 12:54:44+00:00,FFT3378,25.664574574615997,-80.4368159456073,2712.7200000000003,146.6258986433086,155.23939064916533
2024-11-20 12:54:45+00:00,FFT3378,25.66342163085937,-80.43594360351562,2727.96,145.10111834770825,155.55701154172348
2024-11-20 12:54:46+00:00,FFT3378,25.662200410487287,-80.43495034271814,2735.58,143.58362148011395,155.98430726277337
2024-11-20 12:54:47+00:00,FFT3378,25.66058349609375,-80.433603922526,2758.44,141.95942207149898,156.11489556456246
2024-11-20 12:54:48+00:00,FFT3378,25.659713745117188,-80.43279012044269,2766.06,141.95942207149898,156.11489556456246
2024-11-20 12:54:49+00:00,FFT3378,25.6585693359375,-80.43167114257812,2781.3,138.86725778267336,156.41212769462916
2024-11-20 12:54:50+00:00,FFT3378,25.65742492675781,-80.4305521647135,2796.54,137.25875546131363,156.90542
2024-11-20 12:54:51+00:00,FFT3378,25.65692138671875,-80.429941813151,2811.78,135.79572355273928,157.162431507224
2024-11-20 12:54:52+00:00,FFT3378,25.655914306640625,-80.42882283528644,2827.02,134.20427644726072,157.162431507224
2024-11-20 12:54:53+00:00,FFT3378,25.65451929124735,-80.42722881964914,2842.26,134.20427644726072,157.162431507224
2024-11-20 12:54:54+00:00,FFT3378,25.653634798728813,-80.42608872899467,2857.5,131.16836054960964,157.8639123504528
2024-11-20 12:54:55+00:00,FFT3378,25.653122724112816,-80.42546686136495,2865.1200000000003,129.70991879462875,157.81947989157496
2024-11-20 12:54:56+00:00,FFT3378,25.651840209960938,-80.42363484700519,2880.36,128.13630808537297,158.28163659922873
2024-11-20 12:54:57+00:00,FFT3378,25.65093476893538,-80.42235752321636,2895.6000000000004,126.6838730413365,158.44958713416278
2024-11-20 12:54:58+00:00,FFT3378,25.650604248046875,-80.42185465494788,2910.84,125.2354421201116,158.71910553615646
2024-11-20 12:54:59+00:00,FFT3378,25.64930544061176,-80.41971458579008,2926.08,123.79284011443656,159.08967559889953
2024-11-20 12:55:00+00:00,FFT3378,25.648700261520126,-80.41862631743805,2933.7000000000003,122.45698555186044,159.12626935187373
2024-11-20 12:55:01+00:00,FFT3378,25.64790344238281,-80.41722615559894,2948.94,121.37686370158914,159.07636669253202
2024-11-20 12:55:02+00:00,FFT3378,25.647164037672137,-80.41582791310435,2964.1800000000003,120.45616600654432,159.34316406438515
2024-11-20 12:55:03+00:00,FFT3378,25.646530151367188,-80.41458129882812,2971.8,119.5387822595581,159.65096322747016
2024-11-20 12:55:04+00:00,FFT3378,25.64586057501324,-80.41328862028303,2987.04,119.12635832520031,159.59542077800012
2024-11-20 12:55:05+00:00,FFT3378,25.64525539592161,-80.41214852962855,3002.28,118.8754433962281,159.79594572315602
2024-11-20 12:55:06+00:00,FFT3378,25.644464007878707,-80.41054203825178,3009.9,118.8754433962281,159.79594572315602
2024-11-20 12:55:07+00:00,FFT3378,25.643858828787074,-80.40924648068983,3025.1400000000003,118.53715394916637,160.45128171648452
2024-11-20 12:55:08+00:00,FFT3378,25.643142700195312,-80.40781656901038,3040.38,118.28832987604436,160.6589750589893
2024-11-20 12:55:09+00:00,FFT3378,25.642410278320312,-80.40634155273438,3055.6200000000003,118.28832987604436,160.6589750589893
2024-11-20 12:55:10+00:00,FFT3378,25.64181053032309,-80.40510069649173,3063.24,118.20162821869472,161.11216548001235
2024-11-20 12:55:11+00:00,FFT3378,25.64101914228019,-80.4034423828125,3078.48,118.20162821869472,161.11216548001235
2024-11-20 12:55:12+00:00,FFT3378,25.640396118164062,-80.40217081705725,3086.1000000000004,118.20162821869472,161.11216548001235
2024-11-20 12:55:13+00:00,FFT3378,25.639617919921875,-80.40054321289062,3101.34,118.11541315334158,161.56572275569806
2024-11-20 12:55:14+00:00,FFT3378,25.638885498046875,-80.39911905924475,3116.5800000000004,118.2760805825564,161.8087902446109
2024-11-20 12:55:15+00:00,FFT3378,25.63824462890625,-80.39774576822913,3124.2000000000003,118.19002753460276,162.26203132462925
2024-11-20 12:55:16+00:00,FFT3378,25.637434619968214,-80.39608361586085,3131.82,118.1044540775126,162.71563638453347
2024-11-20 12:55:17+00:00,FFT3378,25.63677978515625,-80.39474487304688,3139.44,118.17859010995916,163.4119037274286
2024-11-20 12:55:18+00:00,FFT3378,25.636084605071503,-80.39323338922463,3154.6800000000003,118.09364881098048,163.86555588276536
2024-11-20 12:55:19+00:00,FFT3378,25.63568115234375,-80.39250691731769,3154.6800000000003,118.16731252334895,164.56178255093496
2024-11-20 12:55:20+00:00,FFT3378,25.634641485699152,-80.39027951798346,3162.3,118.24035543047115,165.25827894066686
2024-11-20 12:55:21+00:00,FFT3378,25.63385009765625,-80.38872484890919,3169.92,118.15619144827258,165.71166766148775
2024-11-20 12:55:22+00:00,FFT3378,25.633431127515887,-80.3878438697671,3177.54,118.2287761813696,166.4081223889514
2024-11-20 12:55:23+00:00,FFT3378,25.63275146484375,-80.38640340169269,3185.1600000000003,118.3007557660064,167.10484195677165
2024-11-20 12:55:24+00:00,FFT3378,25.63169860839844,-80.38431803385413,3192.78,118.45583453235842,167.34935275584624
2024-11-20 12:55:25+00:00,FFT3378,25.630963858911542,-80.38276528412439,3200.4,118.37213751418268,167.8018230660668
2024-11-20 12:55:26+00:00,FFT3378,25.63026557534428,-80.38136608195754,3200.4,118.44292862436336,168.49906247130895
2024-11-20 12:55:27+00:00,FFT3378,25.629867553710938,-80.38055419921875,3208.02,118.51313618359296,169.1965569792752
2024-11-20 12:55:28+00:00,FFT3378,25.628822455971928,-80.37841221071636,3215.6400000000003,118.58276716956522,169.89430344802238
2024-11-20 12:55:29+00:00,FFT3378,25.628494262695312,-80.37775675455725,3215.6400000000003,118.65182845264876,170.5922987858855
2024-11-20 12:55:30+00:00,FFT3378,25.62733278436176,-80.37545833947524,3223.26,118.56920011031772,171.04392677858843
2024-11-20 12:55:31+00:00,FFT3378,25.626681053032307,-80.37405913730834,3230.88,118.63785425126144,171.74187277591352
2024-11-20 12:55:32+00:00,FFT3378,25.62602932170286,-80.37276357974645,3238.5,118.7059525434011,172.44006336067486
2024-11-20 12:55:33+00:00,FFT3378,25.625244140625,-80.37114461263019,3246.1200000000003,118.77350151996976,173.13849557393522
2024-11-20 12:55:34+00:00,FFT3378,25.62449309785487,-80.36970606390037,3246.1200000000003,118.8405076153322,173.83716650329458
2024-11-20 12:55:35+00:00,FFT3378,25.623655157574152,-80.36804775022108,3253.74,118.7589289625457,174.28797854978927
2024-11-20 12:55:36+00:00,FFT3378,25.6230034262447,-80.36670037035674,3261.36,118.82555308821928,174.9865971754271
2024-11-20 12:55:37+00:00,FFT3378,25.62226867675781,-80.365244547526,3268.98,118.8916472588534,175.68545052341454
2024-11-20 12:55:38+00:00,FFT3378,25.621420650158896,-80.36353920990564,3268.98,118.95721759878826,176.38453580377055
2024-11-20 12:55:39+00:00,FFT3378,25.620529174804688,-80.36178588867188,3276.6000000000004,119.02227014115915,177.08385026965232
2024-11-20 12:55:40+00:00,FFT3378,25.619744769597457,-80.36027440484963,3284.2200000000003,119.02227014115915,177.08385026965232
2024-11-20 12:55:41+00:00,FFT3378,25.619418903932733,-80.35960071491746,3284.2200000000003,119.00641590227004,178.23313113190122
2024-11-20 12:55:42+00:00,FFT3378,25.618194580078125,-80.35710652669269,3291.84,119.07060403708992,178.93261612960862
2024-11-20 12:55:43+00:00,FFT3378,25.617462158203125,-80.35568237304688,3299.46,119.07060403708992,178.93261612960862
2024-11-20 12:55:44+00:00,FFT3378,25.616579217425848,-80.35400390625,3307.0800000000004,119.1342921972262,179.63232394924583
2024-11-20 12:55:45+00:00,FFT3378,25.61583438162076,-80.35244923717568,3314.7000000000003,119.19748604606448,180.3322519970964
2024-11-20 12:55:46+00:00,FFT3378,25.615461963718214,-80.3517755472435,3322.32,119.11794932424974,180.7815067201417
2024-11-20 12:55:47+00:00,FFT3378,25.6146240234375,-80.35003662109375,3329.94,119.11794932424974,180.7815067201417
2024-11-20 12:55:48+00:00,FFT3378,25.61350676972987,-80.34788887455778,3337.56,119.18080605249986,181.4813775314617
2024-11-20 12:55:49+00:00,FFT3378,25.61260986328125,-80.34612019856769,3345.1800000000003,119.32241305104294,181.7327585983574
2024-11-20 12:55:50+00:00,FFT3378,25.61192321777344,-80.34474690755206,3352.8,119.2431797632418,182.181465083432
2024-11-20 12:55:51+00:00,FFT3378,25.611179157838983,-80.34332851193983,3368.04,119.2431797632418,182.181465083432
2024-11-20 12:55:52+00:00,FFT3378,25.61029466532045,-80.34156655365564,3375.6600000000003,118.94499219219064,182.83038676057785
2024-11-20 12:55:53+00:00,FFT3378,25.609596381753175,-80.34011552918633,3383.28,118.64892180799252,183.48422535027515
2024-11-20 12:55:54+00:00,FFT3378,25.608758441472457,-80.33845721550705,3398.52,118.07248693585296,183.656508
2024-11-20 12:55:55+00:00,FFT3378,25.6080322265625,-80.33681233723956,3406.1400000000003,117.2812111225484,184.06745932399545
2024-11-20 12:55:56+00:00,FFT3378,25.60736187433792,-80.33539969966097,3413.76,116.49361009251416,184.51335687338243
2024-11-20 12:55:57+00:00,FFT3378,25.60675048828125,-80.33396402994788,3421.38,115.56622221881358,184.77135549422465
2024-11-20 12:55:58+00:00,FFT3378,25.605972290039062,-80.33213297526038,3429.0,114.64166199955834,185.07761922081056
2024-11-20 12:55:59+00:00,FFT3378,25.60533142089844,-80.33050537109375,3436.6200000000003,113.51122353049335,185.6971825810327
2024-11-20 12:56:00+00:00,FFT3378,25.604415893554688,-80.32811482747394,3451.86,112.30244005428796,185.7171340833936
2024-11-20 12:56:01+00:00,FFT3378,25.60405666545286,-80.32715995356722,3459.48,111.03751102542182,186.2997702505604
2024-11-20 12:56:02+00:00,FFT3378,25.60340881347656,-80.32516479492188,3467.1000000000004,109.78107710703506,186.9726176221044
2024-11-20 12:56:03+00:00,FFT3378,25.6029052734375,-80.32353719075519,3474.7200000000003,108.43494882292202,187.0836983898811
2024-11-20 12:56:04+00:00,FFT3378,25.602427337129235,-80.32177043410968,3482.34,107.09115873909796,187.29789093811016
2024-11-20 12:56:05+00:00,FFT3378,25.60191526251324,-80.31995665352298,3497.5800000000004,105.75117366345305,187.6148421110288
2024-11-20 12:56:06+00:00,FFT3378,25.601486206054688,-80.31819661458331,3505.2000000000003,104.26451229807992,187.90661289270415
2024-11-20 12:56:07+00:00,FFT3378,25.60107732223252,-80.31627727004718,3520.44,102.78345394142436,188.32445096299992
2024-11-20 12:56:08+00:00,FFT3378,25.6007514565678,-80.31451531176299,3528.0600000000004,102.78345394142436,188.32445096299992
2024-11-20 12:56:09+00:00,FFT3378,25.600425590903072,-80.31264970887383,3535.6800000000003,100.05324427260048,188.6102130070737
2024-11-20 12:56:10+00:00,FFT3378,25.600146277476163,-80.31068046137972,3543.3,98.61564818416412,188.87452578830732
2024-11-20 12:56:11+00:00,FFT3378,25.599913516287074,-80.3087112138856,3550.92,97.18296890450613,189.25736836354716
2024-11-20 12:56:12+00:00,FFT3378,25.59974670410156,-80.306650797526,3566.1600000000003,95.77258476006456,189.2461810389557
2024-11-20 12:56:13+00:00,FFT3378,25.59958765062235,-80.30472089659492,3573.78,94.362888035523,189.3496385709287
2024-11-20 12:56:14+00:00,FFT3378,25.599494546146715,-80.30264800449584,3589.02,92.95558163864054,189.5675532553811
2024-11-20 12:56:15+00:00,FFT3378,25.599447993908896,-80.30109333542157,3596.6400000000003,91.55235119816636,189.89953106498317
2024-11-20 12:56:16+00:00,FFT3378,25.59942626953125,-80.29937744140625,3604.26,90.465809082765,189.83610960365027
2024-11-20 12:56:17+00:00,FFT3378,25.599447993908896,-80.29715484043334,3619.5,89.37893186520581,189.84098892982277
2024-11-20 12:56:18+00:00,FFT3378,25.599494546146715,-80.29523741524173,3634.74,88.75800964557689,189.8744437886563
2024-11-20 12:56:19+00:00,FFT3378,25.59954109838453,-80.29342363465508,3642.36,88.13737905069333,189.93018879152012
2024-11-20 12:56:20+00:00,FFT3378,25.599609375,-80.2913920084635,3657.6,87.67218491095885,189.9866139425157
2024-11-20 12:56:21+00:00,FFT3378,25.59963420286017,-80.29026247420398,3672.84,87.36222220297147,190.03118492923
2024-11-20 12:56:22+00:00,FFT3378,25.59974670410156,-80.28813680013019,3680.46,87.20729763428672,190.0555552664193
2024-11-20 12:56:23+00:00,FFT3378,25.599838256835938,-80.28615315755206,3695.7,87.06036638082365,190.5950800200165
2024-11-20 12:56:24+00:00,FFT3378,25.599913516287074,-80.28461384323407,3710.94,86.9059419410829,190.62215500925595
2024-11-20 12:56:25+00:00,FFT3378,25.600021362304688,-80.28249104817706,3718.56,86.75156248348375,190.65061431363756
2024-11-20 12:56:26+00:00,FFT3378,25.600099725238348,-80.28051988133842,3733.8,86.75156248348375,190.65061431363756
2024-11-20 12:56:27+00:00,FFT3378,25.600192829713983,-80.27886156765919,3749.04,86.76029970389789,191.1642339360508
2024-11-20 12:56:28+00:00,FFT3378,25.60029602050781,-80.27699788411456,3756.66,86.76029970389789,191.1642339360508
2024-11-20 12:56:29+00:00,FFT3378,25.600387573242188,-80.27521769205725,3764.28,86.76029970389789,191.1642339360508
2024-11-20 12:56:30+00:00,FFT3378,25.600518695378707,-80.27233195754718,3787.14,86.7689900996318,191.67785798001083
2024-11-20 12:56:31+00:00,FFT3378,25.600616455078125,-80.27074178059894,3794.76,86.7689900996318,191.67785798001083
2024-11-20 12:56:32+00:00,FFT3378,25.600704904329977,-80.26875621867629,3810.0,86.92254460057562,191.6495512178691
2024-11-20 12:56:33+00:00,FFT3378,25.600799560546875,-80.26687622070312,3817.62,86.92254460057562,191.6495512178691
2024-11-20 12:56:34+00:00,FFT3378,25.60089111328125,-80.26502501289798,3832.86,86.93077935568766,192.1632553083886
2024-11-20 12:56:35+00:00,FFT3378,25.600984217756885,-80.26321123231133,3840.48,87.08396857526841,192.13639748413277
2024-11-20 12:56:36+00:00,FFT3378,25.60107732223252,-80.26139745172463,3855.72,87.08396857526841,192.13639748413277
2024-11-20 12:56:37+00:00,FFT3378,25.601170426708155,-80.25916909271814,3870.96,87.23719953228986,192.1109135132687
2024-11-20 12:56:38+00:00,FFT3378,25.60126353118379,-80.25714802292157,3886.2,87.24457529949724,192.6247611416227
2024-11-20 12:56:39+00:00,FFT3378,25.601356635659428,-80.25517877542745,3893.82,87.24457529949724,192.6247611416227
2024-11-20 12:56:40+00:00,FFT3378,25.601403187897244,-80.25336499484081,3909.06,87.39743779750019,192.6007158939121
2024-11-20 12:56:41+00:00,FFT3378,25.60149629237288,-80.2515512142541,3924.3,87.39743779750019,192.6007158939121
2024-11-20 12:56:42+00:00,FFT3378,25.60158939684852,-80.24947832215508,3939.54,87.40436845907436,193.11463067844008
2024-11-20 12:56:43+00:00,FFT3378,25.601635949086333,-80.24761271926593,3947.16,87.55686188749718,193.0920170418985
2024-11-20 12:56:44+00:00,FFT3378,25.601715087890625,-80.245615641276,3962.4,87.55686188749718,193.0920170418985
2024-11-20 12:56:45+00:00,FFT3378,25.60176086425781,-80.24459838867188,3970.02,87.55686188749718,193.0920170418985
2024-11-20 12:56:46+00:00,FFT3378,25.601852416992188,-80.24251302083331,3985.26,87.70938995736148,193.07077151605728
2024-11-20 12:56:47+00:00,FFT3378,25.60191526251324,-80.24040941922169,3992.88,87.71547554199212,193.58480554601056
2024-11-20 12:56:48+00:00,FFT3378,25.60198974609375,-80.23849487304688,4008.12,87.71547554199212,193.58480554601056
2024-11-20 12:56:49+00:00,FFT3378,25.602035522460938,-80.23666381835938,4023.36,87.86763156344598,193.56498136812297
2024-11-20 12:56:50+00:00,FFT3378,25.60210147146451,-80.23486443285674,4038.6,87.86763156344598,193.56498136812297
2024-11-20 12:56:51+00:00,FFT3378,25.602194575940143,-80.23237696233787,4046.22,87.87328251245958,194.0790700765572
2024-11-20 12:56:52+00:00,FFT3378,25.602218627929688,-80.23076375325519,4061.46,88.02506598911803,194.06066015757685
2024-11-20 12:56:53+00:00,FFT3378,25.60228768041578,-80.22885304576943,4069.08,88.02506598911803,194.06066015757685
2024-11-20 12:56:54+00:00,FFT3378,25.6023342326536,-80.22698744288027,4084.32,88.03028656126878,194.57479938520356
2024-11-20 12:56:55+00:00,FFT3378,25.602427337129235,-80.22517366229363,4091.94,88.03028656126878,194.57479938520356
2024-11-20 12:56:56+00:00,FFT3378,25.60247388936705,-80.2230489478921,4107.18,88.18169703554817,194.5577966570957
2024-11-20 12:56:57+00:00,FFT3378,25.60252044160487,-80.22113152270049,4114.8,88.18649146083408,195.07198230478863
2024-11-20 12:56:58+00:00,FFT3378,25.602584838867188,-80.21886189778644,4130.04,88.18649146083408,195.07198230478863
2024-11-20 12:56:59+00:00,FFT3378,25.602660098318324,-80.2171412054098,4145.280000000001,88.18649146083408,195.07198230478863
2024-11-20 12:57:00+00:00,FFT3378,25.602706650556144,-80.21537924712555,4152.900000000001,88.18649146083408,195.07198230478863
2024-11-20 12:57:01+00:00,FFT3378,25.602767944335938,-80.21280924479163,4168.14,88.34190099278403,195.57060774912944
2024-11-20 12:57:02+00:00,FFT3378,25.60279975503178,-80.21076706220515,4183.38,88.34190099278403,195.57060774912944
2024-11-20 12:57:03+00:00,FFT3378,25.6028463072696,-80.20890145931605,4191.0,88.34190099278403,195.57060774912944
2024-11-20 12:57:04+00:00,FFT3378,25.6029052734375,-80.20782470703125,4206.24,88.34190099278403,195.57060774912944
2024-11-20 12:57:05+00:00,FFT3378,25.602939411745236,-80.20579212116746,4213.860000000001,88.34625053884261,196.08483691029335
2024-11-20 12:57:06+00:00,FFT3378,25.60298596398305,-80.2038746959758,4229.1,88.34625053884261,196.08483691029335
2024-11-20 12:57:07+00:00,FFT3378,25.603042602539062,-80.20192464192706,4236.72,88.34625053884261,196.08483691029335
2024-11-20 12:57:08+00:00,FFT3378,25.603079068458687,-80.19998802329008,4259.58,88.4965189471487,196.07066471281345
2024-11-20 12:57:09+00:00,FFT3378,25.60313415527344,-80.19805908203125,4267.2,88.4965189471487,196.07066471281345
2024-11-20 12:57:10+00:00,FFT3378,25.60317217293432,-80.19599770599939,4282.4400000000005,88.4965189471487,196.07066471281345
2024-11-20 12:57:11+00:00,FFT3378,25.603218725172137,-80.19402845850527,4290.06,88.4965189471487,196.07066471281345
2024-11-20 12:57:12+00:00,FFT3378,25.60326527740996,-80.19190374410374,4305.3,88.50045296202236,196.5849320699714
2024-11-20 12:57:13+00:00,FFT3378,25.603311829647776,-80.18988267430717,4320.54,88.50045296202236,196.5849320699714
2024-11-20 12:57:14+00:00,FFT3378,25.60336303710937,-80.18783569335938,4335.780000000001,88.50045296202236,196.5849320699714
2024-11-20 12:57:15+00:00,FFT3378,25.60340493412341,-80.1860478239239,4343.400000000001,88.50045296202236,196.5849320699714
2024-11-20 12:57:16+00:00,FFT3378,25.603451486361227,-80.18423404333726,4358.64,88.50045296202236,196.5849320699714
2024-11-20 12:57:17+00:00,FFT3378,25.60349803859905,-80.1823684404481,4366.26,88.50045296202236,196.5849320699714
2024-11-20 12:57:18+00:00,FFT3378,25.60354459083686,-80.18050283755895,4389.12,88.50045296202236,196.5849320699714
2024-11-20 12:57:19+00:00,FFT3378,25.60359114307468,-80.17827447855245,4396.74,88.65034912156528,196.57214227097816
2024-11-20 12:57:20+00:00,FFT3378,25.6036376953125,-80.17634073893225,4411.9800000000005,88.65034912156528,196.57214227097816
2024-11-20 12:57:21+00:00,FFT3378,25.603683471679688,-80.17450968424475,4427.22,88.50045296202236,196.5849320699714
2024-11-20 12:57:22+00:00,FFT3378,25.60373079978813,-80.17257402528008,4442.46,88.50045296202236,196.5849320699714
2024-11-20 12:57:23+00:00,FFT3378,25.60377735202595,-80.17034566627359,4457.7,88.50045296202236,196.5849320699714
2024-11-20 12:57:24+00:00,FFT3378,25.60382390426377,-80.16848006338444,4480.56,88.65034912156528,196.57214227097816
2024-11-20 12:57:25+00:00,FFT3378,25.60386657714844,-80.16667683919269,4488.18,88.65034912156528,196.57214227097816
2024-11-20 12:57:26+00:00,FFT3378,25.603912353515625,-80.16469319661456,4503.42,88.65034912156528,196.57214227097816
2024-11-20 12:57:27+00:00,FFT3378,25.603963560977224,-80.16195045327237,4518.66,88.65034912156528,196.57214227097816
2024-11-20 12:57:28+00:00,FFT3378,25.60401011321504,-80.16024031729069,4533.900000000001,88.65034912156528,196.57214227097816
2024-11-20 12:57:29+00:00,FFT3378,25.604049682617188,-80.15838623046875,4541.52,88.65034912156528,196.57214227097816
2024-11-20 12:57:30+00:00,FFT3378,25.60405666545286,-80.15645728920987,4556.76,88.65387171588696,197.08644392319508
2024-11-20 12:57:31+00:00,FFT3378,25.60409545898437,-80.15452067057288,4564.38,88.65387171588696,197.08644392319508
2024-11-20 12:57:32+00:00,FFT3378,25.60414123535156,-80.15274047851562,4579.62,88.65387171588696,197.08644392319508
2024-11-20 12:57:33+00:00,FFT3378,25.604196322166317,-80.15086048054246,4587.24,88.65387171588696,197.08644392319508
2024-11-20 12:57:34+00:00,FFT3378,25.604232788085938,-80.14897664388019,4602.4800000000005,88.65737597346224,197.60074631650065
2024-11-20 12:57:35+00:00,FFT3378,25.604278564453125,-80.14678955078125,4610.1,88.65737597346224,197.60074631650065
2024-11-20 12:57:36+00:00,FFT3378,25.604324340820312,-80.14485677083331,4625.34,88.65737597346224,197.60074631650065
2024-11-20 12:57:37+00:00,FFT3378,25.604335978879767,-80.14298349056605,4632.96,88.65737597346224,197.60074631650065
2024-11-20 12:57:38+00:00,FFT3378,25.604415893554688,-80.1409912109375,4648.2,88.6608620370704,198.1150494451232
2024-11-20 12:57:39+00:00,FFT3378,25.604461669921875,-80.13839721679688,4663.4400000000005,88.6608620370704,198.1150494451232
2024-11-20 12:57:40+00:00,FFT3378,25.604461669921875,-80.13722737630206,4671.06,88.6608620370704,198.1150494451232
2024-11-20 12:57:41+00:00,FFT3378,25.604507446289062,-80.13529459635413,4686.3,88.66433004801247,198.6293533033511
2024-11-20 12:57:42+00:00,FFT3378,25.604568740068856,-80.1324635631633,4693.92,88.66433004801247,198.6293533033511
2024-11-20 12:57:43+00:00,FFT3378,25.60459899902344,-80.13142903645831,4701.54,88.66433004801247,198.6293533033511
2024-11-20 12:57:44+00:00,FFT3378,25.604615292306672,-80.12935422501471,4716.780000000001,88.66433004801247,198.6293533033511
2024-11-20 12:57:45+00:00,FFT3378,25.60466184454449,-80.1269703991008,4724.400000000001,88.66778014613037,199.14365788553147
2024-11-20 12:57:46+00:00,FFT3378,25.604708396782307,-80.12494932930423,4739.64,88.66778014613037,199.14365788553147
2024-11-20 12:57:47+00:00,FFT3378,25.604782104492188,-80.12273152669269,4747.26,88.66778014613037,199.14365788553147
2024-11-20 12:57:48+00:00,FFT3378,25.604801501257946,-80.12101083431605,4762.5,88.6712124698256,199.6579631860698
2024-11-20 12:57:49+00:00,FFT3378,25.60484805349576,-80.11878247530956,4777.740000000001,88.6712124698256,199.6579631860698
2024-11-20 12:57:50+00:00,FFT3378,25.60487365722656,-80.1168314615885,4785.360000000001,88.6712124698256,199.6579631860698
2024-11-20 12:57:51+00:00,FFT3378,25.60491943359375,-80.11469523111975,4800.6,88.6712124698256,199.6579631860698
2024-11-20 12:57:52+00:00,FFT3378,25.604987710209212,-80.11256379901238,4808.22,88.67462715607783,200.172269199429
2024-11-20 12:57:53+00:00,FFT3378,25.605010986328125,-80.11088053385413,4823.46,88.67462715607783,200.172269199429
2024-11-20 12:57:54+00:00,FFT3378,25.605056762695312,-80.10904947916663,4831.08,88.67462715607783,200.172269199429
2024-11-20 12:57:55+00:00,FFT3378,25.6051025390625,-80.1070658365885,4838.7,88.67462715607783,200.172269199429
2024-11-20 12:57:56+00:00,FFT3378,25.60512736692267,-80.10504956515331,4853.9400000000005,88.67802434046303,200.6865759201288
2024-11-20 12:57:57+00:00,FFT3378,25.605173919160485,-80.10313213996164,4861.56,88.67802434046303,200.6865759201288
2024-11-20 12:57:58+00:00,FFT3378,25.605239868164062,-80.10086059570312,4876.8,88.67802434046303,200.6865759201288
2024-11-20 12:57:59+00:00,FFT3378,25.60528564453125,-80.09902954101562,4892.04,88.67802434046303,200.6865759201288
2024-11-20 12:58:00+00:00,FFT3378,25.60533142089844,-80.09719848632812,4899.66,88.68140415717143,201.20088334274487
2024-11-20 12:58:01+00:00,FFT3378,25.60533142089844,-80.09536743164062,4907.280000000001,88.68140415717143,201.20088334274487
2024-11-20 12:58:02+00:00,FFT3378,25.605377197265625,-80.09358723958331,4922.52,88.68140415717143,201.20088334274487
2024-11-20 12:58:03+00:00,FFT3378,25.605453232587397,-80.09147212190447,4930.14,88.68476673902524,201.7151914619083
2024-11-20 12:58:04+00:00,FFT3378,25.60546875,-80.089111328125,4945.38,88.68476673902524,201.7151914619083
2024-11-20 12:58:05+00:00,FFT3378,25.60554633706303,-80.08685993698407,4953.0,88.68476673902524,201.7151914619083
2024-11-20 12:58:06+00:00,FFT3378,25.60556030273437,-80.08473714192706,4960.62,88.54240664926724,202.24193229975745
2024-11-20 12:58:07+00:00,FFT3378,25.60560607910156,-80.08280436197913,4968.240000000001,88.54240664926724,202.24193229975745
2024-11-20 12:58:08+00:00,FFT3378,25.605639441538663,-80.0815740621315,4975.860000000001,88.54610453489113,202.75621026116488
2024-11-20 12:58:09+00:00,FFT3378,25.605685993776483,-80.07950117003242,4983.4800000000005,88.54978370906657,203.27048906286916
2024-11-20 12:58:10+00:00,FFT3378,25.6057325460143,-80.07716916642096,4998.72,88.54978370906657,203.27048906286916
2024-11-20 12:58:11+00:00,FFT3378,25.60577909825212,-80.0751999189269,5006.34,88.54978370906657,203.27048906286916
2024-11-20 12:58:12+00:00,FFT3378,25.605825650489937,-80.07307520452537,5013.96,88.55344431342608,203.78476869850843
2024-11-20 12:58:13+00:00,FFT3378,25.605872202727756,-80.07089866782133,5021.58,88.55708648817664,204.29904916178492
2024-11-20 12:58:14+00:00,FFT3378,25.605926513671875,-80.06902058919269,5029.2,88.55708648817664,204.29904916178492
2024-11-20 12:58:15+00:00,FFT3378,25.605965307203387,-80.06675288362322,5036.820000000001,88.5607103721176,204.8133304464642
2024-11-20 12:58:16+00:00,FFT3378,25.60601806640625,-80.06484985351562,5044.4400000000005,88.5607103721176,204.8133304464642
2024-11-20 12:58:17+00:00,FFT3378,25.606058411679022,-80.06307350014737,5052.06,88.56431610265825,205.32761254637413
2024-11-20 12:58:18+00:00,FFT3378,25.60615539550781,-80.06022135416663,5059.68,88.56431610265825,205.32761254637413
2024-11-20 12:58:19+00:00,FFT3378,25.60615151615466,-80.0592904720666,5067.3,88.56790381583535,205.84189545540437
2024-11-20 12:58:20+00:00,FFT3378,25.606244620630296,-80.05623295622053,5082.54,88.56790381583535,205.84189545540437
2024-11-20 12:58:21+00:00,FFT3378,25.606244620630296,-80.05530015477592,5082.54,88.57147364632999,206.3561791675053
2024-11-20 12:58:22+00:00,FFT3378,25.60633850097656,-80.05238850911456,5097.780000000001,88.57147364632999,206.3561791675053
2024-11-20 12:58:23+00:00,FFT3378,25.60638427734375,-80.05035400390625,5113.02,88.57147364632999,206.3561791675053
2024-11-20 12:58:24+00:00,FFT3378,25.606430053710938,-80.0482177734375,5120.64,88.57147364632999,206.3561791675053
2024-11-20 12:58:25+00:00,FFT3378,25.606477381819385,-80.04623125184258,5135.88,88.42868937413851,206.36964502034544
2024-11-20 12:58:26+00:00,FFT3378,25.6065239340572,-80.04441747125588,5143.5,88.42868937413851,206.36964502034544
2024-11-20 12:58:27+00:00,FFT3378,25.6065673828125,-80.04231770833331,5158.740000000001,88.42868937413851,206.36964502034544
2024-11-20 12:58:28+00:00,FFT3378,25.606613159179688,-80.040537516276,5166.360000000001,88.42868937413851,206.36964502034544
2024-11-20 12:58:29+00:00,FFT3378,25.60666359077065,-80.03778421653891,5181.6,88.42868937413851,206.36964502034544
2024-11-20 12:58:30+00:00,FFT3378,25.606710143008478,-80.0358149690448,5196.84,88.42868937413851,206.36964502034544
2024-11-20 12:58:31+00:00,FFT3378,25.60675669524629,-80.03384572155068,5204.46,88.42868937413851,206.36964502034544
2024-11-20 12:58:32+00:00,FFT3378,25.60680324748411,-80.03192829635907,5219.7,88.42868937413851,206.36964502034544
2024-11-20 12:58:33+00:00,FFT3378,25.606849799721928,-80.03016633807488,5227.320000000001,88.43259615478149,206.8838960552986
2024-11-20 12:58:34+00:00,FFT3378,25.606896351959744,-80.02804162367335,5242.56,88.43259615478149,206.8838960552986
2024-11-20 12:58:35+00:00,FFT3378,25.60693359375,-80.02609252929688,5250.18,88.43259615478149,206.8838960552986
2024-11-20 12:58:36+00:00,FFT3378,25.60698945643538,-80.02405130638266,5265.42,88.43259615478149,206.8838960552986
2024-11-20 12:58:37+00:00,FFT3378,25.6070360086732,-80.02182294737617,5280.66,88.43259615478149,206.8838960552986
2024-11-20 12:58:38+00:00,FFT3378,25.60711669921875,-80.01963297526038,5288.280000000001,88.43259615478149,206.8838960552986
2024-11-20 12:58:39+00:00,FFT3378,25.60717566538665,-80.01746987396814,5303.52,88.43259615478149,206.8838960552986
2024-11-20 12:58:40+00:00,FFT3378,25.607222217624468,-80.01560427107898,5318.76,88.43259615478149,206.8838960552986
2024-11-20 12:58:41+00:00,FFT3378,25.607268769862287,-80.013427734375,5326.38,88.43259615478149,206.8838960552986
2024-11-20 12:58:42+00:00,FFT3378,25.6072998046875,-80.01144409179688,5334.0,88.43259615478149,206.8838960552986
2024-11-20 12:58:43+00:00,FFT3378,25.60736187433792,-80.0093855947818,5349.240000000001,88.43259615478149,206.8838960552986
2024-11-20 12:58:44+00:00,FFT3378,25.60740842657574,-80.00741634728774,5364.4800000000005,88.43259615478149,206.8838960552986
2024-11-20 12:58:45+00:00,FFT3378,25.607437133789062,-80.00554402669269,5372.1,88.43259615478149,206.8838960552986
2024-11-20 12:58:46+00:00,FFT3378,25.607501531051376,-80.00270051776238,5387.34,88.57856019131938,207.3847489770215
2024-11-20 12:58:47+00:00,FFT3378,25.607574462890625,-80.00081380208331,5394.96,88.57856019131938,207.3847489770215
2024-11-20 12:58:48+00:00,FFT3378,25.60759463552701,-79.99876202277414,5410.2,88.57856019131938,207.3847489770215
2024-11-20 12:58:49+00:00,FFT3378,25.607666015625,-79.99674479166663,5417.820000000001,88.57856019131938,207.3847489770215
2024-11-20 12:58:50+00:00,FFT3378,25.60768774000265,-79.99503081699584,5433.06,88.57856019131938,207.3847489770215
2024-11-20 12:58:51+00:00,FFT3378,25.607734292240465,-79.9928024579894,5440.68,88.57856019131938,207.3847489770215
2024-11-20 12:58:52+00:00,FFT3378,25.60780334472656,-79.99079386393225,5448.3,88.57856019131938,207.3847489770215
2024-11-20 12:58:53+00:00,FFT3378,25.60780334472656,-79.9896240234375,5463.54,88.58207716854886,207.8990350626356
2024-11-20 12:58:54+00:00,FFT3378,25.60792050119173,-79.98627284787733,5478.780000000001,88.58207716854886,207.8990350626356
2024-11-20 12:58:55+00:00,FFT3378,25.60792050119173,-79.98440724498818,5486.400000000001,88.58207716854886,207.8990350626356
2024-11-20 12:58:56+00:00,FFT3378,25.607967053429554,-79.98264528670398,5494.02,88.58207716854886,207.8990350626356
2024-11-20 12:58:57+00:00,FFT3378,25.6080322265625,-79.98051961263019,5501.64,88.58557678859785,208.4133219277165
2024-11-20 12:58:58+00:00,FFT3378,25.60806015790519,-79.97834403559847,5516.88,88.58557678859785,208.4133219277165
2024-11-20 12:58:59+00:00,FFT3378,25.608123779296875,-79.97614542643225,5524.5,88.58905917961727,208.9276095665082
2024-11-20 12:59:00+00:00,FFT3378,25.608169555664062,-79.974365234375,5532.12,88.58905917961727,208.9276095665082
2024-11-20 12:59:01+00:00,FFT3378,25.60821533203125,-79.97227986653644,5539.740000000001,88.58905917961727,208.9276095665082
2024-11-20 12:59:02+00:00,FFT3378,25.60824636685646,-79.97005246720221,5547.360000000001,88.58905917961727,208.9276095665082
2024-11-20 12:59:03+00:00,FFT3378,25.608306884765625,-79.96815999348956,5554.9800000000005,88.5925244684999,209.44189797331111
2024-11-20 12:59:04+00:00,FFT3378,25.60835266113281,-79.96632893880206,5562.6,88.5959727808957,209.9561871424815
2024-11-20 12:59:05+00:00,FFT3378,25.608386023569917,-79.9639892578125,5570.22,88.59940424122706,210.4704770684307
2024-11-20 12:59:06+00:00,FFT3378,25.608432575807733,-79.96186454341097,5577.84,88.59940424122706,210.4704770684307
2024-11-20 12:59:07+00:00,FFT3378,25.60847912804555,-79.95963618440447,5593.08,88.59940424122706,210.4704770684307
2024-11-20 12:59:08+00:00,FFT3378,25.608572232521187,-79.95735600309553,5593.08,88.60281897270363,210.9847677456247
2024-11-20 12:59:09+00:00,FFT3378,25.60858154296875,-79.95524088541663,5608.320000000001,88.60281897270363,210.9847677456247
2024-11-20 12:59:10+00:00,FFT3378,25.608618784759003,-79.95305475198995,5615.9400000000005,88.74248972047955,210.9728509091196
2024-11-20 12:59:11+00:00,FFT3378,25.608673095703125,-79.95213826497394,5623.56,88.88489449787394,211.47653424091044
2024-11-20 12:59:12+00:00,FFT3378,25.60871188923464,-79.94864985627947,5638.8,89.16362467457759,211.45901319388383
2024-11-20 12:59:13+00:00,FFT3378,25.60871188923464,-79.94761341022996,5638.8,89.4423944465263,211.4464972714101
2024-11-20 12:59:14+00:00,FFT3378,25.60871188923464,-79.94538505122347,5646.42,89.4423944465263,211.4464972714101
2024-11-20 12:59:15+00:00,FFT3378,25.608718872070312,-79.94303385416663,5661.66,90.13906715291112,211.9515523243232
2024-11-20 12:59:16+00:00,FFT3378,25.608718872070312,-79.94074503580725,5669.280000000001,90.55625222708068,211.96091696850004
2024-11-20 12:59:17+00:00,FFT3378,25.608665336996825,-79.93828539578419,5676.900000000001,90.97102193107918,212.49588767297604
2024-11-20 12:59:18+00:00,FFT3378,25.608618784759003,-79.93616068138266,5684.52,91.38703599178066,212.5276442301377
2024-11-20 12:59:19+00:00,FFT3378,25.608618784759003,-79.93502059072819,5692.14,91.6602823689828,213.06926573766907
2024-11-20 12:59:20+00:00,FFT3378,25.608525680283368,-79.93258494251177,5699.76,91.93680038622104,213.1015578044997
2024-11-20 12:59:21+00:00,FFT3378,25.60847912804555,-79.93071933962261,5707.38,92.2132281763958,213.13881180219772
2024-11-20 12:59:22+00:00,FFT3378,25.608339471332098,-79.92781729068395,5715.0,92.3457445324655,213.673310600009
2024-11-20 12:59:23+00:00,FFT3378,25.60824636685646,-79.92564075397996,5722.62,92.48356151979227,213.6949847441153
2024-11-20 12:59:24+00:00,FFT3378,25.608199814618644,-79.92439701872053,5730.240000000001,92.62134975659085,213.717895020669
2024-11-20 12:59:25+00:00,FFT3378,25.60810671014301,-79.92242777122641,5737.860000000001,92.7524854002687,214.2558900926974
2024-11-20 12:59:26+00:00,FFT3378,25.6080322265625,-79.92014567057288,5745.4800000000005,92.88988191961177,214.28121055568212
2024-11-20 12:59:27+00:00,FFT3378,25.60792050119173,-79.91771194170104,5760.72,92.88988191961177,214.28121055568212
2024-11-20 12:59:28+00:00,FFT3378,25.60780334472656,-79.91546630859375,5768.34,93.02724518228,214.3077629491322
2024-11-20 12:59:29+00:00,FFT3378,25.607711791992188,-79.91353352864581,5775.96,93.02724518228,214.3077629491322
2024-11-20 12:59:30+00:00,FFT3378,25.60762023925781,-79.91154988606769,5783.58,93.01999905600344,214.82149077858045
2024-11-20 12:59:31+00:00,FFT3378,25.607501531051376,-79.90942037330484,5798.820000000001,93.15700008540516,214.8492082104164
2024-11-20 12:59:32+00:00,FFT3378,25.607391357421875,-79.90702311197913,5806.4400000000005,93.15700008540516,214.8492082104164
2024-11-20 12:59:33+00:00,FFT3378,25.607315322100103,-79.90486001068689,5821.68,93.15700008540516,214.8492082104164
2024-11-20 12:59:34+00:00,FFT3378,25.60717566538665,-79.90273529628536,5829.3,93.15700008540516,214.8492082104164
2024-11-20 12:59:35+00:00,FFT3378,25.607082560911017,-79.90055875958137,5844.54,93.15700008540516,214.8492082104164
2024-11-20 12:59:36+00:00,FFT3378,25.606979370117188,-79.89852905273438,5852.16,93.15700008540516,214.8492082104164
2024-11-20 12:59:37+00:00,FFT3378,25.60688781738281,-79.89639282226562,5867.400000000001,93.15700008540516,214.8492082104164
2024-11-20 12:59:38+00:00,FFT3378,25.60675048828125,-79.89369710286456,5875.02,93.15700008540516,214.8492082104164
2024-11-20 12:59:39+00:00,FFT3378,25.606613159179688,-79.89140828450519,5890.26,93.15700008540516,214.8492082104164
2024-11-20 12:59:40+00:00,FFT3378,25.60657048629502,-79.89040158829596,5897.88,93.15700008540516,214.8492082104164
2024-11-20 12:59:41+00:00,FFT3378,25.606477381819385,-79.88838051849939,5905.5,93.15700008540516,214.8492082104164
2024-11-20 12:59:42+00:00,FFT3378,25.60633772510593,-79.88604851488799,5928.360000000001,93.29396498784511,214.87815371091645
2024-11-20 12:59:43+00:00,FFT3378,25.606201171875,-79.88357543945312,5935.9800000000005,93.29396498784511,214.87815371091645
2024-11-20 12:59:44+00:00,FFT3378,25.606109619140625,-79.88164265950519,5943.6,93.29396498784511,214.87815371091645
2024-11-20 12:59:45+00:00,FFT3378,25.606011859441207,-79.87951890477592,5958.84,93.28610197907533,215.3917498130808
2024-11-20 12:59:46+00:00,FFT3378,25.605880737304688,-79.87706502278644,5966.46,93.28610197907533,215.3917498130808
2024-11-20 12:59:47+00:00,FFT3378,25.605743408203125,-79.87462361653644,5981.700000000001,93.28610197907533,215.3917498130808
2024-11-20 12:59:48+00:00,FFT3378,25.605639441538663,-79.87241924933664,5989.320000000001,93.1494626762983,215.3628733416496
2024-11-20 12:59:49+00:00,FFT3378,25.60554633706303,-79.87034635723762,5996.9400000000005,93.1494626762983,215.3628733416496
2024-11-20 12:59:50+00:00,FFT3378,25.605514526367188,-79.86933390299475,6012.18,93.1494626762983,215.3628733416496
2024-11-20 12:59:51+00:00,FFT3378,25.60533142089844,-79.86648559570312,6019.8,93.1494626762983,215.3628733416496
2024-11-20 12:59:52+00:00,FFT3378,25.605239868164062,-79.86429850260413,6027.42,93.14196113693625,215.87654218223489
2024-11-20 12:59:53+00:00,FFT3378,25.605148315429688,-79.86216227213538,6035.04,93.14196113693625,215.87654218223489
2024-11-20 12:59:54+00:00,FFT3378,25.60503426244703,-79.86013736364976,6042.66,93.14196113693625,215.87654218223489
2024-11-20 12:59:55+00:00,FFT3378,25.6049411579714,-79.85796082694577,6050.280000000001,93.1344952121316,216.3902147057564
2024-11-20 12:59:56+00:00,FFT3378,25.604801501257946,-79.85609522405662,6057.900000000001,93.1344952121316,216.3902147057564
2024-11-20 12:59:57+00:00,FFT3378,25.604708396782307,-79.85391868735258,6073.14,93.1344952121316,216.3902147057564
2024-11-20 12:59:58+00:00,FFT3378,25.604615292306672,-79.85158668374112,6080.76,93.12706464910949,216.90389088604823
2024-11-20 12:59:59+00:00,FFT3378,25.604475635593214,-79.84930650243217,6088.38,93.12706464910949,216.90389088604823
2024-11-20 13:00:02+00:00,FFT3378,25.604196322166317,-79.8435542268573,6111.240000000001,93.12706464910949,216.90389088604823
2024-11-20 13:00:03+00:00,FFT3378,25.60400390625,-79.84024047851562,6126.4800000000005,93.119669197479,217.41757069719176
2024-11-20 13:00:04+00:00,FFT3378,25.603963560977224,-79.8390975088443,6134.1,93.119669197479,217.41757069719176
2024-11-20 13:00:05+00:00,FFT3378,25.60386657714844,-79.836680094401,6141.72,93.119669197479,217.41757069719176
2024-11-20 13:00:06+00:00,FFT3378,25.603729248046875,-79.83428955078125,6149.34,93.119669197479,217.41757069719176
2024-11-20 13:00:07+00:00,FFT3378,25.6036376953125,-79.8321533203125,6164.58,93.119669197479,217.41757069719176
2024-11-20 13:00:08+00:00,FFT3378,25.603546142578125,-79.83027140299475,6172.200000000001,93.11230860920548,217.93125411351235
2024-11-20 13:00:09+00:00,FFT3378,25.60335838188559,-79.82723020157721,6187.4400000000005,93.11230860920548,217.93125411351235
2024-11-20 13:00:10+00:00,FFT3378,25.603311829647776,-79.82598646631777,6187.4400000000005,93.11230860920548,217.93125411351235
2024-11-20 13:00:11+00:00,FFT3378,25.60322570800781,-79.8238627115885,6195.06,93.10498263858256,218.4449411095768
2024-11-20 13:00:12+00:00,FFT3378,25.603079068458687,-79.82137428139737,6202.68,93.10498263858256,218.4449411095768
2024-11-20 13:00:13+00:00,FFT3378,25.60298596398305,-79.81899045548346,6217.92,93.10498263858256,218.4449411095768
2024-11-20 13:00:14+00:00,FFT3378,25.6028463072696,-79.81671027417451,6225.54,93.10498263858256,218.4449411095768
2024-11-20 13:00:15+00:00,FFT3378,25.60272216796875,-79.81435139973956,6233.160000000001,93.10498263858256,218.4449411095768
2024-11-20 13:00:16+00:00,FFT3378,25.60263061523437,-79.81221516927081,6240.780000000001,93.0976910422052,218.95863166019043
2024-11-20 13:00:17+00:00,FFT3378,25.6025390625,-79.81033325195312,6248.400000000001,93.0976910422052,218.95863166019043
2024-11-20 13:00:18+00:00,FFT3378,25.602447509765625,-79.80824788411456,6256.02,93.0976910422052,218.95863166019043
2024-11-20 13:00:19+00:00,FFT3378,25.602310180664062,-79.805908203125,6271.26,93.0976910422052,218.95863166019043
2024-11-20 13:00:20+00:00,FFT3378,25.602194575940143,-79.80359923164798,6278.88,93.0976910422052,218.95863166019043
2024-11-20 13:00:21+00:00,FFT3378,25.602127075195312,-79.80158487955725,6294.12,93.0976910422052,218.95863166019043
2024-11-20 13:00:22+00:00,FFT3378,25.602035522460938,-79.7998046875,6294.12,93.0976910422052,218.95863166019043
2024-11-20 13:00:23+00:00,FFT3378,25.60191526251324,-79.79789877837555,6301.740000000001,93.09043357894264,219.47232574039413
2024-11-20 13:00:24+00:00,FFT3378,25.601806640625,-79.79573567708331,6316.9800000000005,93.09043357894264,219.47232574039413
2024-11-20 13:00:25+00:00,FFT3378,25.601682501324152,-79.7928201927329,6332.22,93.09043357894264,219.47232574039413
2024-11-20 13:00:26+00:00,FFT3378,25.601577758789062,-79.79080200195312,6339.84,93.09043357894264,219.47232574039413
2024-11-20 13:00:27+00:00,FFT3378,25.601449740135063,-79.78846711932488,6347.46,93.09043357894264,219.47232574039413
2024-11-20 13:00:28+00:00,FFT3378,25.6014404296875,-79.78749593098956,6355.08,93.09043357894264,219.47232574039413
2024-11-20 13:00:29+00:00,FFT3378,25.60125732421875,-79.78398640950519,6370.320000000001,93.09043357894264,219.47232574039413
2024-11-20 13:00:30+00:00,FFT3378,25.60112387447034,-79.7818338646079,6377.9400000000005,93.09043357894264,219.47232574039413
2024-11-20 13:00:31+00:00,FFT3378,25.60102844238281,-79.77986653645831,6385.56,93.09043357894264,219.47232574039413
2024-11-20 13:00:32+00:00,FFT3378,25.60093688964844,-79.7774759928385,6400.8,93.09043357894264,219.47232574039413
2024-11-20 13:00:33+00:00,FFT3378,25.60079800880561,-79.77509696528597,6408.42,93.08321000991204,219.986023325462
2024-11-20 13:00:34+00:00,FFT3378,25.6007080078125,-79.77289835611975,6416.04,93.08321000991204,219.986023325462
2024-11-20 13:00:35+00:00,FFT3378,25.600662231445312,-79.77167765299475,6423.660000000001,93.08321000991204,219.986023325462
2024-11-20 13:00:36+00:00,FFT3378,25.60052490234375,-79.76923624674475,6431.280000000001,93.08321000991204,219.986023325462
2024-11-20 13:00:37+00:00,FFT3378,25.600425590903072,-79.76680539688971,6446.52,93.08321000991204,219.986023325462
2024-11-20 13:00:38+00:00,FFT3378,25.60029602050781,-79.76445515950519,6454.14,93.0760200984524,220.499724390898
2024-11-20 13:00:39+00:00,FFT3378,25.60020446777344,-79.76201375325519,6461.76,93.0760200984524,220.499724390898
2024-11-20 13:00:40+00:00,FFT3378,25.600067138671875,-79.75997924804688,6469.38,93.0760200984524,220.499724390898
2024-11-20 13:00:41+00:00,FFT3378,25.60005317300053,-79.75877294000588,6477.0,93.06886361009865,221.013428912434
2024-11-20 13:00:42+00:00,FFT3378,25.599884033203125,-79.75545247395831,6484.62,93.06886361009865,221.013428912434
2024-11-20 13:00:43+00:00,FFT3378,25.59977385957362,-79.75359070975827,6484.62,93.06174031255642,221.52713686602675
2024-11-20 13:00:44+00:00,FFT3378,25.599680755097985,-79.7512068838443,6492.240000000001,93.06174031255642,221.52713686602675
2024-11-20 13:00:45+00:00,FFT3378,25.59954109838453,-79.74903034714032,6499.860000000001,93.054649975677,222.04084822785524
2024-11-20 13:00:46+00:00,FFT3378,25.599494546146715,-79.74726838885613,6507.4800000000005,93.054649975677,222.04084822785524
2024-11-20 13:00:47+00:00,FFT3378,25.599380493164062,-79.74543253580725,6507.4800000000005,93.054649975677,222.04084822785524
2024-11-20 13:00:48+00:00,FFT3378,25.599261784957623,-79.74322624926299,6515.1,93.04759237143251,222.55456297431832
2024-11-20 13:00:49+00:00,FFT3378,25.59916868048199,-79.74115335716391,6515.1,93.04056727389168,223.06828108203203
2024-11-20 13:00:50+00:00,FFT3378,25.59906005859375,-79.73851521809894,6522.72,93.04056727389168,223.06828108203203
2024-11-20 13:00:51+00:00,FFT3378,25.598922729492188,-79.73607381184894,6530.34,93.04056727389168,223.06828108203203
2024-11-20 13:00:52+00:00,FFT3378,25.59883117675781,-79.73368326822913,6530.34,93.02661370553491,224.0957272887472
2024-11-20 13:00:53+00:00,FFT3378,25.598656605865997,-79.7305816074587,6537.96,93.02661370553491,224.0957272887472
2024-11-20 13:00:54+00:00,FFT3378,25.598602294921875,-79.72951253255206,6545.58,93.02661370553491,224.0957272887472
2024-11-20 13:00:55+00:00,FFT3378,25.5985107421875,-79.72707112630206,6553.200000000001,93.15071641326776,224.63714319457367
2024-11-20 13:00:56+00:00,FFT3378,25.59837729243909,-79.72488115418633,6553.200000000001,93.41267935158687,224.69604216704167
2024-11-20 13:00:57+00:00,FFT3378,25.59823608398437,-79.72239176432288,6560.820000000001,93.67449952082968,224.7596357210958
2024-11-20 13:00:58+00:00,FFT3378,25.598190307617188,-79.72127278645831,6568.4400000000005,94.18809692673138,225.41395747758847
2024-11-20 13:00:59+00:00,FFT3378,25.597915649414062,-79.718017578125,6576.06,94.8395875762976,225.6163943129133
2024-11-20 13:01:00+00:00,FFT3378,25.59786521782309,-79.71700416420987,6576.06,94.8395875762976,225.6163943129133
2024-11-20 13:01:01+00:00,FFT3378,25.59750366210937,-79.71328735351562,6583.68,96.15262124156136,225.59703864634056
2024-11-20 13:01:02+00:00,FFT3378,25.597399695444917,-79.71213286777709,6591.3,96.15262124156136,225.59703864634056
2024-11-20 13:01:03+00:00,FFT3378,25.596954345703125,-79.70860799153644,6598.92,97.72401793310284,225.8321269223713
2024-11-20 13:01:04+00:00,FFT3378,25.5968410685911,-79.70757250515919,6598.92,97.72401793310284,225.8321269223713
2024-11-20 13:01:05+00:00,FFT3378,25.596328993975103,-79.70425587780068,6614.160000000001,99.44086311557842,225.81278974743776
2024-11-20 13:01:06+00:00,FFT3378,25.59618933726165,-79.70316760944871,6614.160000000001,99.44086311557842,225.81278974743776
2024-11-20 13:01:07+00:00,FFT3378,25.595626831054688,-79.70016479492188,6621.780000000001,101.1564620030752,225.99613334400237
2024-11-20 13:01:08+00:00,FFT3378,25.59521484375,-79.69797770182288,6629.400000000001,101.1564620030752,225.99613334400237
2024-11-20 13:01:09+00:00,FFT3378,25.5947462178893,-79.6957051978921,6637.02,102.0765563852758,226.2173534021064
2024-11-20 13:01:10+00:00,FFT3378,25.594207763671875,-79.69319661458331,6644.64,103.94148757937538,226.3348982342534
2024-11-20 13:01:11+00:00,FFT3378,25.594001382084212,-79.69228492592862,6644.64,104.88945455233647,226.23490128432348
2024-11-20 13:01:12+00:00,FFT3378,25.59310913085937,-79.68877156575519,6659.88,105.67732652424938,226.5522830093496
2024-11-20 13:01:13+00:00,FFT3378,25.59283447265625,-79.687754313151,6659.88,105.67732652424938,226.5522830093496
2024-11-20 13:01:14+00:00,FFT3378,25.59223937988281,-79.68551635742188,6667.5,106.62447814396498,226.5657166193036
2024-11-20 13:01:15+00:00,FFT3378,25.591873168945312,-79.68434651692706,6667.5,107.61060600207686,226.1506590318321
2024-11-20 13:01:16+00:00,FFT3378,25.590882382150426,-79.6811431308962,6682.740000000001,108.55851968707124,226.290460600741
2024-11-20 13:01:17+00:00,FFT3378,25.5904541015625,-79.67987060546875,6682.740000000001,110.37294348494116,226.0938948213901
2024-11-20 13:01:18+00:00,FFT3378,25.58944702148437,-79.67692057291663,6697.9800000000005,111.07495924199335,226.04179965553428
2024-11-20 13:01:19+00:00,FFT3378,25.58857727050781,-79.67453002929688,6705.6,111.6559890384225,225.8332988191517
2024-11-20 13:01:20+00:00,FFT3378,25.58784484863281,-79.6724955240885,6713.22,112.06789956241022,225.9305450619213
2024-11-20 13:01:21+00:00,FFT3378,25.58711242675781,-79.67041015625,6728.46,112.35883814567497,225.8432596962672
2024-11-20 13:01:22+00:00,FFT3378,25.586646128509003,-79.66922400132665,6743.700000000001,112.52939800293686,225.5641888659786
2024-11-20 13:01:23+00:00,FFT3378,25.58551025390625,-79.66618855794269,6751.320000000001,112.70037890103455,225.28712181972293
2024-11-20 13:01:24+00:00,FFT3378,25.58477783203125,-79.66425577799475,6766.56,112.75097634278764,224.8126166079251
2024-11-20 13:01:26+00:00,FFT3378,25.583221435546875,-79.66023763020831,6789.42,112.9228006844637,224.53815814004653
2024-11-20 13:01:27+00:00,FFT3378,25.582443237304688,-79.658203125,6804.660000000001,112.9228006844637,224.53815814004653
2024-11-20 13:01:28+00:00,FFT3378,25.58203745696504,-79.65709758254718,6819.900000000001,112.9228006844637,224.53815814004653
2024-11-20 13:01:29+00:00,FFT3378,25.58078054654396,-79.65383277749112,6835.14,112.9228006844637,224.53815814004653
2024-11-20 13:01:30+00:00,FFT3378,25.58001708984375,-79.65189615885413,6842.76,112.85281450922196,223.8641354894777
2024-11-20 13:01:31+00:00,FFT3378,25.579570188360695,-79.65067161704008,6850.38,112.85281450922196,223.8641354894777
2024-11-20 13:01:32+00:00,FFT3378,25.578452934653072,-79.64776956810141,6873.240000000001,112.85281450922196,223.8641354894777
2024-11-20 13:01:33+00:00,FFT3378,25.577545166015625,-79.6453857421875,6880.860000000001,112.85281450922196,223.8641354894777
2024-11-20 13:01:34+00:00,FFT3378,25.57708740234375,-79.6441650390625,6888.4800000000005,112.73137463998992,223.6648457456656
2024-11-20 13:01:35+00:00,FFT3378,25.575897216796875,-79.64101155598956,6903.72,112.73137463998992,223.6648457456656
2024-11-20 13:01:36+00:00,FFT3378,25.57510117353019,-79.63890795437794,6918.96,112.73137463998992,223.6648457456656
2024-11-20 13:01:37+00:00,FFT3378,25.57468220338983,-79.63781968602592,6918.96,112.73137463998992,223.6648457456656
2024-11-20 13:01:38+00:00,FFT3378,25.573890815346928,-79.63579861622935,6941.820000000001,112.9040578036369,223.3901618301784
2024-11-20 13:01:39+00:00,FFT3378,25.57314597954184,-79.63388119103774,6941.820000000001,112.9040578036369,223.3901618301784
2024-11-20 13:01:40+00:00,FFT3378,25.57193562135858,-79.63072003058664,6964.68,113.0771645808171,223.11751207180208
2024-11-20 13:01:41+00:00,FFT3378,25.571516651218214,-79.62963176223468,6972.3,113.25069336031648,222.8469039368165
2024-11-20 13:01:42+00:00,FFT3378,25.57026672363281,-79.62646484375,6987.54,113.37210839477808,223.0504840748353
2024-11-20 13:01:43+00:00,FFT3378,25.5698873228946,-79.62548597803652,6987.54,113.42464249208928,222.578344871767
2024-11-20 13:01:44+00:00,FFT3378,25.56903076171875,-79.62331136067706,7002.780000000001,113.54604398343656,222.78335836167648
2024-11-20 13:01:45+00:00,FFT3378,25.56830454680879,-79.62149566074584,7018.02,113.54604398343656,222.78335836167648
2024-11-20 13:01:46+00:00,FFT3378,25.567428588867188,-79.61924235026038,7018.02,113.7203955723046,222.51829068710848
2024-11-20 13:01:47+00:00,FFT3378,25.566650390625,-79.61736043294269,7025.64,113.9624889745782,222.9341753314366
2024-11-20 13:01:48+00:00,FFT3378,25.56587219238281,-79.61542765299475,7040.88,114.13721166395332,222.6740413230652
2024-11-20 13:01:50+00:00,FFT3378,25.564178466796875,-79.61125691731769,7063.740000000001,114.31234142956517,222.41598287466016
2024-11-20 13:01:51+00:00,FFT3378,25.563400268554688,-79.60932413736975,7063.740000000001,114.43299746949388,222.62827858720613
2024-11-20 13:01:52+00:00,FFT3378,25.5625786215572,-79.6073481721698,7078.9800000000005,114.55342308342952,222.84155967988215
2024-11-20 13:01:53+00:00,FFT3378,25.561740681276483,-79.60532710237322,7086.6,114.60850280451452,222.37373743639887
2024-11-20 13:01:54+00:00,FFT3378,25.5604837708554,-79.60237323113205,7101.84,114.72889701187312,222.58845140876147
2024-11-20 13:01:55+00:00,FFT3378,25.559600830078125,-79.60027058919269,7109.46,114.84905864362696,222.8041462920449
2024-11-20 13:01:56+00:00,FFT3378,25.558822631835938,-79.59833780924475,7117.08,114.84905864362696,222.8041462920449
2024-11-20 13:01:57+00:00,FFT3378,25.558109606726696,-79.59667277785968,7124.700000000001,114.96898731910228,223.0208192401812
2024-11-20 13:01:58+00:00,FFT3378,25.55713200973252,-79.59444441885319,7132.320000000001,115.02489456442044,222.55456297431832
2024-11-20 13:01:59+00:00,FFT3378,25.556716918945312,-79.59340413411456,7139.9400000000005,115.14478563067894,222.7726666707177
2024-11-20 13:02:00+00:00,FFT3378,25.55584716796875,-79.59142049153644,7147.56,115.14478563067894,222.7726666707177
2024-11-20 13:02:01+00:00,FFT3378,25.555160522460938,-79.58974202473956,7155.18,115.14478563067894,222.7726666707177
2024-11-20 13:02:02+00:00,FFT3378,25.55378024860964,-79.58656742887678,7162.8,115.26444164715706,222.991743873476
2024-11-20 13:02:03+00:00,FFT3378,25.55298886056673,-79.58470182598762,7170.42,115.26444164715706,222.991743873476
2024-11-20 13:02:04+00:00,FFT3378,25.552197472523837,-79.58283622309847,7185.660000000001,115.38386226375135,223.21179171617112
2024-11-20 13:02:05+00:00,FFT3378,25.55108642578125,-79.580332438151,7193.280000000001,115.44058832410964,222.74712333166028
2024-11-20 13:02:06+00:00,FFT3378,25.550582885742188,-79.57916259765625,7200.900000000001,115.44058832410964,222.74712333166028
2024-11-20 13:02:07+00:00,FFT3378,25.54962158203125,-79.57692464192706,7208.52,115.55996517182382,222.96859954531172
2024-11-20 13:02:08+00:00,FFT3378,25.5487060546875,-79.57478841145831,7216.14,115.55996517182382,222.96859954531172
2024-11-20 13:02:09+00:00,FFT3378,25.54824053230932,-79.57371549786262,7223.76,115.55996517182382,222.96859954531172
2024-11-20 13:02:10+00:00,FFT3378,25.547309487552965,-79.57148713885613,7231.38,115.50304713991557,223.4328073309985
2024-11-20 13:02:11+00:00,FFT3378,25.546417236328125,-79.56944783528644,7231.38,115.50304713991557,223.4328073309985
2024-11-20 13:02:13+00:00,FFT3378,25.544562905521715,-79.56526846255895,7246.620000000001,115.621995944607,223.65478784890135
2024-11-20 13:02:14+00:00,FFT3378,25.543678413003175,-79.56319557045987,7254.240000000001,115.621995944607,223.65478784890135
2024-11-20 13:02:15+00:00,FFT3378,25.542755126953125,-79.56110636393225,7261.860000000001,115.74070835623284,223.8777303997013
2024-11-20 13:02:16+00:00,FFT3378,25.54188537597656,-79.55912272135413,7269.48,115.74070835623284,223.8777303997013
2024-11-20 13:02:17+00:00,FFT3378,25.541024935447563,-79.55708053876765,7277.1,115.68364718049584,224.34123669711977
2024-11-20 13:02:18+00:00,FFT3378,25.54010009765625,-79.55500284830725,7277.1,115.68364718049584,224.34123669711977
2024-11-20 13:02:19+00:00,FFT3378,25.53895568847656,-79.55235799153644,7284.72,115.68364718049584,224.34123669711977
2024-11-20 13:02:20+00:00,FFT3378,25.5384521484375,-79.55118815104163,7292.34,115.80193530639168,224.5646762721948
2024-11-20 13:02:21+00:00,FFT3378,25.53721618652344,-79.54839070638019,7299.96,115.74492221071615,225.0279437055889
2024-11-20 13:02:22+00:00,FFT3378,25.536392211914062,-79.5465087890625,7307.58,115.74492221071615,225.0279437055889
2024-11-20 13:02:23+00:00,FFT3378,25.535476684570312,-79.54442342122394,7307.58,115.74492221071615,225.0279437055889
2024-11-20 13:02:24+00:00,FFT3378,25.535066249006885,-79.54350309551887,7315.200000000001,115.68814343564732,225.49143303627747
2024-11-20 13:02:25+00:00,FFT3378,25.533762786347985,-79.54049740197524,7322.820000000001,115.68814343564732,225.49143303627747
2024-11-20 13:02:26+00:00,FFT3378,25.53325071173199,-79.53935731132077,7322.820000000001,115.80582432940444,225.71490651805613
2024-11-20 13:02:28+00:00,FFT3378,25.53144836425781,-79.53526814778644,7338.06,115.74909320664872,226.17815821626408
2024-11-20 13:02:29+00:00,FFT3378,25.53050412970074,-79.53308681272108,7345.68,115.74909320664872,226.17815821626408
2024-11-20 13:02:30+00:00,FFT3378,25.52920066704184,-79.53008111917745,7353.3,115.74909320664872,226.17815821626408
2024-11-20 13:02:31+00:00,FFT3378,25.52874755859375,-79.52901204427081,7360.92,115.69259405417596,226.64163074997109
2024-11-20 13:02:32+00:00,FFT3378,25.527897204382946,-79.52712724793633,7360.92,115.69259405417596,226.64163074997109
2024-11-20 13:02:33+00:00,FFT3378,25.527012711864405,-79.52510617813971,7368.54,115.69259405417596,226.64163074997109
2024-11-20 13:02:34+00:00,FFT3378,25.526275634765625,-79.52336629231769,7376.160000000001,115.69259405417596,226.64163074997109
2024-11-20 13:02:35+00:00,FFT3378,25.52538338354078,-79.5213749723614,7376.160000000001,115.63632556132656,227.1053227671456
2024-11-20 13:02:36+00:00,FFT3378,25.524490356445312,-79.51924641927081,7383.780000000001,115.63632556132656,227.1053227671456
2024-11-20 13:02:37+00:00,FFT3378,25.52310232388771,-79.51614091981133,7391.400000000001,115.63632556132656,227.1053227671456
2024-11-20 13:02:39+00:00,FFT3378,25.52178955078125,-79.51309204101562,7399.02,115.58028642634078,227.56923292613777
2024-11-20 13:02:40+00:00,FFT3378,25.520919799804688,-79.51105753580725,7406.64,115.58028642634078,227.56923292613777
2024-11-20 13:02:41+00:00,FFT3378,25.51970401052701,-79.50826392983487,7414.26,115.58028642634078,227.56923292613777
2024-11-20 13:02:42+00:00,FFT3378,25.518814086914062,-79.5062255859375,7421.88,115.5244753562944,228.03335989558724
2024-11-20 13:02:44+00:00,FFT3378,25.517120361328125,-79.50230916341144,7437.120000000001,115.5244753562944,228.03335989558724
2024-11-20 13:02:45+00:00,FFT3378,25.51620483398437,-79.50022379557288,7437.120000000001,115.5244753562944,228.03335989558724
2024-11-20 13:02:46+00:00,FFT3378,25.515188443458687,-79.49789946933959,7452.360000000001,115.5244753562944,228.03335989558724
2024-11-20 13:02:47+00:00,FFT3378,25.514328002929688,-79.49590047200519,7452.360000000001,115.46889106703416,228.4977023543308
2024-11-20 13:02:48+00:00,FFT3378,25.513458251953125,-79.49381510416663,7459.98,115.46889106703416,228.4977023543308
2024-11-20 13:02:49+00:00,FFT3378,25.513047040519066,-79.49287270599939,7467.6,115.46889106703416,228.4977023543308
2024-11-20 13:02:50+00:00,FFT3378,25.512209100238348,-79.49095528080778,7475.22,115.46889106703416,228.4977023543308
2024-11-20 13:02:51+00:00,FFT3378,25.51123150324417,-79.48867509949883,7482.84,115.46889106703416,228.4977023543308
2024-11-20 13:02:52+00:00,FFT3378,25.51043701171875,-79.48684692382812,7490.46,115.46889106703416,228.4977023543308
2024-11-20 13:02:53+00:00,FFT3378,25.509090100304554,-79.48375198076354,7505.700000000001,115.41353228311422,228.96225899131184
2024-11-20 13:02:54+00:00,FFT3378,25.50823974609375,-79.4818115234375,7505.700000000001,115.41353228311422,228.96225899131184
2024-11-20 13:02:55+00:00,FFT3378,25.507827758789062,-79.48079427083331,7513.320000000001,115.41353228311422,228.96225899131184
2024-11-20 13:02:56+00:00,FFT3378,25.506500244140625,-79.477793375651,7520.94,115.41353228311422,228.96225899131184
2024-11-20 13:02:57+00:00,FFT3378,25.505584716796875,-79.47565714518225,7528.56,115.41353228311422,228.96225899131184
2024-11-20 13:02:58+00:00,FFT3378,25.5047607421875,-79.47372436523438,7536.18,115.41353228311422,228.96225899131184
2024-11-20 13:02:59+00:00,FFT3378,25.50379943847656,-79.471435546875,7543.8,115.41353228311422,228.96225899131184
2024-11-20 13:03:00+00:00,FFT3378,25.502838134765625,-79.46919759114581,7551.42,115.35839773773256,229.42702850549028
2024-11-20 13:03:01+00:00,FFT3378,25.50201416015625,-79.46726481119788,7559.04,115.35839773773256,229.42702850549028
2024-11-20 13:03:02+00:00,FFT3378,25.501502085540253,-79.46608057561912,7566.660000000001,115.35839773773256,229.42702850549028
2024-11-20 13:03:03+00:00,FFT3378,25.50071069749735,-79.46421497272996,7574.280000000001,115.24219097532908,229.2071743143269
2024-11-20 13:03:04+00:00,FFT3378,25.499771118164062,-79.46207682291663,7581.900000000001,115.24219097532908,229.2071743143269
2024-11-20 13:03:05+00:00,FFT3378,25.498895160222457,-79.4600691885318,7589.52,115.24219097532908,229.2071743143269
2024-11-20 13:03:06+00:00,FFT3378,25.497871010990465,-79.45763354031544,7597.14,115.24219097532908,229.2071743143269
2024-11-20 13:03:08+00:00,FFT3378,25.496102025953387,-79.45348775611734,7620.0,115.24219097532908,229.2071743143269
2024-11-20 13:03:10+00:00,FFT3378,25.494426145391948,-79.44960108343162,7642.860000000001,115.24219097532908,229.2071743143269
2024-11-20 13:03:12+00:00,FFT3378,25.492721557617188,-79.44559733072913,7658.1,115.24219097532908,229.2071743143269
2024-11-20 13:03:13+00:00,FFT3378,25.491772667836333,-79.44333058483193,7665.72,115.1257615491956,228.98826478821067
2024-11-20 13:03:14+00:00,FFT3378,25.49043273925781,-79.44025675455725,7680.96,115.1257615491956,228.98826478821067
2024-11-20 13:03:24+00:00,FFT3378,25.48264842922405,-79.42187615160674,7757.160000000001,115.1257615491956,228.98826478821067
2024-11-20 13:03:39+00:00,FFT3378,25.46868896484375,-79.38893636067709,7840.98,115.0245997026014,231.0701263157115
2024-11-20 13:03:43+00:00,FFT3378,25.46553039550781,-79.38156127929688,7856.22,115.03222960715377,232.2200443932643
2024-11-20 13:03:44+00:00,FFT3378,25.463882446289062,-79.37764485677084,7871.46,115.03222960715377,232.2200443932643
2024-11-20 13:03:46+00:00,FFT3378,25.46295683262712,-79.37544336858787,7879.080000000001,115.09334896983432,232.90397480127103
2024-11-20 13:03:47+00:00,FFT3378,25.461181640625,-79.37128702799475,7886.700000000001,115.09334896983432,232.90397480127103
2024-11-20 13:03:48+00:00,FFT3378,25.460678100585938,-79.3701171875,7886.700000000001,115.09334896983432,232.90397480127103
2024-11-20 13:03:49+00:00,FFT3378,25.46031188964844,-79.36925252278644,7894.320000000001,115.09334896983432,232.90397480127103
2024-11-20 13:03:50+00:00,FFT3378,25.459396362304688,-79.36711629231769,7894.320000000001,115.039784319676,233.3699665482938
2024-11-20 13:03:51+00:00,FFT3378,25.458115399894066,-79.36409428434553,7901.94,115.039784319676,233.3699665482938
2024-11-20 13:03:52+00:00,FFT3378,25.4571533203125,-79.36177571614581,7909.56,115.039784319676,233.3699665482938
2024-11-20 13:03:53+00:00,FFT3378,25.456283569335938,-79.3597412109375,7917.18,115.039784319676,233.3699665482938
2024-11-20 13:03:54+00:00,FFT3378,25.455368041992188,-79.35765584309894,7924.8,115.039784319676,233.3699665482938
2024-11-20 13:03:55+00:00,FFT3378,25.454391220868644,-79.35528449292451,7924.8,114.98643320477989,233.8361614475629
2024-11-20 13:03:57+00:00,FFT3378,25.452436026880296,-79.35062048570165,7940.04,114.98643320477989,233.8361614475629
2024-11-20 13:03:59+00:00,FFT3378,25.450946355270126,-79.34720021373818,7947.660000000001,115.1005813185518,234.05392896242532
2024-11-20 13:04:00+00:00,FFT3378,25.450103759765625,-79.34514363606769,7962.900000000001,115.1005813185518,234.05392896242532
2024-11-20 13:04:01+00:00,FFT3378,25.44875840009269,-79.34201798349056,7962.900000000001,115.04726494597529,234.5198927208207
2024-11-20 13:04:02+00:00,FFT3378,25.448226928710938,-79.34076944986975,7962.900000000001,115.04726494597529,234.5198927208207
2024-11-20 13:04:03+00:00,FFT3378,25.4469428628178,-79.3377685546875,7978.14,115.04726494597529,234.5198927208207
2024-11-20 13:04:04+00:00,FFT3378,25.446570444915253,-79.3368875755454,7978.14,115.04726494597529,234.5198927208207
2024-11-20 13:04:05+00:00,FFT3378,25.44554629568326,-79.33445192732898,7985.76,114.99416006591656,234.9860587483452
2024-11-20 13:04:06+00:00,FFT3378,25.44428938526218,-79.33149805608787,7993.38,114.99416006591656,234.9860587483452
2024-11-20 13:04:07+00:00,FFT3378,25.443358340505824,-79.32932151938383,7993.38,115.10774294664456,235.20388681643072
2024-11-20 13:04:08+00:00,FFT3378,25.44287109375,-79.32810465494788,8001.0,115.10774294664456,235.20388681643072
2024-11-20 13:04:09+00:00,FFT3378,25.441909790039062,-79.32591756184894,8008.620000000001,115.05467257028624,235.66982285203613
2024-11-20 13:04:10+00:00,FFT3378,25.440673828125,-79.32291666666663,8016.240000000001,115.05467257028624,235.66982285203613
2024-11-20 13:04:11+00:00,FFT3378,25.43972726595604,-79.32077083947524,8016.240000000001,115.05467257028624,235.66982285203613
2024-11-20 13:04:12+00:00,FFT3378,25.43930829581568,-79.31973439342568,8023.860000000001,115.05467257028624,235.66982285203613
2024-11-20 13:04:13+00:00,FFT3378,25.43843078613281,-79.31772867838538,8031.48,115.05467257028624,235.66982285203613
2024-11-20 13:04:14+00:00,FFT3378,25.437469482421875,-79.31538899739581,8039.1,115.05467257028624,235.66982285203613
2024-11-20 13:04:15+00:00,FFT3378,25.436654818260063,-79.31346389482604,8046.72,115.05467257028624,235.66982285203613
2024-11-20 13:04:17+00:00,FFT3378,25.434420310844807,-79.30822984227592,8054.34,115.05467257028624,235.66982285203613
2024-11-20 13:04:18+00:00,FFT3378,25.433578491210938,-79.3062845865885,8061.96,115.11483488614456,236.35384830938557
2024-11-20 13:04:19+00:00,FFT3378,25.432651325807733,-79.30408405807782,8069.580000000001,115.11483488614456,236.35384830938557
2024-11-20 13:04:20+00:00,FFT3378,25.431720281051376,-79.30190752137383,8077.200000000001,115.11483488614456,236.35384830938557
2024-11-20 13:04:21+00:00,FFT3378,25.43120820643538,-79.3006637861144,8077.200000000001,115.11483488614456,236.35384830938557
2024-11-20 13:04:22+00:00,FFT3378,25.4299512960143,-79.29776173717568,8084.820000000001,115.11483488614456,236.35384830938557
2024-11-20 13:04:23+00:00,FFT3378,25.428973699020126,-79.29542973356428,8092.44,115.06200825579448,236.8197568842733
2024-11-20 13:04:24+00:00,FFT3378,25.428497314453125,-79.29433186848956,8100.06,115.06200825579448,236.8197568842733
2024-11-20 13:04:25+00:00,FFT3378,25.4271240234375,-79.29107666015625,8107.68,115.06200825579448,236.8197568842733
2024-11-20 13:04:27+00:00,FFT3378,25.425761594610695,-79.2878636774027,8115.3,115.06200825579448,236.8197568842733
2024-11-20 13:04:28+00:00,FFT3378,25.424880981445312,-79.28573608398438,8122.92,115.06200825579448,236.8197568842733
2024-11-20 13:04:29+00:00,FFT3378,25.423873901367188,-79.283447265625,8130.54,115.12185814910438,237.5038133884318
2024-11-20 13:04:30+00:00,FFT3378,25.422637939453125,-79.28054809570312,8130.54,115.12185814910438,237.5038133884318
2024-11-20 13:04:31+00:00,FFT3378,25.421804654396187,-79.27853566295693,8138.160000000001,115.12185814910438,237.5038133884318
2024-11-20 13:04:32+00:00,FFT3378,25.42101326635328,-79.27667006006777,8145.780000000001,115.12185814910438,237.5038133884318
2024-11-20 13:04:33+00:00,FFT3378,25.41998911712129,-79.27433805645637,8153.400000000001,115.06927304514451,237.96969476097976
2024-11-20 13:04:34+00:00,FFT3378,25.419021606445312,-79.27205403645831,8153.400000000001,115.06927304514451,237.96969476097976
2024-11-20 13:04:35+00:00,FFT3378,25.41859254998676,-79.2709696067954,8161.02,115.06927304514451,237.96969476097976
2024-11-20 13:04:36+00:00,FFT3378,25.41724253509004,-79.2678084463443,8168.64,115.06927304514451,237.96969476097976
2024-11-20 13:04:37+00:00,FFT3378,25.41640459480932,-79.26578737654773,8168.64,115.06927304514451,237.96969476097976
2024-11-20 13:04:38+00:00,FFT3378,25.415473550052965,-79.26361083984375,8176.26,115.01689347810004,238.435775798178
2024-11-20 13:04:39+00:00,FFT3378,25.414682162010063,-79.26179705925705,8183.88,115.1288137280784,238.65378200173035
2024-11-20 13:04:40+00:00,FFT3378,25.4139404296875,-79.26010131835938,8183.88,115.1288137280784,238.65378200173035
2024-11-20 13:04:41+00:00,FFT3378,25.412887573242188,-79.25760904947913,8191.5,115.07646796093356,239.1196364266908
2024-11-20 13:04:42+00:00,FFT3378,25.41197204589844,-79.25547281901038,8199.12,115.07646796093356,239.1196364266908
2024-11-20 13:04:43+00:00,FFT3378,25.410964965820312,-79.25308227539062,8199.12,115.07646796093356,239.1196364266908
2024-11-20 13:04:44+00:00,FFT3378,25.41049246060646,-79.25195082178652,8206.74,115.07646796093356,239.1196364266908
2024-11-20 13:04:45+00:00,FFT3378,25.409561415850103,-79.24977428508254,8214.36,115.07646796093356,239.1196364266908
2024-11-20 13:04:46+00:00,FFT3378,25.40840148925781,-79.24697875976562,8221.98,115.02432580125372,239.58568966278943
2024-11-20 13:04:47+00:00,FFT3378,25.4073486328125,-79.24458821614581,8221.98,115.02432580125372,239.58568966278943
2024-11-20 13:04:48+00:00,FFT3378,25.406814833818856,-79.24334831957549,8229.6,115.13570259659,239.80375409843603
2024-11-20 13:04:49+00:00,FFT3378,25.40551137115996,-79.2402389814269,8237.220000000001,115.13570259659,239.80375409843603
2024-11-20 13:04:50+00:00,FFT3378,25.405138953257413,-79.2393061799823,8237.220000000001,115.13570259659,239.80375409843603
2024-11-20 13:04:52+00:00,FFT3378,25.40313720703125,-79.23472086588538,8252.460000000001,115.13570259659,239.80375409843603
2024-11-20 13:04:53+00:00,FFT3378,25.4022216796875,-79.23248291015625,8260.08,115.13570259659,239.80375409843603
2024-11-20 13:04:54+00:00,FFT3378,25.400716490664724,-79.22899354178952,8267.7,115.08359400619092,240.26958182700344
2024-11-20 13:04:55+00:00,FFT3378,25.40025329589844,-79.22785441080725,8275.32,115.08359400619092,240.26958182700344
2024-11-20 13:04:56+00:00,FFT3378,25.399246215820312,-79.22556559244788,8275.32,115.08359400619092,240.26958182700344
2024-11-20 13:04:58+00:00,FFT3378,25.397318177304022,-79.22096108490564,8290.560000000001,115.08359400619092,240.26958182700344
2024-11-20 13:04:59+00:00,FFT3378,25.396316528320312,-79.21864827473956,8298.18,115.08359400619092,240.26958182700344
2024-11-20 13:05:00+00:00,FFT3378,25.39540100097656,-79.21646118164062,8305.800000000001,115.08359400619092,240.26958182700344
2024-11-20 13:05:01+00:00,FFT3378,25.394439697265625,-79.21417236328125,8313.42,115.03168712081624,240.73560752036929
2024-11-20 13:05:02+00:00,FFT3378,25.393386840820312,-79.211680094401,8313.42,115.14252570958546,240.9537296286743
2024-11-20 13:05:03+00:00,FFT3378,25.392988819186968,-79.21075209131777,8321.04,115.14252570958546,240.9537296286743
2024-11-20 13:05:04+00:00,FFT3378,25.3919677734375,-79.20842488606769,8328.66,115.14252570958546,240.9537296286743
2024-11-20 13:05:05+00:00,FFT3378,25.390914916992188,-79.2059326171875,8336.28,115.14252570958546,240.9537296286743
2024-11-20 13:05:06+00:00,FFT3378,25.390045166015625,-79.20384724934894,8336.28,115.09065216484365,241.41953090855085
2024-11-20 13:05:07+00:00,FFT3378,25.388659461069917,-79.20064674233487,8343.9,115.09065216484365,241.41953090855085
2024-11-20 13:05:08+00:00,FFT3378,25.38786807302701,-79.19872931714326,8351.52,115.09065216484365,241.41953090855085
2024-11-20 13:05:10+00:00,FFT3378,25.386016845703125,-79.19443766276038,8359.140000000001,115.09065216484365,241.41953090855085
2024-11-20 13:05:11+00:00,FFT3378,25.38560485839844,-79.193369547526,8366.76,115.09065216484365,241.41953090855085
2024-11-20 13:05:12+00:00,FFT3378,25.3846435546875,-79.19118245442706,8374.380000000001,115.03897844919426,241.88552931397007
2024-11-20 13:05:13+00:00,FFT3378,25.38409734176377,-79.1898677034198,8374.380000000001,115.03897844919426,241.88552931397007
2024-11-20 13:05:14+00:00,FFT3378,25.382583618164062,-79.1864013671875,8382.0,115.14928400387478,242.10370854351805
2024-11-20 13:05:15+00:00,FFT3378,25.38217163085937,-79.18533325195312,8389.62,115.14928400387478,242.10370854351805
2024-11-20 13:05:16+00:00,FFT3378,25.380745580640887,-79.18199071344338,8397.24,115.14928400387478,242.10370854351805
2024-11-20 13:05:17+00:00,FFT3378,25.3802490234375,-79.18085734049475,8404.86,115.14928400387478,242.10370854351805
2024-11-20 13:05:18+00:00,FFT3378,25.379162804555083,-79.17836315227004,8404.86,115.14928400387478,242.10370854351805
2024-11-20 13:05:28+00:00,FFT3378,25.36989890922934,-79.15659778522996,8481.060000000001,115.14928400387478,242.10370854351805
2024-11-20 13:05:29+00:00,FFT3378,25.3685302734375,-79.15339152018225,8488.68,115.14928400387478,242.10370854351805
2024-11-20 13:05:30+00:00,FFT3378,25.36798095703125,-79.15211995442706,8496.300000000001,115.14928400387478,242.10370854351805
2024-11-20 13:05:32+00:00,FFT3378,25.3661281779661,-79.14778799380895,8511.54,115.09764340216904,242.5694836189782
2024-11-20 13:05:33+00:00,FFT3378,25.36509704589844,-79.14530436197913,8519.16,115.09764340216904,242.5694836189782
2024-11-20 13:05:35+00:00,FFT3378,25.36317443847656,-79.14082845052081,8534.4,115.09764340216904,242.5694836189782
2024-11-20 13:05:39+00:00,FFT3378,25.359375,-79.13187662760413,8564.880000000001,115.2075853325474,242.78813827586652
2024-11-20 13:05:40+00:00,FFT3378,25.35845947265625,-79.12984212239581,8572.5,115.2075853325474,242.78813827586652
2024-11-20 13:05:41+00:00,FFT3378,25.357562566207623,-79.1276809404481,8580.12,115.09764340216904,242.5694836189782
2024-11-20 13:05:55+00:00,FFT3378,25.34481811523437,-79.0978495279948,8694.42,115.14928400387478,242.10370854351805
2024-11-20 13:06:02+00:00,FFT3378,25.33842959646451,-79.08290647110846,8763.0,115.14928400387478,242.10370854351805
2024-11-20 13:06:29+00:00,FFT3378,25.313012074615997,-79.02351811247053,8923.02,115.14928400387478,242.10370854351805
2024-11-20 13:06:33+00:00,FFT3378,25.309194791114937,-79.01465649874706,8938.26,115.21398609435836,243.93814871414415
2024-11-20 13:06:39+00:00,FFT3378,25.30318955243644,-79.00061265477595,8968.74,115.21398609435836,243.93814871414415
2024-11-20 13:06:42+00:00,FFT3378,25.300722283832098,-78.99491220150354,8983.98,115.2716691185174,244.62285527176687
2024-11-20 13:06:43+00:00,FFT3378,25.2996826171875,-78.99241129557288,8991.6,115.22032678837569,245.08816216822453
2024-11-20 13:06:44+00:00,FFT3378,25.29876708984375,-78.99024819428064,8999.220000000001,115.22032678837569,245.08816216822453
2024-11-20 13:06:46+00:00,FFT3378,25.29693603515625,-78.98600260416663,9006.84,115.22032678837569,245.08816216822453
2024-11-20 13:06:47+00:00,FFT3378,25.2960205078125,-78.98387405107604,9014.46,115.22032678837569,245.08816216822453
2024-11-20 13:06:49+00:00,FFT3378,25.294111866061968,-78.97941733306305,9029.7,115.22032678837569,245.08816216822453
2024-11-20 13:06:51+00:00,FFT3378,25.292221069335938,-78.97501627604163,9037.32,115.22032678837569,245.08816216822453
2024-11-20 13:06:52+00:00,FFT3378,25.29112243652344,-78.97252400716144,9044.94,115.22032678837569,245.08816216822453
2024-11-20 13:06:53+00:00,FFT3378,25.29020147808528,-78.97029660782721,9052.56,115.22032678837569,245.08816216822453
2024-11-20 13:07:00+00:00,FFT3378,25.283358299126057,-78.95433533866452,9098.28,115.27772223555296,245.7728953200508
2024-11-20 13:07:24+00:00,FFT3378,25.260955810546875,-78.90218098958334,9174.48,115.27772223555296,245.7728953200508
2024-11-20 13:07:48+00:00,FFT3378,25.2381591796875,-78.84913126627605,9281.16,115.24510548315622,249.6882453091605
2024-11-20 13:07:51+00:00,FFT3378,25.23475776284428,-78.84120725235846,9304.02,115.24510548315622,249.6882453091605
2024-11-20 13:07:59+00:00,FFT3378,25.22730940479343,-78.82379495872642,9349.74,115.24510548315622,249.6882453091605
2024-11-20 13:08:07+00:00,FFT3378,25.21948862884004,-78.80570897516215,9395.46,115.24510548315622,249.6882453091605
2024-11-20 13:08:09+00:00,FFT3378,25.217605590820312,-78.80126953125,9403.08,115.31288380187416,252.6731913801939
2024-11-20 13:08:14+00:00,FFT3378,25.212799072265625,-78.79013061523438,9425.94,115.31288380187416,252.6731913801939
2024-11-20 13:08:15+00:00,FFT3378,25.211746215820312,-78.78768920898438,9433.56,115.36831068278605,253.358316592174
2024-11-20 13:08:18+00:00,FFT3378,25.20863342285156,-78.78041585286459,9448.8,115.36831068278605,253.358316592174
2024-11-20 13:08:20+00:00,FFT3378,25.20664021120233,-78.77580750663327,9456.42,115.31855819632074,253.8232496817036
2024-11-20 13:08:21+00:00,FFT3378,25.20561606197034,-78.7734236807193,9464.04,115.31855819632074,253.8232496817036
2024-11-20 13:08:26+00:00,FFT3378,25.200347900390625,-78.761240641276,9486.9,115.4234385529055,254.04367762474425
2024-11-20 13:08:29+00:00,FFT3378,25.197784423828125,-78.75539143880206,9502.14,115.4234385529055,254.04367762474425
2024-11-20 13:08:32+00:00,FFT3378,25.1949462890625,-78.74883015950522,9525.0,115.4234385529055,254.04367762474425
2024-11-20 13:08:33+00:00,FFT3378,25.19411765922934,-78.7468388395489,9532.62,115.4234385529055,254.04367762474425
2024-11-20 13:08:34+00:00,FFT3378,25.19314006223517,-78.74466230284492,9547.86,115.4733399644328,253.5791486864501
2024-11-20 13:08:35+00:00,FFT3378,25.192108154296875,-78.74226888020831,9563.1,115.4733399644328,253.5791486864501
2024-11-20 13:08:36+00:00,FFT3378,25.191091763771187,-78.73984282871459,9563.1,115.4733399644328,253.5791486864501
2024-11-20 13:08:37+00:00,FFT3378,25.190021062301376,-78.73735535819577,9578.34,115.41824606684608,252.89357524286447
2024-11-20 13:08:39+00:00,FFT3378,25.188112420550848,-78.73300228478774,9593.58,115.41824606684608,252.89357524286447
2024-11-20 13:08:40+00:00,FFT3378,25.187227928032307,-78.73092939268867,9608.82,115.41824606684608,252.89357524286447
2024-11-20 13:08:41+00:00,FFT3378,25.186203002929688,-78.72858683268225,9616.44,115.36285269887746,252.20823690000387
2024-11-20 13:08:42+00:00,FFT3378,25.185226181806144,-78.72626538546581,9624.06,115.36285269887746,252.20823690000387
2024-11-20 13:08:47+00:00,FFT3378,25.180151987884003,-78.71460536740858,9669.78,115.36285269887746,252.20823690000387
2024-11-20 13:08:49+00:00,FFT3378,25.178146362304688,-78.70986938476562,9677.4,115.36285269887746,252.20823690000387
2024-11-20 13:08:50+00:00,FFT3378,25.177001953125,-78.707275390625,9685.02,115.36285269887746,252.20823690000387
2024-11-20 13:08:54+00:00,FFT3378,25.1737060546875,-78.69964599609375,9700.26,115.36285269887746,252.20823690000387
2024-11-20 13:08:56+00:00,FFT3378,25.17116740598517,-78.6937209795106,9707.88,115.36285269887746,252.20823690000387
2024-11-20 13:09:10+00:00,FFT3378,25.157730102539062,-78.66261800130209,9814.56,115.36285269887746,252.20823690000387
2024-11-20 13:09:14+00:00,FFT3378,25.15370178222656,-78.65320841471355,9852.66,115.36285269887746,252.20823690000387
2024-11-20 13:09:19+00:00,FFT3378,25.148822331832623,-78.64189867703419,9898.38,115.35734470974153,251.05815951744736
2024-11-20 13:09:26+00:00,FFT3378,25.14239812301377,-78.62697385392099,9944.1,115.25115815258008,250.8382732238809
2024-11-20 13:09:27+00:00,FFT3378,25.14129638671875,-78.62442016601562,9951.72,115.25115815258008,250.8382732238809
2024-11-20 13:09:28+00:00,FFT3378,25.14019775390625,-78.62192789713538,9959.34,115.35734470974153,251.05815951744736
2024-11-20 13:09:33+00:00,FFT3378,25.1354152873411,-78.61075347324584,9989.82,115.40771810894849,250.5933767959944
2024-11-20 13:09:34+00:00,FFT3378,25.134484242584744,-78.60868058114681,9997.44,115.40771810894849,250.5933767959944
2024-11-20 13:09:35+00:00,FFT3378,25.133560180664062,-78.60651652018225,10005.06,115.40771810894849,250.5933767959944
2024-11-20 13:09:36+00:00,FFT3378,25.13262215307203,-78.60432750773879,10012.68,115.40771810894849,250.5933767959944
2024-11-20 13:09:39+00:00,FFT3378,25.129806518554688,-78.59776814778644,10035.54,115.40771810894849,250.5933767959944
2024-11-20 13:09:41+00:00,FFT3378,25.1278272725768,-78.59318571270637,10050.78,115.45827867409518,250.12878849306543
2024-11-20 13:09:43+00:00,FFT3378,25.12591863082627,-78.58878081699584,10066.02,115.45827867409518,250.12878849306543
2024-11-20 13:09:45+00:00,FFT3378,25.123947143554688,-78.584238688151,10081.26,115.45827867409518,250.12878849306543
2024-11-20 13:09:46+00:00,FFT3378,25.12294006347656,-78.58194986979163,10088.88,115.45827867409518,250.12878849306543
2024-11-20 13:09:47+00:00,FFT3378,25.122116088867188,-78.58006795247394,10096.5,115.45827867409518,250.12878849306543
2024-11-20 13:09:56+00:00,FFT3378,25.113510131835938,-78.56028238932292,10149.84,115.45827867409518,250.12878849306543
2024-11-20 13:09:59+00:00,FFT3378,25.110416735632946,-78.5531270728921,10172.7,115.50902737108044,249.6643956940124
2024-11-20 13:11:06+00:00,FFT3378,25.04649353027344,-78.4057108561198,10668.0,115.48920055628672,245.06386487339745
2024-11-20 13:11:45+00:00,FFT3378,25.00888630495233,-78.31920119951357,10896.6,115.59311422644332,244.13552374672847
2024-11-20 13:12:47+00:00,FFT3378,24.950277037539724,-78.1848777914947,11216.64,115.64536789354035,243.67165603979907
2024-11-20 13:12:53+00:00,FFT3378,24.944595336914062,-78.17189534505206,11247.12,115.59311422644332,244.13552374672847
2024-11-20 13:30:55+00:00,,23.887861866061968,-75.81416292010613,11285.22,116.45884966846651,248.2420190896144
2024-11-20 13:30:56+00:00,,23.88693082130561,-75.81214185030956,11285.22,116.45884966846651,248.2420190896144
2024-11-20 13:31:12+00:00,,23.870361328125,-75.77606201171875,11285.22,116.6182012355922,248.01163300519136
2024-11-20 13:31:15+00:00,,23.86742543365996,-75.76959573997641,11285.22,116.6182012355922,248.01163300519136
2024-11-20 13:31:17+00:00,,23.865646362304688,-75.76578776041663,11285.22,116.6182012355922,248.01163300519136
2024-11-20 13:31:18+00:00,,23.864585747153072,-75.76342888598174,11285.22,116.6182012355922,248.01163300519136
2024-11-20 13:31:20+00:00,,23.862716674804688,-75.75937906901038,11285.22,116.6182012355922,248.01163300519136
2024-11-20 13:31:22+00:00,FFT3378,23.86065673828125,-75.75495402018225,11285.22,116.6182012355922,248.01163300519136
2024-11-20 13:31:31+00:00,FFT3378,23.851597672801905,-75.73528937573701,11285.22,116.6182012355922,248.01163300519136
2024-11-20 13:31:32+00:00,FFT3378,23.85067749023437,-75.73333740234375,11285.22,116.6182012355922,248.01163300519136
2024-11-20 13:31:34+00:00,FFT3378,23.84885109077065,-75.72938163325472,11285.22,116.6715487858689,247.55182122581044
2024-11-20 13:31:35+00:00,FFT3378,23.847885131835938,-75.72728474934894,11285.22,116.6715487858689,247.55182122581044
2024-11-20 13:31:36+00:00,FFT3378,23.846383822166317,-75.72399211379718,11285.22,116.6715487858689,247.55182122581044
2024-11-20 13:31:37+00:00,FFT3378,23.845458984375,-75.72199503580725,11285.22,116.6715487858689,247.55182122581044
2024-11-20 13:31:38+00:00,FFT3378,23.84490966796875,-75.72087605794269,11285.22,116.6715487858689,247.55182122581044
2024-11-20 13:31:39+00:00,FFT3378,23.84385681152344,-75.71858723958331,11292.84,116.6715487858689,247.55182122581044
2024-11-20 13:31:40+00:00,FFT3378,23.84234619140625,-75.71523030598956,11285.22,116.6715487858689,247.55182122581044
2024-11-20 13:31:41+00:00,FFT3378,23.84135618048199,-75.7131612525796,11292.84,116.6715487858689,247.55182122581044
2024-11-20 13:31:42+00:00,FFT3378,23.84042358398437,-75.71111043294269,11285.22,116.6715487858689,247.55182122581044
2024-11-20 13:31:43+00:00,FFT3378,23.83941650390625,-75.70897420247394,11292.84,116.6715487858689,247.55182122581044
2024-11-20 13:31:44+00:00,FFT3378,23.8388671875,-75.70775349934894,11285.22,116.6715487858689,247.55182122581044
2024-11-20 13:31:45+00:00,FFT3378,23.837445792505296,-75.70466239497347,11292.84,116.6715487858689,247.55182122581044
2024-11-20 13:31:46+00:00,FFT3378,23.836349487304688,-75.70231119791663,11292.84,116.6715487858689,247.55182122581044
2024-11-20 13:31:47+00:00,FFT3378,23.835433959960938,-75.70027669270831,11292.84,116.6715487858689,247.55182122581044
2024-11-20 13:31:48+00:00,FFT3378,23.83493197166313,-75.69916923091097,11292.84,116.565051177078,247.3213272426339
2024-11-20 13:31:49+00:00,FFT3378,23.83400092690678,-75.69719998341685,11292.84,116.565051177078,247.3213272426339
2024-11-20 13:31:50+00:00,FFT3378,23.833069882150426,-75.69512709131777,11292.84,116.565051177078,247.3213272426339
2024-11-20 13:31:51+00:00,FFT3378,23.83163452148437,-75.69203694661456,11292.84,116.565051177078,247.3213272426339
2024-11-20 13:31:53+00:00,FFT3378,23.83021545410156,-75.68893432617188,11285.22,116.565051177078,247.3213272426339
2024-11-20 13:31:54+00:00,FFT3378,23.828338623046875,-75.68491617838538,11292.84,116.565051177078,247.3213272426339
2024-11-20 13:31:55+00:00,FFT3378,23.827437061374468,-75.68294885023585,11292.84,116.565051177078,247.3213272426339
2024-11-20 13:31:56+00:00,FFT3378,23.82650756835937,-75.68094889322913,11285.22,116.565051177078,247.3213272426339
2024-11-20 13:31:57+00:00,FFT3378,23.825435315148304,-75.67864759913027,11292.84,116.61844890580568,246.86130174782392
2024-11-20 13:31:58+00:00,FFT3378,23.824597374867583,-75.67678199624112,11285.22,116.61844890580568,246.86130174782392
2024-11-20 13:31:59+00:00,FFT3378,23.82361977787341,-75.6747091041421,11292.84,116.61844890580568,246.86130174782392
2024-11-20 13:32:20+00:00,FFT3378,23.802857479806672,-75.62962370098762,11285.22,116.61844890580568,246.86130174782392
2024-11-20 13:32:21+00:00,FFT3378,23.801834106445312,-75.62739054361975,11285.22,116.61844890580568,246.86130174782392
2024-11-20 13:32:22+00:00,FFT3378,23.800902285818324,-75.62537427218456,11285.22,116.61844890580568,246.86130174782392
2024-11-20 13:32:23+00:00,FFT3378,23.799878136586333,-75.62319773548052,11285.22,116.61844890580568,246.86130174782392
2024-11-20 13:32:24+00:00,FFT3378,23.798947091829977,-75.6211248433815,11285.22,116.61844890580568,246.86130174782392
2024-11-20 13:32:28+00:00,FFT3378,23.794990151615465,-75.6125223411704,11285.22,116.61844890580568,246.86130174782392
2024-11-20 13:32:32+00:00,FFT3378,23.790985107421875,-75.60384114583331,11285.22,116.61844890580568,246.86130174782392
2024-11-20 13:32:34+00:00,FFT3378,23.788833618164062,-75.59921264648438,11285.22,116.61844890580568,246.86130174782392
2024-11-20 13:32:35+00:00,FFT3378,23.78782110699153,-75.59702747272996,11285.22,116.61844890580568,246.86130174782392
2024-11-20 13:32:36+00:00,FFT3378,23.78672790527344,-75.59468587239581,11285.22,116.61844890580568,246.86130174782392
2024-11-20 13:32:37+00:00,FFT3378,23.785812377929688,-75.59260050455725,11285.22,116.61844890580568,246.86130174782392
2024-11-20 13:32:38+00:00,FFT3378,23.78480529785156,-75.5904642740885,11285.22,116.61844890580568,246.86130174782392
2024-11-20 13:32:39+00:00,FFT3378,23.78367795782574,-75.58806221440153,11285.22,116.61844890580568,246.86130174782392
2024-11-20 13:32:40+00:00,FFT3378,23.782699584960938,-75.58588663736975,11285.22,116.61844890580568,246.86130174782392
2024-11-20 13:32:41+00:00,FFT3378,23.781722763837397,-75.58381278559847,11285.22,116.61844890580568,246.86130174782392
2024-11-20 13:32:42+00:00,FFT3378,23.780593872070312,-75.58135986328125,11285.22,116.6720459724318,246.40149146760584
2024-11-20 13:32:43+00:00,FFT3378,23.77949523925781,-75.57902018229163,11285.22,116.6720459724318,246.40149146760584
2024-11-20 13:32:44+00:00,FFT3378,23.778579711914062,-75.57698567708331,11285.22,116.6720459724318,246.40149146760584
2024-11-20 13:32:45+00:00,FFT3378,23.777672719147244,-75.57500299417745,11285.22,116.6720459724318,246.40149146760584
2024-11-20 13:32:46+00:00,FFT3378,23.77656555175781,-75.57261149088538,11285.22,116.6720459724318,246.40149146760584
2024-11-20 13:32:47+00:00,FFT3378,23.77601623535156,-75.57139078776038,11285.22,116.6720459724318,246.40149146760584
2024-11-20 13:32:48+00:00,FFT3378,23.77436751026218,-75.56785151643572,11285.22,116.6720459724318,246.40149146760584
2024-11-20 13:32:49+00:00,FFT3378,23.773948540121825,-75.56691871499112,11277.6,116.6720459724318,246.40149146760584
2024-11-20 13:32:50+00:00,FFT3378,23.772445678710938,-75.56365966796875,11285.22,116.6720459724318,246.40149146760584
2024-11-20 13:32:51+00:00,FFT3378,23.77190024165784,-75.56251381928064,11277.6,116.6720459724318,246.40149146760584
2024-11-20 13:32:52+00:00,FFT3378,23.770503674523304,-75.55950812573701,11277.6,116.6720459724318,246.40149146760584
2024-11-20 13:32:53+00:00,FFT3378,23.769561767578125,-75.55740356445312,11277.6,116.6720459724318,246.40149146760584
2024-11-20 13:32:54+00:00,FFT3378,23.76864158501059,-75.55541416384136,11277.6,116.6720459724318,246.40149146760584
2024-11-20 13:32:55+00:00,FFT3378,23.7676174357786,-75.55323762713738,11285.22,116.6720459724318,246.40149146760584
2024-11-20 13:32:56+00:00,FFT3378,23.76654052734375,-75.55094401041663,11277.6,116.6720459724318,246.40149146760584
2024-11-20 13:32:57+00:00,FFT3378,23.76548767089844,-75.54865519205725,11277.6,116.6720459724318,246.40149146760584
2024-11-20 13:32:58+00:00,FFT3378,23.764544988082623,-75.5466043724204,11277.6,116.6720459724318,246.40149146760584
2024-11-20 13:32:59+00:00,FFT3378,23.76366049556409,-75.54463512492629,11277.6,116.6720459724318,246.40149146760584
2024-11-20 13:33:00+00:00,FFT3378,23.762729450807733,-75.54266587743217,11277.6,116.6720459724318,246.40149146760584
2024-11-20 13:33:01+00:00,FFT3378,23.76177978515625,-75.54056803385413,11277.6,116.6720459724318,246.40149146760584
2024-11-20 13:33:02+00:00,FFT3378,23.760772705078125,-75.53843180338538,11277.6,116.6720459724318,246.40149146760584
2024-11-20 13:33:03+00:00,FFT3378,23.75970355534957,-75.53613626732016,11277.6,116.565051177078,246.17099548801696
2024-11-20 13:33:04+00:00,FFT3378,23.758621215820312,-75.53375244140625,11277.6,116.565051177078,246.17099548801696
2024-11-20 13:33:05+00:00,FFT3378,23.757608704647776,-75.53152408239976,11277.6,116.565051177078,246.17099548801696
2024-11-20 13:33:06+00:00,FFT3378,23.756744384765625,-75.52963256835938,11277.6,116.565051177078,246.17099548801696
2024-11-20 13:33:07+00:00,FFT3378,23.755691528320312,-75.52744547526038,11277.6,116.565051177078,246.17099548801696
2024-11-20 13:33:08+00:00,FFT3378,23.754815570378707,-75.52546087300999,11277.6,116.565051177078,246.17099548801696
2024-11-20 13:33:09+00:00,FFT3378,23.75372314453125,-75.5230712890625,11277.6,116.565051177078,246.17099548801696
2024-11-20 13:33:10+00:00,FFT3378,23.752761840820312,-75.52103678385413,11277.6,116.565051177078,246.17099548801696
2024-11-20 13:33:11+00:00,FFT3378,23.75184631347656,-75.519053141276,11277.6,116.565051177078,246.17099548801696
2024-11-20 13:33:12+00:00,FFT3378,23.75071897345074,-75.51659925928652,11277.6,116.565051177078,246.17099548801696
2024-11-20 13:33:13+00:00,FFT3378,23.7498344809322,-75.51468183409492,11277.6,116.565051177078,246.17099548801696
2024-11-20 13:33:14+00:00,FFT3378,23.74891662597656,-75.51274617513019,11277.6,116.565051177078,246.17099548801696
2024-11-20 13:33:15+00:00,FFT3378,23.747786182468214,-75.51027693838444,11277.6,116.565051177078,246.17099548801696
2024-11-20 13:33:16+00:00,FFT3378,23.7469482421875,-75.5084228515625,11277.6,116.6186988950266,245.7109704951124
2024-11-20 13:33:17+00:00,FFT3378,23.74598693847656,-75.50628662109375,11277.6,116.6186988950266,245.7109704951124
2024-11-20 13:33:18+00:00,FFT3378,23.74489994372352,-75.5039546174823,11277.6,116.6186988950266,245.7109704951124
2024-11-20 13:33:19+00:00,FFT3378,23.743927001953125,-75.50191243489581,11277.6,116.6186988950266,245.7109704951124
2024-11-20 13:33:20+00:00,FFT3378,23.742828369140625,-75.499521891276,11277.6,116.6186988950266,245.7109704951124
2024-11-20 13:33:22+00:00,FFT3378,23.740849899033368,-75.49519664836379,11277.6,116.6186988950266,245.7109704951124
2024-11-20 13:33:23+00:00,FFT3378,23.739825749801376,-75.4930201116598,11277.6,116.6186988950266,245.7109704951124
2024-11-20 13:33:24+00:00,FFT3378,23.7388481528072,-75.49089539725827,11277.6,116.6186988950266,245.7109704951124
2024-11-20 13:33:26+00:00,FFT3378,23.73684640658104,-75.48654232385024,11277.6,116.6186988950266,245.7109704951124
2024-11-20 13:33:27+00:00,FFT3378,23.735824584960938,-75.48431396484375,11277.6,116.6186988950266,245.7109704951124
2024-11-20 13:33:28+00:00,FFT3378,23.73479810811705,-75.48208560583726,11277.6,116.6186988950266,245.7109704951124
2024-11-20 13:33:29+00:00,FFT3378,23.733718872070312,-75.47978719075519,11277.6,116.6186988950266,245.7109704951124
2024-11-20 13:33:30+00:00,FFT3378,23.73265670517744,-75.4775252432193,11277.6,116.6186988950266,245.7109704951124
2024-11-20 13:33:31+00:00,FFT3378,23.73172566042108,-75.47545235112028,11277.6,116.6186988950266,245.7109704951124
2024-11-20 13:33:32+00:00,FFT3378,23.731167033567267,-75.4742604381633,11277.6,116.6186988950266,245.7109704951124
2024-11-20 13:33:33+00:00,FFT3378,23.7301025390625,-75.47200520833331,11277.6,116.6186988950266,245.7109704951124
2024-11-20 13:33:34+00:00,FFT3378,23.729677361957098,-75.4710474554098,11277.6,116.6186988950266,245.7109704951124
2024-11-20 13:33:35+00:00,FFT3378,23.728042602539062,-75.46747843424475,11277.6,116.6186988950266,245.7109704951124
2024-11-20 13:33:36+00:00,FFT3378,23.72694396972656,-75.465087890625,11277.6,116.6186988950266,245.7109704951124
2024-11-20 13:33:37+00:00,FFT3378,23.72593688964844,-75.46300252278644,11277.6,116.6186988950266,245.7109704951124
2024-11-20 13:33:38+00:00,FFT3378,23.72492903369968,-75.46073481721697,11277.6,116.6186988950266,245.7109704951124
2024-11-20 13:33:39+00:00,FFT3378,23.724105834960938,-75.45903523763019,11277.6,116.67254782301744,245.25116172812923
2024-11-20 13:33:40+00:00,FFT3378,23.722694526284428,-75.45591534308664,11277.6,116.67254782301744,245.25116172812923
2024-11-20 13:33:41+00:00,FFT3378,23.72181701660156,-75.45405069986975,11277.6,116.67254782301744,245.25116172812923
2024-11-20 13:33:42+00:00,FFT3378,23.72076416015625,-75.45176188151038,11277.6,116.67254782301744,245.25116172812923
2024-11-20 13:33:43+00:00,FFT3378,23.719761735301905,-75.44959302218456,11277.6,116.67254782301744,245.25116172812923
2024-11-20 13:33:44+00:00,FFT3378,23.71875,-75.4473876953125,11277.6,116.67254782301744,245.25116172812923
2024-11-20 13:33:45+00:00,FFT3378,23.717742919921875,-75.44525146484375,11277.6,116.67254782301744,245.25116172812923
2024-11-20 13:33:46+00:00,FFT3378,23.7169189453125,-75.44347127278644,11277.6,116.67254782301744,245.25116172812923
2024-11-20 13:33:47+00:00,FFT3378,23.71589789956303,-75.44124963148585,11277.6,116.67254782301744,245.25116172812923
2024-11-20 13:33:48+00:00,FFT3378,23.71501340704449,-75.43938402859669,11277.6,116.77984222153596,245.48252138776877
2024-11-20 13:33:49+00:00,FFT3378,23.71408236228813,-75.43731113649761,11277.6,116.77984222153596,245.48252138776877
2024-11-20 13:33:50+00:00,FFT3378,23.713011660818324,-75.43503095518867,11277.6,116.77984222153596,245.48252138776877
2024-11-20 13:33:51+00:00,FFT3378,23.711929321289062,-75.4327392578125,11277.6,116.77984222153596,245.48252138776877
2024-11-20 13:33:52+00:00,FFT3378,23.711056466829977,-75.43083334868805,11277.6,116.77984222153596,245.48252138776877
2024-11-20 13:33:53+00:00,FFT3378,23.710032317597985,-75.42865681198407,11277.6,116.77984222153596,245.48252138776877
2024-11-20 13:33:54+00:00,FFT3378,23.708999633789062,-75.42638142903644,11277.6,116.77984222153596,245.48252138776877
2024-11-20 13:33:55+00:00,FFT3378,23.708030571371825,-75.42435556087855,11277.6,116.77984222153596,245.48252138776877
2024-11-20 13:33:57+00:00,FFT3378,23.706075377383478,-75.42015795437794,11277.6,116.77984222153596,245.48252138776877
2024-11-20 13:33:58+00:00,FFT3378,23.705062866210938,-75.41793823242188,11277.6,116.77984222153596,245.48252138776877
2024-11-20 13:33:59+00:00,FFT3378,23.70405578613281,-75.41575113932288,11277.6,116.77984222153596,245.48252138776877
2024-11-20 13:34:00+00:00,FFT3378,23.70309603416313,-75.41368016656838,11277.6,116.77984222153596,245.48252138776877
2024-11-20 13:34:01+00:00,FFT3378,23.70193222821769,-75.41119269604951,11277.6,116.77984222153596,245.48252138776877
2024-11-20 13:34:03+00:00,FFT3378,23.70030212402344,-75.40771484375,11277.6,116.77984222153596,245.48252138776877
2024-11-20 13:34:04+00:00,FFT3378,23.69918564618644,-75.40523313126471,11277.6,116.77984222153596,245.48252138776877
2024-11-20 13:34:05+00:00,FFT3378,23.698161496954448,-75.40305659456072,11277.6,116.77984222153596,245.48252138776877
2024-11-20 13:34:06+00:00,FFT3378,23.69709079548464,-75.40082823555423,11277.6,116.77984222153596,245.48252138776877
2024-11-20 13:34:07+00:00,FFT3378,23.696090698242188,-75.39866129557288,11277.6,116.77984222153596,245.48252138776877
2024-11-20 13:34:08+00:00,FFT3378,23.695089049258478,-75.39642333984375,11277.6,116.77984222153596,245.48252138776877
2024-11-20 13:34:09+00:00,FFT3378,23.694076538085938,-75.394287109375,11277.6,116.77984222153596,245.48252138776877
2024-11-20 13:34:10+00:00,FFT3378,23.69304075079449,-75.39212208873818,11277.6,116.77984222153596,245.48252138776877
2024-11-20 13:34:11+00:00,FFT3378,23.69262178065413,-75.39113746499112,11277.6,116.77984222153596,245.48252138776877
2024-11-20 13:34:12+00:00,FFT3378,23.691597631422137,-75.38901275058959,11277.6,116.77984222153596,245.48252138776877
2024-11-20 13:34:13+00:00,FFT3378,23.690666586665785,-75.38693985849056,11277.6,116.77984222153596,245.48252138776877
2024-11-20 13:34:14+00:00,FFT3378,23.689735541909428,-75.384918788694,11277.6,116.77984222153596,245.48252138776877
2024-11-20 13:34:15+00:00,FFT3378,23.68867492675781,-75.38263956705725,11277.6,116.77984222153596,245.48252138776877
2024-11-20 13:34:16+00:00,FFT3378,23.687530517578125,-75.38019816080725,11277.6,116.77984222153596,245.48252138776877
2024-11-20 13:34:19+00:00,FFT3378,23.684521691273837,-75.37372517135907,11277.6,116.77984222153596,245.48252138776877
2024-11-20 13:34:20+00:00,FFT3378,23.683637198755296,-75.37185956846992,11277.6,116.77984222153596,245.48252138776877
2024-11-20 13:34:21+00:00,FFT3378,23.68270615399894,-75.36983849867335,11277.6,116.77984222153596,245.48252138776877
2024-11-20 13:34:22+00:00,FFT3378,23.681728557004767,-75.36776560657427,11277.6,116.77984222153596,245.48252138776877
2024-11-20 13:34:23+00:00,FFT3378,23.68065785553496,-75.36543360296287,11277.6,116.77984222153596,245.48252138776877
2024-11-20 13:34:24+00:00,FFT3378,23.67974853515625,-75.3634134928385,11277.6,116.77984222153596,245.48252138776877
2024-11-20 13:34:26+00:00,FFT3378,23.677734375,-75.35909016927081,11277.6,116.77984222153596,245.48252138776877
2024-11-20 13:34:27+00:00,FFT3378,23.6766357421875,-75.356699625651,11277.6,116.77984222153596,245.48252138776877
2024-11-20 13:34:46+00:00,FFT3378,23.657661050052965,-75.3158914817954,11269.98,116.77984222153596,245.48252138776877
2024-11-20 13:35:08+00:00,FFT3378,23.635986328125,-75.26936848958334,11269.98,116.8327865157802,246.1736831643605
2024-11-20 13:35:10+00:00,FFT3378,23.63397216796875,-75.26499430338542,11262.36,116.8327865157802,246.1736831643605
2024-11-20 13:35:11+00:00,FFT3378,23.63301086425781,-75.26295979817709,11269.98,116.8327865157802,246.1736831643605
2024-11-20 13:35:12+00:00,FFT3378,23.631088256835938,-75.2587890625,11262.36,116.8327865157802,246.1736831643605
2024-11-20 13:35:16+00:00,FFT3378,23.62788391113281,-75.25192260742188,11262.36,116.8327865157802,246.1736831643605
2024-11-20 13:35:17+00:00,FFT3378,23.625961303710938,-75.247802734375,11262.36,116.8327865157802,246.1736831643605
2024-11-20 13:35:18+00:00,FFT3378,23.62509155273437,-75.2459716796875,11262.36,116.8327865157802,246.1736831643605
2024-11-20 13:35:19+00:00,FFT3378,23.624038696289062,-75.24368286132812,11269.98,116.8327865157802,246.1736831643605
2024-11-20 13:35:20+00:00,FFT3378,23.623031616210938,-75.24149576822913,11262.36,116.8327865157802,246.1736831643605
2024-11-20 13:35:22+00:00,FFT3378,23.621117543365997,-75.23738069354363,11269.98,116.8327865157802,246.1736831643605
2024-11-20 13:35:23+00:00,FFT3378,23.620147705078125,-75.23534138997394,11269.98,116.8327865157802,246.1736831643605
2024-11-20 13:35:24+00:00,FFT3378,23.619255453853285,-75.23339037625294,11269.98,116.8327865157802,246.1736831643605
2024-11-20 13:35:26+00:00,FFT3378,23.617160603151483,-75.2288818359375,11269.98,116.8327865157802,246.1736831643605
2024-11-20 13:35:27+00:00,FFT3378,23.616183006157307,-75.22675712153597,11269.98,116.8327865157802,246.1736831643605
2024-11-20 13:35:28+00:00,FFT3378,23.615249633789062,-75.22476196289062,11269.98,116.8327865157802,246.1736831643605
2024-11-20 13:35:29+00:00,FFT3378,23.61427436440678,-75.22271498194277,11269.98,116.8327865157802,246.1736831643605
2024-11-20 13:35:30+00:00,FFT3378,23.613203662936968,-75.22033115602886,11269.98,116.8327865157802,246.1736831643605
2024-11-20 13:35:32+00:00,FFT3378,23.612045288085938,-75.21794637044269,11269.98,116.8327865157802,246.1736831643605
2024-11-20 13:35:33+00:00,FFT3378,23.61090087890625,-75.2154541015625,11269.98,116.8327865157802,246.1736831643605
2024-11-20 13:35:34+00:00,FFT3378,23.60985190181409,-75.21317967828713,11269.98,116.8327865157802,246.1736831643605
2024-11-20 13:35:35+00:00,FFT3378,23.60817602125265,-75.20960393941624,11269.98,116.8327865157802,246.1736831643605
2024-11-20 13:35:36+00:00,FFT3378,23.607696533203125,-75.20858764648438,11269.98,116.8327865157802,246.1736831643605
2024-11-20 13:35:37+00:00,FFT3378,23.60678100585937,-75.20660400390625,11269.98,116.8327865157802,246.1736831643605
2024-11-20 13:35:38+00:00,FFT3378,23.605270385742188,-75.20339965820312,11269.98,116.8327865157802,246.1736831643605
2024-11-20 13:35:39+00:00,FFT3378,23.60473115565413,-75.20224517246459,11269.98,116.8327865157802,246.1736831643605
2024-11-20 13:35:40+00:00,FFT3378,23.60375355865996,-75.20012045806305,11269.98,116.8327865157802,246.1736831643605
2024-11-20 13:35:41+00:00,FFT3378,23.60215759277344,-75.19673665364581,11269.98,116.8327865157802,246.1736831643605
2024-11-20 13:35:42+00:00,FFT3378,23.601658707958155,-75.19561191774761,11269.98,116.8327865157802,246.1736831643605
2024-11-20 13:35:43+00:00,FFT3378,23.600681110963983,-75.19348720334608,11269.98,116.8327865157802,246.1736831643605
2024-11-20 13:35:44+00:00,FFT3378,23.599750066207623,-75.19156977815447,11269.98,116.8327865157802,246.1736831643605
2024-11-20 13:35:46+00:00,FFT3378,23.597076416015625,-75.185801188151,11269.98,116.8327865157802,246.1736831643605
2024-11-20 13:35:51+00:00,FFT3378,23.592813782772776,-75.17669677734375,11269.98,116.77884040695513,246.63284509695427
2024-11-20 13:35:52+00:00,FFT3378,23.591720581054688,-75.17430623372394,11269.98,116.77884040695513,246.63284509695427
2024-11-20 13:35:53+00:00,FFT3378,23.59081203654661,-75.17229188163327,11269.98,116.77884040695513,246.63284509695427
2024-11-20 13:35:54+00:00,FFT3378,23.589889526367188,-75.17038981119788,11269.98,116.77884040695513,246.63284509695427
2024-11-20 13:35:55+00:00,FFT3378,23.58881029032045,-75.16804245283015,11269.98,116.77884040695513,246.63284509695427
2024-11-20 13:35:56+00:00,FFT3378,23.58783269332627,-75.16596956073113,11269.98,116.77884040695513,246.63284509695427
2024-11-20 13:35:57+00:00,FFT3378,23.58676199185646,-75.16363755711967,11269.98,116.77884040695513,246.63284509695427
2024-11-20 13:35:58+00:00,FFT3378,23.585769653320312,-75.16148885091144,11269.98,116.77884040695513,246.63284509695427
2024-11-20 13:36:00+00:00,FFT3378,23.583526611328125,-75.15670776367188,11269.98,116.77884040695513,246.63284509695427
2024-11-20 13:36:01+00:00,FFT3378,23.582432633739405,-75.15436136497641,11269.98,116.77884040695513,246.63284509695427
2024-11-20 13:36:02+00:00,FFT3378,23.5814208984375,-75.15218098958331,11269.98,116.77884040695513,246.63284509695427
2024-11-20 13:36:03+00:00,FFT3378,23.580384335275426,-75.15000829156838,11269.98,116.77884040695513,246.63284509695427
2024-11-20 13:36:04+00:00,FFT3378,23.5792670815678,-75.14757264335202,11269.98,116.77884040695513,246.63284509695427
2024-11-20 13:36:05+00:00,FFT3378,23.57826232910156,-75.14536539713538,11277.6,116.77884040695513,246.63284509695427
2024-11-20 13:36:06+00:00,FFT3378,23.57726533534163,-75.143219569944,11269.98,116.88543430296104,246.8650539647808
2024-11-20 13:36:07+00:00,FFT3378,23.57624118610964,-75.14104303323995,11269.98,116.88543430296104,246.8650539647808
2024-11-20 13:36:08+00:00,FFT3378,23.57521703687765,-75.13891831883842,11269.98,116.88543430296104,246.8650539647808
2024-11-20 13:36:09+00:00,FFT3378,23.57409978317002,-75.13648267062206,11277.6,116.88543430296104,246.8650539647808
2024-11-20 13:36:21+00:00,FFT3378,23.56194964909957,-75.11036423017394,11277.6,116.88543430296104,246.8650539647808
2024-11-20 13:36:23+00:00,FFT3378,23.560821533203125,-75.1080322265625,11277.6,116.8315412531364,247.3240024182928
2024-11-20 13:36:24+00:00,FFT3378,23.558990478515625,-75.10411580403644,11277.6,116.8315412531364,247.3240024182928
2024-11-20 13:36:26+00:00,FFT3378,23.556930541992188,-75.09969075520831,11277.6,116.8315412531364,247.3240024182928
2024-11-20 13:36:27+00:00,FFT3378,23.556037514896715,-75.09777141067218,11277.6,116.8315412531364,247.3240024182928
2024-11-20 13:36:28+00:00,FFT3378,23.554966813426905,-75.09549122936318,11277.6,116.8315412531364,247.3240024182928
2024-11-20 13:36:30+00:00,FFT3378,23.55301161943856,-75.09129362286262,11277.6,116.8315412531364,247.3240024182928
2024-11-20 13:36:31+00:00,FFT3378,23.552078247070312,-75.08921305338538,11277.6,116.8315412531364,247.3240024182928
2024-11-20 13:36:32+00:00,FFT3378,23.551149529925848,-75.08725148326943,11277.6,116.8315412531364,247.3240024182928
2024-11-20 13:36:33+00:00,FFT3378,23.550018310546875,-75.0848388671875,11277.6,116.8315412531364,247.3240024182928
2024-11-20 13:36:34+00:00,FFT3378,23.549057006835938,-75.08280436197913,11277.6,116.8315412531364,247.3240024182928
2024-11-20 13:36:35+00:00,FFT3378,23.54803052999205,-75.08061822855245,11277.6,116.8315412531364,247.3240024182928
2024-11-20 13:36:36+00:00,FFT3378,23.54718017578125,-75.0787353515625,11269.98,116.8315412531364,247.3240024182928
2024-11-20 13:36:37+00:00,FFT3378,23.546218872070312,-75.07675170898438,11269.98,116.8315412531364,247.3240024182928
2024-11-20 13:36:38+00:00,FFT3378,23.54534912109375,-75.07481892903644,11277.6,116.8315412531364,247.3240024182928
2024-11-20 13:36:39+00:00,FFT3378,23.54429626464844,-75.07262628728694,11277.6,116.8315412531364,247.3240024182928
2024-11-20 13:36:40+00:00,FFT3378,23.543243408203125,-75.0703291459517,11277.6,116.8315412531364,247.3240024182928
2024-11-20 13:36:41+00:00,FFT3378,23.54209899902344,-75.06788219105114,11277.6,116.8315412531364,247.3240024182928
2024-11-20 13:36:42+00:00,FFT3378,23.54095458984375,-75.06546020507812,11277.6,116.8315412531364,247.3240024182928
2024-11-20 13:36:43+00:00,FFT3378,23.539947509765625,-75.06323797052556,11277.6,116.8315412531364,247.3240024182928
2024-11-20 13:36:44+00:00,FFT3378,23.5389993958554,-75.06123860677081,11277.6,116.8315412531364,247.3240024182928
2024-11-20 13:36:45+00:00,FFT3378,23.538070678710938,-75.05924294211644,11277.6,116.8315412531364,247.3240024182928
2024-11-20 13:36:46+00:00,FFT3378,23.53709075410487,-75.05716959635413,11277.6,116.8315412531364,247.3240024182928
2024-11-20 13:36:47+00:00,FFT3378,23.5360107421875,-75.05484841086644,11277.6,116.8315412531364,247.3240024182928
2024-11-20 13:36:48+00:00,FFT3378,23.535042455640887,-75.05279541015625,11277.6,116.8315412531364,247.3240024182928
2024-11-20 13:36:49+00:00,FFT3378,23.53397175417108,-75.05050659179688,11277.6,116.8315412531364,247.3240024182928
2024-11-20 13:36:50+00:00,FFT3378,23.532994157176905,-75.04842122395831,11277.6,116.93778797877955,247.55663203775785
2024-11-20 13:36:51+00:00,FFT3378,23.532109664658368,-75.04643758138019,11277.6,116.93778797877955,247.55663203775785
2024-11-20 13:36:52+00:00,FFT3378,23.53099241095074,-75.04414876302081,11277.6,116.93778797877955,247.55663203775785
2024-11-20 13:36:53+00:00,FFT3378,23.530105590820312,-75.04216419566762,11277.6,116.93778797877955,247.55663203775785
2024-11-20 13:36:56+00:00,FFT3378,23.52698891849841,-75.03555297851562,11277.6,116.93778797877955,247.55663203775785
2024-11-20 13:36:57+00:00,FFT3378,23.52593994140625,-75.03327525745738,11277.6,116.93778797877955,247.55663203775785
2024-11-20 13:36:58+00:00,FFT3378,23.524978637695312,-75.03122780539769,11277.6,116.93778797877955,247.55663203775785
2024-11-20 13:36:59+00:00,FFT3378,23.52401733398437,-75.02913041548294,11277.6,116.93778797877955,247.55663203775785
2024-11-20 13:37:00+00:00,FFT3378,23.523031978283896,-75.02705891927081,11277.6,116.93778797877955,247.55663203775785
2024-11-20 13:37:01+00:00,FFT3378,23.52191472457627,-75.02471923828125,11277.6,116.93778797877955,247.55663203775785
2024-11-20 13:37:02+00:00,FFT3378,23.52095031738281,-75.02258855646306,11277.6,116.93778797877955,247.55663203775785
2024-11-20 13:37:03+00:00,FFT3378,23.520034790039062,-75.02064098011363,11277.6,116.93778797877955,247.55663203775785
2024-11-20 13:37:04+00:00,FFT3378,23.51916814254502,-75.01876831054688,11277.6,116.88394832664416,248.0153678188222
2024-11-20 13:37:05+00:00,FFT3378,23.51824951171875,-75.016845703125,11277.6,116.88394832664416,248.0153678188222
2024-11-20 13:37:06+00:00,FFT3378,23.51719665527344,-75.0146484375,11277.6,116.88394832664416,248.0153678188222
2024-11-20 13:37:07+00:00,FFT3378,23.51628190380032,-75.01266479492188,11277.6,116.88394832664416,248.0153678188222
2024-11-20 13:37:08+00:00,FFT3378,23.51535085904396,-75.0106302897135,11277.6,116.88394832664416,248.0153678188222
2024-11-20 13:37:10+00:00,FFT3378,23.512511172537074,-75.00462849934894,11277.6,116.88394832664416,248.0153678188222
2024-11-20 13:37:11+00:00,FFT3378,23.51156616210937,-75.0025634765625,11277.6,116.88394832664416,248.0153678188222
2024-11-20 13:37:13+00:00,FFT3378,23.509918212890625,-74.9990678267045,11277.6,116.88394832664416,248.0153678188222
2024-11-20 13:37:15+00:00,FFT3378,23.50776672363281,-74.99447354403407,11277.6,116.88394832664416,248.0153678188222
2024-11-20 13:37:16+00:00,FFT3378,23.507204217425848,-74.99318440755206,11277.6,116.88394832664416,248.0153678188222
2024-11-20 13:37:17+00:00,FFT3378,23.50616455078125,-74.99097789417613,11277.6,116.88394832664416,248.0153678188222
2024-11-20 13:37:18+00:00,FFT3378,23.504653930664062,-74.98773193359375,11277.6,116.88394832664416,248.0153678188222
2024-11-20 13:37:19+00:00,FFT3378,23.50371279958951,-74.98580932617188,11277.6,116.88394832664416,248.0153678188222
2024-11-20 13:37:20+00:00,FFT3378,23.5026420981197,-74.98341878255206,11277.6,116.88394832664416,248.0153678188222
2024-11-20 13:37:21+00:00,FFT3378,23.502182006835938,-74.98248845880681,11277.6,116.88394832664416,248.0153678188222
2024-11-20 13:37:22+00:00,FFT3378,23.500762939453125,-74.97944224964488,11277.6,116.88394832664416,248.0153678188222
2024-11-20 13:37:23+00:00,FFT3378,23.49933688923464,-74.9764506022135,11285.22,116.88394832664416,248.0153678188222
2024-11-20 13:37:24+00:00,FFT3378,23.4984523967161,-74.97451782226562,11285.22,116.88394832664416,248.0153678188222
2024-11-20 13:37:25+00:00,FFT3378,23.49737548828125,-74.97220126065338,11277.6,116.88394832664416,248.0153678188222
2024-11-20 13:37:26+00:00,FFT3378,23.496450650489937,-74.97024536132812,11277.6,116.88394832664416,248.0153678188222
2024-11-20 13:37:27+00:00,FFT3378,23.495864868164062,-74.968955300071,11285.22,116.88394832664416,248.0153678188222
2024-11-20 13:37:28+00:00,FFT3378,23.49477476992849,-74.96658325195312,11285.22,116.88394832664416,248.0153678188222
2024-11-20 13:37:29+00:00,FFT3378,23.49361096398305,-74.96409098307288,11285.22,116.88394832664416,248.0153678188222
2024-11-20 13:37:30+00:00,FFT3378,23.492586814751057,-74.96200561523438,11277.6,116.88394832664416,248.0153678188222
2024-11-20 13:37:31+00:00,FFT3378,23.49165344238281,-74.95996648615056,11285.22,116.88394832664416,248.0153678188222
2024-11-20 13:37:32+00:00,FFT3378,23.491050590903072,-74.95869954427081,11277.6,116.88394832664416,248.0153678188222
2024-11-20 13:37:33+00:00,FFT3378,23.489560919292902,-74.95549519856769,11285.22,116.88394832664416,248.0153678188222
2024-11-20 13:37:34+00:00,FFT3378,23.48853677006091,-74.95330810546875,11285.22,116.88394832664416,248.0153678188222
2024-11-20 13:37:35+00:00,FFT3378,23.487625122070312,-74.951377175071,11285.22,116.88394832664416,248.0153678188222
2024-11-20 13:37:36+00:00,FFT3378,23.486721232786017,-74.94939168294269,11285.22,116.88394832664416,248.0153678188222
2024-11-20 13:37:37+00:00,FFT3378,23.485697083554022,-74.94720458984375,11285.22,116.88394832664416,248.0153678188222
2024-11-20 13:37:38+00:00,FFT3378,23.484253964181672,-74.944101969401,11285.22,116.88394832664416,248.0153678188222
2024-11-20 13:37:39+00:00,FFT3378,23.483230590820312,-74.94198885830963,11285.22,116.88394832664416,248.0153678188222
2024-11-20 13:37:40+00:00,FFT3378,23.48272705078125,-74.94089022549713,11285.22,116.88394832664416,248.0153678188222
2024-11-20 13:37:41+00:00,FFT3378,23.48164703886388,-74.9386088053385,11285.22,116.88394832664416,248.0153678188222
2024-11-20 13:37:42+00:00,FFT3378,23.480712890625,-74.93649569424713,11285.22,116.88394832664416,248.0153678188222
2024-11-20 13:37:43+00:00,FFT3378,23.47964529263771,-74.93428548177081,11285.22,116.88394832664416,248.0153678188222
2024-11-20 13:37:44+00:00,FFT3378,23.479086665783896,-74.93306477864581,11285.22,116.88394832664416,248.0153678188222
2024-11-20 13:37:45+00:00,FFT3378,23.478057861328125,-74.93090265447444,11285.22,116.88394832664416,248.0153678188222
2024-11-20 13:37:46+00:00,FFT3378,23.47652629270392,-74.92757161458331,11285.22,116.88394832664416,248.0153678188222
2024-11-20 13:37:47+00:00,FFT3378,23.475906372070312,-74.92630837180394,11285.22,116.88394832664416,248.0153678188222
2024-11-20 13:37:48+00:00,FFT3378,23.474896964380296,-74.92406209309894,11285.22,116.93778797877955,247.55663203775785
2024-11-20 13:37:49+00:00,FFT3378,23.47393798828125,-74.92206365411931,11285.22,116.93778797877955,247.55663203775785
2024-11-20 13:37:50+00:00,FFT3378,23.473127979343214,-74.9202982584635,11285.22,116.93778797877955,247.55663203775785
2024-11-20 13:37:51+00:00,FFT3378,23.471466064453125,-74.91677024147725,11285.22,116.93778797877955,247.55663203775785
2024-11-20 13:37:52+00:00,FFT3378,23.470940024165785,-74.91561889648438,11285.22,116.93778797877955,247.55663203775785
2024-11-20 13:37:53+00:00,FFT3378,23.469268798828125,-74.91212602095169,11285.22,116.93778797877955,247.55663203775785
2024-11-20 13:37:54+00:00,FFT3378,23.46870551675053,-74.910888671875,11285.22,116.93778797877955,247.55663203775785
2024-11-20 13:37:55+00:00,FFT3378,23.46763481528072,-74.90859985351562,11285.22,116.93778797877955,247.55663203775785
2024-11-20 13:37:56+00:00,FFT3378,23.466567993164062,-74.9063332297585,11285.22,116.93778797877955,247.55663203775785
2024-11-20 13:37:57+00:00,FFT3378,23.46512099443856,-74.90325927734375,11285.22,116.93778797877955,247.55663203775785
2024-11-20 13:37:58+00:00,FFT3378,23.464562367584744,-74.90203857421875,11285.22,116.991827488982,247.0981156599708
2024-11-20 13:37:59+00:00,FFT3378,23.463546752929688,-74.89989124644887,11285.22,116.991827488982,247.0981156599708
2024-11-20 13:38:00+00:00,FFT3378,23.46258544921875,-74.89789373224431,11285.22,116.991827488982,247.0981156599708
2024-11-20 13:38:01+00:00,FFT3378,23.46153259277344,-74.89564652876419,11285.22,116.991827488982,247.0981156599708
2024-11-20 13:38:02+00:00,FFT3378,23.46041921841896,-74.89329020182288,11285.22,116.991827488982,247.0981156599708
2024-11-20 13:38:03+00:00,FFT3378,23.459441621424787,-74.89120483398438,11285.22,116.991827488982,247.0981156599708
2024-11-20 13:38:04+00:00,FFT3378,23.458419799804688,-74.88895485617894,11285.22,116.991827488982,247.0981156599708
2024-11-20 13:38:05+00:00,FFT3378,23.457393322960804,-74.88683064778644,11285.22,116.991827488982,247.0981156599708
2024-11-20 13:38:06+00:00,FFT3378,23.456268310546875,-74.88441051136363,11292.84,116.991827488982,247.0981156599708
2024-11-20 13:38:07+00:00,FFT3378,23.45516967773437,-74.88211337002838,11292.84,116.991827488982,247.0981156599708
2024-11-20 13:38:08+00:00,FFT3378,23.45416259765625,-74.87991610440338,11292.84,117.04606787547915,246.6398199091076
2024-11-20 13:38:09+00:00,FFT3378,23.453201293945312,-74.87791859019887,11292.84,117.04606787547915,246.6398199091076
2024-11-20 13:38:10+00:00,FFT3378,23.452272576800848,-74.87589518229163,11292.84,117.04606787547915,246.6398199091076
2024-11-20 13:38:11+00:00,FFT3378,23.451248427568856,-74.87380981445312,11292.84,117.04606787547915,246.6398199091076
2024-11-20 13:38:12+00:00,FFT3378,23.45017772609905,-74.87152099609375,11292.84,117.04606787547915,246.6398199091076
2024-11-20 13:38:13+00:00,FFT3378,23.44921875,-74.8694291548295,11292.84,117.04606787547915,246.6398199091076
2024-11-20 13:38:14+00:00,FFT3378,23.448257446289062,-74.867431640625,11292.84,117.04606787547915,246.6398199091076
2024-11-20 13:38:15+00:00,FFT3378,23.44715881347656,-74.8650346235795,11292.84,117.04606787547915,246.6398199091076
2024-11-20 13:38:16+00:00,FFT3378,23.446174233646715,-74.86297607421875,11292.84,117.04606787547915,246.6398199091076
2024-11-20 13:38:17+00:00,FFT3378,23.445150084414724,-74.86073811848956,11292.84,117.04606787547915,246.6398199091076
2024-11-20 13:38:18+00:00,FFT3378,23.444079382944917,-74.85855102539062,11292.84,116.93952806380082,246.40632473847512
2024-11-20 13:38:19+00:00,FFT3378,23.443038940429688,-74.85629549893463,11292.84,116.93952806380082,246.40632473847512
2024-11-20 13:38:20+00:00,FFT3378,23.44212418895657,-74.85432942708331,11292.84,116.93952806380082,246.40632473847512
2024-11-20 13:38:21+00:00,FFT3378,23.4407958984375,-74.85150146484375,11292.84,116.93952806380082,246.40632473847512
2024-11-20 13:38:22+00:00,FFT3378,23.44021554720604,-74.85031127929688,11292.84,116.93952806380082,246.40632473847512
2024-11-20 13:38:23+00:00,FFT3378,23.43914794921875,-74.84800581498575,11292.84,116.93952806380082,246.40632473847512
2024-11-20 13:38:24+00:00,FFT3378,23.43809509277344,-74.84575861150569,11292.84,116.93952806380082,246.40632473847512
2024-11-20 13:38:25+00:00,FFT3378,23.437096547272244,-74.84369913736975,11292.84,116.93952806380082,246.40632473847512
2024-11-20 13:38:26+00:00,FFT3378,23.435979293564618,-74.84125773111975,11292.84,116.93952806380082,246.40632473847512
2024-11-20 13:38:27+00:00,FFT3378,23.43481548761917,-74.83876546223956,11292.84,116.93952806380082,246.40632473847512
2024-11-20 13:38:28+00:00,FFT3378,23.433930995100635,-74.83688354492188,11292.84,116.93952806380082,246.40632473847512
2024-11-20 13:38:29+00:00,FFT3378,23.432830810546875,-74.83457253196019,11292.84,116.9938235620196,245.9478159660497
2024-11-20 13:38:30+00:00,FFT3378,23.43177795410156,-74.832275390625,11292.84,116.9938235620196,245.9478159660497
2024-11-20 13:38:31+00:00,FFT3378,23.4312744140625,-74.83122669566762,11292.84,116.9938235620196,245.9478159660497
2024-11-20 13:38:32+00:00,FFT3378,23.429741293697035,-74.82798258463538,11292.84,116.9938235620196,245.9478159660497
2024-11-20 13:38:34+00:00,FFT3378,23.42806541313559,-74.82442220052081,11292.84,116.9938235620196,245.9478159660497
2024-11-20 13:38:35+00:00,FFT3378,23.427474975585938,-74.82313676313919,11292.84,116.9938235620196,245.9478159660497
2024-11-20 13:38:36+00:00,FFT3378,23.42646789550781,-74.82093949751419,11292.84,116.9938235620196,245.9478159660497
2024-11-20 13:38:38+00:00,FFT3378,23.42434123411017,-74.81648763020831,11292.84,116.88693419247672,245.7147402783438
2024-11-20 13:38:39+00:00,FFT3378,23.423410189353813,-74.814453125,11292.84,116.88693419247672,245.7147402783438
2024-11-20 13:38:40+00:00,FFT3378,23.42230224609375,-74.81205055930394,11292.84,116.88693419247672,245.7147402783438
2024-11-20 13:38:41+00:00,FFT3378,23.421295166015625,-74.80990323153407,11292.84,116.88693419247672,245.7147402783438
2024-11-20 13:38:42+00:00,FFT3378,23.42038429389565,-74.80794270833331,11292.84,116.88693419247672,245.7147402783438
2024-11-20 13:38:44+00:00,FFT3378,23.418475652145126,-74.80392456054688,11292.84,116.88693419247672,245.7147402783438
2024-11-20 13:38:45+00:00,FFT3378,23.4173583984375,-74.801513671875,11285.22,116.8327865157802,246.1736831643605
2024-11-20 13:38:46+00:00,FFT3378,23.416427353681144,-74.79949951171875,11292.84,116.8327865157802,246.1736831643605
2024-11-20 13:38:47+00:00,FFT3378,23.41484457759534,-74.79609171549475,11285.22,116.8327865157802,246.1736831643605
2024-11-20 13:38:48+00:00,FFT3378,23.41433250297934,-74.79507446289062,11292.84,116.88693419247672,245.7147402783438
2024-11-20 13:38:49+00:00,FFT3378,23.41288938360699,-74.79192097981769,11285.22,116.88693419247672,245.7147402783438
2024-11-20 13:38:50+00:00,FFT3378,23.41246032714844,-74.79102672230113,11285.22,116.88693419247672,245.7147402783438
2024-11-20 13:38:51+00:00,FFT3378,23.410887637380824,-74.78769938151038,11285.22,116.88693419247672,245.7147402783438
2024-11-20 13:38:52+00:00,FFT3378,23.409942626953125,-74.78563343394887,11285.22,116.88693419247672,245.7147402783438
2024-11-20 13:38:53+00:00,FFT3378,23.408792786679022,-74.78317260742188,11285.22,116.88693419247672,245.7147402783438
2024-11-20 13:38:54+00:00,FFT3378,23.408203125,-74.78193803267044,11285.22,116.88693419247672,245.7147402783438
2024-11-20 13:38:55+00:00,FFT3378,23.40674448821504,-74.77884928385413,11285.22,116.88693419247672,245.7147402783438
2024-11-20 13:38:56+00:00,FFT3378,23.405766891220868,-74.77666219075519,11285.22,116.88693419247672,245.7147402783438
2024-11-20 13:38:57+00:00,FFT3378,23.40513610839844,-74.77539617365056,11285.22,116.88693419247672,245.7147402783438
2024-11-20 13:38:58+00:00,FFT3378,23.404129028320312,-74.77319890802556,11285.22,116.88693419247672,245.7147402783438
2024-11-20 13:38:59+00:00,FFT3378,23.403020309189618,-74.77081298828125,11285.22,116.88693419247672,245.7147402783438
2024-11-20 13:39:00+00:00,FFT3378,23.40208926443326,-74.7689310709635,11285.22,116.9938235620196,245.9478159660497
2024-11-20 13:39:01+00:00,FFT3378,23.40106201171875,-74.76665704900569,11285.22,116.9938235620196,245.9478159660497
2024-11-20 13:39:03+00:00,FFT3378,23.398970264499468,-74.76216634114581,11285.22,116.9938235620196,245.9478159660497
2024-11-20 13:39:04+00:00,FFT3378,23.397806458554022,-74.759775797526,11285.22,116.9938235620196,245.9478159660497
2024-11-20 13:39:05+00:00,FFT3378,23.396759033203125,-74.75751842151988,11285.22,116.9938235620196,245.9478159660497
2024-11-20 13:39:06+00:00,FFT3378,23.39584350585937,-74.75552090731532,11285.22,116.9938235620196,245.9478159660497
2024-11-20 13:39:07+00:00,FFT3378,23.394687458620236,-74.7530619303385,11285.22,116.9938235620196,245.9478159660497
2024-11-20 13:39:08+00:00,FFT3378,23.39369201660156,-74.7509765625,11285.22,116.9938235620196,245.9478159660497
2024-11-20 13:39:10+00:00,FFT3378,23.39259260791843,-74.74868774414062,11285.22,116.9938235620196,245.9478159660497
2024-11-20 13:39:13+00:00,FFT3378,23.389434814453125,-74.74193781072444,11285.22,116.9938235620196,245.9478159660497
2024-11-20 13:39:14+00:00,FFT3378,23.38840290651483,-74.73973592122394,11277.6,117.04832183020162,245.4895288827512
2024-11-20 13:39:15+00:00,FFT3378,23.3864942647643,-74.7357177734375,11285.22,117.04832183020162,245.4895288827512
2024-11-20 13:39:17+00:00,FFT3378,23.38545227050781,-74.73354825106532,11277.6,117.15515538102548,245.72389522541204
2024-11-20 13:39:18+00:00,FFT3378,23.383980443922137,-74.73042805989581,11277.6,117.15515538102548,245.72389522541204
2024-11-20 13:39:19+00:00,FFT3378,23.383421817068324,-74.729258219401,11277.6,117.15515538102548,245.72389522541204
2024-11-20 13:39:20+00:00,FFT3378,23.3814697265625,-74.72510875355113,11277.6,117.15515538102548,245.72389522541204
2024-11-20 13:39:21+00:00,FFT3378,23.38058213056144,-74.72325642903644,11277.6,117.15515538102548,245.72389522541204
2024-11-20 13:39:22+00:00,FFT3378,23.379638671875,-74.72121360085225,11277.6,117.15515538102548,245.72389522541204
2024-11-20 13:39:23+00:00,FFT3378,23.379135131835938,-74.72016490589488,11277.6,117.15515538102548,245.72389522541204
2024-11-20 13:39:24+00:00,FFT3378,23.37806830971928,-74.71786499023438,11277.6,117.15515538102548,245.72389522541204
2024-11-20 13:39:25+00:00,FFT3378,23.37746313062765,-74.71664428710938,11277.6,117.15515538102548,245.72389522541204
2024-11-20 13:39:26+00:00,FFT3378,23.375473022460938,-74.71237460049713,11277.6,117.15515538102548,245.72389522541204
2024-11-20 13:39:28+00:00,FFT3378,23.373550415039062,-74.70827969637782,11277.6,117.15515538102548,245.72389522541204
2024-11-20 13:39:29+00:00,FFT3378,23.372668250132413,-74.70652262369788,11277.6,117.15515538102548,245.72389522541204
2024-11-20 13:39:30+00:00,FFT3378,23.371644100900426,-74.70433553059894,11277.6,117.15515538102548,245.72389522541204
2024-11-20 13:39:31+00:00,FFT3378,23.370529174804688,-74.70193758877838,11277.6,117.15515538102548,245.72389522541204
2024-11-20 13:39:32+00:00,FFT3378,23.369659423828125,-74.70008988813919,11277.6,117.15515538102548,245.72389522541204
2024-11-20 13:39:33+00:00,FFT3378,23.368711309917902,-74.6981302897135,11277.6,117.15515538102548,245.72389522541204
2024-11-20 13:39:34+00:00,FFT3378,23.367691040039062,-74.69599498401988,11277.6,117.15515538102548,245.72389522541204
2024-11-20 13:39:35+00:00,FFT3378,23.366683959960938,-74.69384765625,11277.6,117.15515538102548,245.72389522541204
2024-11-20 13:39:36+00:00,FFT3378,23.365685414459744,-74.6917724609375,11277.6,117.15515538102548,245.72389522541204
2024-11-20 13:39:37+00:00,FFT3378,23.364669799804688,-74.68960293856532,11277.6,117.15515538102548,245.72389522541204
2024-11-20 13:39:38+00:00,FFT3378,23.36366271972656,-74.68750554865056,11277.6,117.15515538102548,245.72389522541204
2024-11-20 13:39:39+00:00,FFT3378,23.36284572795286,-74.6856689453125,11277.6,117.15515538102548,245.72389522541204
2024-11-20 13:39:40+00:00,FFT3378,23.361373901367188,-74.68261163884944,11277.6,117.15515538102548,245.72389522541204
2024-11-20 13:39:41+00:00,FFT3378,23.360843981726696,-74.68144734700519,11277.6,117.15515538102548,245.72389522541204
2024-11-20 13:39:42+00:00,FFT3378,23.35972595214844,-74.67916592684657,11277.6,117.15515538102548,245.72389522541204
2024-11-20 13:39:43+00:00,FFT3378,23.358702578787074,-74.67692057291663,11277.6,117.15515538102548,245.72389522541204
2024-11-20 13:39:44+00:00,FFT3378,23.35777153403072,-74.67498779296875,11277.6,117.04832183020162,245.4895288827512
2024-11-20 13:39:45+00:00,FFT3378,23.35693359375,-74.67327325994319,11277.6,117.04832183020162,245.4895288827512
2024-11-20 13:39:46+00:00,FFT3378,23.35546875,-74.670127175071,11277.6,117.04832183020162,245.4895288827512
2024-11-20 13:39:47+00:00,FFT3378,23.354885295286017,-74.66888427734375,11277.6,117.04832183020162,245.4895288827512
2024-11-20 13:39:48+00:00,FFT3378,23.353395623675848,-74.66567993164062,11277.6,117.04832183020162,245.4895288827512
2024-11-20 13:39:49+00:00,FFT3378,23.35293010129767,-74.66476440429688,11277.6,117.04832183020162,245.4895288827512
2024-11-20 13:39:50+00:00,FFT3378,23.35195250430349,-74.66267903645831,11277.6,117.04832183020162,245.4895288827512
2024-11-20 13:39:51+00:00,FFT3378,23.35052490234375,-74.65964022549713,11277.6,117.04832183020162,245.4895288827512
2024-11-20 13:39:52+00:00,FFT3378,23.34942626953125,-74.65729314630681,11277.6,117.04832183020162,245.4895288827512
2024-11-20 13:39:53+00:00,FFT3378,23.348373413085938,-74.65509588068181,11277.6,117.04832183020162,245.4895288827512
2024-11-20 13:39:54+00:00,FFT3378,23.347250728283896,-74.6527099609375,11277.6,117.04832183020162,245.4895288827512
2024-11-20 13:39:55+00:00,FFT3378,23.346221923828125,-74.65055153586644,11277.6,117.04832183020162,245.4895288827512
2024-11-20 13:39:56+00:00,FFT3378,23.345807608911542,-74.64960734049475,11277.6,117.04832183020162,245.4895288827512
2024-11-20 13:39:57+00:00,FFT3378,23.34466552734375,-74.64725563742894,11277.6,117.04832183020162,245.4895288827512
2024-11-20 13:39:58+00:00,FFT3378,23.343666205971928,-74.64508056640625,11277.6,117.04832183020162,245.4895288827512
2024-11-20 13:39:59+00:00,FFT3378,23.342455847788663,-74.64253743489581,11277.6,117.04832183020162,245.4895288827512
2024-11-20 13:40:00+00:00,FFT3378,23.34150695800781,-74.6404640891335,11277.6,116.94128447162078,245.2560176685971
2024-11-20 13:40:01+00:00,FFT3378,23.34050065380032,-74.6383158365885,11277.6,116.94128447162078,245.2560176685971
2024-11-20 13:40:02+00:00,FFT3378,23.33953857421875,-74.63631924715907,11277.6,116.94128447162078,245.2560176685971
2024-11-20 13:40:03+00:00,FFT3378,23.33840580309852,-74.63394165039062,11277.6,116.94128447162078,245.2560176685971
2024-11-20 13:40:04+00:00,FFT3378,23.3375244140625,-74.63197465376419,11277.6,116.94128447162078,245.2560176685971
2024-11-20 13:40:05+00:00,FFT3378,23.336471557617188,-74.62982732599431,11277.6,116.94128447162078,245.2560176685971
2024-11-20 13:40:06+00:00,FFT3378,23.33509826660156,-74.62693093039769,11277.6,116.94128447162078,245.2560176685971
2024-11-20 13:40:07+00:00,FFT3378,23.33468162407309,-74.62595621744788,11277.6,116.94128447162078,245.2560176685971
2024-11-20 13:40:08+00:00,FFT3378,23.333610922603285,-74.62371826171875,11277.6,116.94128447162078,245.2560176685971
2024-11-20 13:40:09+00:00,FFT3378,23.33244711665784,-74.62127685546875,11277.6,116.94128447162078,245.2560176685971
2024-11-20 13:40:10+00:00,FFT3378,23.331516071901483,-74.61924235026038,11277.6,116.94128447162078,245.2560176685971
2024-11-20 13:40:11+00:00,FFT3378,23.330337524414062,-74.61679354580963,11277.6,116.94128447162078,245.2560176685971
2024-11-20 13:40:12+00:00,FFT3378,23.329421997070312,-74.61479603160512,11277.6,116.94128447162078,245.2560176685971
2024-11-20 13:40:13+00:00,FFT3378,23.328369140625,-74.61259876598012,11277.6,116.94128447162078,245.2560176685971
2024-11-20 13:40:14+00:00,FFT3378,23.3272705078125,-74.61020174893463,11277.6,116.94128447162078,245.2560176685971
2024-11-20 13:40:15+00:00,FFT3378,23.326209116790253,-74.60795084635413,11277.6,116.94128447162078,245.2560176685971
2024-11-20 13:40:16+00:00,FFT3378,23.32562255859375,-74.60670609907669,11277.6,116.94128447162078,245.2560176685971
2024-11-20 13:40:17+00:00,FFT3378,23.325045310844807,-74.60545857747394,11277.6,116.99583839408665,244.7975165734382
2024-11-20 13:40:18+00:00,FFT3378,23.32369529594809,-74.60255940755206,11277.6,116.99583839408665,244.7975165734382
2024-11-20 13:40:19+00:00,FFT3378,23.322159072100103,-74.59930419921875,11277.6,116.99583839408665,244.7975165734382
2024-11-20 13:40:20+00:00,FFT3378,23.321553893008478,-74.59808349609375,11277.6,116.99583839408665,244.7975165734382
2024-11-20 13:40:21+00:00,FFT3378,23.320632934570312,-74.59611927379262,11277.6,116.99583839408665,244.7975165734382
2024-11-20 13:40:22+00:00,FFT3378,23.3192728333554,-74.59325154622394,11277.6,116.99583839408665,244.7975165734382
2024-11-20 13:40:23+00:00,FFT3378,23.318161010742188,-74.59087579900569,11277.6,116.99583839408665,244.7975165734382
2024-11-20 13:40:24+00:00,FFT3378,23.317291259765625,-74.58902809836644,11277.6,116.99583839408665,244.7975165734382
2024-11-20 13:40:25+00:00,FFT3378,23.31634004237288,-74.58699544270831,11277.6,116.99583839408665,244.7975165734382
2024-11-20 13:40:26+00:00,FFT3378,23.31545554985434,-74.58506266276038,11277.6,116.99583839408665,244.7975165734382
2024-11-20 13:40:27+00:00,FFT3378,23.31440734863281,-74.58283580433238,11277.6,116.99583839408665,244.7975165734382
2024-11-20 13:40:28+00:00,FFT3378,23.313262939453125,-74.580488725142,11277.6,116.99583839408665,244.7975165734382
2024-11-20 13:40:29+00:00,FFT3378,23.31234741210937,-74.57854114879262,11277.6,116.99583839408665,244.7975165734382
2024-11-20 13:40:30+00:00,FFT3378,23.31126584845074,-74.57616170247394,11277.6,116.99583839408665,244.7975165734382
2024-11-20 13:40:31+00:00,FFT3378,23.31042790817002,-74.57443237304688,11277.6,116.99583839408665,244.7975165734382
2024-11-20 13:40:32+00:00,FFT3378,23.30935720670021,-74.5721435546875,11277.6,116.99583839408665,244.7975165734382
2024-11-20 13:40:33+00:00,FFT3378,23.308273315429688,-74.56985196200282,11277.6,116.99583839408665,244.7975165734382
2024-11-20 13:40:34+00:00,FFT3378,23.30768132613877,-74.56858317057288,11277.6,116.99583839408665,244.7975165734382
2024-11-20 13:40:35+00:00,FFT3378,23.30712890625,-74.56740500710225,11277.6,116.99583839408665,244.7975165734382
2024-11-20 13:40:36+00:00,FFT3378,23.305539923199152,-74.56405639648438,11277.6,116.99583839408665,244.7975165734382
2024-11-20 13:40:37+00:00,FFT3378,23.30442266949153,-74.56166585286456,11277.6,116.99583839408665,244.7975165734382
2024-11-20 13:40:38+00:00,FFT3378,23.303305415783896,-74.55927530924475,11277.6,116.99583839408665,244.7975165734382
2024-11-20 13:40:39+00:00,FFT3378,23.30218816207627,-74.55698649088538,11277.6,116.99583839408665,244.7975165734382
2024-11-20 13:40:40+00:00,FFT3378,23.30122375488281,-74.55482066761363,11277.6,116.99583839408665,244.7975165734382
2024-11-20 13:40:41+00:00,FFT3378,23.300186415850103,-74.55266316731769,11277.6,116.99583839408665,244.7975165734382
2024-11-20 13:40:42+00:00,FFT3378,23.29962158203125,-74.551474831321,11277.6,116.99583839408665,244.7975165734382
2024-11-20 13:40:43+00:00,FFT3378,23.29813811738612,-74.54833984375,11277.6,116.99583839408665,244.7975165734382
2024-11-20 13:40:44+00:00,FFT3378,23.297160520391948,-74.54620361328125,11277.6,116.99583839408665,244.7975165734382
2024-11-20 13:40:45+00:00,FFT3378,23.296182923397776,-74.54416910807288,11277.6,116.99583839408665,244.7975165734382
2024-11-20 13:40:46+00:00,FFT3378,23.295158774165785,-74.54198201497394,11277.6,116.99583839408665,244.7975165734382
2024-11-20 13:40:47+00:00,FFT3378,23.294600147311968,-74.54076131184894,11277.6,116.99583839408665,244.7975165734382
2024-11-20 13:40:48+00:00,FFT3378,23.29348289360434,-74.53847249348956,11277.6,116.99583839408665,244.7975165734382
2024-11-20 13:40:49+00:00,FFT3378,23.29266357421875,-74.5367431640625,11277.6,116.99583839408665,244.7975165734382
2024-11-20 13:40:50+00:00,FFT3378,23.2921142578125,-74.53549471768463,11277.6,116.99583839408665,244.7975165734382
2024-11-20 13:40:51+00:00,FFT3378,23.290557861328125,-74.53219881924713,11277.6,116.99583839408665,244.7975165734382
2024-11-20 13:40:52+00:00,FFT3378,23.28947940115201,-74.52992757161456,11277.6,116.99583839408665,244.7975165734382
2024-11-20 13:40:53+00:00,FFT3378,23.28831559520657,-74.52748616536456,11277.6,116.99583839408665,244.7975165734382
2024-11-20 13:40:54+00:00,FFT3378,23.28729144597457,-74.52529907226562,11277.6,116.99583839408665,244.7975165734382
2024-11-20 13:40:55+00:00,FFT3378,23.286300659179688,-74.52321000532669,11277.6,116.99583839408665,244.7975165734382
2024-11-20 13:40:56+00:00,FFT3378,23.285476684570312,-74.52141224254262,11277.6,117.10302390719026,245.03146473246787
2024-11-20 13:40:57+00:00,FFT3378,23.284194946289062,-74.51866566051137,11277.6,117.10302390719026,245.03146473246787
2024-11-20 13:40:58+00:00,FFT3378,23.283004760742188,-74.51616876775569,11277.6,117.10302390719026,245.03146473246787
2024-11-20 13:40:59+00:00,FFT3378,23.282589669954977,-74.51527913411456,11277.6,117.10302390719026,245.03146473246787
2024-11-20 13:41:00+00:00,FFT3378,23.281099998344807,-74.51217651367188,11277.6,117.10302390719026,245.03146473246787
2024-11-20 13:41:01+00:00,FFT3378,23.28057861328125,-74.51107510653407,11269.98,117.10302390719026,245.03146473246787
2024-11-20 13:41:02+00:00,FFT3378,23.279424117783368,-74.50861612955725,11277.6,117.10302390719026,245.03146473246787
2024-11-20 13:41:03+00:00,FFT3378,23.278289794921875,-74.50623113458806,11269.98,117.10302390719026,245.03146473246787
2024-11-20 13:41:04+00:00,FFT3378,23.27728271484375,-74.50408935546875,11277.6,117.10302390719026,245.03146473246787
2024-11-20 13:41:05+00:00,FFT3378,23.27618408203125,-74.50173672762782,11269.98,117.10302390719026,245.03146473246787
2024-11-20 13:41:06+00:00,FFT3378,23.275131225585938,-74.49953946200282,11269.98,117.10302390719026,245.03146473246787
2024-11-20 13:41:07+00:00,FFT3378,23.274078369140625,-74.49729225852269,11269.98,117.10302390719026,245.03146473246787
2024-11-20 13:41:09+00:00,FFT3378,23.2730712890625,-74.49514493075282,11269.98,117.10302390719026,245.03146473246787
2024-11-20 13:41:10+00:00,FFT3378,23.271044714976163,-74.49091593424475,11269.98,117.10302390719026,245.03146473246787
2024-11-20 13:41:11+00:00,FFT3378,23.27020677469545,-74.48908487955725,11269.98,117.10302390719026,245.03146473246787
2024-11-20 13:41:12+00:00,FFT3378,23.26913452148437,-74.48690518465907,11269.98,117.10302390719026,245.03146473246787
2024-11-20 13:41:13+00:00,FFT3378,23.267990112304688,-74.4844582297585,11269.98,117.10302390719026,245.03146473246787
2024-11-20 13:41:14+00:00,FFT3378,23.26708777476165,-74.48252360026038,11269.98,117.10302390719026,245.03146473246787
2024-11-20 13:41:15+00:00,FFT3378,23.26606750488281,-74.48036332563919,11269.98,117.10302390719026,245.03146473246787
2024-11-20 13:41:16+00:00,FFT3378,23.26503947629767,-74.47820027669269,11269.98,117.10302390719026,245.03146473246787
2024-11-20 13:41:18+00:00,FFT3378,23.263875670352224,-74.47575887044269,11277.6,117.10302390719026,245.03146473246787
2024-11-20 13:41:19+00:00,FFT3378,23.262725830078125,-74.47332208806819,11269.98,117.10302390719026,245.03146473246787
2024-11-20 13:41:20+00:00,FFT3378,23.26171875,-74.47122469815338,11269.98,117.10302390719026,245.03146473246787
2024-11-20 13:41:21+00:00,FFT3378,23.260617013704977,-74.46884155273438,11269.98,117.10302390719026,245.03146473246787
2024-11-20 13:41:22+00:00,FFT3378,23.259017944335938,-74.46548184481532,11269.98,117.10302390719026,245.03146473246787
2024-11-20 13:41:23+00:00,FFT3378,23.258568715240997,-74.46451822916663,11269.98,117.10302390719026,245.03146473246787
2024-11-20 13:41:24+00:00,FFT3378,23.257598876953125,-74.46253551136363,11269.98,117.10302390719026,245.03146473246787
2024-11-20 13:41:25+00:00,FFT3378,23.256591796875,-74.46038818359375,11269.98,117.10302390719026,245.03146473246787
2024-11-20 13:41:26+00:00,FFT3378,23.255635924258478,-74.45831298828125,11269.98,117.10302390719026,245.03146473246787
2024-11-20 13:41:27+00:00,FFT3378,23.25457763671875,-74.45609352805394,11269.98,117.10302390719026,245.03146473246787
2024-11-20 13:41:28+00:00,FFT3378,23.25344796908104,-74.4537353515625,11269.98,117.10302390719026,245.03146473246787
2024-11-20 13:41:29+00:00,FFT3378,23.25228881835937,-74.45129949396306,11269.98,117.10302390719026,245.03146473246787
2024-11-20 13:41:30+00:00,FFT3378,23.25130656614142,-74.44920857747394,11269.98,117.10302390719026,245.03146473246787
2024-11-20 13:41:31+00:00,FFT3378,23.250375521385063,-74.44722493489581,11269.98,117.10302390719026,245.03146473246787
2024-11-20 13:41:32+00:00,FFT3378,23.249038696289062,-74.44440806995738,11269.98,117.10302390719026,245.03146473246787
2024-11-20 13:41:33+00:00,FFT3378,23.24848937988281,-74.44325949928975,11269.98,117.10302390719026,245.03146473246787
2024-11-20 13:41:34+00:00,FFT3378,23.2470703125,-74.44025675455725,11269.98,117.10302390719026,245.03146473246787
2024-11-20 13:41:35+00:00,FFT3378,23.246063232421875,-74.43821577592325,11269.98,117.10302390719026,245.03146473246787
2024-11-20 13:41:36+00:00,FFT3378,23.245068566273837,-74.43608601888019,11269.98,117.10302390719026,245.03146473246787
2024-11-20 13:41:37+00:00,FFT3378,23.244184073755296,-74.4342041015625,11269.98,117.10302390719026,245.03146473246787
2024-11-20 13:41:38+00:00,FFT3378,23.24306682004767,-74.43181355794269,11269.98,117.15793083812736,244.57362476779963
2024-11-20 13:41:39+00:00,FFT3378,23.241943359375,-74.42947665127838,11269.98,117.10302390719026,245.03146473246787
2024-11-20 13:41:40+00:00,FFT3378,23.240936279296875,-74.4273293235085,11269.98,117.10302390719026,245.03146473246787
2024-11-20 13:41:41+00:00,FFT3378,23.24004092458951,-74.42540486653644,11269.98,117.10302390719026,245.03146473246787
2024-11-20 13:41:42+00:00,FFT3378,23.23952884997352,-74.42438761393225,11269.98,117.10302390719026,245.03146473246787
2024-11-20 13:41:43+00:00,FFT3378,23.238132282838983,-74.42143758138019,11269.98,117.10302390719026,245.03146473246787
2024-11-20 13:41:44+00:00,FFT3378,23.23706158136917,-74.41914876302081,11269.98,117.10302390719026,245.03146473246787
2024-11-20 13:41:45+00:00,FFT3378,23.236495971679688,-74.41799094460225,11269.98,117.10302390719026,245.03146473246787
2024-11-20 13:41:46+00:00,FFT3378,23.23501328290519,-74.41482543945312,11269.98,117.10302390719026,245.03146473246787
2024-11-20 13:41:47+00:00,FFT3378,23.23397827148437,-74.41269753196019,11269.98,117.10302390719026,245.03146473246787
2024-11-20 13:41:48+00:00,FFT3378,23.2335205078125,-74.41164883700282,11269.98,117.10302390719026,245.03146473246787
2024-11-20 13:41:49+00:00,FFT3378,23.231940835209212,-74.40841674804688,11269.98,117.10302390719026,245.03146473246787
2024-11-20 13:41:50+00:00,FFT3378,23.23105634269068,-74.40648396809894,11269.98,117.10302390719026,245.03146473246787
2024-11-20 13:41:51+00:00,FFT3378,23.229995727539062,-74.40430797230113,11269.98,117.10302390719026,245.03146473246787
2024-11-20 13:41:52+00:00,FFT3378,23.22944641113281,-74.40305952592325,11269.98,117.10302390719026,245.03146473246787
2024-11-20 13:41:53+00:00,FFT3378,23.228309760659428,-74.40068562825519,11269.98,117.10302390719026,245.03146473246787
2024-11-20 13:41:54+00:00,FFT3378,23.22724914550781,-74.39846524325282,11269.98,117.10302390719026,245.03146473246787
2024-11-20 13:41:55+00:00,FFT3378,23.22635456667108,-74.39656575520831,11269.98,117.10302390719026,245.03146473246787
2024-11-20 13:41:56+00:00,FFT3378,23.22523731296345,-74.3941752115885,11269.98,117.15793083812736,244.57362476779963
2024-11-20 13:41:58+00:00,FFT3378,23.22271728515625,-74.388877175071,11269.98,117.10302390719026,245.03146473246787
2024-11-20 13:41:59+00:00,FFT3378,23.22212219238281,-74.38762872869319,11269.98,117.10302390719026,245.03146473246787
2024-11-20 13:42:00+00:00,FFT3378,23.221001059322035,-74.38532511393225,11269.98,117.10302390719026,245.03146473246787
2024-11-20 13:42:01+00:00,FFT3378,23.219970703125,-74.38313432173294,11269.98,117.10302390719026,245.03146473246787
2024-11-20 13:42:02+00:00,FFT3378,23.218999313095868,-74.38100179036456,11269.98,117.15793083812736,244.57362476779963
2024-11-20 13:42:03+00:00,FFT3378,23.21788205938824,-74.37876383463538,11269.98,117.15793083812736,244.57362476779963
2024-11-20 13:42:04+00:00,FFT3378,23.21685791015625,-74.37652587890625,11269.98,117.15793083812736,244.57362476779963
2024-11-20 13:42:05+00:00,FFT3378,23.215926865399894,-74.37459309895831,11269.98,117.15793083812736,244.57362476779963
2024-11-20 13:42:06+00:00,FFT3378,23.214902716167902,-74.37235514322913,11269.98,117.15793083812736,244.57362476779963
2024-11-20 13:42:07+00:00,FFT3378,23.213925119173727,-74.37042236328125,11277.6,117.15793083812736,244.57362476779963
2024-11-20 13:42:08+00:00,FFT3378,23.212875366210938,-74.36815296519887,11277.6,117.15793083812736,244.57362476779963
2024-11-20 13:42:09+00:00,FFT3378,23.2119140625,-74.36610551313919,11277.6,117.15793083812736,244.57362476779963
2024-11-20 13:42:10+00:00,FFT3378,23.210906982421875,-74.36400812322444,11277.6,117.15793083812736,244.57362476779963
2024-11-20 13:42:11+00:00,FFT3378,23.20982852224576,-74.36177571614581,11277.6,117.15793083812736,244.57362476779963
2024-11-20 13:42:12+00:00,FFT3378,23.20884704589844,-74.35971346768463,11277.6,117.15793083812736,244.57362476779963
2024-11-20 13:42:13+00:00,FFT3378,23.20778022378178,-74.35740152994788,11277.6,117.15793083812736,244.57362476779963
2024-11-20 13:42:14+00:00,FFT3378,23.206709522311968,-74.3551127115885,11277.6,117.15793083812736,244.57362476779963
2024-11-20 13:42:15+00:00,FFT3378,23.2057319253178,-74.35312906901038,11277.6,117.15793083812736,244.57362476779963
2024-11-20 13:42:16+00:00,FFT3378,23.204635620117188,-74.35077459161931,11277.6,117.15793083812736,244.57362476779963
2024-11-20 13:42:17+00:00,FFT3378,23.204086303710938,-74.34952614524144,11277.6,117.15793083812736,244.57362476779963
2024-11-20 13:42:18+00:00,FFT3378,23.20248413085937,-74.34628018465907,11277.6,117.15793083812736,244.57362476779963
2024-11-20 13:42:19+00:00,FFT3378,23.201980590820312,-74.34523148970169,11277.6,117.15793083812736,244.57362476779963
2024-11-20 13:42:20+00:00,FFT3378,23.20088195800781,-74.34283447265625,11277.6,117.15793083812736,244.57362476779963
2024-11-20 13:42:21+00:00,FFT3378,23.199874877929688,-74.34073708274144,11277.6,117.15793083812736,244.57362476779963
2024-11-20 13:42:22+00:00,FFT3378,23.19882202148437,-74.33853981711644,11277.6,117.15793083812736,244.57362476779963
2024-11-20 13:42:23+00:00,FFT3378,23.198272705078125,-74.33734130859375,11277.6,117.15793083812736,244.57362476779963
2024-11-20 13:42:24+00:00,FFT3378,23.197174072265625,-74.3350441672585,11277.6,117.15793083812736,244.57362476779963
2024-11-20 13:42:25+00:00,FFT3378,23.196304321289062,-74.33319646661931,11277.6,117.15793083812736,244.57362476779963
2024-11-20 13:42:26+00:00,FFT3378,23.19525146484375,-74.33104913884944,11277.6,117.15793083812736,244.57362476779963
2024-11-20 13:42:27+00:00,FFT3378,23.19346618652344,-74.32730379971588,11277.6,117.15793083812736,244.57362476779963
2024-11-20 13:42:28+00:00,FFT3378,23.192413330078125,-74.32505659623575,11277.6,117.32031902256116,244.3516939865871
2024-11-20 13:42:29+00:00,FFT3378,23.191533492783368,-74.32322184244788,11277.6,117.2130436744922,244.11601025012783
2024-11-20 13:42:31+00:00,FFT3378,23.189485194319385,-74.31894938151038,11277.6,117.2130436744922,244.11601025012783
2024-11-20 13:42:32+00:00,FFT3378,23.18841449284957,-74.31660970052081,11277.6,117.2130436744922,244.11601025012783
2024-11-20 13:42:33+00:00,FFT3378,23.187515258789062,-74.3148193359375,11277.6,117.2130436744922,244.11601025012783
2024-11-20 13:42:34+00:00,FFT3378,23.186552403336865,-74.312744140625,11277.6,117.2130436744922,244.11601025012783
2024-11-20 13:42:35+00:00,FFT3378,23.185546875,-74.31057461825282,11277.6,117.2130436744922,244.11601025012783
2024-11-20 13:42:36+00:00,FFT3378,23.18467712402344,-74.30882679332387,11277.6,117.2130436744922,244.11601025012783
2024-11-20 13:42:37+00:00,FFT3378,23.1837592690678,-74.306894938151,11277.6,117.2130436744922,244.11601025012783
2024-11-20 13:42:38+00:00,FFT3378,23.182455806408896,-74.30409749348956,11277.6,117.2130436744922,244.11601025012783
2024-11-20 13:42:39+00:00,FFT3378,23.18199028403072,-74.30308024088538,11277.6,117.2130436744922,244.11601025012783
2024-11-20 13:42:40+00:00,FFT3378,23.18055725097656,-74.30008766867894,11277.6,117.2130436744922,244.11601025012783
2024-11-20 13:42:41+00:00,FFT3378,23.17961611990201,-74.298095703125,11277.6,117.2130436744922,244.11601025012783
2024-11-20 13:42:42+00:00,FFT3378,23.178497314453125,-74.29584295099431,11277.6,117.2130436744922,244.11601025012783
2024-11-20 13:42:43+00:00,FFT3378,23.177490234375,-74.29364568536931,11277.6,117.2130436744922,244.11601025012783
2024-11-20 13:42:44+00:00,FFT3378,23.1763916015625,-74.29134854403407,11277.6,117.2130436744922,244.11601025012783
2024-11-20 13:42:45+00:00,FFT3378,23.175333314022776,-74.28914388020831,11277.6,117.2130436744922,244.11601025012783
2024-11-20 13:42:46+00:00,FFT3378,23.174789428710938,-74.28800270774144,11277.6,117.2130436744922,244.11601025012783
2024-11-20 13:42:47+00:00,FFT3378,23.173657433461333,-74.28563435872394,11277.6,117.2130436744922,244.11601025012783
2024-11-20 13:42:48+00:00,FFT3378,23.172637939453125,-74.28345836292613,11277.6,117.2130436744922,244.11601025012783
2024-11-20 13:42:49+00:00,FFT3378,23.17176818847656,-74.281660600142,11277.6,117.2130436744922,244.11601025012783
2024-11-20 13:42:50+00:00,FFT3378,23.170669555664062,-74.27931352095169,11277.6,117.2130436744922,244.11601025012783
2024-11-20 13:42:51+00:00,FFT3378,23.16957092285156,-74.27701637961644,11277.6,117.2130436744922,244.11601025012783
2024-11-20 13:42:52+00:00,FFT3378,23.16856384277344,-74.27486905184657,11277.6,117.2130436744922,244.11601025012783
2024-11-20 13:42:53+00:00,FFT3378,23.1676025390625,-74.272871537642,11277.6,117.2130436744922,244.11601025012783
2024-11-20 13:42:54+00:00,FFT3378,23.166549682617188,-74.27062433416194,11277.6,117.2130436744922,244.11601025012783
2024-11-20 13:42:55+00:00,FFT3378,23.1654052734375,-74.26822731711644,11277.6,117.2130436744922,244.11601025012783
2024-11-20 13:42:56+00:00,FFT3378,23.16439353813559,-74.26605224609375,11277.6,117.2130436744922,244.11601025012783
2024-11-20 13:42:57+00:00,FFT3378,23.16357421875,-74.26438210227269,11277.6,117.2130436744922,244.11601025012783
2024-11-20 13:42:58+00:00,FFT3378,23.16262455309852,-74.2623392740885,11277.6,117.15793083812736,244.57362476779963
2024-11-20 13:42:59+00:00,FFT3378,23.161285400390625,-74.25953813032669,11277.6,117.15793083812736,244.57362476779963
2024-11-20 13:43:00+00:00,FFT3378,23.160715911347985,-74.25832112630206,11277.6,117.15793083812736,244.57362476779963
2024-11-20 13:43:01+00:00,FFT3378,23.15955210540254,-74.25587972005206,11277.6,117.15793083812736,244.57362476779963
2024-11-20 13:43:02+00:00,FFT3378,23.158676147460938,-74.25399502840907,11277.6,117.15793083812736,244.57362476779963
2024-11-20 13:43:03+00:00,FFT3378,23.15769001588983,-74.25191243489581,11277.6,117.15793083812736,244.57362476779963
2024-11-20 13:43:04+00:00,FFT3378,23.15661931442002,-74.24962361653644,11277.6,117.2130436744922,244.11601025012783
2024-11-20 13:43:05+00:00,FFT3378,23.155641717425848,-74.24758911132812,11277.6,117.2130436744922,244.11601025012783
2024-11-20 13:43:06+00:00,FFT3378,23.15419859805349,-74.24453735351562,11277.6,117.2130436744922,244.11601025012783
2024-11-20 13:43:07+00:00,FFT3378,23.15363997119968,-74.24346923828125,11277.6,117.2130436744922,244.11601025012783
2024-11-20 13:43:08+00:00,FFT3378,23.15254211425781,-74.24111106178975,11277.6,117.2130436744922,244.11601025012783
2024-11-20 13:43:09+00:00,FFT3378,23.151498568260063,-74.2388916015625,11277.6,117.2130436744922,244.11601025012783
2024-11-20 13:43:10+00:00,FFT3378,23.150520971265887,-74.23685709635413,11277.6,117.2130436744922,244.11601025012783
2024-11-20 13:43:11+00:00,FFT3378,23.14947509765625,-74.23466907848012,11277.6,117.2130436744922,244.11601025012783
2024-11-20 13:43:12+00:00,FFT3378,23.148519225039724,-74.23268636067706,11277.6,117.2130436744922,244.11601025012783
2024-11-20 13:43:13+00:00,FFT3378,23.14764404296875,-74.23077392578125,11277.6,117.2130436744922,244.11601025012783
2024-11-20 13:43:14+00:00,FFT3378,23.14647092657574,-74.22831217447913,11277.6,117.15793083812736,244.57362476779963
2024-11-20 13:43:15+00:00,FFT3378,23.145538330078125,-74.22632945667613,11277.6,117.15793083812736,244.57362476779963
2024-11-20 13:43:16+00:00,FFT3378,23.14446918034957,-74.22409057617188,11277.6,117.15793083812736,244.57362476779963
2024-11-20 13:43:17+00:00,FFT3378,23.1434915833554,-74.2220560709635,11277.6,117.15793083812736,244.57362476779963
2024-11-20 13:43:18+00:00,FFT3378,23.14242088188559,-74.21976725260413,11277.6,117.15793083812736,244.57362476779963
2024-11-20 13:43:19+00:00,FFT3378,23.14144328489142,-74.21773274739581,11277.6,117.15793083812736,244.57362476779963
2024-11-20 13:43:20+00:00,FFT3378,23.140365600585938,-74.21544300426137,11277.6,117.15793083812736,244.57362476779963
2024-11-20 13:43:21+00:00,FFT3378,23.139348434189618,-74.21335856119788,11277.6,117.15793083812736,244.57362476779963
2024-11-20 13:43:22+00:00,FFT3378,23.138557046146715,-74.211680094401,11277.6,117.15793083812736,244.57362476779963
2024-11-20 13:43:23+00:00,FFT3378,23.137527465820312,-74.20945046164769,11277.6,117.15793083812736,244.57362476779963
2024-11-20 13:43:24+00:00,FFT3378,23.13656616210937,-74.20740300958806,11277.6,117.15793083812736,244.57362476779963
2024-11-20 13:43:25+00:00,FFT3378,23.135513305664062,-74.20525568181819,11277.6,117.15793083812736,244.57362476779963
2024-11-20 13:43:26+00:00,FFT3378,23.134552001953125,-74.20315829190338,11277.6,117.15793083812736,244.57362476779963
2024-11-20 13:43:27+00:00,FFT3378,23.133590698242188,-74.20111083984375,11277.6,117.15793083812736,244.57362476779963
2024-11-20 13:43:28+00:00,FFT3378,23.13226318359375,-74.19831431995738,11277.6,117.05059700708614,244.33923823987945
2024-11-20 13:43:29+00:00,FFT3378,23.131805419921875,-74.19741543856532,11277.6,117.05059700708614,244.33923823987945
2024-11-20 13:43:30+00:00,FFT3378,23.130844116210938,-74.19541792436075,11277.6,117.05059700708614,244.33923823987945
2024-11-20 13:43:31+00:00,FFT3378,23.129851777674787,-74.19321695963538,11277.6,117.05059700708614,244.33923823987945
2024-11-20 13:43:32+00:00,FFT3378,23.12896728515625,-74.19142289595169,11277.6,117.10556136420864,243.88118392369807
2024-11-20 13:43:33+00:00,FFT3378,23.127960205078125,-74.18927556818181,11277.6,117.10556136420864,243.88118392369807
2024-11-20 13:43:34+00:00,FFT3378,23.12640380859375,-74.18602960759944,11277.6,117.10556136420864,243.88118392369807
2024-11-20 13:43:35+00:00,FFT3378,23.125259399414062,-74.18353271484375,11277.6,117.10556136420864,243.88118392369807
2024-11-20 13:43:36+00:00,FFT3378,23.1241258524232,-74.181162516276,11277.6,117.2130436744922,244.11601025012783
2024-11-20 13:43:37+00:00,FFT3378,23.123055150953387,-74.17892456054688,11277.6,117.2130436744922,244.11601025012783
2024-11-20 13:43:38+00:00,FFT3378,23.12249652409957,-74.17775472005206,11277.6,117.2130436744922,244.11601025012783
2024-11-20 13:43:39+00:00,FFT3378,23.121368408203125,-74.17539284446019,11277.6,117.2130436744922,244.11601025012783
2024-11-20 13:43:40+00:00,FFT3378,23.12044822563559,-74.17343139648438,11277.6,117.2130436744922,244.11601025012783
2024-11-20 13:43:41+00:00,FFT3378,23.119377524165785,-74.17119344075519,11277.6,117.2130436744922,244.11601025012783
2024-11-20 13:43:42+00:00,FFT3378,23.1185302734375,-74.16940030184657,11277.6,117.2130436744922,244.11601025012783
2024-11-20 13:43:43+00:00,FFT3378,23.117003360037074,-74.16615804036456,11277.6,117.2130436744922,244.11601025012783
2024-11-20 13:43:44+00:00,FFT3378,23.116470336914062,-74.16500577059657,11277.6,117.2130436744922,244.11601025012783
2024-11-20 13:43:45+00:00,FFT3378,23.115560240664724,-74.16310628255206,11277.6,117.2130436744922,244.11601025012783
2024-11-20 13:43:46+00:00,FFT3378,23.114410400390625,-74.16066117720169,11277.6,117.2130436744922,244.11601025012783
2024-11-20 13:43:47+00:00,FFT3378,23.113372285487287,-74.15852864583331,11277.6,117.2130436744922,244.11601025012783
2024-11-20 13:43:48+00:00,FFT3378,23.11225891113281,-74.15616677024144,11277.6,117.2130436744922,244.11601025012783
2024-11-20 13:43:49+00:00,FFT3378,23.111251831054688,-74.15406938032669,11277.6,117.2130436744922,244.11601025012783
2024-11-20 13:43:50+00:00,FFT3378,23.11024475097656,-74.15187211470169,11277.6,117.2130436744922,244.11601025012783
2024-11-20 13:43:51+00:00,FFT3378,23.109146118164062,-74.14962491122157,11277.6,117.2130436744922,244.11601025012783
2024-11-20 13:43:52+00:00,FFT3378,23.108551025390625,-74.14837646484375,11277.6,117.2130436744922,244.11601025012783
2024-11-20 13:43:53+00:00,FFT3378,23.10704040527344,-74.14518044211644,11277.6,117.2130436744922,244.11601025012783
2024-11-20 13:43:54+00:00,FFT3378,23.1064453125,-74.14398193359375,11277.6,117.2130436744922,244.11601025012783
2024-11-20 13:43:55+00:00,FFT3378,23.10511779785156,-74.14113547585225,11277.6,117.2130436744922,244.11601025012783
2024-11-20 13:43:56+00:00,FFT3378,23.10411071777344,-74.13908802379262,11277.6,117.2130436744922,244.11601025012783
2024-11-20 13:43:57+00:00,FFT3378,23.103195190429688,-74.13714044744319,11277.6,117.2130436744922,244.11601025012783
2024-11-20 13:43:58+00:00,FFT3378,23.10218811035156,-74.13499311967325,11277.6,117.2130436744922,244.11601025012783
2024-11-20 13:43:59+00:00,FFT3378,23.10103594246557,-74.13253784179688,11277.6,117.2130436744922,244.11601025012783
2024-11-20 13:44:00+00:00,FFT3378,23.10003662109375,-74.13044877485794,11285.22,117.2130436744922,244.11601025012783
2024-11-20 13:44:01+00:00,FFT3378,23.09898376464844,-74.12825150923294,11277.6,117.2130436744922,244.11601025012783
2024-11-20 13:44:02+00:00,FFT3378,23.098010047007413,-74.12618001302081,11277.6,117.2130436744922,244.11601025012783
2024-11-20 13:44:03+00:00,FFT3378,23.09703245001324,-74.12419637044269,11277.6,117.2130436744922,244.11601025012783
2024-11-20 13:44:04+00:00,FFT3378,23.096101405256885,-74.12216186523438,11277.6,117.268363474141,243.6586224496865
2024-11-20 13:44:05+00:00,FFT3378,23.095030703787074,-74.11992390950519,11277.6,117.268363474141,243.6586224496865
2024-11-20 13:44:06+00:00,FFT3378,23.093960002317267,-74.11773681640625,11285.22,117.268363474141,243.6586224496865
2024-11-20 13:44:07+00:00,FFT3378,23.09302895756091,-74.11570231119788,11285.22,117.268363474141,243.6586224496865
2024-11-20 13:44:08+00:00,FFT3378,23.09197998046875,-74.1135697798295,11277.6,117.268363474141,243.6586224496865
2024-11-20 13:44:09+00:00,FFT3378,23.091027211334744,-74.111582438151,11277.6,117.268363474141,243.6586224496865
2024-11-20 13:44:10+00:00,FFT3378,23.08990995762712,-74.10919189453125,11277.6,117.268363474141,243.6586224496865
2024-11-20 13:44:11+00:00,FFT3378,23.088932360632946,-74.10720825195312,11277.6,117.2130436744922,244.11601025012783
2024-11-20 13:44:12+00:00,FFT3378,23.088409423828125,-74.10602916370738,11277.6,117.2130436744922,244.11601025012783
2024-11-20 13:44:13+00:00,FFT3378,23.08730303230932,-74.10380045572913,11285.22,117.2130436744922,244.11601025012783
2024-11-20 13:44:14+00:00,FFT3378,23.086371987552965,-74.10176595052081,11277.6,117.2130436744922,244.11601025012783
2024-11-20 13:44:15+00:00,FFT3378,23.085859912936968,-74.10074869791663,11277.6,117.2130436744922,244.11601025012783
2024-11-20 13:44:16+00:00,FFT3378,23.084277136851163,-74.09744262695312,11285.22,117.2130436744922,244.11601025012783
2024-11-20 13:44:17+00:00,FFT3378,23.083236694335938,-74.09524258700282,11277.6,117.2130436744922,244.11601025012783
2024-11-20 13:44:18+00:00,FFT3378,23.08236694335937,-74.0933449485085,11277.6,117.2130436744922,244.11601025012783
2024-11-20 13:44:19+00:00,FFT3378,23.081314086914062,-74.0911476828835,11277.6,117.2130436744922,244.11601025012783
2024-11-20 13:44:20+00:00,FFT3378,23.08003234863281,-74.0885009765625,11277.6,117.2130436744922,244.11601025012783
2024-11-20 13:44:21+00:00,FFT3378,23.079025268554688,-74.08635364879262,11277.6,117.2130436744922,244.11601025012783
2024-11-20 13:44:22+00:00,FFT3378,23.07801818847656,-74.08425625887782,11277.6,117.2130436744922,244.11601025012783
2024-11-20 13:44:23+00:00,FFT3378,23.07710266113281,-74.0823586203835,11277.6,117.2130436744922,244.11601025012783
2024-11-20 13:44:24+00:00,FFT3378,23.076187133789062,-74.08041104403407,11277.6,117.2130436744922,244.11601025012783
2024-11-20 13:44:25+00:00,FFT3378,23.07515289823888,-74.07821655273438,11277.6,117.2130436744922,244.11601025012783
2024-11-20 13:44:26+00:00,FFT3378,23.07408142089844,-74.07596657492894,11277.6,117.268363474141,243.6586224496865
2024-11-20 13:44:27+00:00,FFT3378,23.073074340820312,-74.07386918501419,11277.6,117.2130436744922,244.11601025012783
2024-11-20 13:44:28+00:00,FFT3378,23.072021484375,-74.07167191938919,11277.6,117.2130436744922,244.11601025012783
2024-11-20 13:44:29+00:00,FFT3378,23.070916644597457,-74.06936645507812,11277.6,117.2130436744922,244.11601025012783
2024-11-20 13:44:30+00:00,FFT3378,23.07007870431673,-74.06758626302081,11277.6,117.2130436744922,244.11601025012783
2024-11-20 13:44:31+00:00,FFT3378,23.069054555084744,-74.06545003255206,11277.6,117.2130436744922,244.11601025012783
2024-11-20 13:44:32+00:00,FFT3378,23.068130493164062,-74.06353204900569,11277.6,117.2130436744922,244.11601025012783
2024-11-20 13:44:33+00:00,FFT3378,23.0672607421875,-74.06168434836644,11277.6,117.2130436744922,244.11601025012783
2024-11-20 13:44:34+00:00,FFT3378,23.065702793961865,-74.05843098958331,11277.6,117.2130436744922,244.11601025012783
2024-11-20 13:44:35+00:00,FFT3378,23.065237271583687,-74.05741373697913,11277.6,117.2130436744922,244.11601025012783
2024-11-20 13:44:36+00:00,FFT3378,23.0643310546875,-74.0555419921875,11277.6,117.268363474141,243.6586224496865
2024-11-20 13:44:37+00:00,FFT3378,23.062774658203125,-74.05224609375,11277.6,117.268363474141,243.6586224496865
2024-11-20 13:44:38+00:00,FFT3378,23.062257928363348,-74.0511576334635,11277.6,117.268363474141,243.6586224496865
2024-11-20 13:44:39+00:00,FFT3378,23.06128033136917,-74.04912312825519,11277.6,117.268363474141,243.6586224496865
2024-11-20 13:44:40+00:00,FFT3378,23.059744107521187,-74.04586791992188,11277.6,117.268363474141,243.6586224496865
2024-11-20 13:44:41+00:00,FFT3378,23.059138928429554,-74.04464721679688,11277.6,117.268363474141,243.6586224496865
2024-11-20 13:44:42+00:00,FFT3378,23.05783546577065,-74.04184977213538,11277.6,117.268363474141,243.6586224496865
2024-11-20 13:44:43+00:00,FFT3378,23.057230286679022,-74.04062906901038,11277.6,117.268363474141,243.6586224496865
2024-11-20 13:44:44+00:00,FFT3378,23.0556009583554,-74.03722127278644,11277.6,117.268363474141,243.6586224496865
2024-11-20 13:44:45+00:00,FFT3378,23.05503845214844,-74.03606622869319,11277.6,117.268363474141,243.6586224496865
2024-11-20 13:44:46+00:00,FFT3378,23.0540181822696,-74.03391520182288,11277.6,117.268363474141,243.6586224496865
2024-11-20 13:44:47+00:00,FFT3378,23.053040585275426,-74.03188069661456,11277.6,117.268363474141,243.6586224496865
2024-11-20 13:44:48+00:00,FFT3378,23.051876779329977,-74.02943929036456,11277.6,117.268363474141,243.6586224496865
2024-11-20 13:44:49+00:00,FFT3378,23.050899182335804,-74.02740478515625,11277.6,117.268363474141,243.6586224496865
2024-11-20 13:44:50+00:00,FFT3378,23.05000305175781,-74.02547940340907,11277.6,117.37578639634036,243.8947481758331
2024-11-20 13:44:51+00:00,FFT3378,23.048850883871825,-74.0230814615885,11277.6,117.37578639634036,243.8947481758331
2024-11-20 13:44:52+00:00,FFT3378,23.04764052568856,-74.02058919270831,11277.6,117.37578639634036,243.8947481758331
2024-11-20 13:44:54+00:00,FFT3378,23.046057749602756,-74.01723225911456,11277.6,117.37578639634036,243.8947481758331
2024-11-20 13:44:55+00:00,FFT3378,23.04549912274894,-74.01606241861975,11277.6,117.37578639634036,243.8947481758331
2024-11-20 13:44:56+00:00,FFT3378,23.044102555614405,-74.01311238606769,11277.6,117.37578639634036,243.8947481758331
2024-11-20 13:44:57+00:00,FFT3378,23.042953491210938,-74.01079767400569,11277.6,117.37578639634036,243.8947481758331
2024-11-20 13:44:58+00:00,FFT3378,23.0419921875,-74.00870028409088,11277.6,117.37578639634036,243.8947481758331
2024-11-20 13:44:59+00:00,FFT3378,23.040847778320312,-74.00635320490056,11277.6,117.37578639634036,243.8947481758331
2024-11-20 13:45:00+00:00,FFT3378,23.04023871987553,-74.005126953125,11277.6,117.37578639634036,243.8947481758331
2024-11-20 13:45:01+00:00,FFT3378,23.038650512695312,-74.00175892223012,11277.6,117.37578639634036,243.8947481758331
2024-11-20 13:45:02+00:00,FFT3378,23.038190421411542,-74.00075276692706,11277.6,117.37578639634036,243.8947481758331
2024-11-20 13:45:03+00:00,FFT3378,23.036636352539062,-73.99761408025569,11277.6,117.37578639634036,243.8947481758331
2024-11-20 13:45:04+00:00,FFT3378,23.036178588867188,-73.99661532315338,11277.6,117.37578639634036,243.8947481758331
2024-11-20 13:45:05+00:00,FFT3378,23.03511797371557,-73.994394938151,11277.6,117.37578639634036,243.8947481758331
2024-11-20 13:45:06+00:00,FFT3378,23.03409382448358,-73.99225870768225,11277.6,117.37578639634036,243.8947481758331
2024-11-20 13:45:07+00:00,FFT3378,23.03320933196504,-73.99042765299475,11277.6,117.37578639634036,243.8947481758331
2024-11-20 13:45:08+00:00,FFT3378,23.032231734970868,-73.98844401041663,11277.6,117.37578639634036,243.8947481758331
2024-11-20 13:45:09+00:00,FFT3378,23.03041076660156,-73.98453036221588,11277.6,117.37578639634036,243.8947481758331
2024-11-20 13:45:10+00:00,FFT3378,23.02940368652344,-73.98253284801137,11277.6,117.37578639634036,243.8947481758331
2024-11-20 13:45:11+00:00,FFT3378,23.028414451469807,-73.98040771484375,11277.6,117.37578639634036,243.8947481758331
2024-11-20 13:45:12+00:00,FFT3378,23.02748107910156,-73.978437943892,11277.6,117.37578639634036,243.8947481758331
2024-11-20 13:45:13+00:00,FFT3378,23.026366153005824,-73.97613525390625,11277.6,117.37578639634036,243.8947481758331
2024-11-20 13:45:15+00:00,FFT3378,23.0252488992982,-73.97374471028644,11277.6,117.37578639634036,243.8947481758331
2024-11-20 13:45:16+00:00,FFT3378,23.024185180664062,-73.97154651988637,11277.6,117.37578639634036,243.8947481758331
2024-11-20 13:45:17+00:00,FFT3378,23.02310749635858,-73.96926879882812,11277.6,117.37578639634036,243.8947481758331
2024-11-20 13:45:18+00:00,FFT3378,23.02208334712659,-73.96718343098956,11277.6,117.37578639634036,243.8947481758331
2024-11-20 13:45:19+00:00,FFT3378,23.02059367551642,-73.96402994791663,11277.6,117.37578639634036,243.8947481758331
2024-11-20 13:45:20+00:00,FFT3378,23.019616078522244,-73.9620463053385,11277.6,117.37578639634036,243.8947481758331
2024-11-20 13:45:21+00:00,FFT3378,23.019195556640625,-73.96115944602269,11277.6,117.37578639634036,243.8947481758331
2024-11-20 13:45:22+00:00,FFT3378,23.017730712890625,-73.95806329900569,11277.6,117.37578639634036,243.8947481758331
2024-11-20 13:45:23+00:00,FFT3378,23.016264317399365,-73.955078125,11277.6,117.37578639634036,243.8947481758331
2024-11-20 13:45:24+00:00,FFT3378,23.01524016816737,-73.95294189453125,11277.6,117.37578639634036,243.8947481758331
2024-11-20 13:45:25+00:00,FFT3378,23.01434326171875,-73.95107199928975,11277.6,117.37578639634036,243.8947481758331
2024-11-20 13:45:26+00:00,FFT3378,23.013336181640625,-73.948974609375,11277.6,117.37578639634036,243.8947481758331
2024-11-20 13:45:27+00:00,FFT3378,23.012466430664062,-73.94707697088069,11277.6,117.37578639634036,243.8947481758331
2024-11-20 13:45:28+00:00,FFT3378,23.01146943690413,-73.94505818684894,11277.6,117.37578639634036,243.8947481758331
2024-11-20 13:45:29+00:00,FFT3378,23.01049183990996,-73.94302368164062,11277.6,117.37578639634036,243.8947481758331
2024-11-20 13:45:30+00:00,FFT3378,23.009445190429688,-73.94083473899144,11277.6,117.37578639634036,243.8947481758331
2024-11-20 13:45:31+00:00,FFT3378,23.008396989208155,-73.93864949544269,11277.6,117.37578639634036,243.8947481758331
2024-11-20 13:45:32+00:00,FFT3378,23.00738525390625,-73.93654008345169,11277.6,117.37578639634036,243.8947481758331
2024-11-20 13:45:33+00:00,FFT3378,23.006378173828125,-73.93439275568181,11277.6,117.37578639634036,243.8947481758331
2024-11-20 13:45:34+00:00,FFT3378,23.00537109375,-73.93234530362213,11277.6,117.37578639634036,243.8947481758331
2024-11-20 13:45:35+00:00,FFT3378,23.004440048993644,-73.93035888671875,11277.6,117.37578639634036,243.8947481758331
2024-11-20 13:45:36+00:00,FFT3378,23.003448486328125,-73.92830033735794,11277.6,117.37578639634036,243.8947481758331
2024-11-20 13:45:37+00:00,FFT3378,23.00239562988281,-73.92610307173294,11277.6,117.37578639634036,243.8947481758331
2024-11-20 13:45:38+00:00,FFT3378,23.001414153535485,-73.92410278320312,11277.6,117.37578639634036,243.8947481758331
2024-11-20 13:45:39+00:00,FFT3378,23.000518798828125,-73.92215798117894,11277.6,117.37578639634036,243.8947481758331
2024-11-20 13:45:40+00:00,FFT3378,22.999420166015625,-73.91986083984375,11277.6,117.37578639634036,243.8947481758331
2024-11-20 13:45:41+00:00,FFT3378,22.998550415039062,-73.9180131392045,11277.6,117.37578639634036,243.8947481758331
2024-11-20 13:45:42+00:00,FFT3378,22.99745721332097,-73.91576131184894,11277.6,117.37578639634036,243.8947481758331
2024-11-20 13:45:43+00:00,FFT3378,22.996490478515625,-73.91376842151988,11277.6,117.37578639634036,243.8947481758331
2024-11-20 13:45:44+00:00,FFT3378,22.99540891485699,-73.91153971354163,11277.6,117.37578639634036,243.8947481758331
2024-11-20 13:45:45+00:00,FFT3378,22.994431317862816,-73.90940348307288,11277.6,117.37578639634036,243.8947481758331
2024-11-20 13:45:46+00:00,FFT3378,22.993377685546875,-73.90727650035512,11277.6,117.37578639634036,243.8947481758331
2024-11-20 13:45:47+00:00,FFT3378,22.9922899149232,-73.90497843424475,11277.6,117.37578639634036,243.8947481758331
2024-11-20 13:45:48+00:00,FFT3378,22.991265765691207,-73.90289306640625,11277.6,117.37578639634036,243.8947481758331
2024-11-20 13:45:49+00:00,FFT3378,22.99017333984375,-73.90053488991475,11277.6,117.37578639634036,243.8947481758331
2024-11-20 13:45:50+00:00,FFT3378,22.98907781051377,-73.89826456705725,11277.6,117.268363474141,243.6586224496865
2024-11-20 13:45:51+00:00,FFT3378,22.98805366128178,-73.89607747395831,11277.6,117.268363474141,243.6586224496865
2024-11-20 13:45:52+00:00,FFT3378,22.987472534179688,-73.894941850142,11277.6,117.268363474141,243.6586224496865
2024-11-20 13:45:53+00:00,FFT3378,22.98647088519597,-73.89272054036456,11277.6,117.268363474141,243.6586224496865
2024-11-20 13:45:54+00:00,FFT3378,22.985366821289062,-73.89044744318181,11277.6,117.268363474141,243.6586224496865
2024-11-20 13:45:55+00:00,FFT3378,22.98432948225636,-73.88829549153644,11277.6,117.268363474141,243.6586224496865
2024-11-20 13:45:56+00:00,FFT3378,22.98335188526218,-73.88621012369788,11277.6,117.268363474141,243.6586224496865
2024-11-20 13:45:57+00:00,FFT3378,22.98228118379237,-73.88402303059894,11277.6,117.268363474141,243.6586224496865
2024-11-20 13:45:58+00:00,FFT3378,22.98138427734375,-73.88210782137782,11277.6,117.268363474141,243.6586224496865
2024-11-20 13:45:59+00:00,FFT3378,22.980377197265625,-73.88001043146306,11277.6,117.2130436744922,244.11601025012783
2024-11-20 13:46:00+00:00,FFT3378,22.978882870431672,-73.87690226236975,11277.6,117.2130436744922,244.11601025012783
2024-11-20 13:46:01+00:00,FFT3378,22.978317260742188,-73.87571577592325,11277.6,117.2130436744922,244.11601025012783
2024-11-20 13:46:02+00:00,FFT3378,22.977346646583687,-73.87369791666663,11277.6,117.2130436744922,244.11601025012783
2024-11-20 13:46:03+00:00,FFT3378,22.97683457196769,-73.87257893880206,11277.6,117.2130436744922,244.11601025012783
2024-11-20 13:46:04+00:00,FFT3378,22.975205243644066,-73.86922200520831,11277.6,117.2130436744922,244.11601025012783
2024-11-20 13:46:05+00:00,FFT3378,22.97474670410156,-73.86822509765625,11277.6,117.2130436744922,244.11601025012783
2024-11-20 13:46:06+00:00,FFT3378,22.973052978515625,-73.86467950994319,11277.6,117.2130436744922,244.11601025012783
2024-11-20 13:46:07+00:00,FFT3378,22.9720458984375,-73.86253218217325,11277.6,117.2130436744922,244.11601025012783
2024-11-20 13:46:08+00:00,FFT3378,22.97108459472656,-73.86058460582387,11277.6,117.2130436744922,244.11601025012783
2024-11-20 13:46:09+00:00,FFT3378,22.970535278320312,-73.85943603515625,11277.6,117.2130436744922,244.11601025012783
2024-11-20 13:46:10+00:00,FFT3378,22.9690137960143,-73.85625203450519,11277.6,117.32031902256116,244.3516939865871
2024-11-20 13:46:11+00:00,FFT3378,22.968521118164062,-73.85524125532669,11277.6,117.32031902256116,244.3516939865871
2024-11-20 13:46:12+00:00,FFT3378,22.967559814453125,-73.85314386541194,11277.6,117.32031902256116,244.3516939865871
2024-11-20 13:46:13+00:00,FFT3378,22.966140747070312,-73.85019753196019,11277.6,117.32031902256116,244.3516939865871
2024-11-20 13:46:14+00:00,FFT3378,22.964730990135063,-73.84724934895831,11277.6,117.32031902256116,244.3516939865871
2024-11-20 13:46:16+00:00,FFT3378,22.963753393140887,-73.84516398111975,11277.6,117.32031902256116,244.3516939865871
2024-11-20 13:46:17+00:00,FFT3378,22.96263613943326,-73.84292602539062,11277.6,117.32031902256116,244.3516939865871
2024-11-20 13:46:18+00:00,FFT3378,22.96161199020127,-73.84073893229163,11277.6,117.32031902256116,244.3516939865871
2024-11-20 13:46:19+00:00,FFT3378,22.96055603027344,-73.83856201171875,11277.6,117.32031902256116,244.3516939865871
2024-11-20 13:46:20+00:00,FFT3378,22.958908081054688,-73.83501642400569,11277.6,117.32031902256116,244.3516939865871
2024-11-20 13:46:21+00:00,FFT3378,22.957980915651483,-73.83310953776038,11277.6,117.32031902256116,244.3516939865871
2024-11-20 13:46:22+00:00,FFT3378,22.957489013671875,-73.83212002840907,11277.6,117.32031902256116,244.3516939865871
2024-11-20 13:46:24+00:00,FFT3378,22.955245971679688,-73.82737593217325,11277.6,117.32031902256116,244.3516939865871
2024-11-20 13:46:25+00:00,FFT3378,22.954117079912606,-73.8250732421875,11277.6,117.32031902256116,244.3516939865871
2024-11-20 13:46:26+00:00,FFT3378,22.952999826204977,-73.82268269856769,11277.6,117.32031902256116,244.3516939865871
2024-11-20 13:46:27+00:00,FFT3378,22.95199584960937,-73.82058438387782,11277.6,117.32031902256116,244.3516939865871
2024-11-20 13:46:28+00:00,FFT3378,22.951091184454448,-73.81871541341144,11277.6,117.32031902256116,244.3516939865871
2024-11-20 13:46:29+00:00,FFT3378,22.95002048298464,-73.8165283203125,11277.6,117.32031902256116,244.3516939865871
2024-11-20 13:46:30+00:00,FFT3378,22.94867046808792,-73.81368001302081,11277.6,117.42738725567096,244.5882326544904
2024-11-20 13:46:31+00:00,FFT3378,22.94764631885593,-73.81159464518225,11277.6,117.42738725567096,244.5882326544904
2024-11-20 13:46:32+00:00,FFT3378,22.947180796477756,-73.81057739257812,11277.6,117.42738725567096,244.5882326544904
2024-11-20 13:46:33+00:00,FFT3378,22.94597043829449,-73.80808512369788,11277.6,117.42738725567096,244.5882326544904
2024-11-20 13:46:34+00:00,FFT3378,22.945083618164062,-73.80620228160512,11277.6,117.42738725567096,244.5882326544904
2024-11-20 13:46:35+00:00,FFT3378,22.94406179654396,-73.80411783854163,11277.6,117.42738725567096,244.5882326544904
2024-11-20 13:46:36+00:00,FFT3378,22.942665229409428,-73.80116780598956,11277.6,117.42738725567096,244.5882326544904
2024-11-20 13:46:37+00:00,FFT3378,22.94160461425781,-73.79901123046875,11277.6,117.42738725567096,244.5882326544904
2024-11-20 13:46:38+00:00,FFT3378,22.940689086914062,-73.79706365411931,11277.6,117.42738725567096,244.5882326544904
2024-11-20 13:46:39+00:00,FFT3378,22.94013977050781,-73.79591508345169,11277.6,117.42738725567096,244.5882326544904
2024-11-20 13:46:40+00:00,FFT3378,22.93903415485964,-73.7935892740885,11277.6,117.42738725567096,244.5882326544904
2024-11-20 13:46:41+00:00,FFT3378,22.938056557865465,-73.79160563151038,11277.6,117.42738725567096,244.5882326544904
2024-11-20 13:46:42+00:00,FFT3378,22.9365234375,-73.78842440518463,11277.6,117.42738725567096,244.5882326544904
2024-11-20 13:46:43+00:00,FFT3378,22.936008259401483,-73.78728230794269,11277.6,117.42738725567096,244.5882326544904
2024-11-20 13:46:44+00:00,FFT3378,22.93487548828125,-73.78497869318181,11277.6,117.42738725567096,244.5882326544904
2024-11-20 13:46:45+00:00,FFT3378,22.93382030422405,-73.78280639648438,11277.6,117.42738725567096,244.5882326544904
2024-11-20 13:46:46+00:00,FFT3378,22.93288925946769,-73.78082275390625,11277.6,117.42738725567096,244.5882326544904
2024-11-20 13:46:47+00:00,FFT3378,22.932004766949152,-73.77899169921875,11277.6,117.42738725567096,244.5882326544904
2024-11-20 13:46:48+00:00,FFT3378,22.93065475205244,-73.77619425455725,11277.6,117.42738725567096,244.5882326544904
2024-11-20 13:46:49+00:00,FFT3378,22.929611206054688,-73.77399236505681,11277.6,117.42738725567096,244.5882326544904
2024-11-20 13:46:50+00:00,FFT3378,22.92919921875,-73.77314342151988,11277.6,117.42738725567096,244.5882326544904
2024-11-20 13:46:51+00:00,FFT3378,22.92814093121028,-73.771006266276,11277.6,117.42738725567096,244.5882326544904
2024-11-20 13:46:52+00:00,FFT3378,22.927116781978285,-73.76881917317706,11277.6,117.42738725567096,244.5882326544904
2024-11-20 13:46:53+00:00,FFT3378,22.925627110368115,-73.76576741536456,11277.6,117.42738725567096,244.5882326544904
2024-11-20 13:46:55+00:00,FFT3378,22.92420959472656,-73.76280628551137,11277.6,117.42738725567096,244.5882326544904
2024-11-20 13:46:56+00:00,FFT3378,22.92311328952595,-73.76057942708331,11277.6,117.42738725567096,244.5882326544904
2024-11-20 13:46:58+00:00,FFT3378,22.92123413085937,-73.75666392933238,11277.6,117.42738725567096,244.5882326544904
2024-11-20 13:46:59+00:00,FFT3378,22.919586181640625,-73.75316827947444,11277.6,117.42738725567096,244.5882326544904
2024-11-20 13:47:00+00:00,FFT3378,22.918212890625,-73.75037175958806,11277.6,117.42738725567096,244.5882326544904
2024-11-20 13:47:01+00:00,FFT3378,22.917709350585938,-73.74927312677556,11277.6,117.42738725567096,244.5882326544904
2024-11-20 13:47:02+00:00,FFT3378,22.91661071777344,-73.74692604758519,11277.6,117.42738725567096,244.5882326544904
2024-11-20 13:47:03+00:00,FFT3378,22.91599079713983,-73.74567667643225,11277.6,117.42738725567096,244.5882326544904
2024-11-20 13:47:04+00:00,FFT3378,22.914321899414062,-73.74218195134944,11277.6,117.42738725567096,244.5882326544904
2024-11-20 13:47:05+00:00,FFT3378,22.913360595703125,-73.74018443714488,11277.6,117.42738725567096,244.5882326544904
2024-11-20 13:47:06+00:00,FFT3378,22.91249084472656,-73.73838667436075,11277.6,117.42738725567096,244.5882326544904
2024-11-20 13:47:07+00:00,FFT3378,22.91143798828125,-73.73618940873575,11277.6,117.42738725567096,244.5882326544904
2024-11-20 13:47:08+00:00,FFT3378,22.910430908203125,-73.734092018821,11277.6,117.42738725567096,244.5882326544904
2024-11-20 13:47:09+00:00,FFT3378,22.909892453985695,-73.73296101888019,11277.6,117.42738725567096,244.5882326544904
2024-11-20 13:47:10+00:00,FFT3378,22.908187866210938,-73.72949773615056,11277.6,117.42738725567096,244.5882326544904
2024-11-20 13:47:11+00:00,FFT3378,22.907192424192267,-73.72731526692706,11277.6,117.42738725567096,244.5882326544904
2024-11-20 13:47:12+00:00,FFT3378,22.90607517048464,-73.72507731119788,11277.6,117.42738725567096,244.5882326544904
2024-11-20 13:47:13+00:00,FFT3378,22.905516543630824,-73.72390747070312,11277.6,117.42738725567096,244.5882326544904
2024-11-20 13:47:14+00:00,FFT3378,22.90402687202065,-73.72080485026038,11277.6,117.42738725567096,244.5882326544904
2024-11-20 13:47:15+00:00,FFT3378,22.9030958272643,-73.71882120768225,11277.6,117.42738725567096,244.5882326544904
2024-11-20 13:47:16+00:00,FFT3378,22.90205383300781,-73.71661376953125,11277.6,117.42738725567096,244.5882326544904
2024-11-20 13:47:17+00:00,FFT3378,22.901138305664062,-73.71471613103694,11277.6,117.42738725567096,244.5882326544904
2024-11-20 13:47:18+00:00,FFT3378,22.89999389648437,-73.71231911399144,11277.6,117.42738725567096,244.5882326544904
2024-11-20 13:47:19+00:00,FFT3378,22.899092334811968,-73.71053059895831,11277.6,117.42738725567096,244.5882326544904
2024-11-20 13:47:20+00:00,FFT3378,22.898117065429688,-73.70847389914769,11277.6,117.42738725567096,244.5882326544904
2024-11-20 13:47:21+00:00,FFT3378,22.89710998535156,-73.70637650923294,11277.6,117.42738725567096,244.5882326544904
2024-11-20 13:47:22+00:00,FFT3378,22.896240234375,-73.70452880859375,11277.6,117.42738725567096,244.5882326544904
2024-11-20 13:47:23+00:00,FFT3378,22.895042290121825,-73.70208740234375,11277.6,117.42738725567096,244.5882326544904
2024-11-20 13:47:24+00:00,FFT3378,22.89401814088983,-73.699951171875,11277.6,117.42738725567096,244.5882326544904
2024-11-20 13:47:25+00:00,FFT3378,22.89317321777344,-73.69818670099431,11277.6,117.42738725567096,244.5882326544904
2024-11-20 13:47:26+00:00,FFT3378,22.891830185712397,-73.69537353515625,11277.6,117.42738725567096,244.5882326544904
2024-11-20 13:47:27+00:00,FFT3378,22.89089914095604,-73.69344075520831,11277.6,117.42738725567096,244.5882326544904
2024-11-20 13:47:28+00:00,FFT3378,22.890060424804688,-73.69174471768463,11277.6,117.42738725567096,244.5882326544904
2024-11-20 13:47:29+00:00,FFT3378,22.88899049920551,-73.68942260742188,11277.6,117.42738725567096,244.5882326544904
2024-11-20 13:47:30+00:00,FFT3378,22.88804626464844,-73.6875,11277.6,117.42738725567096,244.5882326544904
2024-11-20 13:47:31+00:00,FFT3378,22.88698875297934,-73.68525187174475,11277.6,117.42738725567096,244.5882326544904
2024-11-20 13:47:32+00:00,FFT3378,22.88591805150953,-73.683115641276,11277.6,117.42738725567096,244.5882326544904
2024-11-20 13:47:33+00:00,FFT3378,22.88507080078125,-73.68130770596588,11277.6,117.42738725567096,244.5882326544904
2024-11-20 13:47:34+00:00,FFT3378,22.88392639160156,-73.67891068892044,11277.6,117.42738725567096,244.5882326544904
2024-11-20 13:47:35+00:00,FFT3378,22.88291931152344,-73.67681329900569,11277.6,117.42738725567096,244.5882326544904
2024-11-20 13:47:36+00:00,FFT3378,22.881868006819385,-73.67467244466144,11277.6,117.42738725567096,244.5882326544904
2024-11-20 13:47:37+00:00,FFT3378,22.88104248046875,-73.67291814630681,11277.6,117.42738725567096,244.5882326544904
2024-11-20 13:47:38+00:00,FFT3378,22.87998962402344,-73.67077081853694,11277.6,117.42738725567096,244.5882326544904
2024-11-20 13:47:39+00:00,FFT3378,22.878609350172137,-73.6678568522135,11277.6,117.42738725567096,244.5882326544904
2024-11-20 13:47:40+00:00,FFT3378,22.877975463867188,-73.66652610085225,11277.6,117.5342482274522,244.8256237758577
2024-11-20 13:47:41+00:00,FFT3378,22.876876831054688,-73.66432883522725,11277.6,117.5342482274522,244.8256237758577
2024-11-20 13:47:42+00:00,FFT3378,22.875909320378707,-73.66226196289062,11277.6,117.5342482274522,244.8256237758577
2024-11-20 13:47:43+00:00,FFT3378,22.874885171146715,-73.66012573242188,11277.6,117.5342482274522,244.8256237758577
2024-11-20 13:47:44+00:00,FFT3378,22.87376791743909,-73.65788777669269,11277.6,117.47869629165916,245.2819143941472
2024-11-20 13:47:45+00:00,FFT3378,22.87275695800781,-73.65578946200282,11277.6,117.37198063218038,245.04496531181175
2024-11-20 13:47:46+00:00,FFT3378,22.87181272345074,-73.653818766276,11277.6,117.37198063218038,245.04496531181175
2024-11-20 13:47:47+00:00,FFT3378,22.870880126953125,-73.65179443359375,11277.6,117.37198063218038,245.04496531181175
2024-11-20 13:47:48+00:00,FFT3378,22.86973571777344,-73.64939741654825,11277.6,117.37198063218038,245.04496531181175
2024-11-20 13:47:49+00:00,FFT3378,22.868637084960938,-73.64720015092325,11277.6,117.37198063218038,245.04496531181175
2024-11-20 13:47:50+00:00,FFT3378,22.86763000488281,-73.6451027610085,11277.6,117.37198063218038,245.04496531181175
2024-11-20 13:47:51+00:00,FFT3378,22.866668701171875,-73.64300537109375,11277.6,117.37198063218038,245.04496531181175
2024-11-20 13:47:52+00:00,FFT3378,22.86557006835937,-73.64075816761363,11277.6,117.37198063218038,245.04496531181175
2024-11-20 13:47:53+00:00,FFT3378,22.864654541015625,-73.63886052911931,11277.6,117.37198063218038,245.04496531181175
2024-11-20 13:47:54+00:00,FFT3378,22.863601684570312,-73.63661332563919,11277.6,117.37198063218038,245.04496531181175
2024-11-20 13:47:55+00:00,FFT3378,22.86268615722656,-73.63466574928975,11277.6,117.37198063218038,245.04496531181175
2024-11-20 13:47:56+00:00,FFT3378,22.86166433560646,-73.63260904947913,11277.6,117.37198063218038,245.04496531181175
2024-11-20 13:47:57+00:00,FFT3378,22.860733290850103,-73.63067626953125,11277.6,117.37198063218038,245.04496531181175
2024-11-20 13:47:58+00:00,FFT3378,22.859662589380296,-73.62843831380206,11277.6,117.37198063218038,245.04496531181175
2024-11-20 13:47:59+00:00,FFT3378,22.85870361328125,-73.626426003196,11277.6,117.37198063218038,245.04496531181175
2024-11-20 13:48:00+00:00,FFT3378,22.857707395391948,-73.62431844075519,11277.6,117.37198063218038,245.04496531181175
2024-11-20 13:48:01+00:00,FFT3378,22.85664367675781,-73.62208140980113,11277.6,117.37198063218038,245.04496531181175
2024-11-20 13:48:02+00:00,FFT3378,22.855682373046875,-73.62008389559657,11277.6,117.37198063218038,245.04496531181175
2024-11-20 13:48:03+00:00,FFT3378,22.854721069335938,-73.618086381392,11277.6,117.37198063218038,245.04496531181175
2024-11-20 13:48:04+00:00,FFT3378,22.85375045517744,-73.61607869466144,11277.6,117.37198063218038,245.04496531181175
2024-11-20 13:48:05+00:00,FFT3378,22.85281941042108,-73.6141459147135,11277.6,117.37198063218038,245.04496531181175
2024-11-20 13:48:06+00:00,FFT3378,22.85169982910156,-73.61179421164769,11277.6,117.37198063218038,245.04496531181175
2024-11-20 13:48:07+00:00,FFT3378,22.85072455971928,-73.60982259114581,11277.6,117.37198063218038,245.04496531181175
2024-11-20 13:48:08+00:00,FFT3378,22.849639892578125,-73.60754949396306,11277.6,117.37198063218038,245.04496531181175
2024-11-20 13:48:09+00:00,FFT3378,22.84858315677966,-73.6053466796875,11277.6,117.37198063218038,245.04496531181175
2024-11-20 13:48:10+00:00,FFT3378,22.847579956054688,-73.60315496271306,11277.6,117.37198063218038,245.04496531181175
2024-11-20 13:48:11+00:00,FFT3378,22.84648830607786,-73.60097249348956,11277.6,117.37198063218038,245.04496531181175
2024-11-20 13:48:12+00:00,FFT3378,22.845464156845868,-73.59878540039062,11277.6,117.37198063218038,245.04496531181175
2024-11-20 13:48:13+00:00,FFT3378,22.844467163085938,-73.59671297940338,11277.6,117.37198063218038,245.04496531181175
2024-11-20 13:48:14+00:00,FFT3378,22.843414306640625,-73.5945656516335,11277.6,117.37198063218038,245.04496531181175
2024-11-20 13:48:15+00:00,FFT3378,22.842345156912074,-73.59232584635413,11277.6,117.37198063218038,245.04496531181175
2024-11-20 13:48:16+00:00,FFT3378,22.841367559917902,-73.59029134114581,11277.6,117.37198063218038,245.04496531181175
2024-11-20 13:48:17+00:00,FFT3378,22.84039306640625,-73.58822354403407,11277.6,117.37198063218038,245.04496531181175
2024-11-20 13:48:18+00:00,FFT3378,22.839179604740465,-73.58576456705725,11277.6,117.47869629165916,245.2819143941472
2024-11-20 13:48:19+00:00,FFT3378,22.838104248046875,-73.58352938565338,11277.6,117.47869629165916,245.2819143941472
2024-11-20 13:48:20+00:00,FFT3378,22.837142944335938,-73.58148193359375,11277.6,117.37198063218038,245.04496531181175
2024-11-20 13:48:21+00:00,FFT3378,22.836153709282307,-73.57940673828125,11277.6,117.37198063218038,245.04496531181175
2024-11-20 13:48:22+00:00,FFT3378,22.83503645557468,-73.57711791992188,11277.6,117.47869629165916,245.2819143941472
2024-11-20 13:48:23+00:00,FFT3378,22.83393859863281,-73.57484019886363,11277.6,117.47869629165916,245.2819143941472
2024-11-20 13:48:24+00:00,FFT3378,22.832895052635063,-73.57269287109375,11277.6,117.47869629165916,245.2819143941472
2024-11-20 13:48:25+00:00,FFT3378,22.83192443847656,-73.57064541903407,11277.6,117.47869629165916,245.2819143941472
2024-11-20 13:48:26+00:00,FFT3378,22.83091735839844,-73.56854802911931,11277.6,117.47869629165916,245.2819143941472
2024-11-20 13:48:27+00:00,FFT3378,22.830001831054688,-73.56660045276988,11277.6,117.47869629165916,245.2819143941472
2024-11-20 13:48:28+00:00,FFT3378,22.828984664658368,-73.56450398763019,11277.6,117.47869629165916,245.2819143941472
2024-11-20 13:48:29+00:00,FFT3378,22.82798767089844,-73.56240567294032,11277.6,117.47869629165916,245.2819143941472
2024-11-20 13:48:30+00:00,FFT3378,22.8269829184322,-73.56033325195312,11277.6,117.47869629165916,245.2819143941472
2024-11-20 13:48:31+00:00,FFT3378,22.82588195800781,-73.55806107954544,11277.6,117.47869629165916,245.2819143941472
2024-11-20 13:48:32+00:00,FFT3378,22.824920654296875,-73.55606356534088,11277.6,117.47869629165916,245.2819143941472
2024-11-20 13:48:33+00:00,FFT3378,22.82382202148437,-73.55376642400569,11277.6,117.47869629165916,245.2819143941472
2024-11-20 13:48:34+00:00,FFT3378,22.822723388671875,-73.55156915838069,11277.6,117.47869629165916,245.2819143941472
2024-11-20 13:48:35+00:00,FFT3378,22.82176906779661,-73.54955037434894,11277.6,117.47869629165916,245.2819143941472
2024-11-20 13:48:36+00:00,FFT3378,22.820709228515625,-73.547324440696,11277.6,117.47869629165916,245.2819143941472
2024-11-20 13:48:37+00:00,FFT3378,22.819793701171875,-73.54547674005681,11277.6,117.47869629165916,245.2819143941472
2024-11-20 13:48:38+00:00,FFT3378,22.81878662109375,-73.54332941228694,11277.6,117.47869629165916,245.2819143941472
2024-11-20 13:48:39+00:00,FFT3378,22.817812127582098,-73.54136149088538,11277.6,117.47869629165916,245.2819143941472
2024-11-20 13:48:40+00:00,FFT3378,22.816787978350103,-73.53917439778644,11277.6,117.47869629165916,245.2819143941472
2024-11-20 13:48:41+00:00,FFT3378,22.81562805175781,-73.53673761541194,11277.6,117.47869629165916,245.2819143941472
2024-11-20 13:48:42+00:00,FFT3378,22.814712524414062,-73.53483997691762,11277.6,117.47869629165916,245.2819143941472
2024-11-20 13:48:43+00:00,FFT3378,22.81371553065413,-73.53281656901038,11277.6,117.47869629165916,245.2819143941472
2024-11-20 13:48:44+00:00,FFT3378,22.81269836425781,-73.53064519708806,11277.6,117.47869629165916,245.2819143941472
2024-11-20 13:48:45+00:00,FFT3378,22.811527575476696,-73.52828979492188,11277.6,117.47869629165916,245.2819143941472
2024-11-20 13:48:46+00:00,FFT3378,22.811050415039062,-73.52724942294032,11277.6,117.47869629165916,245.2819143941472
2024-11-20 13:48:47+00:00,FFT3378,22.809432724774894,-73.52391560872394,11277.6,117.47869629165916,245.2819143941472
2024-11-20 13:48:48+00:00,FFT3378,22.80889892578125,-73.52275501598012,11277.6,117.47869629165916,245.2819143941472
2024-11-20 13:48:49+00:00,FFT3378,22.80733787407309,-73.51959228515625,11277.6,117.47869629165916,245.2819143941472
2024-11-20 13:48:50+00:00,FFT3378,22.806825799457098,-73.51852416992188,11277.6,117.47869629165916,245.2819143941472
2024-11-20 13:48:51+00:00,FFT3378,22.805831909179688,-73.51651278409088,11277.6,117.47869629165916,245.2819143941472
2024-11-20 13:48:52+00:00,FFT3378,22.804311978614937,-73.51328531901038,11277.6,117.47869629165916,245.2819143941472
2024-11-20 13:48:53+00:00,FFT3378,22.80377197265625,-73.51221812855113,11277.6,117.47869629165916,245.2819143941472
2024-11-20 13:48:54+00:00,FFT3378,22.802215576171875,-73.50897216796875,11277.6,117.4233507071095,245.73843473444677
2024-11-20 13:48:55+00:00,FFT3378,22.80157470703125,-73.50767378373575,11277.6,117.4233507071095,245.73843473444677
2024-11-20 13:48:56+00:00,FFT3378,22.80024719238281,-73.5049272017045,11277.6,117.4233507071095,245.73843473444677
2024-11-20 13:48:57+00:00,FFT3378,22.799240112304688,-73.50282981178975,11277.6,117.4233507071095,245.73843473444677
2024-11-20 13:48:58+00:00,FFT3378,22.79830673993644,-73.50087483723956,11277.6,117.4233507071095,245.73843473444677
2024-11-20 13:48:59+00:00,FFT3378,22.797189486228813,-73.49858601888019,11277.6,117.4233507071095,245.73843473444677
2024-11-20 13:49:00+00:00,FFT3378,22.79630499371028,-73.49675496419269,11277.6,117.4233507071095,245.73843473444677
2024-11-20 13:49:01+00:00,FFT3378,22.795166015625,-73.49434037642044,11277.6,117.4233507071095,245.73843473444677
2024-11-20 13:49:03+00:00,FFT3378,22.793472290039062,-73.4908447265625,11277.6,117.4233507071095,245.73843473444677
2024-11-20 13:49:04+00:00,FFT3378,22.79241943359375,-73.4886474609375,11277.6,117.4233507071095,245.73843473444677
2024-11-20 13:49:05+00:00,FFT3378,22.791417008739405,-73.48653157552081,11277.6,117.4233507071095,245.73843473444677
2024-11-20 13:49:06+00:00,FFT3378,22.79048596398305,-73.48464965820312,11277.6,117.4233507071095,245.73843473444677
2024-11-20 13:49:07+00:00,FFT3378,22.789352416992188,-73.48230535333806,11277.6,117.4233507071095,245.73843473444677
2024-11-20 13:49:08+00:00,FFT3378,22.7882514565678,-73.47997029622394,11277.6,117.4233507071095,245.73843473444677
2024-11-20 13:49:09+00:00,FFT3378,22.78732041181144,-73.47808837890625,11277.6,117.58520560093692,245.5197127285439
2024-11-20 13:49:10+00:00,FFT3378,22.786203158103813,-73.47579956054688,11277.6,117.58520560093692,245.5197127285439
2024-11-20 13:49:11+00:00,FFT3378,22.785140991210938,-73.47356622869319,11277.6,117.58520560093692,245.5197127285439
2024-11-20 13:49:12+00:00,FFT3378,22.7840617551642,-73.47137451171875,11277.6,117.58520560093692,245.5197127285439
2024-11-20 13:49:13+00:00,FFT3378,22.782991053694385,-73.46913655598956,11277.6,117.58520560093692,245.5197127285439
2024-11-20 13:49:14+00:00,FFT3378,22.781890869140625,-73.46682461825282,11277.6,117.58520560093692,245.5197127285439
2024-11-20 13:49:15+00:00,FFT3378,22.780803098516948,-73.464609781901,11277.6,117.58520560093692,245.5197127285439
2024-11-20 13:49:16+00:00,FFT3378,22.779830932617188,-73.46257990056819,11277.6,117.58520560093692,245.5197127285439
2024-11-20 13:49:17+00:00,FFT3378,22.778708247815143,-73.4603373209635,11277.6,117.58520560093692,245.5197127285439
2024-11-20 13:49:18+00:00,FFT3378,22.778228759765625,-73.45933393998575,11277.6,117.58520560093692,245.5197127285439
2024-11-20 13:49:19+00:00,FFT3378,22.77680969238281,-73.45638760653407,11277.6,117.58520560093692,245.5197127285439
2024-11-20 13:49:20+00:00,FFT3378,22.776194426972985,-73.45509847005206,11277.6,117.58520560093692,245.5197127285439
2024-11-20 13:49:21+00:00,FFT3378,22.774751307600635,-73.4521484375,11285.22,117.58520560093692,245.5197127285439
2024-11-20 13:49:22+00:00,FFT3378,22.77382026284428,-73.45021565755206,11277.6,117.58520560093692,245.5197127285439
2024-11-20 13:49:23+00:00,FFT3378,22.772918701171875,-73.44839754971588,11277.6,117.58520560093692,245.5197127285439
2024-11-20 13:49:24+00:00,FFT3378,22.771728515625,-73.44595059481532,11285.22,117.58520560093692,245.5197127285439
2024-11-20 13:49:25+00:00,FFT3378,22.7706298828125,-73.44365345348012,11285.22,117.58520560093692,245.5197127285439
2024-11-20 13:49:26+00:00,FFT3378,22.76962280273437,-73.44150612571019,11285.22,117.58520560093692,245.5197127285439
2024-11-20 13:49:27+00:00,FFT3378,22.769027709960938,-73.4403076171875,11285.22,117.58520560093692,245.5197127285439
2024-11-20 13:49:28+00:00,FFT3378,22.76762881521451,-73.43744913736975,11285.22,117.58520560093692,245.5197127285439
2024-11-20 13:49:29+00:00,FFT3378,22.767105102539062,-73.43631258877838,11285.22,117.58520560093692,245.5197127285439
2024-11-20 13:49:30+00:00,FFT3378,22.765411376953125,-73.43291681463069,11285.22,117.58520560093692,245.5197127285439
2024-11-20 13:49:31+00:00,FFT3378,22.76499938964844,-73.43201793323863,11285.22,117.58520560093692,245.5197127285439
2024-11-20 13:49:32+00:00,FFT3378,22.763946533203125,-73.42987060546875,11285.22,117.58520560093692,245.5197127285439
2024-11-20 13:49:33+00:00,FFT3378,22.76283393471928,-73.42753092447913,11285.22,117.58520560093692,245.5197127285439
2024-11-20 13:49:35+00:00,FFT3378,22.760787963867188,-73.42332874644887,11285.22,117.58520560093692,245.5197127285439
2024-11-20 13:49:36+00:00,FFT3378,22.759689331054688,-73.42108154296875,11285.22,117.58520560093692,245.5197127285439
2024-11-20 13:49:37+00:00,FFT3378,22.75859768107786,-73.4188334147135,11285.22,117.58520560093692,245.5197127285439
2024-11-20 13:49:38+00:00,FFT3378,22.757583618164062,-73.41678688742894,11285.22,117.58520560093692,245.5197127285439
2024-11-20 13:49:39+00:00,FFT3378,22.75654938261388,-73.41461181640625,11285.22,117.58520560093692,245.5197127285439
2024-11-20 13:49:40+00:00,FFT3378,22.755386352539062,-73.41224254261363,11285.22,117.58520560093692,245.5197127285439
2024-11-20 13:49:41+00:00,FFT3378,22.754379272460938,-73.41004527698863,11285.22,117.47869629165916,245.2819143941472
2024-11-20 13:49:42+00:00,FFT3378,22.753430382680083,-73.40810139973956,11285.22,117.47869629165916,245.2819143941472
2024-11-20 13:49:43+00:00,FFT3378,22.75226657673464,-73.40565999348956,11285.22,117.47869629165916,245.2819143941472
2024-11-20 13:49:44+00:00,FFT3378,22.751220703125,-73.40350341796875,11285.22,117.47869629165916,245.2819143941472
2024-11-20 13:49:45+00:00,FFT3378,22.750030517578125,-73.40110640092325,11285.22,117.47869629165916,245.2819143941472
2024-11-20 13:49:46+00:00,FFT3378,22.749007920087397,-73.39894612630206,11285.22,117.47869629165916,245.2819143941472
2024-11-20 13:49:48+00:00,FFT3378,22.747100830078125,-73.39501398259944,11285.22,117.47869629165916,245.2819143941472
2024-11-20 13:49:50+00:00,FFT3378,22.744949340820312,-73.39056951349431,11285.22,117.47869629165916,245.2819143941472
2024-11-20 13:49:51+00:00,FFT3378,22.743933726165253,-73.38846842447913,11285.22,117.47869629165916,245.2819143941472
2024-11-20 13:49:52+00:00,FFT3378,22.743049233646715,-73.38658650716144,11285.22,117.47869629165916,245.2819143941472
2024-11-20 13:49:53+00:00,FFT3378,22.74193197993909,-73.38434855143225,11285.22,117.47869629165916,245.2819143941472
2024-11-20 13:49:54+00:00,FFT3378,22.740875244140625,-73.382080078125,11285.22,117.47869629165916,245.2819143941472
2024-11-20 13:49:55+00:00,FFT3378,22.74037170410156,-73.38103138316762,11285.22,117.58520560093692,245.5197127285439
2024-11-20 13:49:56+00:00,FFT3378,22.739273071289062,-73.3787841796875,11285.22,117.58520560093692,245.5197127285439
2024-11-20 13:49:57+00:00,FFT3378,22.738082885742188,-73.376387162642,11285.22,117.58520560093692,245.5197127285439
2024-11-20 13:49:58+00:00,FFT3378,22.737075805664062,-73.37428977272725,11285.22,117.58520560093692,245.5197127285439
2024-11-20 13:49:59+00:00,FFT3378,22.73652648925781,-73.3730912642045,11277.6,117.58520560093692,245.5197127285439
2024-11-20 13:50:00+00:00,FFT3378,22.735382080078125,-73.37074418501419,11277.6,117.58520560093692,245.5197127285439
2024-11-20 13:50:01+00:00,FFT3378,22.733924995034428,-73.36776733398438,11277.6,117.58520560093692,245.5197127285439
2024-11-20 13:50:02+00:00,FFT3378,22.73277282714844,-73.365400834517,11277.6,117.58520560093692,245.5197127285439
2024-11-20 13:50:03+00:00,FFT3378,22.73164393538136,-73.363037109375,11285.22,117.58520560093692,245.5197127285439
2024-11-20 13:50:04+00:00,FFT3378,22.730619786149365,-73.36095174153644,11285.22,117.58520560093692,245.5197127285439
2024-11-20 13:50:05+00:00,FFT3378,22.730209350585938,-73.36000754616475,11285.22,117.58520560093692,245.5197127285439
2024-11-20 13:50:06+00:00,FFT3378,22.72875769663665,-73.35708618164062,11277.6,117.58520560093692,245.5197127285439
2024-11-20 13:50:07+00:00,FFT3378,22.728286743164062,-73.356162331321,11277.6,117.58520560093692,245.5197127285439
2024-11-20 13:50:08+00:00,FFT3378,22.72645568847656,-73.35231711647725,11285.22,117.58520560093692,245.5197127285439
2024-11-20 13:50:09+00:00,FFT3378,22.725871457891948,-73.35113525390625,11277.6,117.58520560093692,245.5197127285439
2024-11-20 13:50:10+00:00,FFT3378,22.72484730865996,-73.34904988606769,11285.22,117.58520560093692,245.5197127285439
2024-11-20 13:50:11+00:00,FFT3378,22.7237548828125,-73.3467240767045,11277.6,117.58520560093692,245.5197127285439
2024-11-20 13:50:12+00:00,FFT3378,22.72320556640625,-73.34567538174713,11285.22,117.58520560093692,245.5197127285439
2024-11-20 13:50:13+00:00,FFT3378,22.72163520425053,-73.34238688151038,11277.6,117.58520560093692,245.5197127285439
2024-11-20 13:50:14+00:00,FFT3378,22.72121623411017,-73.34147135416663,11285.22,117.58520560093692,245.5197127285439
2024-11-20 13:50:15+00:00,FFT3378,22.71954345703125,-73.33808482776988,11285.22,117.58520560093692,245.5197127285439
2024-11-20 13:50:16+00:00,FFT3378,22.718536376953125,-73.33603737571019,11277.6,117.58520560093692,245.5197127285439
2024-11-20 13:50:17+00:00,FFT3378,22.7181437864142,-73.33516438802081,11285.22,117.58520560093692,245.5197127285439
2024-11-20 13:50:18+00:00,FFT3378,22.717073084944385,-73.33297729492188,11285.22,117.58520560093692,245.5197127285439
2024-11-20 13:50:19+00:00,FFT3378,22.71600238347457,-73.33073933919269,11285.22,117.58520560093692,245.5197127285439
2024-11-20 13:50:20+00:00,FFT3378,22.71446615962659,-73.32763671875,11285.22,117.58520560093692,245.5197127285439
2024-11-20 13:50:21+00:00,FFT3378,22.7134420103946,-73.32555135091144,11285.22,117.58520560093692,245.5197127285439
2024-11-20 13:50:22+00:00,FFT3378,22.713043212890625,-73.32465154474431,11277.6,117.58520560093692,245.5197127285439
2024-11-20 13:50:23+00:00,FFT3378,22.71209199549788,-73.32275390625,11277.6,117.58520560093692,245.5197127285439
2024-11-20 13:50:24+00:00,FFT3378,22.71089172363281,-73.32020707563919,11277.6,117.58520560093692,245.5197127285439
2024-11-20 13:50:25+00:00,FFT3378,22.70933532714844,-73.317060990767,11277.6,117.58520560093692,245.5197127285439
2024-11-20 13:50:26+00:00,FFT3378,22.70892644332627,-73.31619262695312,11285.22,117.58520560093692,245.5197127285439
2024-11-20 13:50:27+00:00,FFT3378,22.70790229409428,-73.31405639648438,11277.6,117.58520560093692,245.5197127285439
2024-11-20 13:50:28+00:00,FFT3378,22.706319518008478,-73.310801188151,11277.6,117.58520560093692,245.5197127285439
2024-11-20 13:50:29+00:00,FFT3378,22.705352783203125,-73.30877130681819,11285.22,117.58520560093692,245.5197127285439
2024-11-20 13:50:30+00:00,FFT3378,22.7039794921875,-73.30592484907669,11277.6,117.58520560093692,245.5197127285439
2024-11-20 13:50:31+00:00,FFT3378,22.70301430912341,-73.30393473307288,11277.6,117.47869629165916,245.2819143941472
2024-11-20 13:50:32+00:00,FFT3378,22.70240913003178,-73.30271402994788,11277.6,117.47869629165916,245.2819143941472
2024-11-20 13:50:33+00:00,FFT3378,22.701828002929688,-73.30153031782669,11277.6,117.47869629165916,245.2819143941472
2024-11-20 13:50:34+00:00,FFT3378,22.700180053710938,-73.29813454367894,11277.6,117.47869629165916,245.2819143941472
2024-11-20 13:50:35+00:00,FFT3378,22.69919702562235,-73.29605102539062,11285.22,117.47869629165916,245.2819143941472
2024-11-20 13:50:36+00:00,FFT3378,22.69830322265625,-73.294189453125,11277.6,117.47869629165916,245.2819143941472
2024-11-20 13:50:37+00:00,FFT3378,22.697195279396187,-73.2918802897135,11277.6,117.47869629165916,245.2819143941472
2024-11-20 13:50:38+00:00,FFT3378,22.695785522460938,-73.28899591619319,11277.6,117.47869629165916,245.2819143941472
2024-11-20 13:50:39+00:00,FFT3378,22.694914219743115,-73.28715006510413,11277.6,117.47869629165916,245.2819143941472
2024-11-20 13:50:40+00:00,FFT3378,22.69402972722457,-73.28531901041663,11277.6,117.47869629165916,245.2819143941472
2024-11-20 13:50:41+00:00,FFT3378,22.692959025754767,-73.28313191731769,11277.6,117.47869629165916,245.2819143941472
2024-11-20 13:50:42+00:00,FFT3378,22.692074533236227,-73.28135172526038,11277.6,117.47869629165916,245.2819143941472
2024-11-20 13:50:43+00:00,FFT3378,22.69111633300781,-73.279258034446,11277.6,117.47869629165916,245.2819143941472
2024-11-20 13:50:44+00:00,FFT3378,22.689971923828125,-73.27696089311075,11277.6,117.47869629165916,245.2819143941472
2024-11-20 13:50:45+00:00,FFT3378,22.68910217285156,-73.27511319247157,11277.6,117.47869629165916,245.2819143941472
2024-11-20 13:50:46+00:00,FFT3378,22.688117593021715,-73.27306111653644,11277.6,117.47869629165916,245.2819143941472
2024-11-20 13:50:47+00:00,FFT3378,22.686996459960938,-73.27081853693181,11277.6,117.47869629165916,245.2819143941472
2024-11-20 13:50:48+00:00,FFT3378,22.68598937988281,-73.268721147017,11277.6,117.47869629165916,245.2819143941472
2024-11-20 13:50:49+00:00,FFT3378,22.684579622947563,-73.26573689778644,11277.6,117.4233507071095,245.73843473444677
2024-11-20 13:50:50+00:00,FFT3378,22.683609008789062,-73.26367742365056,11277.6,117.4233507071095,245.73843473444677
2024-11-20 13:50:51+00:00,FFT3378,22.68310546875,-73.26262872869319,11277.6,117.4233507071095,245.73843473444677
2024-11-20 13:50:52+00:00,FFT3378,22.6820068359375,-73.26043146306819,11277.6,117.4233507071095,245.73843473444677
2024-11-20 13:50:53+00:00,FFT3378,22.680529578257413,-73.25729370117188,11277.6,117.4233507071095,245.73843473444677
2024-11-20 13:50:54+00:00,FFT3378,22.67999267578125,-73.2561867453835,11277.6,117.4233507071095,245.73843473444677
2024-11-20 13:50:55+00:00,FFT3378,22.679039906647244,-73.25424194335938,11277.6,117.4233507071095,245.73843473444677
2024-11-20 13:50:56+00:00,FFT3378,22.677474975585938,-73.25099320845169,11277.6,117.4233507071095,245.73843473444677
2024-11-20 13:50:57+00:00,FFT3378,22.676559448242188,-73.24909556995738,11277.6,117.4233507071095,245.73843473444677
2024-11-20 13:50:58+00:00,FFT3378,22.675408832097457,-73.2467142740885,11277.6,117.4233507071095,245.73843473444677
2024-11-20 13:50:59+00:00,FFT3378,22.674989861957098,-73.24579874674475,11277.6,117.4233507071095,245.73843473444677
2024-11-20 13:51:00+00:00,FFT3378,22.673812866210938,-73.24335271661931,11277.6,117.4233507071095,245.73843473444677
2024-11-20 13:51:01+00:00,FFT3378,22.6728515625,-73.24140514026988,11277.6,117.4233507071095,245.73843473444677
2024-11-20 13:51:03+00:00,FFT3378,22.670700073242188,-73.23696067116475,11277.6,117.4233507071095,245.73843473444677
2024-11-20 13:51:04+00:00,FFT3378,22.669692993164062,-73.23481334339488,11277.6,117.4233507071095,245.73843473444677
2024-11-20 13:51:05+00:00,FFT3378,22.66865875761388,-73.23272705078125,11277.6,117.4233507071095,245.73843473444677
2024-11-20 13:51:06+00:00,FFT3378,22.66754150390625,-73.23038736979163,11277.6,117.4233507071095,245.73843473444677
2024-11-20 13:51:07+00:00,FFT3378,22.6666259765625,-73.22852117365056,11277.6,117.4233507071095,245.73843473444677
2024-11-20 13:51:08+00:00,FFT3378,22.66566467285156,-73.226523659446,11277.6,117.4233507071095,245.73843473444677
2024-11-20 13:51:09+00:00,FFT3378,22.664655265161542,-73.22438557942706,11277.6,117.4233507071095,245.73843473444677
2024-11-20 13:51:10+00:00,FFT3378,22.66367766816737,-73.2223002115885,11277.6,117.4233507071095,245.73843473444677
2024-11-20 13:51:11+00:00,FFT3378,22.662506103515625,-73.21998180042613,11277.6,117.4233507071095,245.73843473444677
2024-11-20 13:51:12+00:00,FFT3378,22.661361694335938,-73.21758478338069,11277.6,117.4233507071095,245.73843473444677
2024-11-20 13:51:13+00:00,FFT3378,22.66032590704449,-73.21548461914062,11277.6,117.4233507071095,245.73843473444677
2024-11-20 13:51:14+00:00,FFT3378,22.659347534179688,-73.21339000355113,11277.6,117.4233507071095,245.73843473444677
2024-11-20 13:51:15+00:00,FFT3378,22.65838623046875,-73.21139248934657,11277.6,117.47869629165916,245.2819143941472
2024-11-20 13:51:16+00:00,FFT3378,22.657346563824152,-73.209228515625,11277.6,117.47869629165916,245.2819143941472
2024-11-20 13:51:17+00:00,FFT3378,22.656417846679688,-73.20729758522725,11277.6,117.47869629165916,245.2819143941472
2024-11-20 13:51:18+00:00,FFT3378,22.655181884765625,-73.20480069247157,11277.6,117.58520560093692,245.5197127285439
2024-11-20 13:51:19+00:00,FFT3378,22.65399480270127,-73.20231119791663,11277.6,117.58520560093692,245.5197127285439
2024-11-20 13:51:20+00:00,FFT3378,22.6534423828125,-73.20120516690338,11277.6,117.58520560093692,245.5197127285439
2024-11-20 13:51:21+00:00,FFT3378,22.65229797363281,-73.19885808771306,11277.6,117.58520560093692,245.5197127285439
2024-11-20 13:51:22+00:00,FFT3378,22.6512016684322,-73.19661458333331,11277.6,117.58520560093692,245.5197127285439
2024-11-20 13:51:23+00:00,FFT3378,22.650130966962397,-73.19432576497394,11277.6,117.58520560093692,245.5197127285439
2024-11-20 13:51:24+00:00,FFT3378,22.64873439982786,-73.19147745768225,11277.6,117.58520560093692,245.5197127285439
2024-11-20 13:51:25+00:00,FFT3378,22.648222325211865,-73.19040934244788,11277.6,117.58520560093692,245.5197127285439
2024-11-20 13:51:26+00:00,FFT3378,22.64730834960937,-73.18857088955963,11277.6,117.58520560093692,245.5197127285439
2024-11-20 13:51:27+00:00,FFT3378,22.64630126953125,-73.18642356178975,11277.6,117.58520560093692,245.5197127285439
2024-11-20 13:51:28+00:00,FFT3378,22.644744873046875,-73.1832275390625,11277.6,117.58520560093692,245.5197127285439
2024-11-20 13:51:29+00:00,FFT3378,22.644195556640625,-73.18212890625,11277.6,117.58520560093692,245.5197127285439
2024-11-20 13:51:30+00:00,FFT3378,22.64268493652344,-73.17898282137782,11277.6,117.58520560093692,245.5197127285439
2024-11-20 13:51:31+00:00,FFT3378,22.64217053429555,-73.17789713541663,11277.6,117.58520560093692,245.5197127285439
2024-11-20 13:51:32+00:00,FFT3378,22.64114638506356,-73.17586263020831,11277.6,117.58520560093692,245.5197127285439
2024-11-20 13:51:33+00:00,FFT3378,22.640168788069385,-73.17377726236975,11277.6,117.64090179786923,245.06386487339745
2024-11-20 13:51:34+00:00,FFT3378,22.63902282714844,-73.17144220525569,11277.6,117.64090179786923,245.06386487339745
2024-11-20 13:51:35+00:00,FFT3378,22.6380615234375,-73.16949462890625,11277.6,117.64090179786923,245.06386487339745
2024-11-20 13:51:36+00:00,FFT3378,22.63691711425781,-73.16714754971588,11277.6,117.64090179786923,245.06386487339745
2024-11-20 13:51:37+00:00,FFT3378,22.635910034179688,-73.165000221946,11277.6,117.64090179786923,245.06386487339745
2024-11-20 13:51:38+00:00,FFT3378,22.634765625,-73.16270308061075,11277.6,117.64090179786923,245.06386487339745
2024-11-20 13:51:39+00:00,FFT3378,22.63374457925053,-73.16060384114581,11277.6,117.64090179786923,245.06386487339745
2024-11-20 13:51:40+00:00,FFT3378,22.632614135742188,-73.15830854936075,11277.6,117.64090179786923,245.06386487339745
2024-11-20 13:51:41+00:00,FFT3378,22.631649728548727,-73.15622965494788,11277.6,117.64090179786923,245.06386487339745
2024-11-20 13:51:42+00:00,FFT3378,22.630672131554554,-73.154296875,11277.6,117.64090179786923,245.06386487339745
2024-11-20 13:51:43+00:00,FFT3378,22.62969453456038,-73.15226236979163,11277.6,117.64090179786923,245.06386487339745
2024-11-20 13:51:44+00:00,FFT3378,22.628716937566207,-73.15022786458331,11277.6,117.64090179786923,245.06386487339745
2024-11-20 13:51:45+00:00,FFT3378,22.62762451171875,-73.14802135120738,11277.6,117.64090179786923,245.06386487339745
2024-11-20 13:51:46+00:00,FFT3378,22.626617431640625,-73.14592396129262,11277.6,117.64090179786923,245.06386487339745
2024-11-20 13:51:47+00:00,FFT3378,22.6255513853946,-73.14376831054688,11277.6,117.64090179786923,245.06386487339745
2024-11-20 13:51:48+00:00,FFT3378,22.62451171875,-73.14162930575282,11277.6,117.74734783317876,245.3029534705892
2024-11-20 13:51:49+00:00,FFT3378,22.62359619140625,-73.13969930013019,11277.6,117.64090179786923,245.06386487339745
2024-11-20 13:51:50+00:00,FFT3378,22.62257204217426,-73.13756306966144,11277.6,117.64090179786923,245.06386487339745
2024-11-20 13:51:51+00:00,FFT3378,22.62139892578125,-73.13523726029825,11277.6,117.64090179786923,245.06386487339745
2024-11-20 13:51:52+00:00,FFT3378,22.620346069335938,-73.13303999467325,11277.6,117.64090179786923,245.06386487339745
2024-11-20 13:51:53+00:00,FFT3378,22.619384765625,-73.13104248046875,11277.6,117.64090179786923,245.06386487339745
2024-11-20 13:51:54+00:00,FFT3378,22.61833578853284,-73.12896728515625,11277.6,117.64090179786923,245.06386487339745
2024-11-20 13:51:55+00:00,FFT3378,22.61726508706303,-73.12667846679688,11277.6,117.64090179786923,245.06386487339745
2024-11-20 13:51:56+00:00,FFT3378,22.6160888671875,-73.12430087002838,11277.6,117.64090179786923,245.06386487339745
2024-11-20 13:51:57+00:00,FFT3378,22.61512756347656,-73.12235329367894,11277.6,117.64090179786923,245.06386487339745
2024-11-20 13:51:58+00:00,FFT3378,22.6145650572696,-73.12123616536456,11277.6,117.64090179786923,245.06386487339745
2024-11-20 13:51:59+00:00,FFT3378,22.61298228118379,-73.11798095703125,11277.6,117.64090179786923,245.06386487339745
2024-11-20 13:52:00+00:00,FFT3378,22.61201477050781,-73.11596124822444,11277.6,117.64090179786923,245.06386487339745
2024-11-20 13:52:01+00:00,FFT3378,22.61107363943326,-73.11396280924475,11277.6,117.64090179786923,245.06386487339745
2024-11-20 13:52:02+00:00,FFT3378,22.61004638671875,-73.11191628196019,11277.6,117.74734783317876,245.3029534705892
2024-11-20 13:52:03+00:00,FFT3378,22.609164997682733,-73.11009724934894,11277.6,117.74734783317876,245.3029534705892
2024-11-20 13:52:04+00:00,FFT3378,22.607986450195312,-73.10767156427556,11277.6,117.74734783317876,245.3029534705892
2024-11-20 13:52:05+00:00,FFT3378,22.606842041015625,-73.10532448508519,11277.6,117.74734783317876,245.3029534705892
2024-11-20 13:52:06+00:00,FFT3378,22.605880737304688,-73.10332697088069,11277.6,117.74734783317876,245.3029534705892
2024-11-20 13:52:07+00:00,FFT3378,22.60525460970604,-73.10201009114581,11277.6,117.74734783317876,245.3029534705892
2024-11-20 13:52:08+00:00,FFT3378,22.60418701171875,-73.09993119673294,11277.6,117.74734783317876,245.3029534705892
2024-11-20 13:52:09+00:00,FFT3378,22.60308837890625,-73.09763405539769,11277.6,117.74734783317876,245.3029534705892
2024-11-20 13:52:10+00:00,FFT3378,22.60267639160156,-73.09673517400569,11277.6,117.74734783317876,245.3029534705892
2024-11-20 13:52:11+00:00,FFT3378,22.601204565015887,-73.09377034505206,11277.6,117.74734783317876,245.3029534705892
2024-11-20 13:52:12+00:00,FFT3378,22.5999755859375,-73.09124200994319,11277.6,117.74734783317876,245.3029534705892
2024-11-20 13:52:13+00:00,FFT3378,22.59956359863281,-73.09034312855113,11277.6,117.74734783317876,245.3029534705892
2024-11-20 13:52:14+00:00,FFT3378,22.597824096679688,-73.08684747869319,11277.6,117.74734783317876,245.3029534705892
2024-11-20 13:52:15+00:00,FFT3378,22.5967821024232,-73.084716796875,11277.6,117.74734783317876,245.3029534705892
2024-11-20 13:52:16+00:00,FFT3378,22.595711400953387,-73.08247884114581,11277.6,117.74734783317876,245.3029534705892
2024-11-20 13:52:17+00:00,FFT3378,22.59466552734375,-73.0804054953835,11277.6,117.74734783317876,245.3029534705892
2024-11-20 13:52:18+00:00,FFT3378,22.59370422363281,-73.07840798117894,11277.6,117.74734783317876,245.3029534705892
2024-11-20 13:52:19+00:00,FFT3378,22.592697143554688,-73.07631059126419,11277.6,117.74734783317876,245.3029534705892
2024-11-20 13:52:20+00:00,FFT3378,22.591598510742188,-73.07411332563919,11277.6,117.74734783317876,245.3029534705892
2024-11-20 13:52:21+00:00,FFT3378,22.590545654296875,-73.07186612215907,11277.6,117.74734783317876,245.3029534705892
2024-11-20 13:52:22+00:00,FFT3378,22.58949279785156,-73.06971879438919,11277.6,117.74734783317876,245.3029534705892
2024-11-20 13:52:23+00:00,FFT3378,22.58848571777344,-73.0676713423295,11277.6,117.74734783317876,245.3029534705892
2024-11-20 13:52:24+00:00,FFT3378,22.587478637695312,-73.06562389026988,11277.6,117.74734783317876,245.3029534705892
2024-11-20 13:52:25+00:00,FFT3378,22.586471557617188,-73.06357643821019,11277.6,117.74734783317876,245.3029534705892
2024-11-20 13:52:26+00:00,FFT3378,22.585372924804688,-73.06132923473012,11277.6,117.74734783317876,245.3029534705892
2024-11-20 13:52:27+00:00,FFT3378,22.584352654925848,-73.05923461914062,11277.6,117.74734783317876,245.3029534705892
2024-11-20 13:52:28+00:00,FFT3378,22.58342161016949,-73.05730183919269,11277.6,117.74734783317876,245.3029534705892
2024-11-20 13:52:29+00:00,FFT3378,22.58235090869968,-73.05511474609375,11277.6,117.74734783317876,245.3029534705892
2024-11-20 13:52:30+00:00,FFT3378,22.581419863943324,-73.053232828776,11277.6,117.74734783317876,245.3029534705892
2024-11-20 13:52:31+00:00,FFT3378,22.580474853515625,-73.051191850142,11277.6,117.74734783317876,245.3029534705892
2024-11-20 13:52:32+00:00,FFT3378,22.57937156547934,-73.04901123046875,11277.6,117.74734783317876,245.3029534705892
2024-11-20 13:52:33+00:00,FFT3378,22.57834741624735,-73.046875,11277.6,117.74734783317876,245.3029534705892
2024-11-20 13:52:34+00:00,FFT3378,22.57708740234375,-73.04435036399144,11277.6,117.74734783317876,245.3029534705892
2024-11-20 13:52:35+00:00,FFT3378,22.57606635659428,-73.042246500651,11277.6,117.74734783317876,245.3029534705892
2024-11-20 13:52:36+00:00,FFT3378,22.574902550648837,-73.03985595703125,11277.6,117.74734783317876,245.3029534705892
2024-11-20 13:52:37+00:00,FFT3378,22.57434392379502,-73.03868611653644,11277.6,117.74734783317876,245.3029534705892
2024-11-20 13:52:38+00:00,FFT3378,22.573013305664062,-73.03591086647725,11277.6,117.74734783317876,245.3029534705892
2024-11-20 13:52:39+00:00,FFT3378,22.57191467285156,-73.03371360085225,11277.6,117.74734783317876,245.3029534705892
2024-11-20 13:52:40+00:00,FFT3378,22.570899058196503,-73.03156534830725,11277.6,117.74734783317876,245.3029534705892
2024-11-20 13:52:41+00:00,FFT3378,22.5703125,-73.03041770241475,11277.6,117.69150842396492,245.75835784976667
2024-11-20 13:52:42+00:00,FFT3378,22.569223177635063,-73.0282084147135,11277.6,117.69150842396492,245.75835784976667
2024-11-20 13:52:43+00:00,FFT3378,22.56806945800781,-73.02577348188919,11277.6,117.69150842396492,245.75835784976667
2024-11-20 13:52:44+00:00,FFT3378,22.56675590903072,-73.0230712890625,11277.6,117.69150842396492,245.75835784976667
2024-11-20 13:52:45+00:00,FFT3378,22.565643310546875,-73.02087957208806,11277.6,117.69150842396492,245.75835784976667
2024-11-20 13:52:46+00:00,FFT3378,22.565126580707098,-73.01976521809894,11277.6,117.69150842396492,245.75835784976667
2024-11-20 13:52:47+00:00,FFT3378,22.56414898371292,-73.01773071289062,11277.6,117.69150842396492,245.75835784976667
2024-11-20 13:52:48+00:00,FFT3378,22.562896728515625,-73.01523659446019,11277.6,117.74734783317876,245.3029534705892
2024-11-20 13:52:49+00:00,FFT3378,22.561981201171875,-73.01333895596588,11277.6,117.74734783317876,245.3029534705892
2024-11-20 13:52:50+00:00,FFT3378,22.561076536016948,-73.011474609375,11277.6,117.69150842396492,245.75835784976667
2024-11-20 13:52:51+00:00,FFT3378,22.56001281738281,-73.00924405184657,11277.6,117.69150842396492,245.75835784976667
2024-11-20 13:52:52+00:00,FFT3378,22.5589599609375,-73.00709672407669,11277.6,117.69150842396492,245.75835784976667
2024-11-20 13:52:53+00:00,FFT3378,22.55805064055879,-73.00521850585938,11277.6,117.58520560093692,245.5197127285439
2024-11-20 13:52:54+00:00,FFT3378,22.556933386851163,-73.0029296875,11277.6,117.58520560093692,245.5197127285439
2024-11-20 13:52:55+00:00,FFT3378,22.555435180664062,-72.99985573508519,11277.6,117.58520560093692,245.5197127285439
2024-11-20 13:52:56+00:00,FFT3378,22.554466118246825,-72.99784342447913,11277.6,117.58520560093692,245.5197127285439
2024-11-20 13:52:57+00:00,FFT3378,22.553970336914062,-72.99685946377838,11277.6,117.58520560093692,245.5197127285439
2024-11-20 13:52:58+00:00,FFT3378,22.5523247153072,-72.993418375651,11277.6,117.58520560093692,245.5197127285439
2024-11-20 13:52:59+00:00,FFT3378,22.551773071289062,-72.99236505681819,11277.6,117.58520560093692,245.5197127285439
2024-11-20 13:53:00+00:00,FFT3378,22.55069538698358,-72.99006144205725,11277.6,117.58520560093692,245.5197127285439
2024-11-20 13:53:01+00:00,FFT3378,22.549575805664062,-72.98777077414769,11277.6,117.58520560093692,245.5197127285439
2024-11-20 13:53:02+00:00,FFT3378,22.548614501953125,-72.98582319779825,11277.6,117.58520560093692,245.5197127285439
2024-11-20 13:53:03+00:00,FFT3378,22.547515869140625,-72.98352605646306,11277.6,117.58520560093692,245.5197127285439
2024-11-20 13:53:04+00:00,FFT3378,22.546463012695312,-72.98142866654825,11277.6,117.58520560093692,245.5197127285439
2024-11-20 13:53:05+00:00,FFT3378,22.54541015625,-72.97923140092325,11277.6,117.58520560093692,245.5197127285439
2024-11-20 13:53:06+00:00,FFT3378,22.54431773040254,-72.97698974609375,11277.6,117.58520560093692,245.5197127285439
2024-11-20 13:53:07+00:00,FFT3378,22.54329358117055,-72.974853515625,11277.6,117.58520560093692,245.5197127285439
2024-11-20 13:53:08+00:00,FFT3378,22.542251586914062,-72.97268954190338,11277.6,117.58520560093692,245.5197127285439
2024-11-20 13:53:09+00:00,FFT3378,22.54124528270657,-72.97063191731769,11277.6,117.58520560093692,245.5197127285439
2024-11-20 13:53:10+00:00,FFT3378,22.540054321289062,-72.96824507279825,11277.6,117.58520560093692,245.5197127285439
2024-11-20 13:53:11+00:00,FFT3378,22.539230346679688,-72.96654718572444,11277.6,117.58520560093692,245.5197127285439
2024-11-20 13:53:12+00:00,FFT3378,22.538818359375,-72.96564830433238,11277.6,117.69150842396492,245.75835784976667
2024-11-20 13:53:13+00:00,FFT3378,22.537399291992188,-72.96275190873575,11277.6,117.69150842396492,245.75835784976667
2024-11-20 13:53:14+00:00,FFT3378,22.53640384997352,-72.96071370442706,11277.6,117.69150842396492,245.75835784976667
2024-11-20 13:53:15+00:00,FFT3378,22.5350538350768,-72.95796712239581,11277.6,117.69150842396492,245.75835784976667
2024-11-20 13:53:16+00:00,FFT3378,22.534469604492188,-72.956709428267,11277.6,117.74734783317876,245.3029534705892
2024-11-20 13:53:17+00:00,FFT3378,22.532867431640625,-72.9534135298295,11277.6,117.74734783317876,245.3029534705892
2024-11-20 13:53:18+00:00,FFT3378,22.532260700807733,-72.9522705078125,11277.6,117.74734783317876,245.3029534705892
2024-11-20 13:53:19+00:00,FFT3378,22.531082153320312,-72.94981800426137,11277.6,117.74734783317876,245.3029534705892
2024-11-20 13:53:20+00:00,FFT3378,22.53016585010593,-72.94794718424475,11277.6,117.74734783317876,245.3029534705892
2024-11-20 13:53:21+00:00,FFT3378,22.529205322265625,-72.9459228515625,11277.6,117.74734783317876,245.3029534705892
2024-11-20 13:53:22+00:00,FFT3378,22.5282572083554,-72.9439798990885,11277.6,117.74734783317876,245.3029534705892
2024-11-20 13:53:23+00:00,FFT3378,22.52705383300781,-72.94157825816762,11277.6,117.74734783317876,245.3029534705892
2024-11-20 13:53:24+00:00,FFT3378,22.526092529296875,-72.93958074396306,11277.6,117.74734783317876,245.3029534705892
2024-11-20 13:53:25+00:00,FFT3378,22.524998551708155,-72.93736775716144,11277.6,117.74734783317876,245.3029534705892
2024-11-20 13:53:26+00:00,FFT3378,22.523849487304688,-72.93498646129262,11277.6,117.74734783317876,245.3029534705892
2024-11-20 13:53:27+00:00,FFT3378,22.5234375,-72.93413751775569,11277.6,117.85358620588777,245.54288709176564
2024-11-20 13:53:28+00:00,FFT3378,22.521743774414062,-72.93074174360794,11277.6,117.85358620588777,245.54288709176564
2024-11-20 13:53:29+00:00,FFT3378,22.520622641353285,-72.92841593424475,11277.6,117.85358620588777,245.54288709176564
2024-11-20 13:53:30+00:00,FFT3378,22.51950538764565,-72.92617797851562,11277.6,117.85358620588777,245.54288709176564
2024-11-20 13:53:31+00:00,FFT3378,22.518434686175848,-72.92394002278644,11277.6,117.85358620588777,245.54288709176564
2024-11-20 13:53:32+00:00,FFT3378,22.517486572265625,-72.92200261896306,11277.6,117.85358620588777,245.54288709176564
2024-11-20 13:53:33+00:00,FFT3378,22.516525268554688,-72.92005504261363,11277.6,117.85358620588777,245.54288709176564
2024-11-20 13:53:34+00:00,FFT3378,22.51551818847656,-72.91800759055394,11277.6,117.85358620588777,245.54288709176564
2024-11-20 13:53:35+00:00,FFT3378,22.51451110839844,-72.91601007634944,11277.6,117.85358620588777,245.54288709176564
2024-11-20 13:53:36+00:00,FFT3378,22.51336669921875,-72.91361305930394,11277.6,117.85358620588777,245.54288709176564
2024-11-20 13:53:37+00:00,FFT3378,22.51231384277344,-72.91146573153407,11277.6,117.85358620588777,245.54288709176564
2024-11-20 13:53:38+00:00,FFT3378,22.511306762695312,-72.9094682173295,11277.6,117.85358620588777,245.54288709176564
2024-11-20 13:53:39+00:00,FFT3378,22.510162353515625,-72.90712113813919,11277.6,117.85358620588777,245.54288709176564
2024-11-20 13:53:40+00:00,FFT3378,22.50903113413665,-72.90476481119788,11277.6,117.85358620588777,245.54288709176564
2024-11-20 13:53:41+00:00,FFT3378,22.5084228515625,-72.903525612571,11277.6,117.74734783317876,245.3029534705892
2024-11-20 13:53:42+00:00,FFT3378,22.507003784179688,-72.90062921697444,11277.6,117.74734783317876,245.3029534705892
2024-11-20 13:53:44+00:00,FFT3378,22.505447387695312,-72.89743319424713,11277.6,117.74734783317876,245.3029534705892
2024-11-20 13:53:45+00:00,FFT3378,22.50442246259269,-72.89535522460938,11277.6,117.74734783317876,245.3029534705892
2024-11-20 13:53:46+00:00,FFT3378,22.503025895458155,-72.89250691731769,11277.6,117.74734783317876,245.3029534705892
2024-11-20 13:53:47+00:00,FFT3378,22.5020948507018,-72.89057413736975,11277.6,117.74734783317876,245.3029534705892
2024-11-20 13:53:48+00:00,FFT3378,22.50097759699417,-72.88828531901038,11277.6,117.74734783317876,245.3029534705892
2024-11-20 13:53:49+00:00,FFT3378,22.50013965671345,-72.88655598958331,11277.6,117.74734783317876,245.3029534705892
2024-11-20 13:53:50+00:00,FFT3378,22.498992919921875,-72.88424960049713,11277.6,117.74734783317876,245.3029534705892
2024-11-20 13:53:51+00:00,FFT3378,22.498184462725103,-72.88253784179688,11277.6,117.74734783317876,245.3029534705892
2024-11-20 13:53:52+00:00,FFT3378,22.49702065677966,-72.88014729817706,11277.6,117.74734783317876,245.3029534705892
2024-11-20 13:53:53+00:00,FFT3378,22.496089612023304,-72.87826538085938,11277.6,117.74734783317876,245.3029534705892
2024-11-20 13:53:54+00:00,FFT3378,22.49511201502913,-72.87628173828125,11277.6,117.74734783317876,245.3029534705892
2024-11-20 13:53:55+00:00,FFT3378,22.49409484863281,-72.87421209161931,11277.6,117.74734783317876,245.3029534705892
2024-11-20 13:53:56+00:00,FFT3378,22.492924059851696,-72.87185668945312,11277.6,117.74734783317876,245.3029534705892
2024-11-20 13:53:57+00:00,FFT3378,22.491853358381885,-72.86966959635413,11277.6,117.74734783317876,245.3029534705892
2024-11-20 13:53:58+00:00,FFT3378,22.49064300019862,-72.86717732747394,11277.6,117.74734783317876,245.3029534705892
2024-11-20 13:53:59+00:00,FFT3378,22.48956298828125,-72.86497358842325,11277.6,117.74734783317876,245.3029534705892
2024-11-20 13:54:00+00:00,FFT3378,22.48868780621028,-72.8631591796875,11277.6,117.74734783317876,245.3029534705892
2024-11-20 13:54:01+00:00,FFT3378,22.48757055250265,-72.86087036132812,11277.6,117.74734783317876,245.3029534705892
2024-11-20 13:54:02+00:00,FFT3378,22.486587524414062,-72.8589311079545,11277.6,117.74734783317876,245.3029534705892
2024-11-20 13:54:03+00:00,FFT3378,22.485708462989937,-72.8570556640625,11277.6,117.74734783317876,245.3029534705892
2024-11-20 13:54:04+00:00,FFT3378,22.484619140625,-72.85488614169032,11277.6,117.74734783317876,245.3029534705892
2024-11-20 13:54:05+00:00,FFT3378,22.48375326900159,-72.85308837890625,11277.6,117.80339490602786,244.84778294898325
2024-11-20 13:54:06+00:00,FFT3378,22.4827291197696,-72.85100301106769,11277.6,117.80339490602786,244.84778294898325
2024-11-20 13:54:07+00:00,FFT3378,22.4813232421875,-72.84814453125,11277.6,117.80339490602786,244.84778294898325
2024-11-20 13:54:08+00:00,FFT3378,22.480728149414062,-72.84689608487213,11277.6,117.80339490602786,244.84778294898325
2024-11-20 13:54:09+00:00,FFT3378,22.479610119835804,-72.84464518229163,11285.22,117.80339490602786,244.84778294898325
2024-11-20 13:54:10+00:00,FFT3378,22.478585970603813,-72.84250895182288,11285.22,117.80339490602786,244.84778294898325
2024-11-20 13:54:11+00:00,FFT3378,22.47743225097656,-72.84020441228694,11277.6,117.80339490602786,244.84778294898325
2024-11-20 13:54:12+00:00,FFT3378,22.47651672363281,-72.83835671164769,11285.22,117.80339490602786,244.84778294898325
2024-11-20 13:54:13+00:00,FFT3378,22.475373866194385,-72.83599853515625,11277.6,117.80339490602786,244.84778294898325
2024-11-20 13:54:14+00:00,FFT3378,22.474365234375,-72.83391224254262,11285.22,117.69680553095098,244.6082494527222
2024-11-20 13:54:15+00:00,FFT3378,22.473403930664062,-72.83196466619319,11285.22,117.69680553095098,244.6082494527222
2024-11-20 13:54:16+00:00,FFT3378,22.47235107421875,-72.82981733842325,11277.6,117.69680553095098,244.6082494527222
2024-11-20 13:54:17+00:00,FFT3378,22.47127726926642,-72.82755533854163,11285.22,117.69680553095098,244.6082494527222
2024-11-20 13:54:18+00:00,FFT3378,22.470253120034428,-72.82552083333331,11277.6,117.69680553095098,244.6082494527222
2024-11-20 13:54:19+00:00,FFT3378,22.46923828125,-72.82342529296875,11285.22,117.69680553095098,244.6082494527222
2024-11-20 13:54:20+00:00,FFT3378,22.46829792604608,-72.82150268554688,11285.22,117.69680553095098,244.6082494527222
2024-11-20 13:54:21+00:00,FFT3378,22.467320329051905,-72.8194681803385,11277.6,117.69680553095098,244.6082494527222
2024-11-20 13:54:22+00:00,FFT3378,22.466342732057733,-72.81753540039062,11285.22,117.69680553095098,244.6082494527222
2024-11-20 13:54:23+00:00,FFT3378,22.465301513671875,-72.81533536044032,11285.22,117.69680553095098,244.6082494527222
2024-11-20 13:54:24+00:00,FFT3378,22.463922015691207,-72.8125,11285.22,117.69680553095098,244.6082494527222
2024-11-20 13:54:25+00:00,FFT3378,22.46331683659957,-72.81133015950519,11277.6,117.69680553095098,244.6082494527222
2024-11-20 13:54:26+00:00,FFT3378,22.461827164989405,-72.80817667643225,11285.22,117.69680553095098,244.6082494527222
2024-11-20 13:54:27+00:00,FFT3378,22.46126853813559,-72.80710856119788,11285.22,117.69680553095098,244.6082494527222
2024-11-20 13:54:28+00:00,FFT3378,22.46029094114142,-72.80507405598956,11285.22,117.69680553095098,244.6082494527222
2024-11-20 13:54:29+00:00,FFT3378,22.459213256835938,-72.80285089666194,11285.22,117.69680553095098,244.6082494527222
2024-11-20 13:54:30+00:00,FFT3378,22.458102985963983,-72.80059814453125,11285.22,117.69680553095098,244.6082494527222
2024-11-20 13:54:31+00:00,FFT3378,22.457125388969807,-72.79856363932288,11285.22,117.69680553095098,244.6082494527222
2024-11-20 13:54:32+00:00,FFT3378,22.456147791975635,-72.79652913411456,11285.22,117.69680553095098,244.6082494527222
2024-11-20 13:54:33+00:00,FFT3378,22.45517019498146,-72.79454549153644,11277.6,117.69680553095098,244.6082494527222
2024-11-20 13:54:34+00:00,FFT3378,22.453857421875,-72.79186456853694,11285.22,117.69680553095098,244.6082494527222
2024-11-20 13:54:35+00:00,FFT3378,22.452896118164062,-72.7899169921875,11285.22,117.69680553095098,244.6082494527222
2024-11-20 13:54:36+00:00,FFT3378,22.451980590820312,-72.78801935369319,11285.22,117.69680553095098,244.6082494527222
2024-11-20 13:54:37+00:00,FFT3378,22.450840836864405,-72.78569539388019,11277.6,117.69680553095098,244.6082494527222
2024-11-20 13:54:38+00:00,FFT3378,22.4498291015625,-72.78357488458806,11277.6,117.69680553095098,244.6082494527222
2024-11-20 13:54:39+00:00,FFT3378,22.448606329449152,-72.78111775716144,11277.6,117.69680553095098,244.6082494527222
2024-11-20 13:54:40+00:00,FFT3378,22.44758218021716,-72.77903238932288,11277.6,117.69680553095098,244.6082494527222
2024-11-20 13:54:41+00:00,FFT3378,22.446578979492188,-72.77693314985794,11277.6,117.69680553095098,244.6082494527222
2024-11-20 13:54:42+00:00,FFT3378,22.445526123046875,-72.77483575994319,11277.6,117.59000756565815,244.36956416639973
2024-11-20 13:54:43+00:00,FFT3378,22.44451904296875,-72.77273837002838,11277.6,117.59000756565815,244.36956416639973
2024-11-20 13:54:44+00:00,FFT3378,22.4434855832892,-72.77058919270831,11277.6,117.59000756565815,244.36956416639973
2024-11-20 13:54:45+00:00,FFT3378,22.4425048828125,-72.76854359019887,11277.6,117.59000756565815,244.36956416639973
2024-11-20 13:54:46+00:00,FFT3378,22.441623493776483,-72.76677449544269,11277.6,117.59000756565815,244.36956416639973
2024-11-20 13:54:47+00:00,FFT3378,22.440692449020126,-72.76479085286456,11277.6,117.59000756565815,244.36956416639973
2024-11-20 13:54:48+00:00,FFT3378,22.440216064453125,-72.76384943181819,11277.6,117.5342482274522,244.8256237758577
2024-11-20 13:54:49+00:00,FFT3378,22.438225180415785,-72.75975545247394,11277.6,117.5342482274522,244.8256237758577
2024-11-20 13:54:50+00:00,FFT3378,22.437759658037606,-72.75873819986975,11277.6,117.5342482274522,244.8256237758577
2024-11-20 13:54:51+00:00,FFT3378,22.4366455078125,-72.75645862926137,11277.6,117.5342482274522,244.8256237758577
2024-11-20 13:54:52+00:00,FFT3378,22.435592651367188,-72.75436123934657,11277.6,117.5342482274522,244.8256237758577
2024-11-20 13:54:53+00:00,FFT3378,22.43421936035156,-72.75146484375,11277.6,117.69680553095098,244.6082494527222
2024-11-20 13:54:54+00:00,FFT3378,22.43319753873146,-72.74937947591144,11277.6,117.69680553095098,244.6082494527222
2024-11-20 13:54:55+00:00,FFT3378,22.43263891187765,-72.74826049804688,11277.6,117.69680553095098,244.6082494527222
2024-11-20 13:54:56+00:00,FFT3378,22.432080285023837,-72.74709065755206,11277.6,117.69680553095098,244.6082494527222
2024-11-20 13:54:57+00:00,FFT3378,22.430328369140625,-72.743574662642,11277.6,117.69680553095098,244.6082494527222
2024-11-20 13:54:58+00:00,FFT3378,22.429275512695312,-72.741377397017,11277.6,117.69680553095098,244.6082494527222
2024-11-20 13:54:59+00:00,FFT3378,22.42817687988281,-72.73913019353694,11277.6,117.69680553095098,244.6082494527222
2024-11-20 13:55:00+00:00,FFT3378,22.427192300052965,-72.73712158203125,11277.6,117.69680553095098,244.6082494527222
2024-11-20 13:55:01+00:00,FFT3378,22.42621470305879,-72.73508707682288,11277.6,117.69680553095098,244.6082494527222
2024-11-20 13:55:02+00:00,FFT3378,22.42515563964844,-72.73293789950282,11277.6,117.69680553095098,244.6082494527222
2024-11-20 13:55:03+00:00,FFT3378,22.424285888671875,-72.73114013671875,11277.6,117.69680553095098,244.6082494527222
2024-11-20 13:55:04+00:00,FFT3378,22.423095703125,-72.72872924804688,11277.6,117.69680553095098,244.6082494527222
2024-11-20 13:55:05+00:00,FFT3378,22.42222595214844,-72.72684548117894,11277.6,117.69680553095098,244.6082494527222
2024-11-20 13:55:06+00:00,FFT3378,22.421745688228285,-72.72593180338538,11277.6,117.69680553095098,244.6082494527222
2024-11-20 13:55:07+00:00,FFT3378,22.42016291214248,-72.72267659505206,11277.6,117.69680553095098,244.6082494527222
2024-11-20 13:55:08+00:00,FFT3378,22.419185315148304,-72.72069295247394,11277.6,117.69680553095098,244.6082494527222
2024-11-20 13:55:09+00:00,FFT3378,22.418673240532307,-72.71967569986975,11277.6,117.80339490602786,244.84778294898325
2024-11-20 13:55:10+00:00,FFT3378,22.417090464446503,-72.71642049153644,11277.6,117.80339490602786,244.84778294898325
2024-11-20 13:55:11+00:00,FFT3378,22.41595458984375,-72.714111328125,11277.6,117.80339490602786,244.84778294898325
2024-11-20 13:55:12+00:00,FFT3378,22.41480940479343,-72.71174112955725,11277.6,117.80339490602786,244.84778294898325
2024-11-20 13:55:13+00:00,FFT3378,22.413645598847985,-72.7093505859375,11277.6,117.80339490602786,244.84778294898325
2024-11-20 13:55:14+00:00,FFT3378,22.413162231445312,-72.70836847478694,11277.6,117.80339490602786,244.84778294898325
2024-11-20 13:55:15+00:00,FFT3378,22.41156005859375,-72.70517245205963,11277.6,117.80339490602786,244.84778294898325
2024-11-20 13:55:16+00:00,FFT3378,22.41073608398437,-72.70342462713069,11277.6,117.80339490602786,244.84778294898325
2024-11-20 13:55:17+00:00,FFT3378,22.4095458984375,-72.70102761008519,11277.6,117.80339490602786,244.84778294898325
2024-11-20 13:55:18+00:00,FFT3378,22.408905029296875,-72.69977916370738,11277.6,117.80339490602786,244.84778294898325
2024-11-20 13:55:19+00:00,FFT3378,22.407966225834212,-72.69775390625,11277.6,117.85965069524228,244.3928475915959
2024-11-20 13:55:20+00:00,FFT3378,22.40684509277344,-72.69553444602269,11277.6,117.85965069524228,244.3928475915959
2024-11-20 13:55:21+00:00,FFT3378,22.40547180175781,-72.69273792613637,11277.6,117.80339490602786,244.84778294898325
2024-11-20 13:55:22+00:00,FFT3378,22.40496826171875,-72.69168923117894,11277.6,117.80339490602786,244.84778294898325
2024-11-20 13:55:23+00:00,FFT3378,22.40377652443061,-72.68931070963538,11277.6,117.80339490602786,244.84778294898325
2024-11-20 13:55:24+00:00,FFT3378,22.402659270722985,-72.68707275390625,11277.6,117.80339490602786,244.84778294898325
2024-11-20 13:55:25+00:00,FFT3378,22.401580810546875,-72.68484774502838,11277.6,117.80339490602786,244.84778294898325
2024-11-20 13:55:26+00:00,FFT3378,22.400390625,-72.68245072798294,11277.6,117.80339490602786,244.84778294898325
2024-11-20 13:55:27+00:00,FFT3378,22.399307509600103,-72.68020629882812,11277.6,117.80339490602786,244.84778294898325
2024-11-20 13:55:28+00:00,FFT3378,22.398283360368115,-72.67807006835938,11277.6,117.80339490602786,244.84778294898325
2024-11-20 13:55:30+00:00,FFT3378,22.396224975585938,-72.6739113547585,11269.98,117.80339490602786,244.84778294898325
2024-11-20 13:55:31+00:00,FFT3378,22.395117808196503,-72.67166137695312,11277.6,117.80339490602786,244.84778294898325
2024-11-20 13:55:32+00:00,FFT3378,22.394652285818324,-72.67074584960938,11277.6,117.80339490602786,244.84778294898325
2024-11-20 13:55:33+00:00,FFT3378,22.393112182617188,-72.66756924715907,11277.6,117.80339490602786,244.84778294898325
2024-11-20 13:55:34+00:00,FFT3378,22.39204536050053,-72.6654052734375,11277.6,117.80339490602786,244.84778294898325
2024-11-20 13:55:35+00:00,FFT3378,22.391207420219807,-72.66372680664062,11277.6,117.80339490602786,244.84778294898325
2024-11-20 13:55:36+00:00,FFT3378,22.39013671875,-72.66157670454544,11277.6,117.80339490602786,244.84778294898325
2024-11-20 13:55:37+00:00,FFT3378,22.389175415039062,-72.65952925248575,11277.6,117.80339490602786,244.84778294898325
2024-11-20 13:55:38+00:00,FFT3378,22.38812255859375,-72.65738192471588,11277.6,117.85965069524228,244.3928475915959
2024-11-20 13:55:39+00:00,FFT3378,22.387064271054022,-72.655283610026,11277.6,117.85965069524228,244.3928475915959
2024-11-20 13:55:40+00:00,FFT3378,22.385971069335938,-72.653037331321,11277.6,117.85965069524228,244.3928475915959
2024-11-20 13:55:41+00:00,FFT3378,22.384918212890625,-72.65089000355113,11277.6,117.85965069524228,244.3928475915959
2024-11-20 13:55:42+00:00,FFT3378,22.3839111328125,-72.64884255149144,11277.6,117.85965069524228,244.3928475915959
2024-11-20 13:55:43+00:00,FFT3378,22.3828125,-72.64664528586644,11277.6,117.85965069524228,244.3928475915959
2024-11-20 13:55:44+00:00,FFT3378,22.381759643554688,-72.64449795809657,11277.6,117.85965069524228,244.3928475915959
2024-11-20 13:55:45+00:00,FFT3378,22.380733166710804,-72.64241536458331,11277.6,117.85965069524228,244.3928475915959
2024-11-20 13:55:46+00:00,FFT3378,22.379653930664062,-72.64015336470169,11277.6,117.85965069524228,244.3928475915959
2024-11-20 13:55:47+00:00,FFT3378,22.37873142048464,-72.63829549153644,11277.6,117.85965069524228,244.3928475915959
2024-11-20 13:55:48+00:00,FFT3378,22.378097534179688,-72.63705721768463,11277.6,117.85965069524228,244.3928475915959
2024-11-20 13:55:49+00:00,FFT3378,22.37659001754502,-72.6339213053385,11277.6,117.85965069524228,244.3928475915959
2024-11-20 13:55:50+00:00,FFT3378,22.37557983398437,-72.63186368075282,11277.6,117.85965069524228,244.3928475915959
2024-11-20 13:55:51+00:00,FFT3378,22.375007241459212,-72.63076782226562,11277.6,117.85965069524228,244.3928475915959
2024-11-20 13:55:52+00:00,FFT3378,22.3736572265625,-72.62797037760413,11277.6,117.85965069524228,244.3928475915959
2024-11-20 13:55:53+00:00,FFT3378,22.372604370117188,-72.62587113813919,11277.6,117.85965069524228,244.3928475915959
2024-11-20 13:55:54+00:00,FFT3378,22.37151582362288,-72.62364705403644,11277.6,117.80339490602786,244.84778294898325
2024-11-20 13:55:55+00:00,FFT3378,22.370538226628707,-72.62166341145831,11277.6,117.80339490602786,244.84778294898325
2024-11-20 13:55:56+00:00,FFT3378,22.36944580078125,-72.61947909268463,11277.6,117.80339490602786,244.84778294898325
2024-11-20 13:55:57+00:00,FFT3378,22.368896484375,-72.61828058416194,11277.6,117.80339490602786,244.84778294898325
2024-11-20 13:55:58+00:00,FFT3378,22.36732612221928,-72.61515299479163,11277.6,117.80339490602786,244.84778294898325
2024-11-20 13:55:59+00:00,FFT3378,22.366348525225103,-72.6131693522135,11277.6,117.80339490602786,244.84778294898325
2024-11-20 13:56:00+00:00,FFT3378,22.36546403270657,-72.611338297526,11277.6,117.80339490602786,244.84778294898325
2024-11-20 13:56:01+00:00,FFT3378,22.364486435712397,-72.60935465494788,11277.6,117.80339490602786,244.84778294898325
2024-11-20 13:56:02+00:00,FFT3378,22.3634033203125,-72.60709450461644,11277.6,117.80339490602786,244.84778294898325
2024-11-20 13:56:03+00:00,FFT3378,22.362251928297137,-72.60477701822913,11277.6,117.80339490602786,244.84778294898325
2024-11-20 13:56:04+00:00,FFT3378,22.3612060546875,-72.60265003551137,11277.6,117.80339490602786,244.84778294898325
2024-11-20 13:56:05+00:00,FFT3378,22.36029673430879,-72.60080973307288,11277.6,117.80339490602786,244.84778294898325
2024-11-20 13:56:06+00:00,FFT3378,22.359146118164062,-72.59845525568181,11277.6,117.80339490602786,244.84778294898325
2024-11-20 13:56:07+00:00,FFT3378,22.35815533136917,-72.59638468424475,11277.6,117.90977556578032,245.08816216822453
2024-11-20 13:56:08+00:00,FFT3378,22.35704040527344,-72.59421053799713,11277.6,117.90977556578032,245.08816216822453
2024-11-20 13:56:09+00:00,FFT3378,22.355987548828125,-72.59206321022725,11277.6,117.90977556578032,245.08816216822453
2024-11-20 13:56:10+00:00,FFT3378,22.355026245117188,-72.59011563387782,11277.6,117.90977556578032,245.08816216822453
2024-11-20 13:56:11+00:00,FFT3378,22.35411071777344,-72.5882179953835,11277.6,117.90977556578032,245.08816216822453
2024-11-20 13:56:12+00:00,FFT3378,22.353057861328125,-72.58607066761363,11277.6,117.90977556578032,245.08816216822453
2024-11-20 13:56:13+00:00,FFT3378,22.35205698821504,-72.58412679036456,11277.6,117.90977556578032,245.08816216822453
2024-11-20 13:56:14+00:00,FFT3378,22.351079391220868,-72.58209228515625,11277.6,117.90977556578032,245.08816216822453
2024-11-20 13:56:15+00:00,FFT3378,22.349869033037606,-72.57965087890625,11277.6,117.90977556578032,245.08816216822453
2024-11-20 13:56:16+00:00,FFT3378,22.34893798828125,-72.5777689615885,11277.6,117.90977556578032,245.08816216822453
2024-11-20 13:56:17+00:00,FFT3378,22.34791383904926,-72.57568359375,11277.6,117.90977556578032,245.08816216822453
2024-11-20 13:56:18+00:00,FFT3378,22.346936242055083,-72.57369995117188,11277.6,117.90977556578032,245.08816216822453
2024-11-20 13:56:19+00:00,FFT3378,22.345916748046875,-72.57158868963069,11277.6,117.90977556578032,245.08816216822453
2024-11-20 13:56:20+00:00,FFT3378,22.344772338867188,-72.56924161044032,11277.6,117.90977556578032,245.08816216822453
2024-11-20 13:56:21+00:00,FFT3378,22.343719482421875,-72.56719415838069,11277.6,117.90977556578032,245.08816216822453
2024-11-20 13:56:22+00:00,FFT3378,22.342513779462397,-72.564697265625,11277.6,117.90977556578032,245.08816216822453
2024-11-20 13:56:23+00:00,FFT3378,22.34197998046875,-72.5635986328125,11277.6,117.90977556578032,245.08816216822453
2024-11-20 13:56:24+00:00,FFT3378,22.340512033236227,-72.56057739257812,11277.6,117.90977556578032,245.08816216822453
2024-11-20 13:56:25+00:00,FFT3378,22.339599609375,-72.55870472301137,11277.6,117.90977556578032,245.08816216822453
2024-11-20 13:56:26+00:00,FFT3378,22.338463734772244,-72.55645751953125,11277.6,117.90977556578032,245.08816216822453
2024-11-20 13:56:27+00:00,FFT3378,22.337532690015887,-72.55452473958331,11277.6,117.90977556578032,245.08816216822453
2024-11-20 13:56:28+00:00,FFT3378,22.33653259277344,-72.55256236683238,11277.6,117.90977556578032,245.08816216822453
2024-11-20 13:56:29+00:00,FFT3378,22.335479736328125,-72.5504150390625,11277.6,117.90977556578032,245.08816216822453
2024-11-20 13:56:30+00:00,FFT3378,22.334518432617188,-72.54846746271306,11277.6,117.90977556578032,245.08816216822453
2024-11-20 13:56:31+00:00,FFT3378,22.33352919756356,-72.54638671875,11277.6,117.90977556578032,245.08816216822453
2024-11-20 13:56:32+00:00,FFT3378,22.33236694335937,-72.54407293146306,11277.6,117.90977556578032,245.08816216822453
2024-11-20 13:56:33+00:00,FFT3378,22.33140563964844,-72.5420754172585,11277.6,117.80339490602786,244.84778294898325
2024-11-20 13:56:34+00:00,FFT3378,22.33031709315413,-72.53987630208331,11277.6,117.80339490602786,244.84778294898325
2024-11-20 13:56:35+00:00,FFT3378,22.329153287208687,-72.53753662109375,11277.6,117.80339490602786,244.84778294898325
2024-11-20 13:56:36+00:00,FFT3378,22.32856750488281,-72.53628262606532,11277.6,117.80339490602786,244.84778294898325
2024-11-20 13:56:37+00:00,FFT3378,22.327560424804688,-72.53428511186075,11277.6,117.80339490602786,244.84778294898325
2024-11-20 13:56:38+00:00,FFT3378,22.325912475585938,-72.53093927556819,11277.6,117.80339490602786,244.84778294898325
2024-11-20 13:56:39+00:00,FFT3378,22.325408935546875,-72.52984064275569,11277.6,117.80339490602786,244.84778294898325
2024-11-20 13:56:40+00:00,FFT3378,22.324870481329448,-72.52873738606769,11277.6,117.80339490602786,244.84778294898325
2024-11-20 13:56:41+00:00,FFT3378,22.32389288433528,-72.52675374348956,11277.6,117.80339490602786,244.84778294898325
2024-11-20 13:56:42+00:00,FFT3378,22.32277563062765,-72.52451578776038,11277.6,117.90977556578032,245.08816216822453
2024-11-20 13:56:44+00:00,FFT3378,22.319796287407307,-72.51846313476562,11277.6,117.90977556578032,245.08816216822453
2024-11-20 13:56:46+00:00,FFT3378,22.31784109341896,-72.51449584960938,11277.6,117.90977556578032,245.08816216822453
2024-11-20 13:56:50+00:00,FFT3378,22.31383760096663,-72.50630696614584,11277.6,117.90977556578032,245.08816216822453
2024-11-20 13:56:52+00:00,FFT3378,22.3116496457892,-72.50193277994792,11277.6,117.90977556578032,245.08816216822453
2024-11-20 13:56:54+00:00,FFT3378,22.30950824284957,-72.4975077311198,11277.6,117.90977556578032,245.08816216822453
2024-11-20 13:56:55+00:00,FFT3378,22.3090427204714,-72.49659220377605,11277.6,117.90977556578032,245.08816216822453
2024-11-20 13:56:56+00:00,FFT3378,22.307413392147776,-72.49333699544269,11277.6,117.90977556578032,245.08816216822453
2024-11-20 13:56:57+00:00,FFT3378,22.306528899629235,-72.49155680338538,11277.6,117.90977556578032,245.08816216822453
2024-11-20 13:56:58+00:00,FFT3378,22.30536509368379,-72.48916625976562,11277.6,117.90977556578032,245.08816216822453
2024-11-20 13:56:59+00:00,FFT3378,22.304901123046875,-72.48819247159088,11277.6,117.90977556578032,245.08816216822453
2024-11-20 13:57:00+00:00,FFT3378,22.304387496689618,-72.48713175455725,11277.6,117.90977556578032,245.08816216822453
2024-11-20 13:57:01+00:00,FFT3378,22.30317713850636,-72.4847412109375,11277.6,117.90977556578032,245.08816216822453
2024-11-20 13:57:03+00:00,FFT3378,22.301101684570312,-72.48050204190338,11277.6,117.90977556578032,245.08816216822453
2024-11-20 13:57:04+00:00,FFT3378,22.29926675052966,-72.47675577799475,11277.6,117.90977556578032,245.08816216822453
2024-11-20 13:57:05+00:00,FFT3378,22.29824260129767,-72.47472127278644,11277.6,117.90977556578032,245.08816216822453
2024-11-20 13:57:06+00:00,FFT3378,22.29717189982786,-72.47258504231769,11277.6,117.90977556578032,245.08816216822453
2024-11-20 13:57:07+00:00,FFT3378,22.29634094238281,-72.47091397372157,11277.6,117.90977556578032,245.08816216822453
2024-11-20 13:57:08+00:00,FFT3378,22.295333862304688,-72.46881658380681,11277.6,117.90977556578032,245.08816216822453
2024-11-20 13:57:09+00:00,FFT3378,22.29428100585937,-72.46666925603694,11277.6,117.90977556578032,245.08816216822453
2024-11-20 13:57:10+00:00,FFT3378,22.293182373046875,-72.464521928267,11277.6,117.90977556578032,245.08816216822453
2024-11-20 13:57:11+00:00,FFT3378,22.29223736261917,-72.46256510416663,11277.6,117.90977556578032,245.08816216822453
2024-11-20 13:57:12+00:00,FFT3378,22.291166661149365,-72.4603271484375,11277.6,118.01594739134543,245.3293846244712
2024-11-20 13:57:13+00:00,FFT3378,22.290206909179688,-72.45842950994319,11277.6,118.01594739134543,245.3293846244712
2024-11-20 13:57:14+00:00,FFT3378,22.28915405273437,-72.45628218217325,11277.6,117.90977556578032,245.08816216822453
2024-11-20 13:57:15+00:00,FFT3378,22.288101196289062,-72.4541847922585,11277.6,117.90977556578032,245.08816216822453
2024-11-20 13:57:16+00:00,FFT3378,22.2870700642214,-72.45208740234375,11277.6,117.90977556578032,245.08816216822453
2024-11-20 13:57:17+00:00,FFT3378,22.28594970703125,-72.4497902610085,11277.6,117.90977556578032,245.08816216822453
2024-11-20 13:57:18+00:00,FFT3378,22.284942626953125,-72.44779274680394,11277.6,118.01594739134543,245.3293846244712
2024-11-20 13:57:19+00:00,FFT3378,22.283843994140625,-72.44549560546875,11277.6,118.01594739134543,245.3293846244712
2024-11-20 13:57:20+00:00,FFT3378,22.282699584960938,-72.44324840198863,11277.6,118.01594739134543,245.3293846244712
2024-11-20 13:57:21+00:00,FFT3378,22.28169250488281,-72.44120094992894,11277.6,118.01594739134543,245.3293846244712
2024-11-20 13:57:22+00:00,FFT3378,22.280593872070312,-72.43895374644887,11277.6,118.01594739134543,245.3293846244712
2024-11-20 13:57:23+00:00,FFT3378,22.279541015625,-72.43680641867894,11277.6,118.01594739134543,245.3293846244712
2024-11-20 13:57:24+00:00,FFT3378,22.278457900225103,-72.43464152018225,11277.6,118.01594739134543,245.3293846244712
2024-11-20 13:57:25+00:00,FFT3378,22.27743530273437,-72.43261163884944,11277.6,118.01594739134543,245.3293846244712
2024-11-20 13:57:26+00:00,FFT3378,22.276382446289062,-72.43041437322444,11277.6,118.01594739134543,245.3293846244712
2024-11-20 13:57:27+00:00,FFT3378,22.27538545252913,-72.42843627929688,11277.6,117.90977556578032,245.08816216822453
2024-11-20 13:57:28+00:00,FFT3378,22.2744140625,-72.42646928267044,11277.6,117.90977556578032,245.08816216822453
2024-11-20 13:57:29+00:00,FFT3378,22.27381896972656,-72.42527077414769,11277.6,117.90977556578032,245.08816216822453
2024-11-20 13:57:30+00:00,FFT3378,22.27230834960937,-72.42222456498575,11277.6,117.90977556578032,245.08816216822453
2024-11-20 13:57:31+00:00,FFT3378,22.2713819600768,-72.4202982584635,11277.6,118.01594739134543,245.3293846244712
2024-11-20 13:57:32+00:00,FFT3378,22.270171601893537,-72.41795857747394,11277.6,118.01594739134543,245.3293846244712
2024-11-20 13:57:33+00:00,FFT3378,22.269607543945312,-72.41678133877838,11277.6,118.07248693585296,244.875344
2024-11-20 13:57:34+00:00,FFT3378,22.268096923828125,-72.41373512961644,11277.6,118.07248693585296,244.875344
2024-11-20 13:57:35+00:00,FFT3378,22.26708984375,-72.41168767755681,11277.6,118.07248693585296,244.875344
2024-11-20 13:57:36+00:00,FFT3378,22.266036987304688,-72.409590287642,11277.6,118.07248693585296,244.875344
2024-11-20 13:57:37+00:00,FFT3378,22.265167236328125,-72.40779252485794,11285.22,118.01594739134543,245.3293846244712
2024-11-20 13:57:38+00:00,FFT3378,22.26425170898437,-72.40594482421875,11285.22,118.01594739134543,245.3293846244712
2024-11-20 13:57:39+00:00,FFT3378,22.26324462890625,-72.40394731001419,11285.22,118.01594739134543,245.3293846244712
2024-11-20 13:57:40+00:00,FFT3378,22.26210021972656,-72.40165016867894,11285.22,118.01594739134543,245.3293846244712
2024-11-20 13:57:41+00:00,FFT3378,22.261001586914062,-72.39940296519887,11285.22,118.01594739134543,245.3293846244712
2024-11-20 13:57:42+00:00,FFT3378,22.25994873046875,-72.39730557528407,11285.22,118.01594739134543,245.3293846244712
2024-11-20 13:57:43+00:00,FFT3378,22.25890596034163,-72.39522298177081,11277.6,118.01594739134543,245.3293846244712
2024-11-20 13:57:44+00:00,FFT3378,22.2579345703125,-72.39316073330963,11285.22,118.01594739134543,245.3293846244712
2024-11-20 13:57:45+00:00,FFT3378,22.256744384765625,-72.39086359197444,11285.22,118.01594739134543,245.3293846244712
2024-11-20 13:57:46+00:00,FFT3378,22.255880064883478,-72.38901774088538,11285.22,118.01594739134543,245.3293846244712
2024-11-20 13:57:47+00:00,FFT3378,22.25477600097656,-72.38686856356532,11277.6,118.01594739134543,245.3293846244712
2024-11-20 13:57:48+00:00,FFT3378,22.253677368164062,-72.38462136008519,11277.6,117.85358620588777,245.54288709176564
2024-11-20 13:57:49+00:00,FFT3378,22.252487182617188,-72.38222434303975,11277.6,117.85358620588777,245.54288709176564
2024-11-20 13:57:50+00:00,FFT3378,22.2515041545286,-72.38016764322913,11277.6,117.85358620588777,245.54288709176564
2024-11-20 13:57:51+00:00,FFT3378,22.250473022460938,-72.37807950106532,11277.6,117.85358620588777,245.54288709176564
2024-11-20 13:57:53+00:00,FFT3378,22.2484130859375,-72.37383478338069,11277.6,117.85358620588777,245.54288709176564
2024-11-20 13:57:54+00:00,FFT3378,22.247779975503175,-72.37258911132812,11277.6,117.74734783317876,245.3029534705892
2024-11-20 13:57:55+00:00,FFT3378,22.246170043945312,-72.36934037642044,11277.6,117.74734783317876,245.3029534705892
2024-11-20 13:57:57+00:00,FFT3378,22.24461442333157,-72.36618041992188,11277.6,117.69150842396492,245.75835784976667
2024-11-20 13:57:59+00:00,FFT3378,22.242519572629767,-72.36185709635413,11277.6,117.69150842396492,245.75835784976667
2024-11-20 13:58:00+00:00,FFT3378,22.2410888671875,-72.35895330255681,11277.6,117.69150842396492,245.75835784976667
2024-11-20 13:58:01+00:00,FFT3378,22.2405178264036,-72.35773722330725,11277.6,117.69150842396492,245.75835784976667
2024-11-20 13:58:02+00:00,FFT3378,22.239354020458155,-72.3553466796875,11277.6,117.69150842396492,245.75835784976667
2024-11-20 13:58:03+00:00,FFT3378,22.23819021451271,-72.35295613606769,11277.6,117.69150842396492,245.75835784976667
2024-11-20 13:58:04+00:00,FFT3378,22.237289428710938,-72.35111305930394,11277.6,117.69150842396492,245.75835784976667
2024-11-20 13:58:05+00:00,FFT3378,22.236328125,-72.34914143880206,11277.6,117.74734783317876,245.3029534705892
2024-11-20 13:58:06+00:00,FFT3378,22.23530397576801,-72.3470560709635,11277.6,117.74734783317876,245.3029534705892
2024-11-20 13:58:07+00:00,FFT3378,22.2342332742982,-72.34486897786456,11277.6,117.74734783317876,245.3029534705892
2024-11-20 13:58:08+00:00,FFT3378,22.233209125066207,-72.34283447265625,11277.6,117.74734783317876,245.3029534705892
2024-11-20 13:58:09+00:00,FFT3378,22.232254028320312,-72.34082586115056,11277.6,117.74734783317876,245.3029534705892
2024-11-20 13:58:10+00:00,FFT3378,22.231109619140625,-72.33852871981532,11277.6,117.74734783317876,245.3029534705892
2024-11-20 13:58:11+00:00,FFT3378,22.230056762695312,-72.33638139204544,11277.6,117.74734783317876,245.3029534705892
2024-11-20 13:58:12+00:00,FFT3378,22.22911252813824,-72.33444213867188,11277.6,117.74734783317876,245.3029534705892
2024-11-20 13:58:13+00:00,FFT3378,22.228228035619704,-72.33256022135413,11277.6,117.74734783317876,245.3029534705892
2024-11-20 13:58:14+00:00,FFT3378,22.227081298828125,-72.33023903586644,11277.6,117.69150842396492,245.75835784976667
2024-11-20 13:58:15+00:00,FFT3378,22.226086632680083,-72.32823689778644,11277.6,117.69150842396492,245.75835784976667
2024-11-20 13:58:16+00:00,FFT3378,22.22506248344809,-72.32615152994788,11277.6,117.69150842396492,245.75835784976667
2024-11-20 13:58:17+00:00,FFT3378,22.22401428222656,-72.32394686612213,11277.6,117.69150842396492,245.75835784976667
2024-11-20 13:58:18+00:00,FFT3378,22.222869873046875,-72.32164972478694,11277.6,117.69150842396492,245.75835784976667
2024-11-20 13:58:19+00:00,FFT3378,22.221850379038663,-72.31948852539062,11277.6,117.69150842396492,245.75835784976667
2024-11-20 13:58:20+00:00,FFT3378,22.22080993652344,-72.31740500710225,11277.6,117.69150842396492,245.75835784976667
2024-11-20 13:58:21+00:00,FFT3378,22.21994173728813,-72.31562296549475,11277.6,117.74734783317876,245.3029534705892
2024-11-20 13:58:22+00:00,FFT3378,22.218871035818324,-72.313486735026,11277.6,117.74734783317876,245.3029534705892
2024-11-20 13:58:23+00:00,FFT3378,22.217846886586333,-72.31135050455725,11277.6,117.74734783317876,245.3029534705892
2024-11-20 13:58:24+00:00,FFT3378,22.21682273735434,-72.30926513671875,11277.6,117.74734783317876,245.3029534705892
2024-11-20 13:58:25+00:00,FFT3378,22.215362548828125,-72.30621892755681,11277.6,117.69150842396492,245.75835784976667
2024-11-20 13:58:26+00:00,FFT3378,22.214813232421875,-72.30517023259944,11277.6,117.69150842396492,245.75835784976667
2024-11-20 13:58:27+00:00,FFT3378,22.213796841896187,-72.3031107584635,11277.6,117.69150842396492,245.75835784976667
2024-11-20 13:58:28+00:00,FFT3378,22.21267958818856,-72.30082194010413,11277.6,117.69150842396492,245.75835784976667
2024-11-20 13:58:29+00:00,FFT3378,22.211746215820312,-72.29887806285512,11277.6,117.74734783317876,245.3029534705892
2024-11-20 13:58:30+00:00,FFT3378,22.210601806640625,-72.29658092151988,11277.6,117.74734783317876,245.3029534705892
2024-11-20 13:58:31+00:00,FFT3378,22.2096536927304,-72.29461669921875,11277.6,117.74734783317876,245.3029534705892
2024-11-20 13:58:32+00:00,FFT3378,22.20862954349841,-72.29253133138019,11277.6,117.74734783317876,245.3029534705892
2024-11-20 13:58:33+00:00,FFT3378,22.20758056640625,-72.29038862748575,11277.6,117.74734783317876,245.3029534705892
2024-11-20 13:58:34+00:00,FFT3378,22.206573486328125,-72.288291237571,11277.6,117.74734783317876,245.3029534705892
2024-11-20 13:58:35+00:00,FFT3378,22.205474853515625,-72.28604403409088,11277.6,117.74734783317876,245.3029534705892
2024-11-20 13:58:36+00:00,FFT3378,22.20434673761917,-72.28383382161456,11277.6,117.85358620588777,245.54288709176564
2024-11-20 13:58:37+00:00,FFT3378,22.20378811076536,-72.28261311848956,11277.6,117.85358620588777,245.54288709176564
2024-11-20 13:58:39+00:00,FFT3378,22.20176696777344,-72.27850341796875,11277.6,117.85358620588777,245.54288709176564
2024-11-20 13:58:40+00:00,FFT3378,22.20080876754502,-72.27656046549475,11277.6,117.85358620588777,245.54288709176564
2024-11-20 13:58:41+00:00,FFT3378,22.199831170550848,-72.27457682291663,11277.6,117.85358620588777,245.54288709176564
2024-11-20 13:58:42+00:00,FFT3378,22.19819641113281,-72.27126242897725,11277.6,117.85358620588777,245.54288709176564
2024-11-20 13:58:43+00:00,FFT3378,22.197052001953125,-72.26901522549713,11277.6,117.85358620588777,245.54288709176564
2024-11-20 13:58:44+00:00,FFT3378,22.195953369140625,-72.26671808416194,11277.6,117.90977556578032,245.08816216822453
2024-11-20 13:58:45+00:00,FFT3378,22.19485008110434,-72.26455688476562,11277.6,117.90977556578032,245.08816216822453
2024-11-20 13:58:46+00:00,FFT3378,22.19403076171875,-72.26287286931819,11277.6,118.01594739134543,245.3293846244712
2024-11-20 13:58:47+00:00,FFT3378,22.192894887115997,-72.26053873697913,11277.6,118.01594739134543,245.3293846244712
2024-11-20 13:58:48+00:00,FFT3378,22.19196384235964,-72.25865681966144,11277.6,118.01594739134543,245.3293846244712
2024-11-20 13:58:49+00:00,FFT3378,22.19073486328125,-72.25623113458806,11277.6,118.01594739134543,245.3293846244712
2024-11-20 13:58:50+00:00,FFT3378,22.190194857322563,-72.25509643554688,11285.22,118.01594739134543,245.3293846244712
2024-11-20 13:58:51+00:00,FFT3378,22.18853759765625,-72.25173672762782,11277.6,118.01594739134543,245.3293846244712
2024-11-20 13:58:52+00:00,FFT3378,22.187530517578125,-72.24968927556819,11285.22,118.01594739134543,245.3293846244712
2024-11-20 13:58:53+00:00,FFT3378,22.186935424804688,-72.24854070490056,11277.6,118.01594739134543,245.3293846244712
2024-11-20 13:58:54+00:00,FFT3378,22.1854248046875,-72.24539462002838,11277.6,118.01594739134543,245.3293846244712
2024-11-20 13:58:55+00:00,FFT3378,22.18487548828125,-72.24429598721588,11277.6,118.01594739134543,245.3293846244712
2024-11-20 13:58:56+00:00,FFT3378,22.18345642089844,-72.24139959161931,11277.6,118.01594739134543,245.3293846244712
2024-11-20 13:58:57+00:00,FFT3378,22.182979260460804,-72.24044799804688,11277.6,118.01594739134543,245.3293846244712
2024-11-20 13:58:58+00:00,FFT3378,22.181489588850635,-72.23749796549475,11277.6,118.01594739134543,245.3293846244712
2024-11-20 13:58:59+00:00,FFT3378,22.180465439618644,-72.23541259765625,11277.6,118.01594739134543,245.3293846244712
2024-11-20 13:59:00+00:00,FFT3378,22.179977416992188,-72.23440829190338,11277.6,118.01594739134543,245.3293846244712
2024-11-20 13:59:01+00:00,FFT3378,22.17906188964844,-72.23256059126419,11277.6,118.01594739134543,245.3293846244712
2024-11-20 13:59:02+00:00,FFT3378,22.177963256835938,-72.23036332563919,11277.6,118.01594739134543,245.3293846244712
2024-11-20 13:59:04+00:00,FFT3378,22.176042977025958,-72.22646077473956,11277.6,118.01594739134543,245.3293846244712
2024-11-20 13:59:05+00:00,FFT3378,22.175125122070312,-72.224570534446,11277.6,118.01594739134543,245.3293846244712
2024-11-20 13:59:06+00:00,FFT3378,22.174087783037606,-72.22249348958331,11277.6,118.01594739134543,245.3293846244712
2024-11-20 13:59:08+00:00,FFT3378,22.17185327562235,-72.21796671549475,11277.6,118.01594739134543,245.3293846244712
2024-11-20 13:59:09+00:00,FFT3378,22.16981506347656,-72.21388383345169,11277.6,118.01594739134543,245.3293846244712
2024-11-20 13:59:10+00:00,FFT3378,22.16889953613281,-72.2120361328125,11277.6,118.01594739134543,245.3293846244712
2024-11-20 13:59:11+00:00,FFT3378,22.1678466796875,-72.20993874289769,11277.6,118.01594739134543,245.3293846244712
2024-11-20 13:59:12+00:00,FFT3378,22.167291156316207,-72.2088623046875,11277.6,118.01594739134543,245.3293846244712
2024-11-20 13:59:13+00:00,FFT3378,22.166732529462397,-72.20769246419269,11277.6,118.01594739134543,245.3293846244712
2024-11-20 13:59:14+00:00,FFT3378,22.16477733547405,-72.20377604166663,11277.6,118.01594739134543,245.3293846244712
2024-11-20 13:59:15+00:00,FFT3378,22.16366008176642,-72.20143636067706,11277.6,118.01594739134543,245.3293846244712
2024-11-20 13:59:17+00:00,FFT3378,22.16249084472656,-72.19915216619319,11277.6,118.01594739134543,245.3293846244712
2024-11-20 13:59:18+00:00,FFT3378,22.161392211914062,-72.19685502485794,11277.6,118.01594739134543,245.3293846244712
2024-11-20 13:59:19+00:00,FFT3378,22.16026176840572,-72.19467163085938,11277.6,118.01594739134543,245.3293846244712
2024-11-20 13:59:20+00:00,FFT3378,22.158632440082098,-72.19131469726562,11277.6,118.01594739134543,245.3293846244712
2024-11-20 13:59:21+00:00,FFT3378,22.157546997070312,-72.18916459517044,11277.6,118.01594739134543,245.3293846244712
2024-11-20 13:59:22+00:00,FFT3378,22.15635681152344,-72.186767578125,11277.6,118.01594739134543,245.3293846244712
2024-11-20 13:59:23+00:00,FFT3378,22.15585327148437,-72.18571888316762,11277.6,118.01594739134543,245.3293846244712
2024-11-20 13:59:24+00:00,FFT3378,22.154342651367188,-72.18267267400569,11277.6,118.01594739134543,245.3293846244712
2024-11-20 13:59:25+00:00,FFT3378,22.15374755859375,-72.18152410333806,11277.6,118.01594739134543,245.3293846244712
2024-11-20 13:59:26+00:00,FFT3378,22.152254783501057,-72.17849731445312,11277.6,118.01594739134543,245.3293846244712
2024-11-20 13:59:27+00:00,FFT3378,22.15122985839844,-72.17648037997157,11277.6,118.01594739134543,245.3293846244712
2024-11-20 13:59:28+00:00,FFT3378,22.15034614175053,-72.17473347981769,11277.6,118.01594739134543,245.3293846244712
2024-11-20 13:59:29+00:00,FFT3378,22.14936854475636,-72.17274983723956,11277.6,118.12191027006314,245.57144783281257
2024-11-20 13:59:30+00:00,FFT3378,22.14885647014036,-72.17168172200519,11277.6,118.12191027006314,245.57144783281257
2024-11-20 13:59:31+00:00,FFT3378,22.14694782838983,-72.16781616210938,11277.6,118.12191027006314,245.57144783281257
2024-11-20 13:59:32+00:00,FFT3378,22.146435753773837,-72.16679890950519,11277.6,118.12191027006314,245.57144783281257
2024-11-20 13:59:33+00:00,FFT3378,22.145365052304022,-72.16466267903644,11277.6,118.12191027006314,245.57144783281257
2024-11-20 13:59:34+00:00,FFT3378,22.144294350834212,-72.16252644856769,11277.6,118.12191027006314,245.57144783281257
2024-11-20 13:59:35+00:00,FFT3378,22.143814086914062,-72.16154896129262,11277.6,118.12191027006314,245.57144783281257
2024-11-20 13:59:36+00:00,FFT3378,22.14193725585937,-72.15775368430394,11277.6,118.12191027006314,245.57144783281257
2024-11-20 13:59:37+00:00,FFT3378,22.14093017578125,-72.15575617009944,11277.6,118.12191027006314,245.57144783281257
2024-11-20 13:59:39+00:00,FFT3378,22.13894084348517,-72.1517435709635,11277.6,118.01594739134543,245.3293846244712
2024-11-20 13:59:42+00:00,FFT3378,22.1358683957892,-72.14558919270831,11277.6,118.01594739134543,245.3293846244712
2024-11-20 13:59:43+00:00,FFT3378,22.13447182865466,-72.14274088541663,11277.6,118.01594739134543,245.3293846244712
2024-11-20 13:59:44+00:00,FFT3378,22.133913201800848,-72.14157104492188,11277.6,118.01594739134543,245.3293846244712
2024-11-20 13:59:45+00:00,FFT3378,22.13284250033104,-72.13948567708331,11277.6,118.01594739134543,245.3293846244712
2024-11-20 13:59:46+00:00,FFT3378,22.131771798861227,-72.13729858398438,11277.6,118.01594739134543,245.3293846244712
2024-11-20 13:59:47+00:00,FFT3378,22.131179809570312,-72.13613059303975,11277.6,118.01594739134543,245.3293846244712
2024-11-20 13:59:48+00:00,FFT3378,22.12944418697034,-72.132568359375,11277.6,118.01594739134543,245.3293846244712
2024-11-20 13:59:49+00:00,FFT3378,22.128513142213983,-72.13068644205725,11277.6,118.01594739134543,245.3293846244712
2024-11-20 13:59:50+00:00,FFT3378,22.127426147460938,-72.1285400390625,11277.6,118.01594739134543,245.3293846244712
2024-11-20 13:59:51+00:00,FFT3378,22.126235961914062,-72.126143022017,11277.6,118.01594739134543,245.3293846244712
2024-11-20 13:59:53+00:00,FFT3378,22.12408447265625,-72.12179842862213,11277.6,118.01594739134543,245.3293846244712
2024-11-20 13:59:54+00:00,FFT3378,22.12353515625,-72.12069979580963,11277.6,118.01594739134543,245.3293846244712
2024-11-20 13:59:55+00:00,FFT3378,22.122368246822035,-72.11837768554688,11277.6,118.01594739134543,245.3293846244712
2024-11-20 13:59:56+00:00,FFT3378,22.12129211425781,-72.11615545099431,11277.6,118.01594739134543,245.3293846244712
2024-11-20 13:59:57+00:00,FFT3378,22.12013373940678,-72.11380004882812,11277.6,118.01594739134543,245.3293846244712
2024-11-20 13:59:58+00:00,FFT3378,22.119109590174787,-72.11176554361975,11277.6,118.01594739134543,245.3293846244712
2024-11-20 14:00:04+00:00,FFT3378,22.11273193359375,-72.09894816080725,11277.6,118.01594739134543,245.3293846244712
2024-11-20 14:00:05+00:00,FFT3378,22.112312963453387,-72.0980326334635,11277.6,118.01594739134543,245.3293846244712
2024-11-20 14:00:07+00:00,FFT3378,22.11003190380032,-72.09345499674475,11277.6,118.01594739134543,245.3293846244712
2024-11-20 14:00:08+00:00,FFT3378,22.109054306806144,-72.09152221679688,11277.6,118.01594739134543,245.3293846244712
2024-11-20 14:00:10+00:00,FFT3378,22.106447381488348,-72.08628336588538,11277.6,118.01594739134543,245.3293846244712
2024-11-20 14:00:11+00:00,FFT3378,22.105499267578125,-72.084394975142,11277.6,118.01594739134543,245.3293846244712
2024-11-20 14:00:12+00:00,FFT3378,22.10444563526218,-72.08226521809894,11277.6,118.01594739134543,245.3293846244712
2024-11-20 14:00:13+00:00,FFT3378,22.1033935546875,-72.08015025745738,11277.6,118.01594739134543,245.3293846244712
2024-11-20 14:00:14+00:00,FFT3378,22.102935791015625,-72.07925137606532,11277.6,118.01594739134543,245.3293846244712
2024-11-20 14:00:15+00:00,FFT3378,22.101233530852756,-72.07575480143225,11277.6,118.01594739134543,245.3293846244712
2024-11-20 14:00:16+00:00,FFT3378,22.100738525390625,-72.07475696910512,11277.6,118.01594739134543,245.3293846244712
2024-11-20 14:00:17+00:00,FFT3378,22.099743859242583,-72.07275390625,11277.6,118.01594739134543,245.3293846244712
2024-11-20 14:00:18+00:00,FFT3378,22.098678588867188,-72.07061212713069,11277.6,118.01594739134543,245.3293846244712
2024-11-20 14:00:19+00:00,FFT3378,22.098067978681144,-72.06939697265625,11277.6,118.01594739134543,245.3293846244712
2024-11-20 14:00:20+00:00,FFT3378,22.09629821777344,-72.06581809303975,11277.6,118.01594739134543,245.3293846244712
2024-11-20 14:00:21+00:00,FFT3378,22.095382690429688,-72.06402033025569,11277.6,118.01594739134543,245.3293846244712
2024-11-20 14:00:22+00:00,FFT3378,22.094009399414062,-72.06127374822444,11277.6,118.01594739134543,245.3293846244712
2024-11-20 14:00:23+00:00,FFT3378,22.09359741210937,-72.06037486683238,11277.6,118.01594739134543,245.3293846244712
2024-11-20 14:00:24+00:00,FFT3378,22.0922023967161,-72.05759684244788,11277.6,118.01594739134543,245.3293846244712
2024-11-20 14:00:25+00:00,FFT3378,22.09117824748411,-72.05556233723956,11277.6,118.01594739134543,245.3293846244712
2024-11-20 14:00:26+00:00,FFT3378,22.09002685546875,-72.05323375355113,11277.6,118.01594739134543,245.3293846244712
2024-11-20 14:00:27+00:00,FFT3378,22.088850635593214,-72.05083211263019,11277.6,118.01594739134543,245.3293846244712
2024-11-20 14:00:28+00:00,FFT3378,22.08778381347656,-72.04868940873575,11277.6,118.01594739134543,245.3293846244712
2024-11-20 14:00:29+00:00,FFT3378,22.0867092326536,-72.0465087890625,11277.6,118.01594739134543,245.3293846244712
2024-11-20 14:00:30+00:00,FFT3378,22.085861206054688,-72.044844193892,11277.6,118.01594739134543,245.3293846244712
2024-11-20 14:00:31+00:00,FFT3378,22.08526611328125,-72.04364568536931,11277.6,118.01594739134543,245.3293846244712
2024-11-20 14:00:32+00:00,FFT3378,22.08419541181144,-72.04147338867188,11277.6,118.01594739134543,245.3293846244712
2024-11-20 14:00:33+00:00,FFT3378,22.082565307617188,-72.03820245916194,11277.6,118.01594739134543,245.3293846244712
2024-11-20 14:00:34+00:00,FFT3378,22.082007456634003,-72.03709920247394,11277.6,118.01594739134543,245.3293846244712
2024-11-20 14:00:35+00:00,FFT3378,22.08050537109375,-72.0340576171875,11277.6,118.01594739134543,245.3293846244712
2024-11-20 14:00:36+00:00,FFT3378,22.079635620117188,-72.03225985440338,11277.6,118.01594739134543,245.3293846244712
2024-11-20 14:00:37+00:00,FFT3378,22.07846948655985,-72.02997843424475,11277.6,118.01594739134543,245.3293846244712
2024-11-20 14:00:38+00:00,FFT3378,22.07744533732786,-72.02794392903644,11277.6,118.01594739134543,245.3293846244712
2024-11-20 14:00:39+00:00,FFT3378,22.076980590820312,-72.02691650390625,11277.6,118.01594739134543,245.3293846244712
2024-11-20 14:00:40+00:00,FFT3378,22.07606506347656,-72.025068803267,11277.6,118.01594739134543,245.3293846244712
2024-11-20 14:00:41+00:00,FFT3378,22.075103759765625,-72.02312122691762,11277.6,118.01594739134543,245.3293846244712
2024-11-20 14:00:42+00:00,FFT3378,22.07404702396716,-72.02102661132812,11277.6,118.01594739134543,245.3293846244712
2024-11-20 14:00:43+00:00,FFT3378,22.07244873046875,-72.01777787642044,11277.6,117.95961679471202,245.7836632621936
2024-11-20 14:00:44+00:00,FFT3378,22.071807861328125,-72.01652943004262,11277.6,117.95961679471202,245.7836632621936
2024-11-20 14:00:45+00:00,FFT3378,22.07025146484375,-72.01338334517044,11277.6,117.95961679471202,245.7836632621936
2024-11-20 14:00:46+00:00,FFT3378,22.069671113612287,-72.01222737630206,11277.6,117.95961679471202,245.7836632621936
2024-11-20 14:00:47+00:00,FFT3378,22.06818144200212,-72.00917561848956,11269.98,117.95961679471202,245.7836632621936
2024-11-20 14:00:48+00:00,FFT3378,22.067110740532307,-72.00698852539062,11277.6,117.95961679471202,245.7836632621936
2024-11-20 14:00:49+00:00,FFT3378,22.06654357910156,-72.00589266690338,11277.6,117.95961679471202,245.7836632621936
2024-11-20 14:00:50+00:00,FFT3378,22.065527964446503,-72.00383504231769,11277.6,117.95961679471202,245.7836632621936
2024-11-20 14:00:51+00:00,FFT3378,22.064254760742188,-72.00129838423294,11277.6,117.95961679471202,245.7836632621936
2024-11-20 14:00:52+00:00,FFT3378,22.06273483017744,-71.99818929036456,11277.6,117.95961679471202,245.7836632621936
2024-11-20 14:00:53+00:00,FFT3378,22.061782836914062,-71.99625466086644,11269.98,117.95961679471202,245.7836632621936
2024-11-20 14:00:54+00:00,FFT3378,22.06072998046875,-71.99415727095169,11269.98,117.95961679471202,245.7836632621936
2024-11-20 14:00:55+00:00,FFT3378,22.059814453125,-71.99225963245738,11269.98,117.95961679471202,245.7836632621936
2024-11-20 14:00:56+00:00,FFT3378,22.05882444220074,-71.9903564453125,11277.6,117.95961679471202,245.7836632621936
2024-11-20 14:00:57+00:00,FFT3378,22.057939949682204,-71.98847452799475,11269.98,117.95961679471202,245.7836632621936
2024-11-20 14:00:58+00:00,FFT3378,22.05691580045021,-71.98638916015625,11269.98,118.06543948453388,246.02527950815423
2024-11-20 14:01:00+00:00,FFT3378,22.054867501986227,-71.98226928710938,11269.98,118.06543948453388,246.02527950815423
2024-11-20 14:01:01+00:00,FFT3378,22.05331420898437,-71.97917591441762,11269.98,118.06543948453388,246.02527950815423
2024-11-20 14:01:02+00:00,FFT3378,22.05272609904661,-71.97799682617188,11269.98,118.06543948453388,246.02527950815423
2024-11-20 14:01:03+00:00,FFT3378,22.051666259765625,-71.975830078125,11269.98,118.06543948453388,246.02527950815423
2024-11-20 14:01:04+00:00,FFT3378,22.050613403320312,-71.97373268821019,11269.98,118.06543948453388,246.02527950815423
2024-11-20 14:01:05+00:00,FFT3378,22.0491943359375,-71.97083629261363,11269.98,118.06543948453388,246.02527950815423
2024-11-20 14:01:06+00:00,FFT3378,22.048324584960938,-71.96913840553975,11277.6,118.06543948453388,246.02527950815423
2024-11-20 14:01:07+00:00,FFT3378,22.04723293498411,-71.96690877278644,11269.98,118.06543948453388,246.02527950815423
2024-11-20 14:01:08+00:00,FFT3378,22.046127319335938,-71.96474387428975,11277.6,118.06543948453388,246.02527950815423
2024-11-20 14:01:09+00:00,FFT3378,22.044998427568856,-71.96243286132812,11269.98,118.06543948453388,246.02527950815423
2024-11-20 14:01:10+00:00,FFT3378,22.04443359375,-71.96129816228694,11277.6,118.06543948453388,246.02527950815423
2024-11-20 14:01:12+00:00,FFT3378,22.04192597987288,-71.95627848307288,11277.6,118.17105416636024,246.26773335702296
2024-11-20 14:01:13+00:00,FFT3378,22.04132080078125,-71.95510864257812,11269.98,118.17105416636024,246.26773335702296
2024-11-20 14:01:14+00:00,FFT3378,22.04017639160156,-71.9527587890625,11277.6,118.17105416636024,246.26773335702296
2024-11-20 14:01:15+00:00,FFT3378,22.039039741128175,-71.95048014322913,11277.6,118.17105416636024,246.26773335702296
2024-11-20 14:01:16+00:00,FFT3378,22.037829382944917,-71.94808959960938,11277.6,118.17105416636024,246.26773335702296
2024-11-20 14:01:17+00:00,FFT3378,22.036758681475103,-71.94595336914062,11277.6,118.17105416636024,246.26773335702296
2024-11-20 14:01:18+00:00,FFT3378,22.035690307617188,-71.943769975142,11277.6,118.17105416636024,246.26773335702296
2024-11-20 14:01:19+00:00,FFT3378,22.034591674804688,-71.94167258522725,11277.6,118.17105416636024,246.26773335702296
2024-11-20 14:01:20+00:00,FFT3378,22.034088134765625,-71.94062389026988,11277.6,118.17105416636024,246.26773335702296
2024-11-20 14:01:21+00:00,FFT3378,22.032623291015625,-71.93767755681819,11277.6,118.17105416636024,246.26773335702296
2024-11-20 14:01:22+00:00,FFT3378,22.031524658203125,-71.93548029119319,11277.6,118.17105416636024,246.26773335702296
2024-11-20 14:01:23+00:00,FFT3378,22.03056723384534,-71.93359375,11277.6,118.17105416636024,246.26773335702296
2024-11-20 14:01:24+00:00,FFT3378,22.029464721679688,-71.93133544921875,11277.6,118.17105416636024,246.26773335702296
2024-11-20 14:01:25+00:00,FFT3378,22.028379278667902,-71.92916870117188,11277.6,118.17105416636024,246.26773335702296
2024-11-20 14:01:26+00:00,FFT3378,22.027313232421875,-71.92704079367894,11277.6,118.17105416636024,246.26773335702296
2024-11-20 14:01:27+00:00,FFT3378,22.02633098020392,-71.92509969075519,11277.6,118.17105416636024,246.26773335702296
2024-11-20 14:01:28+00:00,FFT3378,22.025299072265625,-71.92299582741475,11277.6,118.17105416636024,246.26773335702296
2024-11-20 14:01:29+00:00,FFT3378,22.0242919921875,-71.92099831321019,11277.6,118.17105416636024,246.26773335702296
2024-11-20 14:01:30+00:00,FFT3378,22.023101806640625,-71.91865123401988,11277.6,118.27646073728025,246.51102233734773
2024-11-20 14:01:31+00:00,FFT3378,22.02214127880032,-71.91670735677081,11277.6,118.27646073728025,246.51102233734773
2024-11-20 14:01:32+00:00,FFT3378,22.02107057733051,-71.91457112630206,11277.6,118.27646073728025,246.51102233734773
2024-11-20 14:01:33+00:00,FFT3378,22.020034790039062,-71.912558815696,11277.6,118.27646073728025,246.51102233734773
2024-11-20 14:01:34+00:00,FFT3378,22.01902227886653,-71.91045125325519,11277.6,118.27646073728025,246.51102233734773
2024-11-20 14:01:35+00:00,FFT3378,22.017951577396715,-71.90831502278644,11277.6,118.17105416636024,246.26773335702296
2024-11-20 14:01:36+00:00,FFT3378,22.016921997070312,-71.90621670809657,11277.6,118.17105416636024,246.26773335702296
2024-11-20 14:01:37+00:00,FFT3378,22.015903278932733,-71.90419514973956,11277.6,118.17105416636024,246.26773335702296
2024-11-20 14:01:38+00:00,FFT3378,22.014692920749468,-71.90185546875,11277.6,118.17105416636024,246.26773335702296
2024-11-20 14:01:39+00:00,FFT3378,22.01366877151748,-71.89977010091144,11277.6,118.17105416636024,246.26773335702296
2024-11-20 14:01:40+00:00,FFT3378,22.0125732421875,-71.89757745916194,11277.6,118.17105416636024,246.26773335702296
2024-11-20 14:01:41+00:00,FFT3378,22.01152736857786,-71.89554850260413,11277.6,118.17105416636024,246.26773335702296
2024-11-20 14:01:42+00:00,FFT3378,22.010549771583687,-71.893564860026,11277.6,118.17105416636024,246.26773335702296
2024-11-20 14:01:43+00:00,FFT3378,22.009432517876057,-71.89127604166663,11277.6,118.17105416636024,246.26773335702296
2024-11-20 14:01:44+00:00,FFT3378,22.00836181640625,-71.88918789950282,11277.6,118.17105416636024,246.26773335702296
2024-11-20 14:01:45+00:00,FFT3378,22.007492065429688,-71.88739013671875,11277.6,118.27646073728025,246.51102233734773
2024-11-20 14:01:46+00:00,FFT3378,22.006406622417902,-71.88527425130206,11277.6,118.17105416636024,246.26773335702296
2024-11-20 14:01:47+00:00,FFT3378,22.005340576171875,-71.88314541903407,11277.6,118.17105416636024,246.26773335702296
2024-11-20 14:01:48+00:00,FFT3378,22.00435832395392,-71.88115437825519,11277.6,118.27646073728025,246.51102233734773
2024-11-20 14:01:49+00:00,FFT3378,22.00328063964844,-71.87900057705963,11277.6,118.17105416636024,246.26773335702296
2024-11-20 14:01:50+00:00,FFT3378,22.002273559570312,-71.87700306285512,11277.6,118.17105416636024,246.26773335702296
2024-11-20 14:01:51+00:00,FFT3378,22.001266479492188,-71.87500554865056,11277.6,118.17105416636024,246.26773335702296
2024-11-20 14:01:52+00:00,FFT3378,22.000167846679688,-71.87275834517044,11277.6,118.17105416636024,246.26773335702296
2024-11-20 14:01:53+00:00,FFT3378,21.99920654296875,-71.87086070667613,11277.6,118.17105416636024,246.26773335702296
2024-11-20 14:01:54+00:00,FFT3378,21.99824523925781,-71.86896306818181,11277.6,118.17105416636024,246.26773335702296
2024-11-20 14:01:55+00:00,FFT3378,21.997146606445312,-71.86671586470169,11277.6,118.17105416636024,246.26773335702296
2024-11-20 14:01:56+00:00,FFT3378,21.995932368908896,-71.864267985026,11277.6,118.33320876707457,246.0580865719368
2024-11-20 14:01:57+00:00,FFT3378,21.99500132415254,-71.8624369303385,11277.6,118.33320876707457,246.0580865719368
2024-11-20 14:01:58+00:00,FFT3378,21.993942260742188,-71.86037375710225,11277.6,118.33320876707457,246.0580865719368
2024-11-20 14:01:59+00:00,FFT3378,21.99285992121292,-71.85821533203125,11277.6,118.33320876707457,246.0580865719368
2024-11-20 14:02:00+00:00,FFT3378,21.99183577198093,-71.85618082682288,11277.6,118.33320876707457,246.0580865719368
2024-11-20 14:02:01+00:00,FFT3378,21.99082946777344,-71.85413152521306,11277.6,118.33320876707457,246.0580865719368
2024-11-20 14:02:02+00:00,FFT3378,21.989834025754767,-71.85221354166663,11277.6,118.33320876707457,246.0580865719368
2024-11-20 14:02:03+00:00,FFT3378,21.98876953125,-71.85008655894887,11277.6,118.27646073728025,246.51102233734773
2024-11-20 14:02:04+00:00,FFT3378,21.987273652674787,-71.84707641601562,11277.6,118.17105416636024,246.26773335702296
2024-11-20 14:02:05+00:00,FFT3378,21.986668473583155,-71.84580485026038,11277.6,118.17105416636024,246.26773335702296
2024-11-20 14:02:06+00:00,FFT3378,21.985644324351163,-71.84382120768225,11277.6,118.17105416636024,246.26773335702296
2024-11-20 14:02:07+00:00,FFT3378,21.984649658203125,-71.841796875,11277.6,118.17105416636024,246.26773335702296
2024-11-20 14:02:08+00:00,FFT3378,21.983551025390625,-71.83954967151988,11277.6,118.17105416636024,246.26773335702296
2024-11-20 14:02:09+00:00,FFT3378,21.982452392578125,-71.83740234375,11277.6,118.17105416636024,246.26773335702296
2024-11-20 14:02:10+00:00,FFT3378,21.981361518471928,-71.83522542317706,11277.6,118.17105416636024,246.26773335702296
2024-11-20 14:02:11+00:00,FFT3378,21.980337369239937,-71.8331400553385,11277.6,118.17105416636024,246.26773335702296
2024-11-20 14:02:12+00:00,FFT3378,21.979313220007946,-71.83110555013019,11277.6,118.17105416636024,246.26773335702296
2024-11-20 14:02:13+00:00,FFT3378,21.978289070775958,-71.82902018229163,11277.6,118.17105416636024,246.26773335702296
2024-11-20 14:02:14+00:00,FFT3378,21.97689250364142,-71.82627360026038,11277.6,118.17105416636024,246.26773335702296
2024-11-20 14:02:15+00:00,FFT3378,21.975914906647244,-71.82428995768225,11277.6,118.17105416636024,246.26773335702296
2024-11-20 14:02:16+00:00,FFT3378,21.97467041015625,-71.8218217329545,11277.6,118.17105416636024,246.26773335702296
2024-11-20 14:02:17+00:00,FFT3378,21.97414592161017,-71.82078043619788,11277.6,118.17105416636024,246.26773335702296
2024-11-20 14:02:18+00:00,FFT3378,21.972702026367188,-71.81782670454544,11277.6,118.17105416636024,246.26773335702296
2024-11-20 14:02:19+00:00,FFT3378,21.971603393554688,-71.81562943892044,11277.6,118.17105416636024,246.26773335702296
2024-11-20 14:02:20+00:00,FFT3378,21.97098036943856,-71.81437174479163,11277.6,118.17105416636024,246.26773335702296
2024-11-20 14:02:21+00:00,FFT3378,21.96967690677966,-71.81172688802081,11277.6,118.17105416636024,246.26773335702296
2024-11-20 14:02:22+00:00,FFT3378,21.968699309785485,-71.80979410807288,11277.6,118.17105416636024,246.26773335702296
2024-11-20 14:02:23+00:00,FFT3378,21.96766662597656,-71.80778919566762,11277.6,118.17105416636024,246.26773335702296
2024-11-20 14:02:24+00:00,FFT3378,21.966464802370236,-71.80536905924475,11277.6,118.22766409543364,245.81434930948217
2024-11-20 14:02:25+00:00,FFT3378,21.965972900390625,-71.80439342151988,11277.6,118.22766409543364,245.81434930948217
2024-11-20 14:02:26+00:00,FFT3378,21.964463056144066,-71.8014017740885,11277.6,118.22766409543364,245.81434930948217
2024-11-20 14:02:27+00:00,FFT3378,21.963455200195312,-71.79934969815338,11277.6,118.22766409543364,245.81434930948217
2024-11-20 14:02:28+00:00,FFT3378,21.96253967285156,-71.79750199751419,11277.6,118.22766409543364,245.81434930948217
2024-11-20 14:02:29+00:00,FFT3378,21.961441040039062,-71.79540460759944,11277.6,118.22766409543364,245.81434930948217
2024-11-20 14:02:30+00:00,FFT3378,21.9603664592161,-71.79316202799475,11277.6,118.22766409543364,245.81434930948217
2024-11-20 14:02:31+00:00,FFT3378,21.95929575774629,-71.79107666015625,11277.6,118.22766409543364,245.81434930948217
2024-11-20 14:02:32+00:00,FFT3378,21.95808539956303,-71.78868611653644,11277.6,118.22766409543364,245.81434930948217
2024-11-20 14:02:33+00:00,FFT3378,21.957183837890625,-71.786865234375,11277.6,118.22766409543364,245.81434930948217
2024-11-20 14:02:34+00:00,FFT3378,21.956039428710938,-71.78461803089488,11277.6,118.22766409543364,245.81434930948217
2024-11-20 14:02:35+00:00,FFT3378,21.954986572265625,-71.78242076526988,11277.6,118.22766409543364,245.81434930948217
2024-11-20 14:02:36+00:00,FFT3378,21.95379638671875,-71.7800736860795,11277.6,118.22766409543364,245.81434930948217
2024-11-20 14:02:37+00:00,FFT3378,21.9527784444518,-71.77805582682288,11277.6,118.33320876707457,246.0580865719368
2024-11-20 14:02:38+00:00,FFT3378,21.951754295219807,-71.77602132161456,11277.6,118.33320876707457,246.0580865719368
2024-11-20 14:02:39+00:00,FFT3378,21.950730145987816,-71.77398681640625,11277.6,118.22766409543364,245.81434930948217
2024-11-20 14:02:40+00:00,FFT3378,21.949705996755824,-71.77190144856769,11277.6,118.33320876707457,246.0580865719368
2024-11-20 14:02:41+00:00,FFT3378,21.948635295286017,-71.76981608072913,11277.6,118.33320876707457,246.0580865719368
2024-11-20 14:02:42+00:00,FFT3378,21.948074340820312,-71.76873779296875,11277.6,118.33320876707457,246.0580865719368
2024-11-20 14:02:43+00:00,FFT3378,21.94647216796875,-71.76549183238637,11277.6,118.22766409543364,245.81434930948217
2024-11-20 14:02:44+00:00,FFT3378,21.945556640625,-71.76364413174713,11277.6,118.22766409543364,245.81434930948217
2024-11-20 14:02:45+00:00,FFT3378,21.944366455078125,-71.76134699041194,11277.6,118.22766409543364,245.81434930948217
2024-11-20 14:02:46+00:00,FFT3378,21.94317626953125,-71.75894997336644,11277.6,118.22766409543364,245.81434930948217
2024-11-20 14:02:47+00:00,FFT3378,21.942723161083155,-71.75796508789062,11277.6,118.22766409543364,245.81434930948217
2024-11-20 14:02:48+00:00,FFT3378,21.94155935513771,-71.75567626953125,11277.6,118.22766409543364,245.81434930948217
2024-11-20 14:02:49+00:00,FFT3378,21.940209340240997,-71.75303141276038,11277.6,118.22766409543364,245.81434930948217
2024-11-20 14:02:50+00:00,FFT3378,21.939285278320312,-71.75120960582387,11277.6,118.22766409543364,245.81434930948217
2024-11-20 14:02:51+00:00,FFT3378,21.938278198242188,-71.74916215376419,11277.6,118.22766409543364,245.81434930948217
2024-11-20 14:02:52+00:00,FFT3378,21.937788623874468,-71.74819946289062,11277.6,118.22766409543364,245.81434930948217
2024-11-20 14:02:53+00:00,FFT3378,21.936264038085938,-71.7451171875,11277.6,118.22766409543364,245.81434930948217
2024-11-20 14:02:54+00:00,FFT3378,21.935302734375,-71.74321954900569,11277.6,118.22766409543364,245.81434930948217
2024-11-20 14:02:55+00:00,FFT3378,21.933883666992188,-71.74037309126419,11277.6,118.22766409543364,245.81434930948217
2024-11-20 14:02:56+00:00,FFT3378,21.932876586914062,-71.73837557705963,11277.6,118.22766409543364,245.81434930948217
2024-11-20 14:02:57+00:00,FFT3378,21.93182373046875,-71.73622824928975,11277.6,118.22766409543364,245.81434930948217
2024-11-20 14:02:58+00:00,FFT3378,21.93072509765625,-71.73408092151988,11277.6,118.22766409543364,245.81434930948217
2024-11-20 14:02:59+00:00,FFT3378,21.92973508673199,-71.73202514648438,11277.6,118.17105416636024,246.26773335702296
2024-11-20 14:03:00+00:00,FFT3378,21.92912990764036,-71.73085530598956,11277.6,118.17105416636024,246.26773335702296
2024-11-20 14:03:01+00:00,FFT3378,21.92750057931673,-71.72765096028644,11277.6,118.17105416636024,246.26773335702296
2024-11-20 14:03:02+00:00,FFT3378,21.926895400225103,-71.72643025716144,11277.6,118.06543948453388,246.02527950815423
2024-11-20 14:03:03+00:00,FFT3378,21.92591857910156,-71.72439297762782,11277.6,118.06543948453388,246.02527950815423
2024-11-20 14:03:04+00:00,FFT3378,21.924800549523304,-71.72220865885413,11277.6,118.06543948453388,246.02527950815423
2024-11-20 14:03:05+00:00,FFT3378,21.92372984805349,-71.72002156575519,11277.6,118.06543948453388,246.02527950815423
2024-11-20 14:03:06+00:00,FFT3378,21.92271423339844,-71.71800093217325,11277.6,118.06543948453388,246.02527950815423
2024-11-20 14:03:07+00:00,FFT3378,21.92156982421875,-71.71570379083806,11277.6,118.06543948453388,246.02527950815423
2024-11-20 14:03:08+00:00,FFT3378,21.92047119140625,-71.71345658735794,11277.6,118.06543948453388,246.02527950815423
2024-11-20 14:03:09+00:00,FFT3378,21.919235229492188,-71.71100963245738,11277.6,118.06543948453388,246.02527950815423
2024-11-20 14:03:10+00:00,FFT3378,21.918182373046875,-71.7088623046875,11277.6,117.95961679471202,245.7836632621936
2024-11-20 14:03:11+00:00,FFT3378,21.917633056640625,-71.707763671875,11277.6,117.95961679471202,245.7836632621936
2024-11-20 14:03:12+00:00,FFT3378,21.916488647460938,-71.70541659268463,11277.6,117.95961679471202,245.7836632621936
2024-11-20 14:03:13+00:00,FFT3378,21.915443549721928,-71.70328776041663,11277.6,117.90349409810172,246.2381785958532
2024-11-20 14:03:14+00:00,FFT3378,21.91419982910156,-71.70087224786931,11277.6,117.90349409810172,246.2381785958532
2024-11-20 14:03:15+00:00,FFT3378,21.913604736328125,-71.69957386363637,11277.6,117.90349409810172,246.2381785958532
2024-11-20 14:03:16+00:00,FFT3378,21.91195213188559,-71.69631958007812,11277.6,117.90349409810172,246.2381785958532
2024-11-20 14:03:17+00:00,FFT3378,21.910903930664062,-71.69413063742894,11277.6,117.90349409810172,246.2381785958532
2024-11-20 14:03:18+00:00,FFT3378,21.909988403320312,-71.69228293678975,11277.6,117.95961679471202,245.7836632621936
2024-11-20 14:03:19+00:00,FFT3378,21.909393310546875,-71.691084428267,11277.6,117.95961679471202,245.7836632621936
2024-11-20 14:03:20+00:00,FFT3378,21.907974243164062,-71.68828790838069,11277.6,117.95961679471202,245.7836632621936
2024-11-20 14:03:21+00:00,FFT3378,21.907017594676905,-71.68629964192706,11277.6,117.95961679471202,245.7836632621936
2024-11-20 14:03:22+00:00,FFT3378,21.905946893207098,-71.68411254882812,11277.6,117.95961679471202,245.7836632621936
2024-11-20 14:03:23+00:00,FFT3378,21.904876191737287,-71.68197631835938,11277.6,117.95961679471202,245.7836632621936
2024-11-20 14:03:24+00:00,FFT3378,21.903898594743115,-71.67999267578125,11277.6,117.95961679471202,245.7836632621936
2024-11-20 14:03:25+00:00,FFT3378,21.902801513671875,-71.67785089666194,11277.6,117.95961679471202,245.7836632621936
2024-11-20 14:03:26+00:00,FFT3378,21.90166408732786,-71.67551676432288,11277.6,117.95961679471202,245.7836632621936
2024-11-20 14:03:27+00:00,FFT3378,21.900558471679688,-71.67330655184657,11277.6,118.06543948453388,246.02527950815423
2024-11-20 14:03:28+00:00,FFT3378,21.89952268438824,-71.67119344075519,11277.6,118.06543948453388,246.02527950815423
2024-11-20 14:03:29+00:00,FFT3378,21.89849853515625,-71.66910807291663,11277.6,118.06543948453388,246.02527950815423
2024-11-20 14:03:30+00:00,FFT3378,21.89793990830244,-71.66803995768225,11277.6,118.06543948453388,246.02527950815423
2024-11-20 14:03:31+00:00,FFT3378,21.896310579978813,-71.66478474934894,11277.6,118.06543948453388,246.02527950815423
2024-11-20 14:03:32+00:00,FFT3378,21.895294189453125,-71.66266978870738,11277.6,118.06543948453388,246.02527950815423
2024-11-20 14:03:33+00:00,FFT3378,21.89421572927701,-71.66056315104163,11277.6,118.06543948453388,246.02527950815423
2024-11-20 14:03:34+00:00,FFT3378,21.89328468452065,-71.65868123372394,11277.6,118.06543948453388,246.02527950815423
2024-11-20 14:03:35+00:00,FFT3378,21.892213983050848,-71.65644327799475,11277.6,118.06543948453388,246.02527950815423
2024-11-20 14:03:36+00:00,FFT3378,21.891265869140625,-71.65457985617894,11277.6,118.06543948453388,246.02527950815423
2024-11-20 14:03:37+00:00,FFT3378,21.89021223682468,-71.6524759928385,11277.6,118.06543948453388,246.02527950815423
2024-11-20 14:03:38+00:00,FFT3378,21.88960705773305,-71.6512552897135,11277.6,118.06543948453388,246.02527950815423
2024-11-20 14:03:39+00:00,FFT3378,21.88793117717161,-71.64789835611975,11277.6,118.06543948453388,246.02527950815423
2024-11-20 14:03:40+00:00,FFT3378,21.88746565479343,-71.646982828776,11285.22,118.06543948453388,246.02527950815423
2024-11-20 14:03:41+00:00,FFT3378,21.88620874437235,-71.64443969726562,11277.6,118.06543948453388,246.02527950815423
2024-11-20 14:03:42+00:00,FFT3378,21.885277699615997,-71.64255777994788,11277.6,118.06543948453388,246.02527950815423
2024-11-20 14:03:43+00:00,FFT3378,21.884033203125,-71.640097878196,11277.6,118.06543948453388,246.02527950815423
2024-11-20 14:03:44+00:00,FFT3378,21.88299663996292,-71.63792928059894,11285.22,118.06543948453388,246.02527950815423
2024-11-20 14:03:45+00:00,FFT3378,21.88197249073093,-71.63589477539062,11285.22,118.06543948453388,246.02527950815423
2024-11-20 14:03:46+00:00,FFT3378,21.880874633789062,-71.63365589488637,11285.22,118.06543948453388,246.02527950815423
2024-11-20 14:03:47+00:00,FFT3378,21.879831087791317,-71.63162231445312,11285.22,118.06543948453388,246.02527950815423
2024-11-20 14:03:48+00:00,FFT3378,21.878853490797137,-71.629638671875,11285.22,118.06543948453388,246.02527950815423
2024-11-20 14:03:49+00:00,FFT3378,21.8778076171875,-71.6275634765625,11285.22,118.06543948453388,246.02527950815423
2024-11-20 14:03:50+00:00,FFT3378,21.876665535619704,-71.62521362304688,11285.22,118.12191027006314,245.57144783281257
2024-11-20 14:03:51+00:00,FFT3378,21.875734490863348,-71.62338256835938,11285.22,118.12191027006314,245.57144783281257
2024-11-20 14:03:52+00:00,FFT3378,21.87464904785156,-71.62117143110794,11285.22,118.12191027006314,245.57144783281257
2024-11-20 14:03:53+00:00,FFT3378,21.873593087923727,-71.61911010742188,11285.22,118.12191027006314,245.57144783281257
2024-11-20 14:03:54+00:00,FFT3378,21.872987908832098,-71.61788940429688,11285.22,118.12191027006314,245.57144783281257
2024-11-20 14:03:55+00:00,FFT3378,21.871490478515625,-71.61487926136363,11285.22,118.12191027006314,245.57144783281257
2024-11-20 14:03:56+00:00,FFT3378,21.87042753575212,-71.61275227864581,11285.22,118.12191027006314,245.57144783281257
2024-11-20 14:03:57+00:00,FFT3378,21.869403386520126,-71.6107177734375,11285.22,118.12191027006314,245.57144783281257
2024-11-20 14:03:58+00:00,FFT3378,21.868331909179688,-71.60853715376419,11285.22,118.12191027006314,245.57144783281257
2024-11-20 14:03:59+00:00,FFT3378,21.8671875,-71.60619007457387,11285.22,118.12191027006314,245.57144783281257
2024-11-20 14:04:00+00:00,FFT3378,21.86665680448888,-71.60517374674475,11285.22,118.12191027006314,245.57144783281257
2024-11-20 14:04:01+00:00,FFT3378,21.86549299854343,-71.60283406575519,11285.22,118.12191027006314,245.57144783281257
2024-11-20 14:04:02+00:00,FFT3378,21.86444091796875,-71.60069691051137,11285.22,118.12191027006314,245.57144783281257
2024-11-20 14:04:03+00:00,FFT3378,21.863444700079448,-71.59866333007812,11285.22,118.12191027006314,245.57144783281257
2024-11-20 14:04:04+00:00,FFT3378,21.862472534179688,-71.59675181995738,11285.22,118.12191027006314,245.57144783281257
2024-11-20 14:04:05+00:00,FFT3378,21.860977431475103,-71.59378051757812,11285.22,118.12191027006314,245.57144783281257
2024-11-20 14:04:06+00:00,FFT3378,21.85981750488281,-71.59140846946019,11285.22,118.12191027006314,245.57144783281257
2024-11-20 14:04:07+00:00,FFT3378,21.85920844643803,-71.59016927083331,11285.22,118.12191027006314,245.57144783281257
2024-11-20 14:04:08+00:00,FFT3378,21.857986450195312,-71.587812943892,11285.22,118.12191027006314,245.57144783281257
2024-11-20 14:04:09+00:00,FFT3378,21.856880834547137,-71.58559163411456,11285.22,118.12191027006314,245.57144783281257
2024-11-20 14:04:10+00:00,FFT3378,21.855789184570312,-71.58336847478694,11285.22,118.12191027006314,245.57144783281257
2024-11-20 14:04:11+00:00,FFT3378,21.854646327131885,-71.581064860026,11285.22,118.12191027006314,245.57144783281257
2024-11-20 14:04:12+00:00,FFT3378,21.853591918945312,-71.57897394353694,11285.22,118.12191027006314,245.57144783281257
2024-11-20 14:04:13+00:00,FFT3378,21.852996826171875,-71.57777543501419,11285.22,118.12191027006314,245.57144783281257
2024-11-20 14:04:14+00:00,FFT3378,21.851620431673727,-71.57506306966144,11285.22,118.17859010995916,245.11785559114293
2024-11-20 14:04:15+00:00,FFT3378,21.850570678710938,-71.57293146306819,11285.22,118.17859010995916,245.11785559114293
2024-11-20 14:04:16+00:00,FFT3378,21.84947902873411,-71.57073974609375,11285.22,118.17859010995916,245.11785559114293
2024-11-20 14:04:17+00:00,FFT3378,21.848419189453125,-71.5686867453835,11285.22,118.17859010995916,245.11785559114293
2024-11-20 14:04:18+00:00,FFT3378,21.847412109375,-71.56668923117894,11285.22,118.17859010995916,245.11785559114293
2024-11-20 14:04:19+00:00,FFT3378,21.846267700195312,-71.56439208984375,11285.22,118.17859010995916,245.11785559114293
2024-11-20 14:04:20+00:00,FFT3378,21.84519622285487,-71.56224568684894,11285.22,118.17859010995916,245.11785559114293
2024-11-20 14:04:21+00:00,FFT3378,21.84461975097656,-71.56104625355113,11285.22,118.17859010995916,245.11785559114293
2024-11-20 14:04:22+00:00,FFT3378,21.844070434570312,-71.55999755859375,11285.22,118.17859010995916,245.11785559114293
2024-11-20 14:04:23+00:00,FFT3378,21.8429151632018,-71.55766805013019,11285.22,118.17859010995916,245.11785559114293
2024-11-20 14:04:24+00:00,FFT3378,21.841873168945312,-71.55555308948863,11285.22,118.17859010995916,245.11785559114293
2024-11-20 14:04:25+00:00,FFT3378,21.840866088867188,-71.55355557528407,11285.22,118.17859010995916,245.11785559114293
2024-11-20 14:04:26+00:00,FFT3378,21.83974961103019,-71.55131022135413,11285.22,118.17859010995916,245.11785559114293
2024-11-20 14:04:27+00:00,FFT3378,21.83867890956038,-71.54912312825519,11285.22,118.17859010995916,245.11785559114293
2024-11-20 14:04:28+00:00,FFT3378,21.837615966796875,-71.54701371626419,11285.22,118.17859010995916,245.11785559114293
2024-11-20 14:04:29+00:00,FFT3378,21.83656311035156,-71.54501620205963,11285.22,118.17859010995916,245.11785559114293
2024-11-20 14:04:30+00:00,FFT3378,21.83555603027344,-71.54291881214488,11285.22,118.17859010995916,245.11785559114293
2024-11-20 14:04:31+00:00,FFT3378,21.833816528320312,-71.53952303799713,11285.22,118.17859010995916,245.11785559114293
2024-11-20 14:04:32+00:00,FFT3378,21.833371954449152,-71.53859456380206,11285.22,118.17859010995916,245.11785559114293
2024-11-20 14:04:33+00:00,FFT3378,21.832443237304688,-71.53672651811075,11285.22,118.17859010995916,245.11785559114293
2024-11-20 14:04:34+00:00,FFT3378,21.830841064453125,-71.5335304953835,11285.22,118.17859010995916,245.11785559114293
2024-11-20 14:04:35+00:00,FFT3378,21.82965087890625,-71.53118341619319,11285.22,118.17859010995916,245.11785559114293
2024-11-20 14:04:36+00:00,FFT3378,21.8285305217161,-71.52887980143225,11285.22,118.17859010995916,245.11785559114293
2024-11-20 14:04:37+00:00,FFT3378,21.827413268008478,-71.52669270833331,11285.22,118.17859010995916,245.11785559114293
2024-11-20 14:04:38+00:00,FFT3378,21.826812744140625,-71.52544056285512,11285.22,118.17859010995916,245.11785559114293
2024-11-20 14:04:39+00:00,FFT3378,21.82557678222656,-71.52304354580963,11285.22,118.17859010995916,245.11785559114293
2024-11-20 14:04:40+00:00,FFT3378,21.82452392578125,-71.52094615589488,11285.22,118.17859010995916,245.11785559114293
2024-11-20 14:04:41+00:00,FFT3378,21.82350288003178,-71.51885986328125,11285.22,118.17859010995916,245.11785559114293
2024-11-20 14:04:42+00:00,FFT3378,21.822525283037606,-71.51692708333331,11285.22,118.17859010995916,245.11785559114293
2024-11-20 14:04:43+00:00,FFT3378,21.821175268140887,-71.51418050130206,11285.22,118.23548005569702,244.66450411482924
2024-11-20 14:04:44+00:00,FFT3378,21.820197671146715,-71.51229858398438,11285.22,118.23548005569702,244.66450411482924
2024-11-20 14:04:45+00:00,FFT3378,21.81922007415254,-71.51031494140625,11277.6,118.23548005569702,244.66450411482924
2024-11-20 14:04:46+00:00,FFT3378,21.818289029396187,-71.50848388671875,11277.6,118.23548005569702,244.66450411482924
2024-11-20 14:04:47+00:00,FFT3378,21.81724548339844,-71.50636430220169,11277.6,118.23548005569702,244.66450411482924
2024-11-20 14:04:48+00:00,FFT3378,21.816238403320312,-71.50441672585225,11277.6,118.23548005569702,244.66450411482924
2024-11-20 14:04:49+00:00,FFT3378,21.81582176079184,-71.50349934895831,11285.22,118.23548005569702,244.66450411482924
2024-11-20 14:04:52+00:00,FFT3378,21.81170654296875,-71.49537797407669,11277.6,118.23548005569702,244.66450411482924
2024-11-20 14:04:54+00:00,FFT3378,21.810095835540253,-71.49215698242188,11277.6,118.23548005569702,244.66450411482924
2024-11-20 14:04:55+00:00,FFT3378,21.809630313162074,-71.49119059244788,11277.6,118.23548005569702,244.66450411482924
2024-11-20 14:04:56+00:00,FFT3378,21.807586669921875,-71.48708829012782,11277.6,118.23548005569702,244.66450411482924
2024-11-20 14:04:57+00:00,FFT3378,21.80702338784428,-71.48595174153644,11277.6,118.23548005569702,244.66450411482924
2024-11-20 14:04:58+00:00,FFT3378,21.80641820875265,-71.48473103841144,11277.6,118.23548005569702,244.66450411482924
2024-11-20 14:04:59+00:00,FFT3378,21.80530095504502,-71.4825439453125,11277.6,118.23548005569702,244.66450411482924
2024-11-20 14:05:00+00:00,FFT3378,21.803904387910485,-71.479746500651,11277.6,118.23548005569702,244.66450411482924
2024-11-20 14:05:01+00:00,FFT3378,21.802780151367188,-71.477500221946,11277.6,118.23548005569702,244.66450411482924
2024-11-20 14:05:02+00:00,FFT3378,21.801623328257413,-71.47516886393225,11277.6,118.23548005569702,244.66450411482924
2024-11-20 14:05:03+00:00,FFT3378,21.80120435811705,-71.47430419921875,11277.6,118.23548005569702,244.66450411482924
2024-11-20 14:05:04+00:00,FFT3378,21.8001708984375,-71.47225674715907,11277.6,118.23548005569702,244.66450411482924
2024-11-20 14:05:05+00:00,FFT3378,21.799072265625,-71.47010941938919,11277.6,118.23548005569702,244.66450411482924
2024-11-20 14:05:06+00:00,FFT3378,21.79815673828125,-71.46826171875,11277.6,118.23548005569702,244.66450411482924
2024-11-20 14:05:07+00:00,FFT3378,21.796409477621825,-71.46474202473956,11277.6,118.23548005569702,244.66450411482924
2024-11-20 14:05:08+00:00,FFT3378,21.795867919921875,-71.46371737393463,11277.6,118.23548005569702,244.66450411482924
2024-11-20 14:05:09+00:00,FFT3378,21.794221522444385,-71.46036783854163,11277.6,118.23548005569702,244.66450411482924
2024-11-20 14:05:10+00:00,FFT3378,21.79315082097457,-71.45823160807288,11277.6,118.23548005569702,244.66450411482924
2024-11-20 14:05:11+00:00,FFT3378,21.792033567266948,-71.45599365234375,11277.6,118.23548005569702,244.66450411482924
2024-11-20 14:05:12+00:00,FFT3378,21.791427612304688,-71.4548783735795,11277.6,118.23548005569702,244.66450411482924
2024-11-20 14:05:13+00:00,FFT3378,21.79046630859375,-71.452880859375,11277.6,118.23548005569702,244.66450411482924
2024-11-20 14:05:14+00:00,FFT3378,21.78882146285752,-71.44963582356769,11277.6,118.23548005569702,244.66450411482924
2024-11-20 14:05:15+00:00,FFT3378,21.78822326660156,-71.448486328125,11277.6,118.23548005569702,244.66450411482924
2024-11-20 14:05:16+00:00,FFT3378,21.78721618652344,-71.44638893821019,11277.6,118.23548005569702,244.66450411482924
2024-11-20 14:05:17+00:00,FFT3378,21.78560935844809,-71.44327799479163,11277.6,118.23548005569702,244.66450411482924
2024-11-20 14:05:18+00:00,FFT3378,21.78460693359375,-71.4412453391335,11277.6,118.23548005569702,244.66450411482924
2024-11-20 14:05:19+00:00,FFT3378,21.783980030124468,-71.44002278645831,11277.6,118.23548005569702,244.66450411482924
2024-11-20 14:05:20+00:00,FFT3378,21.782958984375,-71.43799937855113,11277.6,118.23548005569702,244.66450411482924
2024-11-20 14:05:21+00:00,FFT3378,21.781768798828125,-71.43560236150569,11277.6,118.23548005569702,244.66450411482924
2024-11-20 14:05:22+00:00,FFT3378,21.78081447795286,-71.43366495768225,11277.6,118.23548005569702,244.66450411482924
2024-11-20 14:05:23+00:00,FFT3378,21.779754638671875,-71.43160733309657,11277.6,118.23548005569702,244.66450411482924
2024-11-20 14:05:24+00:00,FFT3378,21.778793334960938,-71.42970969460225,11277.6,118.23548005569702,244.66450411482924
2024-11-20 14:05:25+00:00,FFT3378,21.777740478515625,-71.42756236683238,11277.6,118.23548005569702,244.66450411482924
2024-11-20 14:05:26+00:00,FFT3378,21.77657822431144,-71.42527262369788,11277.6,118.29258116490432,244.21139474473435
2024-11-20 14:05:27+00:00,FFT3378,21.775460970603813,-71.42308553059894,11277.6,118.29258116490432,244.21139474473435
2024-11-20 14:05:28+00:00,FFT3378,21.7745361328125,-71.42127019708806,11277.6,118.29258116490432,244.21139474473435
2024-11-20 14:05:29+00:00,FFT3378,21.773345947265625,-71.41887318004262,11277.6,118.29258116490432,244.21139474473435
2024-11-20 14:05:30+00:00,FFT3378,21.77220231395657,-71.4166259765625,11277.6,118.29258116490432,244.21139474473435
2024-11-20 14:05:32+00:00,FFT3378,21.7701416015625,-71.41248113458806,11277.6,118.29258116490432,244.21139474473435
2024-11-20 14:05:33+00:00,FFT3378,21.76904296875,-71.41028386896306,11277.6,118.29258116490432,244.21139474473435
2024-11-20 14:05:34+00:00,FFT3378,21.7679443359375,-71.40813654119319,11277.6,118.29258116490432,244.21139474473435
2024-11-20 14:05:35+00:00,FFT3378,21.766891479492188,-71.40603915127838,11277.6,118.39875301282918,244.45564763144415
2024-11-20 14:05:36+00:00,FFT3378,21.765838623046875,-71.40399169921875,11277.6,118.39875301282918,244.45564763144415
2024-11-20 14:05:38+00:00,FFT3378,21.764144897460938,-71.40064586292613,11277.6,118.39875301282918,244.45564763144415
2024-11-20 14:05:39+00:00,FFT3378,21.76304626464844,-71.39844859730113,11277.6,118.39875301282918,244.45564763144415
2024-11-20 14:05:40+00:00,FFT3378,21.761947631835938,-71.39625133167613,11277.6,118.39875301282918,244.45564763144415
2024-11-20 14:05:41+00:00,FFT3378,21.7605177022643,-71.39338175455725,11277.6,118.39875301282918,244.45564763144415
2024-11-20 14:05:43+00:00,FFT3378,21.75892639160156,-71.39020885120738,11277.6,118.39875301282918,244.45564763144415
2024-11-20 14:05:44+00:00,FFT3378,21.757864224708687,-71.38814290364581,11277.6,118.39875301282918,244.45564763144415
2024-11-20 14:05:45+00:00,FFT3378,21.75672912597656,-71.3858642578125,11277.6,118.39875301282918,244.45564763144415
2024-11-20 14:05:47+00:00,FFT3378,21.754512463585804,-71.38153076171875,11277.6,118.39875301282918,244.45564763144415
2024-11-20 14:05:51+00:00,FFT3378,21.750640869140625,-71.37382923473012,11277.6,118.39875301282918,244.45564763144415
2024-11-20 14:05:52+00:00,FFT3378,21.749542236328125,-71.37163196910512,11277.6,118.39875301282918,244.45564763144415
2024-11-20 14:05:53+00:00,FFT3378,21.748367568193856,-71.3692728678385,11277.6,118.39875301282918,244.45564763144415
2024-11-20 14:05:54+00:00,FFT3378,21.7474365234375,-71.36749267578125,11277.6,118.39875301282918,244.45564763144415
2024-11-20 14:05:55+00:00,FFT3378,21.746383666992188,-71.36538973721588,11277.6,118.39875301282918,244.45564763144415
2024-11-20 14:05:56+00:00,FFT3378,21.745285034179688,-71.36319247159088,11277.6,118.39875301282918,244.45564763144415
2024-11-20 14:05:57+00:00,FFT3378,21.744140625,-71.36094526811075,11277.6,118.39875301282918,244.45564763144415
2024-11-20 14:05:58+00:00,FFT3378,21.743133544921875,-71.35899769176137,11277.6,118.39875301282918,244.45564763144415
2024-11-20 14:05:59+00:00,FFT3378,21.742172241210938,-71.35705011541194,11277.6,118.39875301282918,244.45564763144415
2024-11-20 14:06:00+00:00,FFT3378,21.741119384765625,-71.354902787642,11277.6,118.39875301282918,244.45564763144415
2024-11-20 14:06:01+00:00,FFT3378,21.740081269862287,-71.35289510091144,11277.6,118.39875301282918,244.45564763144415
2024-11-20 14:06:02+00:00,FFT3378,21.739057120630296,-71.35086059570312,11277.6,118.39875301282918,244.45564763144415
2024-11-20 14:06:03+00:00,FFT3378,21.738032971398304,-71.34877522786456,11277.6,118.39875301282918,244.45564763144415
2024-11-20 14:06:09+00:00,FFT3378,21.73198118048199,-71.33677164713538,11277.6,118.39875301282918,244.45564763144415
2024-11-20 14:06:10+00:00,FFT3378,21.730444956634003,-71.33377075195312,11277.6,118.39875301282918,244.45564763144415
2024-11-20 14:06:11+00:00,FFT3378,21.7298583984375,-71.33263050426137,11277.6,118.39875301282918,244.45564763144415
2024-11-20 14:06:12+00:00,FFT3378,21.72844321040784,-71.32980346679688,11277.6,118.39875301282918,244.45564763144415
2024-11-20 14:06:13+00:00,FFT3378,21.72798156738281,-71.32888516512782,11269.98,118.39875301282918,244.45564763144415
2024-11-20 14:06:14+00:00,FFT3378,21.72634835970604,-71.32573445638019,11277.6,118.39875301282918,244.45564763144415
2024-11-20 14:06:15+00:00,FFT3378,21.725789732852224,-71.32461547851562,11277.6,118.29258116490432,244.21139474473435
2024-11-20 14:06:16+00:00,FFT3378,21.724113852290785,-71.32120768229163,11277.6,118.29258116490432,244.21139474473435
2024-11-20 14:06:17+00:00,FFT3378,21.72303771972656,-71.31909734552556,11269.98,118.29258116490432,244.21139474473435
2024-11-20 14:06:18+00:00,FFT3378,21.721847534179688,-71.31675026633519,11277.6,118.29258116490432,244.21139474473435
2024-11-20 14:06:19+00:00,FFT3378,21.72088623046875,-71.31485262784088,11277.6,118.1861970907314,243.96798210561647
2024-11-20 14:06:20+00:00,FFT3378,21.719879150390625,-71.31280517578125,11277.6,118.1861970907314,243.96798210561647
2024-11-20 14:06:21+00:00,FFT3378,21.71876034494173,-71.31052652994788,11277.6,118.1861970907314,243.96798210561647
2024-11-20 14:06:22+00:00,FFT3378,21.718185424804688,-71.3094094016335,11277.6,118.1861970907314,243.96798210561647
2024-11-20 14:06:23+00:00,FFT3378,21.71717756885593,-71.30742390950519,11277.6,118.1861970907314,243.96798210561647
2024-11-20 14:06:24+00:00,FFT3378,21.71573444948358,-71.30452473958331,11277.6,118.1861970907314,243.96798210561647
2024-11-20 14:06:25+00:00,FFT3378,21.714756852489405,-71.30254109700519,11277.6,118.24336982774906,243.5146635160968
2024-11-20 14:06:26+00:00,FFT3378,21.71363959878178,-71.30035400390625,11277.6,118.24336982774906,243.5146635160968
2024-11-20 14:06:27+00:00,FFT3378,21.713034419690143,-71.29918416341144,11277.6,118.24336982774906,243.5146635160968
2024-11-20 14:06:28+00:00,FFT3378,21.71186828613281,-71.29677512428975,11277.6,118.3007557660064,243.0615883007588
2024-11-20 14:06:29+00:00,FFT3378,21.710861206054688,-71.29482754794032,11277.6,118.3007557660064,243.0615883007588
2024-11-20 14:06:30+00:00,FFT3378,21.709868867518537,-71.29282633463538,11277.6,118.3007557660064,243.0615883007588
2024-11-20 14:06:31+00:00,FFT3378,21.708755493164062,-71.29063276811075,11277.6,118.3007557660064,243.0615883007588
2024-11-20 14:06:32+00:00,FFT3378,21.70761108398437,-71.28833562677556,11277.6,118.3007557660064,243.0615883007588
2024-11-20 14:06:33+00:00,FFT3378,21.7064208984375,-71.28603848544032,11277.6,118.3583559845152,242.6087578231164
2024-11-20 14:06:35+00:00,FFT3378,21.7042236328125,-71.28169389204544,11277.6,118.3583559845152,242.6087578231164
2024-11-20 14:06:36+00:00,FFT3378,21.70372009277344,-71.28064519708806,11277.6,118.3583559845152,242.6087578231164
2024-11-20 14:06:37+00:00,FFT3378,21.703125,-71.27939675071019,11277.6,118.3583559845152,242.6087578231164
2024-11-20 14:06:40+00:00,FFT3378,21.699115300582623,-71.27146402994788,11277.6,118.30900807467944,241.9117868515257
2024-11-20 14:06:42+00:00,FFT3378,21.698043823242188,-71.2694091796875,11277.6,118.25937502821138,241.21499636929087
2024-11-20 14:06:43+00:00,FFT3378,21.69688079316737,-71.26708984375,11277.6,118.31733920389732,240.76199046859497
2024-11-20 14:06:44+00:00,FFT3378,21.695996300648837,-71.2652587890625,11277.6,118.31733920389732,240.76199046859497
2024-11-20 14:06:46+00:00,FFT3378,21.69300842285156,-71.25942160866475,11277.6,118.37552185603504,240.30923190884883
2024-11-20 14:06:47+00:00,FFT3378,21.69200134277344,-71.25742409446019,11277.6,118.43392410149028,239.85672209071024
2024-11-20 14:06:48+00:00,FFT3378,21.69096865896451,-71.25534057617188,11277.6,118.43392410149028,239.85672209071024
2024-11-20 14:06:49+00:00,FFT3378,21.690037614208155,-71.25350952148438,11277.6,118.43392410149028,239.85672209071024
2024-11-20 14:06:50+00:00,FFT3378,21.689208984375,-71.25188099254262,11277.6,118.38422857920072,239.15947715725292
2024-11-20 14:06:51+00:00,FFT3378,21.68798931574417,-71.24949137369788,11277.6,118.38422857920072,239.15947715725292
2024-11-20 14:06:52+00:00,FFT3378,21.68682861328125,-71.24708695845169,11277.6,118.38422857920072,239.15947715725292
2024-11-20 14:06:53+00:00,FFT3378,21.685958862304688,-71.24538907137782,11277.6,118.2756883418308,238.91534840750944
2024-11-20 14:06:54+00:00,FFT3378,21.684860229492188,-71.24324174360794,11277.6,118.2756883418308,238.91534840750944
2024-11-20 14:06:55+00:00,FFT3378,21.68394470214844,-71.24144398082387,11277.6,118.2756883418308,238.91534840750944
2024-11-20 14:06:56+00:00,FFT3378,21.682589256157307,-71.23875935872394,11277.6,118.33424248312464,238.462413194779
2024-11-20 14:06:57+00:00,FFT3378,21.682170286016948,-71.23784383138019,11277.6,118.33424248312464,238.462413194779
2024-11-20 14:06:58+00:00,FFT3378,21.681060791015625,-71.23565118963069,11277.6,118.33424248312464,238.462413194779
2024-11-20 14:06:59+00:00,FFT3378,21.679609912936968,-71.23285929361975,11277.6,118.393019421383,238.00972798171856
2024-11-20 14:07:00+00:00,FFT3378,21.67904663085937,-71.23165616122157,11277.6,118.393019421383,238.00972798171856
2024-11-20 14:07:02+00:00,FFT3378,21.677032470703125,-71.2276611328125,11277.6,118.393019421383,238.00972798171856
2024-11-20 14:07:03+00:00,FFT3378,21.676071166992188,-71.22576349431819,11277.6,118.28396333403904,237.76553179496173
2024-11-20 14:07:07+00:00,FFT3378,21.671696032507946,-71.21714274088538,11277.6,118.40189560713895,236.85998446344647
2024-11-20 14:07:08+00:00,FFT3378,21.67071533203125,-71.21517666903407,11277.6,118.40189560713895,236.85998446344647
2024-11-20 14:07:09+00:00,FFT3378,21.669708251953125,-71.21312921697444,11277.6,118.40189560713895,236.85998446344647
2024-11-20 14:07:10+00:00,FFT3378,21.668623584811968,-71.21103922526038,11277.6,118.40189560713895,236.85998446344647
2024-11-20 14:07:11+00:00,FFT3378,21.6676459878178,-71.2091064453125,11277.6,118.46120041821516,236.40758926703916
2024-11-20 14:07:12+00:00,FFT3378,21.666732788085938,-71.20728648792613,11277.6,118.46120041821516,236.40758926703916
2024-11-20 14:07:13+00:00,FFT3378,21.66563415527344,-71.20513916015625,11277.6,118.46120041821516,236.40758926703916
2024-11-20 14:07:14+00:00,FFT3378,21.664573540121825,-71.20305379231769,11277.6,118.46120041821516,236.40758926703916
2024-11-20 14:07:15+00:00,FFT3378,21.664077758789062,-71.20209295099431,11277.6,118.46120041821516,236.40758926703916
2024-11-20 14:07:16+00:00,FFT3378,21.662612915039062,-71.19914661754262,11277.6,118.46120041821516,236.40758926703916
2024-11-20 14:07:17+00:00,FFT3378,21.661422729492188,-71.19684947620738,11277.6,118.46120041821516,236.40758926703916
2024-11-20 14:07:18+00:00,FFT3378,21.66046142578125,-71.19495183771306,11277.6,118.5207325746009,235.95544831883055
2024-11-20 14:07:19+00:00,FFT3378,21.65940624172405,-71.19283040364581,11277.6,118.5207325746009,235.95544831883055
2024-11-20 14:07:20+00:00,FFT3378,21.658335540254235,-71.19069417317706,11277.6,118.5207325746009,235.95544831883055
2024-11-20 14:07:21+00:00,FFT3378,21.657394409179688,-71.18885941938919,11277.6,118.5207325746009,235.95544831883055
2024-11-20 14:07:22+00:00,FFT3378,21.65684509277344,-71.18776078657669,11277.6,118.5207325746009,235.95544831883055
2024-11-20 14:07:23+00:00,FFT3378,21.65568206269862,-71.18550618489581,11277.6,118.5207325746009,235.95544831883055
2024-11-20 14:07:24+00:00,FFT3378,21.65428549556409,-71.18270874023438,11277.6,118.5207325746009,235.95544831883055
2024-11-20 14:07:25+00:00,FFT3378,21.6536865234375,-71.1815185546875,11277.6,118.41085838490176,235.7102466852213
2024-11-20 14:07:26+00:00,FFT3378,21.652633666992188,-71.17947110262782,11277.6,118.41085838490176,235.7102466852213
2024-11-20 14:07:27+00:00,FFT3378,21.651443481445312,-71.1771240234375,11277.6,118.41085838490176,235.7102466852213
2024-11-20 14:07:28+00:00,FFT3378,21.65048217773437,-71.17517644708806,11277.6,118.5207325746009,235.95544831883055
2024-11-20 14:07:30+00:00,FFT3378,21.648422241210938,-71.17118141867894,11277.6,118.5207325746009,235.95544831883055
2024-11-20 14:07:32+00:00,FFT3378,21.646790585275426,-71.16795857747394,11277.6,118.41085838490176,235.7102466852213
2024-11-20 14:07:33+00:00,FFT3378,21.64571988380561,-71.165771484375,11277.6,118.41085838490176,235.7102466852213
2024-11-20 14:07:35+00:00,FFT3378,21.64324951171875,-71.16099409623575,11277.6,118.41085838490176,235.7102466852213
2024-11-20 14:07:36+00:00,FFT3378,21.642105102539062,-71.15869695490056,11277.6,118.41085838490176,235.7102466852213
2024-11-20 14:07:37+00:00,FFT3378,21.64111121226165,-71.15676879882812,11277.6,118.41085838490176,235.7102466852213
2024-11-20 14:07:38+00:00,FFT3378,21.64027404785156,-71.15505149147725,11277.6,118.41085838490176,235.7102466852213
2024-11-20 14:07:39+00:00,FFT3378,21.639175415039062,-71.15290416370738,11277.6,118.41085838490176,235.7102466852213
2024-11-20 14:07:40+00:00,FFT3378,21.638717651367188,-71.15195534446019,11277.6,118.41085838490176,235.7102466852213
2024-11-20 14:07:41+00:00,FFT3378,21.637664794921875,-71.14985795454544,11277.6,118.41085838490176,235.7102466852213
2024-11-20 14:07:42+00:00,FFT3378,21.636595645193324,-71.14776611328125,11277.6,118.41085838490176,235.7102466852213
2024-11-20 14:07:43+00:00,FFT3378,21.63560485839844,-71.14581298828125,11277.6,118.3007557660064,235.46591366636008
2024-11-20 14:07:44+00:00,FFT3378,21.63459389896716,-71.14384969075519,11277.6,118.3007557660064,235.46591366636008
2024-11-20 14:07:45+00:00,FFT3378,21.63356974973517,-71.14176432291663,11277.6,118.3007557660064,235.46591366636008
2024-11-20 14:07:46+00:00,FFT3378,21.632492065429688,-71.139570756392,11277.6,118.24152222388476,235.9189928141575
2024-11-20 14:07:47+00:00,FFT3378,21.63100937665519,-71.136728922526,11277.6,118.35147494382927,236.16285707985637
2024-11-20 14:07:48+00:00,FFT3378,21.6304973020392,-71.13571166992188,11277.6,118.35147494382927,236.16285707985637
2024-11-20 14:07:49+00:00,FFT3378,21.62933349609375,-71.13342840021306,11277.6,118.35147494382927,236.16285707985637
2024-11-20 14:07:50+00:00,FFT3378,21.62841796875,-71.13153076171875,11277.6,118.35147494382927,236.16285707985637
2024-11-20 14:07:51+00:00,FFT3378,21.627410888671875,-71.12953324751419,11277.6,118.35147494382927,236.16285707985637
2024-11-20 14:07:52+00:00,FFT3378,21.626495361328125,-71.12773548473012,11277.6,118.35147494382927,236.16285707985637
2024-11-20 14:07:53+00:00,FFT3378,21.62535095214844,-71.12543834339488,11277.6,118.35147494382927,236.16285707985637
2024-11-20 14:07:54+00:00,FFT3378,21.62421274993379,-71.12325032552081,11277.6,118.35147494382927,236.16285707985637
2024-11-20 14:07:55+00:00,FFT3378,21.623235152939618,-71.12126668294269,11277.6,118.35147494382927,236.16285707985637
2024-11-20 14:07:56+00:00,FFT3378,21.622238159179688,-71.11929598721588,11277.6,118.35147494382927,236.16285707985637
2024-11-20 14:07:57+00:00,FFT3378,21.62127995895127,-71.11735026041663,11277.6,118.35147494382927,236.16285707985637
2024-11-20 14:07:58+00:00,FFT3378,21.61988339181673,-71.11460367838538,11277.6,118.35147494382927,236.16285707985637
2024-11-20 14:07:59+00:00,FFT3378,21.619278212725103,-71.11343383789062,11277.6,118.35147494382927,236.16285707985637
2024-11-20 14:08:00+00:00,FFT3378,21.61834716796875,-71.11155192057288,11277.6,118.35147494382927,236.16285707985637
2024-11-20 14:08:01+00:00,FFT3378,21.617202758789062,-71.10925847833806,11277.6,118.35147494382927,236.16285707985637
2024-11-20 14:08:02+00:00,FFT3378,21.61606610831568,-71.10702514648438,11277.6,118.35147494382927,236.16285707985637
2024-11-20 14:08:03+00:00,FFT3378,21.614959716796875,-71.10486394708806,11277.6,118.29231874949942,236.6157201901253
2024-11-20 14:08:04+00:00,FFT3378,21.613924705376057,-71.10275268554688,11277.6,118.29231874949942,236.6157201901253
2024-11-20 14:08:05+00:00,FFT3378,21.61280745166843,-71.10056559244788,11277.6,118.29231874949942,236.6157201901253
2024-11-20 14:08:06+00:00,FFT3378,21.61178330243644,-71.09858194986975,11277.6,118.29231874949942,236.6157201901253
2024-11-20 14:08:07+00:00,FFT3378,21.610898809917902,-71.09685262044269,11277.6,118.40189560713895,236.85998446344647
2024-11-20 14:08:08+00:00,FFT3378,21.60997009277344,-71.09502618963069,11277.6,118.40189560713895,236.85998446344647
2024-11-20 14:08:09+00:00,FFT3378,21.60903672040519,-71.09319051106769,11277.6,118.40189560713895,236.85998446344647
2024-11-20 14:08:10+00:00,FFT3378,21.60777980998411,-71.09064737955725,11277.6,118.40189560713895,236.85998446344647
2024-11-20 14:08:11+00:00,FFT3378,21.60731428760593,-71.08968098958331,11277.6,118.40189560713895,236.85998446344647
2024-11-20 14:08:13+00:00,FFT3378,21.60511779785156,-71.08538818359375,11277.6,118.40189560713895,236.85998446344647
2024-11-20 14:08:15+00:00,FFT3378,21.60296630859375,-71.08114346590907,11277.6,118.40189560713895,236.85998446344647
2024-11-20 14:08:18+00:00,FFT3378,21.599865929555083,-71.07493082682288,11277.6,118.40189560713895,236.85998446344647
2024-11-20 14:08:19+00:00,FFT3378,21.598800659179688,-71.07290371981532,11277.6,118.40189560713895,236.85998446344647
2024-11-20 14:08:20+00:00,FFT3378,21.5978176310911,-71.07091267903644,11277.6,118.40189560713895,236.85998446344647
2024-11-20 14:08:21+00:00,FFT3378,21.596840034096928,-71.0689798990885,11277.6,118.40189560713895,236.85998446344647
2024-11-20 14:08:22+00:00,FFT3378,21.595962524414062,-71.0672607421875,11277.6,118.40189560713895,236.85998446344647
2024-11-20 14:08:23+00:00,FFT3378,21.594977944584212,-71.0653177897135,11277.6,118.40189560713895,236.85998446344647
2024-11-20 14:08:24+00:00,FFT3378,21.593994140625,-71.06336558948863,11277.6,118.40189560713895,236.85998446344647
2024-11-20 14:08:25+00:00,FFT3378,21.592941284179688,-71.06126819957387,11277.6,118.40189560713895,236.85998446344647
2024-11-20 14:08:26+00:00,FFT3378,21.591796875,-71.05902099609375,11277.6,118.40189560713895,236.85998446344647
2024-11-20 14:08:27+00:00,FFT3378,21.590695138704977,-71.05687459309894,11277.6,118.51124629410874,237.1051132814617
2024-11-20 14:08:28+00:00,FFT3378,21.58973693847656,-71.0549760298295,11277.6,118.62037071577348,237.35110396554677
2024-11-20 14:08:29+00:00,FFT3378,21.588833049192267,-71.05321248372394,11277.6,118.67996924305857,236.89964663690984
2024-11-20 14:08:30+00:00,FFT3378,21.58771579548464,-71.051025390625,11277.6,118.89782799409812,237.3951434030729
2024-11-20 14:08:31+00:00,FFT3378,21.586715698242188,-71.04913330078125,11277.6,119.06667399135976,237.194391090676
2024-11-20 14:08:32+00:00,FFT3378,21.5855712890625,-71.04693603515625,11277.6,119.23580456870005,236.99570213171407
2024-11-20 14:08:33+00:00,FFT3378,21.58450369107521,-71.04487101236975,11277.6,119.45240135205955,237.4999132750223
2024-11-20 14:08:34+00:00,FFT3378,21.58355712890625,-71.04314075816762,11277.6,119.62163162522744,237.30594111969415
2024-11-20 14:08:35+00:00,FFT3378,21.582504272460938,-71.04114324396306,11277.6,119.8989018386146,237.37005864905203
2024-11-20 14:08:36+00:00,FFT3378,21.58099365234375,-71.03829678622157,11277.6,120.06858282186246,237.18155947376357
2024-11-20 14:08:37+00:00,FFT3378,21.58050019862288,-71.03739420572913,11277.6,120.34586393579018,237.2546346203236
2024-11-20 14:08:38+00:00,FFT3378,21.579289840439618,-71.03520711263019,11277.6,120.45296073791108,237.51495621671864
2024-11-20 14:08:39+00:00,FFT3378,21.57831224344545,-71.03342692057288,11277.6,120.72972382894392,237.59572609340952
2024-11-20 14:08:40+00:00,FFT3378,21.57701110839844,-71.03115567294032,11277.6,121.0062923665108,237.6820359542777
2024-11-20 14:08:41+00:00,FFT3378,21.575958251953125,-71.029258034446,11277.6,121.17659277268422,237.50715629180917
2024-11-20 14:08:42+00:00,FFT3378,21.57481384277344,-71.02726052024144,11277.6,121.45308846254208,237.6024092668341
2024-11-20 14:08:43+00:00,FFT3378,21.57333115399894,-71.02467854817706,11277.6,121.62376790358712,237.4330442254127
2024-11-20 14:08:44+00:00,FFT3378,21.572725974907307,-71.02361043294269,11277.6,121.83470425976977,237.97414322918985
2024-11-20 14:08:45+00:00,FFT3378,21.57110595703125,-71.02081853693181,11277.6,122.11036848594,238.0825489370199
2024-11-20 14:08:46+00:00,FFT3378,21.570602416992188,-71.02001953125,11277.6,122.28115723474856,237.9213122986233
2024-11-20 14:08:47+00:00,FFT3378,21.569503784179688,-71.01817183061075,11277.6,122.55666579210676,238.03863667616383
2024-11-20 14:08:48+00:00,FFT3378,21.56758117675781,-71.01492587002838,11277.6,122.72778139435412,237.88293300379635
2024-11-20 14:08:49+00:00,FFT3378,21.566940307617188,-71.01392711292613,11277.6,123.00310069207642,238.00917201087552
2024-11-20 14:08:50+00:00,FFT3378,21.56583624371028,-71.01206461588538,11277.6,123.00310069207642,238.00917201087552
2024-11-20 14:08:51+00:00,FFT3378,21.56451416015625,-71.00998202237213,11277.6,123.27812174595088,238.14090080120167
2024-11-20 14:08:52+00:00,FFT3378,21.563278198242188,-71.0079345703125,11277.6,123.72439692841048,238.13478841926323
2024-11-20 14:08:53+00:00,FFT3378,21.56195068359375,-71.00588711825282,11277.6,123.72439692841048,238.13478841926323
2024-11-20 14:08:54+00:00,FFT3378,21.560714721679688,-71.00388960404825,11277.6,123.89616656336392,237.99360429996165
2024-11-20 14:08:55+00:00,FFT3378,21.55950513936705,-71.00199381510413,11277.6,124.10127419424715,238.5689330392196
2024-11-20 14:08:56+00:00,FFT3378,21.558380126953125,-71.000244140625,11277.6,124.2729488242916,238.4324459143599
2024-11-20 14:08:57+00:00,FFT3378,21.55703787076271,-70.99812825520831,11277.6,124.2729488242916,238.4324459143599
2024-11-20 14:08:58+00:00,FFT3378,21.555920617055083,-70.99639892578125,11277.6,124.4448185670512,238.29810181462472
2024-11-20 14:08:59+00:00,FFT3378,21.554803363347457,-70.99466959635413,11277.6,124.4448185670512,238.29810181462472
2024-11-20 14:09:00+00:00,FFT3378,21.55366516113281,-70.99290327592325,11277.6,124.54669895948466,238.58945483560177
2024-11-20 14:09:04+00:00,FFT3378,21.54861191571769,-70.98505655924475,11277.6,124.61688065709502,238.1659043665127
2024-11-20 14:09:06+00:00,FFT3378,21.54665672172934,-70.98200480143225,11277.6,124.61688065709502,238.1659043665127
2024-11-20 14:09:07+00:00,FFT3378,21.544748079978813,-70.97905476888019,11277.6,124.61688065709502,238.1659043665127
2024-11-20 14:09:08+00:00,FFT3378,21.54359436035156,-70.97727272727269,11277.6,124.54669895948466,238.58945483560177
2024-11-20 14:09:09+00:00,FFT3378,21.54242046808792,-70.97544352213538,11277.6,124.54669895948466,238.58945483560177
2024-11-20 14:09:10+00:00,FFT3378,21.541305541992188,-70.97372713955963,11277.6,124.54669895948466,238.58945483560177
2024-11-20 14:09:11+00:00,FFT3378,21.540279065148304,-70.97213745117188,11277.6,124.54669895948466,238.58945483560177
2024-11-20 14:09:12+00:00,FFT3378,21.53906870696504,-70.97030639648438,11277.6,124.54669895948466,238.58945483560177
2024-11-20 14:09:13+00:00,FFT3378,21.537322998046875,-70.96753484552556,11277.6,124.4448185670512,238.29810181462472
2024-11-20 14:09:14+00:00,FFT3378,21.536601438360695,-70.9664408365885,11277.6,124.4448185670512,238.29810181462472
2024-11-20 14:09:15+00:00,FFT3378,21.535437632415253,-70.96455891927081,11277.6,124.4448185670512,238.29810181462472
2024-11-20 14:09:16+00:00,FFT3378,21.534164428710938,-70.96259099786931,11277.6,124.37498145703351,238.7225263558977
2024-11-20 14:09:17+00:00,FFT3378,21.532504841432733,-70.95998128255206,11277.6,124.37498145703351,238.7225263558977
2024-11-20 14:09:18+00:00,FFT3378,21.5318996623411,-70.95901489257812,11277.6,124.2729488242916,238.4324459143599
2024-11-20 14:09:19+00:00,FFT3378,21.530044555664062,-70.95614901455963,11277.6,124.2729488242916,238.4324459143599
2024-11-20 14:09:20+00:00,FFT3378,21.52896687135858,-70.95443725585938,11277.6,124.2729488242916,238.4324459143599
2024-11-20 14:09:21+00:00,FFT3378,21.52780306541313,-70.95265706380206,11277.6,124.2729488242916,238.4324459143599
2024-11-20 14:09:22+00:00,FFT3378,21.526519775390625,-70.950605912642,11277.6,124.2729488242916,238.4324459143599
2024-11-20 14:09:23+00:00,FFT3378,21.525466918945312,-70.94895796342325,11277.6,124.2729488242916,238.4324459143599
2024-11-20 14:09:24+00:00,FFT3378,21.524093627929688,-70.94681063565338,11277.6,124.2729488242916,238.4324459143599
2024-11-20 14:09:25+00:00,FFT3378,21.52342715505826,-70.94579060872394,11277.6,124.2729488242916,238.4324459143599
2024-11-20 14:09:26+00:00,FFT3378,21.52157592773437,-70.9429154829545,11277.6,124.2729488242916,238.4324459143599
2024-11-20 14:09:27+00:00,FFT3378,21.5203857421875,-70.94096790660512,11277.6,124.2729488242916,238.4324459143599
2024-11-20 14:09:28+00:00,FFT3378,21.51970297603284,-70.93999226888019,11277.6,124.2729488242916,238.4324459143599
2024-11-20 14:09:29+00:00,FFT3378,21.518463134765625,-70.93802157315338,11277.6,124.2729488242916,238.4324459143599
2024-11-20 14:09:30+00:00,FFT3378,21.51718139648437,-70.93597412109375,11277.6,124.2729488242916,238.4324459143599
2024-11-20 14:09:31+00:00,FFT3378,21.515533447265625,-70.93337735262782,11277.6,124.20345682817566,238.8577397348712
2024-11-20 14:09:32+00:00,FFT3378,21.514389038085938,-70.93152965198863,11277.6,124.10127419424715,238.5689330392196
2024-11-20 14:09:33+00:00,FFT3378,21.513604632878707,-70.93037923177081,11277.6,124.10127419424715,238.5689330392196
2024-11-20 14:09:34+00:00,FFT3378,21.51251220703125,-70.928633256392,11277.6,124.10127419424715,238.5689330392196
2024-11-20 14:09:35+00:00,FFT3378,21.51137012546345,-70.92681884765625,11277.6,124.10127419424715,238.5689330392196
2024-11-20 14:09:36+00:00,FFT3378,21.509490966796875,-70.92383922230113,11277.6,124.10127419424715,238.5689330392196
2024-11-20 14:09:37+00:00,FFT3378,21.50820457329184,-70.921885172526,11277.6,124.10127419424715,238.5689330392196
2024-11-20 14:09:38+00:00,FFT3378,21.507552841962397,-70.92081705729163,11277.6,124.10127419424715,238.5689330392196
2024-11-20 14:09:39+00:00,FFT3378,21.5064697265625,-70.91914506392044,11277.6,124.10127419424715,238.5689330392196
2024-11-20 14:09:40+00:00,FFT3378,21.50518798828125,-70.91704767400569,11277.6,124.10127419424715,238.5689330392196
2024-11-20 14:09:41+00:00,FFT3378,21.503968319650426,-70.9151713053385,11277.6,124.10127419424715,238.5689330392196
2024-11-20 14:09:42+00:00,FFT3378,21.50262451171875,-70.91305264559657,11277.6,124.10127419424715,238.5689330392196
2024-11-20 14:09:43+00:00,FFT3378,21.501251220703125,-70.91085537997157,11285.22,124.10127419424715,238.5689330392196
2024-11-20 14:09:44+00:00,FFT3378,21.499871722722457,-70.90871175130206,11285.22,124.10127419424715,238.5689330392196
2024-11-20 14:09:45+00:00,FFT3378,21.49880102125265,-70.90703328450519,11277.6,124.10127419424715,238.5689330392196
2024-11-20 14:09:46+00:00,FFT3378,21.497726440429688,-70.90531227805394,11285.22,124.10127419424715,238.5689330392196
2024-11-20 14:09:47+00:00,FFT3378,21.496627807617188,-70.903564453125,11285.22,124.10127419424715,238.5689330392196
2024-11-20 14:09:48+00:00,FFT3378,21.495437622070312,-70.90171675248575,11285.22,124.10127419424715,238.5689330392196
2024-11-20 14:09:49+00:00,FFT3378,21.49409924523305,-70.89960734049475,11285.22,124.10127419424715,238.5689330392196
2024-11-20 14:09:50+00:00,FFT3378,21.49305725097656,-70.89797141335225,11285.22,124.1706679455952,238.14312344664563
2024-11-20 14:09:51+00:00,FFT3378,21.49200439453125,-70.89630126953125,11285.22,124.1706679455952,238.14312344664563
2024-11-20 14:09:52+00:00,FFT3378,21.490794036347985,-70.8944193522135,11285.22,124.1706679455952,238.14312344664563
2024-11-20 14:09:53+00:00,FFT3378,21.4896240234375,-70.892578125,11285.22,124.1706679455952,238.14312344664563
2024-11-20 14:09:55+00:00,FFT3378,21.48715209960937,-70.88873291015625,11285.22,124.2729488242916,238.4324459143599
2024-11-20 14:09:56+00:00,FFT3378,21.486053466796875,-70.886885209517,11285.22,124.2729488242916,238.4324459143599
2024-11-20 14:09:58+00:00,FFT3378,21.483438782772776,-70.882822672526,11285.22,124.2729488242916,238.4324459143599
2024-11-20 14:09:59+00:00,FFT3378,21.482254028320312,-70.88099254261363,11285.22,124.2729488242916,238.4324459143599
2024-11-20 14:10:04+00:00,FFT3378,21.476715087890625,-70.87230335582387,11285.22,124.1706679455952,238.14312344664563
2024-11-20 14:10:05+00:00,FFT3378,21.4749755859375,-70.8695068359375,11285.22,124.2729488242916,238.4324459143599
2024-11-20 14:10:06+00:00,FFT3378,21.47373962402344,-70.86755925958806,11285.22,124.2729488242916,238.4324459143599
2024-11-20 14:10:07+00:00,FFT3378,21.47254555912341,-70.86568196614581,11285.22,124.2729488242916,238.4324459143599
2024-11-20 14:10:08+00:00,FFT3378,21.471335200940143,-70.86380004882812,11285.22,124.1706679455952,238.14312344664563
2024-11-20 14:10:09+00:00,FFT3378,21.469940185546875,-70.86166659268463,11285.22,124.2729488242916,238.4324459143599
2024-11-20 14:10:10+00:00,FFT3378,21.46877482786017,-70.85983276367188,11285.22,124.10127419424715,238.5689330392196
2024-11-20 14:10:11+00:00,FFT3378,21.46746826171875,-70.85772150213069,11285.22,124.10127419424715,238.5689330392196
2024-11-20 14:10:12+00:00,FFT3378,21.466278076171875,-70.85587380149144,11285.22,124.10127419424715,238.5689330392196
2024-11-20 14:10:13+00:00,FFT3378,21.46522521972656,-70.85417591441762,11285.22,124.10127419424715,238.5689330392196
2024-11-20 14:10:14+00:00,FFT3378,21.46393339512712,-70.85220336914062,11285.22,124.10127419424715,238.5689330392196
2024-11-20 14:10:15+00:00,FFT3378,21.46275329589844,-70.85033069957387,11285.22,124.10127419424715,238.5689330392196
2024-11-20 14:10:16+00:00,FFT3378,21.461471557617188,-70.84828324751419,11285.22,124.10127419424715,238.5689330392196
2024-11-20 14:10:17+00:00,FFT3378,21.46014404296875,-70.84618585759944,11285.22,124.10127419424715,238.5689330392196
2024-11-20 14:10:18+00:00,FFT3378,21.4589057534428,-70.84421793619788,11285.22,124.10127419424715,238.5689330392196
2024-11-20 14:10:19+00:00,FFT3378,21.457835051972985,-70.842539469401,11285.22,124.10127419424715,238.5689330392196
2024-11-20 14:10:20+00:00,FFT3378,21.456578141551905,-70.84060668945312,11285.22,124.10127419424715,238.5689330392196
2024-11-20 14:10:21+00:00,FFT3378,21.455337524414062,-70.83859530362213,11285.22,124.10127419424715,238.5689330392196
2024-11-20 14:10:22+00:00,FFT3378,21.454250529661017,-70.83689371744788,11285.22,124.10127419424715,238.5689330392196
2024-11-20 14:10:23+00:00,FFT3378,21.4530029296875,-70.83494984019887,11285.22,124.10127419424715,238.5689330392196
2024-11-20 14:10:24+00:00,FFT3378,21.45182981329449,-70.8331298828125,11277.6,124.10127419424715,238.5689330392196
2024-11-20 14:10:25+00:00,FFT3378,21.45053100585937,-70.8310546875,11285.22,124.10127419424715,238.5689330392196
2024-11-20 14:10:26+00:00,FFT3378,21.449455649165785,-70.82941691080725,11285.22,124.10127419424715,238.5689330392196
2024-11-20 14:10:27+00:00,FFT3378,21.448150634765625,-70.82730934836644,11285.22,124.10127419424715,238.5689330392196
2024-11-20 14:10:28+00:00,FFT3378,21.44698838056144,-70.82550048828125,11285.22,124.2729488242916,238.4324459143599
2024-11-20 14:10:29+00:00,FFT3378,21.445770263671875,-70.82361394708806,11285.22,124.2729488242916,238.4324459143599
2024-11-20 14:10:30+00:00,FFT3378,21.444488525390625,-70.82151655717325,11285.22,124.2729488242916,238.4324459143599
2024-11-20 14:10:31+00:00,FFT3378,21.443310753773837,-70.81975301106769,11285.22,124.2729488242916,238.4324459143599
2024-11-20 14:10:32+00:00,FFT3378,21.442153930664062,-70.81792103160512,11285.22,124.2729488242916,238.4324459143599
2024-11-20 14:10:33+00:00,FFT3378,21.441192626953125,-70.81637295809657,11285.22,124.2729488242916,238.4324459143599
2024-11-20 14:10:34+00:00,FFT3378,21.439493470272776,-70.81370035807288,11285.22,124.2729488242916,238.4324459143599
2024-11-20 14:10:35+00:00,FFT3378,21.438400268554688,-70.81197842684657,11285.22,124.2729488242916,238.4324459143599
2024-11-20 14:10:36+00:00,FFT3378,21.437713623046875,-70.81087979403407,11285.22,124.2729488242916,238.4324459143599
2024-11-20 14:10:37+00:00,FFT3378,21.4364210225768,-70.80891927083331,11285.22,124.2729488242916,238.4324459143599
2024-11-20 14:10:38+00:00,FFT3378,21.43519592285156,-70.80698464133519,11285.22,124.2729488242916,238.4324459143599
2024-11-20 14:10:39+00:00,FFT3378,21.43341064453125,-70.80413818359375,11285.22,124.2729488242916,238.4324459143599
2024-11-20 14:10:40+00:00,FFT3378,21.43226623535156,-70.80234042080963,11285.22,124.2729488242916,238.4324459143599
2024-11-20 14:10:41+00:00,FFT3378,21.43097441075212,-70.80037434895831,11285.22,124.2729488242916,238.4324459143599
2024-11-20 14:10:42+00:00,FFT3378,21.430415783898304,-70.79945882161456,11285.22,124.2729488242916,238.4324459143599
2024-11-20 14:10:43+00:00,FFT3378,21.42887956005032,-70.79706827799475,11285.22,124.2729488242916,238.4324459143599
2024-11-20 14:10:44+00:00,FFT3378,21.42766920186705,-70.79518636067706,11285.22,124.2729488242916,238.4324459143599
2024-11-20 14:10:45+00:00,FFT3378,21.42636108398437,-70.79315185546875,11285.22,124.2729488242916,238.4324459143599
2024-11-20 14:10:46+00:00,FFT3378,21.425308227539062,-70.79150390625,11285.22,124.2729488242916,238.4324459143599
2024-11-20 14:10:47+00:00,FFT3378,21.424713134765625,-70.79050514914769,11285.22,124.2729488242916,238.4324459143599
2024-11-20 14:10:49+00:00,FFT3378,21.42212948556673,-70.78648885091144,11285.22,124.2729488242916,238.4324459143599
2024-11-20 14:10:50+00:00,FFT3378,21.42036050052966,-70.78369140625,11285.22,124.2729488242916,238.4324459143599
2024-11-20 14:10:52+00:00,FFT3378,21.41793978416313,-70.77992757161456,11285.22,124.2729488242916,238.4324459143599
2024-11-20 14:10:55+00:00,FFT3378,21.414308709613348,-70.77423095703125,11285.22,124.2729488242916,238.4324459143599
2024-11-20 14:10:56+00:00,FFT3378,21.41375008275953,-70.77341715494788,11285.22,124.2729488242916,238.4324459143599
2024-11-20 14:10:57+00:00,FFT3378,21.41244506835937,-70.77132901278407,11285.22,124.2729488242916,238.4324459143599
2024-11-20 14:10:58+00:00,FFT3378,21.411209106445312,-70.76938143643463,11285.22,124.2729488242916,238.4324459143599
2024-11-20 14:10:59+00:00,FFT3378,21.40983969478284,-70.7672119140625,11285.22,124.2729488242916,238.4324459143599
2024-11-20 14:11:00+00:00,FFT3378,21.40858278436176,-70.76522827148438,11285.22,124.2729488242916,238.4324459143599
2024-11-20 14:11:01+00:00,FFT3378,21.4072265625,-70.76318914240056,11285.22,124.2729488242916,238.4324459143599
2024-11-20 14:11:02+00:00,FFT3378,21.406162067995236,-70.76146443684894,11285.22,124.2729488242916,238.4324459143599
2024-11-20 14:11:03+00:00,FFT3378,21.404937744140625,-70.75959361683238,11285.22,124.2729488242916,238.4324459143599
2024-11-20 14:11:04+00:00,FFT3378,21.40378790386653,-70.75780232747394,11285.22,124.2729488242916,238.4324459143599
2024-11-20 14:11:05+00:00,FFT3378,21.4024658203125,-70.75574840198863,11277.6,124.2729488242916,238.4324459143599
2024-11-20 14:11:06+00:00,FFT3378,21.401274083024365,-70.75383504231769,11277.6,124.2729488242916,238.4324459143599
2024-11-20 14:11:07+00:00,FFT3378,21.399970620365465,-70.75180053710938,11277.6,124.2729488242916,238.4324459143599
2024-11-20 14:11:08+00:00,FFT3378,21.398760262182204,-70.74991861979163,11277.6,124.2729488242916,238.4324459143599
2024-11-20 14:11:09+00:00,FFT3378,21.397476196289062,-70.74785822088069,11277.6,124.2729488242916,238.4324459143599
2024-11-20 14:11:10+00:00,FFT3378,21.39638609805349,-70.74615478515625,11285.22,124.2729488242916,238.4324459143599
2024-11-20 14:11:11+00:00,FFT3378,21.3951416015625,-70.7442626953125,11277.6,124.2729488242916,238.4324459143599
2024-11-20 14:11:12+00:00,FFT3378,21.393951416015625,-70.74231511896306,11277.6,124.2729488242916,238.4324459143599
2024-11-20 14:11:13+00:00,FFT3378,21.392661919028072,-70.74030558268225,11277.6,124.2729488242916,238.4324459143599
2024-11-20 14:11:14+00:00,FFT3378,21.3914794921875,-70.73851984197444,11277.6,124.2729488242916,238.4324459143599
2024-11-20 14:11:15+00:00,FFT3378,21.390241202661542,-70.73659261067706,11277.6,124.2729488242916,238.4324459143599
2024-11-20 14:11:16+00:00,FFT3378,21.388984292240465,-70.73455810546875,11277.6,124.2729488242916,238.4324459143599
2024-11-20 14:11:17+00:00,FFT3378,21.38758850097656,-70.73237748579544,11277.6,124.2729488242916,238.4324459143599
2024-11-20 14:11:18+00:00,FFT3378,21.386444091796875,-70.73062966086644,11277.6,124.2729488242916,238.4324459143599
2024-11-20 14:11:19+00:00,FFT3378,21.385162353515625,-70.72863214666194,11277.6,124.2729488242916,238.4324459143599
2024-11-20 14:11:20+00:00,FFT3378,21.38386354608051,-70.72652180989581,11277.6,124.2729488242916,238.4324459143599
2024-11-20 14:11:21+00:00,FFT3378,21.38316526251324,-70.72545369466144,11277.6,124.2729488242916,238.4324459143599
2024-11-20 14:11:22+00:00,FFT3378,21.381396277476163,-70.72265625,11277.6,124.2729488242916,238.4324459143599
2024-11-20 14:11:23+00:00,FFT3378,21.38023247153072,-70.72087605794269,11277.6,124.2729488242916,238.4324459143599
2024-11-20 14:11:24+00:00,FFT3378,21.37957763671875,-70.71984308416194,11277.6,124.2729488242916,238.4324459143599
2024-11-20 14:11:25+00:00,FFT3378,21.3782958984375,-70.71779563210225,11277.6,124.1706679455952,238.14312344664563
2024-11-20 14:11:26+00:00,FFT3378,21.37702036712129,-70.71584065755206,11277.6,124.1706679455952,238.14312344664563
2024-11-20 14:11:27+00:00,FFT3378,21.37567035222457,-70.71370442708331,11277.6,124.1706679455952,238.14312344664563
2024-11-20 14:11:28+00:00,FFT3378,21.3746337890625,-70.71205277876419,11277.6,124.1706679455952,238.14312344664563
2024-11-20 14:11:29+00:00,FFT3378,21.37362670898437,-70.71045476740056,11277.6,124.1706679455952,238.14312344664563
2024-11-20 14:11:30+00:00,FFT3378,21.371749877929688,-70.70755837180394,11277.6,124.1706679455952,238.14312344664563
2024-11-20 14:11:31+00:00,FFT3378,21.370651245117188,-70.705810546875,11277.6,124.1706679455952,238.14312344664563
2024-11-20 14:11:32+00:00,FFT3378,21.36943235235699,-70.70388793945312,11277.6,124.1706679455952,238.14312344664563
2024-11-20 14:11:33+00:00,FFT3378,21.36812888969809,-70.70185343424475,11277.6,124.1706679455952,238.14312344664563
2024-11-20 14:11:34+00:00,FFT3378,21.36689758300781,-70.69986794211644,11277.6,124.1706679455952,238.14312344664563
2024-11-20 14:11:35+00:00,FFT3378,21.365798950195312,-70.69821999289769,11277.6,124.1706679455952,238.14312344664563
2024-11-20 14:11:36+00:00,FFT3378,21.36454436738612,-70.69620768229163,11277.6,124.1706679455952,238.14312344664563
2024-11-20 14:11:37+00:00,FFT3378,21.363189697265625,-70.69407515092325,11277.6,124.1706679455952,238.14312344664563
2024-11-20 14:11:38+00:00,FFT3378,21.362496068922137,-70.69305419921875,11277.6,124.1706679455952,238.14312344664563
2024-11-20 14:11:39+00:00,FFT3378,21.361129760742188,-70.69082919034088,11277.6,124.1706679455952,238.14312344664563
2024-11-20 14:11:40+00:00,FFT3378,21.359939575195312,-70.68898148970169,11277.6,124.1706679455952,238.14312344664563
2024-11-20 14:11:41+00:00,FFT3378,21.358771889896715,-70.68715413411456,11277.6,124.1706679455952,238.14312344664563
2024-11-20 14:11:42+00:00,FFT3378,21.357421875,-70.68503639914769,11277.6,124.1706679455952,238.14312344664563
2024-11-20 14:11:43+00:00,FFT3378,21.356258069054554,-70.68318684895831,11277.6,124.1706679455952,238.14312344664563
2024-11-20 14:11:44+00:00,FFT3378,21.35509426310911,-70.68135579427081,11277.6,124.1706679455952,238.14312344664563
2024-11-20 14:11:45+00:00,FFT3378,21.353883904925848,-70.67942301432288,11277.6,124.1706679455952,238.14312344664563
2024-11-20 14:11:46+00:00,FFT3378,21.352487337791317,-70.67723592122394,11277.6,124.1706679455952,238.14312344664563
2024-11-20 14:11:47+00:00,FFT3378,21.351882934570312,-70.67624733664769,11277.6,124.1706679455952,238.14312344664563
2024-11-20 14:11:48+00:00,FFT3378,21.350485591565143,-70.674082438151,11277.6,124.1706679455952,238.14312344664563
2024-11-20 14:11:49+00:00,FFT3378,21.349411010742188,-70.67240212180394,11277.6,124.1706679455952,238.14312344664563
2024-11-20 14:11:50+00:00,FFT3378,21.34815797967426,-70.670420328776,11277.6,124.1706679455952,238.14312344664563
2024-11-20 14:11:51+00:00,FFT3378,21.346343994140625,-70.66760808771306,11277.6,124.1706679455952,238.14312344664563
2024-11-20 14:11:53+00:00,FFT3378,21.344433800648837,-70.66457112630206,11277.6,124.1706679455952,238.14312344664563
2024-11-20 14:11:54+00:00,FFT3378,21.3430372335143,-70.66238403320312,11277.6,124.24031019657058,237.71766443332572
2024-11-20 14:11:55+00:00,FFT3378,21.341766357421875,-70.66041703657669,11277.6,124.34268906720732,238.00750409055408
2024-11-20 14:11:56+00:00,FFT3378,21.340484619140625,-70.65841952237213,11277.6,124.34268906720732,238.00750409055408
2024-11-20 14:11:57+00:00,FFT3378,21.3394775390625,-70.65687144886363,11277.6,124.34268906720732,238.00750409055408
2024-11-20 14:11:58+00:00,FFT3378,21.338242353019066,-70.6549072265625,11277.6,124.34268906720732,238.00750409055408
2024-11-20 14:11:59+00:00,FFT3378,21.33700561523437,-70.65297629616475,11277.6,124.34268906720732,238.00750409055408
2024-11-20 14:12:00+00:00,FFT3378,21.335952758789062,-70.65127840909088,11277.6,124.34268906720732,238.00750409055408
2024-11-20 14:12:01+00:00,FFT3378,21.334750935182733,-70.64946492513019,11277.6,124.34268906720732,238.00750409055408
2024-11-20 14:12:02+00:00,FFT3378,21.333540576999468,-70.6475830078125,11277.6,124.34268906720732,238.00750409055408
2024-11-20 14:12:03+00:00,FFT3378,21.33247375488281,-70.64588512073863,11277.6,124.34268906720732,238.00750409055408
2024-11-20 14:12:04+00:00,FFT3378,21.331283569335938,-70.64403742009944,11277.6,124.34268906720732,238.00750409055408
2024-11-20 14:12:05+00:00,FFT3378,21.330281920352224,-70.64249674479163,11277.6,124.4448185670512,238.29810181462472
2024-11-20 14:12:06+00:00,FFT3378,21.329132080078125,-70.64069158380681,11277.6,124.4448185670512,238.29810181462472
2024-11-20 14:12:07+00:00,FFT3378,21.32798767089844,-70.63889382102269,11277.6,124.4448185670512,238.29810181462472
2024-11-20 14:12:08+00:00,FFT3378,21.32684326171875,-70.63709605823863,11277.6,124.4448185670512,238.29810181462472
2024-11-20 14:12:09+00:00,FFT3378,21.325469970703125,-70.63499866832387,11277.6,124.4448185670512,238.29810181462472
2024-11-20 14:12:10+00:00,FFT3378,21.32441633838718,-70.63329060872394,11277.6,124.4448185670512,238.29810181462472
2024-11-20 14:12:11+00:00,FFT3378,21.323066323490465,-70.63125610351562,11277.6,124.4448185670512,238.29810181462472
2024-11-20 14:12:12+00:00,FFT3378,21.32176286083157,-70.62922159830725,11277.6,124.51490478531557,237.8740325727516
2024-11-20 14:12:13+00:00,FFT3378,21.320552502648304,-70.62728881835938,11277.6,124.51490478531557,237.8740325727516
2024-11-20 14:12:14+00:00,FFT3378,21.31938869670286,-70.62550862630206,11277.6,124.51490478531557,237.8740325727516
2024-11-20 14:12:15+00:00,FFT3378,21.318283081054688,-70.62376265092325,11277.6,124.51490478531557,237.8740325727516
2024-11-20 14:12:16+00:00,FFT3378,21.316967980336333,-70.62179565429688,11277.6,124.51490478531557,237.8740325727516
2024-11-20 14:12:17+00:00,FFT3378,21.315711069915253,-70.6197611490885,11277.6,124.51490478531557,237.8740325727516
2024-11-20 14:12:18+00:00,FFT3378,21.31450071173199,-70.617930094401,11277.6,124.51490478531557,237.8740325727516
2024-11-20 14:12:19+00:00,FFT3378,21.31343001026218,-70.61630249023438,11277.6,124.51490478531557,237.8740325727516
2024-11-20 14:12:20+00:00,FFT3378,21.312312756554554,-70.61452229817706,11277.6,124.51490478531557,237.8740325727516
2024-11-20 14:12:21+00:00,FFT3378,21.311050415039062,-70.61252663352269,11277.6,124.51490478531557,237.8740325727516
2024-11-20 14:12:22+00:00,FFT3378,21.30967712402344,-70.61037930575282,11277.6,124.51490478531557,237.8740325727516
2024-11-20 14:12:23+00:00,FFT3378,21.30849547305349,-70.60857137044269,11277.6,124.51490478531557,237.8740325727516
2024-11-20 14:12:24+00:00,FFT3378,21.3071920103946,-70.60658772786456,11277.6,124.51490478531557,237.8740325727516
2024-11-20 14:12:25+00:00,FFT3378,21.306074756686968,-70.6048583984375,11277.6,124.51490478531557,237.8740325727516
2024-11-20 14:12:26+00:00,FFT3378,21.304817846265887,-70.60287475585938,11277.6,124.41267868176288,237.58291615220224
2024-11-20 14:12:27+00:00,FFT3378,21.303560935844807,-70.60094197591144,11277.6,124.34268906720732,238.00750409055408
2024-11-20 14:12:28+00:00,FFT3378,21.3017578125,-70.59804465553975,11277.6,124.34268906720732,238.00750409055408
2024-11-20 14:12:29+00:00,FFT3378,21.300628144862287,-70.59636433919269,11277.6,124.34268906720732,238.00750409055408
2024-11-20 14:12:30+00:00,FFT3378,21.29965209960937,-70.5948486328125,11277.6,124.34268906720732,238.00750409055408
2024-11-20 14:12:31+00:00,FFT3378,21.298416137695312,-70.59285111860794,11277.6,124.34268906720732,238.00750409055408
2024-11-20 14:12:32+00:00,FFT3378,21.297775268554688,-70.59185236150569,11277.6,124.34268906720732,238.00750409055408
2024-11-20 14:12:33+00:00,FFT3378,21.2958984375,-70.58900590376419,11277.6,124.34268906720732,238.00750409055408
2024-11-20 14:12:34+00:00,FFT3378,21.29429626464844,-70.58640913529825,11277.6,124.34268906720732,238.00750409055408
2024-11-20 14:12:35+00:00,FFT3378,21.293738413665253,-70.5855814615885,11277.6,124.34268906720732,238.00750409055408
2024-11-20 14:12:36+00:00,FFT3378,21.29209899902344,-70.58301336115056,11277.6,124.34268906720732,238.00750409055408
2024-11-20 14:12:37+00:00,FFT3378,21.290817260742188,-70.58106578480113,11277.6,124.34268906720732,238.00750409055408
2024-11-20 14:12:38+00:00,FFT3378,21.289581298828125,-70.57911820845169,11277.6,124.34268906720732,238.00750409055408
2024-11-20 14:12:39+00:00,FFT3378,21.28847801079184,-70.577392578125,11277.6,124.34268906720732,238.00750409055408
2024-11-20 14:12:40+00:00,FFT3378,21.28726765260858,-70.57551066080725,11277.6,124.34268906720732,238.00750409055408
2024-11-20 14:12:41+00:00,FFT3378,21.2860107421875,-70.57352516867894,11277.6,124.34268906720732,238.00750409055408
2024-11-20 14:12:42+00:00,FFT3378,21.2847072795286,-70.57149251302081,11277.6,124.34268906720732,238.00750409055408
2024-11-20 14:12:43+00:00,FFT3378,21.28359002582097,-70.5697123209635,11277.6,124.34268906720732,238.00750409055408
2024-11-20 14:12:44+00:00,FFT3378,21.28224001092426,-70.56757609049475,11277.6,124.34268906720732,238.00750409055408
2024-11-20 14:12:45+00:00,FFT3378,21.28120422363281,-70.56598455255681,11277.6,124.34268906720732,238.00750409055408
2024-11-20 14:12:46+00:00,FFT3378,21.280059814453125,-70.56418678977269,11277.6,124.34268906720732,238.00750409055408
2024-11-20 14:12:47+00:00,FFT3378,21.2789348020392,-70.56243896484375,11277.6,124.34268906720732,238.00750409055408
2024-11-20 14:12:48+00:00,FFT3378,21.27777099609375,-70.56065877278644,11277.6,124.34268906720732,238.00750409055408
2024-11-20 14:12:49+00:00,FFT3378,21.27621459960937,-70.55819424715907,11277.6,124.34268906720732,238.00750409055408
2024-11-20 14:12:50+00:00,FFT3378,21.27507096630032,-70.55643717447913,11277.6,124.34268906720732,238.00750409055408
2024-11-20 14:12:51+00:00,FFT3378,21.273814055879235,-70.55440266927081,11277.6,124.34268906720732,238.00750409055408
2024-11-20 14:12:52+00:00,FFT3378,21.272735595703125,-70.55275102095169,11277.6,124.34268906720732,238.00750409055408
2024-11-20 14:12:53+00:00,FFT3378,21.27139333951271,-70.55068969726562,11277.6,124.34268906720732,238.00750409055408
2024-11-20 14:12:54+00:00,FFT3378,21.270767211914062,-70.54970481178975,11277.6,124.34268906720732,238.00750409055408
2024-11-20 14:12:55+00:00,FFT3378,21.269345041048727,-70.5474853515625,11277.6,124.34268906720732,238.00750409055408
2024-11-20 14:12:56+00:00,FFT3378,21.268112182617188,-70.54560990767044,11277.6,124.34268906720732,238.00750409055408
2024-11-20 14:12:57+00:00,FFT3378,21.266830444335938,-70.54356245561075,11277.6,124.34268906720732,238.00750409055408
2024-11-20 14:12:58+00:00,FFT3378,21.26566741426112,-70.54178873697913,11277.6,124.34268906720732,238.00750409055408
2024-11-20 14:12:59+00:00,FFT3378,21.26454162597656,-70.54001686789769,11277.6,124.34268906720732,238.00750409055408
2024-11-20 14:13:00+00:00,FFT3378,21.2632466978946,-70.53792317708331,11277.6,124.34268906720732,238.00750409055408
2024-11-20 14:13:01+00:00,FFT3378,21.262082891949152,-70.536142985026,11277.6,124.34268906720732,238.00750409055408
2024-11-20 14:13:02+00:00,FFT3378,21.260686324814618,-70.53395589192706,11277.6,124.34268906720732,238.00750409055408
2024-11-20 14:13:03+00:00,FFT3378,21.259323120117188,-70.53187699751419,11277.6,124.34268906720732,238.00750409055408
2024-11-20 14:13:04+00:00,FFT3378,21.258358712923727,-70.53034464518225,11277.6,124.34268906720732,238.00750409055408
2024-11-20 14:13:05+00:00,FFT3378,21.25721740722656,-70.52853116122157,11277.6,124.34268906720732,238.00750409055408
2024-11-20 14:13:06+00:00,FFT3378,21.2559814453125,-70.52658358487213,11277.6,124.34268906720732,238.00750409055408
2024-11-20 14:13:07+00:00,FFT3378,21.25474548339844,-70.52463600852269,11277.6,124.24031019657058,237.71766443332572
2024-11-20 14:13:08+00:00,FFT3378,21.253692626953125,-70.52298805930394,11277.6,124.24031019657058,237.71766443332572
2024-11-20 14:13:09+00:00,FFT3378,21.25188795186705,-70.52022298177081,11277.6,124.31020207749712,237.29255788499668
2024-11-20 14:13:10+00:00,FFT3378,21.250717163085938,-70.5183937766335,11277.6,124.31020207749712,237.29255788499668
2024-11-20 14:13:11+00:00,FFT3378,21.250167846679688,-70.51749489524144,11277.6,124.31020207749712,237.29255788499668
2024-11-20 14:13:12+00:00,FFT3378,21.24847412109375,-70.51484818892044,11277.6,124.31020207749712,237.29255788499668
2024-11-20 14:13:13+00:00,FFT3378,21.247837907176905,-70.51386515299475,11277.6,124.31020207749712,237.29255788499668
2024-11-20 14:13:14+00:00,FFT3378,21.246208578853285,-70.51132202148438,11277.6,124.31020207749712,237.29255788499668
2024-11-20 14:13:15+00:00,FFT3378,21.244905116194385,-70.509287516276,11277.6,124.31020207749712,237.29255788499668
2024-11-20 14:13:16+00:00,FFT3378,21.24383441472457,-70.50760904947913,11277.6,124.31020207749712,237.29255788499668
2024-11-20 14:13:17+00:00,FFT3378,21.24252319335937,-70.50555974786931,11277.6,124.31020207749712,237.29255788499668
2024-11-20 14:13:18+00:00,FFT3378,21.24122748940678,-70.50348917643225,11277.6,124.31020207749712,237.29255788499668
2024-11-20 14:13:19+00:00,FFT3378,21.240110235699152,-70.50181070963538,11277.6,124.31020207749712,237.29255788499668
2024-11-20 14:13:20+00:00,FFT3378,21.238853325278072,-70.49977620442706,11285.22,124.31020207749712,237.29255788499668
2024-11-20 14:13:21+00:00,FFT3378,21.237625122070312,-70.49786931818181,11285.22,124.31020207749712,237.29255788499668
2024-11-20 14:13:22+00:00,FFT3378,21.236479161149365,-70.49611409505206,11285.22,124.31020207749712,237.29255788499668
2024-11-20 14:13:23+00:00,FFT3378,21.23524475097656,-70.49412397904825,11285.22,124.20747470866957,237.00296055763292
2024-11-20 14:13:24+00:00,FFT3378,21.2340087890625,-70.49222634055394,11285.22,124.20747470866957,237.00296055763292
2024-11-20 14:13:25+00:00,FFT3378,21.23280153436176,-70.4903666178385,11285.22,124.20747470866957,237.00296055763292
2024-11-20 14:13:26+00:00,FFT3378,21.23154462394068,-70.48838297526038,11285.22,124.20747470866957,237.00296055763292
2024-11-20 14:13:27+00:00,FFT3378,21.230334265757413,-70.4864501953125,11285.22,124.20747470866957,237.00296055763292
2024-11-20 14:13:28+00:00,FFT3378,21.229077355336333,-70.48451741536456,11285.22,124.20747470866957,237.00296055763292
2024-11-20 14:13:29+00:00,FFT3378,21.228424072265625,-70.48343727805394,11285.22,124.20747470866957,237.00296055763292
2024-11-20 14:13:30+00:00,FFT3378,21.22674974344545,-70.48085530598956,11285.22,124.20747470866957,237.00296055763292
2024-11-20 14:13:31+00:00,FFT3378,21.22553938526218,-70.47892252604163,11285.22,124.20747470866957,237.00296055763292
2024-11-20 14:13:32+00:00,FFT3378,21.225027310646187,-70.47810872395831,11285.22,124.20747470866957,237.00296055763292
2024-11-20 14:13:33+00:00,FFT3378,21.223800659179688,-70.47624622691762,11285.22,124.20747470866957,237.00296055763292
2024-11-20 14:13:34+00:00,FFT3378,21.22200141518803,-70.47342936197913,11285.22,124.20747470866957,237.00296055763292
2024-11-20 14:13:35+00:00,FFT3378,21.22130313162076,-70.47231038411456,11285.22,124.20747470866957,237.00296055763292
2024-11-20 14:13:36+00:00,FFT3378,21.220001220703125,-70.47025368430394,11285.22,124.20747470866957,237.00296055763292
2024-11-20 14:13:37+00:00,FFT3378,21.21885681152344,-70.46845592151988,11285.22,124.20747470866957,237.00296055763292
2024-11-20 14:13:38+00:00,FFT3378,21.21757895259534,-70.46646118164062,11285.22,124.20747470866957,237.00296055763292
2024-11-20 14:13:39+00:00,FFT3378,21.216554803363348,-70.46483357747394,11285.22,124.20747470866957,237.00296055763292
2024-11-20 14:13:40+00:00,FFT3378,21.21543754965572,-70.46305338541663,11285.22,124.20747470866957,237.00296055763292
2024-11-20 14:13:41+00:00,FFT3378,21.21436684818591,-70.46142578125,11285.22,124.20747470866957,237.00296055763292
2024-11-20 14:13:42+00:00,FFT3378,21.213134765625,-70.45946710759944,11285.22,124.20747470866957,237.00296055763292
2024-11-20 14:13:43+00:00,FFT3378,21.21189957958157,-70.45756022135413,11285.22,124.20747470866957,237.00296055763292
2024-11-20 14:13:44+00:00,FFT3378,21.21075439453125,-70.455771706321,11285.22,124.20747470866957,237.00296055763292
2024-11-20 14:13:45+00:00,FFT3378,21.209701538085938,-70.45412375710225,11285.22,124.20747470866957,237.00296055763292
2024-11-20 14:13:46+00:00,FFT3378,21.20736694335937,-70.45042835582387,11285.22,124.27751874462366,236.57768842879167
2024-11-20 14:13:47+00:00,FFT3378,21.20626675880561,-70.44871012369788,11285.22,124.27751874462366,236.57768842879167
2024-11-20 14:13:49+00:00,FFT3378,21.20489501953125,-70.44663307883519,11285.22,124.27751874462366,236.57768842879167
2024-11-20 14:13:50+00:00,FFT3378,21.20356750488281,-70.44453568892044,11285.22,124.27751874462366,236.57768842879167
2024-11-20 14:13:51+00:00,FFT3378,21.202377319335938,-70.44263805042613,11285.22,124.27751874462366,236.57768842879167
2024-11-20 14:13:53+00:00,FFT3378,21.19998220670021,-70.43889363606769,11285.22,124.27751874462366,236.57768842879167
2024-11-20 14:13:54+00:00,FFT3378,21.198715209960938,-70.43694513494319,11285.22,124.27751874462366,236.57768842879167
2024-11-20 14:13:55+00:00,FFT3378,21.1973876953125,-70.43484774502838,11285.22,124.27751874462366,236.57768842879167
2024-11-20 14:13:56+00:00,FFT3378,21.196014404296875,-70.4327004172585,11285.22,124.27751874462366,236.57768842879167
2024-11-20 14:13:57+00:00,FFT3378,21.19477844238281,-70.43075284090907,11285.22,124.27751874462366,236.57768842879167
2024-11-20 14:13:58+00:00,FFT3378,21.19345092773437,-70.4287553267045,11285.22,124.27751874462366,236.57768842879167
2024-11-20 14:13:59+00:00,FFT3378,21.192254535222457,-70.42683919270831,11285.22,124.27751874462366,236.57768842879167
2024-11-20 14:14:00+00:00,FFT3378,21.19102478027344,-70.42491011186075,11277.6,124.38034472384489,236.86780569936477
2024-11-20 14:14:01+00:00,FFT3378,21.18988037109375,-70.42311234907669,11277.6,124.38034472384489,236.86780569936477
2024-11-20 14:14:02+00:00,FFT3378,21.18857690843485,-70.42104085286456,11277.6,124.38034472384489,236.86780569936477
2024-11-20 14:14:03+00:00,FFT3378,21.18731999801377,-70.41915893554688,11285.22,124.38034472384489,236.86780569936477
2024-11-20 14:14:04+00:00,FFT3378,21.186202744306144,-70.41737874348956,11277.6,124.38034472384489,236.86780569936477
2024-11-20 14:14:05+00:00,FFT3378,21.184982299804688,-70.41547185724431,11277.6,124.38034472384489,236.86780569936477
2024-11-20 14:14:06+00:00,FFT3378,21.18379211425781,-70.41357421875,11277.6,124.38034472384489,236.86780569936477
2024-11-20 14:14:07+00:00,FFT3378,21.182525117518537,-70.411631266276,11277.6,124.38034472384489,236.86780569936477
2024-11-20 14:14:08+00:00,FFT3378,21.18122165485964,-70.40964762369788,11277.6,124.38034472384489,236.86780569936477
2024-11-20 14:14:09+00:00,FFT3378,21.179901123046875,-70.40758167613637,11277.6,124.38034472384489,236.86780569936477
2024-11-20 14:14:10+00:00,FFT3378,21.178568177304022,-70.405527750651,11277.6,124.38034472384489,236.86780569936477
2024-11-20 14:14:11+00:00,FFT3378,21.177566528320312,-70.40393621271306,11277.6,124.38034472384489,236.86780569936477
2024-11-20 14:14:12+00:00,FFT3378,21.176287117650958,-70.40196736653644,11277.6,124.38034472384489,236.86780569936477
2024-11-20 14:14:13+00:00,FFT3378,21.17498365499205,-70.39993286132812,11277.6,124.38034472384489,236.86780569936477
2024-11-20 14:14:14+00:00,FFT3378,21.174285371424787,-70.3988138834635,11277.6,124.38034472384489,236.86780569936477
2024-11-20 14:14:15+00:00,FFT3378,21.17377329680879,-70.39805094401038,11277.6,124.38034472384489,236.86780569936477
2024-11-20 14:14:16+00:00,FFT3378,21.171306028204448,-70.39418538411456,11277.6,124.45073927623964,236.44340978618493
2024-11-20 14:14:17+00:00,FFT3378,21.170095670021187,-70.39235432942706,11277.6,124.45073927623964,236.44340978618493
2024-11-20 14:14:18+00:00,FFT3378,21.16897841631356,-70.390625,11277.6,124.45073927623964,236.44340978618493
2024-11-20 14:14:19+00:00,FFT3378,21.167770385742188,-70.38870516690338,11277.6,124.45073927623964,236.44340978618493
2024-11-20 14:14:20+00:00,FFT3378,21.167116326800848,-70.38767496744788,11277.6,124.45073927623964,236.44340978618493
2024-11-20 14:14:21+00:00,FFT3378,21.165298461914062,-70.38490988991475,11277.6,124.45073927623964,236.44340978618493
2024-11-20 14:14:23+00:00,FFT3378,21.163392147775426,-70.38192749023438,11277.6,124.45073927623964,236.44340978618493
2024-11-20 14:14:24+00:00,FFT3378,21.16218178959216,-70.38004557291663,11277.6,124.45073927623964,236.44340978618493
2024-11-20 14:14:25+00:00,FFT3378,21.16087832693326,-70.3780619303385,11277.6,124.45073927623964,236.44340978618493
2024-11-20 14:14:26+00:00,FFT3378,21.159576416015625,-70.3760209517045,11277.6,124.45073927623964,236.44340978618493
2024-11-20 14:14:27+00:00,FFT3378,21.1583645060911,-70.37409464518225,11277.6,124.45073927623964,236.44340978618493
2024-11-20 14:14:28+00:00,FFT3378,21.15715414790784,-70.37221272786456,11277.6,124.45073927623964,236.44340978618493
2024-11-20 14:14:29+00:00,FFT3378,21.15603689420021,-70.3704833984375,11277.6,124.45073927623964,236.44340978618493
2024-11-20 14:14:30+00:00,FFT3378,21.154826536016948,-70.36860148111975,11277.6,124.52138688047272,236.01937206734075
2024-11-20 14:14:31+00:00,FFT3378,21.15352307335805,-70.36661783854163,11277.6,124.52138688047272,236.01937206734075
2024-11-20 14:14:32+00:00,FFT3378,21.152405819650426,-70.36488850911456,11277.6,124.52138688047272,236.01937206734075
2024-11-20 14:14:33+00:00,FFT3378,21.151336669921875,-70.36323686079544,11277.6,124.52138688047272,236.01937206734075
2024-11-20 14:14:34+00:00,FFT3378,21.150146484375,-70.36138916015625,11277.6,124.52138688047272,236.01937206734075
2024-11-20 14:14:35+00:00,FFT3378,21.14891440181409,-70.35944620768225,11277.6,124.52138688047272,236.01937206734075
2024-11-20 14:14:36+00:00,FFT3378,21.14719196901483,-70.35680135091144,11277.6,124.52138688047272,236.01937206734075
2024-11-20 14:14:37+00:00,FFT3378,21.146530151367188,-70.35574618252838,11277.6,124.52138688047272,236.01937206734075
2024-11-20 14:14:38+00:00,FFT3378,21.14515686035156,-70.35364879261363,11277.6,124.52138688047272,236.01937206734075
2024-11-20 14:14:39+00:00,FFT3378,21.143514342227224,-70.35110473632812,11277.6,124.52138688047272,236.01937206734075
2024-11-20 14:14:40+00:00,FFT3378,21.142210879568324,-70.34912109375,11277.6,124.52138688047272,236.01937206734075
2024-11-20 14:14:41+00:00,FFT3378,21.14149475097656,-70.34795587713069,11277.6,124.52138688047272,236.01937206734075
2024-11-20 14:14:42+00:00,FFT3378,21.1402587890625,-70.34600830078125,11277.6,124.52138688047272,236.01937206734075
2024-11-20 14:14:43+00:00,FFT3378,21.13911437988281,-70.34426047585225,11277.6,124.4183644790562,235.72821060819223
2024-11-20 14:14:44+00:00,FFT3378,21.137741864737816,-70.34215291341144,11277.6,124.4183644790562,235.72821060819223
2024-11-20 14:14:45+00:00,FFT3378,21.136505126953125,-70.34021550958806,11277.6,124.4183644790562,235.72821060819223
2024-11-20 14:14:46+00:00,FFT3378,21.13532114837129,-70.338389078776,11277.6,124.4183644790562,235.72821060819223
2024-11-20 14:14:47+00:00,FFT3378,21.134250446901483,-70.33671061197913,11277.6,124.4183644790562,235.72821060819223
2024-11-20 14:14:48+00:00,FFT3378,21.133071899414062,-70.334922096946,11277.6,124.4183644790562,235.72821060819223
2024-11-20 14:14:49+00:00,FFT3378,21.131744384765625,-70.33282470703125,11277.6,124.4183644790562,235.72821060819223
2024-11-20 14:14:50+00:00,FFT3378,21.130433163400426,-70.330810546875,11277.6,124.4183644790562,235.72821060819223
2024-11-20 14:14:51+00:00,FFT3378,21.129180908203125,-70.32882967862213,11277.6,124.4183644790562,235.72821060819223
2024-11-20 14:14:52+00:00,FFT3378,21.127944946289062,-70.32688210227269,11277.6,124.4183644790562,235.72821060819223
2024-11-20 14:14:53+00:00,FFT3378,21.12725830078125,-70.32578346946019,11277.6,124.4183644790562,235.72821060819223
2024-11-20 14:14:54+00:00,FFT3378,21.126022338867188,-70.32388583096588,11277.6,124.4183644790562,235.72821060819223
2024-11-20 14:14:55+00:00,FFT3378,21.12469482421875,-70.32188831676137,11277.6,124.4183644790562,235.72821060819223
2024-11-20 14:14:56+00:00,FFT3378,21.123543432203387,-70.32002766927081,11277.6,124.4183644790562,235.72821060819223
2024-11-20 14:14:57+00:00,FFT3378,21.122360229492188,-70.31819291548294,11277.6,124.4183644790562,235.72821060819223
2024-11-20 14:14:58+00:00,FFT3378,21.121122715836865,-70.31626383463538,11277.6,124.4183644790562,235.72821060819223
2024-11-20 14:14:59+00:00,FFT3378,21.11997985839844,-70.31454745205963,11277.6,124.4183644790562,235.72821060819223
2024-11-20 14:15:00+00:00,FFT3378,21.118608894994704,-70.31234741210938,11277.6,124.4183644790562,235.72821060819223
2024-11-20 14:15:01+00:00,FFT3378,21.117491641287074,-70.3106689453125,11277.6,124.4183644790562,235.72821060819223
2024-11-20 14:15:02+00:00,FFT3378,21.116180419921875,-70.30860484730113,11277.6,124.4183644790562,235.72821060819223
2024-11-20 14:15:03+00:00,FFT3378,21.115493774414062,-70.30755615234375,11277.6,124.4183644790562,235.72821060819223
2024-11-20 14:15:04+00:00,FFT3378,21.113488148834744,-70.30446370442706,11277.6,124.4183644790562,235.72821060819223
2024-11-20 14:15:05+00:00,FFT3378,21.11237089512712,-70.30268351236975,11277.6,124.4183644790562,235.72821060819223
2024-11-20 14:15:06+00:00,FFT3378,21.111740112304688,-70.30166348544032,11277.6,124.4183644790562,235.72821060819223
2024-11-20 14:15:07+00:00,FFT3378,21.10995017876059,-70.29891967773438,11277.6,124.4183644790562,235.72821060819223
2024-11-20 14:15:08+00:00,FFT3378,21.108718872070312,-70.29701926491475,11277.6,124.4183644790562,235.72821060819223
2024-11-20 14:15:09+00:00,FFT3378,21.107574462890625,-70.29522150213069,11277.6,124.4183644790562,235.72821060819223
2024-11-20 14:15:10+00:00,FFT3378,21.106319104210804,-70.29327392578125,11277.6,124.4183644790562,235.72821060819223
2024-11-20 14:15:11+00:00,FFT3378,21.105248402740997,-70.29159545898438,11277.6,124.48916848569776,235.3040087664096
2024-11-20 14:15:12+00:00,FFT3378,21.10400390625,-70.28962846235794,11277.6,124.48916848569776,235.3040087664096
2024-11-20 14:15:13+00:00,FFT3378,21.103386313228285,-70.28864542643225,11277.6,124.48916848569776,235.3040087664096
2024-11-20 14:15:14+00:00,FFT3378,21.101617328191207,-70.28594970703125,11277.6,124.48916848569776,235.3040087664096
2024-11-20 14:15:15+00:00,FFT3378,21.100570678710938,-70.28428511186075,11277.6,124.48916848569776,235.3040087664096
2024-11-20 14:15:16+00:00,FFT3378,21.099288940429688,-70.28233753551137,11277.6,124.3857926442918,235.01308715107604
2024-11-20 14:15:17+00:00,FFT3378,21.09796142578125,-70.28024014559657,11277.6,124.3857926442918,235.01308715107604
2024-11-20 14:15:18+00:00,FFT3378,21.097381074549787,-70.27938842773438,11277.6,124.3857926442918,235.01308715107604
2024-11-20 14:15:19+00:00,FFT3378,21.095535278320312,-70.27649480646306,11277.6,124.3857926442918,235.01308715107604
2024-11-20 14:15:20+00:00,FFT3378,21.094390869140625,-70.27474698153407,11277.6,124.3857926442918,235.01308715107604
2024-11-20 14:15:21+00:00,FFT3378,21.0933837890625,-70.27309903231532,11277.6,124.3857926442918,235.01308715107604
2024-11-20 14:15:22+00:00,FFT3378,21.091887910487287,-70.27084350585938,11277.6,124.3857926442918,235.01308715107604
2024-11-20 14:15:23+00:00,FFT3378,21.09072410454184,-70.26896158854163,11277.6,124.3857926442918,235.01308715107604
2024-11-20 14:15:24+00:00,FFT3378,21.090072373212397,-70.26799519856769,11277.6,124.3857926442918,235.01308715107604
2024-11-20 14:15:25+00:00,FFT3378,21.08830338817532,-70.26519775390625,11277.6,124.3857926442918,235.01308715107604
2024-11-20 14:15:26+00:00,FFT3378,21.087615966796875,-70.26416015625,11277.6,124.3857926442918,235.01308715107604
2024-11-20 14:15:27+00:00,FFT3378,21.086301641949152,-70.2620951334635,11277.6,124.3857926442918,235.01308715107604
2024-11-20 14:15:28+00:00,FFT3378,21.085189819335938,-70.26041481711644,11277.6,124.3857926442918,235.01308715107604
2024-11-20 14:15:29+00:00,FFT3378,21.08360161215572,-70.25792439778644,11277.6,124.3857926442918,235.01308715107604
2024-11-20 14:15:30+00:00,FFT3378,21.082856776350635,-70.25680541992188,11277.6,124.3857926442918,235.01308715107604
2024-11-20 14:15:31+00:00,FFT3378,21.08169297040519,-70.25497436523438,11277.6,124.3857926442918,235.01308715107604
2024-11-20 14:15:32+00:00,FFT3378,21.08042907714844,-70.2529740767045,11277.6,124.3857926442918,235.01308715107604
2024-11-20 14:15:33+00:00,FFT3378,21.079147338867188,-70.2509765625,11277.6,124.3857926442918,235.01308715107604
2024-11-20 14:15:34+00:00,FFT3378,21.077957153320312,-70.24912886186075,11277.6,124.3857926442918,235.01308715107604
2024-11-20 14:15:35+00:00,FFT3378,21.076675415039062,-70.24718128551137,11277.6,124.3857926442918,235.01308715107604
2024-11-20 14:15:36+00:00,FFT3378,21.075408418299787,-70.24520874023438,11277.6,124.3857926442918,235.01308715107604
2024-11-20 14:15:37+00:00,FFT3378,21.074295043945312,-70.24348588423294,11277.6,124.3857926442918,235.01308715107604
2024-11-20 14:15:38+00:00,FFT3378,21.07319641113281,-70.24178799715907,11277.6,124.3857926442918,235.01308715107604
2024-11-20 14:15:39+00:00,FFT3378,21.072056657176905,-70.23996988932288,11277.6,124.45675360531372,234.58872032248237
2024-11-20 14:15:40+00:00,FFT3378,21.07086181640625,-70.23814253373575,11277.6,124.45675360531372,234.58872032248237
2024-11-20 14:15:41+00:00,FFT3378,21.069170418432204,-70.23549397786456,11277.6,124.45675360531372,234.58872032248237
2024-11-20 14:15:42+00:00,FFT3378,21.06796006024894,-70.23361206054688,11277.6,124.45675360531372,234.58872032248237
2024-11-20 14:15:43+00:00,FFT3378,21.06733703613281,-70.23259943181819,11277.6,124.45675360531372,234.58872032248237
2024-11-20 14:15:44+00:00,FFT3378,21.066146850585938,-70.23080166903407,11277.6,124.45675360531372,234.58872032248237
2024-11-20 14:15:45+00:00,FFT3378,21.064956665039062,-70.22890403053975,11277.6,124.45675360531372,234.58872032248237
2024-11-20 14:15:46+00:00,FFT3378,21.063308715820312,-70.22635719992894,11277.6,124.45675360531372,234.58872032248237
2024-11-20 14:15:47+00:00,FFT3378,21.062141030521715,-70.22455851236975,11277.6,124.45675360531372,234.58872032248237
2024-11-20 14:15:48+00:00,FFT3378,21.06097412109375,-70.22276167436075,11277.6,124.45675360531372,234.58872032248237
2024-11-20 14:15:49+00:00,FFT3378,21.05972031415519,-70.22079467773438,11277.6,124.45675360531372,234.58872032248237
2024-11-20 14:15:50+00:00,FFT3378,21.059234619140625,-70.2200150923295,11277.6,124.45675360531372,234.58872032248237
2024-11-20 14:15:51+00:00,FFT3378,21.057485806739937,-70.21728515625,11277.6,124.45675360531372,234.58872032248237
2024-11-20 14:15:52+00:00,FFT3378,21.056275448556672,-70.2154541015625,11277.6,124.45675360531372,234.58872032248237
2024-11-20 14:15:53+00:00,FFT3378,21.05492543365996,-70.21336873372394,11277.6,124.45675360531372,234.58872032248237
2024-11-20 14:15:54+00:00,FFT3378,21.053901284427965,-70.21174112955725,11277.6,124.45675360531372,234.58872032248237
2024-11-20 14:15:55+00:00,FFT3378,21.05278403072034,-70.21001180013019,11277.6,124.45675360531372,234.58872032248237
2024-11-20 14:15:56+00:00,FFT3378,21.05227195610434,-70.20919799804688,11277.6,124.45675360531372,234.58872032248237
2024-11-20 14:15:57+00:00,FFT3378,21.05039978027344,-70.20628218217325,11277.6,124.45675360531372,234.58872032248237
2024-11-20 14:15:58+00:00,FFT3378,21.04925537109375,-70.20453435724431,11277.6,124.45675360531372,234.58872032248237
2024-11-20 14:15:59+00:00,FFT3378,21.047927856445312,-70.20248690518463,11277.6,124.45675360531372,234.58872032248237
2024-11-20 14:16:00+00:00,FFT3378,21.04659258309057,-70.200449625651,11277.6,124.45675360531372,234.58872032248237
2024-11-20 14:16:01+00:00,FFT3378,21.046051025390625,-70.19954057173294,11277.6,124.45675360531372,234.58872032248237
2024-11-20 14:16:02+00:00,FFT3378,21.04412841796875,-70.19664417613637,11277.6,124.45675360531372,234.58872032248237
2024-11-20 14:16:03+00:00,FFT3378,21.04305461301642,-70.19490559895831,11277.6,124.45675360531372,234.58872032248237
2024-11-20 14:16:04+00:00,FFT3378,21.041844254833155,-70.19307454427081,11277.6,124.45675360531372,234.58872032248237
2024-11-20 14:16:05+00:00,FFT3378,21.04068044888771,-70.19124348958331,11277.6,124.45675360531372,234.58872032248237
2024-11-20 14:16:06+00:00,FFT3378,21.040054321289062,-70.19030206853694,11277.6,124.45675360531372,234.58872032248237
2024-11-20 14:16:07+00:00,FFT3378,21.03804016113281,-70.18720592151988,11277.6,124.52797165613836,234.16471463066057
2024-11-20 14:16:08+00:00,FFT3378,21.036909717624468,-70.18539428710938,11277.6,124.45675360531372,234.58872032248237
2024-11-20 14:16:09+00:00,FFT3378,21.03630453853284,-70.18447875976562,11269.98,124.52797165613836,234.16471463066057
2024-11-20 14:16:10+00:00,FFT3378,21.035140732587397,-70.18269856770831,11277.6,124.52797165613836,234.16471463066057
2024-11-20 14:16:11+00:00,FFT3378,21.033279418945312,-70.17976518110794,11277.6,124.52797165613836,234.16471463066057
2024-11-20 14:16:12+00:00,FFT3378,21.03220794160487,-70.17817179361975,11277.6,124.52797165613836,234.16471463066057
2024-11-20 14:16:13+00:00,FFT3378,21.031044135659428,-70.17634073893225,11269.98,124.52797165613836,234.16471463066057
2024-11-20 14:16:14+00:00,FFT3378,21.03053206104343,-70.17557779947913,11269.98,124.52797165613836,234.16471463066057
2024-11-20 14:16:15+00:00,FFT3378,21.028793334960938,-70.17286573137557,11269.98,124.52797165613836,234.16471463066057
2024-11-20 14:16:16+00:00,FFT3378,21.027645822298727,-70.17112593217325,11269.98,124.52797165613836,234.16471463066057
2024-11-20 14:16:17+00:00,FFT3378,21.026435464115465,-70.16922829367894,11269.98,124.52797165613836,234.16471463066057
2024-11-20 14:16:18+00:00,FFT3378,21.02503889698093,-70.16708096590907,11269.98,124.52797165613836,234.16471463066057
2024-11-20 14:16:19+00:00,FFT3378,21.023941040039062,-70.1653616768973,11269.98,124.52797165613836,234.16471463066057
2024-11-20 14:16:20+00:00,FFT3378,21.02265930175781,-70.1633507864816,11269.98,124.52797165613836,234.16471463066057
2024-11-20 14:16:21+00:00,FFT3378,21.02137756347656,-70.16138894217352,11277.6,124.52797165613836,234.16471463066057
2024-11-20 14:16:22+00:00,FFT3378,21.020187377929688,-70.15957423618863,11269.98,124.52797165613836,234.16471463066057
2024-11-20 14:16:23+00:00,FFT3378,21.019126762778072,-70.15789240056819,11269.98,124.52797165613836,234.16471463066057
2024-11-20 14:16:24+00:00,FFT3378,21.018081665039062,-70.15633719308033,11269.98,124.52797165613836,234.16471463066057
2024-11-20 14:16:25+00:00,FFT3378,21.016892255362816,-70.15439675071019,11269.98,124.52797165613836,234.16471463066057
2024-11-20 14:16:26+00:00,FFT3378,21.016159057617188,-70.15329633440291,11269.98,124.52797165613836,234.16471463066057
2024-11-20 14:16:27+00:00,FFT3378,21.015030165850103,-70.15155029296875,11269.98,124.52797165613836,234.16471463066057
2024-11-20 14:16:28+00:00,FFT3378,21.013726703191207,-70.14955277876419,11269.98,124.52797165613836,234.16471463066057
2024-11-20 14:16:29+00:00,FFT3378,21.012004270391948,-70.14685613458806,11269.98,124.52797165613836,234.16471463066057
2024-11-20 14:16:30+00:00,FFT3378,21.010933568922137,-70.14525812322444,11269.98,124.52797165613836,234.16471463066057
2024-11-20 14:16:31+00:00,FFT3378,21.009750366210938,-70.1433890206473,11269.98,124.52797165613836,234.16471463066057
2024-11-20 14:16:32+00:00,FFT3378,21.00921113612288,-70.14251154119319,11269.98,124.52797165613836,234.16471463066057
2024-11-20 14:16:33+00:00,FFT3378,21.007488703323624,-70.13986483487213,11269.98,124.52797165613836,234.16471463066057
2024-11-20 14:16:34+00:00,FFT3378,21.005719718286542,-70.13711825284088,11269.98,124.52797165613836,234.16471463066057
2024-11-20 14:16:35+00:00,FFT3378,21.00508117675781,-70.1361301967076,11269.98,124.52797165613836,234.16471463066057
2024-11-20 14:16:36+00:00,FFT3378,21.003341674804688,-70.13348170689176,11269.98,124.52797165613836,234.16471463066057
2024-11-20 14:16:37+00:00,FFT3378,21.00205993652344,-70.13151986258367,11269.98,124.45675360531372,234.58872032248237
2024-11-20 14:16:38+00:00,FFT3378,21.001017942266948,-70.12982732599431,11269.98,124.45675360531372,234.58872032248237
2024-11-20 14:16:39+00:00,FFT3378,20.99986267089844,-70.12803758893693,11269.98,124.45675360531372,234.58872032248237
2024-11-20 14:16:40+00:00,FFT3378,20.99862670898437,-70.12612479073658,11269.98,124.45675360531372,234.58872032248237
2024-11-20 14:16:41+00:00,FFT3378,20.99729376324153,-70.12408447265625,11269.98,124.45675360531372,234.58872032248237
2024-11-20 14:16:42+00:00,FFT3378,20.9967041015625,-70.12313297816684,11269.98,124.45675360531372,234.58872032248237
2024-11-20 14:16:43+00:00,FFT3378,20.995617882680083,-70.12148770419032,11269.98,124.45675360531372,234.58872032248237
2024-11-20 14:16:44+00:00,FFT3378,20.993728637695312,-70.11857169015065,11269.98,124.45675360531372,234.58872032248237
2024-11-20 14:16:45+00:00,FFT3378,20.9930419921875,-70.11749267578125,11269.98,124.45675360531372,234.58872032248237
2024-11-20 14:16:46+00:00,FFT3378,20.992355346679688,-70.1164136614118,11269.98,124.45675360531372,234.58872032248237
2024-11-20 14:16:47+00:00,FFT3378,20.99116516113281,-70.11459895542691,11269.98,124.45675360531372,234.58872032248237
2024-11-20 14:16:48+00:00,FFT3378,20.9901123046875,-70.11293138776506,11269.98,124.45675360531372,234.58872032248237
2024-11-20 14:16:49+00:00,FFT3378,20.98814392089844,-70.10989052908758,11269.98,124.45675360531372,234.58872032248237
2024-11-20 14:16:50+00:00,FFT3378,20.98686606197034,-70.10790460759944,11269.98,124.45675360531372,234.58872032248237
2024-11-20 14:16:51+00:00,FFT3378,20.985702256024894,-70.10610684481532,11269.98,124.45675360531372,234.58872032248237
2024-11-20 14:16:52+00:00,FFT3378,20.98443603515625,-70.10415213448658,11269.98,124.45675360531372,234.58872032248237
2024-11-20 14:16:53+00:00,FFT3378,20.98384016651218,-70.10321044921875,11269.98,124.45675360531372,234.58872032248237
2024-11-20 14:16:54+00:00,FFT3378,20.981964111328125,-70.1002774919782,11269.98,124.45675360531372,234.58872032248237
2024-11-20 14:16:55+00:00,FFT3378,20.980721166578387,-70.09836647727269,11262.36,124.45675360531372,234.58872032248237
2024-11-20 14:16:56+00:00,FFT3378,20.97958374023437,-70.09659903390065,11269.98,124.45675360531372,234.58872032248237
2024-11-20 14:16:57+00:00,FFT3378,20.978952181541317,-70.09561989524144,11262.36,124.45675360531372,234.58872032248237
2024-11-20 14:16:58+00:00,FFT3378,20.977834927833687,-70.0938720703125,11269.98,124.45675360531372,234.58872032248237
2024-11-20 14:16:59+00:00,FFT3378,20.976624569650426,-70.09197443181819,11269.98,124.45675360531372,234.58872032248237
2024-11-20 14:17:00+00:00,FFT3378,20.9755073159428,-70.09022660688919,11262.36,124.45675360531372,234.58872032248237
2024-11-20 14:17:01+00:00,FFT3378,20.97418212890625,-70.08816310337613,11262.36,124.45675360531372,234.58872032248237
2024-11-20 14:17:02+00:00,FFT3378,20.97308349609375,-70.08649553571428,11262.36,124.45675360531372,234.58872032248237
2024-11-20 14:17:03+00:00,FFT3378,20.97145727125265,-70.08393443714488,11262.36,124.45675360531372,234.58872032248237
2024-11-20 14:17:04+00:00,FFT3378,20.970898644398837,-70.08308549360794,11262.36,124.45675360531372,234.58872032248237
2024-11-20 14:17:05+00:00,FFT3378,20.969734838453387,-70.08128773082387,11262.36,124.45675360531372,234.58872032248237
2024-11-20 14:17:06+00:00,FFT3378,20.96859741210937,-70.07948194231307,11262.36,124.45675360531372,234.58872032248237
2024-11-20 14:17:07+00:00,FFT3378,20.9674072265625,-70.07764226740056,11262.36,124.45675360531372,234.58872032248237
2024-11-20 14:17:08+00:00,FFT3378,20.96624342061705,-70.07584450461644,11262.36,124.45675360531372,234.58872032248237
2024-11-20 14:17:09+00:00,FFT3378,20.96493530273437,-70.07384163992742,11262.36,124.45675360531372,234.58872032248237
2024-11-20 14:17:11+00:00,FFT3378,20.96250915527344,-70.07001604352678,11262.36,124.3857926442918,235.01308715107604
2024-11-20 14:17:12+00:00,FFT3378,20.961181640625,-70.06800515311102,11262.36,124.3857926442918,235.01308715107604
2024-11-20 14:17:13+00:00,FFT3378,20.960051972987287,-70.0662064985795,11262.36,124.3857926442918,235.01308715107604
2024-11-20 14:17:14+00:00,FFT3378,20.958755493164062,-70.06422860281805,11262.36,124.3857926442918,235.01308715107604
2024-11-20 14:17:15+00:00,FFT3378,20.95744504766949,-70.06221147017044,11262.36,124.3857926442918,235.01308715107604
2024-11-20 14:17:16+00:00,FFT3378,20.95623779296875,-70.06035396030973,11262.36,124.3857926442918,235.01308715107604
2024-11-20 14:17:17+00:00,FFT3378,20.955047607421875,-70.05849020821705,11262.36,124.3857926442918,235.01308715107604
2024-11-20 14:17:18+00:00,FFT3378,20.95386052535752,-70.05661843039769,11262.36,124.3857926442918,235.01308715107604
2024-11-20 14:17:19+00:00,FFT3378,20.952667236328125,-70.05481175013949,11262.36,124.3857926442918,235.01308715107604
2024-11-20 14:17:20+00:00,FFT3378,20.951626017942267,-70.05317271839488,11262.36,124.3857926442918,235.01308715107604
2024-11-20 14:17:21+00:00,FFT3378,20.950369107521187,-70.05117520419032,11262.36,124.48916848569776,235.3040087664096
2024-11-20 14:17:22+00:00,FFT3378,20.949234008789062,-70.0494166782924,11262.36,124.48916848569776,235.3040087664096
2024-11-20 14:17:23+00:00,FFT3378,20.947482868776483,-70.04668079723012,11262.36,124.48916848569776,235.3040087664096
2024-11-20 14:17:24+00:00,FFT3378,20.946970794160485,-70.04593172940338,11262.36,124.48916848569776,235.3040087664096
2024-11-20 14:17:25+00:00,FFT3378,20.94580698821504,-70.04418390447444,11262.36,124.48916848569776,235.3040087664096
2024-11-20 14:17:26+00:00,FFT3378,20.943878173828125,-70.04112788609098,11262.36,124.48916848569776,235.3040087664096
2024-11-20 14:17:27+00:00,FFT3378,20.943246615135063,-70.04018887606532,11262.36,124.48916848569776,235.3040087664096
2024-11-20 14:17:28+00:00,FFT3378,20.941291421146715,-70.03714266690338,11262.36,124.48916848569776,235.3040087664096
2024-11-20 14:17:29+00:00,FFT3378,20.94012761520127,-70.03534490411931,11262.36,124.48916848569776,235.3040087664096
2024-11-20 14:17:30+00:00,FFT3378,20.938888549804688,-70.0334276471819,11262.36,124.48916848569776,235.3040087664096
2024-11-20 14:17:31+00:00,FFT3378,20.937660346596928,-70.03149968927556,11262.36,124.48916848569776,235.3040087664096
2024-11-20 14:17:32+00:00,FFT3378,20.93710327148437,-70.03063201904297,11262.36,124.48916848569776,235.3040087664096
2024-11-20 14:17:33+00:00,FFT3378,20.93536376953125,-70.0279344831194,11262.36,124.48916848569776,235.3040087664096
2024-11-20 14:17:34+00:00,FFT3378,20.93417358398437,-70.02611977713445,11262.36,124.48916848569776,235.3040087664096
2024-11-20 14:17:35+00:00,FFT3378,20.932865466101696,-70.02405894886363,11262.36,124.48916848569776,235.3040087664096
2024-11-20 14:17:36+00:00,FFT3378,20.931748212394066,-70.02231112393463,11262.36,124.48916848569776,235.3040087664096
2024-11-20 14:17:37+00:00,FFT3378,20.931198120117188,-70.02150944301059,11262.36,124.48916848569776,235.3040087664096
2024-11-20 14:17:38+00:00,FFT3378,20.92950439453125,-70.01886095319475,11262.36,124.4183644790562,235.72821060819223
2024-11-20 14:17:39+00:00,FFT3378,20.92830334679555,-70.01701771129262,11262.36,124.4183644790562,235.72821060819223
2024-11-20 14:17:40+00:00,FFT3378,20.92767333984375,-70.01601627894809,11262.36,124.4183644790562,235.72821060819223
2024-11-20 14:17:41+00:00,FFT3378,20.925882630429022,-70.01327237215907,11262.36,124.4183644790562,235.72821060819223
2024-11-20 14:17:42+00:00,FFT3378,20.92469787597656,-70.01140594482422,11262.36,124.4183644790562,235.72821060819223
2024-11-20 14:17:43+00:00,FFT3378,20.923741227489405,-70.00987659801137,11262.36,124.4183644790562,235.72821060819223
2024-11-20 14:17:44+00:00,FFT3378,20.92239121259269,-70.00782914595169,11262.36,124.4183644790562,235.72821060819223
2024-11-20 14:17:45+00:00,FFT3378,20.92108774993379,-70.00583163174713,11262.36,124.52138688047272,236.01937206734075
2024-11-20 14:17:46+00:00,FFT3378,20.919754028320312,-70.0037057059152,11262.36,124.52138688047272,236.01937206734075
2024-11-20 14:17:47+00:00,FFT3378,20.918527376853813,-70.00188654119319,11262.36,124.52138688047272,236.01937206734075
2024-11-20 14:17:48+00:00,FFT3378,20.91732788085937,-69.9999782017299,11262.36,124.52138688047272,236.01937206734075
2024-11-20 14:17:49+00:00,FFT3378,20.916572182865465,-69.99884033203125,11262.36,124.52138688047272,236.01937206734075
2024-11-20 14:17:51+00:00,FFT3378,20.91373249635858,-69.99444580078125,11262.36,124.52138688047272,236.01937206734075
2024-11-20 14:17:52+00:00,FFT3378,20.913220421742583,-69.99359685724431,11262.36,124.52138688047272,236.01937206734075
2024-11-20 14:17:53+00:00,FFT3378,20.91133117675781,-69.99065944126676,11262.36,124.52138688047272,236.01937206734075
2024-11-20 14:17:54+00:00,FFT3378,20.90977478027344,-69.98830522809709,11262.36,124.52138688047272,236.01937206734075
2024-11-20 14:17:55+00:00,FFT3378,20.90913391113281,-69.98732430594305,11262.36,124.52138688047272,236.01937206734075
2024-11-20 14:17:56+00:00,FFT3378,20.90842554124735,-69.9862060546875,11262.36,124.52138688047272,236.01937206734075
2024-11-20 14:17:57+00:00,FFT3378,20.906570434570312,-69.98335157121932,11262.36,124.52138688047272,236.01937206734075
2024-11-20 14:17:58+00:00,FFT3378,20.90549275026483,-69.98166170987213,11269.98,124.52138688047272,236.01937206734075
2024-11-20 14:17:59+00:00,FFT3378,20.904327392578125,-69.97986929757252,11262.36,124.52138688047272,236.01937206734075
2024-11-20 14:18:00+00:00,FFT3378,20.90316513837394,-69.97806618430394,11262.36,124.52138688047272,236.01937206734075
2024-11-20 14:18:01+00:00,FFT3378,20.90185546875,-69.97604370117188,11269.98,124.52138688047272,236.01937206734075
2024-11-20 14:18:02+00:00,FFT3378,20.9000244140625,-69.97324807303289,11262.36,124.52138688047272,236.01937206734075
2024-11-20 14:18:03+00:00,FFT3378,20.89944095934852,-69.972373268821,11269.98,124.62415507994896,236.31129471703565
2024-11-20 14:18:04+00:00,FFT3378,20.897811631024894,-69.96977650035512,11269.98,124.62415507994896,236.31129471703565
2024-11-20 14:18:05+00:00,FFT3378,20.89683403403072,-69.96827836470169,11269.98,124.62415507994896,236.31129471703565
2024-11-20 14:18:06+00:00,FFT3378,20.89557712360964,-69.9664306640625,11269.98,124.62415507994896,236.31129471703565
2024-11-20 14:18:07+00:00,FFT3378,20.894256591796875,-69.96437072753906,11269.98,124.62415507994896,236.31129471703565
2024-11-20 14:18:08+00:00,FFT3378,20.89302062988281,-69.96245792933871,11269.98,124.62415507994896,236.31129471703565
2024-11-20 14:18:09+00:00,FFT3378,20.89175984010858,-69.96048805930394,11269.98,124.62415507994896,236.31129471703565
2024-11-20 14:18:10+00:00,FFT3378,20.890548706054688,-69.95863233293807,11269.98,124.62415507994896,236.31129471703565
2024-11-20 14:18:12+00:00,FFT3378,20.888640840174787,-69.95564408735794,11269.98,124.62415507994896,236.31129471703565
2024-11-20 14:18:13+00:00,FFT3378,20.88743048199153,-69.95379638671875,11269.98,124.62415507994896,236.31129471703565
2024-11-20 14:18:14+00:00,FFT3378,20.88603391485699,-69.95169899680394,11269.98,124.62415507994896,236.31129471703565
2024-11-20 14:18:15+00:00,FFT3378,20.8853759765625,-69.95068686349049,11269.98,124.62415507994896,236.31129471703565
2024-11-20 14:18:16+00:00,FFT3378,20.88414001464844,-69.94872501918246,11269.98,124.62415507994896,236.31129471703565
2024-11-20 14:18:17+00:00,FFT3378,20.882858276367188,-69.94676317487443,11269.98,124.62415507994896,236.31129471703565
2024-11-20 14:18:18+00:00,FFT3378,20.881052825410485,-69.94395862926137,11269.98,124.62415507994896,236.31129471703565
2024-11-20 14:18:19+00:00,FFT3378,20.87974548339844,-69.94200570242742,11269.98,124.62415507994896,236.31129471703565
2024-11-20 14:18:20+00:00,FFT3378,20.879190735897776,-69.94111217151988,11269.98,124.62415507994896,236.31129471703565
2024-11-20 14:18:21+00:00,FFT3378,20.87779416876324,-69.93901478160512,11269.98,124.62415507994896,236.31129471703565
2024-11-20 14:18:22+00:00,FFT3378,20.87608337402344,-69.93631635393416,11269.98,124.62415507994896,236.31129471703565
2024-11-20 14:18:23+00:00,FFT3378,20.87542000463453,-69.93526944247157,11269.98,124.62415507994896,236.31129471703565
2024-11-20 14:18:24+00:00,FFT3378,20.874069989737816,-69.93317205255681,11269.98,124.62415507994896,236.31129471703565
2024-11-20 14:18:25+00:00,FFT3378,20.872970581054688,-69.93155888148715,11269.98,124.62415507994896,236.31129471703565
2024-11-20 14:18:26+00:00,FFT3378,20.87132340770657,-69.92902721058238,11269.98,124.62415507994896,236.31129471703565
2024-11-20 14:18:27+00:00,FFT3378,20.870681762695312,-69.92802756173268,11277.6,124.62415507994896,236.31129471703565
2024-11-20 14:18:29+00:00,FFT3378,20.8681640625,-69.9241529192243,11277.6,124.5534105505712,236.734809546669
2024-11-20 14:18:30+00:00,FFT3378,20.86690094511388,-69.92218572443181,11269.98,124.5534105505712,236.734809546669
2024-11-20 14:18:33+00:00,FFT3378,20.862944004899365,-69.91604336825282,11277.6,124.5534105505712,236.734809546669
2024-11-20 14:18:35+00:00,FFT3378,20.86066294524629,-69.91254771839488,11277.6,124.5534105505712,236.734809546669
2024-11-20 14:18:36+00:00,FFT3378,20.859592243776483,-69.910849831321,11277.6,124.5534105505712,236.734809546669
2024-11-20 14:18:37+00:00,FFT3378,20.858940512447035,-69.90990101207387,11277.6,124.5534105505712,236.734809546669
2024-11-20 14:18:38+00:00,FFT3378,20.85704040527344,-69.90693773542131,11277.6,124.5534105505712,236.734809546669
2024-11-20 14:18:39+00:00,FFT3378,20.855868064751057,-69.90510697798294,11277.6,124.5534105505712,236.734809546669
2024-11-20 14:18:40+00:00,FFT3378,20.854705810546875,-69.90335736955916,11277.6,124.5534105505712,236.734809546669
2024-11-20 14:18:45+00:00,FFT3378,20.84823349774894,-69.89332164417613,11277.6,124.5534105505712,236.734809546669
2024-11-20 14:18:46+00:00,FFT3378,20.846969604492188,-69.89134107317244,11277.6,124.5534105505712,236.734809546669
2024-11-20 14:18:48+00:00,FFT3378,20.84564208984375,-69.88933018275668,11277.6,124.5534105505712,236.734809546669
2024-11-20 14:18:50+00:00,FFT3378,20.842987060546875,-69.8852103097098,11277.6,124.5534105505712,236.734809546669
2024-11-20 14:18:51+00:00,FFT3378,20.84188842773437,-69.88354274204801,11277.6,124.5534105505712,236.734809546669
2024-11-20 14:18:52+00:00,FFT3378,20.840835571289062,-69.88187517438615,11277.6,124.5534105505712,236.734809546669
2024-11-20 14:18:56+00:00,FFT3378,20.835385080111227,-69.87344637784088,11277.6,124.5534105505712,236.734809546669
2024-11-20 14:18:57+00:00,FFT3378,20.834174721927965,-69.87159867720169,11277.6,124.5534105505712,236.734809546669
2024-11-20 14:18:58+00:00,FFT3378,20.833569542836333,-69.87069979580963,11277.6,124.5534105505712,236.734809546669
2024-11-20 14:18:59+00:00,FFT3378,20.83222961425781,-69.8686327253069,11277.6,124.5534105505712,236.734809546669
2024-11-20 14:19:00+00:00,FFT3378,20.830535888671875,-69.86598423549106,11277.6,124.5534105505712,236.734809546669
2024-11-20 14:19:01+00:00,FFT3378,20.829985020524365,-69.86510675603694,11277.6,124.5534105505712,236.734809546669
2024-11-20 14:19:02+00:00,FFT3378,20.82756430415784,-69.8614113547585,11277.6,124.5534105505712,236.734809546669
2024-11-20 14:19:03+00:00,FFT3378,20.826416015625,-69.85965728759766,11277.6,124.48291879787996,237.158684
2024-11-20 14:19:04+00:00,FFT3378,20.8253763489804,-69.85801558061075,11277.6,124.48291879787996,237.158684
2024-11-20 14:19:05+00:00,FFT3378,20.823979781845868,-69.85586825284088,11277.6,124.48291879787996,237.158684
2024-11-20 14:19:06+00:00,FFT3378,20.823467707229877,-69.85506924715907,11277.6,124.48291879787996,237.158684
2024-11-20 14:19:07+00:00,FFT3378,20.8216987221928,-69.85232266512782,11277.6,124.48291879787996,237.158684
2024-11-20 14:19:10+00:00,FFT3378,20.818114199880824,-69.84677956321019,11277.6,124.48291879787996,237.158684
2024-11-20 14:19:11+00:00,FFT3378,20.816802978515625,-69.8447472708566,11277.6,124.48291879787996,237.158684
2024-11-20 14:19:12+00:00,FFT3378,20.81552124023437,-69.84273638044084,11277.6,124.48291879787996,237.158684
2024-11-20 14:19:13+00:00,FFT3378,20.814285278320312,-69.84087262834822,11285.22,124.48291879787996,237.158684
2024-11-20 14:19:14+00:00,FFT3378,20.813086558196503,-69.8389892578125,11285.22,124.48291879787996,237.158684
2024-11-20 14:19:18+00:00,FFT3378,20.80879211425781,-69.83233860560824,11285.22,124.48291879787996,237.158684
2024-11-20 14:19:19+00:00,FFT3378,20.80810546875,-69.83125959123885,11285.22,124.58524123619088,237.45032053389608
2024-11-20 14:19:20+00:00,FFT3378,20.80677795410156,-69.82924870082309,11285.22,124.58524123619088,237.45032053389608
2024-11-20 14:19:21+00:00,FFT3378,20.80453491210937,-69.82576642717635,11277.6,124.58524123619088,237.45032053389608
2024-11-20 14:19:22+00:00,FFT3378,20.803207397460938,-69.82370649065291,11285.22,124.58524123619088,237.45032053389608
2024-11-20 14:19:23+00:00,FFT3378,20.8026123046875,-69.82280939275569,11285.22,124.58524123619088,237.45032053389608
2024-11-20 14:19:24+00:00,FFT3378,20.801262289790785,-69.820761940696,11285.22,124.58524123619088,237.45032053389608
2024-11-20 14:19:25+00:00,FFT3378,20.800552368164062,-69.81963566371371,11285.22,124.58524123619088,237.45032053389608
2024-11-20 14:19:26+00:00,FFT3378,20.79940795898437,-69.8178700038365,11285.22,124.58524123619088,237.45032053389608
2024-11-20 14:19:27+00:00,FFT3378,20.797631215240997,-69.81516890092325,11285.22,124.58524123619088,237.45032053389608
2024-11-20 14:19:28+00:00,FFT3378,20.797027587890625,-69.81419154575894,11285.22,124.58524123619088,237.45032053389608
2024-11-20 14:19:30+00:00,FFT3378,20.79437255859375,-69.81007167271207,11285.22,124.58524123619088,237.45032053389608
2024-11-20 14:19:31+00:00,FFT3378,20.792557021318856,-69.80732865767044,11285.22,124.58524123619088,237.45032053389608
2024-11-20 14:19:32+00:00,FFT3378,20.79139321537341,-69.80553089488637,11285.22,124.58524123619088,237.45032053389608
2024-11-20 14:19:33+00:00,FFT3378,20.790756225585938,-69.80452946254184,11285.22,124.58524123619088,237.45032053389608
2024-11-20 14:19:34+00:00,FFT3378,20.788693185579977,-69.80138605291194,11285.22,124.58524123619088,237.45032053389608
2024-11-20 14:19:35+00:00,FFT3378,20.788088006488348,-69.80043723366475,11285.22,124.58524123619088,237.45032053389608
2024-11-20 14:19:36+00:00,FFT3378,20.78627014160156,-69.79766300746371,11285.22,124.58524123619088,237.45032053389608
2024-11-20 14:19:37+00:00,FFT3378,20.785629272460938,-69.79663303920199,11285.22,124.58524123619088,237.45032053389608
2024-11-20 14:19:38+00:00,FFT3378,20.783843994140625,-69.79393550327848,11285.22,124.58524123619088,237.45032053389608
2024-11-20 14:19:39+00:00,FFT3378,20.78320002151748,-69.79289661754262,11285.22,124.58524123619088,237.45032053389608
2024-11-20 14:19:40+00:00,FFT3378,20.782036215572035,-69.7910988547585,11285.22,124.58524123619088,237.45032053389608
2024-11-20 14:19:41+00:00,FFT3378,20.780776977539062,-69.78917803083147,11285.22,124.58524123619088,237.45032053389608
2024-11-20 14:19:42+00:00,FFT3378,20.779708603681144,-69.78750332919032,11285.22,124.58524123619088,237.45032053389608
2024-11-20 14:19:43+00:00,FFT3378,20.77849824549788,-69.78565562855113,11285.22,124.58524123619088,237.45032053389608
2024-11-20 14:19:44+00:00,FFT3378,20.777194782838983,-69.78365811434657,11285.22,124.58524123619088,237.45032053389608
2024-11-20 14:19:45+00:00,FFT3378,20.775891320180083,-69.78161066228694,11285.22,124.58524123619088,237.45032053389608
2024-11-20 14:19:46+00:00,FFT3378,20.774587857521187,-69.7796630859375,11285.22,124.58524123619088,237.45032053389608
2024-11-20 14:19:47+00:00,FFT3378,20.77354431152344,-69.77799551827565,11285.22,124.58524123619088,237.45032053389608
2024-11-20 14:19:49+00:00,FFT3378,20.77086367849576,-69.77387029474431,11285.22,124.58524123619088,237.45032053389608
2024-11-20 14:19:50+00:00,FFT3378,20.76951366359905,-69.77182284268463,11285.22,124.58524123619088,237.45032053389608
2024-11-20 14:19:51+00:00,FFT3378,20.768210200940143,-69.769775390625,11285.22,124.58524123619088,237.45032053389608
2024-11-20 14:19:52+00:00,FFT3378,20.766999842756885,-69.76787775213069,11285.22,124.58524123619088,237.45032053389608
2024-11-20 14:19:53+00:00,FFT3378,20.765696380097985,-69.76588023792613,11285.22,124.58524123619088,237.45032053389608
2024-11-20 14:19:54+00:00,FFT3378,20.76498413085937,-69.76480211530412,11285.22,124.58524123619088,237.45032053389608
2024-11-20 14:19:55+00:00,FFT3378,20.763694633871825,-69.76278409090907,11285.22,124.58524123619088,237.45032053389608
2024-11-20 14:19:56+00:00,FFT3378,20.76255798339844,-69.76102556501115,11285.22,124.58524123619088,237.45032053389608
2024-11-20 14:19:57+00:00,FFT3378,20.76122736526748,-69.75898881392044,11285.22,124.58524123619088,237.45032053389608
2024-11-20 14:19:58+00:00,FFT3378,20.7599704548464,-69.75709117542613,11285.22,124.58524123619088,237.45032053389608
2024-11-20 14:19:59+00:00,FFT3378,20.75876009666313,-69.75519353693181,11285.22,124.58524123619088,237.45032053389608
2024-11-20 14:20:00+00:00,FFT3378,20.757549738479877,-69.75334583629262,11285.22,124.58524123619088,237.45032053389608
2024-11-20 14:20:01+00:00,FFT3378,20.756385932534428,-69.75149813565338,11285.22,124.58524123619088,237.45032053389608
2024-11-20 14:20:02+00:00,FFT3378,20.755096435546875,-69.74954877580916,11285.22,124.48291879787996,237.158684
2024-11-20 14:20:03+00:00,FFT3378,20.753952026367188,-69.74773406982422,11285.22,124.48291879787996,237.158684
2024-11-20 14:20:04+00:00,FFT3378,20.752670288085938,-69.74577222551619,11285.22,124.48291879787996,237.158684
2024-11-20 14:20:05+00:00,FFT3378,20.751251220703125,-69.74356515066961,11285.22,124.48291879787996,237.158684
2024-11-20 14:20:06+00:00,FFT3378,20.750101380429022,-69.74176025390625,11285.22,124.48291879787996,237.158684
2024-11-20 14:20:07+00:00,FFT3378,20.74893757448358,-69.74001242897725,11285.22,124.48291879787996,237.158684
2024-11-20 14:20:08+00:00,FFT3378,20.747772216796875,-69.73821912493025,11285.22,124.58524123619088,237.45032053389608
2024-11-20 14:20:09+00:00,FFT3378,20.7463772014036,-69.73601740056819,11285.22,124.58524123619088,237.45032053389608
2024-11-20 14:20:10+00:00,FFT3378,20.74525451660156,-69.73429543631414,11285.22,124.58524123619088,237.45032053389608
2024-11-20 14:20:11+00:00,FFT3378,20.74390993279926,-69.7322221235795,11285.22,124.58524123619088,237.45032053389608
2024-11-20 14:20:12+00:00,FFT3378,20.74279267909163,-69.73047429865056,11285.22,124.58524123619088,237.45032053389608
2024-11-20 14:20:13+00:00,FFT3378,20.741582320908368,-69.72862659801137,11285.22,124.58524123619088,237.45032053389608
2024-11-20 14:20:14+00:00,FFT3378,20.74041851496292,-69.72677889737213,11285.22,124.58524123619088,237.45032053389608
2024-11-20 14:20:15+00:00,FFT3378,20.7392578125,-69.724976675851,11285.22,124.58524123619088,237.45032053389608
2024-11-20 14:20:16+00:00,FFT3378,20.73788452148437,-69.72291673932756,11285.22,124.58524123619088,237.45032053389608
2024-11-20 14:20:17+00:00,FFT3378,20.73678744041313,-69.7212357954545,11285.22,124.58524123619088,237.45032053389608
2024-11-20 14:20:18+00:00,FFT3378,20.73568725585937,-69.7194835117885,11285.22,124.58524123619088,237.45032053389608
2024-11-20 14:20:19+00:00,FFT3378,20.73426818847656,-69.71727643694197,11285.22,124.58524123619088,237.45032053389608
2024-11-20 14:20:20+00:00,FFT3378,20.7330322265625,-69.71536363874162,11285.22,124.58524123619088,237.45032053389608
2024-11-20 14:20:21+00:00,FFT3378,20.731946007680083,-69.71369517933238,11285.22,124.58524123619088,237.45032053389608
2024-11-20 14:20:22+00:00,FFT3378,20.730697631835938,-69.71178327287947,11285.22,124.58524123619088,237.45032053389608
2024-11-20 14:20:23+00:00,FFT3378,20.729507446289062,-69.70996856689453,11285.22,124.58524123619088,237.45032053389608
2024-11-20 14:20:24+00:00,FFT3378,20.72822182865466,-69.70800226384944,11285.22,124.58524123619088,237.45032053389608
2024-11-20 14:20:25+00:00,FFT3378,20.72715112718485,-69.70635431463069,11285.22,124.58524123619088,237.45032053389608
2024-11-20 14:20:26+00:00,FFT3378,20.72616577148437,-69.70481872558594,11285.22,124.58524123619088,237.45032053389608
2024-11-20 14:20:27+00:00,FFT3378,20.7249166197696,-69.70290860262782,11285.22,124.58524123619088,237.45032053389608
2024-11-20 14:20:28+00:00,FFT3378,20.723706261586333,-69.70106090198863,11285.22,124.58524123619088,237.45032053389608
2024-11-20 14:20:30+00:00,FFT3378,20.721450805664062,-69.69755990164617,11285.22,124.6558290490676,237.0269676136784
2024-11-20 14:20:31+00:00,FFT3378,20.72016906738281,-69.69559805733815,11285.22,124.6558290490676,237.0269676136784
2024-11-20 14:20:32+00:00,FFT3378,20.718864828853285,-69.69362016157669,11285.22,124.6558290490676,237.0269676136784
2024-11-20 14:20:33+00:00,FFT3378,20.717561366194385,-69.691572709517,11285.22,124.6558290490676,237.0269676136784
2024-11-20 14:20:34+00:00,FFT3378,20.71636962890625,-69.68976157052174,11285.22,124.6558290490676,237.0269676136784
2024-11-20 14:20:35+00:00,FFT3378,20.71514064982786,-69.68787730823863,11285.22,124.75799505197804,237.31988118662156
2024-11-20 14:20:36+00:00,FFT3378,20.714116500595868,-69.68632923473012,11285.22,124.75799505197804,237.31988118662156
2024-11-20 14:20:40+00:00,FFT3378,20.709275067862816,-69.67883855646306,11285.22,124.75799505197804,237.31988118662156
2024-11-20 14:20:43+00:00,FFT3378,20.70538330078125,-69.67288970947266,11285.22,124.75799505197804,237.31988118662156
2024-11-20 14:20:46+00:00,FFT3378,20.701500844147244,-69.666953346946,11285.22,124.75799505197804,237.31988118662156
2024-11-20 14:20:47+00:00,FFT3378,20.700243933726163,-69.66500577059657,11285.22,124.75799505197804,237.31988118662156
2024-11-20 14:20:49+00:00,FFT3378,20.697784423828125,-69.66126578194752,11285.22,124.75799505197804,237.31988118662156
2024-11-20 14:20:52+00:00,FFT3378,20.69526672363281,-69.65744018554688,11285.22,124.75799505197804,237.31988118662156
2024-11-20 14:20:54+00:00,FFT3378,20.69174194335937,-69.65199606759205,11285.22,124.75799505197804,237.31988118662156
2024-11-20 14:20:55+00:00,FFT3378,20.69042141154661,-69.64992453835225,11285.22,124.75799505197804,237.31988118662156
2024-11-20 14:20:56+00:00,FFT3378,20.689178466796875,-69.648072378976,11285.22,124.75799505197804,237.31988118662156
2024-11-20 14:20:59+00:00,FFT3378,20.686798095703125,-69.64444296700611,11285.22,124.75799505197804,237.31988118662156
2024-11-20 14:21:07+00:00,FFT3378,20.67622375488281,-69.62820870535714,11285.22,124.75799505197804,237.31988118662156
2024-11-20 14:21:08+00:00,FFT3378,20.675105725304554,-69.62645374644887,11285.22,124.75799505197804,237.31988118662156
2024-11-20 14:21:09+00:00,FFT3378,20.673843383789062,-69.62453024727955,11285.22,124.6558290490676,237.0269676136784
2024-11-20 14:21:10+00:00,FFT3378,20.672653198242188,-69.62271554129461,11285.22,124.6558290490676,237.0269676136784
2024-11-20 14:21:11+00:00,FFT3378,20.671646118164062,-69.62109701974049,11285.22,124.6558290490676,237.0269676136784
2024-11-20 14:21:14+00:00,FFT3378,20.6678901284428,-69.61536754261363,11285.22,124.6558290490676,237.0269676136784
2024-11-20 14:21:15+00:00,FFT3378,20.66670227050781,-69.61359296526228,11285.22,124.6558290490676,237.0269676136784
2024-11-20 14:21:17+00:00,FFT3378,20.664230346679688,-69.60976736886158,11285.22,124.6558290490676,237.0269676136784
2024-11-20 14:21:19+00:00,FFT3378,20.661849975585938,-69.60603986467635,11285.22,124.48291879787996,237.158684
2024-11-20 14:21:20+00:00,FFT3378,20.660476684570312,-69.60397992815291,11285.22,124.48291879787996,237.158684
2024-11-20 14:21:21+00:00,FFT3378,20.659149169921875,-69.60191999162947,11285.22,124.48291879787996,237.158684
2024-11-20 14:21:22+00:00,FFT3378,20.658021054025426,-69.60013649680394,11285.22,124.48291879787996,237.158684
2024-11-20 14:21:23+00:00,FFT3378,20.65671759136653,-69.59813898259944,11285.22,124.5534105505712,236.734809546669
2024-11-20 14:21:25+00:00,FFT3378,20.65443653171345,-69.59459339488637,11285.22,124.5534105505712,236.734809546669
2024-11-20 14:21:26+00:00,FFT3378,20.653244018554688,-69.59274836948941,11285.22,124.5534105505712,236.734809546669
2024-11-20 14:21:27+00:00,FFT3378,20.652099609375,-69.59098270961215,11285.22,124.5534105505712,236.734809546669
2024-11-20 14:21:28+00:00,FFT3378,20.65072631835937,-69.58892277308871,11285.22,124.5534105505712,236.734809546669
2024-11-20 14:21:29+00:00,FFT3378,20.6495361328125,-69.58700997488836,11285.22,124.5534105505712,236.734809546669
2024-11-20 14:21:30+00:00,FFT3378,20.64830017089844,-69.58514622279574,11285.22,124.5534105505712,236.734809546669
2024-11-20 14:21:31+00:00,FFT3378,20.64710998535156,-69.58328247070312,11285.22,124.5534105505712,236.734809546669
2024-11-20 14:21:33+00:00,FFT3378,20.64475366624735,-69.5797119140625,11285.22,124.5534105505712,236.734809546669
2024-11-20 14:21:34+00:00,FFT3378,20.64349675582627,-69.57776433771306,11285.22,124.72666935837071,236.6039757397999
2024-11-20 14:21:37+00:00,FFT3378,20.639373779296875,-69.57141331263949,11285.22,124.72666935837071,236.6039757397999
2024-11-20 14:21:39+00:00,FFT3378,20.636947631835938,-69.56773485456193,11285.22,124.72666935837071,236.6039757397999
2024-11-20 14:21:44+00:00,FFT3378,20.6307414426642,-69.5581886985085,11292.84,124.72666935837071,236.6039757397999
2024-11-20 14:21:45+00:00,FFT3378,20.62953186035156,-69.55630711146762,11285.22,124.72666935837071,236.6039757397999
2024-11-20 14:21:46+00:00,FFT3378,20.6282958984375,-69.554443359375,11285.22,124.72666935837071,236.6039757397999
2024-11-20 14:21:49+00:00,FFT3378,20.62478275622352,-69.54910000887782,11285.22,124.72666935837071,236.6039757397999
2024-11-20 14:21:51+00:00,FFT3378,20.622344970703125,-69.54541887555803,11285.22,124.72666935837071,236.6039757397999
2024-11-20 14:21:53+00:00,FFT3378,20.61996459960937,-69.54174041748047,11285.22,124.72666935837071,236.6039757397999
2024-11-20 14:21:54+00:00,FFT3378,20.61882406978284,-69.54001131924713,11285.22,124.79776330356756,236.18134685212152
2024-11-20 14:21:56+00:00,FFT3378,20.616485595703125,-69.53639439174106,11285.22,124.79776330356756,236.18134685212152
2024-11-20 14:21:58+00:00,FFT3378,20.614401607190143,-69.53316983309657,11285.22,124.79776330356756,236.18134685212152
2024-11-20 14:21:59+00:00,FFT3378,20.61328435348252,-69.53147194602269,11285.22,124.79776330356756,236.18134685212152
2024-11-20 14:22:00+00:00,FFT3378,20.611980890823624,-69.52952436967325,11285.22,124.79776330356756,236.18134685212152
2024-11-20 14:22:01+00:00,FFT3378,20.610398114737816,-69.52712735262782,11285.22,124.79776330356756,236.18134685212152
2024-11-20 14:22:02+00:00,FFT3378,20.60969983117055,-69.52607865767044,11285.22,124.79776330356756,236.18134685212152
2024-11-20 14:22:03+00:00,FFT3378,20.60810852050781,-69.52364240373885,11285.22,124.79776330356756,236.18134685212152
2024-11-20 14:22:04+00:00,FFT3378,20.60755920410156,-69.52275957380022,11285.22,124.79776330356756,236.18134685212152
2024-11-20 14:22:05+00:00,FFT3378,20.60540771484375,-69.51947348458424,11285.22,124.79776330356756,236.18134685212152
2024-11-20 14:22:06+00:00,FFT3378,20.604171752929688,-69.51760973249162,11285.22,124.79776330356756,236.18134685212152
2024-11-20 14:22:08+00:00,FFT3378,20.60271699549788,-69.51539195667613,11285.22,124.79776330356756,236.18134685212152
2024-11-20 14:22:09+00:00,FFT3378,20.60137939453125,-69.51329367501393,11285.22,124.79776330356756,236.18134685212152
2024-11-20 14:22:10+00:00,FFT3378,20.600006103515625,-69.51123373849049,11285.22,124.79776330356756,236.18134685212152
2024-11-20 14:22:11+00:00,FFT3378,20.598853159759003,-69.50944935191762,11285.22,124.79776330356756,236.18134685212152
2024-11-20 14:22:12+00:00,FFT3378,20.5975341796875,-69.50745718819752,11285.22,124.79776330356756,236.18134685212152
2024-11-20 14:22:14+00:00,FFT3378,20.59508242849576,-69.5037064985795,11277.6,124.79776330356756,236.18134685212152
2024-11-20 14:22:16+00:00,FFT3378,20.591777219610695,-69.49866277521306,11277.6,124.79776330356756,236.18134685212152
2024-11-20 14:22:18+00:00,FFT3378,20.590659965903072,-69.49691495028407,11285.22,124.79776330356756,236.18134685212152
2024-11-20 14:22:19+00:00,FFT3378,20.58837890625,-69.49347904750277,11285.22,124.79776330356756,236.18134685212152
2024-11-20 14:22:20+00:00,FFT3378,20.58712199582892,-69.49157159978694,11277.6,124.79776330356756,236.18134685212152
2024-11-20 14:22:21+00:00,FFT3378,20.58604431152344,-69.4899477277483,11285.22,124.79776330356756,236.18134685212152
2024-11-20 14:22:22+00:00,FFT3378,20.585120249602756,-69.48847545276988,11277.6,124.79776330356756,236.18134685212152
2024-11-20 14:22:24+00:00,FFT3378,20.582794189453125,-69.48494502476285,11277.6,124.79776330356756,236.18134685212152
2024-11-20 14:22:25+00:00,FFT3378,20.581768488479877,-69.48333185369319,11277.6,124.79776330356756,236.18134685212152
2024-11-20 14:22:27+00:00,FFT3378,20.579177856445312,-69.47940281459262,11277.6,124.79776330356756,236.18134685212152
2024-11-20 14:22:29+00:00,FFT3378,20.576647742319917,-69.47554154829544,11277.6,124.79776330356756,236.18134685212152
2024-11-20 14:22:33+00:00,FFT3378,20.57162010063559,-69.46785111860794,11277.6,124.69515353123396,235.88814144811096
2024-11-20 14:22:36+00:00,FFT3378,20.567942473847985,-69.462158203125,11277.6,124.69515353123396,235.88814144811096
2024-11-20 14:22:37+00:00,FFT3378,20.566685563426905,-69.4603105024858,11277.6,124.69515353123396,235.88814144811096
2024-11-20 14:22:38+00:00,FFT3378,20.565428653005824,-69.45836292613637,11277.6,124.69515353123396,235.88814144811096
2024-11-20 14:22:39+00:00,FFT3378,20.564254760742188,-69.45654732840399,11277.6,124.69515353123396,235.88814144811096
2024-11-20 14:22:40+00:00,FFT3378,20.562973022460938,-69.45453643798828,11277.6,124.69515353123396,235.88814144811096
2024-11-20 14:22:42+00:00,FFT3378,20.56050109863281,-69.45075988769531,11277.6,124.69515353123396,235.88814144811096
2024-11-20 14:22:44+00:00,FFT3378,20.558074951171875,-69.44703238351002,11277.6,124.69515353123396,235.88814144811096
2024-11-20 14:22:45+00:00,FFT3378,20.556884765625,-69.44521767752508,11277.6,124.69515353123396,235.88814144811096
2024-11-20 14:22:46+00:00,FFT3378,20.555699235301905,-69.44343150745738,11277.6,124.69515353123396,235.88814144811096
2024-11-20 14:22:47+00:00,FFT3378,20.554628533832098,-69.4417336203835,11277.6,124.69515353123396,235.88814144811096
2024-11-20 14:22:48+00:00,FFT3378,20.55327851893538,-69.43963623046875,11277.6,124.69515353123396,235.88814144811096
2024-11-20 14:22:49+00:00,FFT3378,20.552078247070312,-69.43786076136996,11277.6,124.69515353123396,235.88814144811096
2024-11-20 14:22:51+00:00,FFT3378,20.549606323242188,-69.43403516496932,11277.6,124.69515353123396,235.88814144811096
2024-11-20 14:22:52+00:00,FFT3378,20.54820432501324,-69.43189586292613,11277.6,124.69515353123396,235.88814144811096
2024-11-20 14:22:53+00:00,FFT3378,20.5470405190678,-69.430098100142,11277.6,124.69515353123396,235.88814144811096
2024-11-20 14:22:55+00:00,FFT3378,20.54503877284163,-69.42705189098012,11277.6,124.69515353123396,235.88814144811096
2024-11-20 14:22:56+00:00,FFT3378,20.54443359375,-69.42615300958806,11277.6,124.69515353123396,235.88814144811096
2024-11-20 14:22:57+00:00,FFT3378,20.54317668332892,-69.42420543323863,11277.6,124.69515353123396,235.88814144811096
2024-11-20 14:22:58+00:00,FFT3378,20.541826668432204,-69.42210804332387,11277.6,124.76640705476348,235.46535168917015
2024-11-20 14:22:59+00:00,FFT3378,20.54058837890625,-69.42025320870533,11277.6,124.76640705476348,235.46535168917015
2024-11-20 14:23:01+00:00,FFT3378,20.5381490416446,-69.41651500355113,11277.6,124.76640705476348,235.46535168917015
2024-11-20 14:23:02+00:00,FFT3378,20.53656005859375,-69.41407339913502,11277.6,124.76640705476348,235.46535168917015
2024-11-20 14:23:03+00:00,FFT3378,20.535919189453125,-69.41309247698103,11277.6,124.76640705476348,235.46535168917015
2024-11-20 14:23:04+00:00,FFT3378,20.534637451171875,-69.41113063267301,11277.6,124.76640705476348,235.46535168917015
2024-11-20 14:23:05+00:00,FFT3378,20.533447265625,-69.40931592668807,11277.6,124.76640705476348,235.46535168917015
2024-11-20 14:23:06+00:00,FFT3378,20.53211975097656,-69.40725599016463,11277.6,124.76640705476348,235.46535168917015
2024-11-20 14:23:07+00:00,FFT3378,20.53097999702065,-69.40552867542613,11277.6,124.76640705476348,235.46535168917015
2024-11-20 14:23:08+00:00,FFT3378,20.529769638837397,-69.40368097478694,11277.6,124.76640705476348,235.46535168917015
2024-11-20 14:23:09+00:00,FFT3378,20.5286865234375,-69.40200805664062,11277.6,124.76640705476348,235.46535168917015
2024-11-20 14:23:11+00:00,FFT3378,20.52632477323888,-69.39838756214488,11277.6,124.76640705476348,235.46535168917015
2024-11-20 14:23:12+00:00,FFT3378,20.524043713585804,-69.394941850142,11277.6,124.76640705476348,235.46535168917015
2024-11-20 14:23:14+00:00,FFT3378,20.522689819335938,-69.39283643450057,11277.6,124.76640705476348,235.46535168917015
2024-11-20 14:23:15+00:00,FFT3378,20.5213623046875,-69.3908255440848,11277.6,124.76640705476348,235.46535168917015
2024-11-20 14:23:16+00:00,FFT3378,20.520179877846928,-69.3889992453835,11277.6,124.76640705476348,235.46535168917015
2024-11-20 14:23:17+00:00,FFT3378,20.518969519663663,-69.38715154474431,11277.6,124.76640705476348,235.46535168917015
2024-11-20 14:23:18+00:00,FFT3378,20.517619504766948,-69.38510409268463,11277.6,124.76640705476348,235.46535168917015
2024-11-20 14:23:19+00:00,FFT3378,20.516409146583687,-69.38325639204544,11277.6,124.76640705476348,235.46535168917015
2024-11-20 14:23:20+00:00,FFT3378,20.51509094238281,-69.38126155308316,11277.6,124.76640705476348,235.46535168917015
2024-11-20 14:23:21+00:00,FFT3378,20.51380920410156,-69.3792506626674,11277.6,124.76640705476348,235.46535168917015
2024-11-20 14:23:22+00:00,FFT3378,20.51240565413136,-69.37711403586644,11277.6,124.76640705476348,235.46535168917015
2024-11-20 14:23:23+00:00,FFT3378,20.51124184818591,-69.37531627308238,11277.6,124.76640705476348,235.46535168917015
2024-11-20 14:23:24+00:00,FFT3378,20.51003149000265,-69.37351851029825,11277.6,124.76640705476348,235.46535168917015
2024-11-20 14:23:26+00:00,FFT3378,20.50762939453125,-69.36983380998885,11277.6,124.66344585350068,235.17237896131584
2024-11-20 14:23:27+00:00,FFT3378,20.50640041545286,-69.36792547052556,11277.6,124.66344585350068,235.17237896131584
2024-11-20 14:23:28+00:00,FFT3378,20.505294799804688,-69.36625344412664,11277.6,124.66344585350068,235.17237896131584
2024-11-20 14:23:30+00:00,FFT3378,20.502629684189618,-69.3621826171875,11277.6,124.66344585350068,235.17237896131584
2024-11-20 14:23:31+00:00,FFT3378,20.50141932600636,-69.36033491654825,11277.6,124.66344585350068,235.17237896131584
2024-11-20 14:23:32+00:00,FFT3378,20.500213623046875,-69.35840606689453,11277.6,124.66344585350068,235.17237896131584
2024-11-20 14:23:33+00:00,FFT3378,20.4990234375,-69.35664040701727,11277.6,124.66344585350068,235.17237896131584
2024-11-20 14:23:34+00:00,FFT3378,20.4979248046875,-69.35492379324774,11277.6,124.66344585350068,235.17237896131584
2024-11-20 14:23:35+00:00,FFT3378,20.49667099774894,-69.35304398970169,11277.6,124.66344585350068,235.17237896131584
2024-11-20 14:23:36+00:00,FFT3378,20.495635986328125,-69.351441519601,11277.6,124.66344585350068,235.17237896131584
2024-11-20 14:23:41+00:00,FFT3378,20.489548505362816,-69.34210759943181,11277.6,124.66344585350068,235.17237896131584
2024-11-20 14:23:42+00:00,FFT3378,20.488265991210938,-69.34016091482977,11277.6,124.66344585350068,235.17237896131584
2024-11-20 14:23:43+00:00,FFT3378,20.48703468452065,-69.33821244673294,11277.6,124.66344585350068,235.17237896131584
2024-11-20 14:23:44+00:00,FFT3378,20.48587087857521,-69.33651455965907,11277.6,124.66344585350068,235.17237896131584
2024-11-20 14:23:45+00:00,FFT3378,20.48461396815413,-69.33456698330963,11277.6,124.66344585350068,235.17237896131584
2024-11-20 14:23:46+00:00,FFT3378,20.483496714446503,-69.33281915838069,11277.6,124.66344585350068,235.17237896131584
2024-11-20 14:23:48+00:00,FFT3378,20.48089599609375,-69.3288803100586,11277.6,124.66344585350068,235.17237896131584
2024-11-20 14:23:52+00:00,FFT3378,20.475862147444385,-69.32113370028407,11277.6,124.66344585350068,235.17237896131584
2024-11-20 14:25:10+00:00,FFT3378,20.38261801509534,-69.17861106178978,11269.98,124.66344585350068,235.17237896131584
2024-11-20 14:25:51+00:00,FFT3378,20.332992553710938,-69.10297393798828,11277.6,124.66344585350068,235.17237896131584
2024-11-20 14:26:09+00:00,FFT3378,20.310229285288663,-69.06834827769887,11277.6,124.83791680599924,235.04292740183325
2024-11-20 14:26:11+00:00,FFT3378,20.30772399902344,-69.06452178955078,11277.6,124.83791680599924,235.04292740183325
2024-11-20 14:26:14+00:00,FFT3378,20.30422404661017,-69.05925958806819,11277.6,124.83791680599924,235.04292740183325
2024-11-20 14:26:15+00:00,FFT3378,20.30310679290254,-69.05751176313919,11277.6,124.83791680599924,235.04292740183325
2024-11-20 14:26:16+00:00,FFT3378,20.302129195908368,-69.05601362748575,11277.6,124.83791680599924,235.04292740183325
2024-11-20 14:26:17+00:00,FFT3378,20.300857543945312,-69.05412401471818,11277.6,124.90968394553484,234.6208705601456
2024-11-20 14:26:18+00:00,FFT3378,20.299530029296875,-69.05211312430242,11277.6,124.90968394553484,234.6208705601456
2024-11-20 14:26:19+00:00,FFT3378,20.298218807931672,-69.05012096058238,11277.6,124.90968394553484,234.6208705601456
2024-11-20 14:26:20+00:00,FFT3378,20.29696655273437,-69.0482384817941,11277.6,124.90968394553484,234.6208705601456
2024-11-20 14:26:22+00:00,FFT3378,20.29482049457097,-69.04492742365056,11277.6,124.90968394553484,234.6208705601456
2024-11-20 14:26:23+00:00,FFT3378,20.293670654296875,-69.04318673270086,11277.6,125.01257842498646,234.91565768896444
2024-11-20 14:26:24+00:00,FFT3378,20.29234313964844,-69.04122488839283,11277.6,125.01257842498646,234.91565768896444
2024-11-20 14:26:25+00:00,FFT3378,20.291235972259003,-69.03948419744319,11277.6,125.01257842498646,234.91565768896444
2024-11-20 14:27:14+00:00,FFT3378,20.232161182468214,-68.9498457475142,11277.6,124.73485953978629,234.74942747926693
2024-11-20 14:27:15+00:00,FFT3378,20.23095082428496,-68.947998046875,11277.6,124.73485953978629,234.74942747926693
2024-11-20 14:27:19+00:00,FFT3378,20.22606283931409,-68.94050736860795,11277.6,124.73485953978629,234.74942747926693
2024-11-20 14:27:20+00:00,FFT3378,20.22480592889301,-68.93865966796875,11277.6,124.73485953978629,234.74942747926693
2024-11-20 14:27:30+00:00,FFT3378,20.21273803710937,-68.92022814069476,11269.98,124.73485953978629,234.74942747926693
2024-11-20 14:27:35+00:00,FFT3378,20.20651089943061,-68.91074440696019,11269.98,124.83791680599924,235.04292740183325
2024-11-20 14:28:40+00:00,FFT3378,20.127731323242188,-68.7913840157645,11269.98,124.83791680599924,235.04292740183325
2024-11-20 14:53:54+00:00,FFT3378,18.509774935447563,-66.29689719460225,1188.72,129.6047354317869,131.53881399668086
2024-11-20 14:53:59+00:00,FFT3378,18.50670248775159,-66.29300204190338,1173.48,129.19327309446842,129.43762721899537
2024-11-20 14:54:01+00:00,FFT3378,18.50523376464844,-66.29111153738836,1173.48,129.3376220933462,129.03933302427487
2024-11-20 14:54:02+00:00,FFT3378,18.50445556640625,-66.29008156912664,1165.86,129.3376220933462,129.03933302427487
2024-11-20 14:54:03+00:00,FFT3378,18.50372314453125,-66.28915682705963,1165.86,129.16050768848257,128.71384767737155
2024-11-20 14:54:04+00:00,FFT3378,18.502605890823624,-66.28770862926132,1158.24,129.1273717189332,127.99011070492958
2024-11-20 14:54:05+00:00,FFT3378,18.50218692068326,-66.28715931285507,1158.24,129.27315274108872,127.59144632788974
2024-11-20 14:54:06+00:00,FFT3378,18.501535189353813,-66.28631036931819,1150.62,129.27315274108872,127.59144632788974
2024-11-20 14:54:08+00:00,FFT3378,18.50006103515625,-66.28444126674106,1143.0,129.05996274769936,126.54276738914324
2024-11-20 14:54:09+00:00,FFT3378,18.49930068193856,-66.28346391157669,1143.0,129.05996274769936,126.54276738914324
2024-11-20 14:54:10+00:00,FFT3378,18.49864196777344,-66.28262656075611,1143.0,129.20720350496785,126.1437248807962
2024-11-20 14:54:11+00:00,FFT3378,18.497955322265625,-66.2816946847098,1135.38,129.20720350496785,126.1437248807962
2024-11-20 14:54:12+00:00,FFT3378,18.49720583123676,-66.28076726740056,1135.38,129.35537779421392,125.74552071688063
2024-11-20 14:54:13+00:00,FFT3378,18.49594116210937,-66.27914428710938,1127.76,129.32258333795468,125.02153525202031
2024-11-20 14:54:14+00:00,FFT3378,18.495529174804688,-66.27860477992465,1127.76,129.32258333795468,125.02153525202031
2024-11-20 14:54:15+00:00,FFT3378,18.49445924920551,-66.2772216796875,1120.14,129.47245984834382,124.62399263723724
2024-11-20 14:54:16+00:00,FFT3378,18.49374389648437,-66.27634865897039,1120.14,129.47245984834382,124.62399263723724
2024-11-20 14:54:18+00:00,FFT3378,18.49241095074153,-66.27462491122157,1112.52,129.59166784252463,123.50299440752126
2024-11-20 14:54:19+00:00,FFT3378,18.49171266717426,-66.27377596768463,1112.52,129.59166784252463,123.50299440752126
2024-11-20 14:54:20+00:00,FFT3378,18.4910888671875,-66.27296447753906,1104.9,129.40726460299757,123.17577105801996
2024-11-20 14:54:21+00:00,FFT3378,18.490362652277543,-66.27207808061075,1104.9,129.40726460299757,123.17577105801996
2024-11-20 14:54:22+00:00,FFT3378,18.48957126423464,-66.27102938565338,1097.28,129.37408870966826,122.45172113514109
2024-11-20 14:54:23+00:00,FFT3378,18.489166259765625,-66.27051217215399,1097.28,129.37408870966826,122.45172113514109
2024-11-20 14:54:24+00:00,FFT3378,18.488433837890625,-66.26958029610768,1097.28,129.18751761688728,122.1260151138504
2024-11-20 14:54:25+00:00,FFT3378,18.488067626953125,-66.26908983503068,1089.66,129.34051815983753,121.72771275554102
2024-11-20 14:54:26+00:00,FFT3378,18.486968994140625,-66.26771654401506,1089.66,129.1527445587268,121.40224428149524
2024-11-20 14:54:27+00:00,FFT3378,18.4865919210143,-66.26718417080963,1089.66,129.1527445587268,121.40224428149524
2024-11-20 14:54:28+00:00,FFT3378,18.48554992675781,-66.26585279192244,1082.04,129.1527445587268,121.40224428149524
2024-11-20 14:54:29+00:00,FFT3378,18.484634399414062,-66.26467568533758,1082.04,129.11755440990464,120.67851870194548
2024-11-20 14:54:31+00:00,FFT3378,18.483938443458687,-66.26378839666194,1074.42,128.9275435927923,120.35461084021952
2024-11-20 14:54:32+00:00,FFT3378,18.48324015989142,-66.26288951526988,1074.42,128.9275435927923,120.35461084021952
2024-11-20 14:54:33+00:00,FFT3378,18.48252868652344,-66.26192910330633,1066.8,129.0819396478924,119.95483919427478
2024-11-20 14:54:34+00:00,FFT3378,18.481238413665253,-66.26024280894882,1066.8,128.8906832147631,119.63118416946092
2024-11-20 14:54:35+00:00,FFT3378,18.480586682335804,-66.259443803267,1059.18,128.8906832147631,119.63118416946092
2024-11-20 14:54:36+00:00,FFT3378,18.480307368908896,-66.25904430042613,1059.18,128.85337434035333,118.90780761409572
2024-11-20 14:54:37+00:00,FFT3378,18.479278564453125,-66.25776018415178,1059.18,128.85337434035333,118.90780761409572
2024-11-20 14:54:38+00:00,FFT3378,18.47877114506091,-66.25709672407669,1051.56,129.0094052820752,118.50762177063118
2024-11-20 14:54:40+00:00,FFT3378,18.47735595703125,-66.25520978655135,1051.56,128.81560876610578,118.18448209435395
2024-11-20 14:54:41+00:00,FFT3378,18.47666931152344,-66.25437600272039,1043.94,128.97246970447875,117.78408559440074
2024-11-20 14:54:42+00:00,FFT3378,18.475931458554022,-66.25340132279825,1043.94,128.93507755455204,117.06059897080576
2024-11-20 14:54:44+00:00,FFT3378,18.475140070511124,-66.252402565696,1036.3200000000002,128.93507755455204,117.06059897080576
2024-11-20 14:54:45+00:00,FFT3378,18.47447204589844,-66.25153132847379,1036.3200000000002,129.25373079020378,116.26206767683117
2024-11-20 14:54:46+00:00,FFT3378,18.47323608398437,-66.24996185302734,1028.7,129.05686204708837,115.93723466250307
2024-11-20 14:54:48+00:00,FFT3378,18.47248659295551,-66.24895685369319,1028.7,129.05686204708837,115.93723466250307
2024-11-20 14:54:49+00:00,FFT3378,18.47177124023437,-66.24804905482699,1028.7,129.01940047523655,115.21363599667512
2024-11-20 14:54:50+00:00,FFT3378,18.47071760791843,-66.24670965021306,1028.7,129.18102909860542,114.81440439798554
2024-11-20 14:54:51+00:00,FFT3378,18.470443725585938,-66.24633244105746,1028.7,129.14398641457106,114.09064339999588
2024-11-20 14:54:52+00:00,FFT3378,18.46934509277344,-66.24495915004184,1028.7,129.3076481161066,113.692124
2024-11-20 14:54:53+00:00,FFT3378,18.46870422363281,-66.2440763201032,1028.7,129.3076481161066,113.692124
2024-11-20 14:54:54+00:00,FFT3378,18.46815723483845,-66.24341375177556,1028.7,129.3076481161066,113.692124
2024-11-20 14:54:55+00:00,FFT3378,18.467458951271187,-66.2425148703835,1028.7,129.47245984834382,113.29453876112476
2024-11-20 14:54:56+00:00,FFT3378,18.466853772179554,-66.24171586470169,1036.3200000000002,129.27104871525512,112.96820096632084
2024-11-20 14:54:57+00:00,FFT3378,18.466202040850103,-66.24091685901988,1036.3200000000002,129.10647076793492,113.36693069895838
2024-11-20 14:54:58+00:00,FFT3378,18.4658203125,-66.24039786202565,1028.7,129.10647076793492,113.36693069895838
2024-11-20 14:54:59+00:00,FFT3378,18.46490478515625,-66.23922075544084,1028.7,129.10647076793492,113.36693069895838
2024-11-20 14:55:00+00:00,FFT3378,18.46420029462394,-66.23832009055394,1028.7,129.10647076793492,113.36693069895838
2024-11-20 14:55:01+00:00,FFT3378,18.463943481445312,-66.23794555664062,1028.7,128.9041384554042,113.04314308188604
2024-11-20 14:55:02+00:00,FFT3378,18.463083040916317,-66.23687189275569,1028.7,128.86472790792752,112.31974972498818
2024-11-20 14:55:03+00:00,FFT3378,18.462431309586865,-66.23602294921875,1028.7,128.86472790792752,112.31974972498818
2024-11-20 14:55:04+00:00,FFT3378,18.4617330260196,-66.23512406782669,1028.7,128.82480644308316,111.59641019877276
2024-11-20 14:55:05+00:00,FFT3378,18.461471557617188,-66.23475755964006,1028.7,128.99099404250546,111.19609180737388
2024-11-20 14:55:06+00:00,FFT3378,18.460336458885063,-66.2332763671875,1021.08,128.78436410029735,110.8731255568186
2024-11-20 14:55:08+00:00,FFT3378,18.459312309653072,-66.23192804509944,1021.08,128.70187563237027,109.42672527887471
2024-11-20 14:55:09+00:00,FFT3378,18.458614026085804,-66.2310791015625,1021.08,128.87091923503198,109.0257225842338
2024-11-20 14:55:10+00:00,FFT3378,18.45800884699417,-66.23023015802556,1021.08,128.6598082540901,108.70361189166285
2024-11-20 14:55:11+00:00,FFT3378,18.4573974609375,-66.22941153390065,1021.08,128.6171774736288,107.98055788819
2024-11-20 14:55:12+00:00,FFT3378,18.456845041048727,-66.22873202237213,1021.08,128.78817797099086,107.5790847335916
2024-11-20 14:55:13+00:00,FFT3378,18.456286414194917,-66.22798295454544,1021.08,128.78817797099086,107.5790847335916
2024-11-20 14:55:14+00:00,FFT3378,18.45542907714844,-66.22686113630022,1021.08,128.91925906718302,106.45510900014456
2024-11-20 14:55:15+00:00,FFT3378,18.455108642578125,-66.2264197213309,1021.08,128.87749633851263,105.73169679586996
2024-11-20 14:55:16+00:00,FFT3378,18.454191563493115,-66.22528631036931,1021.08,129.05313694602648,105.33170234378343
2024-11-20 14:55:17+00:00,FFT3378,18.453689575195312,-66.22460501534596,1021.08,129.05313694602648,105.33170234378343
2024-11-20 14:55:18+00:00,FFT3378,18.453140258789062,-66.22391836983815,1021.08,129.0118516242245,104.60811110767334
2024-11-20 14:55:19+00:00,FFT3378,18.45263671875,-66.22323172433033,1021.08,128.96999119171855,103.88457494213378
2024-11-20 14:55:20+00:00,FFT3378,18.45195705607786,-66.22238991477269,1021.08,128.9275435927923,103.16109500590244
2024-11-20 14:55:21+00:00,FFT3378,18.45139842922405,-66.221640846946,1021.08,128.9275435927923,103.16109500590244
2024-11-20 14:55:22+00:00,FFT3378,18.450839802370236,-66.22094171697444,1021.08,129.10777238268088,102.76139623008018
2024-11-20 14:55:23+00:00,FFT3378,18.45028117551642,-66.22019264914769,1021.08,129.06583454045108,102.03773362261325
2024-11-20 14:55:24+00:00,FFT3378,18.449722548662606,-66.21949351917613,1021.08,129.02329761708287,101.3141264633899
2024-11-20 14:55:25+00:00,FFT3378,18.44911736957097,-66.21874445134944,1021.08,129.02329761708287,101.3141264633899
2024-11-20 14:55:26+00:00,FFT3378,18.4486518471928,-66.21809525923294,1021.08,129.16521100315867,100.19118835071517
2024-11-20 14:55:27+00:00,FFT3378,18.44805908203125,-66.21734619140625,1021.08,129.35175262626476,99.79285436221646
2024-11-20 14:55:28+00:00,FFT3378,18.447418212890625,-66.21656145368303,1021.08,129.35175262626476,99.79285436221646
2024-11-20 14:55:29+00:00,FFT3378,18.446823120117188,-66.2157767159598,1021.08,129.35175262626476,99.79285436221646
2024-11-20 14:55:30+00:00,FFT3378,18.44623113082627,-66.215049050071,1021.08,129.31034065021083,99.06887882432385
2024-11-20 14:55:32+00:00,FFT3378,18.445113877118644,-66.21360085227269,1021.08,129.31034065021083,99.06887882432385
2024-11-20 14:55:33+00:00,FFT3378,18.44450869802701,-66.212851784446,1028.7,129.26831897993654,98.34495580239548
2024-11-20 14:55:34+00:00,FFT3378,18.443996623411017,-66.21215265447444,1028.7,129.26831897993654,98.34495580239548
2024-11-20 14:55:35+00:00,FFT3378,18.44348454879502,-66.21150346235794,1028.7,129.26831897993654,98.34495580239548
2024-11-20 14:55:36+00:00,FFT3378,18.44297790527344,-66.21082305908203,1028.7,129.03551289874687,98.02014613411544
2024-11-20 14:55:37+00:00,FFT3378,18.44233703613281,-66.21003832135881,1028.7,129.03551289874687,98.02014613411544
2024-11-20 14:55:38+00:00,FFT3378,18.44180866823358,-66.20935613458806,1028.7,129.03551289874687,98.02014613411544
2024-11-20 14:55:39+00:00,FFT3378,18.441296593617583,-66.20865700461644,1028.7,129.03551289874687,98.02014613411544
2024-11-20 14:55:40+00:00,FFT3378,18.440691414525958,-66.20790793678975,1028.7,129.22567409733674,97.62108646475016
2024-11-20 14:55:41+00:00,FFT3378,18.44013977050781,-66.20719364711215,1028.7,129.22567409733674,97.62108646475016
2024-11-20 14:55:42+00:00,FFT3378,18.43954467773437,-66.20640890938893,1028.7,128.80116268649434,97.69696550963003
2024-11-20 14:55:43+00:00,FFT3378,18.438782772775426,-66.20541104403407,1028.7,128.14023999447417,97.45964734027638
2024-11-20 14:55:44+00:00,FFT3378,18.438550011586333,-66.20506147904825,1028.7,126.86989764584402,97.74436
2024-11-20 14:55:45+00:00,FFT3378,18.43798828125,-66.20425088065008,1028.7,125.53767779197436,97.35912163292647
2024-11-20 14:55:46+00:00,FFT3378,18.437484741210938,-66.20346614292691,1028.7,123.85711014166068,97.87964637616544
2024-11-20 14:55:47+00:00,FFT3378,18.436981201171875,-66.20263235909596,1028.7,122.10124889583558,97.77413906371456
2024-11-20 14:55:48+00:00,FFT3378,18.43650171312235,-66.20181551846588,1021.08,120.19162296095764,98.20492074404916
2024-11-20 14:55:49+00:00,FFT3378,18.436019897460938,-66.20086669921875,1021.08,120.19162296095764,98.20492074404916
2024-11-20 14:55:50+00:00,FFT3378,18.43560791015625,-66.19998386928012,1021.08,115.76001123750814,98.24802971295316
2024-11-20 14:55:51+00:00,FFT3378,18.43524169921875,-66.19915008544922,1021.08,113.62937773065684,98.8281603504997
2024-11-20 14:55:52+00:00,FFT3378,18.434965489274365,-66.19836980646306,1013.46,111.467651439099,98.39741756932152
2024-11-20 14:55:53+00:00,FFT3378,18.43463962360964,-66.19737104936075,1013.46,108.90845688165696,98.42565463091054
2024-11-20 14:55:55+00:00,FFT3378,18.434360310182733,-66.1963722922585,1005.84,104.18111238680282,98.6941741712776
