Timestamp,Callsign,lat,lon,Altitude,Speed,Direction
2024-08-31 12:15:14+00:00,NAC810,18.463920981197035,-65.95996648615056,1005.84,344.2023685155468,109.60072163929352
2024-08-31 12:15:15+00:00,NAC810,18.46438650357521,-65.960166237571,1005.84,342.9169130526372,110.32874976397214
2024-08-31 12:15:16+00:00,NAC810,18.465728759765625,-65.96068790980746,1028.7,341.6489395205216,111.11156778916076
2024-08-31 12:15:17+00:00,NAC810,18.466667563228285,-65.96101518110794,1036.3200000000002,340.5599651718238,111.2912532212878
2024-08-31 12:15:18+00:00,NAC810,18.46759860798464,-65.96141468394882,1051.56,339.81419699053515,111.8143767724606
2024-08-31 12:15:19+00:00,NAC810,18.468017578125,-65.9615707397461,1059.18,339.81419699053515,111.8143767724606
2024-08-31 12:15:20+00:00,NAC810,18.46904172735699,-65.96201393821019,1074.42,339.3209366559503,112.17356752939224
2024-08-31 12:15:21+00:00,NAC810,18.47030639648437,-65.96255166190008,1089.66,338.4399360934349,113.39494097710752
2024-08-31 12:15:22+00:00,NAC810,18.471359252929688,-65.9629930768694,1104.9,338.1985905136482,113.58499468570162
2024-08-31 12:15:23+00:00,NAC810,18.472320556640625,-65.96338544573103,1112.52,337.81598665473,114.44731504582758
2024-08-31 12:15:24+00:00,NAC810,18.473190307617188,-65.96377781459262,1120.14,337.53678751059283,115.7899053977926
2024-08-31 12:15:25+00:00,NAC810,18.474255577992583,-65.96426114169032,1127.76,337.16634582208246,116.66088227558885
2024-08-31 12:15:26+00:00,NAC810,18.47515869140625,-65.96466064453125,1135.38,336.8997993945265,118.00968603367038
2024-08-31 12:15:27+00:00,NAC810,18.47621077198093,-65.96516002308238,1143.0,336.7687994844585,118.68502932452604
2024-08-31 12:15:28+00:00,NAC810,18.47723492121292,-65.96560946377838,1150.62,336.51122512701363,120.03754576510434
2024-08-31 12:15:29+00:00,NAC810,18.478271484375,-65.96613202776228,1150.62,336.0375110254218,121.6004592716927
2024-08-31 12:15:30+00:00,NAC810,18.479329771914724,-65.96665815873575,1158.24,335.79411495550363,122.9596494679511
2024-08-31 12:15:31+00:00,NAC810,18.48040047338453,-65.96715753728694,1165.86,335.4575651180185,123.85286043265894
2024-08-31 12:15:32+00:00,NAC810,18.48142462261653,-65.96765691583806,1173.48,335.22485943116806,125.21719136429438
2024-08-31 12:15:33+00:00,NAC810,18.482391357421875,-65.96814291817799,1181.1,334.8983912861766,126.11749684747792
2024-08-31 12:15:34+00:00,NAC810,18.483444213867188,-65.96863337925504,1188.72,334.88516511385546,127.26745678197682
2024-08-31 12:15:35+00:00,NAC810,18.48445051807468,-65.96915505149144,1203.96,334.46719351448775,127.70754977880516
2024-08-31 12:15:36+00:00,NAC810,18.48541259765625,-65.96966334751676,1211.5800000000002,334.3589941756947,128.39372109356557
2024-08-31 12:15:37+00:00,NAC810,18.486602783203125,-65.97025190080916,1226.8200000000002,334.0466242976358,129.30465768214205
2024-08-31 12:15:38+00:00,NAC810,18.48705744339248,-65.9705033735795,1226.8200000000002,333.9419778838368,129.99257813557512
2024-08-31 12:15:39+00:00,NAC810,18.488296508789062,-65.97113473074774,1242.0600000000002,333.83843355798075,130.6809276554456
2024-08-31 12:15:40+00:00,NAC810,18.489761352539062,-65.97191946847096,1264.92,333.63633913418977,130.9085623419775
2024-08-31 12:15:41+00:00,NAC810,18.49081420898437,-65.97245897565568,1280.16,333.53511616757334,131.59815383497002
2024-08-31 12:15:42+00:00,NAC810,18.491912841796875,-65.97304752894809,1295.4,333.3349562900352,131.8282198349222
2024-08-31 12:15:43+00:00,NAC810,18.49292302535752,-65.97359952059657,1310.64,333.13549625590537,132.05988907376454
2024-08-31 12:15:44+00:00,NAC810,18.49399372682733,-65.97414883700282,1333.5,332.9367372103084,132.29315312881346
2024-08-31 12:15:45+00:00,NAC810,18.495064428297137,-65.97474809126419,1348.74,333.0377574073676,132.751474272556
2024-08-31 12:15:46+00:00,NAC810,18.496135129766948,-65.97529740767044,1363.98,332.8402043077035,132.98551533676164
2024-08-31 12:15:47+00:00,NAC810,18.49720583123676,-65.97589666193181,1379.22,332.6433476641352,133.2211318165752
2024-08-31 12:15:48+00:00,NAC810,18.498369637182204,-65.97654585404825,1402.0800000000002,332.7446716250569,133.6782511275525
2024-08-31 12:15:49+00:00,NAC810,18.49902136851165,-65.97689541903407,1409.7,332.5490022290677,133.91462505224925
2024-08-31 12:15:50+00:00,NAC810,18.500152587890625,-65.97751072474887,1432.5600000000002,332.5490022290677,133.91462505224925
2024-08-31 12:15:51+00:00,NAC810,18.5013427734375,-65.978148324149,1447.8000000000002,332.6501242199301,134.37135472329834
2024-08-31 12:15:52+00:00,NAC810,18.50246623411017,-65.97874311967325,1463.04,332.7505607996187,134.82850011300545
2024-08-31 12:15:53+00:00,NAC810,18.50344383110434,-65.9792924360795,1478.28,332.8503183022168,135.28605700710335
2024-08-31 12:15:54+00:00,NAC810,18.504654189287606,-65.979941628196,1501.14,332.94940299291386,135.74402124437748
2024-08-31 12:15:55+00:00,NAC810,18.505691528320312,-65.98045349121094,1516.38,333.2410552161686,135.96999195982016
2024-08-31 12:15:56+00:00,NAC810,18.50692749023437,-65.98109109061102,1531.62,333.2410552161686,135.96999195982016
2024-08-31 12:15:57+00:00,NAC810,18.50816345214844,-65.98172869001115,1554.48,333.3383287129698,136.42954008254546
2024-08-31 12:15:58+00:00,NAC810,18.509262084960938,-65.98231724330356,1569.72,333.434948822922,136.8894787994113
2024-08-31 12:15:59+00:00,NAC810,18.51051977125265,-65.98298783735794,1592.5800000000002,333.7233479619749,137.12128221748483
2024-08-31 12:16:00+00:00,NAC810,18.51163702496028,-65.98353715376419,1607.8200000000002,333.7233479619749,137.12128221748483
2024-08-31 12:16:01+00:00,NAC810,18.51219565181409,-65.98383678089488,1615.44,333.8181924685568,137.5827556284699
2024-08-31 12:16:02+00:00,NAC810,18.51338195800781,-65.9844752720424,1630.68,333.9124026002316,138.044603519796
2024-08-31 12:16:03+00:00,NAC810,18.5145263671875,-65.98501477922713,1653.5400000000002,333.7209486747171,138.2715995208087
2024-08-31 12:16:04+00:00,NAC810,18.51576232910156,-65.98565237862721,1668.78,333.7209486747171,138.2715995208087
2024-08-31 12:16:05+00:00,NAC810,18.516943980071503,-65.98628373579544,1691.64,333.8150147541587,138.73306186311754
2024-08-31 12:16:06+00:00,NAC810,18.517547607421875,-65.98658425467352,1699.26,333.8150147541587,138.73306186311754
2024-08-31 12:16:08+00:00,NAC810,18.520342293432204,-65.98803156072444,1737.36,333.62311162598803,140.1111632648201
2024-08-31 12:16:09+00:00,NAC810,18.520900920286017,-65.98833118785507,1744.98,333.62311162598803,140.1111632648201
2024-08-31 12:16:10+00:00,NAC810,18.52271645756091,-65.98928000710225,1775.46,333.5285692943625,140.80079472768833
2024-08-31 12:16:11+00:00,NAC810,18.52381896972656,-65.98987034388949,1783.0800000000002,333.434948822922,141.4908058178789
2024-08-31 12:16:12+00:00,NAC810,18.524904412738348,-65.99042857776988,1798.3200000000002,333.5278106208874,141.95112495910965
2024-08-31 12:16:13+00:00,NAC810,18.52592856197034,-65.99097789417613,1813.56,333.434948822922,142.64113757249584
2024-08-31 12:16:14+00:00,NAC810,18.52755789029396,-65.99187677556819,1828.8,333.1594904667868,143.56306209894058
2024-08-31 12:16:15+00:00,NAC810,18.52867126464844,-65.99246978759766,1844.04,332.9765923649216,143.79607058051232
2024-08-31 12:16:16+00:00,NAC810,18.5297458454714,-65.99307528409088,1859.28,332.43146294556175,144.50383071551957
2024-08-31 12:16:17+00:00,NAC810,18.53041076660156,-65.99345070975164,1859.28,331.8916957446745,145.22454343480595
2024-08-31 12:16:18+00:00,NAC810,18.531514830508478,-65.99412397904825,1874.52,331.180373856987,146.20531062623792
2024-08-31 12:16:19+00:00,NAC810,18.53315734863281,-65.9951182774135,1897.38,330.2053827958339,147.0158185920102
2024-08-31 12:16:20+00:00,NAC810,18.533843994140625,-65.99560873849049,1905.0,329.3110412626064,147.16335803268814
2024-08-31 12:16:21+00:00,NAC810,18.535079956054688,-65.99639347621371,1920.24,328.2486045460794,147.61674540908572
2024-08-31 12:16:22+00:00,NAC810,18.536216606528072,-65.99722012606532,1943.1,327.193034475507,148.12056898140244
2024-08-31 12:16:23+00:00,NAC810,18.537277221679688,-65.99801199776783,1958.34,326.0342090032502,148.24737309211153
2024-08-31 12:16:24+00:00,NAC810,18.53887939453125,-65.99923815046037,1988.82,324.8778362898556,148.43470174063165
2024-08-31 12:16:25+00:00,NAC810,18.539840698242188,-66.0000228881836,2004.06,323.884996125723,148.378527978932
2024-08-31 12:16:26+00:00,NAC810,18.540406307931672,-66.00051602450282,2019.3,322.73359809902286,148.67787612346498
2024-08-31 12:16:27+00:00,NAC810,18.54180908203125,-66.00173950195312,2049.78,321.619529736151,148.3143033422499
2024-08-31 12:16:28+00:00,NAC810,18.54278047206038,-66.00261341441757,2072.6400000000003,320.34708160029936,148.33482256829325
2024-08-31 12:16:29+00:00,NAC810,18.543731689453125,-66.00350516183033,2087.88,319.0756122786774,148.42846126139798
2024-08-31 12:16:30+00:00,NAC810,18.54478454589844,-66.00453513009205,2118.36,317.9536740048968,148.25005088228173
2024-08-31 12:16:31+00:00,NAC810,18.54574584960937,-66.00556509835377,2133.6,316.6846843178963,148.48105137540395
2024-08-31 12:16:32+00:00,NAC810,18.546295166015625,-66.00615365164617,2148.84,315.2808594146834,148.41865426389575
2024-08-31 12:16:33+00:00,NAC810,18.54721069335937,-66.00723266601562,2171.7000000000003,313.8766972859246,148.44539909468364
2024-08-31 12:16:34+00:00,NAC810,18.548171997070312,-66.00836072649275,2194.56,312.6198828565547,148.90910157596062
2024-08-31 12:16:35+00:00,NAC810,18.549437442068324,-66.00990434126419,2217.42,311.2231181364758,149.10447381138397
2024-08-31 12:16:36+00:00,NAC810,18.549819946289062,-66.01046970912387,2225.04,309.9575489308291,148.99349828743428
2024-08-31 12:16:37+00:00,NAC810,18.550694352489405,-66.01165216619319,2247.9,309.9575489308291,148.99349828743428
2024-08-31 12:16:38+00:00,NAC810,18.551513671875,-66.01282392229353,2263.1400000000003,307.1847064532331,149.80835407524108
2024-08-31 12:16:39+00:00,NAC810,18.552463337526483,-66.01429887251419,2286.0,305.65185815001735,150.04577470882137
2024-08-31 12:16:40+00:00,NAC810,18.55320817333157,-66.01549738103694,2308.86,304.1249417520059,150.3902047540416
2024-08-31 12:16:41+00:00,NAC810,18.553619384765625,-66.01615905761719,2316.48,304.1249417520059,150.3902047540416
2024-08-31 12:16:42+00:00,NAC810,18.55430603027344,-66.0174342564174,2331.7200000000003,301.09731288577944,151.39694483116455
2024-08-31 12:16:43+00:00,NAC810,18.554930606130824,-66.01879327947444,2346.96,299.6006203021336,152.05715025761415
2024-08-31 12:16:44+00:00,NAC810,18.555908203125,-66.02076939174106,2369.82,298.0382941134671,152.1241440301641
2024-08-31 12:16:45+00:00,NAC810,18.556228637695312,-66.02160317557195,2377.44,296.3924740498392,152.76474998248935
2024-08-31 12:16:46+00:00,NAC810,18.55683924788136,-66.02298805930394,2392.6800000000003,294.8423891054552,153.06330061208143
2024-08-31 12:16:47+00:00,NAC810,18.557490979210804,-66.02473588423294,2415.54,293.29946326068256,153.47339832395713
2024-08-31 12:16:48+00:00,NAC810,18.55777029263771,-66.02558482776988,2423.1600000000003,291.58788583069736,153.80413064249032
2024-08-31 12:16:49+00:00,NAC810,18.558282367253707,-66.02708296342325,2446.02,289.9503567229441,153.78778300872486
2024-08-31 12:16:50+00:00,NAC810,18.55860823291843,-66.02833140980113,2461.26,288.25382472811987,154.38549294741813
2024-08-31 12:16:51+00:00,NAC810,18.55902099609375,-66.0298429216657,2476.5,286.6262095004299,154.6244434626888
2024-08-31 12:16:52+00:00,NAC810,18.55938720703125,-66.03141239711215,2499.36,285.05431655960484,154.4908822746541
2024-08-31 12:16:53+00:00,NAC810,18.559616088867188,-66.03268759591236,2514.6,283.2514188649346,154.8553348322652
2024-08-31 12:16:54+00:00,NAC810,18.55991169557733,-66.03437389026988,2537.46,281.4965630175858,154.8681520373056
2024-08-31 12:16:55+00:00,NAC810,18.56014445676642,-66.0359719016335,2552.7000000000003,279.9309250051314,155.11403699421007
2024-08-31 12:16:56+00:00,NAC810,18.560284113479877,-66.03727028586644,2567.94,278.3714027598246,155.47532661935406
2024-08-31 12:16:57+00:00,NAC810,18.56037721795551,-66.0386186079545,2583.1800000000003,276.8202544384808,155.95121884650658
2024-08-31 12:16:58+00:00,NAC810,18.560470322431144,-66.04006680575282,2598.42,275.2970481045968,156.02841423587682
2024-08-31 12:16:59+00:00,NAC810,18.560531616210938,-66.04146684919084,2613.6600000000003,273.9646547228561,156.25045612028146
2024-08-31 12:17:00+00:00,NAC810,18.56056342690678,-66.04346257990056,2636.52,272.4567280733916,156.01993309404736
2024-08-31 12:17:01+00:00,NAC810,18.56056342690678,-66.04421164772725,2651.76,270.9453891044644,155.8977534927153
2024-08-31 12:17:02+00:00,NAC810,18.56051687466896,-66.045859596946,2667.0,269.6218155284904,155.87992763298158
2024-08-31 12:17:03+00:00,NAC810,18.560470322431144,-66.04730779474431,2689.86,268.2986453946739,155.9452791568473
2024-08-31 12:17:04+00:00,NAC810,18.560348510742188,-66.04887281145369,2705.1,266.97728771165936,156.09370359308488
2024-08-31 12:17:05+00:00,NAC810,18.56023756124205,-66.050254128196,2720.34,265.8471977682752,156.2868679731245
2024-08-31 12:17:06+00:00,NAC810,18.560051352290785,-66.05190207741475,2735.58,264.5328984119112,156.58884407725347
2024-08-31 12:17:07+00:00,NAC810,18.55986514333951,-66.05335027521306,2750.82,263.4108781208193,156.91300997380245
2024-08-31 12:17:08+00:00,NAC810,18.55966186523437,-66.05475834437777,2766.06,262.0824969651717,156.8573416372841
2024-08-31 12:17:09+00:00,NAC810,18.55938720703125,-66.0563768659319,2781.3,260.78397731518544,157.39380340494756
2024-08-31 12:17:10+00:00,NAC810,18.55907375529661,-66.05789462002838,2796.54,259.4264765814391,156.99900403254316
2024-08-31 12:17:11+00:00,NAC810,18.558747889631885,-66.05919300426132,2811.78,258.10168482587505,157.1961067661293
2024-08-31 12:17:12+00:00,NAC810,18.558334350585938,-66.06098720005582,2834.6400000000003,256.7379766970016,156.97624548390698
2024-08-31 12:17:13+00:00,NAC810,18.55796813964844,-66.06226239885603,2842.26,255.37121987377355,156.84553066220198
2024-08-31 12:17:14+00:00,NAC810,18.55758408368644,-66.06348765980113,2857.5,254.00296303193133,156.80418524350708
2024-08-31 12:17:15+00:00,NAC810,18.55718994140625,-66.06466565813338,2872.74,252.57850244555163,156.36135882056286
2024-08-31 12:17:16+00:00,NAC810,18.556653038930083,-66.0662841796875,2887.98,251.20770167651395,156.50262464661267
2024-08-31 12:17:17+00:00,NAC810,18.556137084960938,-66.0677065168108,2895.6000000000004,250.01689347810003,156.55672866262643
2024-08-31 12:17:18+00:00,NAC810,18.55558233746028,-66.06913063742894,2910.84,248.5835899570958,156.38589916759682
2024-08-31 12:17:19+00:00,NAC810,18.554946899414062,-66.07055119105746,2926.08,247.2210608583036,156.7873064291155
2024-08-31 12:17:20+00:00,NAC810,18.554351806640625,-66.07192448207309,2933.7000000000003,245.96106573454156,156.59729440747614
2024-08-31 12:17:21+00:00,NAC810,18.55366516113281,-66.07334681919644,2948.94,244.69862137458023,156.48317644657013
2024-08-31 12:17:22+00:00,NAC810,18.55297541214248,-66.07472367720169,2956.56,243.434948822922,156.44511862789864
2024-08-31 12:17:23+00:00,NAC810,18.552291870117188,-66.07594626290455,2971.8,242.1712762712637,156.48317644657013
2024-08-31 12:17:24+00:00,NAC810,18.55162539724576,-66.07717063210225,2979.42,241.0735741647464,156.3478176699203
2024-08-31 12:17:25+00:00,NAC810,18.55091857910156,-66.0783495221819,2987.04,239.97437396984367,156.26993328297712
2024-08-31 12:17:26+00:00,NAC810,18.55013572563559,-66.07966752485794,2994.6600000000003,238.8744828036622,156.24960923204534
2024-08-31 12:17:27+00:00,NAC810,18.549437442068324,-66.08076615767044,3002.28,237.6154444064984,156.56179995553848
2024-08-31 12:17:28+00:00,NAC810,18.548583984375,-66.08207702636719,3002.28,236.414582183243,156.23605839594356
2024-08-31 12:17:29+00:00,NAC810,18.5478515625,-66.0831069946289,3009.9,235.3167657071032,156.4019752382026
2024-08-31 12:17:30+00:00,NAC810,18.547482248079977,-66.083662553267,3017.52,235.3167657071032,156.4019752382026
2024-08-31 12:17:31+00:00,NAC810,18.546066284179688,-66.08560834612166,3025.1400000000003,233.01709307365533,156.49416920443767
2024-08-31 12:17:32+00:00,NAC810,18.545201188426905,-66.08665882457382,3025.1400000000003,231.81102473864743,156.43243063080058
2024-08-31 12:17:33+00:00,NAC810,18.54432678222656,-66.08776637486051,3032.76,230.86960044301472,156.51277057425108
2024-08-31 12:17:34+00:00,NAC810,18.54341125488281,-66.0888453892299,3032.76,229.9293956531376,156.63531525187057
2024-08-31 12:17:35+00:00,NAC810,18.542449951171875,-66.08997344970703,3040.38,228.9909130984298,156.79996571024623
2024-08-31 12:17:36+00:00,NAC810,18.541430457163663,-66.09110329367894,3048.0,227.92885819969308,156.62433240040997
2024-08-31 12:17:37+00:00,NAC810,18.54045286016949,-66.09215198863632,3048.0,226.99324814786831,156.87843045251327
2024-08-31 12:17:38+00:00,NAC810,18.539382934570312,-66.09325953892301,3055.6200000000003,225.9304760960784,156.80418524350708
2024-08-31 12:17:39+00:00,NAC810,18.53840456170551,-66.09424937855113,3070.86,224.734743656624,157.14895938311747
2024-08-31 12:17:40+00:00,NAC810,18.5372314453125,-66.09536852155412,3078.48,223.53801210121975,156.8345625317614
2024-08-31 12:17:41+00:00,NAC810,18.53627014160156,-66.09625135149275,3086.1000000000004,222.3369992339329,156.58884407725347
2024-08-31 12:17:42+00:00,NAC810,18.53533211400953,-66.0970458984375,3093.7200000000003,221.274371806651,156.75101082367703
2024-08-31 12:17:43+00:00,NAC810,18.53407287597656,-66.09811510358537,3108.96,220.0706043468624,156.63531525187057
2024-08-31 12:17:44+00:00,NAC810,18.53306579589844,-66.09894888741627,3116.5800000000004,218.74777509312935,156.98973242951274
2024-08-31 12:17:45+00:00,NAC810,18.53192138671875,-66.09978267124723,3124.2000000000003,217.54570118725152,157.01923108431578
2024-08-31 12:17:46+00:00,NAC810,18.530776977539062,-66.1006655011858,3139.44,216.34460724707677,157.11780067172106
2024-08-31 12:17:47+00:00,NAC810,18.529419979806672,-66.10159024325282,3154.6800000000003,214.99202019855863,156.98973242951274
2024-08-31 12:17:48+00:00,NAC810,18.52820962162341,-66.10238924893463,3162.3,213.79405249259744,157.2348243976778
2024-08-31 12:17:49+00:00,NAC810,18.5271389201536,-66.10308837890625,3169.92,212.60033357369025,157.54842250570553
2024-08-31 12:17:50+00:00,NAC810,18.52602166644597,-66.10373757102269,3177.54,211.411870810116,157.93011866104953
2024-08-31 12:17:51+00:00,NAC810,18.524688720703125,-66.10454014369418,3192.78,210.0685828218625,158.12103964917569
2024-08-31 12:17:52+00:00,NAC810,18.52336818889036,-66.10523570667613,3200.4,208.7292687844552,158.3986358925144
2024-08-31 12:17:53+00:00,NAC810,18.522204382944917,-66.1058349609375,3208.02,207.395366663336,158.7624527365102
2024-08-31 12:17:54+00:00,NAC810,18.520761263572563,-66.10653409090907,3223.26,205.90174327773636,158.98650243385515
2024-08-31 12:17:55+00:00,NAC810,18.519607543945312,-66.10699244907926,3230.88,205.90174327773636,158.98650243385515
2024-08-31 12:17:56+00:00,NAC810,18.51800537109375,-66.10767909458707,3238.5,202.8604237350009,160.23093194662312
2024-08-31 12:17:57+00:00,NAC810,18.51649475097656,-66.10821860177174,3253.74,201.2219954185028,160.59389374849593
2024-08-31 12:17:58+00:00,NAC810,18.51503533832097,-66.10873135653407,3261.36,199.6538240580533,160.60295728355595
2024-08-31 12:17:59+00:00,NAC810,18.513499114472985,-66.10918079723007,3276.6000000000004,198.2039187060265,161.38133698794135
2024-08-31 12:18:00+00:00,NAC810,18.51280083090572,-66.10938054865056,3276.6000000000004,196.82140989004083,161.76953135317524
2024-08-31 12:18:01+00:00,NAC810,18.511459350585938,-66.10973903111051,3291.84,195.49484859913863,161.75562487756227
2024-08-31 12:18:02+00:00,NAC810,18.510040283203125,-66.11008235386441,3299.46,194.3002774491856,162.4535631417234
2024-08-31 12:18:03+00:00,NAC810,18.507819741459212,-66.11057905717325,3322.32,193.1575427400148,162.72051573111037
2024-08-31 12:18:04+00:00,NAC810,18.50707490565413,-66.11072887073863,3322.32,192.19569646523016,163.15987040985632
2024-08-31 12:18:05+00:00,NAC810,18.505492129568324,-66.11102849786931,3337.56,191.0280366944268,164.05037597286952
2024-08-31 12:18:06+00:00,NAC810,18.504002457958155,-66.11127818714488,3345.1800000000003,190.11204031091265,164.084250515592
2024-08-31 12:18:07+00:00,NAC810,18.50230407714844,-66.11155373709539,3360.42,189.1680475510768,164.66789129453002
2024-08-31 12:18:08+00:00,NAC810,18.500701904296875,-66.11174992152621,3368.04,188.58362148011395,165.44634213628962
2024-08-31 12:18:09+00:00,NAC810,18.499191284179688,-66.11199515206471,3383.28,188.0294952942316,165.7324282314988
2024-08-31 12:18:10+00:00,NAC810,18.49762480137712,-66.11217706853694,3390.9,187.65327595098285,166.10169154707265
2024-08-31 12:18:11+00:00,NAC810,18.496810913085938,-66.11228942871094,3398.52,187.2563782421888,166.98839561153537
2024-08-31 12:18:12+00:00,NAC810,18.49530029296875,-66.11248561314176,3406.1400000000003,187.0595105319632,167.43472863103207
2024-08-31 12:18:13+00:00,NAC810,18.49360656738281,-66.11268179757252,3421.38,187.03794076318468,167.94528455064864
2024-08-31 12:18:14+00:00,NAC810,18.492038532838983,-66.1128761985085,3429.0,186.84277341263092,168.39379620819128
2024-08-31 12:18:15+00:00,NAC810,18.490641965704448,-66.11307594992894,3436.6200000000003,186.8013148239816,169.41539962411684
2024-08-31 12:18:16+00:00,NAC810,18.48915229409428,-66.11327570134944,3444.24,186.9529574681739,169.98774267453825
2024-08-31 12:18:17+00:00,NAC810,18.487518310546875,-66.11346653529574,3459.48,186.93202979742912,170.4984147636786
2024-08-31 12:18:18+00:00,NAC810,18.485893637447035,-66.11367520419032,3467.1000000000004,187.2531946127253,171.13596509999385
2024-08-31 12:18:19+00:00,NAC810,18.48431396484375,-66.11390795026506,3474.7200000000003,187.57196544398383,171.7788525714868
2024-08-31 12:18:20+00:00,NAC810,18.48275756835937,-66.11415318080356,3482.34,187.8883494448879,172.427017480261
2024-08-31 12:18:21+00:00,NAC810,18.481521606445312,-66.11439841134205,3489.96,188.3708395068778,173.15454471314763
2024-08-31 12:18:22+00:00,NAC810,18.479888398768537,-66.11467396129257,3497.5800000000004,189.01666640600283,173.97413006288792
2024-08-31 12:18:23+00:00,NAC810,18.478546142578125,-66.1148888724191,3505.2000000000003,189.01666640600283,173.97413006288792
2024-08-31 12:18:24+00:00,NAC810,18.47625732421875,-66.11532315340907,3512.82,189.9593333710241,175.49780346477354
2024-08-31 12:18:25+00:00,NAC810,18.47472110037076,-66.11567271839488,3520.44,190.4244929239582,176.2772224218012
2024-08-31 12:18:26+00:00,NAC810,18.473190307617188,-66.1159678867885,3528.0600000000004,191.04890567165472,177.16602895456455
2024-08-31 12:18:27+00:00,NAC810,18.471695204912606,-66.11632191051132,3528.0600000000004,191.5048153262588,177.97234605481478
2024-08-31 12:18:28+00:00,NAC810,18.469972772113348,-66.11672141335225,3543.3,191.5048153262588,177.97234605481478
2024-08-31 12:18:29+00:00,NAC810,18.469070434570312,-66.1168997628348,3543.3,192.40421316910965,179.618327036673
2024-08-31 12:18:30+00:00,NAC810,18.466552734375,-66.11753736223494,3550.92,192.8477048587177,180.4576867576622
2024-08-31 12:18:31+00:00,NAC810,18.46499168266684,-66.11796985973007,3558.54,193.2870639987857,181.30775787313289
2024-08-31 12:18:32+00:00,NAC810,18.46348571777344,-66.11837114606584,3566.1600000000003,193.7222971331336,182.16839043209805
2024-08-31 12:18:33+00:00,NAC810,18.461779578257413,-66.118818803267,3573.78,194.3094501551502,183.16590606043903
2024-08-31 12:18:34+00:00,NAC810,18.461174399165785,-66.1190185546875,3573.78,194.77625657301544,183.55344618063597
2024-08-31 12:18:35+00:00,NAC810,18.458816528320312,-66.11974443708147,3589.02,195.35315587371971,184.58505932929077
2024-08-31 12:18:36+00:00,NAC810,18.457310563426905,-66.12021706321019,3596.6400000000003,195.9672645179957,185.14052654080717
2024-08-31 12:18:37+00:00,NAC810,18.455681235103285,-66.12071644176132,3604.26,196.3806004402841,186.06451670097545
2024-08-31 12:18:38+00:00,NAC810,18.45405190677966,-66.12126575816757,3611.88,196.8354822904733,186.5056397481348
2024-08-31 12:18:39+00:00,NAC810,18.452545166015625,-66.12175532749723,3619.5,197.2881890682904,186.9584624666103
2024-08-31 12:18:40+00:00,NAC810,18.45065359341896,-66.12241432883519,3634.74,197.7386802228501,187.4229000555196
2024-08-31 12:18:41+00:00,NAC810,18.449070817333155,-66.12296364524144,3649.98,198.1869166947655,187.89886638798032
2024-08-31 12:18:42+00:00,NAC810,18.44730183229608,-66.12361283735794,3657.6,198.63286091838225,188.38627408035683
2024-08-31 12:18:43+00:00,NAC810,18.445587158203125,-66.12425667898992,3672.84,199.07647682195795,188.88503456122464
2024-08-31 12:18:44+00:00,NAC810,18.444229384600103,-66.12481134588069,3680.46,199.7167403353048,189.08319062053215
2024-08-31 12:18:45+00:00,NAC810,18.44252014160156,-66.12548283168246,3695.7,200.4470834881589,189.96641427130623
2024-08-31 12:18:46+00:00,NAC810,18.440877623477224,-66.12620960582382,3710.94,201.08201259279397,190.21492985488567
2024-08-31 12:18:47+00:00,NAC810,18.439498901367188,-66.12680707659041,3718.56,202.06014431347091,190.3929374025148
2024-08-31 12:18:48+00:00,NAC810,18.43807983398437,-66.12744467599049,3726.18,202.83365417791757,190.89962554187267
2024-08-31 12:18:49+00:00,NAC810,18.43645516088453,-66.1282570578835,3741.42,203.8059435184577,191.1766933590013
2024-08-31 12:18:50+00:00,NAC810,18.434872384798727,-66.12905606356532,3756.66,204.7107994622302,191.9758609190019
2024-08-31 12:18:51+00:00,NAC810,18.4332275390625,-66.12994602748324,3764.28,204.7107994622302,191.9758609190019
2024-08-31 12:18:52+00:00,NAC810,18.431716918945312,-66.13077981131414,3779.52,206.8388640484488,192.5677346718523
2024-08-31 12:18:53+00:00,NAC810,18.429937847590043,-66.13180264559657,3794.76,207.9289787086809,193.31050471716011
2024-08-31 12:18:54+00:00,NAC810,18.42832946777344,-66.1327907017299,3802.38,209.0103602626874,194.12270142887957
2024-08-31 12:18:55+00:00,NAC810,18.427001953125,-66.13367353166853,3810.0,210.15829070154803,194.55847679474917
2024-08-31 12:18:56+00:00,NAC810,18.42549133300781,-66.13470349993025,3825.24,211.30063421210735,195.07198230478863
2024-08-31 12:18:57+00:00,NAC810,18.42462158203125,-66.13534109933033,3832.86,212.5175106150455,195.22861736346488
2024-08-31 12:18:58+00:00,NAC810,18.42256164550781,-66.13681248256137,3848.1,213.7734067828615,196.18671161201488
2024-08-31 12:18:59+00:00,NAC810,18.42109292240466,-66.13794500177556,3855.72,214.97973287738455,196.52164809459663
2024-08-31 12:19:00+00:00,NAC810,18.420394638837397,-66.13854425603694,3863.34,216.1814235061497,196.94338112331863
2024-08-31 12:19:01+00:00,NAC810,18.418253235897776,-66.14029208096588,3878.58,217.495893219926,197.7640770876936
2024-08-31 12:19:03+00:00,NAC810,18.415972176244704,-66.14243940873575,3886.2,220.1666342432801,198.5953743409487
2024-08-31 12:19:04+00:00,NAC810,18.414622161347985,-66.14373779296875,3893.82,221.54758345236465,199.3422374012624
2024-08-31 12:19:05+00:00,NAC810,18.414047241210938,-66.1442674909319,3901.44,223.0178770582256,199.82755900192748
2024-08-31 12:19:06+00:00,NAC810,18.41162109375,-66.14691598074774,3916.68,224.68804784013872,200.4385002088932
2024-08-31 12:19:07+00:00,NAC810,18.410479012182204,-66.14828213778407,3924.3,226.24536426676835,200.8467384435845
2024-08-31 12:19:08+00:00,NAC810,18.409408310712397,-66.149580522017,3931.92,227.7952234102628,201.40269068472145
2024-08-31 12:19:09+00:00,NAC810,18.4083251953125,-66.15098680768693,3947.16,229.3510779515739,201.3796935468565
2024-08-31 12:19:10+00:00,NAC810,18.40708923339844,-66.15265437534879,3962.4,230.79279649503212,201.82995980927396
2024-08-31 12:19:11+00:00,NAC810,18.405990600585938,-66.15422385079518,3977.64,232.0227938355732,202.3171624768653
2024-08-31 12:19:12+00:00,NAC810,18.405349731445312,-66.15515572684149,3985.26,233.15921606075247,202.48518454044543
2024-08-31 12:19:13+00:00,NAC810,18.403884887695312,-66.15736280168807,4008.12,234.2933085993971,202.73271394824468
2024-08-31 12:19:14+00:00,NAC810,18.40278625488281,-66.15912846156527,4023.36,235.3416452944789,202.63608937133748
2024-08-31 12:19:15+00:00,NAC810,18.401779174804688,-66.1607469831194,4038.6,236.47098835204145,203.03599872281035
2024-08-31 12:19:16+00:00,NAC810,18.40088925119173,-66.162314675071,4053.84,237.51767583062184,203.08031208403804
2024-08-31 12:19:17+00:00,NAC810,18.399865101959744,-66.16416237571019,4069.08,238.439951593748,203.4611386584545
2024-08-31 12:19:18+00:00,NAC810,18.399398803710938,-66.16511208670477,4076.7,238.439951593748,203.4611386584545
2024-08-31 12:19:19+00:00,NAC810,18.398561639300848,-66.166709206321,4099.56,239.48308190914116,203.63276563040327
2024-08-31 12:19:20+00:00,NAC810,18.3973978333554,-66.168906471946,4122.42,240.9735234291066,203.56647236250592
2024-08-31 12:19:21+00:00,NAC810,18.396652221679688,-66.1703109741211,4137.66,241.4242580309652,203.27374396857965
2024-08-31 12:19:22+00:00,NAC810,18.3958740234375,-66.17188044956754,4160.52,241.7483576966028,203.23663495330496
2024-08-31 12:19:23+00:00,NAC810,18.394837460275426,-66.1739501953125,4191.0,242.00447749779815,202.75164174690607
2024-08-31 12:19:24+00:00,NAC810,18.393814086914062,-66.175902230399,4221.4800000000005,242.00447749779815,202.75164174690607
2024-08-31 12:19:25+00:00,NAC810,18.393310546875,-66.17693219866072,4236.72,242.00447749779815,202.75164174690607
2024-08-31 12:19:26+00:00,NAC810,18.39250984838453,-66.17854447798294,4259.58,242.06480986174068,202.0560264720284
2024-08-31 12:19:27+00:00,NAC810,18.391616821289062,-66.18031638009205,4274.820000000001,242.06480986174068,202.0560264720284
2024-08-31 12:19:28+00:00,NAC810,18.390740863347457,-66.182090065696,4305.3,242.19384330440624,201.815535375184
2024-08-31 12:19:29+00:00,NAC810,18.38983154296875,-66.18384769984652,4320.54,242.19384330440624,201.815535375184
2024-08-31 12:19:30+00:00,NAC810,18.38897187831038,-66.18563565340907,4343.400000000001,242.19384330440624,201.815535375184
2024-08-31 12:19:31+00:00,NAC810,18.38808738579184,-66.18733354048294,4366.26,242.19384330440624,201.815535375184
2024-08-31 12:19:32+00:00,NAC810,18.38734254998676,-66.18883167613632,4381.5,242.19384330440624,201.815535375184
2024-08-31 12:19:33+00:00,NAC810,18.386444091796875,-66.19061606270924,4396.74,242.19384330440624,201.815535375184
2024-08-31 12:19:34+00:00,NAC810,18.3856201171875,-66.19222745028407,4411.9800000000005,242.06480986174068,202.0560264720284
2024-08-31 12:19:35+00:00,NAC810,18.38478217690678,-66.19392533735794,4427.22,242.13299615034316,202.5106698693048
2024-08-31 12:19:36+00:00,NAC810,18.38388061523437,-66.19566781180242,4442.46,242.13299615034316,202.5106698693048
2024-08-31 12:19:37+00:00,NAC810,18.383102416992188,-66.19718824114119,4457.7,242.00447749779815,202.75164174690607
2024-08-31 12:19:38+00:00,NAC810,18.38232421875,-66.19875771658758,4465.320000000001,241.9445577697317,203.44748029647107
2024-08-31 12:19:39+00:00,NAC810,18.381362915039062,-66.20062146868025,4480.56,241.9445577697317,203.44748029647107
2024-08-31 12:19:40+00:00,NAC810,18.3804931640625,-66.20228903634205,4495.8,241.81685429018452,203.6899424852654
2024-08-31 12:19:41+00:00,NAC810,18.37924246060646,-66.20476185191757,4511.04,241.562360379546,204.1778916698892
2024-08-31 12:19:42+00:00,NAC810,18.378776938228285,-66.2056107954545,4518.66,241.43557027353,204.4233714456435
2024-08-31 12:19:43+00:00,NAC810,18.3779296875,-66.20724269321988,4526.280000000001,241.30908492922435,204.6698498677916
2024-08-31 12:19:44+00:00,NAC810,18.377007953191207,-66.20900656960225,4541.52,241.2520857088604,205.36820978337784
2024-08-31 12:19:45+00:00,NAC810,18.37612346067267,-66.21070445667613,4556.76,241.2520857088604,205.36820978337784
2024-08-31 12:19:46+00:00,NAC810,18.37513732910156,-66.21249062674383,4564.38,241.1264026216372,205.61612984356765
2024-08-31 12:19:47+00:00,NAC810,18.374214818922137,-66.21429998224431,4579.62,241.1954728849701,206.06677156900187
2024-08-31 12:19:48+00:00,NAC810,18.3733303264036,-66.21599786931819,4594.860000000001,241.0702835732319,206.3151349570526
2024-08-31 12:19:49+00:00,NAC810,18.372399281647244,-66.217695756392,4602.4800000000005,241.1392426511932,206.76553317859688
2024-08-31 12:19:50+00:00,NAC810,18.37120056152344,-66.22004372732977,4617.72,241.1392426511932,206.76553317859688
2024-08-31 12:19:51+00:00,NAC810,18.370651245117188,-66.22107369559149,4625.34,241.2079018555084,207.2162296109316
2024-08-31 12:19:52+00:00,NAC810,18.369792356329448,-66.22268954190338,4640.58,241.27626294205996,207.66722231245228
2024-08-31 12:19:53+00:00,NAC810,18.36895751953125,-66.22435978480746,4648.2,241.27626294205996,207.66722231245228
2024-08-31 12:19:54+00:00,NAC810,18.3675578489142,-66.22703413529825,4671.06,241.34432765491027,208.1185093571134
2024-08-31 12:19:55+00:00,NAC810,18.36699922206038,-66.22808283025569,4678.68,241.34432765491027,208.1185093571134
2024-08-31 12:19:56+00:00,NAC810,18.36607360839844,-66.2299019949777,4693.92,241.4120977263784,208.57008883428756
2024-08-31 12:19:57+00:00,NAC810,18.365249633789062,-66.23147147042408,4701.54,241.28815191929263,208.81674221449893
2024-08-31 12:19:58+00:00,NAC810,18.364334106445312,-66.23318808419361,4716.780000000001,241.35581710101724,209.26807963387648
2024-08-31 12:19:59+00:00,NAC810,18.36396789550781,-66.23387472970143,4724.400000000001,241.35581710101724,209.26807963387648
2024-08-31 12:20:00+00:00,NAC810,18.36257675946769,-66.236572265625,4739.64,241.42319094460169,209.71970766592892
2024-08-31 12:20:01+00:00,NAC810,18.361692266949152,-66.23832009055394,4754.88,241.61365724111815,209.9265629829615
2024-08-31 12:20:02+00:00,NAC810,18.36080777443061,-66.24006791548294,4762.5,241.68026583802884,210.37929338741515
2024-08-31 12:20:03+00:00,NAC810,18.35955086400953,-66.24256480823863,4785.360000000001,241.68026583802884,210.37929338741515
2024-08-31 12:20:04+00:00,NAC810,18.35899223715572,-66.243613503196,4792.9800000000005,241.86987973732977,210.58927100951635
2024-08-31 12:20:05+00:00,NAC810,18.358014640161542,-66.24556107954544,4808.22,241.93572869063405,211.0430878166467
2024-08-31 12:20:06+00:00,NAC810,18.357037043167374,-66.24750865589488,4815.84,242.1244896134725,211.2561639552586
2024-08-31 12:20:07+00:00,NAC810,18.35614013671875,-66.24937329973494,4831.08,242.31286810597803,211.471528375604
2024-08-31 12:20:08+00:00,NAC810,18.35517883300781,-66.25133514404297,4846.320000000001,242.6245076287101,211.45212952819995
2024-08-31 12:20:09+00:00,NAC810,18.35438356561176,-66.2530517578125,4861.56,243.1863786708624,212.12317177928188
2024-08-31 12:20:10+00:00,NAC810,18.35354562533104,-66.25484952059657,4876.8,243.497091726443,212.1213003161524
2024-08-31 12:20:11+00:00,NAC810,18.3526611328125,-66.25677926199774,4892.04,243.497091726443,212.1213003161524
2024-08-31 12:20:14+00:00,NAC810,18.35009765625,-66.26241956438338,4930.14,244.2392643797227,213.0624340963675
2024-08-31 12:20:15+00:00,NAC810,18.349594116210938,-66.26349857875277,4945.38,244.54854943235503,213.0816863425202
2024-08-31 12:20:17+00:00,NAC810,18.348238670219807,-66.26653497869319,4968.240000000001,244.91640599380904,213.57296162400303
2024-08-31 12:20:18+00:00,NAC810,18.347447282176905,-66.26838267933238,4983.4800000000005,245.16690687556377,213.13881180219772
2024-08-31 12:20:19+00:00,NAC810,18.34661865234375,-66.27031598772322,4998.72,245.3502751483028,213.3907262836928
2024-08-31 12:20:20+00:00,NAC810,18.34584045410156,-66.27213069370816,5021.58,245.5332091189541,213.644821238025
2024-08-31 12:20:21+00:00,NAC810,18.344970703125,-66.27414158412387,5036.820000000001,245.5332091189541,213.644821238025
2024-08-31 12:20:22+00:00,NAC810,18.34414207329184,-66.276123046875,5052.06,245.8414372581542,213.6900308478488
2024-08-31 12:20:23+00:00,NAC810,18.34332275390625,-66.27806527273992,5074.92,245.9674159056169,213.4800038469118
2024-08-31 12:20:24+00:00,NAC810,18.34255929720604,-66.27981844815338,5090.16,245.9674159056169,213.4800038469118
2024-08-31 12:20:25+00:00,NAC810,18.34176790916313,-66.28166614879257,5105.400000000001,246.02352279827957,213.9499553353347
2024-08-31 12:20:26+00:00,NAC810,18.3409423828125,-66.28360748291016,5120.64,246.14952609192304,213.7414219377537
2024-08-31 12:20:27+00:00,NAC810,18.34013858083951,-66.28551136363632,5143.5,246.14952609192304,213.7414219377537
2024-08-31 12:20:28+00:00,NAC810,18.339431762695312,-66.28728594098772,5158.740000000001,246.2051646201222,214.21203538257456
2024-08-31 12:20:29+00:00,NAC810,18.33864890922934,-66.28905695134944,5173.9800000000005,246.33118952986155,214.0049940351505
2024-08-31 12:20:30+00:00,NAC810,18.337997177899894,-66.29075483842325,5189.22,246.33118952986155,214.0049940351505
2024-08-31 12:20:31+00:00,NAC810,18.33720578985699,-66.2926025390625,5204.46,246.38636070584147,214.4762630875864
2024-08-31 12:20:32+00:00,NAC810,18.336181640625,-66.29508427211215,5219.7,246.38636070584147,214.4762630875864
2024-08-31 12:20:33+00:00,NAC810,18.335769653320312,-66.29601614815846,5234.9400000000005,246.5671090831501,214.74263052268483
2024-08-31 12:20:34+00:00,NAC810,18.334991455078125,-66.29787990025113,5242.56,246.5671090831501,214.74263052268483
2024-08-31 12:20:35+00:00,NAC810,18.33384704589844,-66.30067552839006,5265.42,246.62157398301923,215.2147437569035
2024-08-31 12:20:36+00:00,NAC810,18.333160400390625,-66.30239214215959,5280.66,246.7474078251384,215.0111297354293
2024-08-31 12:20:37+00:00,NAC810,18.33270263671875,-66.30352020263672,5288.280000000001,246.7474078251384,215.0111297354293
2024-08-31 12:20:39+00:00,NAC810,18.331060894465043,-66.30753395774144,5318.76,246.80140948635184,215.4838828820179
2024-08-31 12:20:40+00:00,NAC810,18.330322265625,-66.30930764334539,5334.0,246.80140948635184,215.4838828820179
2024-08-31 12:20:41+00:00,NAC810,18.32961777509269,-66.3110795454545,5349.240000000001,246.9807945593108,215.755139554054
2024-08-31 12:20:42+00:00,NAC810,18.329177856445312,-66.31215231759205,5356.860000000001,246.9807945593108,215.755139554054
2024-08-31 12:20:43+00:00,NAC810,18.3277587890625,-66.31568363734652,5379.72,247.0340995952716,216.2287139265076
2024-08-31 12:20:45+00:00,NAC810,18.3262939453125,-66.31926400320867,5410.2,247.0340995952716,216.2287139265076
2024-08-31 12:20:46+00:00,NAC810,18.325607299804688,-66.3209806169782,5425.4400000000005,247.0340995952716,216.2287139265076
2024-08-31 12:20:47+00:00,NAC810,18.32514953613281,-66.32210867745533,5440.68,247.0340995952716,216.2287139265076
2024-08-31 12:20:49+00:00,NAC810,18.32359313964844,-66.32608141217912,5471.16,247.1597273885306,216.0285057963045
2024-08-31 12:20:50+00:00,NAC810,18.322774596133478,-66.32805841619319,5486.400000000001,247.2125733888833,216.5027046116616
2024-08-31 12:20:51+00:00,NAC810,18.32235717773437,-66.32907322474887,5501.64,247.2125733888833,216.5027046116616
2024-08-31 12:20:52+00:00,NAC810,18.32091250662076,-66.33275257457382,5532.12,247.2125733888833,216.5027046116616
2024-08-31 12:20:54+00:00,NAC810,18.31942749023437,-66.33643014090399,5562.6,247.39059430330616,216.77879068888137
2024-08-31 12:20:55+00:00,NAC810,18.31869506835937,-66.33834293910434,5577.84,247.39059430330616,216.77879068888137
2024-08-31 12:20:56+00:00,NAC810,18.318026267876057,-66.33994362571019,5593.08,247.39059430330616,216.77879068888137
2024-08-31 12:20:57+00:00,NAC810,18.31728143207097,-66.3418412642045,5600.700000000001,247.51622928416504,216.58153497776053
2024-08-31 12:20:58+00:00,NAC810,18.316909790039062,-66.34290422712053,5608.320000000001,247.51622928416504,216.58153497776053
2024-08-31 12:20:59+00:00,NAC810,18.316131591796875,-66.34476797921315,5623.56,247.5681606361,217.05696416245172
2024-08-31 12:21:00+00:00,NAC810,18.31576538085937,-66.34574890136719,5631.18,247.44275336529432,217.25378820777968
2024-08-31 12:21:01+00:00,NAC810,18.314208984375,-66.34972163609098,5661.66,247.44275336529432,217.25378820777968
2024-08-31 12:21:02+00:00,NAC810,18.313751220703125,-66.35084969656805,5669.280000000001,247.44275336529432,217.25378820777968
2024-08-31 12:21:03+00:00,NAC810,18.31332449185646,-66.35187877308238,5684.52,247.44275336529432,217.25378820777968
2024-08-31 12:21:04+00:00,NAC810,18.312300342624468,-66.3545754172585,5699.76,247.6198649480404,217.5325708825579
2024-08-31 12:21:05+00:00,NAC810,18.311974476959744,-66.35532448508519,5707.38,247.6198649480404,217.5325708825579
2024-08-31 12:21:06+00:00,NAC810,18.310717566538663,-66.35857044566757,5737.860000000001,247.6198649480404,217.5325708825579
2024-08-31 12:21:07+00:00,NAC810,18.310065835209212,-66.36026833274144,5745.4800000000005,247.74527072843557,217.33721701729417
2024-08-31 12:21:08+00:00,NAC810,18.308855477025958,-66.36331454190338,5775.96,247.74527072843557,217.33721701729417
2024-08-31 12:21:10+00:00,NAC810,18.307738223318324,-66.36616099964488,5798.820000000001,247.7965214679426,217.81342683460977
2024-08-31 12:21:11+00:00,NAC810,18.307365805415785,-66.367109818892,5806.4400000000005,247.7965214679426,217.81342683460977
2024-08-31 12:21:12+00:00,NAC810,18.306900283037606,-66.36825838955963,5814.06,247.7965214679426,217.81342683460977
2024-08-31 12:21:13+00:00,NAC810,18.305419921875,-66.37218475341797,5844.54,247.7965214679426,217.81342683460977
2024-08-31 12:21:14+00:00,NAC810,18.304412841796875,-66.37463705880299,5867.400000000001,247.7965214679426,217.81342683460977
2024-08-31 12:21:15+00:00,NAC810,18.304014044292902,-66.37569912997157,5875.02,247.7965214679426,217.81342683460977
2024-08-31 12:21:17+00:00,NAC810,18.302338163731463,-66.38009366122157,5905.5,247.84754855469956,218.28981016828905
2024-08-31 12:21:18+00:00,NAC810,18.30196574582892,-66.38104248046875,5913.12,247.97272133082868,218.0963480542792
2024-08-31 12:21:19+00:00,NAC810,18.3011278055482,-66.3831398703835,5928.360000000001,247.97272133082868,218.0963480542792
2024-08-31 12:21:20+00:00,NAC810,18.300750732421875,-66.38420104980469,5943.6,247.97272133082868,218.0963480542792
2024-08-31 12:21:23+00:00,NAC810,18.29814846232786,-66.39098011363632,5996.9400000000005,248.0232980288426,218.57332557689492
2024-08-31 12:21:24+00:00,NAC810,18.297403626522776,-66.39292768998575,6012.18,248.0232980288426,218.57332557689492
2024-08-31 12:21:25+00:00,NAC810,18.296676635742188,-66.39474596296037,6027.42,248.0232980288426,218.57332557689492
2024-08-31 12:21:26+00:00,NAC810,18.2958984375,-66.39685494559149,6042.66,248.0232980288426,218.57332557689492
2024-08-31 12:21:27+00:00,NAC810,18.295448432534428,-66.397871537642,6050.280000000001,248.0232980288426,218.57332557689492
2024-08-31 12:21:28+00:00,NAC810,18.29475014896716,-66.39981911399144,6065.52,248.0232980288426,218.57332557689492
2024-08-31 12:21:29+00:00,NAC810,18.29351806640625,-66.40293666294644,6088.38,248.0232980288426,218.57332557689492
2024-08-31 12:21:31+00:00,NAC810,18.292794954978813,-66.40476296164769,6103.62,248.0232980288426,218.57332557689492
2024-08-31 12:21:32+00:00,NAC810,18.29159545898437,-66.4079393659319,6126.4800000000005,248.0232980288426,218.57332557689492
2024-08-31 12:21:33+00:00,NAC810,18.29072570800781,-66.41024453299383,6149.34,248.0232980288426,218.57332557689492
2024-08-31 12:21:34+00:00,NAC810,18.290327686374468,-66.41130482066757,6149.34,248.0736544283812,219.05047267269617
2024-08-31 12:21:35+00:00,NAC810,18.28921043266684,-66.41420121626419,6172.200000000001,248.0736544283812,219.05047267269617
2024-08-31 12:21:36+00:00,NAC810,18.2888380147643,-66.41515003551132,6179.820000000001,248.0736544283812,219.05047267269617
2024-08-31 12:21:37+00:00,NAC810,18.28762765658104,-66.41819624467325,6202.68,248.0736544283812,219.05047267269617
2024-08-31 12:21:38+00:00,NAC810,18.28683626853813,-66.42034357244319,6217.92,248.0736544283812,219.05047267269617
2024-08-31 12:21:39+00:00,NAC810,18.28609143273305,-66.4222412109375,6233.160000000001,248.0736544283812,219.05047267269617
2024-08-31 12:21:40+00:00,NAC810,18.285369873046875,-66.42407553536549,6248.400000000001,248.12379188836923,219.52778823597296
2024-08-31 12:21:41+00:00,NAC810,18.284637451171875,-66.42598833356584,6256.02,247.9993016494594,219.7199899792292
2024-08-31 12:21:42+00:00,NAC810,18.28399658203125,-66.42770494733537,6271.26,247.9993016494594,219.7199899792292
2024-08-31 12:21:43+00:00,NAC810,18.28363037109375,-66.42868586948941,6278.88,247.9993016494594,219.7199899792292
2024-08-31 12:21:45+00:00,NAC810,18.28285217285156,-66.43059866768971,6294.12,247.9993016494594,219.7199899792292
2024-08-31 12:21:46+00:00,NAC810,18.280737925384003,-66.43612393465907,6332.22,247.9993016494594,219.7199899792292
2024-08-31 12:21:48+00:00,NAC810,18.2799465373411,-66.43822132457382,6347.46,247.9254007440383,220.3898750517593
2024-08-31 12:21:49+00:00,NAC810,18.279201701536017,-66.44016890092325,6362.700000000001,247.9254007440383,220.3898750517593
2024-08-31 12:21:50+00:00,NAC810,18.27850341796875,-66.44191672585225,6377.9400000000005,247.9254007440383,220.3898750517593
2024-08-31 12:21:51+00:00,NAC810,18.27772521972656,-66.44393920898438,6393.18,247.9254007440383,220.3898750517593
2024-08-31 12:21:52+00:00,NAC810,18.27699279785156,-66.44585200718473,6408.42,247.9254007440383,220.3898750517593
2024-08-31 12:21:53+00:00,NAC810,18.27617580607786,-66.44785933061075,6423.660000000001,247.9254007440383,220.3898750517593
2024-08-31 12:21:54+00:00,NAC810,18.275430970272776,-66.44980690696019,6431.280000000001,247.9254007440383,220.3898750517593
2024-08-31 12:21:55+00:00,NAC810,18.27468613446769,-66.45175448330963,6446.52,247.9254007440383,220.3898750517593
2024-08-31 12:21:56+00:00,NAC810,18.27392578125,-66.45374843052457,6461.76,247.9254007440383,220.3898750517593
2024-08-31 12:21:57+00:00,NAC810,18.27314758300781,-66.4557102748326,6477.0,247.9755544362398,220.8666925217408
2024-08-31 12:21:58+00:00,NAC810,18.27241516113281,-66.45762307303289,6492.240000000001,247.9755544362398,220.8666925217408
2024-08-31 12:21:59+00:00,NAC810,18.27170679124735,-66.45944491299713,6507.4800000000005,247.9755544362398,220.8666925217408
2024-08-31 12:22:00+00:00,NAC810,18.270961955442267,-66.46139248934657,6515.1,247.9755544362398,220.8666925217408
2024-08-31 12:22:01+00:00,NAC810,18.269518836069917,-66.465087890625,6545.58,247.85194784891564,221.06012454692984
2024-08-31 12:22:03+00:00,NAC810,18.2686808957892,-66.46723521839488,6553.200000000001,248.02549200852803,221.3436784977484
2024-08-31 12:22:04+00:00,NAC810,18.26792907714844,-66.46924700055803,6568.4400000000005,248.02549200852803,221.3436784977484
2024-08-31 12:22:05+00:00,NAC810,18.267144671941207,-66.47128018465907,6576.06,248.02549200852803,221.3436784977484
2024-08-31 12:22:06+00:00,NAC810,18.26644638837394,-66.47302800958806,6591.3,248.0752147794588,221.82083189275588
2024-08-31 12:22:07+00:00,NAC810,18.265701552568856,-66.4749755859375,6598.92,248.0752147794588,221.82083189275588
2024-08-31 12:22:08+00:00,NAC810,18.26495671676377,-66.476973100142,6606.54,248.12472405756324,222.29815162869036
2024-08-31 12:22:09+00:00,NAC810,18.26426696777344,-66.47881099155973,6621.780000000001,248.174021141435,222.77563663634407
2024-08-31 12:22:10+00:00,NAC810,18.26275634765625,-66.48273468017578,6637.02,248.174021141435,222.77563663634407
2024-08-31 12:22:12+00:00,NAC810,18.261978149414062,-66.48469652448381,6644.64,248.10060723248813,223.4446518590092
2024-08-31 12:22:13+00:00,NAC810,18.261245727539062,-66.48665836879184,6652.26,248.14970334162692,223.9220558946942
2024-08-31 12:22:14+00:00,NAC810,18.260421752929688,-66.48881639753068,6659.88,248.19859051364816,224.3996236473617
2024-08-31 12:22:15+00:00,NAC810,18.259597778320312,-66.49097442626953,6667.5,248.0767366363008,224.5911912732705
2024-08-31 12:22:16+00:00,NAC810,18.258811821371825,-66.49305308948863,6667.5,248.1743229253013,225.54600210880184
2024-08-31 12:22:17+00:00,NAC810,18.25790405273437,-66.4953395298549,6675.12,248.1743229253013,225.54600210880184
2024-08-31 12:22:18+00:00,NAC810,18.25721740722656,-66.49715423583984,6682.740000000001,248.22280681800208,226.02365132881448
2024-08-31 12:22:19+00:00,NAC810,18.25648498535156,-66.49916512625555,6682.740000000001,248.15030078255117,226.69242062261603
2024-08-31 12:22:20+00:00,NAC810,18.25569282143803,-66.50124289772725,6690.360000000001,248.19859051364816,227.16998937140323
2024-08-31 12:22:21+00:00,NAC810,18.254901433395126,-66.50324041193181,6697.9800000000005,248.2466776022426,227.6477188102796
2024-08-31 12:22:22+00:00,NAC810,18.254063493114405,-66.50543767755681,6705.6,248.2466776022426,227.6477188102796
2024-08-31 12:22:24+00:00,NAC810,18.25328063964844,-66.50755201067244,6713.22,248.22251359347428,228.7940168084078
2024-08-31 12:22:25+00:00,NAC810,18.252410888671875,-66.50975908551897,6720.84,248.22251359347428,228.7940168084078
2024-08-31 12:22:26+00:00,NAC810,18.250808715820312,-66.51397705078125,6736.08,248.15088379735155,229.46278537459068
2024-08-31 12:22:27+00:00,NAC810,18.250396728515625,-66.51500701904297,6743.700000000001,248.15088379735155,229.46278537459068
2024-08-31 12:22:28+00:00,NAC810,18.24993896484375,-66.51623317173551,6751.320000000001,248.15088379735155,229.46278537459068
2024-08-31 12:22:29+00:00,NAC810,18.248337567862816,-66.52031915838069,6774.18,248.079670428056,230.13191049248584
2024-08-31 12:22:30+00:00,NAC810,18.24751281738281,-66.5224620274135,6789.42,248.079670428056,230.13191049248584
2024-08-31 12:22:31+00:00,NAC810,18.2467082395392,-66.52456387606532,6804.660000000001,247.960948659802,230.32445562224183
2024-08-31 12:22:33+00:00,NAC810,18.24517822265625,-66.52849469866072,6827.52,247.960948659802,230.32445562224183
2024-08-31 12:22:34+00:00,NAC810,18.24476623535156,-66.52952466692244,6835.14,247.8424257301321,230.517988004626
2024-08-31 12:22:35+00:00,NAC810,18.2435302734375,-66.53271266392301,6858.0,247.8424257301321,230.517988004626
2024-08-31 12:22:36+00:00,NAC810,18.2427978515625,-66.53465132279825,6873.240000000001,247.8424257301321,230.517988004626
2024-08-31 12:22:37+00:00,NAC810,18.2420064635196,-66.53664883700282,6888.4800000000005,247.72410215174105,230.71250515517792
2024-08-31 12:22:38+00:00,NAC810,18.2413330078125,-66.5383529663086,6903.72,247.67557302918604,230.23653707746791
2024-08-31 12:22:39+00:00,NAC810,18.240554809570312,-66.5403638567243,6918.96,247.67557302918604,230.23653707746791
2024-08-31 12:22:40+00:00,NAC810,18.239410400390625,-66.54320853097096,6934.200000000001,247.72410215174105,230.71250515517792
2024-08-31 12:22:41+00:00,NAC810,18.23870125463453,-66.54513827237213,6949.4400000000005,247.72410215174105,230.71250515517792
2024-08-31 12:22:42+00:00,NAC810,18.23828228449417,-66.54613702947444,6957.06,247.72410215174105,230.71250515517792
2024-08-31 12:22:43+00:00,NAC810,18.23749089645127,-66.54813454367894,6972.3,247.8424257301321,230.517988004626
2024-08-31 12:22:44+00:00,NAC810,18.23638916015625,-66.55105590820312,6987.54,247.8424257301321,230.517988004626
2024-08-31 12:22:45+00:00,NAC810,18.235954672603285,-66.55217950994319,6995.160000000001,247.8905516562483,230.9945218582313
2024-08-31 12:22:46+00:00,NAC810,18.235070180084744,-66.55442671342325,7002.780000000001,247.8905516562483,230.9945218582313
2024-08-31 12:22:47+00:00,NAC810,18.234232239804022,-66.55662397904825,7018.02,248.00887008282285,230.8013890610152
2024-08-31 12:22:48+00:00,NAC810,18.23353395623676,-66.5584716796875,7025.64,248.05659382911503,231.27848328922508
2024-08-31 12:22:49+00:00,NAC810,18.23277282714844,-66.56037466866627,7040.88,248.05659382911503,231.27848328922508
2024-08-31 12:22:50+00:00,NAC810,18.231948852539062,-66.56263078962053,7048.5,248.05659382911503,231.27848328922508
2024-08-31 12:22:51+00:00,NAC810,18.231206344345868,-66.56456409801132,7056.120000000001,248.10412105347908,231.7557373138644
2024-08-31 12:22:52+00:00,NAC810,18.23052978515625,-66.56626020159041,7063.740000000001,248.10412105347908,231.7557373138644
2024-08-31 12:22:53+00:00,NAC810,18.22976322497352,-66.56820956143463,7078.9800000000005,248.1514529023061,232.2331501497574
2024-08-31 12:22:54+00:00,NAC810,18.22865295410156,-66.57116481236051,7094.22,248.1514529023061,232.2331501497574
2024-08-31 12:22:55+00:00,NAC810,18.22822700112553,-66.57230446555394,7094.22,248.1514529023061,232.2331501497574
2024-08-31 12:22:56+00:00,NAC810,18.227462768554688,-66.57420567103793,7109.46,248.0337449115337,232.4250932332793
2024-08-31 12:22:57+00:00,NAC810,18.226597672801905,-66.57654918323863,7117.08,248.08108497799608,232.90227032028628
2024-08-31 12:22:58+00:00,NAC810,18.22576904296875,-66.57871791294644,7124.700000000001,248.08108497799608,232.90227032028628
2024-08-31 12:22:59+00:00,NAC810,18.224921792240465,-66.58084383877838,7132.320000000001,247.96377305985453,233.09479780042452
2024-08-31 12:23:00+00:00,NAC810,18.22407531738281,-66.5829849243164,7139.9400000000005,248.01112032944465,233.57173977757705
2024-08-31 12:23:01+00:00,NAC810,18.223432120630296,-66.58473899147725,7147.56,248.01112032944465,233.57173977757705
2024-08-31 12:23:02+00:00,NAC810,18.22261047363281,-66.58690861293246,7162.8,247.8942022315548,233.76484801881475
2024-08-31 12:23:03+00:00,NAC810,18.221756240068856,-66.589033647017,7170.42,247.8942022315548,233.76484801881475
2024-08-31 12:23:04+00:00,NAC810,18.221099853515625,-66.59078325544084,7178.04,247.94155570669037,234.24155552681336
2024-08-31 12:23:05+00:00,NAC810,18.220367431640625,-66.59264700753346,7185.660000000001,247.94155570669037,234.24155552681336
2024-08-31 12:23:06+00:00,NAC810,18.2195217326536,-66.59477650035507,7193.280000000001,247.94155570669037,234.24155552681336
2024-08-31 12:23:07+00:00,NAC810,18.21831137447034,-66.59787264737213,7208.52,247.87238789211136,234.9117146057956
2024-08-31 12:23:08+00:00,NAC810,18.21748352050781,-66.60005296979631,7216.14,247.87238789211136,234.9117146057956
2024-08-31 12:23:09+00:00,NAC810,18.217117309570312,-66.60108293805803,7223.76,247.91955483246664,235.3883481311532
2024-08-31 12:23:10+00:00,NAC810,18.21616997153072,-66.60346568714488,7231.38,247.91955483246664,235.3883481311532
2024-08-31 12:23:11+00:00,NAC810,18.21533203125,-66.60559517996649,7246.620000000001,247.91955483246664,235.3883481311532
2024-08-31 12:23:12+00:00,NAC810,18.214587195444917,-66.60756059126419,7254.240000000001,247.91955483246664,235.3883481311532
2024-08-31 12:23:13+00:00,NAC810,18.21382141113281,-66.6095188685826,7261.860000000001,247.9665311122021,235.86514053172297
2024-08-31 12:23:14+00:00,NAC810,18.21295166015625,-66.6117749895368,7277.1,247.9665311122021,235.86514053172297
2024-08-31 12:23:15+00:00,NAC810,18.212166479078387,-66.61375288529825,7292.34,247.9665311122021,235.86514053172297
2024-08-31 12:23:16+00:00,NAC810,18.211375091035485,-66.61580033735794,7299.96,247.9665311122021,235.86514053172297
2024-08-31 12:23:17+00:00,NAC810,18.210490598516948,-66.61809747869319,7315.200000000001,247.9665311122021,235.86514053172297
2024-08-31 12:23:18+00:00,NAC810,18.209747314453125,-66.62006378173828,7322.820000000001,247.9665311122021,235.86514053172297
2024-08-31 12:23:19+00:00,NAC810,18.20887756347656,-66.62231990269254,7338.06,247.85078552125904,236.05861491396865
2024-08-31 12:23:20+00:00,NAC810,18.20796203613281,-66.62457602364674,7345.68,247.85078552125904,236.05861491396865
2024-08-31 12:23:21+00:00,NAC810,18.207231941869704,-66.6265869140625,7360.92,247.85078552125904,236.05861491396865
2024-08-31 12:23:22+00:00,NAC810,18.20654296875,-66.62830352783203,7368.54,247.85078552125904,236.05861491396865
2024-08-31 12:23:23+00:00,NAC810,18.205718994140625,-66.63041251046315,7376.160000000001,247.8977672949625,236.535175106148
2024-08-31 12:23:24+00:00,NAC810,18.20495088221663,-66.63237970525569,7391.400000000001,247.8977672949625,236.535175106148
2024-08-31 12:23:25+00:00,NAC810,18.20420837402344,-66.63433619907926,7399.02,247.8977672949625,236.535175106148
2024-08-31 12:23:26+00:00,NAC810,18.203414658368644,-66.6362748579545,7406.64,247.78240573048168,236.72921983736245
2024-08-31 12:23:27+00:00,NAC810,18.202606201171875,-66.63845607212613,7414.26,247.8293920504603,237.20554845420307
2024-08-31 12:23:28+00:00,NAC810,18.201738777807204,-66.6406693892045,7429.5,247.8293920504603,237.20554845420307
2024-08-31 12:23:29+00:00,NAC810,18.2009473897643,-66.64271684126419,7437.120000000001,247.8293920504603,237.20554845420307
2024-08-31 12:23:30+00:00,NAC810,18.20010944948358,-66.64481423117894,7444.740000000001,247.8761900123548,237.6820359542777
2024-08-31 12:23:31+00:00,NAC810,18.199264526367188,-66.64699009486606,7452.360000000001,247.8761900123548,237.6820359542777
2024-08-31 12:23:32+00:00,NAC810,18.198486328125,-66.64909907749723,7467.6,247.8761900123548,237.6820359542777
2024-08-31 12:23:33+00:00,NAC810,18.197662353515625,-66.65115901402066,7475.22,247.92280068446368,238.15868138394643
2024-08-31 12:23:34+00:00,NAC810,18.19680424059852,-66.65335360440338,7482.84,247.92280068446368,238.15868138394643
2024-08-31 12:23:35+00:00,NAC810,18.195968627929688,-66.65557316371371,7498.08,247.92280068446368,238.15868138394643
2024-08-31 12:23:36+00:00,NAC810,18.195236206054688,-66.65743691580633,7505.700000000001,248.03758312670385,237.96580228308
2024-08-31 12:23:37+00:00,NAC810,18.19456973318326,-66.65919633345169,7513.320000000001,248.0838154678272,238.44299038692196
2024-08-31 12:23:38+00:00,NAC810,18.193862915039062,-66.6609682355608,7520.94,248.0838154678272,238.44299038692196
2024-08-31 12:23:39+00:00,NAC810,18.19317626953125,-66.66288103376115,7536.18,247.9692251275432,238.63548379687364
2024-08-31 12:23:40+00:00,NAC810,18.192474882481463,-66.66463955965907,7543.8,247.9692251275432,238.63548379687364
2024-08-31 12:23:41+00:00,NAC810,18.19168349443856,-66.66673694957382,7559.04,247.9692251275432,238.63548379687364
2024-08-31 12:23:42+00:00,NAC810,18.190750122070312,-66.66915893554688,7566.660000000001,247.9692251275432,238.63548379687364
2024-08-31 12:23:43+00:00,NAC810,18.189926147460938,-66.67121887207031,7581.900000000001,247.9692251275432,238.63548379687364
2024-08-31 12:23:44+00:00,NAC810,18.18910217285156,-66.67332785470143,7589.52,247.8548199617767,238.82893018756417
2024-08-31 12:23:45+00:00,NAC810,18.18828518107786,-66.67552601207382,7604.76,247.8548199617767,238.82893018756417
2024-08-31 12:23:46+00:00,NAC810,18.187408447265625,-66.6776929582868,7620.0,247.8548199617767,238.82893018756417
2024-08-31 12:23:47+00:00,NAC810,18.1865627482786,-66.67987060546875,7627.620000000001,247.74060043208735,239.02332724519408
2024-08-31 12:23:48+00:00,NAC810,18.18572480799788,-66.68195996965682,7642.860000000001,247.74060043208735,239.02332724519408
2024-08-31 12:23:49+00:00,NAC810,18.1849799721928,-66.68387276785714,7650.48,247.74060043208735,239.02332724519408
2024-08-31 12:23:50+00:00,NAC810,18.184158325195312,-66.68604800575656,7665.72,247.74060043208735,239.02332724519408
2024-08-31 12:23:51+00:00,NAC810,18.18335064386917,-66.68804168701172,7673.34,247.74060043208735,239.02332724519408
2024-08-31 12:23:52+00:00,NAC810,18.18255925582627,-66.69015066964283,7688.580000000001,247.74060043208735,239.02332724519408
2024-08-31 12:23:53+00:00,NAC810,18.181686401367188,-66.6923121402138,7703.820000000001,247.7872198276147,239.49951332111144
2024-08-31 12:23:54+00:00,NAC810,18.180953979492188,-66.69419138055099,7711.44,247.7872198276147,239.49951332111144
2024-08-31 12:23:55+00:00,NAC810,18.180185091697563,-66.69618334089006,7719.06,247.7872198276147,239.49951332111144
2024-08-31 12:23:56+00:00,NAC810,18.17930603027344,-66.69838353207234,7734.3,247.7872198276147,239.49951332111144
2024-08-31 12:23:57+00:00,NAC810,18.178462658898304,-66.70059749058316,7741.92,247.7872198276147,239.49951332111144
2024-08-31 12:23:58+00:00,NAC810,18.177717823093214,-66.70251028878346,7749.54,247.83365417791757,239.97585732734368
2024-08-31 12:23:59+00:00,NAC810,18.1768798828125,-66.70469585217927,7757.160000000001,247.83365417791757,239.97585732734368
2024-08-31 12:24:00+00:00,NAC810,18.1760884947696,-66.70667920793807,7772.400000000001,247.83365417791757,239.97585732734368
2024-08-31 12:24:01+00:00,NAC810,18.17523193359375,-66.70888800370068,7780.02,247.83365417791757,239.97585732734368
2024-08-31 12:24:02+00:00,NAC810,18.17440795898437,-66.7110081722862,7787.64,247.8799045219222,240.45235832529536
2024-08-31 12:24:03+00:00,NAC810,18.173583984375,-66.71312834087172,7795.26,247.8799045219222,240.45235832529536
2024-08-31 12:24:04+00:00,NAC810,18.17271423339844,-66.71544125205594,7802.88,247.8799045219222,240.45235832529536
2024-08-31 12:24:05+00:00,NAC810,18.171890258789062,-66.71751323499177,7810.5,247.92597189129663,240.92901538348832
2024-08-31 12:24:06+00:00,NAC810,18.17110740532309,-66.71952928815568,7818.120000000001,247.92597189129663,240.92901538348832
2024-08-31 12:24:07+00:00,NAC810,18.170333862304688,-66.72156082956417,7825.740000000001,247.92597189129663,240.92901538348832
2024-08-31 12:24:08+00:00,NAC810,18.169509887695312,-66.7236328125,7833.360000000001,247.85876187986565,241.5992466181576
2024-08-31 12:24:09+00:00,NAC810,18.168685913085938,-66.72575298108552,7840.98,247.85876187986565,241.5992466181576
2024-08-31 12:24:10+00:00,NAC810,18.167953491210938,-66.72768040707234,7848.6,247.85876187986565,241.5992466181576
2024-08-31 12:24:11+00:00,NAC810,18.167010808395126,-66.7301232474191,7856.22,247.90465262920256,242.0758319337947
2024-08-31 12:24:12+00:00,NAC810,18.166172868114405,-66.73223223005022,7863.84,247.7919238287683,242.26980845698063
2024-08-31 12:24:13+00:00,NAC810,18.165298461914062,-66.73447458367599,7871.46,247.7919238287683,242.26980845698063
2024-08-31 12:24:15+00:00,NAC810,18.163705599510063,-66.73860822405135,7886.700000000001,247.7254548391245,242.9406981623692
2024-08-31 12:24:16+00:00,NAC810,18.162918090820312,-66.74059416118422,7894.320000000001,247.771353608582,243.41683153412657
2024-08-31 12:24:17+00:00,NAC810,18.16212282342426,-66.74263000488281,7901.94,247.771353608582,243.41683153412657
2024-08-31 12:24:18+00:00,NAC810,18.161284883143537,-66.74478803362166,7909.56,247.771353608582,243.41683153412657
2024-08-31 12:24:19+00:00,NAC810,18.160446942862816,-66.74689701625277,7917.18,247.70525352791304,244.0878213343006
2024-08-31 12:24:20+00:00,NAC810,18.159609002582098,-66.74905504499162,7924.8,247.70525352791304,244.0878213343006
2024-08-31 12:24:21+00:00,NAC810,18.158771062301376,-66.75116402762274,7932.42,247.70525352791304,244.0878213343006
2024-08-31 12:24:23+00:00,NAC810,18.156908972788663,-66.75587245396207,7955.280000000001,247.7509763427876,244.5638856919312
2024-08-31 12:24:24+00:00,NAC810,18.156024480270126,-66.75822666713168,7962.900000000001,247.7509763427876,244.5638856919312
2024-08-31 12:24:25+00:00,NAC810,18.15509343551377,-66.76058088030135,7978.14,247.7509763427876,244.5638856919312
2024-08-31 12:24:26+00:00,NAC810,18.154348599708687,-66.76249367850167,7985.76,247.7509763427876,244.5638856919312
2024-08-31 12:24:27+00:00,NAC810,18.1534423828125,-66.76473517166943,7993.38,247.7965214679426,245.040105188936
2024-08-31 12:24:28+00:00,NAC810,18.152618408203125,-66.76690352590458,8001.0,247.68524120847812,245.23497456546224
2024-08-31 12:24:29+00:00,NAC810,18.15179443359375,-66.7690236944901,8016.240000000001,247.68524120847812,245.23497456546224
2024-08-31 12:24:30+00:00,NAC810,18.15083312988281,-66.77138479132401,8023.860000000001,247.68524120847812,245.23497456546224
2024-08-31 12:24:31+00:00,NAC810,18.149972689353813,-66.77362714494978,8031.48,247.68524120847812,245.23497456546224
2024-08-31 12:24:32+00:00,NAC810,18.149002075195312,-66.77610698499177,8046.72,247.7307893341935,245.7109704951124
2024-08-31 12:24:33+00:00,NAC810,18.1481105998411,-66.77833557128906,8054.34,247.7307893341935,245.7109704951124
2024-08-31 12:24:34+00:00,NAC810,18.147262573242188,-66.7805882504112,8061.96,247.7307893341935,245.7109704951124
2024-08-31 12:24:35+00:00,NAC810,18.14638816704184,-66.78284781319752,8069.580000000001,247.77616129919332,246.18712110594933
2024-08-31 12:24:37+00:00,NAC810,18.14556884765625,-66.78492495888156,8077.200000000001,247.77616129919332,246.18712110594933
2024-08-31 12:24:38+00:00,NAC810,18.1446533203125,-66.78728605571547,8084.820000000001,247.82135806690096,246.66342550219923
2024-08-31 12:24:39+00:00,NAC810,18.14373779296875,-66.78964715254932,8092.44,247.82135806690096,246.66342550219923
2024-08-31 12:24:40+00:00,NAC810,18.142868041992188,-66.79181550678453,8100.06,247.7107899355509,246.85808551646707
2024-08-31 12:24:41+00:00,NAC810,18.14204406738281,-66.79398386101974,8107.68,247.75598997416375,247.33416782191105
2024-08-31 12:24:42+00:00,NAC810,18.14117431640625,-66.79615221525495,8115.3,247.75598997416375,247.33416782191105
2024-08-31 12:24:43+00:00,NAC810,18.140350341796875,-66.7983205694901,8122.92,247.8010163121723,247.81040346344912
2024-08-31 12:24:44+00:00,NAC810,18.13945188360699,-66.80055345807756,8130.54,247.8010163121723,247.81040346344912
2024-08-31 12:24:45+00:00,NAC810,18.138656616210938,-66.80265727796052,8130.54,247.8010163121723,247.81040346344912
2024-08-31 12:24:46+00:00,NAC810,18.13778686523437,-66.80482563219573,8138.160000000001,247.84586989364027,248.28679155874545
2024-08-31 12:24:47+00:00,NAC810,18.137077719478285,-66.80663517543246,8145.780000000001,247.84586989364027,248.28679155874545
2024-08-31 12:24:48+00:00,NAC810,18.13545227050781,-66.81089702405427,8161.02,247.84586989364027,248.28679155874545
2024-08-31 12:24:49+00:00,NAC810,18.134674072265625,-66.81287263569078,8168.64,247.8905516562483,248.76333123194144
2024-08-31 12:24:50+00:00,NAC810,18.133804321289062,-66.81504098992599,8176.26,247.8905516562483,248.76333123194144
2024-08-31 12:24:51+00:00,NAC810,18.132980346679688,-66.8172093441612,8183.88,247.78086199400047,248.9574123725728
2024-08-31 12:24:52+00:00,NAC810,18.132189734507413,-66.81928907121932,8191.5,247.8255478141469,249.4337318479244
2024-08-31 12:24:53+00:00,NAC810,18.13128662109375,-66.82159423828125,8206.74,247.8255478141469,249.4337318479244
2024-08-31 12:24:55+00:00,NAC810,18.129409790039062,-66.8263646175987,8221.98,247.8255478141469,249.4337318479244
2024-08-31 12:24:57+00:00,NAC810,18.127813824152543,-66.8304225376674,8244.84,247.870063268238,249.9102024671572
2024-08-31 12:24:59+00:00,NAC810,18.12611389160156,-66.83489347759047,8260.08,247.870063268238,249.9102024671572
2024-08-31 12:25:00+00:00,NAC810,18.1253465555482,-66.8367494855608,8275.32,247.870063268238,249.9102024671572
2024-08-31 12:25:01+00:00,NAC810,18.124557495117188,-66.83884470086349,8282.94,247.870063268238,249.9102024671572
2024-08-31 12:25:02+00:00,NAC810,18.123687744140625,-66.8410130550987,8290.560000000001,247.7608925385199,250.1044518037782
2024-08-31 12:25:03+00:00,NAC810,18.12286376953125,-66.84318140933385,8305.800000000001,247.7608925385199,250.1044518037782
2024-08-31 12:25:04+00:00,NAC810,18.12204134666313,-66.84528350830078,8313.42,247.7608925385199,250.1044518037782
2024-08-31 12:25:05+00:00,NAC810,18.121078491210938,-66.84780723170229,8328.66,247.7608925385199,250.1044518037782
2024-08-31 12:25:06+00:00,NAC810,18.120179257150426,-66.85009002685547,8336.28,247.7608925385199,250.1044518037782
2024-08-31 12:25:08+00:00,NAC810,18.11924743652344,-66.85238486842104,8343.9,247.7608925385199,250.1044518037782
2024-08-31 12:25:09+00:00,NAC810,18.117645263671875,-66.85652883429276,8366.76,247.7608925385199,250.1044518037782
2024-08-31 12:25:10+00:00,NAC810,18.116734391551905,-66.85882023402621,8374.380000000001,247.7608925385199,250.1044518037782
2024-08-31 12:25:12+00:00,NAC810,18.115105063228285,-66.86298915318082,8397.24,247.80541177075548,250.58070322935876
2024-08-31 12:25:13+00:00,NAC810,18.1143602274232,-66.86495099748885,8404.86,247.80541177075548,250.58070322935876
2024-08-31 12:25:14+00:00,NAC810,18.113433837890625,-66.86727423416943,8412.48,247.80541177075548,250.58070322935876
2024-08-31 12:25:15+00:00,NAC810,18.11260986328125,-66.86944258840458,8420.1,247.8497620716492,251.05710536654755
2024-08-31 12:25:16+00:00,NAC810,18.111706749867583,-66.87176840645924,8427.720000000001,247.8497620716492,251.05710536654755
2024-08-31 12:25:17+00:00,NAC810,18.11082225734905,-66.87392643519809,8442.960000000001,247.8497620716492,251.05710536654755
2024-08-31 12:25:19+00:00,NAC810,18.108960167836333,-66.87878199986051,8458.2,247.7411054186863,251.25152133903777
2024-08-31 12:25:20+00:00,NAC810,18.108123779296875,-66.88086258737667,8465.82,247.7411054186863,251.25152133903777
2024-08-31 12:25:21+00:00,NAC810,18.107330839512716,-66.88295091901506,8481.060000000001,247.78545922544325,251.7277052780425
2024-08-31 12:25:23+00:00,NAC810,18.10556030273437,-66.88746402138156,8496.300000000001,247.78545922544325,251.7277052780425
2024-08-31 12:25:25+00:00,NAC810,18.10469055175781,-66.88968056126646,8503.92,247.78545922544325,251.7277052780425
2024-08-31 12:25:26+00:00,NAC810,18.103775024414062,-66.89208984375,8519.16,247.78545922544325,251.7277052780425
2024-08-31 12:25:27+00:00,NAC810,18.10295492915784,-66.89418247767856,8526.78,247.78545922544325,251.7277052780425
2024-08-31 12:25:28+00:00,NAC810,18.102023884401483,-66.8965857369559,8534.4,247.78545922544325,251.7277052780425
2024-08-31 12:25:29+00:00,NAC810,18.101046287407307,-66.89898899623324,8549.640000000001,247.78545922544325,251.7277052780425
2024-08-31 12:25:30+00:00,NAC810,18.09951006355932,-66.90296173095703,8564.880000000001,247.7214981532193,252.39862056791205
2024-08-31 12:25:31+00:00,NAC810,18.098625571040785,-66.90516880580356,8572.5,247.7214981532193,252.39862056791205
2024-08-31 12:25:32+00:00,NAC810,18.097824096679688,-66.90726832339635,8587.74,247.7214981532193,252.39862056791205
2024-08-31 12:25:33+00:00,NAC810,18.09699624271716,-66.90933772495816,8595.36,247.7214981532193,252.39862056791205
2024-08-31 12:25:34+00:00,NAC810,18.096176147460938,-66.91146047491776,8602.98,247.7214981532193,252.39862056791205
2024-08-31 12:25:35+00:00,NAC810,18.095273809917902,-66.91375187465121,8610.6,247.7214981532193,252.39862056791205
2024-08-31 12:25:36+00:00,NAC810,18.094390869140625,-66.9160862972862,8625.84,247.7214981532193,252.39862056791205
2024-08-31 12:25:37+00:00,NAC810,18.093521118164062,-66.91830283717104,8633.460000000001,247.7214981532193,252.39862056791205
2024-08-31 12:25:40+00:00,NAC810,18.09173583984375,-66.92282540457586,8648.7,247.7656876860572,252.87473757666947
2024-08-31 12:25:42+00:00,NAC810,18.09001340704449,-66.92723955426897,8671.560000000001,247.7656876860572,252.87473757666947
2024-08-31 12:25:46+00:00,NAC810,18.086654663085938,-66.93574604235198,8702.04,247.7656876860572,252.87473757666947
2024-08-31 12:25:47+00:00,NAC810,18.08509826660156,-66.93974545127469,8717.28,247.7656876860572,252.87473757666947
2024-08-31 12:25:56+00:00,NAC810,18.07716498940678,-66.96005140032088,8801.1,247.7899563721597,254.4979997688404
2024-08-31 12:25:58+00:00,NAC810,18.075535661083155,-66.96426936558315,8816.34,247.7899563721597,254.4979997688404
2024-08-31 12:25:59+00:00,NAC810,18.07470703125,-66.96639211554276,8823.960000000001,247.7899563721597,254.4979997688404
2024-08-31 12:26:00+00:00,NAC810,18.07383728027344,-66.9686086554276,8831.58,247.7899563721597,254.4979997688404
2024-08-31 12:26:27+00:00,NAC810,18.050537109375,-67.02821430407073,9151.62,247.7460947052845,254.02179971546
2024-08-31 12:26:28+00:00,NAC810,18.04966735839844,-67.0304308439556,9159.24,247.80971110387745,253.3510044377412
2024-08-31 12:26:39+00:00,NAC810,18.040621482719807,-67.05353328159877,9265.92,247.7020683055729,253.54574908737885
2024-08-31 15:10:59+00:00,NAC811,19.201492309570312,-72.66622270856584,8511.54,331.00534124368,238.79346751172173
2024-08-31 15:11:16+00:00,NAC811,19.278119620630296,-72.71091530539769,8983.98,331.0040404858816,244.08998982801816
2024-08-31 15:11:18+00:00,NAC811,19.28216966532045,-72.71326238458806,9006.84,331.0040404858816,244.08998982801816
2024-08-31 15:11:19+00:00,NAC811,19.28302001953125,-72.71374838692799,9014.46,331.0040404858816,244.08998982801816
2024-08-31 15:11:20+00:00,NAC811,19.285125732421875,-72.71497453962053,9029.7,331.0624692555893,244.54007742914865
2024-08-31 15:11:21+00:00,NAC811,19.287150754766948,-72.71615878018463,9037.32,331.0624692555893,244.54007742914865
2024-08-31 15:11:23+00:00,NAC811,19.29296978449417,-72.71955455433238,9075.42,331.0624692555893,244.54007742914865
2024-08-31 15:11:24+00:00,NAC811,19.293947381488348,-72.72010387073863,9075.42,331.0624692555893,244.54007742914865
2024-08-31 15:11:25+00:00,NAC811,19.29501342773437,-72.72071293422152,9083.04,331.01543960626566,245.23929124664343
2024-08-31 15:11:26+00:00,NAC811,19.29701982918432,-72.72190163352269,9098.28,331.01543960626566,245.23929124664343
2024-08-31 15:11:28+00:00,NAC811,19.302466441009003,-72.72509765625,9121.14,331.01543960626566,245.23929124664343
2024-08-31 15:11:30+00:00,NAC811,19.306228637695312,-72.72728511265348,9144.0,331.01543960626566,245.23929124664343
2024-08-31 15:11:32+00:00,NAC811,19.3099365234375,-72.72944314139227,9159.24,330.9686774028975,245.938669354322
2024-08-31 15:11:34+00:00,NAC811,19.3128662109375,-72.7311597551618,9174.48,331.0267323817938,246.38860228176412
2024-08-31 15:11:35+00:00,NAC811,19.3157958984375,-72.73287636893133,9189.72,330.9801557224499,247.0879405449701
2024-08-31 15:11:36+00:00,NAC811,19.317901611328125,-72.73410252162387,9197.34,330.9801557224499,247.0879405449701
2024-08-31 15:11:37+00:00,NAC811,19.31997008242849,-72.73528497869319,9212.58,330.9801557224499,247.0879405449701
2024-08-31 15:11:38+00:00,NAC811,19.32183837890625,-72.73635864257812,9212.58,331.0379202928624,247.53792279943303
2024-08-31 15:11:39+00:00,NAC811,19.32369426145392,-72.73748224431819,9220.2,331.0954751735753,247.98815574583344
2024-08-31 15:11:40+00:00,NAC811,19.325729370117188,-72.73866380964006,9227.82,331.0954751735753,247.98815574583344
2024-08-31 15:11:41+00:00,NAC811,19.32760464943061,-72.73972944779825,9235.44,331.0954751735753,247.98815574583344
2024-08-31 15:11:42+00:00,NAC811,19.32937363446769,-72.74077814275569,9243.06,331.0954751735753,247.98815574583344
2024-08-31 15:11:49+00:00,NAC811,19.341339111328125,-72.74773733956471,9281.16,331.1169738852824,250.28691929287945
2024-08-31 15:11:50+00:00,NAC811,19.343490600585938,-72.74896349225725,9288.78,331.0708692370025,250.9859399450424
2024-08-31 15:11:51+00:00,NAC811,19.345573813228285,-72.75021639737213,9296.4,331.0708692370025,250.9859399450424
2024-08-31 15:11:54+00:00,NAC811,19.35145568847656,-72.75362287248885,9326.88,331.0708692370025,250.9859399450424
2024-08-31 15:12:00+00:00,NAC811,19.363077454647776,-72.76035378196019,9387.84,331.0816519568137,252.1352971020888
2024-08-31 15:12:01+00:00,NAC811,19.36537170410156,-72.76171548025945,9403.08,331.1380812777222,252.58571743704428
2024-08-31 15:12:02+00:00,NAC811,19.36745336500265,-72.76295055042613,9410.7,331.1380812777222,252.58571743704428
2024-08-31 15:12:03+00:00,NAC811,19.371270648503707,-72.76514781605113,9433.56,331.1380812777222,252.58571743704428
2024-08-31 15:12:04+00:00,NAC811,19.373458603681144,-72.76639626242894,9448.8,331.1380812777222,252.58571743704428
2024-08-31 15:12:05+00:00,NAC811,19.37527414095604,-72.76744495738637,9456.42,331.035982038114,252.8344411903291
2024-08-31 15:12:06+00:00,NAC811,19.377365112304688,-72.76868002755299,9471.66,331.035982038114,252.8344411903291
2024-08-31 15:12:07+00:00,NAC811,19.379562377929688,-72.7699552263532,9479.28,331.035982038114,252.8344411903291
2024-08-31 15:12:08+00:00,NAC811,19.38134765625,-72.77098519461492,9494.52,331.035982038114,252.8344411903291
2024-08-31 15:12:09+00:00,NAC811,19.38365354376324,-72.7723388671875,9509.76,331.035982038114,252.8344411903291
2024-08-31 15:12:13+00:00,NAC811,19.38942602125265,-72.77573464133519,9540.24,331.035982038114,252.8344411903291
2024-08-31 15:12:15+00:00,NAC811,19.393341064453125,-72.77799878801619,9570.72,331.035982038114,252.8344411903291
2024-08-31 15:12:27+00:00,NAC811,19.419021606445312,-72.79290880475726,9761.22,331.035982038114,252.8344411903291
2024-08-31 15:12:29+00:00,NAC811,19.422478110103285,-72.79496071555394,9791.7,331.035982038114,252.8344411903291
2024-08-31 15:12:31+00:00,NAC811,19.42611694335937,-72.7970777239118,9822.18,331.035982038114,252.8344411903291
2024-08-31 15:12:34+00:00,NAC811,19.43234718452065,-72.800703568892,9875.52,331.1169738852824,250.28691929287945
2024-08-31 15:12:35+00:00,NAC811,19.43540954589844,-72.80247279575894,9898.38,331.0599873071606,249.8365917589447
2024-08-31 15:12:36+00:00,NAC811,19.43649033368644,-72.80315052379262,9906.0,331.0599873071606,249.8365917589447
2024-08-31 15:12:37+00:00,NAC811,19.43856811523437,-72.80433654785156,9928.86,331.00279497961003,249.38651226477572
2024-08-31 15:12:38+00:00,NAC811,19.44149780273437,-72.8060531616211,9951.72,331.00279497961003,249.38651226477572
2024-08-31 15:12:39+00:00,NAC811,19.44227600097656,-72.80654362269809,9951.72,330.89952258845653,249.6363032251363
2024-08-31 15:12:40+00:00,NAC811,19.44435766187765,-72.80774480646306,9974.58,330.89952258845653,249.6363032251363
2024-08-31 15:12:41+00:00,NAC811,19.446212768554688,-72.80884878976002,9982.2,330.89952258845653,249.6363032251363
2024-08-31 15:12:43+00:00,NAC811,19.45022324384269,-72.81119051846588,10012.68,330.8419947668149,249.18692403702485
2024-08-31 15:12:45+00:00,NAC811,19.45376121391684,-72.81328790838069,10043.16,330.94539590092285,248.93668215574607
2024-08-31 15:12:46+00:00,NAC811,19.45590261685646,-72.8145363547585,10058.4,330.94539590092285,248.93668215574607
2024-08-31 15:12:47+00:00,NAC811,19.457857810844807,-72.81568492542613,10073.64,330.8877890637958,248.48710278622315
2024-08-31 15:12:48+00:00,NAC811,19.459626795881885,-72.81668368252838,10088.88,330.8877890637958,248.48710278622315
2024-08-31 15:12:49+00:00,NAC811,19.461685180664062,-72.81792231968473,10096.5,330.8877890637958,248.48710278622315
2024-08-31 15:12:50+00:00,NAC811,19.46353718385858,-72.81898082386363,10111.74,330.99152775851707,248.23722156039824
2024-08-31 15:12:51+00:00,NAC811,19.465621948242188,-72.82017844063893,10126.98,330.99152775851707,248.23722156039824
2024-08-31 15:12:52+00:00,NAC811,19.468657930018537,-72.82197709517044,10149.84,330.99152775851707,248.23722156039824
2024-08-31 15:12:53+00:00,NAC811,19.46963552701271,-72.82252641157669,10157.46,330.99152775851707,248.23722156039824
2024-08-31 15:12:54+00:00,NAC811,19.471664428710938,-72.8237097603934,10172.7,331.0954751735753,247.98815574583344
2024-08-31 15:12:55+00:00,NAC811,19.4736328125,-72.8248868669782,10180.32,331.0954751735753,247.98815574583344
2024-08-31 15:12:56+00:00,NAC811,19.475601196289062,-72.82601492745533,10195.56,331.0954751735753,247.98815574583344
2024-08-31 15:12:57+00:00,NAC811,19.478247691009003,-72.82757013494319,10218.42,331.0954751735753,247.98815574583344
2024-08-31 15:12:58+00:00,NAC811,19.479411496954448,-72.82821932705963,10226.04,331.0379202928624,247.53792279943303
2024-08-31 15:12:59+00:00,NAC811,19.481277465820312,-72.82930101667131,10233.66,331.0379202928624,247.53792279943303
2024-08-31 15:13:00+00:00,NAC811,19.48308912374205,-72.83041659268463,10248.9,331.0379202928624,247.53792279943303
2024-08-31 15:13:01+00:00,NAC811,19.48527707891949,-72.8316650390625,10264.14,331.0379202928624,247.53792279943303
2024-08-31 15:13:02+00:00,NAC811,19.487319946289062,-72.83283233642578,10279.38,331.1422082712482,247.2892228774029
2024-08-31 15:13:03+00:00,NAC811,19.489373675847457,-72.83401211825282,10294.62,331.1422082712482,247.2892228774029
2024-08-31 15:13:04+00:00,NAC811,19.492073705640887,-72.83561012961644,10317.48,331.1422082712482,247.2892228774029
2024-08-31 15:13:05+00:00,NAC811,19.493051302635063,-72.83620938387782,10325.1,331.0845756583733,246.83878724828975
2024-08-31 15:13:06+00:00,NAC811,19.49500649662341,-72.83730801669032,10332.72,331.0845756583733,246.83878724828975
2024-08-31 15:13:07+00:00,NAC811,19.496841430664062,-72.83842359270369,10347.96,331.0845756583733,246.83878724828975
2024-08-31 15:13:08+00:00,NAC811,19.498809814453125,-72.83955165318082,10363.2,331.0267323817938,246.38860228176412
2024-08-31 15:13:09+00:00,NAC811,19.500732421875,-72.84067971365789,10378.44,331.0267323817938,246.38860228176412
2024-08-31 15:13:10+00:00,NAC811,19.502700805664062,-72.84180777413502,10393.68,331.0267323817938,246.38860228176412
2024-08-31 15:13:11+00:00,NAC811,19.504623413085938,-72.84293583461215,10401.3,331.0267323817938,246.38860228176412
2024-08-31 15:13:12+00:00,NAC811,19.50677490234375,-72.84421103341236,10416.54,331.0267323817938,246.38860228176412
2024-08-31 15:13:13+00:00,NAC811,19.50892639160156,-72.8454371861049,10431.78,330.9686774028975,245.938669354322
2024-08-31 15:13:14+00:00,NAC811,19.510927361957098,-72.84664639559657,10447.02,330.9686774028975,245.938669354322
2024-08-31 15:13:16+00:00,NAC811,19.513068764896715,-72.84789484197444,10462.26,330.9686774028975,245.938669354322
2024-08-31 15:13:17+00:00,NAC811,19.516845703125,-72.8500965663365,10485.12,330.9686774028975,245.938669354322
2024-08-31 15:13:18+00:00,NAC811,19.51888779462394,-72.85129061612213,10500.36,330.9686774028975,245.938669354322
2024-08-31 15:13:19+00:00,NAC811,19.520796436374468,-72.85243918678975,10515.6,330.9686774028975,245.938669354322
2024-08-31 15:13:20+00:00,NAC811,19.52293783931409,-72.85368763316762,10530.84,330.9104096771948,245.4889898517772
2024-08-31 15:13:21+00:00,NAC811,19.52489303330244,-72.85478626598012,10538.46,330.9104096771948,245.4889898517772
2024-08-31 15:13:22+00:00,NAC811,19.52605683924788,-72.85548539595169,10546.08,330.9104096771948,245.4889898517772
2024-08-31 15:13:23+00:00,NAC811,19.527099609375,-72.856080191476,10553.7,331.01543960626566,245.23929124664343
2024-08-31 15:13:24+00:00,NAC811,19.53021240234375,-72.85789489746094,10568.94,331.01543960626566,245.23929124664343
2024-08-31 15:13:25+00:00,NAC811,19.531173706054688,-72.85848345075334,10576.56,331.01543960626566,245.23929124664343
2024-08-31 15:13:26+00:00,NAC811,19.533179331634003,-72.85968017578125,10591.8,331.01543960626566,245.23929124664343
2024-08-31 15:13:27+00:00,NAC811,19.53513452562235,-72.86077880859375,10607.04,331.01543960626566,245.23929124664343
2024-08-31 15:13:28+00:00,NAC811,19.537275928561968,-72.86202725497157,10614.66,331.01543960626566,245.23929124664343
2024-08-31 15:13:29+00:00,NAC811,19.539276123046875,-72.86324092320035,10629.9,331.01543960626566,245.23929124664343
2024-08-31 15:13:31+00:00,NAC811,19.54316711425781,-72.86549704415455,10652.76,331.01543960626566,245.23929124664343
2024-08-31 15:13:41+00:00,NAC811,19.56381225585937,-72.877562386649,10774.68,330.95709130380453,244.789408126834
2024-08-31 15:13:42+00:00,NAC811,19.56562624139301,-72.87865656072444,10782.3,330.95709130380453,244.789408126834
2024-08-31 15:13:43+00:00,NAC811,19.56660383838718,-72.87920587713069,10789.92,330.95709130380453,244.789408126834
2024-08-31 15:13:44+00:00,NAC811,19.56880187988281,-72.88050515311102,10797.54,330.95709130380453,244.789408126834
2024-08-31 15:13:45+00:00,NAC811,19.570953369140625,-72.88173130580356,10812.78,330.95709130380453,244.789408126834
2024-08-31 15:13:46+00:00,NAC811,19.573726330773304,-72.88340065696019,10820.4,330.95709130380453,244.789408126834
2024-08-31 15:13:47+00:00,NAC811,19.57470392776748,-72.88394997336644,10828.02,330.95709130380453,244.789408126834
2024-08-31 15:13:48+00:00,NAC811,19.576659121755824,-72.88504860617894,10835.64,330.95709130380453,244.789408126834
2024-08-31 15:13:49+00:00,NAC811,19.578381554555083,-72.88609730113637,10850.88,330.95709130380453,244.789408126834
2024-08-31 15:13:50+00:00,NAC811,19.58116149902344,-72.88771493094305,10858.5,330.95709130380453,244.789408126834
2024-08-31 15:13:51+00:00,NAC811,19.58299022609905,-72.8887939453125,10873.74,330.95709130380453,244.789408126834
2024-08-31 15:13:52+00:00,NAC811,19.584945420087397,-72.88994251598012,10881.36,330.95709130380453,244.789408126834
2024-08-31 15:13:53+00:00,NAC811,19.58685406183792,-72.89104114879262,10888.98,330.95709130380453,244.789408126834
2024-08-31 15:13:54+00:00,NAC811,19.587831658832098,-72.89164040305394,10896.6,330.95709130380453,244.789408126834
2024-08-31 15:13:55+00:00,NAC811,19.589740300582623,-72.89273903586644,10904.22,331.0624692555893,244.54007742914865
2024-08-31 15:13:56+00:00,NAC811,19.591964721679688,-72.8940418788365,10919.46,331.0624692555893,244.54007742914865
2024-08-31 15:13:58+00:00,NAC811,19.594954151218214,-72.89578524502838,10934.7,331.0624692555893,244.54007742914865
2024-08-31 15:13:59+00:00,NAC811,19.5977783203125,-72.89742606026783,10949.94,331.0624692555893,244.54007742914865
2024-08-31 15:14:00+00:00,NAC811,19.599609375,-72.8984818892045,10957.56,331.0624692555893,244.54007742914865
2024-08-31 15:14:01+00:00,NAC811,19.60151801675053,-72.89963045987213,10965.18,331.0624692555893,244.54007742914865
2024-08-31 15:14:02+00:00,NAC811,19.60347321073888,-72.90072909268463,10980.42,331.0624692555893,244.54007742914865
2024-08-31 15:14:03+00:00,NAC811,19.60606384277344,-72.90228162493025,10988.04,331.0624692555893,244.54007742914865
2024-08-31 15:14:04+00:00,NAC811,19.60808188228284,-72.90342573686075,11003.28,331.0624692555893,244.54007742914865
2024-08-31 15:14:05+00:00,NAC811,19.610037076271187,-72.90457430752838,11010.9,331.0624692555893,244.54007742914865
2024-08-31 15:14:06+00:00,NAC811,19.610870361328125,-72.90507725306918,11010.9,331.0624692555893,244.54007742914865
2024-08-31 15:14:07+00:00,NAC811,19.613021850585938,-72.90630340576172,11026.14,331.0624692555893,244.54007742914865
2024-08-31 15:14:08+00:00,NAC811,19.613983154296875,-72.90689195905412,11026.14,331.0624692555893,244.54007742914865
2024-08-31 15:14:09+00:00,NAC811,19.61618197166313,-72.90816983309657,11041.38,331.0624692555893,244.54007742914865
2024-08-31 15:14:10+00:00,NAC811,19.618194580078125,-72.90934426443914,11049.0,331.0624692555893,244.54007742914865
2024-08-31 15:14:11+00:00,NAC811,19.62071228027344,-72.91081564767018,11064.24,331.0624692555893,244.54007742914865
2024-08-31 15:14:12+00:00,NAC811,19.621856689453125,-72.91150229317799,11064.24,331.0624692555893,244.54007742914865
2024-08-31 15:14:13+00:00,NAC811,19.624008178710938,-72.91272844587053,11079.48,331.0624692555893,244.54007742914865
2024-08-31 15:14:14+00:00,NAC811,19.62679588188559,-72.91436212713069,11094.72,331.0624692555893,244.54007742914865
2024-08-31 15:14:15+00:00,NAC811,19.628704523636124,-72.91546075994319,11102.34,331.0624692555893,244.54007742914865
2024-08-31 15:14:16+00:00,NAC811,19.63084592657574,-72.916709206321,11109.96,331.0040404858816,244.08998982801816
2024-08-31 15:14:17+00:00,NAC811,19.63265991210937,-72.91778019496371,11117.58,331.0040404858816,244.08998982801816
2024-08-31 15:14:18+00:00,NAC811,19.633804321289062,-72.91846684047152,11125.2,331.0040404858816,244.08998982801816
2024-08-31 15:14:19+00:00,NAC811,19.63680461301642,-72.92020485617894,11140.44,331.0040404858816,244.08998982801816
2024-08-31 15:14:20+00:00,NAC811,19.639389038085938,-72.9217529296875,11155.68,331.0040404858816,244.08998982801816
2024-08-31 15:14:22+00:00,NAC811,19.64227294921875,-72.9234204973493,11170.92,331.0040404858816,244.08998982801816
2024-08-31 15:14:23+00:00,NAC811,19.644012451171875,-72.92445046561102,11178.54,331.0040404858816,244.08998982801816
2024-08-31 15:14:24+00:00,NAC811,19.646713256835938,-72.92601994105746,11193.78,331.0040404858816,244.08998982801816
2024-08-31 15:14:25+00:00,NAC811,19.6477443889036,-72.92664683948863,11193.78,331.0040404858816,244.08998982801816
2024-08-31 15:14:26+00:00,NAC811,19.6497802734375,-72.9278346470424,11209.02,330.94539590092285,243.64015700349617
2024-08-31 15:14:27+00:00,NAC811,19.651885986328125,-72.92906079973494,11216.64,330.94539590092285,243.64015700349617
2024-08-31 15:14:28+00:00,NAC811,19.65277203058792,-72.92954323508519,11224.26,330.94539590092285,243.64015700349617
2024-08-31 15:14:29+00:00,NAC811,19.655658269332623,-72.93124112215907,11239.5,330.94539590092285,243.64015700349617
2024-08-31 15:14:30+00:00,NAC811,19.657566911083155,-72.93238969282669,11247.12,331.0512594666825,243.39073636421503
2024-08-31 15:14:31+00:00,NAC811,19.659576416015625,-72.93352399553572,11262.36,331.0512594666825,243.39073636421503
2024-08-31 15:14:32+00:00,NAC811,19.661384194584212,-72.93458695845169,11269.98,331.0512594666825,243.39073636421503
2024-08-31 15:14:33+00:00,NAC811,19.663604736328125,-72.93587820870533,11285.22,331.0512594666825,243.39073636421503
2024-08-31 15:14:34+00:00,NAC811,19.665434239274365,-72.936934037642,11292.84,330.9925335122649,242.9406981623692
2024-08-31 15:14:35+00:00,NAC811,19.667901507878707,-72.93843217329544,11308.08,330.9925335122649,242.9406981623692
2024-08-31 15:14:36+00:00,NAC811,19.66869289592161,-72.93888161399144,11308.08,331.0987505138544,242.6916491602136
2024-08-31 15:14:37+00:00,NAC811,19.670415328720868,-72.93988037109375,11323.32,331.0987505138544,242.6916491602136
2024-08-31 15:14:38+00:00,NAC811,19.673673985368115,-72.94177800958806,11338.56,331.0399433060497,242.2414047042062
2024-08-31 15:14:39+00:00,NAC811,19.67479123907574,-72.9424272017045,11346.18,331.0399433060497,242.2414047042062
2024-08-31 15:14:40+00:00,NAC811,19.677017211914062,-72.9437255859375,11361.42,331.0399433060497,242.2414047042062
2024-08-31 15:14:41+00:00,NAC811,19.678794731528072,-72.94477428089488,11369.04,331.0399433060497,242.2414047042062
2024-08-31 15:14:42+00:00,NAC811,19.680816650390625,-72.94593266078402,11384.28,331.0399433060497,242.2414047042062
2024-08-31 15:14:43+00:00,NAC811,19.6827982239804,-72.94712136008519,11391.9,331.1465159197556,241.99272965692612
2024-08-31 15:14:45+00:00,NAC811,19.684799194335938,-72.94828687395369,11407.14,331.0876275810731,241.54227806541692
2024-08-31 15:14:48+00:00,NAC811,19.69043279098252,-72.95156582919032,11437.62,331.0876275810731,241.54227806541692
2024-08-31 15:14:53+00:00,NAC811,19.70155334472656,-72.95804704938615,11498.58,331.0763982863684,240.39291616070875
2024-08-31 15:14:54+00:00,NAC811,19.703659057617188,-72.95927320207869,11506.2,331.0763982863684,240.39291616070875
2024-08-31 15:14:55+00:00,NAC811,19.705535888671875,-72.96035221644809,11521.44,331.0763982863684,240.39291616070875
2024-08-31 15:14:56+00:00,NAC811,19.70722961425781,-72.9613821847098,11529.06,331.0763982863684,240.39291616070875
2024-08-31 15:14:57+00:00,NAC811,19.70923989506091,-72.96255215731532,11536.68,331.0763982863684,240.39291616070875
2024-08-31 15:14:58+00:00,NAC811,19.710170939817267,-72.96310147372157,11544.3,331.0763982863684,240.39291616070875
2024-08-31 15:14:59+00:00,NAC811,19.71102905273437,-72.96358925955633,11551.92,331.01698575893585,239.9427701395594
2024-08-31 15:15:01+00:00,NAC811,19.71688842773437,-72.96702248709539,11582.4,331.01698575893585,239.9427701395594
2024-08-31 15:15:02+00:00,NAC811,19.7188762082892,-72.96819513494319,11597.64,331.01698575893585,239.9427701395594
2024-08-31 15:15:03+00:00,NAC811,19.720784850039724,-72.96929376775569,11605.26,331.01698575893585,239.9427701395594
2024-08-31 15:15:04+00:00,NAC811,19.72190210374735,-72.96994295987213,11612.88,330.9573499544763,239.49288308736772
2024-08-31 15:15:05+00:00,NAC811,19.72264693955244,-72.97039240056819,11612.88,330.9573499544763,239.49288308736772
2024-08-31 15:15:06+00:00,NAC811,19.726318359375,-72.97251565115789,11635.74,331.0650610976732,239.24356357854077
2024-08-31 15:15:07+00:00,NAC811,19.728140103614937,-72.97358842329544,11643.36,331.0650610976732,239.24356357854077
2024-08-31 15:15:08+00:00,NAC811,19.729888916015625,-72.97462463378906,11658.6,331.0650610976732,239.24356357854077
2024-08-31 15:15:10+00:00,NAC811,19.73284187963453,-72.97633500532669,11673.84,331.00534124368,238.79346751172173
2024-08-31 15:15:11+00:00,NAC811,19.73395913334216,-72.97698419744319,11681.46,331.00534124368,238.79346751172173
2024-08-31 15:15:12+00:00,NAC811,19.73593139648437,-72.97815595354353,11689.08,331.00534124368,238.79346751172173
2024-08-31 15:15:13+00:00,NAC811,19.737625122070312,-72.97913687569752,11696.7,330.94539590092285,238.34363185124624
2024-08-31 15:15:15+00:00,NAC811,19.740234375,-72.98070635114397,11711.94,330.94539590092285,238.34363185124624
2024-08-31 15:15:20+00:00,NAC811,19.748762744968214,-72.98572332208806,11765.28,330.8852239218755,237.89405807432723
2024-08-31 15:15:23+00:00,NAC811,19.752673132944917,-72.98802046342325,11780.52,330.9333260086402,237.194391090676
2024-08-31 15:15:25+00:00,NAC811,19.75579833984375,-72.98982892717635,11795.76,330.9333260086402,237.194391090676
2024-08-31 15:15:26+00:00,NAC811,19.75979562533104,-72.99216530539769,11818.62,330.9333260086402,237.194391090676
2024-08-31 15:15:27+00:00,NAC811,19.76531982421875,-72.99542018345426,11841.48,330.9333260086402,237.194391090676
2024-08-31 15:15:28+00:00,NAC811,19.767379760742188,-72.99659729003906,11849.1,330.9333260086402,237.194391090676
2024-08-31 15:15:29+00:00,NAC811,19.768295288085938,-72.99713679722379,11856.72,330.9333260086402,237.194391090676
2024-08-31 15:15:30+00:00,NAC811,19.771270751953125,-72.998902457101,11864.34,331.0420567615822,236.94488692447607
2024-08-31 15:15:37+00:00,NAC811,19.772318177304022,-72.99950617009944,11871.96,331.0420567615822,236.94488692447607
2024-08-31 15:15:38+00:00,NAC811,19.78509521484375,-73.00699506487166,11917.68,330.9333260086402,237.194391090676
2024-08-31 15:15:39+00:00,NAC811,19.786788940429688,-73.00797598702565,11925.3,330.9333260086402,237.194391090676
2024-08-31 15:15:40+00:00,NAC811,19.789682162010063,-73.00969349254262,11932.92,330.9333260086402,237.194391090676
2024-08-31 15:15:50+00:00,NAC811,19.797921908103813,-73.01453746448863,11948.16,330.9935840977299,237.6441748425349
2024-08-31 15:15:51+00:00,NAC811,19.79885295286017,-73.01508678089488,11948.16,330.8852239218755,237.89405807432723
2024-08-31 15:16:00+00:00,NAC811,19.80889892578125,-73.0209732055664,11971.02,330.94539590092285,238.34363185124624
2024-08-31 15:16:10+00:00,NAC811,19.81575141518803,-73.0250244140625,11986.26,330.8974897419251,239.04325646629735
2024-08-31 15:16:18+00:00,NAC811,19.817550659179688,-73.02607400076727,11986.26,330.8974897419251,239.04325646629735
2024-08-31 15:16:19+00:00,NAC811,19.82310666876324,-73.02931906960225,12001.5,330.9573499544763,239.49288308736772
2024-08-31 15:16:23+00:00,NAC811,19.82757568359375,-73.03191048758367,12009.12,330.9573499544763,239.49288308736772
2024-08-31 15:16:24+00:00,NAC811,19.83632750430349,-73.037109375,12031.98,331.01698575893585,239.9427701395594
2024-08-31 15:16:25+00:00,NAC811,19.859161376953125,-73.05044991629461,12092.94,330.96918982792425,240.64214464895412
2024-08-31 15:16:26+00:00,NAC811,19.87445378707627,-73.05943159623575,12138.66,330.96918982792425,240.64214464895412
2024-08-31 15:16:28+00:00,NAC811,19.880447387695312,-73.06295667375838,12161.52,330.96918982792425,240.64214464895412
2024-08-31 15:16:30+00:00,NAC811,19.88204180184057,-73.06387606534088,12169.14,330.96918982792425,240.64214464895412
2024-08-31 15:16:38+00:00,NAC811,19.8839504435911,-73.0650246360085,12169.14,330.96918982792425,240.64214464895412
2024-08-31 15:16:39+00:00,NAC811,19.88925739870233,-73.06812078302556,12184.38,331.02851925329736,241.09208258362725
2024-08-31 15:16:41+00:00,NAC811,19.89326089115466,-73.07046786221588,12192.0,331.02851925329736,241.09208258362725
2024-08-31 15:16:42+00:00,NAC811,19.894424697100103,-73.07111705433238,12192.0,331.02851925329736,241.09208258362725
2024-08-31 15:16:43+00:00,NAC811,19.896011352539062,-73.0720792497907,12192.0,331.02851925329736,241.09208258362725
2024-08-31 15:16:44+00:00,NAC811,19.90866968187235,-73.07950661399144,12199.62,330.9809171483949,241.7914163887711
2024-08-31 15:16:45+00:00,NAC811,19.91029357910156,-73.0804661342076,12199.62,330.9809171483949,241.7914163887711
2024-08-31 15:16:46+00:00,NAC811,19.91450500488281,-73.08291843959262,12199.62,330.9809171483949,241.7914163887711
2024-08-31 15:16:47+00:00,NAC811,19.916015625,-73.08380126953125,12199.62,330.9809171483949,241.7914163887711
2024-08-31 15:16:48+00:00,NAC811,19.91830444335937,-73.08512551443914,12199.62,330.9809171483949,241.7914163887711
2024-08-31 15:16:54+00:00,NAC811,19.9251708984375,-73.08919634137834,12192.0,330.87442676358444,242.04139168911428
2024-08-31 15:16:55+00:00,NAC811,19.931121826171875,-73.0926295689174,12192.0,330.87442676358444,242.04139168911428
2024-08-31 15:16:56+00:00,NAC811,19.9339599609375,-73.09434618268693,12192.0,330.9809171483949,241.7914163887711
2024-08-31 15:16:57+00:00,NAC811,19.935699462890625,-73.09532710484098,12192.0,330.9809171483949,241.7914163887711
2024-08-31 15:16:59+00:00,NAC811,19.93853759765625,-73.09699467250277,12192.0,330.9809171483949,241.7914163887711
2024-08-31 15:17:02+00:00,NAC811,19.94055796477754,-73.09818337180394,12192.0,330.9809171483949,241.7914163887711
2024-08-31 15:17:03+00:00,NAC811,19.94605112884004,-73.10142933238637,12192.0,330.9809171483949,241.7914163887711
2024-08-31 15:17:04+00:00,NAC811,19.947097778320312,-73.10204642159596,12192.0,330.9809171483949,241.7914163887711
2024-08-31 15:17:05+00:00,NAC811,19.950759887695312,-73.10415540422713,12192.0,330.9809171483949,241.7914163887711
2024-08-31 15:17:06+00:00,NAC811,19.952754651085804,-73.10532448508519,12192.0,330.9809171483949,241.7914163887711
2024-08-31 15:17:07+00:00,NAC811,19.954559326171875,-73.10641152518133,12192.0,330.9809171483949,241.7914163887711
2024-08-31 15:17:08+00:00,NAC811,19.95559433759269,-73.10702237215907,12192.0,330.9809171483949,241.7914163887711
2024-08-31 15:17:09+00:00,NAC811,19.957502979343214,-73.10817094282669,12192.0,330.9809171483949,241.7914163887711
2024-08-31 15:17:11+00:00,NAC811,19.95941162109375,-73.10926957563919,12192.0,330.9809171483949,241.7914163887711
2024-08-31 15:17:12+00:00,NAC811,19.96234130859375,-73.11102185930525,12192.0,330.9216709418179,241.34168564665208
2024-08-31 15:17:14+00:00,NAC811,19.96788024902344,-73.1142589024135,12192.0,330.9216709418179,241.34168564665208
2024-08-31 15:17:15+00:00,NAC811,19.969940185546875,-73.11548505510603,12192.0,330.9216709418179,241.34168564665208
2024-08-31 15:17:18+00:00,NAC811,19.97458765062235,-73.1182084517045,12192.0,330.9216709418179,241.34168564665208
2024-08-31 15:17:19+00:00,NAC811,19.97556524761653,-73.11875776811075,12192.0,330.9216709418179,241.34168564665208
2024-08-31 15:17:20+00:00,NAC811,19.97952218783104,-73.12110484730113,12192.0,330.8622035809188,240.8922139204691
2024-08-31 15:17:21+00:00,NAC811,19.98031357587394,-73.12155428799713,12192.0,330.8622035809188,240.8922139204691
2024-08-31 15:17:23+00:00,NAC811,19.98408430713718,-73.12380149147725,12184.38,330.8622035809188,240.8922139204691
2024-08-31 15:17:24+00:00,NAC811,19.985916137695312,-73.12485286167691,12192.0,330.8622035809188,240.8922139204691
2024-08-31 15:17:25+00:00,NAC811,19.986923993644066,-73.12549937855113,12192.0,330.8622035809188,240.8922139204691
2024-08-31 15:17:26+00:00,NAC811,19.988646426443324,-73.12649813565338,12184.38,330.8622035809188,240.8922139204691
2024-08-31 15:17:27+00:00,NAC811,19.99232482910156,-73.12867845807756,12192.0,330.96918982792425,240.64214464895412
2024-08-31 15:17:28+00:00,NAC811,19.99346923828125,-73.1293160574777,12184.38,330.96918982792425,240.64214464895412
2024-08-31 15:17:32+00:00,NAC811,19.995574951171875,-73.13054221017018,12184.38,330.96918982792425,240.64214464895412
2024-08-31 15:17:33+00:00,NAC811,20.0035400390625,-73.13520159040178,12192.0,330.96918982792425,240.64214464895412
2024-08-31 15:17:34+00:00,NAC811,20.005416870117188,-73.1363296508789,12192.0,330.96918982792425,240.64214464895412
2024-08-31 15:17:35+00:00,NAC811,20.007406978283896,-73.13748446377838,12192.0,330.96918982792425,240.64214464895412
2024-08-31 15:17:36+00:00,NAC811,20.009315620034428,-73.138633034446,12192.0,330.96918982792425,240.64214464895412
2024-08-31 15:17:37+00:00,NAC811,20.01043287374205,-73.1392822265625,12192.0,330.90963819003804,240.1924657087396
2024-08-31 15:17:38+00:00,NAC811,20.01338195800781,-73.14098903111051,12192.0,330.90963819003804,240.1924657087396
2024-08-31 15:17:43+00:00,NAC811,20.023327843617583,-73.14682284268463,12192.0,330.90963819003804,240.1924657087396
2024-08-31 15:17:44+00:00,NAC811,20.02537614208157,-73.1480712890625,12192.0,330.90963819003804,240.1924657087396
2024-08-31 15:17:45+00:00,NAC811,20.02642822265625,-73.14868927001953,12192.0,330.90963819003804,240.1924657087396
2024-08-31 15:17:46+00:00,NAC811,20.028402037539724,-73.14981911399144,12192.0,330.90963819003804,240.1924657087396
2024-08-31 15:17:47+00:00,NAC811,20.029379634533896,-73.15041836825282,12192.0,330.90963819003804,240.1924657087396
2024-08-31 15:17:48+00:00,NAC811,20.031986559851696,-73.15196644176137,12192.0,330.84986321827625,239.7430472203484
2024-08-31 15:17:52+00:00,NAC811,20.035990052304022,-73.15426358309657,12192.0,330.84986321827625,239.7430472203484
2024-08-31 15:17:53+00:00,NAC811,20.041436664128707,-73.15750954367894,12192.0,330.84986321827625,239.7430472203484
2024-08-31 15:17:54+00:00,NAC811,20.043345305879235,-73.15860817649144,12192.0,330.84986321827625,239.7430472203484
2024-08-31 15:17:55+00:00,NAC811,20.044921875,-73.15957750592912,12192.0,330.84986321827625,239.7430472203484
2024-08-31 15:17:56+00:00,NAC811,20.04767466399629,-73.16115500710225,12192.0,330.84986321827625,239.7430472203484
2024-08-31 15:17:58+00:00,NAC811,20.05059814453125,-73.16291264125277,12192.0,330.9573499544763,239.49288308736772
2024-08-31 15:17:59+00:00,NAC811,20.05144539525953,-73.16340221058238,12192.0,330.9573499544763,239.49288308736772
2024-08-31 15:18:00+00:00,NAC811,20.05316782805879,-73.16440096768463,12192.0,330.9573499544763,239.49288308736772
2024-08-31 15:18:01+00:00,NAC811,20.056379932468214,-73.16629860617894,12192.0,330.9573499544763,239.49288308736772
2024-08-31 15:18:02+00:00,NAC811,20.058334350585938,-73.16747392926897,12192.0,330.9573499544763,239.49288308736772
2024-08-31 15:18:03+00:00,NAC811,20.06015066373146,-73.16849587180394,12192.0,330.9573499544763,239.49288308736772
2024-08-31 15:18:04+00:00,NAC811,20.0621337890625,-73.16968100411549,12192.0,330.9573499544763,239.49288308736772
2024-08-31 15:18:05+00:00,NAC811,20.063921394994704,-73.17074307528407,12192.0,330.9573499544763,239.49288308736772
2024-08-31 15:18:07+00:00,NAC811,20.066665649414062,-73.17232949393133,12192.0,330.9573499544763,239.49288308736772
2024-08-31 15:18:08+00:00,NAC811,20.068359375,-73.17331041608537,12192.0,330.9573499544763,239.49288308736772
2024-08-31 15:18:12+00:00,NAC811,20.07788706634004,-73.17893288352269,12192.0,330.9573499544763,239.49288308736772
2024-08-31 15:18:13+00:00,NAC811,20.079849243164062,-73.18007877894809,12192.0,330.9573499544763,239.49288308736772
2024-08-31 15:18:14+00:00,NAC811,20.08086640956038,-73.18073064630681,12192.0,330.9573499544763,239.49288308736772
2024-08-31 15:18:15+00:00,NAC811,20.083786010742188,-73.18243299211775,12192.0,330.9573499544763,239.49288308736772
2024-08-31 15:18:16+00:00,NAC811,20.08542852886653,-73.18337735262782,12192.0,330.9573499544763,239.49288308736772
2024-08-31 15:18:18+00:00,NAC811,20.08635957362288,-73.18392666903407,12192.0,330.9573499544763,239.49288308736772
2024-08-31 15:18:19+00:00,NAC811,20.08938546908104,-73.18572443181819,12192.0,330.8974897419251,239.04325646629735
2024-08-31 15:18:20+00:00,NAC811,20.09266662597656,-73.18763187953402,12192.0,330.8974897419251,239.04325646629735
2024-08-31 15:18:21+00:00,NAC811,20.094645871954448,-73.18882057883519,12192.0,330.8974897419251,239.04325646629735
2024-08-31 15:18:22+00:00,NAC811,20.09650796146716,-73.18991921164769,12192.0,330.8974897419251,239.04325646629735
2024-08-31 15:18:23+00:00,NAC811,20.09852600097656,-73.19111415318082,12192.0,330.8974897419251,239.04325646629735
2024-08-31 15:18:24+00:00,NAC811,20.099441528320312,-73.19165366036549,12192.0,330.8974897419251,239.04325646629735
2024-08-31 15:18:25+00:00,NAC811,20.102559752383478,-73.19346479936075,12192.0,330.7898637847945,239.2938906512464
2024-08-31 15:18:26+00:00,NAC811,20.103561401367188,-73.19410596575057,12192.0,330.7898637847945,239.2938906512464
2024-08-31 15:18:27+00:00,NAC811,20.104522705078125,-73.19464547293524,12192.0,330.7898637847945,239.2938906512464
2024-08-31 15:18:29+00:00,NAC811,20.105255126953125,-73.19508688790455,12192.0,330.7898637847945,239.2938906512464
2024-08-31 15:18:30+00:00,NAC811,20.110107421875,-73.1980787004743,12192.0,330.23984797327194,239.41109510711377
2024-08-31 15:18:31+00:00,NAC811,20.112847796941207,-73.19975696910512,12192.0,329.62820831776634,239.10635470797
2024-08-31 15:18:32+00:00,NAC811,20.115780587923727,-73.20160466974431,12192.0,329.3532585629186,239.185480720925
2024-08-31 15:18:33+00:00,NAC811,20.11752319335937,-73.2027380807059,12192.0,329.07849698498126,239.27011104598455
2024-08-31 15:18:34+00:00,NAC811,20.118438720703125,-73.2033266339983,12192.0,329.07849698498126,239.27011104598455
2024-08-31 15:18:35+00:00,NAC811,20.119537353515625,-73.20406232561385,12192.0,329.07849698498126,239.27011104598455
2024-08-31 15:18:36+00:00,NAC811,20.12057546841896,-73.20470081676137,12192.0,328.803936014548,239.36023984468883
2024-08-31 15:18:37+00:00,NAC811,20.123275498212397,-73.20654851740056,12192.0,328.1906107122069,239.1196364266908
2024-08-31 15:18:41+00:00,NAC811,20.131668090820312,-73.2123020717076,12192.0,326.6864226195398,238.8533077230005
2024-08-31 15:18:42+00:00,NAC811,20.13363647460937,-73.2137244088309,12192.0,326.4125516708822,238.9912155600562
2024-08-31 15:18:43+00:00,NAC811,20.135421752929688,-73.21499960763111,12192.0,326.13900285130023,239.13457747849745
2024-08-31 15:18:44+00:00,NAC811,20.136520385742188,-73.21578434535434,12192.0,326.13900285130023,239.13457747849745
2024-08-31 15:18:46+00:00,NAC811,20.13728772179555,-73.21633633700282,12192.0,325.79654317182434,238.8577397348712
2024-08-31 15:18:47+00:00,NAC811,20.140914916992188,-73.21902138846258,12192.0,325.6250185429665,238.7225263558977
2024-08-31 15:18:54+00:00,NAC811,20.15111373642744,-73.22682328657669,12192.0,323.94538183353893,238.623284214108
2024-08-31 15:18:55+00:00,NAC811,20.152587890625,-73.22794778006414,12192.0,323.94538183353893,238.623284214108
2024-08-31 15:18:58+00:00,NAC811,20.15345764160156,-73.22863442557195,12192.0,323.67317404787974,238.81563230123177
2024-08-31 15:18:59+00:00,NAC811,20.15493101992849,-73.2298195578835,12192.0,323.5005440426664,238.70700516768773
2024-08-31 15:19:00+00:00,NAC811,20.164474228681144,-73.23760986328125,12192.0,321.995192297258,238.9546694278023
2024-08-31 15:19:01+00:00,NAC811,20.166229248046875,-73.23908124651228,12192.0,321.8219814287197,238.86715748705765
2024-08-31 15:19:02+00:00,NAC811,20.168012198755296,-73.24055619673294,12192.0,321.6486451832689,238.78183017361235
2024-08-31 15:19:04+00:00,NAC811,20.16968807931673,-73.24200439453125,12192.0,321.6486451832689,238.78183017361235
2024-08-31 15:19:06+00:00,NAC811,20.172201900158896,-73.24415172230113,12192.0,321.0318420581239,238.86217166450731
2024-08-31 15:19:07+00:00,NAC811,20.17543029785156,-73.24697766985213,12192.0,320.85823996116176,238.7868176736774
2024-08-31 15:19:11+00:00,NAC811,20.18270874023437,-73.2533536638532,12192.0,320.4155250851549,238.9701745301411
2024-08-31 15:19:12+00:00,NAC811,20.183653750662074,-73.25418923117894,12192.0,320.24181994697955,238.9026092243689
2024-08-31 15:19:13+00:00,NAC811,20.186772750595868,-73.25693581321019,12192.0,320.0680181266052,238.83724099054035
2024-08-31 15:19:14+00:00,NAC811,20.18761069087659,-73.25768488103694,12192.0,320.0680181266052,238.83724099054035
2024-08-31 15:19:15+00:00,NAC811,20.19007795948093,-73.25988214666194,12192.0,319.97351540229374,239.16777647410535
2024-08-31 15:19:18+00:00,NAC811,20.1917724609375,-73.26144627162387,12192.0,319.89412274441406,238.77407163310664
2024-08-31 15:19:19+00:00,NAC811,20.19599009368379,-73.26517555930394,12192.0,319.7998361139047,239.1058012870127
2024-08-31 15:19:20+00:00,NAC811,20.197619422007413,-73.26667369495738,12192.0,319.7201369310436,238.71310289769804
2024-08-31 15:19:21+00:00,NAC811,20.19924875033104,-73.26817183061075,12192.0,319.6260683659861,239.046024282266
2024-08-31 15:19:22+00:00,NAC811,20.200836181640625,-73.26953887939453,12192.0,319.6260683659861,239.046024282266
2024-08-31 15:19:23+00:00,NAC811,20.202438354492188,-73.27101026262557,12192.0,319.6260683659861,239.046024282266
2024-08-31 15:19:24+00:00,NAC811,20.20399707858845,-73.27241654829544,12192.0,319.6260683659861,239.046024282266
2024-08-31 15:19:25+00:00,NAC811,20.205551147460938,-73.27385493687223,12192.0,319.6260683659861,239.046024282266
2024-08-31 15:19:29+00:00,NAC811,20.2122802734375,-73.27993665422713,12192.0,319.45221528995233,238.98844710932696
2024-08-31 15:19:30+00:00,NAC811,20.213882446289062,-73.28140803745816,12192.0,319.45221528995233,238.98844710932696
2024-08-31 15:19:31+00:00,NAC811,20.21553039550781,-73.28292846679688,12192.0,319.27828002657867,238.93307135851657
2024-08-31 15:19:32+00:00,NAC811,20.217078257415253,-73.2843017578125,12192.0,319.27828002657867,238.93307135851657
2024-08-31 15:19:33+00:00,NAC811,20.21870758573888,-73.28579989346588,12192.0,319.27828002657867,238.93307135851657
2024-08-31 15:19:34+00:00,NAC811,20.2203369140625,-73.28729802911931,12192.0,319.27828002657867,238.93307135851657
2024-08-31 15:19:36+00:00,NAC811,20.22125244140625,-73.28812735421315,12192.0,319.27828002657867,238.93307135851657
2024-08-31 15:19:37+00:00,NAC811,20.221966242386124,-73.28879616477269,12192.0,319.27828002657867,238.93307135851657
2024-08-31 15:19:38+00:00,NAC811,20.223595570709744,-73.29029430042613,12192.0,319.10426572566973,238.87989856079756
2024-08-31 15:19:39+00:00,NAC811,20.22889709472656,-73.29514094761441,12192.0,319.10426572566973,238.87989856079756
2024-08-31 15:19:40+00:00,NAC811,20.2298583984375,-73.29602377755299,12192.0,319.10426572566973,238.87989856079756
2024-08-31 15:19:41+00:00,NAC811,20.23220773470604,-73.29818448153407,12192.0,319.10426572566973,238.87989856079756
2024-08-31 15:19:43+00:00,NAC811,20.234814660023837,-73.3005814985795,12192.0,319.01112610101785,239.21701316495185
2024-08-31 15:19:44+00:00,NAC811,20.236358642578125,-73.30200740269254,12192.0,319.01112610101785,239.21701316495185
2024-08-31 15:19:45+00:00,NAC811,20.23814392089844,-73.30367497035434,12192.0,319.01112610101785,239.21701316495185
2024-08-31 15:19:46+00:00,NAC811,20.23992919921875,-73.30534253801619,12192.0,319.01112610101785,239.21701316495185
2024-08-31 15:19:47+00:00,NAC811,20.24068024198888,-73.30597478693181,12192.0,319.01112610101785,239.21701316495185
2024-08-31 15:20:11+00:00,NAC811,20.2415771484375,-73.30681392124721,12192.0,319.01112610101785,239.21701316495185
2024-08-31 15:20:12+00:00,NAC811,20.24922180175781,-73.31387656075611,12192.0,318.9301755457255,238.82893018756417
2024-08-31 15:20:13+00:00,NAC811,20.25439453125,-73.3186830793108,12192.0,318.9301755457255,238.82893018756417
2024-08-31 15:20:14+00:00,NAC811,20.25604248046875,-73.32015446254184,12192.0,318.9301755457255,238.82893018756417
2024-08-31 15:20:20+00:00,NAC811,20.267773644398837,-73.33104359019887,12192.0,318.83726211732767,239.16722319527503
2024-08-31 15:20:21+00:00,NAC811,20.27842712402344,-73.3409009660993,12192.0,318.83726211732767,239.16722319527503
2024-08-31 15:20:22+00:00,NAC811,20.28644109176377,-73.34837202592325,12192.0,318.83726211732767,239.16722319527503
2024-08-31 15:20:23+00:00,NAC811,20.291061401367188,-73.35262298583984,12192.0,318.83726211732767,239.16722319527503
2024-08-31 15:20:31+00:00,NAC811,20.30883271815413,-73.36909623579544,12192.0,318.83726211732767,239.16722319527503
2024-08-31 15:20:32+00:00,NAC811,20.31386035983845,-73.37379039417613,12192.0,318.83726211732767,239.16722319527503
2024-08-31 15:20:33+00:00,NAC811,20.315489688162074,-73.3752885298295,12192.0,318.83726211732767,239.16722319527503
2024-08-31 15:20:35+00:00,NAC811,20.316375732421875,-73.37611607142856,12192.0,318.83726211732767,239.16722319527503
2024-08-31 15:20:40+00:00,NAC811,20.318236270193324,-73.37783536044032,12192.0,318.83726211732767,239.16722319527503
2024-08-31 15:20:41+00:00,NAC811,20.32969665527344,-73.3884266444615,12192.0,318.83726211732767,239.16722319527503
2024-08-31 15:20:42+00:00,NAC811,20.33043295650159,-73.389121315696,12192.0,318.83726211732767,239.16722319527503
2024-08-31 15:20:43+00:00,NAC811,20.332201941538663,-73.39076926491475,12192.0,318.83726211732767,239.16722319527503
2024-08-31 15:20:47+00:00,NAC811,20.33397092657574,-73.3924172141335,12192.0,318.83726211732767,239.16722319527503
2024-08-31 15:20:49+00:00,NAC811,20.340087890625,-73.39808872767856,12192.0,318.83726211732767,239.16722319527503
2024-08-31 15:20:50+00:00,NAC811,20.34309516518803,-73.40085671164769,12192.0,318.83726211732767,239.16722319527503
2024-08-31 15:20:51+00:00,NAC811,20.34576416015625,-73.40333666120256,12192.0,318.83726211732767,239.16722319527503
2024-08-31 15:20:52+00:00,NAC811,20.347471075542902,-73.40490167791194,12192.0,318.83726211732767,239.16722319527503
2024-08-31 15:20:54+00:00,NAC811,20.348190307617188,-73.40559278215682,12192.0,318.83726211732767,239.16722319527503
2024-08-31 15:20:56+00:00,NAC811,20.35152112023305,-73.40869695490056,12192.0,318.83726211732767,239.16722319527503
2024-08-31 15:20:57+00:00,NAC811,20.35235906051377,-73.40944602272725,12192.0,318.83726211732767,239.16722319527503
2024-08-31 15:20:59+00:00,NAC811,20.35738670219809,-73.41409024325282,12192.0,318.9182488640674,239.5547581325882
2024-08-31 15:21:00+00:00,NAC811,20.36031949318061,-73.41683682528407,12192.0,318.9182488640674,239.5547581325882
2024-08-31 15:21:01+00:00,NAC811,20.362414343882413,-73.4187844016335,12192.0,318.9182488640674,239.5547581325882
2024-08-31 15:21:02+00:00,NAC811,20.36325228416313,-73.41953346946019,12192.0,318.9182488640674,239.5547581325882
2024-08-31 15:21:03+00:00,NAC811,20.365264892578125,-73.4213856288365,12192.0,318.9182488640674,239.5547581325882
2024-08-31 15:21:04+00:00,NAC811,20.366912841796875,-73.42290605817522,12192.0,318.9182488640674,239.5547581325882
2024-08-31 15:21:08+00:00,NAC811,20.372050657110695,-73.42762340198863,12192.0,318.9182488640674,239.5547581325882
2024-08-31 15:21:09+00:00,NAC811,20.37373352050781,-73.42923300606861,12192.0,319.01112610101785,239.21701316495185
2024-08-31 15:21:10+00:00,NAC811,20.377166748046875,-73.43232291085377,12192.0,319.2653044796025,239.6585839026852
2024-08-31 15:21:11+00:00,NAC811,20.37810244802701,-73.43316650390625,12192.0,319.2653044796025,239.6585839026852
2024-08-31 15:21:12+00:00,NAC811,20.38032531738281,-73.43516758510043,12192.0,319.7058109967507,239.43817665363045
2024-08-31 15:21:14+00:00,NAC811,20.382797241210938,-73.43732561383928,12192.0,319.87927378300674,239.49896080864335
2024-08-31 15:21:21+00:00,NAC811,20.389389038085938,-73.44296591622486,12192.0,321.18653263186616,239.66300102283927
2024-08-31 15:21:22+00:00,NAC811,20.39528022378178,-73.44774835759944,12192.0,322.14658043501686,239.7662280241359
2024-08-31 15:21:23+00:00,NAC811,20.398073358050848,-73.44994562322444,12192.0,322.7612505001157,239.73587175539552
2024-08-31 15:21:24+00:00,NAC811,20.400680283368644,-73.45199307528407,12192.0,323.3760054774267,239.7331119039958
2024-08-31 15:21:28+00:00,NAC811,20.401518223649365,-73.45269220525569,12192.0,323.3760054774267,239.7331119039958
2024-08-31 15:21:29+00:00,NAC811,20.408843994140625,-73.45817020961215,12192.0,324.6052041550129,239.81037573727457
2024-08-31 15:21:30+00:00,NAC811,20.411247641353285,-73.45993319424713,12192.0,325.14915179896826,239.46801807587684
2024-08-31 15:21:31+00:00,NAC811,20.41204833984375,-73.46052442278182,12192.0,325.14915179896826,239.46801807587684
2024-08-31 15:21:32+00:00,NAC811,20.41474914550781,-73.46243722098211,12192.0,325.42169697878046,239.3049501276423
2024-08-31 15:21:33+00:00,NAC811,20.41646149198888,-73.46362859552556,12192.0,325.6623575447629,239.86223891724097
2024-08-31 15:21:34+00:00,NAC811,20.417449951171875,-73.46435001918246,12192.0,326.2075577535804,239.5619390223364
2024-08-31 15:21:41+00:00,NAC811,20.41846323821504,-73.46502685546875,12192.0,326.2075577535804,239.5619390223364
2024-08-31 15:21:42+00:00,NAC811,20.422233969478285,-73.46767356178975,12192.0,326.7540769071321,239.28338367520857
2024-08-31 15:21:43+00:00,NAC811,20.426513671875,-73.47052982875277,12192.0,327.2647737278924,239.7375276509851
2024-08-31 15:21:50+00:00,NAC811,20.435531616210938,-73.47641536167691,12192.0,328.803936014548,239.36023984468883
2024-08-31 15:21:51+00:00,NAC811,20.4495849609375,-73.48499843052457,12192.0,330.6824634226533,239.54536741349756
2024-08-31 15:21:52+00:00,NAC811,20.451375670352224,-73.48605069247157,12192.0,330.9573499544763,239.49288308736772
2024-08-31 15:21:53+00:00,NAC811,20.453470521054022,-73.48724920099431,12192.0,331.2323506611562,239.44591367576737
2024-08-31 15:21:55+00:00,NAC811,20.455565371755824,-73.488447709517,12192.0,331.6157714207993,239.15947715725292
2024-08-31 15:22:01+00:00,NAC811,20.45855712890625,-73.49009922572543,12192.0,332.2242672271676,239.5525485847443
2024-08-31 15:22:02+00:00,NAC811,20.4697265625,-73.49608285086492,12192.0,333.2150044924978,239.730904
2024-08-31 15:22:03+00:00,NAC811,20.4717189982786,-73.49718683416194,12192.0,333.3248706115522,239.49951332111144
2024-08-31 15:22:04+00:00,NAC811,20.47348798331568,-73.49808571555394,12192.0,333.3248706115522,239.49951332111144
2024-08-31 15:22:10+00:00,NAC811,20.4774169921875,-73.5002027239118,12192.0,333.3248706115522,239.49951332111144
2024-08-31 15:22:11+00:00,NAC811,20.48785400390625,-73.50579398018971,12192.0,333.10535065897665,239.96317444458737
2024-08-31 15:22:12+00:00,NAC811,20.490554809570312,-73.50726536342074,12199.62,333.04968041582583,239.5044858759674
2024-08-31 15:22:13+00:00,NAC811,20.49224853515625,-73.50819723946705,12192.0,332.9400839543244,239.73807961364
2024-08-31 15:22:15+00:00,NAC811,20.493319236626057,-73.50877241654825,12199.62,332.9400839543244,239.73807961364
2024-08-31 15:22:18+00:00,NAC811,20.49522787837659,-73.50982111150569,12199.62,332.9400839543244,239.73807961364
2024-08-31 15:22:19+00:00,NAC811,20.50323486328125,-73.5141808646066,12192.0,332.8307012593741,239.97254881385655
2024-08-31 15:22:20+00:00,NAC811,20.505050400556144,-73.51516446200282,12192.0,332.8307012593741,239.97254881385655
2024-08-31 15:22:21+00:00,NAC811,20.50689697265625,-73.5161917550223,12192.0,332.8307012593741,239.97254881385655
2024-08-31 15:22:22+00:00,NAC811,20.509002685546875,-73.51731981549943,12192.0,332.8307012593741,239.97254881385655
2024-08-31 15:22:23+00:00,NAC811,20.5107421875,-73.51825169154574,12192.0,332.8307012593741,239.97254881385655
2024-08-31 15:22:24+00:00,NAC811,20.512435913085938,-73.51918356759205,12199.62,332.8307012593741,239.97254881385655
2024-08-31 15:22:31+00:00,NAC811,20.52623166876324,-73.52665016867894,12199.62,332.9400839543244,239.73807961364
2024-08-31 15:22:32+00:00,NAC811,20.5271627135196,-73.52719948508519,12199.62,332.9400839543244,239.73807961364
2024-08-31 15:22:33+00:00,NAC811,20.52986274331303,-73.5286476828835,12192.0,333.04968041582583,239.5044858759674
2024-08-31 15:22:39+00:00,NAC811,20.530840340307204,-73.52914706143463,12192.0,333.10535065897665,239.96317444458737
2024-08-31 15:22:40+00:00,NAC811,20.543289184570312,-73.53585924421037,12192.0,333.10535065897665,239.96317444458737
2024-08-31 15:22:41+00:00,NAC811,20.54425048828125,-73.53634970528736,12192.0,333.10535065897665,239.96317444458737
2024-08-31 15:22:43+00:00,NAC811,20.549468994140625,-73.53914533342635,12192.0,333.10535065897665,239.96317444458737
2024-08-31 15:22:44+00:00,NAC811,20.551276772709212,-73.54013338955963,12192.0,333.10535065897665,239.96317444458737
2024-08-31 15:22:50+00:00,NAC811,20.562973022460938,-73.54640415736606,12192.0,333.10535065897665,239.96317444458737
2024-08-31 15:22:51+00:00,NAC811,20.56507873535156,-73.54758126395086,12192.0,333.10535065897665,239.96317444458737
2024-08-31 15:22:52+00:00,NAC811,20.567184448242188,-73.54870932442799,12192.0,333.2150044924978,239.730904
2024-08-31 15:22:55+00:00,NAC811,20.572586059570312,-73.55160304478238,12192.0,333.2150044924978,239.730904
2024-08-31 15:23:13+00:00,NAC811,20.578090861692267,-73.5545654296875,12192.0,333.2150044924978,239.730904
2024-08-31 15:23:14+00:00,NAC811,20.58600474212129,-73.55881014737213,12199.62,333.2150044924978,239.730904
2024-08-31 15:23:15+00:00,NAC811,20.589019775390625,-73.56043134416853,12199.62,333.10535065897665,239.96317444458737
2024-08-31 15:23:23+00:00,NAC811,20.625015517412606,-73.579833984375,12192.0,332.9959092972404,240.19632210266667
2024-08-31 15:23:24+00:00,NAC811,20.627901756157307,-73.5813820578835,12192.0,332.9959092972404,240.19632210266667
2024-08-31 15:23:25+00:00,NAC811,20.629898071289062,-73.58245304652621,12192.0,332.9959092972404,240.19632210266667
2024-08-31 15:23:29+00:00,NAC811,20.63348802469545,-73.58437832919032,12192.0,332.9959092972404,240.19632210266667
2024-08-31 15:23:30+00:00,NAC811,20.63753806938559,-73.58657559481532,12192.0,332.9959092972404,240.19632210266667
2024-08-31 15:23:32+00:00,NAC811,20.643124337923727,-73.58962180397725,12192.0,333.10535065897665,239.96317444458737
2024-08-31 15:23:33+00:00,NAC811,20.645187377929688,-73.59069279261996,12192.0,333.1608084291888,240.42208868902577
2024-08-31 15:23:34+00:00,NAC811,20.64710998535156,-73.59172276088168,12192.0,333.1608084291888,240.42208868902577
2024-08-31 15:23:40+00:00,NAC811,20.656768798828125,-73.59692164829801,12192.0,333.1608084291888,240.42208868902577
2024-08-31 15:23:43+00:00,NAC811,20.664584919557733,-73.6011574485085,12192.0,332.9959092972404,240.19632210266667
2024-08-31 15:23:52+00:00,NAC811,20.674118041992188,-73.60633850097656,12192.0,332.9959092972404,240.19632210266667
2024-08-31 15:23:53+00:00,NAC811,20.684835143008478,-73.6121437766335,12192.0,332.9959092972404,240.19632210266667
2024-08-31 15:23:54+00:00,NAC811,20.68697654594809,-73.61329234730113,12199.62,332.9959092972404,240.19632210266667
2024-08-31 15:23:55+00:00,NAC811,20.687907590704448,-73.61379172585225,12199.62,332.9959092972404,240.19632210266667
2024-08-31 15:23:58+00:00,NAC811,20.69312144134004,-73.61663818359375,12199.62,332.9959092972404,240.19632210266667
2024-08-31 15:24:00+00:00,NAC811,20.69590759277344,-73.61815861293246,12199.62,332.9959092972404,240.19632210266667
2024-08-31 15:24:01+00:00,NAC811,20.697830200195312,-73.61918858119418,12199.62,332.9959092972404,240.19632210266667
2024-08-31 15:24:11+00:00,NAC811,20.71937690346928,-73.63082053444603,12192.0,332.9959092972404,240.19632210266667
2024-08-31 15:24:12+00:00,NAC811,20.720993041992188,-73.63169533865789,12199.62,332.9959092972404,240.19632210266667
2024-08-31 15:24:13+00:00,NAC811,20.722137451171875,-73.63233293805803,12192.0,332.9959092972404,240.19632210266667
2024-08-31 15:24:14+00:00,NAC811,20.724963172007413,-73.63381680575282,12192.0,332.9959092972404,240.19632210266667
2024-08-31 15:24:15+00:00,NAC811,20.72698974609375,-73.63493238176619,12192.0,332.9959092972404,240.19632210266667
2024-08-31 15:24:23+00:00,NAC811,20.738937377929688,-73.64140646798268,12192.0,332.9959092972404,240.19632210266667
2024-08-31 15:24:46+00:00,NAC811,20.739898681640625,-73.64194597516742,12192.0,332.9959092972404,240.19632210266667
2024-08-31 15:24:48+00:00,NAC811,20.742828369140625,-73.64351545061385,12192.0,332.9959092972404,240.19632210266667
2024-08-31 15:24:49+00:00,NAC811,20.74465476860434,-73.64450350674713,12192.0,332.9959092972404,240.19632210266667
2024-08-31 15:24:54+00:00,NAC811,20.745585813360695,-73.64500288529825,12192.0,332.9959092972404,240.19632210266667
2024-08-31 15:24:55+00:00,NAC811,20.759318723516948,-73.65244362571019,12192.0,332.9959092972404,240.19632210266667
2024-08-31 15:24:56+00:00,NAC811,20.764718783103813,-73.65538995916194,12192.0,332.8866805866178,240.4303444223104
2024-08-31 15:24:57+00:00,NAC811,20.76576232910156,-73.65597316196988,12192.0,332.8866805866178,240.4303444223104
2024-08-31 15:25:03+00:00,NAC811,20.779522394729877,-73.66342995383519,12192.0,332.9959092972404,240.19632210266667
2024-08-31 15:25:04+00:00,NAC811,20.808746337890625,-73.67927006312777,12192.0,332.9400839543244,239.73807961364
2024-08-31 15:25:05+00:00,NAC811,20.823840125132413,-73.6875,12199.62,332.9400839543244,239.73807961364
2024-08-31 15:25:06+00:00,NAC811,20.82463151317532,-73.68789950284088,12199.62,332.9400839543244,239.73807961364
2024-08-31 15:25:07+00:00,NAC811,20.82770396087129,-73.68959738991475,12192.0,332.9400839543244,239.73807961364
2024-08-31 15:25:09+00:00,NAC811,20.82875061035156,-73.69015829903736,12199.62,332.9400839543244,239.73807961364
2024-08-31 15:25:10+00:00,NAC811,20.8297119140625,-73.69069780622209,12192.0,332.9400839543244,239.73807961364
2024-08-31 15:25:12+00:00,NAC811,20.837526483050848,-73.69489080255681,12199.62,332.9400839543244,239.73807961364
2024-08-31 15:25:13+00:00,NAC811,20.839435124801376,-73.69593949751419,12199.62,332.9400839543244,239.73807961364
2024-08-31 15:25:14+00:00,NAC811,20.841476440429688,-73.69702475411549,12199.62,332.9400839543244,239.73807961364
2024-08-31 15:25:15+00:00,NAC811,20.84262084960937,-73.69766235351562,12199.62,332.9400839543244,239.73807961364
2024-08-31 15:25:16+00:00,NAC811,20.845207602290785,-73.69908558238637,12199.62,332.9400839543244,239.73807961364
2024-08-31 15:25:17+00:00,NAC811,20.846832275390625,-73.69996752057756,12199.62,332.9400839543244,239.73807961364
2024-08-31 15:25:18+00:00,NAC811,20.84761047363281,-73.70040893554688,12199.62,332.9400839543244,239.73807961364
2024-08-31 15:25:25+00:00,NAC811,20.851089477539062,-73.70227268763949,12199.62,332.9400839543244,239.73807961364
2024-08-31 15:25:26+00:00,NAC811,20.862897452661542,-73.70867365056819,12192.0,332.9400839543244,239.73807961364
2024-08-31 15:25:27+00:00,NAC811,20.865875244140625,-73.71031624930242,12192.0,332.9400839543244,239.73807961364
2024-08-31 15:25:29+00:00,NAC811,20.867019653320312,-73.71095384870256,12192.0,332.9400839543244,239.73807961364
2024-08-31 15:25:35+00:00,NAC811,20.87155616889565,-73.71341774680394,12192.0,332.8307012593741,239.97254881385655
2024-08-31 15:25:36+00:00,NAC811,20.880889892578125,-73.7185069492885,12192.0,332.77450799426407,239.5149831527561
2024-08-31 15:25:37+00:00,NAC811,20.884918212890625,-73.72071402413502,12192.0,332.77450799426407,239.5149831527561
2024-08-31 15:25:39+00:00,NAC811,20.88665771484375,-73.72164590018133,12192.0,332.77450799426407,239.5149831527561
2024-08-31 15:25:42+00:00,NAC811,20.888640840174787,-73.72275612571019,12192.0,332.77450799426407,239.5149831527561
2024-08-31 15:25:43+00:00,NAC811,20.89146423339844,-73.72429438999723,12192.0,332.77450799426407,239.5149831527561
2024-08-31 15:25:44+00:00,NAC811,20.89748576536017,-73.72760009765625,12192.0,332.77450799426407,239.5149831527561
2024-08-31 15:25:45+00:00,NAC811,20.900372004104877,-73.72914817116475,12192.0,332.88404484370346,239.28006558692317
2024-08-31 15:25:46+00:00,NAC811,20.9022216796875,-73.73013087681363,12192.0,332.88404484370346,239.28006558692317
2024-08-31 15:25:47+00:00,NAC811,20.90404963089248,-73.73114568536931,12192.0,332.88404484370346,239.28006558692317
2024-08-31 15:25:48+00:00,NAC811,20.90487670898437,-73.73160226004461,12192.0,332.88404484370346,239.28006558692317
2024-08-31 15:25:49+00:00,NAC811,20.90595827264301,-73.73219438032669,12192.0,332.88404484370346,239.28006558692317
2024-08-31 15:25:53+00:00,NAC811,20.915734242584744,-73.73753773082387,12192.0,332.88404484370346,239.28006558692317
2024-08-31 15:25:55+00:00,NAC811,20.91671183957892,-73.738037109375,12192.0,332.88404484370346,239.28006558692317
2024-08-31 15:25:56+00:00,NAC811,20.92132051112288,-73.74058393998575,12192.0,332.88404484370346,239.28006558692317
2024-08-31 15:25:58+00:00,NAC811,20.92592918266684,-73.74308083274144,12192.0,332.88404484370346,239.28006558692317
2024-08-31 15:26:23+00:00,NAC811,20.930831909179688,-73.7457275390625,12192.0,332.88404484370346,239.28006558692317
2024-08-31 15:26:24+00:00,NAC811,20.94301385394597,-73.75241921164769,12192.0,332.88404484370346,239.28006558692317
2024-08-31 15:26:25+00:00,NAC811,20.971893310546875,-73.76809256417408,12192.0,332.9937965820543,239.046024282266
2024-08-31 15:26:26+00:00,NAC811,20.979464256157307,-73.77224454012782,12192.0,332.82779084300984,238.8222813369531
2024-08-31 15:26:27+00:00,NAC811,20.98137289790784,-73.77329323508519,12192.0,332.82779084300984,238.8222813369531
2024-08-31 15:26:28+00:00,NAC811,20.98223876953125,-73.77373286655973,12192.0,332.82779084300984,238.8222813369531
2024-08-31 15:26:29+00:00,NAC811,20.984893798828125,-73.7752042497907,12192.0,332.82779084300984,238.8222813369531
2024-08-31 15:26:31+00:00,NAC811,20.986726405256885,-73.77618963068181,12192.0,332.82779084300984,238.8222813369531
2024-08-31 15:26:37+00:00,NAC811,20.99459373344809,-73.78048428622157,12192.0,332.82779084300984,238.8222813369531
2024-08-31 15:26:38+00:00,NAC811,21.00222830045021,-73.78467906605113,12192.0,332.7713208229088,238.3647281876024
2024-08-31 15:26:39+00:00,NAC811,21.0040283203125,-73.78570011683871,12192.0,332.7713208229088,238.3647281876024
2024-08-31 15:26:40+00:00,NAC811,21.00595092773437,-73.78673008510043,12192.0,332.7713208229088,238.3647281876024
2024-08-31 15:26:41+00:00,NAC811,21.00672912597656,-73.78717150006975,12192.0,332.7713208229088,238.3647281876024
2024-08-31 15:26:47+00:00,NAC811,21.01237668829449,-73.79022216796875,12192.0,332.7713208229088,238.3647281876024
2024-08-31 15:26:48+00:00,NAC811,21.020383673199152,-73.79461669921875,12192.0,332.93769803301274,238.58779097192348
2024-08-31 15:26:49+00:00,NAC811,21.023162841796875,-73.79614693777899,12192.0,332.93769803301274,238.58779097192348
2024-08-31 15:26:50+00:00,NAC811,21.024992344743115,-73.79711359197444,12192.0,332.8813836370396,238.1297872627972
2024-08-31 15:26:51+00:00,NAC811,21.027008056640625,-73.79820687430242,12192.0,332.8813836370396,238.1297872627972
2024-08-31 15:26:58+00:00,NAC811,21.03730773925781,-73.80380526455963,12192.0,332.8813836370396,238.1297872627972
2024-08-31 15:26:59+00:00,NAC811,21.0414252846928,-73.80605061848956,12192.0,332.8813836370396,238.1297872627972
2024-08-31 15:27:01+00:00,NAC811,21.04248046875,-73.80665172230113,12192.0,332.8813836370396,238.1297872627972
2024-08-31 15:27:07+00:00,NAC811,21.050125122070312,-73.81079656427556,12192.0,332.8813836370396,238.1297872627972
2024-08-31 15:27:08+00:00,NAC811,21.058914184570312,-73.81559059836644,12192.0,332.8813836370396,238.1297872627972
2024-08-31 15:27:09+00:00,NAC811,21.06097412109375,-73.81673916903407,12192.0,332.8813836370396,238.1297872627972
2024-08-31 15:27:10+00:00,NAC811,21.063584149894066,-73.81815592447913,12192.0,332.8813836370396,238.1297872627972
2024-08-31 15:27:11+00:00,NAC811,21.065306582693324,-73.81912231445312,12192.0,332.82485225541643,237.67201448224003
2024-08-31 15:27:12+00:00,NAC811,21.067401433395126,-73.82024129231769,12192.0,332.82485225541643,237.67201448224003
2024-08-31 15:27:13+00:00,NAC811,21.06898498535156,-73.82113370028407,12192.0,332.82485225541643,237.67201448224003
2024-08-31 15:27:14+00:00,NAC811,21.070724487304688,-73.82208251953125,12192.0,332.82485225541643,237.67201448224003
2024-08-31 15:27:15+00:00,NAC811,21.07177734375,-73.8226318359375,12192.0,332.82485225541643,237.67201448224003
2024-08-31 15:27:16+00:00,NAC811,21.074803239208155,-73.82431030273438,12192.0,332.82485225541643,237.67201448224003
2024-08-31 15:27:17+00:00,NAC811,21.07578083620233,-73.82486979166663,12192.0,332.82485225541643,237.67201448224003
2024-08-31 15:27:18+00:00,NAC811,21.078434313757946,-73.8262939453125,12192.0,332.82485225541643,237.67201448224003
2024-08-31 15:27:19+00:00,NAC811,21.080529164459744,-73.82746378580725,12192.0,332.82485225541643,237.67201448224003
2024-08-31 15:27:20+00:00,NAC811,21.082534790039062,-73.82852450284088,12192.0,332.82485225541643,237.67201448224003
2024-08-31 15:27:21+00:00,NAC811,21.08349609375,-73.82907381924713,12192.0,332.82485225541643,237.67201448224003
2024-08-31 15:27:22+00:00,NAC811,21.086255089711333,-73.83056640625,12192.0,332.82485225541643,237.67201448224003
2024-08-31 15:27:23+00:00,NAC811,21.08737234341896,-73.83122762044269,12192.0,332.82485225541643,237.67201448224003
2024-08-31 15:27:24+00:00,NAC811,21.090362548828125,-73.83281915838069,12192.0,332.82485225541643,237.67201448224003
2024-08-31 15:27:25+00:00,NAC811,21.091873168945312,-73.83366810191762,12192.0,332.82485225541643,237.67201448224003
2024-08-31 15:27:26+00:00,NAC811,21.09434509277344,-73.83501642400569,12192.0,332.82485225541643,237.67201448224003
2024-08-31 15:27:27+00:00,NAC811,21.09530639648437,-73.83551580255681,12192.0,332.82485225541643,237.67201448224003
2024-08-31 15:27:28+00:00,NAC811,21.09770694021451,-73.83682250976562,12192.0,332.82485225541643,237.67201448224003
2024-08-31 15:27:29+00:00,NAC811,21.099569029727224,-73.837890625,12192.0,332.82485225541643,237.67201448224003
2024-08-31 15:27:31+00:00,NAC811,21.1026414774232,-73.83956909179688,12192.0,332.9352889940583,237.43750274794388
2024-08-31 15:27:32+00:00,NAC811,21.104644775390625,-73.84060946377838,12192.0,332.9352889940583,237.43750274794388
2024-08-31 15:27:33+00:00,NAC811,21.10664496987553,-73.84170532226562,12192.0,332.9352889940583,237.43750274794388
2024-08-31 15:27:34+00:00,NAC811,21.108627319335938,-73.84280672940338,12192.0,332.9352889940583,237.43750274794388
2024-08-31 15:27:35+00:00,NAC811,21.11073303222656,-73.843955300071,12192.0,332.9352889940583,237.43750274794388
2024-08-31 15:27:36+00:00,NAC811,21.113488148834744,-73.845469156901,12192.0,332.9352889940583,237.43750274794388
2024-08-31 15:27:37+00:00,NAC811,21.11446574582892,-73.84597778320312,12192.0,332.9352889940583,237.43750274794388
2024-08-31 15:27:38+00:00,NAC811,21.116374387579448,-73.84699503580725,12192.0,332.9352889940583,237.43750274794388
2024-08-31 15:27:39+00:00,NAC811,21.119027865135063,-73.84847005208331,12192.0,332.9352889940583,237.43750274794388
2024-08-31 15:27:40+00:00,NAC811,21.12093650688559,-73.8494873046875,12192.0,332.9352889940583,237.43750274794388
2024-08-31 15:27:41+00:00,NAC811,21.121810913085938,-73.84994784268463,12192.0,332.9352889940583,237.43750274794388
2024-08-31 15:27:42+00:00,NAC811,21.12377619339248,-73.85106404622394,12192.0,332.9352889940583,237.43750274794388
2024-08-31 15:27:43+00:00,NAC811,21.12647622318591,-73.85248819986975,12192.0,332.9352889940583,237.43750274794388
2024-08-31 15:27:44+00:00,NAC811,21.128448486328125,-73.85359330610794,12192.0,332.9352889940583,237.43750274794388
2024-08-31 15:27:45+00:00,NAC811,21.13047971563824,-73.85467529296875,12192.0,332.9352889940583,237.43750274794388
2024-08-31 15:27:46+00:00,NAC811,21.13215559619968,-73.8555908203125,12192.0,332.9352889940583,237.43750274794388
2024-08-31 15:27:47+00:00,NAC811,21.133209228515625,-73.85619007457387,12192.0,332.87869659584135,236.97950945737736
2024-08-31 15:27:48+00:00,NAC811,21.13597287970074,-73.857676188151,12192.0,332.87869659584135,236.97950945737736
2024-08-31 15:27:49+00:00,NAC811,21.137969970703125,-73.85878684303975,12192.0,332.87869659584135,236.97950945737736
2024-08-31 15:27:50+00:00,NAC811,21.138931274414062,-73.85928622159088,12192.0,332.87869659584135,236.97950945737736
2024-08-31 15:27:51+00:00,NAC811,21.141769409179688,-73.86083429509944,12192.0,332.87869659584135,236.97950945737736
2024-08-31 15:27:53+00:00,NAC811,21.145751953125,-73.86303156072444,12192.0,332.87869659584135,236.97950945737736
2024-08-31 15:27:54+00:00,NAC811,21.146819551112287,-73.86362711588538,12192.0,332.87869659584135,236.97950945737736
2024-08-31 15:27:55+00:00,NAC811,21.14863586425781,-73.86457963423294,12192.0,332.87869659584135,236.97950945737736
2024-08-31 15:27:56+00:00,NAC811,21.150217864472985,-73.86545817057288,12192.0,332.87869659584135,236.97950945737736
2024-08-31 15:27:57+00:00,NAC811,21.152312715174787,-73.86662801106769,12192.0,332.87869659584135,236.97950945737736
2024-08-31 15:27:58+00:00,NAC811,21.154129028320312,-73.86757590553975,12192.0,332.87869659584135,236.97950945737736
2024-08-31 15:27:59+00:00,NAC811,21.15594378972457,-73.86861165364581,12192.0,332.87869659584135,236.97950945737736
2024-08-31 15:28:00+00:00,NAC811,21.158969685182733,-73.8702392578125,12192.0,332.87869659584135,236.97950945737736
2024-08-31 15:28:01+00:00,NAC811,21.160133491128175,-73.870849609375,12192.0,332.87869659584135,236.97950945737736
2024-08-31 15:28:02+00:00,NAC811,21.16268920898437,-73.87227006392044,12192.0,332.87869659584135,236.97950945737736
2024-08-31 15:28:03+00:00,NAC811,21.163604736328125,-73.87276944247157,12192.0,332.87869659584135,236.97950945737736
2024-08-31 15:28:04+00:00,NAC811,21.166488647460938,-73.87436745383519,12192.0,332.82188508559744,236.52174825879507
2024-08-31 15:28:05+00:00,NAC811,21.16828013274629,-73.87532552083331,12192.0,332.82188508559744,236.52174825879507
2024-08-31 15:28:06+00:00,NAC811,21.170188774496825,-73.87639363606769,12192.0,332.82188508559744,236.52174825879507
2024-08-31 15:28:07+00:00,NAC811,21.17205086400953,-73.87741088867188,12192.0,332.82188508559744,236.52174825879507
2024-08-31 15:28:08+00:00,NAC811,21.173126220703125,-73.87796297940338,12192.0,332.82188508559744,236.52174825879507
2024-08-31 15:28:09+00:00,NAC811,21.17586814751059,-73.87949625651038,12192.0,332.82188508559744,236.52174825879507
2024-08-31 15:28:10+00:00,NAC811,21.176985401218214,-73.88010660807288,12192.0,332.82188508559744,236.52174825879507
2024-08-31 15:28:11+00:00,NAC811,21.17908025192002,-73.88127644856769,12192.0,332.82188508559744,236.52174825879507
2024-08-31 15:28:12+00:00,NAC811,21.18109130859375,-73.88235751065338,12192.0,332.82188508559744,236.52174825879507
2024-08-31 15:28:13+00:00,NAC811,21.183151245117188,-73.883506081321,12192.0,332.82188508559744,236.52174825879507
2024-08-31 15:28:14+00:00,NAC811,21.184200998079977,-73.88407389322913,12192.0,332.82188508559744,236.52174825879507
2024-08-31 15:28:15+00:00,NAC811,21.18685447563559,-73.885498046875,12192.0,332.82188508559744,236.52174825879507
2024-08-31 15:28:16+00:00,NAC811,21.187911987304688,-73.88610284978694,12192.0,332.82188508559744,236.52174825879507
2024-08-31 15:28:17+00:00,NAC811,21.190750122070312,-73.88765092329544,12192.0,332.82188508559744,236.52174825879507
2024-08-31 15:28:18+00:00,NAC811,21.19281005859375,-73.88874955610794,12192.0,332.82188508559744,236.52174825879507
2024-08-31 15:28:19+00:00,NAC811,21.19491577148437,-73.88989812677556,12192.0,332.82188508559744,236.52174825879507
2024-08-31 15:28:20+00:00,NAC811,21.196792602539062,-73.89094682173294,12192.0,332.82188508559744,236.52174825879507
2024-08-31 15:28:21+00:00,NAC811,21.19793701171875,-73.89154607599431,12192.0,332.9328564998473,236.2872149478021
2024-08-31 15:28:22+00:00,NAC811,21.199935654462397,-73.89266967773438,12192.0,332.9328564998473,236.2872149478021
2024-08-31 15:28:23+00:00,NAC811,21.201919555664062,-73.89374334161931,12192.0,332.9328564998473,236.2872149478021
2024-08-31 15:28:24+00:00,NAC811,21.203939146914724,-73.89480590820312,12192.0,332.9328564998473,236.2872149478021
2024-08-31 15:28:25+00:00,NAC811,21.205718994140625,-73.89579079367894,12192.0,332.9328564998473,236.2872149478021
2024-08-31 15:28:26+00:00,NAC811,21.20782470703125,-73.89693936434657,12192.0,332.9328564998473,236.2872149478021
2024-08-31 15:28:27+00:00,NAC811,21.209884643554688,-73.89808793501419,12192.0,332.9328564998473,236.2872149478021
2024-08-31 15:28:28+00:00,NAC811,21.21180725097656,-73.89913662997157,12192.0,332.9328564998473,236.2872149478021
2024-08-31 15:28:29+00:00,NAC811,21.21253967285156,-73.8995361328125,12192.0,332.9328564998473,236.2872149478021
2024-08-31 15:28:30+00:00,NAC811,21.21455305713718,-73.90060424804688,12192.0,332.9328564998473,236.2872149478021
2024-08-31 15:28:31+00:00,NAC811,21.21748352050781,-73.90223277698863,12192.0,332.9328564998473,236.2872149478021
2024-08-31 15:28:32+00:00,NAC811,21.21839904785156,-73.90273215553975,12192.0,332.9328564998473,236.2872149478021
2024-08-31 15:28:33+00:00,NAC811,21.21944104210805,-73.90329996744788,12192.0,332.87598334208985,235.8292321782538
2024-08-31 15:28:34+00:00,NAC811,21.223159790039062,-73.90532892400569,12192.0,332.87598334208985,235.8292321782538
2024-08-31 15:28:35+00:00,NAC811,21.22474799721928,-73.90619913736975,12192.0,332.87598334208985,235.8292321782538
2024-08-31 15:28:36+00:00,NAC811,21.225814819335938,-73.90677712180394,12192.0,332.87598334208985,235.8292321782538
2024-08-31 15:28:37+00:00,NAC811,21.22846984863281,-73.90822531960225,12192.0,332.87598334208985,235.8292321782538
2024-08-31 15:28:38+00:00,NAC811,21.23016357421875,-73.90917413884944,12192.0,332.87598334208985,235.8292321782538
2024-08-31 15:28:39+00:00,NAC811,21.23204040527344,-73.91017289595169,12192.0,332.87598334208985,235.8292321782538
2024-08-31 15:28:40+00:00,NAC811,21.233917236328125,-73.91122159090907,12192.0,332.87598334208985,235.8292321782538
2024-08-31 15:28:41+00:00,NAC811,21.23573432534428,-73.91220092773438,12192.0,332.87598334208985,235.8292321782538
2024-08-31 15:28:42+00:00,NAC811,21.237716674804688,-73.91331898082387,12192.0,332.87598334208985,235.8292321782538
2024-08-31 15:28:43+00:00,NAC811,21.239822387695312,-73.91441761363637,12192.0,332.87598334208985,235.8292321782538
2024-08-31 15:28:44+00:00,NAC811,21.24188232421875,-73.91556618430394,12192.0,332.87598334208985,235.8292321782538
2024-08-31 15:28:45+00:00,NAC811,21.243576049804688,-73.91651500355113,12192.0,332.87598334208985,235.8292321782538
2024-08-31 15:28:46+00:00,NAC811,21.245370638572563,-73.917490641276,12192.0,332.87598334208985,235.8292321782538
2024-08-31 15:28:47+00:00,NAC811,21.247465489274365,-73.91860961914062,12192.0,332.87598334208985,235.8292321782538
2024-08-31 15:28:48+00:00,NAC811,21.249252319335938,-73.91961115056819,12192.0,332.87598334208985,235.8292321782538
2024-08-31 15:28:49+00:00,NAC811,21.250863802635063,-73.92049153645831,12192.0,332.87598334208985,235.8292321782538
2024-08-31 15:28:50+00:00,NAC811,21.25360107421875,-73.9219582297585,12192.0,332.8188889145228,235.3714826758732
2024-08-31 15:28:51+00:00,NAC811,21.2545166015625,-73.92250754616475,12192.0,332.8188889145228,235.3714826758732
2024-08-31 15:28:52+00:00,NAC811,21.25747422040519,-73.92410278320312,12192.0,332.8188889145228,235.3714826758732
2024-08-31 15:28:53+00:00,NAC811,21.25927734375,-73.92510431463069,12192.0,332.8188889145228,235.3714826758732
2024-08-31 15:28:54+00:00,NAC811,21.2603759765625,-73.925703568892,12192.0,332.8188889145228,235.3714826758732
2024-08-31 15:28:55+00:00,NAC811,21.262362205376057,-73.92679850260413,12192.0,332.8188889145228,235.3714826758732
2024-08-31 15:28:56+00:00,NAC811,21.26435852050781,-73.927900834517,12192.0,332.8188889145228,235.3714826758732
2024-08-31 15:28:57+00:00,NAC811,21.26631914559057,-73.92898559570312,12192.0,332.8188889145228,235.3714826758732
2024-08-31 15:28:58+00:00,NAC811,21.26792907714844,-73.92984841086644,12192.0,332.8188889145228,235.3714826758732
2024-08-31 15:28:59+00:00,NAC811,21.26990366790254,-73.930918375651,12192.0,332.8188889145228,235.3714826758732
2024-08-31 15:29:00+00:00,NAC811,21.27191162109375,-73.93204567649144,12192.0,332.8188889145228,235.3714826758732
2024-08-31 15:29:01+00:00,NAC811,21.274337768554688,-73.9333939985795,12192.0,332.8188889145228,235.3714826758732
2024-08-31 15:29:02+00:00,NAC811,21.276141667770126,-73.93437703450519,12192.0,332.7076000712251,235.6069275480814
2024-08-31 15:29:03+00:00,NAC811,21.27813720703125,-73.93544145063919,12192.0,332.7076000712251,235.6069275480814
2024-08-31 15:29:04+00:00,NAC811,21.280014038085938,-73.93649014559657,12192.0,332.7076000712251,235.6069275480814
2024-08-31 15:29:05+00:00,NAC811,21.28200724973517,-73.93758138020831,12192.0,332.7076000712251,235.6069275480814
2024-08-31 15:29:06+00:00,NAC811,21.28293829449153,-73.93809000651038,12192.0,332.8188889145228,235.3714826758732
2024-08-31 15:29:07+00:00,NAC811,21.28509521484375,-73.93928666548294,12192.0,332.8188889145228,235.3714826758732
2024-08-31 15:29:08+00:00,NAC811,21.287081443657307,-73.94037882486975,12192.0,332.8188889145228,235.3714826758732
2024-08-31 15:29:09+00:00,NAC811,21.289627075195312,-73.94178355823863,12192.0,332.8188889145228,235.3714826758732
2024-08-31 15:29:10+00:00,NAC811,21.29066596596928,-73.94231160481769,12192.0,332.8188889145228,235.3714826758732
2024-08-31 15:29:11+00:00,NAC811,21.29276081667108,-73.9434814453125,12192.0,332.8188889145228,235.3714826758732
2024-08-31 15:29:12+00:00,NAC811,21.29369186142744,-73.94399007161456,12192.0,332.8188889145228,235.3714826758732
2024-08-31 15:29:15+00:00,NAC811,21.29746259269068,-73.94607543945312,12192.0,332.8188889145228,235.3714826758732
2024-08-31 15:29:16+00:00,NAC811,21.298507690429688,-73.94662753018463,12192.0,332.8188889145228,235.3714826758732
2024-08-31 15:29:17+00:00,NAC811,21.304445428363348,-73.94989013671875,12192.0,332.9304002061597,235.1369275777184
2024-08-31 15:29:18+00:00,NAC811,21.30624389648437,-73.95082231001419,12192.0,332.9304002061597,235.1369275777184
2024-08-31 15:29:19+00:00,NAC811,21.30702209472656,-73.95127175071019,12192.0,332.9304002061597,235.1369275777184
2024-08-31 15:29:20+00:00,NAC811,21.3087158203125,-73.95217063210225,12192.0,332.9304002061597,235.1369275777184
2024-08-31 15:29:21+00:00,NAC811,21.30975238347457,-73.95273844401038,12192.0,332.9304002061597,235.1369275777184
2024-08-31 15:29:22+00:00,NAC811,21.313336905786542,-73.9547220865885,12192.0,332.9304002061597,235.1369275777184
2024-08-31 15:29:23+00:00,NAC811,21.31408174159163,-73.95512898763019,12192.0,332.9304002061597,235.1369275777184
2024-08-31 15:29:26+00:00,NAC811,21.31617659229343,-73.95624796549475,12192.0,332.8188889145228,235.3714826758732
2024-08-31 15:29:27+00:00,NAC811,21.32171630859375,-73.9593117453835,12192.0,332.8188889145228,235.3714826758732
2024-08-31 15:29:28+00:00,NAC811,21.323776245117188,-73.96046031605113,12192.0,332.8188889145228,235.3714826758732
2024-08-31 15:29:30+00:00,NAC811,21.325766353283896,-73.96153767903644,12192.0,332.8188889145228,235.3714826758732
2024-08-31 15:29:31+00:00,NAC811,21.32945251464844,-73.96355646306819,12192.0,332.8188889145228,235.3714826758732
2024-08-31 15:29:35+00:00,NAC811,21.334285412804554,-73.96616617838538,12192.0,332.8188889145228,235.3714826758732
2024-08-31 15:29:36+00:00,NAC811,21.34002685546875,-73.96934925426137,12192.0,332.8188889145228,235.3714826758732
2024-08-31 15:29:37+00:00,NAC811,21.341537475585938,-73.97014825994319,12192.0,332.8188889145228,235.3714826758732
2024-08-31 15:29:38+00:00,NAC811,21.343780517578125,-73.971396706321,12192.0,332.8188889145228,235.3714826758732
2024-08-31 15:29:40+00:00,NAC811,21.346714860301905,-73.9730326334635,12192.0,332.8188889145228,235.3714826758732
2024-08-31 15:29:41+00:00,NAC811,21.348576949814618,-73.97404988606769,12192.0,332.76157203737813,234.91396780428212
2024-08-31 15:29:44+00:00,NAC811,21.350555419921875,-73.9751420454545,12192.0,332.76157203737813,234.91396780428212
2024-08-31 15:29:45+00:00,NAC811,21.35253389002913,-73.97623697916663,12192.0,332.76157203737813,234.91396780428212
2024-08-31 15:29:46+00:00,NAC811,21.3592529296875,-73.97988614169032,12192.0,332.76157203737813,234.91396780428212
2024-08-31 15:29:47+00:00,NAC811,21.36094665527344,-73.9808349609375,12192.0,332.8188889145228,235.3714826758732
2024-08-31 15:29:48+00:00,NAC811,21.361862182617188,-73.98133433948863,12192.0,332.8188889145228,235.3714826758732
2024-08-31 15:29:49+00:00,NAC811,21.36459091962394,-73.98284912109375,12192.0,332.8188889145228,235.3714826758732
2024-08-31 15:29:51+00:00,NAC811,21.365754725569385,-73.98345947265625,12192.0,332.8188889145228,235.3714826758732
2024-08-31 15:29:52+00:00,NAC811,21.370193481445312,-73.98587868430394,12192.0,332.8188889145228,235.3714826758732
2024-08-31 15:29:53+00:00,NAC811,21.371201337394066,-73.9864603678385,12192.0,332.8188889145228,235.3714826758732
2024-08-31 15:29:56+00:00,NAC811,21.3778117551642,-73.99007161458331,12192.0,332.8188889145228,235.3714826758732
2024-08-31 15:29:57+00:00,NAC811,21.379623413085938,-73.99107222123575,12192.0,332.8188889145228,235.3714826758732
2024-08-31 15:29:59+00:00,NAC811,21.38158248642744,-73.99215698242188,12192.0,332.8188889145228,235.3714826758732
2024-08-31 15:30:00+00:00,NAC811,21.383491128177965,-73.993174235026,12192.0,332.8188889145228,235.3714826758732
2024-08-31 15:30:02+00:00,NAC811,21.38731384277344,-73.99531693892044,12192.0,332.76157203737813,234.91396780428212
2024-08-31 15:30:03+00:00,NAC811,21.388379113148837,-73.99586995442706,12192.0,332.76157203737813,234.91396780428212
2024-08-31 15:30:04+00:00,NAC811,21.391172247417902,-73.99739583333331,12192.0,332.76157203737813,234.91396780428212
2024-08-31 15:30:06+00:00,NAC811,21.39573436672405,-73.9998881022135,12192.0,332.76157203737813,234.91396780428212
2024-08-31 15:30:07+00:00,NAC811,21.397410247285485,-74.00080362955725,12192.0,332.76157203737813,234.91396780428212
2024-08-31 15:30:08+00:00,NAC811,21.3984375,-74.00140935724431,12192.0,332.76157203737813,234.91396780428212
2024-08-31 15:30:09+00:00,NAC811,21.400436142743644,-74.00248209635413,12192.0,332.76157203737813,234.91396780428212
2024-08-31 15:30:12+00:00,NAC811,21.402603149414062,-74.00365656072444,12192.0,332.87324349035543,234.67895543316533
2024-08-31 15:30:13+00:00,NAC811,21.4034620382018,-74.00410970052081,12192.0,332.87324349035543,234.67895543316533
2024-08-31 15:30:14+00:00,NAC811,21.409744262695312,-74.00760165127838,12192.0,332.9304002061597,235.1369275777184
2024-08-31 15:30:15+00:00,NAC811,21.412582397460938,-74.00909978693181,12192.0,332.9304002061597,235.1369275777184
2024-08-31 15:30:16+00:00,NAC811,21.414459228515625,-74.01014848188919,12192.0,332.87324349035543,234.67895543316533
2024-08-31 15:30:17+00:00,NAC811,21.41719494835805,-74.01163736979163,12192.0,332.87324349035543,234.67895543316533
2024-08-31 15:30:18+00:00,NAC811,21.418212890625,-74.01219593394887,12192.0,332.87324349035543,234.67895543316533
2024-08-31 15:30:19+00:00,NAC811,21.42040705276748,-74.01341756184894,12192.0,332.76157203737813,234.91396780428212
2024-08-31 15:30:20+00:00,NAC811,21.422378540039062,-74.01449307528407,12192.0,332.76157203737813,234.91396780428212
2024-08-31 15:30:22+00:00,NAC811,21.4244384765625,-74.01564164595169,12192.0,332.76157203737813,234.91396780428212
2024-08-31 15:30:23+00:00,NAC811,21.428237915039062,-74.01768909801137,12192.0,332.76157203737813,234.91396780428212
2024-08-31 15:30:25+00:00,NAC811,21.430183022709212,-74.018809000651,12192.0,332.76157203737813,234.91396780428212
2024-08-31 15:30:27+00:00,NAC811,21.433953753972457,-74.02084350585938,12192.0,332.76157203737813,234.91396780428212
2024-08-31 15:30:29+00:00,NAC811,21.4390279478946,-74.02364095052081,12192.0,332.76157203737813,234.91396780428212
2024-08-31 15:30:30+00:00,NAC811,21.442153930664062,-74.02532958984375,12192.0,332.76157203737813,234.91396780428212
2024-08-31 15:30:32+00:00,NAC811,21.444148694054554,-74.02643839518225,12192.0,332.76157203737813,234.91396780428212
2024-08-31 15:30:33+00:00,NAC811,21.446090698242188,-74.02752685546875,12192.0,332.76157203737813,234.91396780428212
2024-08-31 15:30:35+00:00,NAC811,21.44996772378178,-74.02964274088538,12192.0,332.76157203737813,234.91396780428212
2024-08-31 15:30:36+00:00,NAC811,21.45201602224576,-74.03076171875,12192.0,332.76157203737813,234.91396780428212
2024-08-31 15:30:37+00:00,NAC811,21.453878111758478,-74.03182983398438,12192.0,332.76157203737813,234.91396780428212
2024-08-31 15:30:42+00:00,NAC811,21.46151733398437,-74.03601629083806,12192.0,332.76157203737813,234.91396780428212
2024-08-31 15:31:14+00:00,NAC811,21.520820229740465,-74.0685526529948,12199.62,332.8158633149315,234.2212177429114
2024-08-31 15:31:19+00:00,NAC811,21.530549647444385,-74.07389322916667,12199.62,332.8158633149315,234.2212177429114
2024-08-31 15:31:34+00:00,NAC811,21.554901123046875,-74.08730246803978,12192.0,332.646266178086,233.99964745774935
2024-08-31 15:32:11+00:00,NAC811,21.60503322795286,-74.11488850911459,12192.0,332.8158633149315,234.2212177429114
2024-08-31 15:32:13+00:00,NAC811,21.61983683957892,-74.12302652994792,12192.0,332.92791976200726,233.9866406440352
2024-08-31 15:33:00+00:00,NAC811,21.71054077148437,-74.1728959517045,12031.98,332.8097220787768,231.9206898655513
2024-08-31 15:33:01+00:00,NAC811,21.720748901367188,-74.17853892933238,12001.5,332.8097220787768,231.9206898655513
2024-08-31 15:33:04+00:00,NAC811,21.72816467285156,-74.18263383345169,11978.64,332.8097220787768,231.9206898655513
2024-08-31 15:33:13+00:00,NAC811,21.741943359375,-74.1902743252841,11932.92,332.58408395819174,232.39263922215315
2024-08-31 15:33:27+00:00,NAC811,21.77197265625,-74.20685369318183,11841.48,332.7004277886672,233.30645124447057
2024-08-31 15:33:29+00:00,NAC811,21.77572631835937,-74.20890114524148,11833.86,332.7004277886672,233.30645124447057
2024-08-31 15:33:30+00:00,NAC811,21.778626522775426,-74.21051025390625,11826.24,332.7004277886672,233.30645124447057
2024-08-31 15:33:31+00:00,NAC811,21.77974377648305,-74.21112060546875,11818.62,332.7004277886672,233.30645124447057
2024-08-31 15:33:32+00:00,NAC811,21.78141965704449,-74.21208699544269,11818.62,332.7004277886672,233.30645124447057
2024-08-31 15:33:33+00:00,NAC811,21.78355407714844,-74.21324573863637,11811.0,332.7004277886672,233.30645124447057
2024-08-31 15:33:34+00:00,NAC811,21.785516253972457,-74.21432495117188,11803.38,332.7004277886672,233.30645124447057
2024-08-31 15:33:37+00:00,NAC811,21.790776656845868,-74.21722412109375,11788.14,332.7004277886672,233.30645124447057
2024-08-31 15:33:39+00:00,NAC811,21.79431462692002,-74.21920776367188,11780.52,332.7004277886672,233.30645124447057
2024-08-31 15:33:44+00:00,NAC811,21.803741455078125,-74.22443181818181,11757.66,332.646266178086,233.99964745774935
2024-08-31 15:33:48+00:00,NAC811,21.811431884765625,-74.22872647372157,11734.8,332.5344999059207,234.23647124638592
2024-08-31 15:33:49+00:00,NAC811,21.813491821289062,-74.2298750443892,11727.18,332.5344999059207,234.23647124638592
2024-08-31 15:33:50+00:00,NAC811,21.815963745117188,-74.23122336647725,11719.56,332.5344999059207,234.23647124638592
2024-08-31 15:33:51+00:00,NAC811,21.816696166992188,-74.23162286931819,11719.56,332.5924245621816,234.6930515352553
2024-08-31 15:33:52+00:00,NAC811,21.818389892578125,-74.23257168856532,11719.56,332.5924245621816,234.6930515352553
2024-08-31 15:33:53+00:00,NAC811,21.820083618164062,-74.2335205078125,11711.94,332.5924245621816,234.6930515352553
2024-08-31 15:33:54+00:00,NAC811,21.821687342756885,-74.23441569010413,11711.94,332.5924245621816,234.6930515352553
2024-08-31 15:33:57+00:00,NAC811,21.82855224609375,-74.23816472833806,11696.7,332.5924245621816,234.6930515352553
2024-08-31 15:33:58+00:00,NAC811,21.83042907714844,-74.23921342329544,11689.08,332.5924245621816,234.6930515352553
2024-08-31 15:34:00+00:00,NAC811,21.83444265591896,-74.24148559570312,11681.46,332.76157203737813,234.91396780428212
2024-08-31 15:34:01+00:00,NAC811,21.83642578125,-74.24255925958806,11673.84,332.76157203737813,234.91396780428212
2024-08-31 15:34:02+00:00,NAC811,21.838958222987287,-74.24397786458331,11673.84,332.76157203737813,234.91396780428212
2024-08-31 15:34:03+00:00,NAC811,21.839996337890625,-74.2445068359375,11666.22,332.76157203737813,234.91396780428212
2024-08-31 15:34:04+00:00,NAC811,21.84179790949417,-74.24550374348956,11666.22,332.76157203737813,234.91396780428212
2024-08-31 15:34:06+00:00,NAC811,21.845489501953125,-74.24755304509944,11658.6,332.76157203737813,234.91396780428212
2024-08-31 15:34:07+00:00,NAC811,21.84649968551377,-74.24809773763019,11650.98,332.76157203737813,234.91396780428212
2024-08-31 15:34:08+00:00,NAC811,21.850021362304688,-74.25004993785512,11643.36,332.8188889145228,235.3714826758732
2024-08-31 15:34:09+00:00,NAC811,21.85093688964844,-74.25054931640625,11643.36,332.8188889145228,235.3714826758732
2024-08-31 15:34:11+00:00,NAC811,21.85395812988281,-74.252197265625,11635.74,332.8188889145228,235.3714826758732
2024-08-31 15:34:12+00:00,NAC811,21.856694625595868,-74.25374348958331,11628.12,332.8188889145228,235.3714826758732
2024-08-31 15:34:13+00:00,NAC811,21.859451293945312,-74.25524347478694,11620.5,332.8188889145228,235.3714826758732
2024-08-31 15:34:14+00:00,NAC811,21.861442953853285,-74.25633748372394,11620.5,332.7076000712251,235.6069275480814
2024-08-31 15:34:15+00:00,NAC811,21.863305043365997,-74.25735473632812,11612.88,332.7076000712251,235.6069275480814
2024-08-31 15:34:16+00:00,NAC811,21.86434936523437,-74.25794011896306,11612.88,332.7076000712251,235.6069275480814
2024-08-31 15:34:17+00:00,NAC811,21.866330938824152,-74.259033203125,11605.26,332.7076000712251,235.6069275480814
2024-08-31 15:34:18+00:00,NAC811,21.868148803710938,-74.26003750887782,11605.26,332.7648533006975,236.0642205023724
2024-08-31 15:34:19+00:00,NAC811,21.870287879038663,-74.26122029622394,11597.64,332.7648533006975,236.0642205023724
2024-08-31 15:34:20+00:00,NAC811,21.87286376953125,-74.26263427734375,11590.02,332.7648533006975,236.0642205023724
2024-08-31 15:34:21+00:00,NAC811,21.874663789393537,-74.26361083984375,11590.02,332.7648533006975,236.0642205023724
2024-08-31 15:34:22+00:00,NAC811,21.87652587890625,-74.26467895507812,11590.02,332.7648533006975,236.0642205023724
2024-08-31 15:34:23+00:00,NAC811,21.87835693359375,-74.26563054865056,11582.4,332.7648533006975,236.0642205023724
2024-08-31 15:34:24+00:00,NAC811,21.880416870117188,-74.26677911931819,11582.4,332.7648533006975,236.0642205023724
2024-08-31 15:34:25+00:00,NAC811,21.881274207163663,-74.26727294921875,11582.4,332.7648533006975,236.0642205023724
2024-08-31 15:34:26+00:00,NAC811,21.884300102621825,-74.26895141601562,11582.4,332.7648533006975,236.0642205023724
2024-08-31 15:34:27+00:00,NAC811,21.885231147378175,-74.26946004231769,11582.4,332.7648533006975,236.0642205023724
2024-08-31 15:34:28+00:00,NAC811,21.887008666992188,-74.27042458274144,11582.4,332.7648533006975,236.0642205023724
2024-08-31 15:34:29+00:00,NAC811,21.888748168945312,-74.27137340198863,11582.4,332.7648533006975,236.0642205023724
2024-08-31 15:34:30+00:00,NAC811,21.89072431144068,-74.2724609375,11574.78,332.7648533006975,236.0642205023724
2024-08-31 15:34:31+00:00,NAC811,21.89268493652344,-74.27357066761363,11582.4,332.7648533006975,236.0642205023724
2024-08-31 15:34:32+00:00,NAC811,21.89437866210937,-74.27451948686075,11582.4,332.7648533006975,236.0642205023724
2024-08-31 15:34:33+00:00,NAC811,21.89542608746028,-74.27510579427081,11582.4,332.7648533006975,236.0642205023724
2024-08-31 15:34:34+00:00,NAC811,21.898079565015887,-74.27652994791663,11582.4,332.7648533006975,236.0642205023724
2024-08-31 15:34:35+00:00,NAC811,21.90036062466896,-74.27780151367188,11582.4,332.7648533006975,236.0642205023724
2024-08-31 15:34:36+00:00,NAC811,21.90234375,-74.27886408025569,11582.4,332.7648533006975,236.0642205023724
2024-08-31 15:34:37+00:00,NAC811,21.904317564883478,-74.27998860677081,11582.4,332.7648533006975,236.0642205023724
2024-08-31 15:34:38+00:00,NAC811,21.90536499023437,-74.2805619673295,11582.4,332.7648533006975,236.0642205023724
2024-08-31 15:34:39+00:00,NAC811,21.90742492675781,-74.28171053799713,11582.4,332.7648533006975,236.0642205023724
2024-08-31 15:34:40+00:00,NAC811,21.91018314684852,-74.28319295247394,11582.4,332.7648533006975,236.0642205023724
2024-08-31 15:34:41+00:00,NAC811,21.91111419160487,-74.28375244140625,11582.4,332.7648533006975,236.0642205023724
2024-08-31 15:34:42+00:00,NAC811,21.9140625,-74.28535600142044,11582.4,332.7648533006975,236.0642205023724
2024-08-31 15:34:43+00:00,NAC811,21.91497802734375,-74.28585537997157,11582.4,332.7648533006975,236.0642205023724
2024-08-31 15:34:44+00:00,NAC811,21.91708374023437,-74.28700395063919,11582.4,332.7648533006975,236.0642205023724
2024-08-31 15:34:45+00:00,NAC811,21.918960571289062,-74.28805264559657,11582.4,332.7648533006975,236.0642205023724
2024-08-31 15:34:46+00:00,NAC811,21.921122922735695,-74.28924560546875,11582.4,332.7648533006975,236.0642205023724
2024-08-31 15:34:47+00:00,NAC811,21.923126220703125,-74.29034978693181,11582.4,332.7648533006975,236.0642205023724
2024-08-31 15:34:48+00:00,NAC811,21.92512641518803,-74.29143269856769,11582.4,332.7648533006975,236.0642205023724
2024-08-31 15:34:49+00:00,NAC811,21.926057459944385,-74.2919921875,11582.4,332.7648533006975,236.0642205023724
2024-08-31 15:34:50+00:00,NAC811,21.928985595703125,-74.29359574751419,11582.4,332.7648533006975,236.0642205023724
2024-08-31 15:34:51+00:00,NAC811,21.93104553222656,-74.29474431818181,11582.4,332.7648533006975,236.0642205023724
2024-08-31 15:34:52+00:00,NAC811,21.932109250860695,-74.2952982584635,11582.4,332.7648533006975,236.0642205023724
2024-08-31 15:34:53+00:00,NAC811,21.935028076171875,-74.29694158380681,11590.02,332.7648533006975,236.0642205023724
2024-08-31 15:34:54+00:00,NAC811,21.935806274414062,-74.29734108664769,11582.4,332.7648533006975,236.0642205023724
2024-08-31 15:34:55+00:00,NAC811,21.938719668630824,-74.2989603678385,11590.02,332.7648533006975,236.0642205023724
2024-08-31 15:34:56+00:00,NAC811,21.93965071338718,-74.29951985677081,11582.4,332.6539447026552,236.300095129602
2024-08-31 15:34:57+00:00,NAC811,21.94258117675781,-74.30113636363637,11582.4,332.6539447026552,236.300095129602
2024-08-31 15:34:58+00:00,NAC811,21.9443990416446,-74.30211385091144,11590.02,332.6539447026552,236.300095129602
2024-08-31 15:34:59+00:00,NAC811,21.946307683395126,-74.30318196614581,11590.02,332.6539447026552,236.300095129602
2024-08-31 15:35:00+00:00,NAC811,21.94798356395657,-74.30409749348956,11582.4,332.7648533006975,236.0642205023724
2024-08-31 15:35:01+00:00,NAC811,21.949892205707098,-74.30516560872394,11590.02,332.7648533006975,236.0642205023724
2024-08-31 15:35:02+00:00,NAC811,21.95063704151218,-74.30557250976562,11590.02,332.7648533006975,236.0642205023724
2024-08-31 15:35:04+00:00,NAC811,21.955199160818324,-74.30806477864581,11590.02,332.7648533006975,236.0642205023724
2024-08-31 15:35:05+00:00,NAC811,21.95706125033104,-74.30913289388019,11590.02,332.7648533006975,236.0642205023724
2024-08-31 15:35:06+00:00,NAC811,21.95887756347656,-74.31012517755681,11590.02,332.7648533006975,236.0642205023724
2024-08-31 15:35:07+00:00,NAC811,21.960983276367188,-74.31127374822444,11590.02,332.82188508559744,236.52174825879507
2024-08-31 15:35:08+00:00,NAC811,21.963043212890625,-74.312422318892,11590.02,332.82188508559744,236.52174825879507
2024-08-31 15:35:09+00:00,NAC811,21.96502168299788,-74.31350708007812,11590.02,332.82188508559744,236.52174825879507
2024-08-31 15:35:10+00:00,NAC811,21.966842651367188,-74.31446977095169,11590.02,332.82188508559744,236.52174825879507
2024-08-31 15:35:11+00:00,NAC811,21.968536376953125,-74.31541859019887,11590.02,332.82188508559744,236.52174825879507
2024-08-31 15:35:12+00:00,NAC811,21.969583802304022,-74.31599934895831,11590.02,332.82188508559744,236.52174825879507
2024-08-31 15:35:13+00:00,NAC811,21.97137451171875,-74.3170166015625,11582.4,332.82188508559744,236.52174825879507
2024-08-31 15:35:14+00:00,NAC811,21.97414592161017,-74.3184916178385,11582.4,332.82188508559744,236.52174825879507
2024-08-31 15:35:15+00:00,NAC811,21.97582180217161,-74.3194580078125,11582.4,332.82188508559744,236.52174825879507
2024-08-31 15:35:16+00:00,NAC811,21.977828979492188,-74.32056218927556,11582.4,332.82188508559744,236.52174825879507
2024-08-31 15:35:17+00:00,NAC811,21.97963908567267,-74.321543375651,11582.4,332.82188508559744,236.52174825879507
2024-08-31 15:35:18+00:00,NAC811,21.98066711425781,-74.32211026278407,11582.4,332.82188508559744,236.52174825879507
2024-08-31 15:35:19+00:00,NAC811,21.9815477274232,-74.32261149088538,11582.4,332.82188508559744,236.52174825879507
2024-08-31 15:35:21+00:00,NAC811,21.986668473583155,-74.32540893554688,11582.4,332.82188508559744,236.52174825879507
2024-08-31 15:35:22+00:00,NAC811,21.988530563095868,-74.32647705078125,11582.4,332.82188508559744,236.52174825879507
2024-08-31 15:35:25+00:00,NAC811,21.995187533103813,-74.33013916015625,11582.4,332.82188508559744,236.52174825879507
2024-08-31 15:35:26+00:00,NAC811,21.99604797363281,-74.33059969815338,11582.4,332.7111339447892,236.75716706419487
2024-08-31 15:35:27+00:00,NAC811,21.99858584646451,-74.33202107747394,11582.4,332.7111339447892,236.75716706419487
2024-08-31 15:35:29+00:00,NAC811,22.002456665039062,-74.33414528586644,11582.4,332.7111339447892,236.75716706419487
2024-08-31 15:35:31+00:00,NAC811,22.006360070180083,-74.33629353841144,11582.4,332.7111339447892,236.75716706419487
2024-08-31 15:35:34+00:00,NAC811,22.008454920881885,-74.33746337890625,11582.4,332.7111339447892,236.75716706419487
2024-08-31 15:35:35+00:00,NAC811,22.01413429389565,-74.34061686197913,11582.4,332.7111339447892,236.75716706419487
2024-08-31 15:35:36+00:00,NAC811,22.015182495117188,-74.3411865234375,11582.4,332.7111339447892,236.75716706419487
2024-08-31 15:35:37+00:00,NAC811,22.017951577396715,-74.34270222981769,11582.4,332.7111339447892,236.75716706419487
2024-08-31 15:35:38+00:00,NAC811,22.019813666909428,-74.34377034505206,11582.4,332.7111339447892,236.75716706419487
2024-08-31 15:35:39+00:00,NAC811,22.02085876464844,-74.34433260830963,11582.4,332.7111339447892,236.75716706419487
2024-08-31 15:35:40+00:00,NAC811,22.022003173828125,-74.344931862571,11582.4,332.7111339447892,236.75716706419487
2024-08-31 15:35:41+00:00,NAC811,22.023696899414062,-74.34588068181819,11582.4,332.7111339447892,236.75716706419487
2024-08-31 15:35:44+00:00,NAC811,22.031405174126057,-74.35017903645831,11582.4,332.7111339447892,236.75716706419487
2024-08-31 15:35:45+00:00,NAC811,22.032150009931144,-74.3505859375,11590.02,332.7111339447892,236.75716706419487
2024-08-31 15:35:46+00:00,NAC811,22.034244860632946,-74.35175577799475,11590.02,332.7111339447892,236.75716706419487
2024-08-31 15:35:47+00:00,NAC811,22.035967293432204,-74.3526713053385,11590.02,332.7111339447892,236.75716706419487
2024-08-31 15:35:49+00:00,NAC811,22.038620770987816,-74.35414632161456,11590.02,332.7111339447892,236.75716706419487
2024-08-31 15:35:50+00:00,NAC811,22.039627075195312,-74.35471968217325,11590.02,332.7111339447892,236.75716706419487
2024-08-31 15:35:51+00:00,NAC811,22.04257771120233,-74.35638427734375,11590.02,332.7111339447892,236.75716706419487
2024-08-31 15:35:52+00:00,NAC811,22.04448635295286,-74.35740152994788,11590.02,332.6006032473752,236.9934687251689
2024-08-31 15:35:53+00:00,NAC811,22.046394994703387,-74.35846964518225,11590.02,332.6006032473752,236.9934687251689
2024-08-31 15:35:54+00:00,NAC811,22.04848984540519,-74.35963948567706,11590.02,332.6006032473752,236.9934687251689
2024-08-31 15:35:55+00:00,NAC811,22.051329531912074,-74.3612162272135,11590.02,332.6006032473752,236.9934687251689
2024-08-31 15:35:56+00:00,NAC811,22.05416921841896,-74.36279296875,11590.02,332.6006032473752,236.9934687251689
2024-08-31 15:35:58+00:00,NAC811,22.057846069335938,-74.36485706676137,11582.4,332.6006032473752,236.9934687251689
2024-08-31 15:36:00+00:00,NAC811,22.06022100933528,-74.36614990234375,11582.4,332.6006032473752,236.9934687251689
2024-08-31 15:36:01+00:00,NAC811,22.06201171875,-74.36715420809657,11582.4,332.6006032473752,236.9934687251689
2024-08-31 15:36:03+00:00,NAC811,22.06640625,-74.36960116299713,11582.4,332.6006032473752,236.9934687251689
2024-08-31 15:36:04+00:00,NAC811,22.06855385990466,-74.37082926432288,11582.4,332.6006032473752,236.9934687251689
2024-08-31 15:36:05+00:00,NAC811,22.06942749023437,-74.371299050071,11582.4,332.6006032473752,236.9934687251689
2024-08-31 15:36:06+00:00,NAC811,22.07237114340572,-74.37291463216144,11582.4,332.6006032473752,236.9934687251689
2024-08-31 15:36:07+00:00,NAC811,22.074371337890625,-74.37399569424713,11582.4,332.6006032473752,236.9934687251689
2024-08-31 15:36:08+00:00,NAC811,22.07528686523437,-74.37454501065338,11582.4,332.6006032473752,236.9934687251689
2024-08-31 15:36:09+00:00,NAC811,22.07823672537076,-74.37616984049475,11582.4,332.6006032473752,236.9934687251689
2024-08-31 15:36:10+00:00,NAC811,22.080230712890625,-74.37729159268463,11582.4,332.6006032473752,236.9934687251689
2024-08-31 15:36:11+00:00,NAC811,22.08192443847656,-74.37824041193181,11582.4,332.6006032473752,236.9934687251689
2024-08-31 15:36:13+00:00,NAC811,22.08563853118379,-74.38028971354163,11582.4,332.6006032473752,236.9934687251689
2024-08-31 15:36:15+00:00,NAC811,22.090484619140625,-74.38298450816762,11582.4,332.6006032473752,236.9934687251689
2024-08-31 15:36:16+00:00,NAC811,22.091317904197563,-74.38344319661456,11582.4,332.6006032473752,236.9934687251689
2024-08-31 15:36:17+00:00,NAC811,22.093971381753175,-74.38491821289062,11582.4,332.6006032473752,236.9934687251689
2024-08-31 15:36:18+00:00,NAC811,22.095016479492188,-74.38548140092325,11582.4,332.6006032473752,236.9934687251689
2024-08-31 15:36:19+00:00,NAC811,22.096160888671875,-74.38613059303975,11582.4,332.6006032473752,236.9934687251689
2024-08-31 15:36:21+00:00,NAC811,22.100738525390625,-74.38867742365056,11582.4,332.6006032473752,236.9934687251689
2024-08-31 15:36:22+00:00,NAC811,22.10253699351165,-74.3896484375,11582.4,332.6006032473752,236.9934687251689
2024-08-31 15:36:23+00:00,NAC811,22.104537963867188,-74.39077481356532,11582.4,332.6006032473752,236.9934687251689
2024-08-31 15:36:24+00:00,NAC811,22.106414794921875,-74.39182350852269,11590.02,332.6006032473752,236.9934687251689
2024-08-31 15:36:26+00:00,NAC811,22.110397338867188,-74.39402077414769,11590.02,332.6006032473752,236.9934687251689
2024-08-31 15:36:27+00:00,NAC811,22.11124226198358,-74.39453125,11582.4,332.6006032473752,236.9934687251689
2024-08-31 15:36:28+00:00,NAC811,22.11419677734375,-74.3961181640625,11590.02,332.6006032473752,236.9934687251689
2024-08-31 15:36:33+00:00,NAC811,22.12148375430349,-74.40022786458331,11590.02,332.6006032473752,236.9934687251689
2024-08-31 15:36:34+00:00,NAC811,22.12559509277344,-74.40246027166194,11582.4,332.6006032473752,236.9934687251689
2024-08-31 15:36:35+00:00,NAC811,22.127471923828125,-74.40350896661931,11582.4,332.6006032473752,236.9934687251689
2024-08-31 15:36:37+00:00,NAC811,22.12921142578125,-74.40445778586644,11582.4,332.6006032473752,236.9934687251689
2024-08-31 15:36:41+00:00,NAC811,22.1311666197696,-74.40556844075519,11582.4,332.6006032473752,236.9934687251689
2024-08-31 15:36:42+00:00,NAC811,22.139732231528072,-74.41029866536456,11582.4,332.6577281720438,237.45032053389608
2024-08-31 15:36:43+00:00,NAC811,22.142486572265625,-74.41184858842325,11582.4,332.6577281720438,237.45032053389608
2024-08-31 15:36:44+00:00,NAC811,22.143630981445312,-74.41244784268463,11582.4,332.6577281720438,237.45032053389608
2024-08-31 15:36:45+00:00,NAC811,22.146575410487287,-74.41411336263019,11582.4,332.6577281720438,237.45032053389608
2024-08-31 15:36:46+00:00,NAC811,22.14867026118909,-74.415283203125,11582.4,332.6577281720438,237.45032053389608
2024-08-31 15:36:47+00:00,NAC811,22.149787514896715,-74.4158935546875,11582.4,332.6577281720438,237.45032053389608
2024-08-31 15:36:51+00:00,NAC811,22.150765111890887,-74.41640218098956,11590.02,332.6577281720438,237.45032053389608
2024-08-31 15:36:52+00:00,NAC811,22.16044797735699,-74.42179361979163,11590.02,332.6577281720438,237.45032053389608
2024-08-31 15:36:53+00:00,NAC811,22.16235661910752,-74.422861735026,11590.02,332.6577281720438,237.45032053389608
2024-08-31 15:36:54+00:00,NAC811,22.16450500488281,-74.42408336292613,11590.02,332.6577281720438,237.45032053389608
2024-08-31 15:36:56+00:00,NAC811,22.166499768273304,-74.42520141601562,11590.02,332.6577281720438,237.45032053389608
2024-08-31 15:36:57+00:00,NAC811,22.169448852539062,-74.42682994495738,11590.02,332.6577281720438,237.45032053389608
2024-08-31 15:36:58+00:00,NAC811,22.170503260725635,-74.42738850911456,11590.02,332.6577281720438,237.45032053389608
2024-08-31 15:37:00+00:00,NAC811,22.172411902476163,-74.42845662434894,11590.02,332.6577281720438,237.45032053389608
2024-08-31 15:37:01+00:00,NAC811,22.175537109375,-74.43022571910512,11590.02,332.6577281720438,237.45032053389608
2024-08-31 15:37:02+00:00,NAC811,22.17925508143538,-74.43227132161456,11582.4,332.6577281720438,237.45032053389608
2024-08-31 15:37:03+00:00,NAC811,22.1802978515625,-74.432822487571,11582.4,332.6577281720438,237.45032053389608
2024-08-31 15:37:04+00:00,NAC811,22.182174682617188,-74.4339211203835,11582.4,332.6577281720438,237.45032053389608
2024-08-31 15:37:06+00:00,NAC811,22.1860982603946,-74.43608601888019,11582.4,332.6577281720438,237.45032053389608
2024-08-31 15:37:07+00:00,NAC811,22.187896728515625,-74.43706720525569,11582.4,332.6577281720438,237.45032053389608
2024-08-31 15:37:09+00:00,NAC811,22.189041137695312,-74.43771639737213,11582.4,332.6577281720438,237.45032053389608
2024-08-31 15:37:10+00:00,NAC811,22.193435668945312,-74.44011341441762,11582.4,332.6577281720438,237.45032053389608
2024-08-31 15:37:11+00:00,NAC811,22.19512939453125,-74.44106223366475,11582.4,332.6577281720438,237.45032053389608
2024-08-31 15:37:14+00:00,NAC811,22.201583862304688,-74.44465775923294,11582.4,332.7146336470541,237.90740747225723
2024-08-31 15:37:15+00:00,NAC811,22.202438095868644,-74.44513956705725,11582.4,332.7146336470541,237.90740747225723
2024-08-31 15:37:16+00:00,NAC811,22.20453294657045,-74.44630940755206,11582.4,332.7146336470541,237.90740747225723
2024-08-31 15:37:17+00:00,NAC811,22.206627797272244,-74.44747924804688,11582.4,332.7146336470541,237.90740747225723
2024-08-31 15:37:23+00:00,NAC811,22.212167513572563,-74.45053100585938,11582.4,332.54757305023264,237.6870465318478
2024-08-31 15:37:24+00:00,NAC811,22.220443725585938,-74.45514470880681,11582.4,332.54757305023264,237.6870465318478
2024-08-31 15:37:26+00:00,NAC811,22.22520446777344,-74.45779141512782,11582.4,332.604633336664,238.1436791047653
2024-08-31 15:37:29+00:00,NAC811,22.22929873708951,-74.4600931803385,11582.4,332.604633336664,238.1436791047653
2024-08-31 15:37:30+00:00,NAC811,22.23129272460937,-74.46118718927556,11582.4,332.7146336470541,237.90740747225723
2024-08-31 15:37:31+00:00,NAC811,22.234130859375,-74.46278520063919,11582.4,332.7146336470541,237.90740747225723
2024-08-31 15:37:32+00:00,NAC811,22.2350246623411,-74.46324666341144,11582.4,332.7146336470541,237.90740747225723
2024-08-31 15:37:33+00:00,NAC811,22.237864348847985,-74.46482340494788,11582.4,332.7146336470541,237.90740747225723
2024-08-31 15:37:34+00:00,NAC811,22.23977299059852,-74.46589152018225,11582.4,332.7146336470541,237.90740747225723
2024-08-31 15:37:35+00:00,NAC811,22.24140930175781,-74.46678022904825,11582.4,332.7146336470541,237.90740747225723
2024-08-31 15:37:40+00:00,NAC811,22.248275756835938,-74.47057550603694,11582.4,332.604633336664,238.1436791047653
2024-08-31 15:37:41+00:00,NAC811,22.25225830078125,-74.472822709517,11582.4,332.604633336664,238.1436791047653
2024-08-31 15:37:43+00:00,NAC811,22.2568359375,-74.47536954012782,11582.4,332.604633336664,238.1436791047653
2024-08-31 15:37:44+00:00,NAC811,22.257980346679688,-74.47601873224431,11582.4,332.604633336664,238.1436791047653
2024-08-31 15:37:45+00:00,NAC811,22.260086059570312,-74.47716730291194,11582.4,332.604633336664,238.1436791047653
2024-08-31 15:37:49+00:00,NAC811,22.263702392578125,-74.47916481711644,11582.4,332.604633336664,238.1436791047653
2024-08-31 15:37:50+00:00,NAC811,22.269790649414062,-74.48256059126419,11582.4,332.604633336664,238.1436791047653
2024-08-31 15:37:51+00:00,NAC811,22.27180093021716,-74.48369344075519,11582.4,332.7713208229088,238.3647281876024
2024-08-31 15:37:57+00:00,NAC811,22.280785512115997,-74.48867797851562,11582.4,332.6614751633555,238.6005469636069
2024-08-31 15:38:01+00:00,NAC811,22.28851318359375,-74.49294766512782,11582.4,332.604633336664,238.1436791047653
2024-08-31 15:38:07+00:00,NAC811,22.30279541015625,-74.500937721946,11582.4,332.604633336664,238.1436791047653
2024-08-31 15:38:09+00:00,NAC811,22.30357360839844,-74.50133722478694,11590.02,332.604633336664,238.1436791047653
2024-08-31 15:38:11+00:00,NAC811,22.31158447265625,-74.505781693892,11582.4,332.604633336664,238.1436791047653
2024-08-31 15:38:13+00:00,NAC811,22.314535884533896,-74.5074462890625,11590.02,332.604633336664,238.1436791047653
2024-08-31 15:38:15+00:00,NAC811,22.3165283203125,-74.50857821377838,11590.02,332.604633336664,238.1436791047653
2024-08-31 15:38:17+00:00,NAC811,22.318539376986227,-74.50968424479163,11590.02,332.6614751633555,238.6005469636069
2024-08-31 15:38:21+00:00,NAC811,22.319470421742583,-74.51019287109375,11590.02,332.6614751633555,238.6005469636069
2024-08-31 15:38:22+00:00,NAC811,22.329013630495236,-74.51553344726562,11590.02,332.6614751633555,238.6005469636069
2024-08-31 15:38:23+00:00,NAC811,22.332733154296875,-74.51756702769887,11590.02,332.6614751633555,238.6005469636069
2024-08-31 15:38:24+00:00,NAC811,22.333808510990465,-74.51817830403644,11590.02,332.6614751633555,238.6005469636069
2024-08-31 15:38:32+00:00,NAC811,22.335617065429688,-74.5191650390625,11590.02,332.5518468214353,238.83724099054035
2024-08-31 15:38:33+00:00,NAC811,22.34218791379767,-74.52285766601562,11590.02,332.5518468214353,238.83724099054035
2024-08-31 15:38:42+00:00,NAC811,22.34687805175781,-74.52545720880681,11582.4,332.5518468214353,238.83724099054035
2024-08-31 15:38:50+00:00,NAC811,22.35080007779396,-74.52763875325519,11582.4,332.5518468214353,238.83724099054035
2024-08-31 15:38:51+00:00,NAC811,22.360427856445312,-74.53299782492894,11582.4,332.5518468214353,238.83724099054035
2024-08-31 15:38:52+00:00,NAC811,22.389205673993644,-74.54905192057288,11590.02,332.5518468214353,238.83724099054035
2024-08-31 15:38:53+00:00,NAC811,22.39027404785156,-74.54962713068181,11590.02,332.5518468214353,238.83724099054035
2024-08-31 15:38:54+00:00,NAC811,22.3912353515625,-74.55017644708806,11582.4,332.5518468214353,238.83724099054035
2024-08-31 15:39:00+00:00,NAC811,22.39916785288665,-74.55459594726562,11582.4,332.5518468214353,238.83724099054035
2024-08-31 15:39:01+00:00,NAC811,22.401168823242188,-74.55571954900569,11582.4,332.5518468214353,238.83724099054035
2024-08-31 15:39:02+00:00,NAC811,22.4051513671875,-74.55791681463069,11582.4,332.5518468214353,238.83724099054035
2024-08-31 15:39:06+00:00,NAC811,22.415313720703125,-74.56360973011363,11582.4,332.5518468214353,238.83724099054035
2024-08-31 15:39:09+00:00,NAC811,22.42132671808792,-74.56695556640625,11582.4,332.5518468214353,238.83724099054035
2024-08-31 15:39:10+00:00,NAC811,22.423324584960938,-74.56805419921875,11582.4,332.5518468214353,238.83724099054035
2024-08-31 15:40:01+00:00,NAC811,22.51894676079184,-74.62137858072913,11582.4,332.6086246831928,239.2938906512464
2024-08-31 15:40:03+00:00,NAC811,22.5206691935911,-74.62234497070312,11582.4,332.6086246831928,239.2938906512464
2024-08-31 15:40:04+00:00,NAC811,22.526138305664062,-74.62538285688919,11582.4,332.6086246831928,239.2938906512464
2024-08-31 15:40:05+00:00,NAC811,22.52793134269068,-74.62641398111975,11582.4,332.6086246831928,239.2938906512464
2024-08-31 15:40:09+00:00,NAC811,22.535798670881885,-74.63078816731769,11582.4,332.6086246831928,239.2938906512464
2024-08-31 15:40:12+00:00,NAC811,22.539802163334212,-74.63302612304688,11582.4,332.6086246831928,239.2938906512464
2024-08-31 15:40:13+00:00,NAC811,22.54366599907309,-74.63516235351562,11582.4,332.6086246831928,239.2938906512464
2024-08-31 15:48:11+00:00,,23.461117501986227,-75.15172322591144,11582.4,332.40025161104643,242.0692722649638
2024-08-31 15:48:12+00:00,,23.465103149414062,-75.153975053267,11582.4,332.40025161104643,242.0692722649638
2024-08-31 15:48:13+00:00,,23.46693653171345,-75.155029296875,11582.4,332.40025161104643,242.0692722649638
2024-08-31 15:48:16+00:00,,23.470687866210938,-75.15717107599431,11582.4,332.40025161104643,242.0692722649638
2024-08-31 15:48:31+00:00,,23.501897262314618,-75.17486572265625,11582.4,332.40025161104643,242.0692722649638
2024-08-31 15:48:37+00:00,,23.513302560579977,-75.18137613932288,11582.4,332.40025161104643,242.0692722649638
2024-08-31 15:48:39+00:00,,23.517166396318856,-75.18356323242188,11582.4,332.2924493998777,242.30803902021407
2024-08-31 15:48:41+00:00,,23.519210815429688,-75.184736772017,11582.4,332.40025161104643,242.0692722649638
2024-08-31 15:48:47+00:00,,23.533040709414724,-75.19256591796875,11582.4,332.40025161104643,242.0692722649638
2024-08-31 15:48:48+00:00,,23.53397175417108,-75.193125406901,11582.4,332.40025161104643,242.0692722649638
2024-08-31 15:49:06+00:00,,23.569770425052965,-75.21338696749706,11582.4,332.40025161104643,242.0692722649638
2024-08-31 15:49:11+00:00,,23.578353881835938,-75.21830240885413,11590.02,332.3437325976594,241.61348665755165
2024-08-31 15:50:44+00:00,NAC811,23.758712768554688,-75.3209940592448,11582.4,332.39531144555417,240.91912897553965
2024-08-31 15:50:46+00:00,NAC811,23.76214599609375,-75.32297770182292,11582.4,332.2814983718166,240.00783727304295
2024-08-31 15:50:50+00:00,NAC811,23.768280029296875,-75.32643636067709,11582.4,332.2814983718166,240.00783727304295
2024-08-31 15:50:53+00:00,NAC811,23.771993346133478,-75.32858794590209,11582.4,332.2814983718166,240.00783727304295
2024-08-31 15:51:02+00:00,NAC811,23.789962509931144,-75.33884876179246,11582.4,332.2242672271676,239.5525485847443
2024-08-31 15:51:08+00:00,NAC811,23.802291870117188,-75.34586588541663,11582.4,332.2242672271676,239.5525485847443
2024-08-31 15:51:09+00:00,NAC811,23.80602303197828,-75.34796948702831,11582.4,332.3332427077156,239.31324439953252
2024-08-31 15:52:26+00:00,NAC811,23.953353881835938,-75.43228149414062,11582.4,332.2759437640286,238.8577397348712
2024-08-31 15:52:28+00:00,NAC811,23.957107543945312,-75.43446858723959,11582.4,332.2759437640286,238.8577397348712
2024-08-31 15:52:32+00:00,NAC811,23.9644775390625,-75.43869018554688,11582.4,332.3225492066242,237.0130103188586
2024-08-31 15:52:33+00:00,NAC811,23.966217041015625,-75.43965657552081,11582.4,332.3225492066242,237.0130103188586
2024-08-31 15:52:34+00:00,NAC811,23.9679782673464,-75.44067958615858,11582.4,332.3225492066242,237.0130103188586
2024-08-31 15:52:35+00:00,NAC811,23.969970703125,-75.44179280598956,11582.4,332.3225492066242,237.0130103188586
2024-08-31 15:52:36+00:00,NAC811,23.971893310546875,-75.44286092122394,11582.4,332.3225492066242,237.0130103188586
2024-08-31 15:52:38+00:00,NAC811,23.975830078125,-75.44514973958331,11582.4,332.3225492066242,237.0130103188586
2024-08-31 15:53:01+00:00,NAC811,24.017649505097985,-75.4690263856132,11582.4,332.3225492066242,237.0130103188586
2024-08-31 15:53:02+00:00,NAC811,24.01963806152344,-75.47017415364581,11582.4,332.3225492066242,237.0130103188586
2024-08-31 15:53:03+00:00,NAC811,24.02133178710937,-75.47114054361975,11582.4,332.20657258804147,236.102334973998
2024-08-31 15:53:04+00:00,NAC811,24.02362060546875,-75.472412109375,11582.4,332.20657258804147,236.102334973998
2024-08-31 15:53:05+00:00,NAC811,24.026168564618644,-75.47389768204596,11582.4,332.20657258804147,236.102334973998
2024-08-31 15:53:06+00:00,NAC811,24.027740478515625,-75.47480265299475,11582.4,332.20657258804147,236.102334973998
2024-08-31 15:53:07+00:00,NAC811,24.030311713784428,-75.47628150795987,11582.4,332.20657258804147,236.102334973998
2024-08-31 15:53:08+00:00,NAC811,24.031906127929688,-75.47719319661456,11582.4,332.20657258804147,236.102334973998
2024-08-31 15:53:09+00:00,NAC811,24.033416748046875,-75.47805786132812,11582.4,332.20657258804147,236.102334973998
2024-08-31 15:53:39+00:00,NAC811,24.090087890625,-75.51055908203125,11582.4,332.20657258804147,236.102334973998
2024-08-31 15:53:40+00:00,NAC811,24.091232299804688,-75.51116943359375,11582.4,332.2005588902244,234.95226887249368
2024-08-31 15:53:41+00:00,NAC811,24.094207763671875,-75.51289876302084,11582.4,332.2005588902244,234.95226887249368
2024-08-31 15:53:43+00:00,NAC811,24.096741757150426,-75.51437090028008,11582.4,332.2005588902244,234.95226887249368
2024-08-31 15:53:44+00:00,NAC811,24.09869384765625,-75.51549275716144,11582.4,332.2005588902244,234.95226887249368
2024-08-31 15:53:53+00:00,NAC811,24.11590576171875,-75.52536010742188,11582.4,332.1419368412488,234.49732189647668
2024-08-31 15:53:54+00:00,NAC811,24.117965698242188,-75.52652994791667,11582.4,332.1419368412488,234.49732189647668
2024-08-31 15:53:55+00:00,NAC811,24.119659423828125,-75.52749633789062,11582.4,332.1419368412488,234.49732189647668
2024-08-31 15:53:56+00:00,NAC811,24.121600652145126,-75.52862203346109,11582.4,332.2531799223549,234.257372582459
2024-08-31 15:53:57+00:00,NAC811,24.1243937864142,-75.53022852483787,11582.4,332.2531799223549,234.257372582459
2024-08-31 15:53:58+00:00,NAC811,24.12532483117055,-75.53079857016508,11582.4,332.31164610884656,234.71278465594872
2024-08-31 15:53:59+00:00,NAC811,24.12741968187235,-75.53193866081955,11582.4,332.31164610884656,234.71278465594872
2024-08-31 15:54:00+00:00,NAC811,24.129364013671875,-75.5330912272135,11582.4,332.31164610884656,234.71278465594872
2024-08-31 15:54:01+00:00,NAC811,24.13151627880032,-75.53432248673346,11582.4,332.31164610884656,234.71278465594872
2024-08-31 15:54:02+00:00,NAC811,24.13252258300781,-75.534922281901,11582.4,332.2531799223549,234.257372582459
2024-08-31 15:54:03+00:00,NAC811,24.13542666677701,-75.53660266804246,11582.4,332.2531799223549,234.257372582459
2024-08-31 15:54:08+00:00,NAC811,24.143293994968214,-75.5411112083579,11582.4,332.1419368412488,234.49732189647668
2024-08-31 15:54:10+00:00,NAC811,24.147857666015625,-75.54372151692706,11582.4,332.1419368412488,234.49732189647668
2024-08-31 15:54:11+00:00,NAC811,24.149734497070312,-75.54478963216144,11582.4,332.1419368412488,234.49732189647668
2024-08-31 15:54:13+00:00,NAC811,24.152755737304688,-75.5465189615885,11582.4,332.1419368412488,234.49732189647668
2024-08-31 15:54:16+00:00,NAC811,24.157974243164062,-75.54951985677081,11582.4,332.1419368412488,234.49732189647668
2024-08-31 15:54:18+00:00,NAC811,24.16331145722987,-75.55261575950766,11582.4,332.1419368412488,234.49732189647668
2024-08-31 15:54:19+00:00,NAC811,24.165173546742583,-75.55370402785968,11582.4,332.1419368412488,234.49732189647668
2024-08-31 15:54:20+00:00,NAC811,24.167035636255296,-75.55474047390919,11582.4,332.1419368412488,234.49732189647668
2024-08-31 15:54:21+00:00,NAC811,24.1688232421875,-75.55577596028644,11582.4,332.1419368412488,234.49732189647668
2024-08-31 15:54:22+00:00,NAC811,24.17075981528072,-75.55691701061318,11574.78,332.1419368412488,234.49732189647668
2024-08-31 15:54:41+00:00,NAC811,24.206130981445312,-75.57723999023438,11574.78,332.1944860300724,233.8022053847708
2024-08-31 15:54:58+00:00,NAC811,24.237579345703125,-75.59529622395834,11490.96,332.1355632230587,233.3472844958482
2024-08-31 15:55:11+00:00,NAC811,24.26246772378178,-75.60956846992923,11414.76,332.1355632230587,233.3472844958482
2024-08-31 15:55:12+00:00,NAC811,24.264404296875,-75.61070760091144,11407.14,332.1944860300724,233.8022053847708
2024-08-31 15:55:14+00:00,NAC811,24.266830444335938,-75.61208089192706,11399.52,332.1944860300724,233.8022053847708
2024-08-31 15:55:15+00:00,NAC811,24.26768157441737,-75.61257416347286,11399.52,332.1944860300724,233.8022053847708
2024-08-31 15:55:16+00:00,NAC811,24.27095031738281,-75.61442057291663,11384.28,332.1944860300724,233.8022053847708
2024-08-31 15:55:17+00:00,NAC811,24.27326784295551,-75.61578714622641,11376.66,332.1944860300724,233.8022053847708
2024-08-31 15:55:18+00:00,NAC811,24.27550235037076,-75.6170827037883,11376.66,332.1944860300724,233.8022053847708
2024-08-31 15:55:19+00:00,NAC811,24.277364439883478,-75.61811914983787,11369.04,332.1944860300724,233.8022053847708
2024-08-31 15:55:21+00:00,NAC811,24.280242919921875,-75.61981201171875,11361.42,332.1944860300724,233.8022053847708
2024-08-31 15:55:22+00:00,NAC811,24.283218383789062,-75.62154134114581,11353.8,332.1944860300724,233.8022053847708
2024-08-31 15:55:23+00:00,NAC811,24.2841796875,-75.62204996744788,11346.18,332.0830869473628,234.04262135381524
2024-08-31 15:55:24+00:00,NAC811,24.2852783203125,-75.62271118164062,11346.18,332.0830869473628,234.04262135381524
2024-08-31 15:55:25+00:00,NAC811,24.28797835010593,-75.62428600383254,11338.56,332.0830869473628,234.04262135381524
2024-08-31 15:55:49+00:00,NAC811,24.332808155124468,-75.65009351046581,11170.92,332.0962453457336,236.34265073844225
2024-08-31 16:32:10+00:00,,26.819366455078125,-79.3318089899027,5486.400000000001,288.7307935922032,189.0383961182908
2024-08-31 16:32:11+00:00,NAC811,26.81991577148437,-79.33357094818689,5486.400000000001,288.7307935922032,189.0383961182908
2024-08-31 16:32:12+00:00,NAC811,26.820466639631885,-79.33549734262317,5486.400000000001,288.7307935922032,189.0383961182908
2024-08-31 16:32:13+00:00,NAC811,26.82097871424788,-79.33708190917969,5486.400000000001,288.5829996032664,188.87382518265693
2024-08-31 16:32:14+00:00,NAC811,26.821563720703125,-79.33896046764443,5486.400000000001,288.5829996032664,188.87382518265693
2024-08-31 16:32:15+00:00,NAC811,26.82204941571769,-79.34067359337439,5486.400000000001,288.5829996032664,188.87382518265693
2024-08-31 16:32:16+00:00,NAC811,26.82257080078125,-79.3423807396079,5486.400000000001,288.5829996032664,188.87382518265693
2024-08-31 16:32:17+00:00,NAC811,26.8231201171875,-79.34419452019455,5486.400000000001,288.5829996032664,188.87382518265693
2024-08-31 16:32:18+00:00,NAC811,26.82366943359375,-79.34600830078125,5486.400000000001,288.5829996032664,188.87382518265693
2024-08-31 16:32:19+00:00,NAC811,26.82421875,-79.3478220813679,5486.400000000001,288.5829996032664,188.87382518265693
2024-08-31 16:32:20+00:00,NAC811,26.82476806640625,-79.34958403965209,5486.400000000001,288.7307935922032,189.0383961182908
2024-08-31 16:32:21+00:00,NAC811,26.82540117684057,-79.35165992149939,5486.400000000001,288.7307935922032,189.0383961182908
2024-08-31 16:32:22+00:00,NAC811,26.825958251953125,-79.35357435694277,5486.400000000001,288.7307935922032,189.0383961182908
2024-08-31 16:32:23+00:00,NAC811,26.82655334472656,-79.35554360443689,5486.400000000001,288.7307935922032,189.0383961182908
2024-08-31 16:32:24+00:00,NAC811,26.827194213867188,-79.357512851931,5486.400000000001,288.87832949560965,189.20422268036475
2024-08-31 16:32:25+00:00,NAC811,26.82769775390625,-79.35911934330778,5486.400000000001,288.87832949560965,189.20422268036475
2024-08-31 16:32:26+00:00,NAC811,26.82797241210937,-79.36005214475233,5486.400000000001,288.87832949560965,189.20422268036475
2024-08-31 16:32:27+00:00,NAC811,26.82879949020127,-79.36285752516523,5486.400000000001,288.87832949560965,189.20422268036475
2024-08-31 16:32:28+00:00,NAC811,26.829358117055083,-79.36465336726263,5486.400000000001,288.87832949560965,189.20422268036475
2024-08-31 16:32:29+00:00,NAC811,26.829963296146715,-79.36666048490082,5486.400000000001,288.8280526341579,189.6910666388611
2024-08-31 16:32:30+00:00,NAC811,26.830535888671875,-79.36855100235846,5486.400000000001,288.8280526341579,189.6910666388611
2024-08-31 16:32:31+00:00,NAC811,26.831173654329977,-79.37062190129205,5486.400000000001,288.8280526341579,189.6910666388611
2024-08-31 16:32:34+00:00,NAC811,26.832337460275426,-79.3743720421424,5486.400000000001,288.974995875382,189.85771709612527
2024-08-31 16:32:35+00:00,NAC811,26.83296203613281,-79.37627252542745,5486.400000000001,288.974995875382,189.85771709612527
2024-08-31 16:32:36+00:00,NAC811,26.83345471398305,-79.37801654522235,5486.400000000001,288.974995875382,189.85771709612527
2024-08-31 16:32:38+00:00,NAC811,26.83471162440413,-79.38197796161359,5486.400000000001,288.974995875382,189.85771709612527
2024-08-31 16:32:39+00:00,NAC811,26.835270251257946,-79.38377380371094,5478.780000000001,289.12168041674573,190.0256141276068
2024-08-31 16:32:40+00:00,NAC811,26.83582887811176,-79.38556964580829,5486.400000000001,289.12168041674573,190.0256141276068
2024-08-31 16:32:41+00:00,NAC811,26.83638750496557,-79.38741830679083,5486.400000000001,289.12168041674573,190.0256141276068
2024-08-31 16:32:42+00:00,NAC811,26.836946131819385,-79.38921414888819,5486.400000000001,289.12168041674573,190.0256141276068
2024-08-31 16:32:43+00:00,NAC811,26.83753967285156,-79.39109370393572,5486.400000000001,289.07099881113646,190.51174822656
2024-08-31 16:32:44+00:00,NAC811,26.83806338552701,-79.39280583308295,5486.400000000001,289.07099881113646,190.51174822656
2024-08-31 16:32:45+00:00,NAC811,26.838622012380824,-79.39465449406549,5486.400000000001,289.07099881113646,190.51174822656
2024-08-31 16:32:47+00:00,NAC811,26.83969116210937,-79.39798607016508,5486.400000000001,289.02057523772976,190.9980306321626
2024-08-31 16:32:48+00:00,NAC811,26.840716863082623,-79.40136249248798,5486.400000000001,289.02057523772976,190.9980306321626
2024-08-31 16:32:50+00:00,NAC811,26.84178756455244,-79.40500699556787,5486.400000000001,288.6787591790261,191.1524659575749
2024-08-31 16:32:51+00:00,NAC811,26.84234619140625,-79.40674403928358,5486.400000000001,288.6787591790261,191.1524659575749
2024-08-31 16:32:52+00:00,NAC811,26.842904818260063,-79.40865149864783,5486.400000000001,288.6787591790261,191.1524659575749
2024-08-31 16:32:54+00:00,NAC811,26.84346344511388,-79.41065861628607,5486.400000000001,287.99684180020256,191.4816959741337
2024-08-31 16:32:55+00:00,NAC811,26.84406862420551,-79.41266573392426,5486.400000000001,287.65678574524753,191.65645569169325
2024-08-31 16:32:56+00:00,NAC811,26.844534146583687,-79.41435593825116,5486.400000000001,287.3632140154148,191.34689083036875
2024-08-31 16:32:57+00:00,NAC811,26.845001220703125,-79.41607205372935,5486.400000000001,286.8762646167112,191.3842309920606
2024-08-31 16:32:58+00:00,NAC811,26.84555053710937,-79.41814494582843,5486.400000000001,286.24171424654645,191.2908669212648
2024-08-31 16:32:59+00:00,NAC811,26.84632873535156,-79.42146157318689,5486.400000000001,286.24171424654645,191.2908669212648
2024-08-31 16:33:01+00:00,NAC811,26.847094519663663,-79.42513099083533,5486.400000000001,284.78272604261565,191.53973664484872
2024-08-31 16:33:02+00:00,NAC811,26.847466937566207,-79.42703247070312,5486.400000000001,283.9988928998711,191.39875019872585
2024-08-31 16:33:03+00:00,NAC811,26.84779357910156,-79.42882034013854,5486.400000000001,283.0291948079438,191.67785798001083
2024-08-31 16:33:06+00:00,NAC811,26.848434448242188,-79.43301794663915,5486.400000000001,280.34605656440226,191.92139958298085
2024-08-31 16:33:08+00:00,NAC811,26.84893798828125,-79.43700826392984,5486.400000000001,277.41149285917885,191.4291678227648
2024-08-31 16:33:10+00:00,NAC811,26.84925842285156,-79.44068764740564,5486.400000000001,276.32319507494213,191.50933658256983
2024-08-31 16:33:11+00:00,NAC811,26.849441528320312,-79.44431520857898,5486.400000000001,276.32319507494213,191.50933658256983
2024-08-31 16:33:13+00:00,NAC811,26.84951523603019,-79.44810720590442,5486.400000000001,272.92385663519457,191.62262139286773
2024-08-31 16:33:18+00:00,NAC811,26.84914281812765,-79.45618849534253,5478.780000000001,265.68397248013434,191.40151563702625
2024-08-31 16:33:19+00:00,NAC811,26.84898376464844,-79.4581517633402,5478.780000000001,265.68397248013434,191.40151563702625
2024-08-31 16:33:20+00:00,NAC811,26.848770400225103,-79.45999145507812,5478.780000000001,264.61068824002655,191.7061605624602
2024-08-31 16:33:21+00:00,NAC811,26.84857177734375,-79.46183114681605,5486.400000000001,263.3710386114934,191.625383600375
2024-08-31 16:33:27+00:00,NAC811,26.84637451171875,-79.47349116487322,5478.780000000001,256.7068507859162,192.41305983506763
2024-08-31 16:33:28+00:00,NAC811,26.8458251953125,-79.4755640569723,5478.780000000001,256.7068507859162,192.41305983506763
2024-08-31 16:33:34+00:00,NAC811,26.84257895259534,-79.48576707106366,5455.92,252.53607310815715,191.9917138474004
2024-08-31 16:33:35+00:00,NAC811,26.841842651367188,-79.48763865344927,5455.92,248.11298931312567,191.82415801244125
2024-08-31 16:33:36+00:00,NAC811,26.840344445180083,-79.49120741624097,5440.68,245.9125476913677,191.5943064698942
2024-08-31 16:33:39+00:00,NAC811,26.83872985839844,-79.49468648658609,5425.4400000000005,243.5038139093678,191.41534222923076
2024-08-31 16:33:40+00:00,NAC811,26.837905883789062,-79.49639662256777,5417.820000000001,242.3345649586965,191.680619391533
2024-08-31 16:33:41+00:00,NAC811,26.8370361328125,-79.49805493624706,5410.2,241.1690316876096,192.02548311328303
2024-08-31 16:33:42+00:00,NAC811,26.836061639300848,-79.499764075646,5402.58,240.06445125542552,191.7468813376604
2024-08-31 16:33:43+00:00,NAC811,26.83506774902344,-79.50147520821048,5394.96,238.82540438459588,191.80553166213784
2024-08-31 16:33:44+00:00,NAC811,26.833361609507413,-79.50420086200421,5379.72,237.5876933816488,191.9538024928384
2024-08-31 16:33:45+00:00,NAC811,26.83245849609375,-79.50551734780362,5372.1,236.3524683084575,192.19148641006845
2024-08-31 16:33:46+00:00,NAC811,26.83154296875,-79.50691654997053,5364.4800000000005,235.1590559958468,191.8020821395057
2024-08-31 16:33:47+00:00,NAC811,26.830615027476163,-79.50816227839545,5356.860000000001,233.92752959192808,192.2148944226283
2024-08-31 16:33:48+00:00,NAC811,26.829497773768537,-79.50969402606671,5341.62,232.6089673131713,192.30712178753643
2024-08-31 16:33:49+00:00,NAC811,26.828201293945312,-79.51137326798346,5334.0,231.41205096347463,192.179781334604
2024-08-31 16:33:50+00:00,NAC811,26.827056884765625,-79.51277247015037,5326.38,230.31203896392572,192.53199863901543
2024-08-31 16:33:51+00:00,NAC811,26.82586669921875,-79.51417167231722,5311.14,228.90049374238188,192.51481549274445
2024-08-31 16:33:52+00:00,NAC811,26.82456323655985,-79.51560974121094,5303.52,227.70572691736663,192.647429626322
2024-08-31 16:33:53+00:00,NAC811,26.823257446289062,-79.51702189895343,5295.900000000001,226.5131215560683,192.8636765173954
2024-08-31 16:33:55+00:00,NAC811,26.82060629634534,-79.51967679537256,5273.04,224.13522371770907,192.8183877286696
2024-08-31 16:33:56+00:00,NAC811,26.819442490399894,-79.52083881084735,5265.42,221.76029970389783,193.10503733787576
2024-08-31 16:33:57+00:00,NAC811,26.8179931640625,-79.52210048459608,5257.8,221.76029970389783,193.10503733787576
2024-08-31 16:33:58+00:00,NAC811,26.816695908368644,-79.52321566068207,5250.18,220.46904841819364,193.4008412108105
2024-08-31 16:33:59+00:00,NAC811,26.81529934123411,-79.52437767615686,5242.56,219.278683340351,193.3960516986973
2024-08-31 16:34:00+00:00,NAC811,26.81382751464844,-79.52557257886201,5234.9400000000005,219.278683340351,193.3960516986973
2024-08-31 16:34:01+00:00,NAC811,26.812545776367188,-79.52655720260907,5219.7,216.9919332004148,193.22560469045072
2024-08-31 16:34:03+00:00,NAC811,26.809616088867188,-79.52863009470815,5204.46,214.61819484076176,193.786350045306
2024-08-31 16:34:04+00:00,NAC811,26.80803719213453,-79.52971238356366,5196.84,212.2959763859432,193.5328482156773
2024-08-31 16:34:05+00:00,NAC811,26.806687177237816,-79.53055748572717,5189.22,212.2959763859432,193.5328482156773
2024-08-31 16:34:06+00:00,NAC811,26.805084228515625,-79.53158396594927,5181.6,210.54324459994515,192.33877173140783
2024-08-31 16:34:08+00:00,NAC811,26.802017211914062,-79.53339774653597,5166.360000000001,208.8911994151529,192.72434520862157
2024-08-31 16:34:09+00:00,NAC811,26.800460815429688,-79.53427872567806,5158.740000000001,208.2074908790153,192.64468207327224
2024-08-31 16:34:10+00:00,NAC811,26.7989501953125,-79.53515970482016,5151.12,207.72999618717392,192.3752315151065
2024-08-31 16:34:12+00:00,NAC811,26.795700073242188,-79.53702530770931,5143.5,207.25119537491324,192.1191789552835
2024-08-31 16:34:13+00:00,NAC811,26.79421117750265,-79.53784649188702,5135.88,207.11463412476687,191.88416395293507
2024-08-31 16:34:16+00:00,NAC811,26.789703369140625,-79.54044557967273,5128.26,207.11463412476687,191.88416395293507
2024-08-31 16:34:17+00:00,NAC811,26.788330078125,-79.54122291420987,5120.64,207.18481308065927,191.4264027839412
2024-08-31 16:34:18+00:00,NAC811,26.78653005826271,-79.54223045935998,5113.02,207.32161413511773,191.66197909166823
2024-08-31 16:34:19+00:00,NAC811,26.784993834414724,-79.54312838040863,5113.02,207.32161413511773,191.66197909166823
2024-08-31 16:34:20+00:00,NAC811,26.783432006835938,-79.54407314084608,5105.400000000001,207.32161413511773,191.66197909166823
2024-08-31 16:34:21+00:00,NAC811,26.78265380859375,-79.54448771926593,5105.400000000001,207.32161413511773,191.66197909166823
2024-08-31 16:34:22+00:00,NAC811,26.78043171510858,-79.54576932466944,5090.16,207.39236955189276,191.2050701249216
2024-08-31 16:34:23+00:00,NAC811,26.77899169921875,-79.54661243366746,5082.54,207.39236955189276,191.2050701249216
2024-08-31 16:34:24+00:00,NAC811,26.777498924126057,-79.5474595289964,5074.92,207.39236955189276,191.2050701249216
2024-08-31 16:34:25+00:00,NAC811,26.775962700278072,-79.54835745004505,5067.3,207.25532837494305,190.96893018221783
2024-08-31 16:34:26+00:00,NAC811,26.774473028667902,-79.5492025522085,5059.68,207.25532837494305,190.96893018221783
2024-08-31 16:34:27+00:00,NAC811,26.772936804819917,-79.5501004732572,5052.06,207.25532837494305,190.96893018221783
2024-08-31 16:34:28+00:00,NAC811,26.771400580971928,-79.55094557542066,5044.4400000000005,207.25532837494305,190.96893018221783
2024-08-31 16:34:30+00:00,NAC811,26.768002267611227,-79.55289987417365,5021.58,207.25532837494305,190.96893018221783
2024-08-31 16:34:32+00:00,NAC811,26.76548767089844,-79.5543339567364,5006.34,207.0476756906397,191.1919204399668
2024-08-31 16:34:33+00:00,NAC811,26.763253939353813,-79.5555936373197,4998.72,206.9102023002421,190.9585360896542
2024-08-31 16:34:34+00:00,NAC811,26.761642456054688,-79.55651049344044,4983.4800000000005,206.84050953321324,191.4174161319208
2024-08-31 16:34:36+00:00,NAC811,26.760086059570312,-79.55733965028008,4975.860000000001,206.70294689040392,191.18569132615644
2024-08-31 16:34:37+00:00,NAC811,26.757614135742188,-79.55873885244694,4960.62,206.4961860906322,191.41534222923076
2024-08-31 16:34:38+00:00,NAC811,26.7568359375,-79.55915343086673,4960.62,206.4961860906322,191.41534222923076
2024-08-31 16:34:39+00:00,NAC811,26.754364013671875,-79.56050081073113,4945.38,206.35820810630065,191.1863834599355
2024-08-31 16:34:40+00:00,NAC811,26.752593476893537,-79.56145653357873,4937.76,206.28992349815672,191.64747982721613
2024-08-31 16:34:41+00:00,NAC811,26.75093078613281,-79.56236641362028,4930.14,206.28992349815672,191.64747982721613
2024-08-31 16:34:42+00:00,NAC811,26.74937438964844,-79.56319557045987,4922.52,206.1518676220504,191.42018130055533
2024-08-31 16:34:43+00:00,NAC811,26.748543432203387,-79.56367492675781,4914.900000000001,206.1518676220504,191.42018130055533
2024-08-31 16:34:44+00:00,NAC811,26.746124267578125,-79.56500935104657,4907.280000000001,206.1518676220504,191.42018130055533
2024-08-31 16:34:45+00:00,NAC811,26.745346069335938,-79.56542392946636,4907.280000000001,206.1518676220504,191.42018130055533
2024-08-31 16:34:46+00:00,NAC811,26.74365234375,-79.56635673091097,4899.66,206.1518676220504,191.42018130055533
2024-08-31 16:34:47+00:00,NAC811,26.742095947265625,-79.56718588775055,4892.04,206.1518676220504,191.42018130055533
2024-08-31 16:34:48+00:00,NAC811,26.74058532714844,-79.5680150445902,4892.04,206.01348429778176,191.193996766138
2024-08-31 16:34:50+00:00,NAC811,26.737472534179688,-79.56972518057194,4876.8,206.01348429778176,191.193996766138
2024-08-31 16:34:51+00:00,NAC811,26.73583467127913,-79.57059420072113,4876.8,206.01348429778176,191.193996766138
2024-08-31 16:34:52+00:00,NAC811,26.734359741210938,-79.57138349425117,4869.18,206.01348429778176,191.193996766138
2024-08-31 16:34:53+00:00,NAC811,26.73280334472656,-79.57221265109081,4869.18,205.9460332274561,191.65645569169325
2024-08-31 16:34:54+00:00,NAC811,26.73145876092426,-79.57291823167066,4861.56,205.9460332274561,191.65645569169325
2024-08-31 16:34:55+00:00,NAC811,26.72992253707627,-79.57376333383411,4861.56,205.87890697924277,192.1191789552835
2024-08-31 16:34:56+00:00,NAC811,26.727734581898837,-79.5749253493089,4853.9400000000005,205.74070835623283,191.89519748545828
2024-08-31 16:34:57+00:00,NAC811,26.72625732421875,-79.57573656765919,4853.9400000000005,205.74070835623283,191.89519748545828
2024-08-31 16:34:58+00:00,NAC811,26.72461558196504,-79.5766155536358,4853.9400000000005,205.67415990268404,192.3587222805131
2024-08-31 16:35:00+00:00,NAC811,26.7216362387447,-79.57820012019232,4853.9400000000005,205.67415990268404,192.3587222805131
2024-08-31 16:35:01+00:00,NAC811,26.72076416015625,-79.57863861659786,4846.320000000001,205.60793148921837,192.82250533083104
2024-08-31 16:35:02+00:00,NAC811,26.719024658203125,-79.57957141804246,4846.320000000001,205.46992473335317,192.6007158939121
2024-08-31 16:35:03+00:00,NAC811,26.71728515625,-79.58050421948701,4846.320000000001,205.46992473335317,192.6007158939121
2024-08-31 16:35:04+00:00,NAC811,26.71502582097457,-79.58168616661658,4846.320000000001,205.46992473335317,192.6007158939121
2024-08-31 16:35:05+00:00,NAC811,26.714374089645126,-79.58205589881311,4846.320000000001,205.46992473335317,192.6007158939121
2024-08-31 16:35:06+00:00,NAC811,26.712651656845868,-79.58295381986176,4846.320000000001,205.40427050202604,193.06528842019355
2024-08-31 16:35:07+00:00,NAC811,26.71046370166843,-79.58411583533655,4846.320000000001,205.54202098841012,193.28654477739371
2024-08-31 16:35:08+00:00,NAC811,26.709811970338983,-79.58443274864783,4846.320000000001,205.54202098841012,193.28654477739371
2024-08-31 16:35:09+00:00,NAC811,26.707534790039062,-79.58568644973468,4846.320000000001,205.54202098841012,193.28654477739371
2024-08-31 16:35:10+00:00,NAC811,26.70608779131356,-79.58649268517127,4846.320000000001,205.6794556753632,193.50891580610087
2024-08-31 16:35:11+00:00,NAC811,26.704318806276483,-79.58739060621991,4846.320000000001,205.74562033526087,193.04541089217213
2024-08-31 16:35:12+00:00,NAC811,26.702865600585938,-79.588225742556,4846.320000000001,205.8829907839053,193.26942871611908
2024-08-31 16:35:13+00:00,NAC811,26.70098876953125,-79.58921036630306,4846.320000000001,205.8829907839053,193.26942871611908
2024-08-31 16:35:14+00:00,NAC811,26.700268761586333,-79.58960899939905,4846.320000000001,205.8829907839053,193.26942871611908
2024-08-31 16:35:15+00:00,NAC811,26.697830200195312,-79.5909205022848,4853.9400000000005,206.0200423644704,193.4945549395145
2024-08-31 16:35:16+00:00,NAC811,26.69696355270127,-79.5914048414964,4853.9400000000005,206.0200423644704,193.4945549395145
2024-08-31 16:35:17+00:00,NAC811,26.695632934570312,-79.59211241524173,4853.9400000000005,206.0200423644704,193.4945549395145
2024-08-31 16:35:18+00:00,NAC811,26.69319282143803,-79.59346477801984,4853.9400000000005,206.0200423644704,193.4945549395145
2024-08-31 16:35:19+00:00,NAC811,26.691696166992188,-79.59428895194577,4853.9400000000005,206.0200423644704,193.4945549395145
2024-08-31 16:35:20+00:00,NAC811,26.69032287597656,-79.5950144641804,4853.9400000000005,206.15677462305297,193.7207856980887
2024-08-31 16:35:21+00:00,NAC811,26.688816911083155,-79.59584162785455,4853.9400000000005,206.15677462305297,193.7207856980887
2024-08-31 16:35:22+00:00,NAC811,26.687164306640625,-79.59672460016213,4853.9400000000005,206.15677462305297,193.7207856980887
2024-08-31 16:35:23+00:00,NAC811,26.68560791015625,-79.59760557930423,4853.9400000000005,206.15677462305297,193.7207856980887
2024-08-31 16:35:24+00:00,NAC811,26.683928926112287,-79.59848257211536,4853.9400000000005,206.15677462305297,193.7207856980887
2024-08-31 16:35:25+00:00,NAC811,26.68231201171875,-79.59941935989093,4853.9400000000005,206.08986010986877,194.1826785308357
2024-08-31 16:35:26+00:00,NAC811,26.68048406051377,-79.60038405198316,4853.9400000000005,206.08986010986877,194.1826785308357
2024-08-31 16:35:27+00:00,NAC811,26.679087493379235,-79.60117633526141,4853.9400000000005,206.08986010986877,194.1826785308357
2024-08-31 16:35:28+00:00,NAC811,26.67759704589844,-79.60201047501471,4853.9400000000005,206.08986010986877,194.1826785308357
2024-08-31 16:35:29+00:00,NAC811,26.67578228449417,-79.60297217735877,4853.9400000000005,206.22602685262652,194.4094698488532
2024-08-31 16:35:30+00:00,NAC811,26.67499089645127,-79.60339472844049,4853.9400000000005,206.2931871224108,193.94811712668695
2024-08-31 16:35:31+00:00,NAC811,26.67269897460937,-79.60465341244105,4853.9400000000005,206.2931871224108,193.94811712668695
2024-08-31 16:35:34+00:00,NAC811,26.66796150854078,-79.60730332594648,4853.9400000000005,206.4292794418444,194.17654535949404
2024-08-31 16:35:35+00:00,NAC811,26.66698391154661,-79.60783151479865,4853.9400000000005,206.4292794418444,194.17654535949404
2024-08-31 16:35:36+00:00,NAC811,26.66530803098517,-79.60878225473255,4853.9400000000005,206.4970039649944,193.71600409641133
2024-08-31 16:35:37+00:00,NAC811,26.663818359375,-79.60957653117629,4853.9400000000005,206.4970039649944,193.71600409641133
2024-08-31 16:35:38+00:00,NAC811,26.66246834447828,-79.61031400240381,4853.9400000000005,206.4970039649944,193.71600409641133
2024-08-31 16:35:39+00:00,NAC811,26.660064697265625,-79.61170124557782,4853.9400000000005,206.4970039649944,193.71600409641133
2024-08-31 16:35:40+00:00,NAC811,26.659423828125,-79.61201217939265,4853.9400000000005,206.565051177078,193.2557347756395
2024-08-31 16:35:41+00:00,NAC811,26.657347598318324,-79.6131662222055,4853.9400000000005,206.4284703165618,193.02621685385577
2024-08-31 16:35:42+00:00,NAC811,26.656494140625,-79.61367049307194,4853.9400000000005,206.4284703165618,193.02621685385577
2024-08-31 16:35:43+00:00,NAC811,26.654833777476163,-79.61459233210638,4853.9400000000005,206.4284703165618,193.02621685385577
2024-08-31 16:35:44+00:00,NAC811,26.652366508871825,-79.61596562312201,4853.9400000000005,206.49659747068424,192.56567315791645
2024-08-31 16:35:45+00:00,NAC811,26.651641845703125,-79.61631343049822,4853.9400000000005,206.49659747068424,192.56567315791645
2024-08-31 16:35:46+00:00,NAC811,26.64935302734375,-79.61760898806011,4853.9400000000005,206.49659747068424,192.56567315791645
2024-08-31 16:35:47+00:00,NAC811,26.648502673132946,-79.61807837853064,4853.9400000000005,206.49659747068424,192.56567315791645
2024-08-31 16:35:48+00:00,NAC811,26.646919897047137,-79.61897629957929,4853.9400000000005,206.565051177078,192.10540302102265
2024-08-31 16:35:49+00:00,NAC811,26.644683837890625,-79.62020010318395,4853.9400000000005,206.63383359243107,191.64540841417468
2024-08-31 16:35:50+00:00,NAC811,26.643768310546875,-79.6207183262087,4853.9400000000005,206.63383359243107,191.64540841417468
2024-08-31 16:35:51+00:00,NAC811,26.642171568789724,-79.62161724384015,4853.9400000000005,206.4961860906322,191.41534222923076
2024-08-31 16:35:52+00:00,NAC811,26.64077500165519,-79.62240952711835,4853.9400000000005,206.4961860906322,191.41534222923076
2024-08-31 16:35:53+00:00,NAC811,26.638824462890625,-79.62346490823995,4853.9400000000005,206.565051177078,190.95507126640567
2024-08-31 16:35:54+00:00,NAC811,26.638168076337397,-79.62383563701923,4853.9400000000005,206.4268227853952,190.7255599601534
2024-08-31 16:35:55+00:00,NAC811,26.63677150920286,-79.62457510141223,4853.9400000000005,206.4268227853952,190.7255599601534
2024-08-31 16:35:56+00:00,NAC811,26.63392639160156,-79.62615966796875,4853.9400000000005,206.4268227853952,190.7255599601534
2024-08-31 16:35:57+00:00,NAC811,26.63301086425781,-79.6266778909935,4853.9400000000005,206.4268227853952,190.7255599601534
2024-08-31 16:35:58+00:00,NAC811,26.632162837658896,-79.62716322678784,4846.320000000001,206.4268227853952,190.7255599601534
2024-08-31 16:35:59+00:00,NAC811,26.62983522576801,-79.62843088003302,4853.9400000000005,206.49576973622155,190.2650113105321
2024-08-31 16:36:00+00:00,NAC811,26.62909038996292,-79.62885343111475,4853.9400000000005,206.49576973622155,190.2650113105321
2024-08-31 16:36:02+00:00,NAC811,26.624947240797137,-79.63117746206427,4853.9400000000005,206.565051177078,189.8047395117888
2024-08-31 16:36:03+00:00,NAC811,26.624267578125,-79.63154918742629,4853.9400000000005,206.7037816069656,190.0353629232781
2024-08-31 16:36:04+00:00,NAC811,26.622711181640625,-79.63237834426593,4853.9400000000005,206.7037816069656,190.0353629232781
2024-08-31 16:36:05+00:00,NAC811,26.621337890625,-79.63315567880306,4853.9400000000005,206.7037816069656,190.0353629232781
2024-08-31 16:36:06+00:00,NAC811,26.619733390161542,-79.63408250075116,4846.320000000001,206.77365139440212,189.5759295870164
2024-08-31 16:36:07+00:00,NAC811,26.618316650390625,-79.6348658147848,4853.9400000000005,206.77365139440212,189.5759295870164
2024-08-31 16:36:08+00:00,NAC811,26.61676025390625,-79.6357467939269,4846.320000000001,206.77365139440212,189.5759295870164
2024-08-31 16:36:09+00:00,NAC811,26.6151712708554,-79.63661780724158,4846.320000000001,206.77365139440212,189.5759295870164
2024-08-31 16:36:11+00:00,NAC811,26.612319946289062,-79.63818244214326,4846.320000000001,206.77365139440212,189.5759295870164
2024-08-31 16:36:12+00:00,NAC811,26.61074880826271,-79.63910029484674,4846.320000000001,206.77365139440212,189.5759295870164
2024-08-31 16:36:13+00:00,NAC811,26.609115600585938,-79.63999622272996,4846.320000000001,206.565051177078,189.8047395117888
2024-08-31 16:36:14+00:00,NAC811,26.607742309570312,-79.6407735572671,4853.9400000000005,206.565051177078,189.8047395117888
2024-08-31 16:36:15+00:00,NAC811,26.60614013671875,-79.6416356013371,4846.320000000001,206.565051177078,189.8047395117888
2024-08-31 16:36:16+00:00,NAC811,26.60467529296875,-79.64248369324883,4853.9400000000005,206.565051177078,189.8047395117888
2024-08-31 16:36:23+00:00,NAC811,26.59385034593485,-79.64844923753003,4853.9400000000005,206.4268227853952,190.7255599601534
2024-08-31 16:36:24+00:00,NAC811,26.59144592285156,-79.64979063789798,4853.9400000000005,206.4268227853952,190.7255599601534
2024-08-31 16:36:25+00:00,NAC811,26.59077789823888,-79.65013944185694,4853.9400000000005,206.4268227853952,190.7255599601534
2024-08-31 16:36:26+00:00,NAC811,26.58851623535156,-79.65139712927476,4853.9400000000005,206.4268227853952,190.7255599601534
2024-08-31 16:36:27+00:00,NAC811,26.58760070800781,-79.65191535229951,4853.9400000000005,206.4268227853952,190.7255599601534
2024-08-31 16:36:28+00:00,NAC811,26.586090087890625,-79.65274450913915,4853.9400000000005,206.4268227853952,190.7255599601534
2024-08-31 16:36:29+00:00,NAC811,26.58370195809057,-79.65410085824817,4853.9400000000005,206.6342489447781,190.49507749346412
2024-08-31 16:36:31+00:00,NAC811,26.580825805664062,-79.65569838038027,4853.9400000000005,206.6342489447781,190.49507749346412
2024-08-31 16:36:32+00:00,NAC811,26.579977779065143,-79.65616079477161,4853.9400000000005,206.6342489447781,190.49507749346412
2024-08-31 16:36:34+00:00,NAC811,26.576980590820312,-79.6578230947818,4853.9400000000005,206.565051177078,190.95507126640567
2024-08-31 16:36:35+00:00,NAC811,26.57391357421875,-79.65953323076354,4853.9400000000005,206.565051177078,190.95507126640567
2024-08-31 16:36:36+00:00,NAC811,26.57322770458157,-79.65991093562201,4853.9400000000005,206.565051177078,190.95507126640567
2024-08-31 16:36:38+00:00,NAC811,26.569747924804688,-79.661865234375,4853.9400000000005,206.565051177078,190.95507126640567
2024-08-31 16:36:39+00:00,NAC811,26.569015502929688,-79.6622798127948,4853.9400000000005,206.565051177078,190.95507126640567
2024-08-31 16:36:40+00:00,NAC811,26.566477630097985,-79.66371389535755,4853.9400000000005,206.565051177078,190.95507126640567
2024-08-31 16:37:11+00:00,NAC811,26.518761586334744,-79.6902817946214,4853.9400000000005,206.565051177078,190.95507126640567
2024-08-31 16:37:53+00:00,NAC811,26.45672607421875,-79.72964880601415,4846.320000000001,206.565051177078,190.95507126640567
2024-08-31 16:37:54+00:00,NAC811,26.455590199615997,-79.73068824181189,4846.320000000001,206.565051177078,190.95507126640567
2024-08-31 16:37:58+00:00,NAC811,26.44944530422405,-79.73649831918567,4846.320000000001,206.565051177078,190.95507126640567
2024-08-31 16:38:04+00:00,NAC811,26.442183155124468,-79.74410423865686,4838.7,206.565051177078,190.95507126640567
2024-08-31 16:38:53+00:00,NAC811,26.38622736526748,-79.81287442720854,4541.52,230.99740057391557,188.00517688853043
2024-08-31 16:39:47+00:00,NAC811,26.334686279296875,-79.89319999262972,4290.06,235.4494281577693,180.51194144566333
2024-08-31 16:39:48+00:00,NAC811,26.3338623046875,-79.8945473724941,4282.4400000000005,235.58413402868305,180.2206811404163
2024-08-31 16:39:49+00:00,NAC811,26.3329250529661,-79.89611699030951,4282.4400000000005,235.4914770123316,179.79652205675205
2024-08-31 16:39:50+00:00,NAC811,26.33143538135593,-79.89849384014423,4274.820000000001,235.4914770123316,179.79652205675205
2024-08-31 16:39:51+00:00,NAC811,26.331062963453387,-79.8990748478816,4274.820000000001,235.4914770123316,179.79652205675205
2024-08-31 16:39:52+00:00,NAC811,26.3295267396054,-79.90161015437201,4267.2,235.39838203153155,179.37283540701176
2024-08-31 16:39:53+00:00,NAC811,26.32859569484905,-79.90308908315802,4267.2,235.53386180968448,179.08120027920913
2024-08-31 16:39:54+00:00,NAC811,26.327804306806144,-79.90440955528845,4259.58,235.53386180968448,179.08120027920913
2024-08-31 16:39:55+00:00,NAC811,26.326966366525426,-79.90573002741888,4259.58,235.57658654496876,178.36597728742112
2024-08-31 16:39:58+00:00,NAC811,26.32392883300781,-79.91061228626177,4236.72,235.52573969595156,177.22651798895564
2024-08-31 16:39:59+00:00,NAC811,26.32342839645127,-79.91138164813702,4236.72,235.52573969595156,177.22651798895564
2024-08-31 16:40:00+00:00,NAC811,26.322967529296875,-79.91221877763854,4236.72,235.52573969595156,177.22651798895564
2024-08-31 16:40:03+00:00,NAC811,26.319750769663663,-79.91735018216644,4213.860000000001,235.4742348282258,176.08720007307107
2024-08-31 16:40:04+00:00,NAC811,26.319259643554688,-79.91812652012084,4213.860000000001,235.4742348282258,176.08720007307107
2024-08-31 16:40:18+00:00,NAC811,26.306304931640625,-79.93885544111144,4130.04,235.20638141091436,170.39283048111173
2024-08-31 16:40:25+00:00,NAC811,26.30117642677436,-79.94703439565802,4091.94,235.1506482802674,169.25442147311009
2024-08-31 16:40:26+00:00,NAC811,26.300262451171875,-79.94844256706955,4084.32,235.18182234109136,166.6838254280433
2024-08-31 16:40:28+00:00,NAC811,26.29829018802966,-79.95168245755707,4069.08,235.2262206689556,165.96779896444977
2024-08-31 16:40:29+00:00,NAC811,26.29696655273437,-79.95378026422463,4061.46,235.2262206689556,165.96779896444977
2024-08-31 16:40:31+00:00,NAC811,26.29531084480932,-79.95638333834131,4046.22,235.12467165539783,165.5454893746461
2024-08-31 16:40:32+00:00,NAC811,26.29442635229078,-79.95775662935694,4038.6,235.12467165539783,165.5454893746461
2024-08-31 16:40:47+00:00,NAC811,26.2825927734375,-79.97658207731428,3939.54,235.1561454383571,162.97485239360734
2024-08-31 16:40:49+00:00,NAC811,26.28094482421875,-79.97927683704305,3931.92,235.304846468766,162.6814768607662
2024-08-31 16:40:50+00:00,NAC811,26.28013481528072,-79.9805215688852,3924.3,235.20144533465805,162.25876925170613
2024-08-31 16:40:52+00:00,NAC811,26.27762099443856,-79.98453580416162,3901.44,235.20144533465805,162.25876925170613
2024-08-31 16:40:55+00:00,NAC811,26.2758985616393,-79.98733520507812,3886.2,235.2471468110175,161.54278843685742
2024-08-31 16:40:59+00:00,NAC811,26.272407143802965,-79.99288118802582,3855.72,235.1428636787627,161.12037857437602
2024-08-31 16:41:00+00:00,NAC811,26.271569203522244,-79.99420166015625,3855.72,235.1428636787627,161.12037857437602
2024-08-31 16:41:36+00:00,NAC811,26.230133056640625,-80.02674606611144,3596.6400000000003,215.2354421201116,158.71910553615646
2024-08-31 16:41:37+00:00,NAC811,26.22883424920551,-80.027107825646,3589.02,215.2354421201116,158.71910553615646
2024-08-31 16:41:39+00:00,NAC811,26.22585490598517,-80.02790010892426,3573.78,195.89283098033732,154.0482779824781
2024-08-31 16:41:41+00:00,NAC811,26.22301521947828,-80.02858675443207,3558.54,195.89283098033732,154.0482779824781
2024-08-31 16:41:42+00:00,NAC811,26.221847534179688,-80.02887078051299,3558.54,195.89283098033732,154.0482779824781
2024-08-31 16:41:43+00:00,NAC811,26.220454846398304,-80.02927339993988,3550.92,195.89283098033732,154.0482779824781
2024-08-31 16:41:45+00:00,NAC811,26.217894473318324,-80.0299072265625,3535.6800000000003,192.778733188406,153.50529678282123
2024-08-31 16:41:53+00:00,NAC811,26.20704780190678,-80.03260098970854,3467.1000000000004,192.90740867126584,152.00057408961587
2024-08-31 16:41:55+00:00,NAC811,26.20425466763771,-80.03334045410156,3451.86,192.90740867126584,152.00057408961587
2024-08-31 16:42:04+00:00,NAC811,26.19224419028072,-80.03624549278847,3375.6600000000003,192.3807569288072,151.16077101663635
2024-08-31 16:42:05+00:00,NAC811,26.190994262695312,-80.03654048127947,3368.04,192.19015909555085,151.0513062363314
2024-08-31 16:42:06+00:00,NAC811,26.19038210076801,-80.03672086275537,3368.04,192.19015909555085,151.0513062363314
2024-08-31 16:42:07+00:00,NAC811,26.188520011255296,-80.0371434138371,3360.42,192.0400202610748,150.44034992588695
2024-08-31 16:42:08+00:00,NAC811,26.187076891882946,-80.03746032714844,3352.8,192.0400202610748,150.44034992588695
2024-08-31 16:42:10+00:00,NAC811,26.184310913085938,-80.03809515035374,3345.1800000000003,191.8482662384144,150.3338814695405
2024-08-31 16:42:11+00:00,NAC811,26.18307339943061,-80.03841106708234,3345.1800000000003,191.8482662384144,150.3338814695405
2024-08-31 16:42:12+00:00,NAC811,26.18158372782045,-80.03872798039362,3337.56,191.65624257210385,150.2290992279148
2024-08-31 16:42:13+00:00,NAC811,26.180280265161542,-80.0390448937049,3337.56,191.65624257210385,150.2290992279148
2024-08-31 16:42:14+00:00,NAC811,26.179000854492188,-80.03933888561318,3337.56,191.65624257210385,150.2290992279148
2024-08-31 16:42:15+00:00,NAC811,26.177536010742188,-80.03964981942806,3329.94,191.65624257210385,150.2290992279148
2024-08-31 16:42:16+00:00,NAC811,26.17613711599576,-80.0399428147536,3329.94,191.65624257210385,150.2290992279148
2024-08-31 16:42:17+00:00,NAC811,26.1749267578125,-80.04020690917969,3329.94,191.65624257210385,150.2290992279148
2024-08-31 16:42:18+00:00,NAC811,26.173828125,-80.04047897626765,3329.94,191.42506114595764,150.63022224546006
2024-08-31 16:42:20+00:00,NAC811,26.171481892213983,-80.04099919245795,3329.94,191.3864287964092,151.13450670005804
2024-08-31 16:42:22+00:00,NAC811,26.169021606445312,-80.04156724461967,3329.94,191.3864287964092,151.13450670005804
2024-08-31 16:42:23+00:00,NAC811,26.16747839976165,-80.0418971135066,3329.94,191.34805341284837,151.63885940774338
2024-08-31 16:42:24+00:00,NAC811,26.166183471679688,-80.04218911224939,3329.94,191.34805341284837,151.63885940774338
2024-08-31 16:42:25+00:00,NAC811,26.164778369968214,-80.04247812124396,3329.94,191.34805341284837,151.63885940774338
2024-08-31 16:42:26+00:00,NAC811,26.164031982421875,-80.04265551297169,3322.32,191.34805341284837,151.63885940774338
2024-08-31 16:42:29+00:00,NAC811,26.1591796875,-80.04374378132371,3322.32,191.34805341284837,151.63885940774338
2024-08-31 16:42:30+00:00,NAC811,26.157989501953125,-80.04405471513854,3322.32,192.48681740555656,152.27629299076372
2024-08-31 16:42:31+00:00,NAC811,26.156021118164062,-80.04462476046581,3322.32,192.48681740555656,152.27629299076372
2024-08-31 16:42:32+00:00,NAC811,26.15533447265625,-80.04478022737322,3322.32,193.052520541292,152.6174232853489
2024-08-31 16:42:33+00:00,NAC811,26.15341962394068,-80.04538315993085,3322.32,193.052520541292,152.6174232853489
2024-08-31 16:42:34+00:00,NAC811,26.15203857421875,-80.04581667342273,3322.32,194.88152970314056,152.23718349568148
2024-08-31 16:42:35+00:00,NAC811,26.150848388671875,-80.04617942954008,3322.32,195.49300016930687,152.14501917581586
2024-08-31 16:42:36+00:00,NAC811,26.149566650390625,-80.04659400795987,3322.32,196.10514208414887,152.07020330723464
2024-08-31 16:42:38+00:00,NAC811,26.146855758408368,-80.04754873422473,3322.32,196.77377528725685,151.52013372789395
2024-08-31 16:42:39+00:00,NAC811,26.1456298828125,-80.04794138782427,3322.32,197.20297142028227,151.32875470028185
2024-08-31 16:42:40+00:00,NAC811,26.144989013671875,-80.04820049933664,3322.32,197.4471884232822,150.99084768386322
2024-08-31 16:42:41+00:00,NAC811,26.14306640625,-80.04887418926887,3322.32,197.8188889145228,151.3025195436745
2024-08-31 16:42:42+00:00,NAC811,26.14168846001059,-80.04939739520734,3322.32,198.06450713441163,150.97156595349534
2024-08-31 16:42:43+00:00,NAC811,26.141036728681144,-80.04960867074817,3322.32,198.06450713441163,150.97156595349534
2024-08-31 16:42:44+00:00,NAC811,26.139779818260063,-80.05013685960034,3322.32,198.31120003151557,150.64339893654062
2024-08-31 16:42:45+00:00,NAC811,26.138442993164062,-80.05063614755306,3322.32,198.68191186034824,150.9698129468018
2024-08-31 16:42:46+00:00,NAC811,26.13716125488281,-80.05115437057782,3322.32,199.1790080258107,150.3303605635978
2024-08-31 16:42:47+00:00,NAC811,26.13587951660156,-80.05162077130012,3329.94,199.36398814234408,150.5001503806709
2024-08-31 16:42:48+00:00,NAC811,26.134659072100103,-80.05214397723859,3329.94,199.61421868681776,150.18681343124683
2024-08-31 16:42:50+00:00,NAC811,26.13153076171875,-80.05338272958431,3329.94,199.9831065219,150.5353160217562
2024-08-31 16:42:51+00:00,NAC811,26.1309814453125,-80.0536229060246,3329.94,199.9831065219,150.5353160217562
2024-08-31 16:42:52+00:00,NAC811,26.12893314684852,-80.05446800818811,3329.94,200.05023687139663,150.05194792595776
2024-08-31 16:42:53+00:00,NAC811,26.12823486328125,-80.05473010944871,3329.94,200.05023687139663,150.05194792595776
2024-08-31 16:42:54+00:00,NAC811,26.126233117055083,-80.0555243858924,3329.94,199.7988763545249,150.36028563610782
2024-08-31 16:42:55+00:00,NAC811,26.125115863347457,-80.05594693697412,3329.94,199.61421868681776,150.18681343124683
2024-08-31 16:42:56+00:00,NAC811,26.12388610839844,-80.0564402454304,3329.94,199.4291358784288,150.01490481265728
2024-08-31 16:42:57+00:00,NAC811,26.122604370117188,-80.0569066461527,3329.94,199.1790080258107,150.3303605635978
2024-08-31 16:42:58+00:00,NAC811,26.12125202760858,-80.0574258657602,3329.94,198.99361152474884,150.1621412174731
2024-08-31 16:42:59+00:00,NAC811,26.120681762695312,-80.05763215838738,3329.94,198.99361152474884,150.1621412174731
2024-08-31 16:43:00+00:00,NAC811,26.1186916545286,-80.0583766056941,3329.94,198.5589654680196,150.31803674334432
2024-08-31 16:43:01+00:00,NAC811,26.11756896972656,-80.05877224904185,3329.94,198.5589654680196,150.31803674334432
2024-08-31 16:43:02+00:00,NAC811,26.11683654785156,-80.05903136055423,3329.94,198.1863786708624,149.99373321192908
2024-08-31 16:43:03+00:00,NAC811,26.11541748046875,-80.05954958357898,3329.94,198.1863786708624,149.99373321192908
2024-08-31 16:43:04+00:00,NAC811,26.11329159494173,-80.06033090444708,3329.94,198.1252449229632,150.4825644784865
2024-08-31 16:43:05+00:00,NAC811,26.112639863612287,-80.06054217998798,3329.94,198.1252449229632,150.4825644784865
2024-08-31 16:43:06+00:00,NAC811,26.111160278320312,-80.06110425265331,3329.94,197.93889386252675,150.32331850430998
2024-08-31 16:43:07+00:00,NAC811,26.10997009277344,-80.0615188310731,3329.94,197.93889386252675,150.32331850430998
2024-08-31 16:43:08+00:00,NAC811,26.108688354492188,-80.0619852317954,3329.94,197.93889386252675,150.32331850430998
2024-08-31 16:43:09+00:00,NAC811,26.107332908501057,-80.06244365985577,3329.94,197.93889386252675,150.32331850430998
2024-08-31 16:43:10+00:00,NAC811,26.106075998079977,-80.0629190298227,3329.94,197.93889386252675,150.32331850430998
2024-08-31 16:43:11+00:00,NAC811,26.104632878707623,-80.06344721867487,3329.94,197.9994843994329,149.8339677008446
2024-08-31 16:43:12+00:00,NAC811,26.103286743164062,-80.06390265698701,3322.32,197.9994843994329,149.8339677008446
2024-08-31 16:43:13+00:00,NAC811,26.10191345214844,-80.06442088001177,3322.32,198.0604719361992,149.34478555699738
2024-08-31 16:43:14+00:00,NAC811,26.100494384765625,-80.06493910303652,3314.7000000000003,198.0604719361992,149.34478555699738
2024-08-31 16:43:15+00:00,NAC811,26.09921264648437,-80.06540550375883,3314.7000000000003,198.12186024790137,148.85577373555788
2024-08-31 16:43:16+00:00,NAC811,26.09857177734375,-80.06561279296875,3307.0800000000004,198.12186024790137,148.85577373555788
2024-08-31 16:43:17+00:00,NAC811,26.096625893802965,-80.06635225736176,3299.46,198.18365315571305,148.36693392065476
2024-08-31 16:43:18+00:00,NAC811,26.095916748046875,-80.06659741671581,3299.46,197.99470451604083,148.20720043371912
2024-08-31 16:43:19+00:00,NAC811,26.094497680664062,-80.06711563974056,3291.84,197.99470451604083,148.20720043371912
2024-08-31 16:43:20+00:00,NAC811,26.093181028204448,-80.06756709172174,3284.2200000000003,197.99470451604083,148.20720043371912
2024-08-31 16:43:21+00:00,NAC811,26.092063774496825,-80.06798964280347,3276.6000000000004,198.05634786080768,147.71800591756983
2024-08-31 16:43:22+00:00,NAC811,26.09080686407574,-80.0684121938852,3268.98,198.05634786080768,147.71800591756983
2024-08-31 16:43:23+00:00,NAC811,26.08946228027344,-80.06892942032721,3268.98,198.05634786080768,147.71800591756983
2024-08-31 16:43:24+00:00,NAC811,26.088153386520126,-80.06941575270429,3261.36,198.05634786080768,147.71800591756983
2024-08-31 16:43:25+00:00,NAC811,26.08680725097656,-80.06986222177181,3253.74,198.118400775649,147.2289835235715
2024-08-31 16:43:26+00:00,NAC811,26.085525512695312,-80.07032862249412,3246.1200000000003,198.118400775649,147.2289835235715
2024-08-31 16:43:27+00:00,NAC811,26.08392333984375,-80.07089866782133,3238.5,198.118400775649,147.2289835235715
2024-08-31 16:43:28+00:00,NAC811,26.0826416015625,-80.07136506854363,3230.88,198.118400775649,147.2289835235715
2024-08-31 16:43:29+00:00,NAC811,26.08213806152344,-80.07157235775355,3223.26,198.118400775649,147.2289835235715
2024-08-31 16:43:30+00:00,NAC811,26.08033261056673,-80.07221515362079,3215.6400000000003,198.118400775649,147.2289835235715
2024-08-31 16:43:31+00:00,NAC811,26.07902914790784,-80.07269052358771,3208.02,198.118400775649,147.2289835235715
2024-08-31 16:43:32+00:00,NAC811,26.07777223748676,-80.07311307466944,3200.4,197.92791976200724,147.06981360573965
2024-08-31 16:43:33+00:00,NAC811,26.07665498377913,-80.07353562575116,3192.78,197.92791976200724,147.06981360573965
2024-08-31 16:43:34+00:00,NAC811,26.0752584166446,-80.07401099571814,3185.1600000000003,197.98981853724277,146.58043422096335
2024-08-31 16:43:35+00:00,NAC811,26.07451358083951,-80.07432790902942,3185.1600000000003,197.98981853724277,146.58043422096335
2024-08-31 16:43:36+00:00,NAC811,26.07257080078125,-80.07499262971697,3169.92,197.98981853724277,146.58043422096335
2024-08-31 16:43:37+00:00,NAC811,26.07139458090572,-80.07543710561896,3162.3,197.98981853724277,146.58043422096335
2024-08-31 16:43:38+00:00,NAC811,26.0701904296875,-80.07587360885907,3162.3,197.98981853724277,146.58043422096335
2024-08-31 16:43:39+00:00,NAC811,26.068771362304688,-80.07634000958137,3154.6800000000003,197.98981853724277,146.58043422096335
2024-08-31 16:43:40+00:00,NAC811,26.067672729492188,-80.07675458800117,3147.06,197.98981853724277,146.58043422096335
2024-08-31 16:43:41+00:00,NAC811,26.0665283203125,-80.07716916642096,3139.44,197.7983552469585,146.4223667555861
2024-08-31 16:43:42+00:00,NAC811,26.065342789989405,-80.07760267991284,3131.82,197.7983552469585,146.4223667555861
2024-08-31 16:43:43+00:00,NAC811,26.064085879568324,-80.07802523099457,3124.2000000000003,197.7983552469585,146.4223667555861
2024-08-31 16:43:44+00:00,NAC811,26.062828969147244,-80.07850060096155,3116.5800000000004,197.7983552469585,146.4223667555861
2024-08-31 16:43:45+00:00,NAC811,26.06163024902344,-80.07893112470515,3108.96,197.7983552469585,146.4223667555861
2024-08-31 16:43:46+00:00,NAC811,26.06017549159163,-80.0793985220102,3101.34,197.7983552469585,146.4223667555861
2024-08-31 16:43:47+00:00,NAC811,26.058837890625,-80.07991574845221,3093.7200000000003,197.7983552469585,146.4223667555861
2024-08-31 16:43:48+00:00,NAC811,26.057522014036017,-80.0803492619441,3086.1000000000004,197.7983552469585,146.4223667555861
2024-08-31 16:43:49+00:00,NAC811,26.056916834944385,-80.08056053748498,3086.1000000000004,197.7983552469585,146.4223667555861
2024-08-31 16:43:50+00:00,NAC811,26.055147849907307,-80.08119436410755,3070.86,197.7983552469585,146.4223667555861
2024-08-31 16:43:51+00:00,NAC811,26.05384826660156,-80.0816777067364,3063.24,197.7983552469585,146.4223667555861
2024-08-31 16:43:52+00:00,NAC811,26.0532857603946,-80.08188100961536,3063.24,197.7983552469585,146.4223667555861
2024-08-31 16:43:53+00:00,NAC811,26.05146789550781,-80.08250686357604,3055.6200000000003,197.7983552469585,146.4223667555861
2024-08-31 16:43:54+00:00,NAC811,26.050323486328125,-80.08292144199584,3048.0,197.7983552469585,146.4223667555861
2024-08-31 16:43:55+00:00,NAC811,26.04900295451536,-80.08341275728662,3040.38,197.86009407067905,145.9326297095505
2024-08-31 16:43:56+00:00,NAC811,26.04774604409428,-80.08383530836835,3032.76,197.86009407067905,145.9326297095505
2024-08-31 16:43:57+00:00,NAC811,26.046432495117188,-80.08432064416274,3025.1400000000003,197.86009407067905,145.9326297095505
2024-08-31 16:43:58+00:00,NAC811,26.045150756835938,-80.08473522258254,3017.52,197.86009407067905,145.9326297095505
2024-08-31 16:43:59+00:00,NAC811,26.04448738744703,-80.08499732384314,3009.9,197.86009407067905,145.9326297095505
2024-08-31 16:44:00+00:00,NAC811,26.042404174804688,-80.0857198463296,3002.28,197.86009407067905,145.9326297095505
2024-08-31 16:44:01+00:00,NAC811,26.041305541992188,-80.08613442474939,2994.6600000000003,197.86009407067905,145.9326297095505
2024-08-31 16:44:02+00:00,NAC811,26.040023803710938,-80.08660082547169,2987.04,197.86009407067905,145.9326297095505
2024-08-31 16:44:03+00:00,NAC811,26.038650512695312,-80.087067226194,2979.42,197.86009407067905,145.9326297095505
2024-08-31 16:44:04+00:00,NAC811,26.03755187988281,-80.08748180461379,2971.8,197.86009407067905,145.9326297095505
2024-08-31 16:44:05+00:00,NAC811,26.036201089115465,-80.08795518141523,2964.1800000000003,197.92224859707343,145.44306324758318
2024-08-31 16:44:06+00:00,NAC811,26.03553771972656,-80.08820731684847,2964.1800000000003,197.92224859707343,145.44306324758318
2024-08-31 16:44:07+00:00,NAC811,26.03424589512712,-80.08864182692304,2956.56,197.92224859707343,145.44306324758318
2024-08-31 16:44:08+00:00,NAC811,26.03302001953125,-80.08908829599056,2948.94,197.72921343589653,145.28557995203775
2024-08-31 16:44:09+00:00,NAC811,26.031592417571503,-80.08959256685694,2941.32,197.72921343589653,145.28557995203775
2024-08-31 16:44:10+00:00,NAC811,26.03038205938824,-80.09001511793866,2933.7000000000003,197.72921343589653,145.28557995203775
2024-08-31 16:44:11+00:00,NAC811,26.02926480568061,-80.09043766902045,2933.7000000000003,197.79120310874663,144.79565352645747
2024-08-31 16:44:12+00:00,NAC811,26.02743530273437,-80.09105754348468,2918.46,197.79120310874663,144.79565352645747
2024-08-31 16:44:13+00:00,NAC811,26.026238910222457,-80.09149404672473,2918.46,197.79120310874663,144.79565352645747
2024-08-31 16:44:14+00:00,NAC811,26.02510070800781,-80.09188670032427,2910.84,197.79120310874663,144.79565352645747
2024-08-31 16:44:15+00:00,NAC811,26.023956298828125,-80.09230127874412,2903.2200000000003,197.79120310874663,144.79565352645747
2024-08-31 16:44:16+00:00,NAC811,26.0225830078125,-80.09276767946636,2895.6000000000004,197.8536136251276,144.30589774353007
2024-08-31 16:44:17+00:00,NAC811,26.02134704589844,-80.09318225788621,2887.98,197.65898119613303,144.14900805757875
2024-08-31 16:44:18+00:00,NAC811,26.02004746259269,-80.09365962101862,2880.36,197.65898119613303,144.14900805757875
2024-08-31 16:44:19+00:00,NAC811,26.018875122070312,-80.09406323702831,2880.36,197.46392689184285,143.99378538555032
2024-08-31 16:44:20+00:00,NAC811,26.017501831054688,-80.09452963775055,2872.74,197.26845387492284,143.84023512423153
2024-08-31 16:44:21+00:00,NAC811,26.01690673828125,-80.09473692696048,2865.1200000000003,197.07256536061865,143.68836263520706
2024-08-31 16:44:22+00:00,NAC811,26.015066373146187,-80.09529700646033,2857.5,196.62075691389205,143.88254675788326
2024-08-31 16:44:23+00:00,NAC811,26.014461194054554,-80.09550828200116,2857.5,196.2273610435155,143.59163287158304
2024-08-31 16:44:24+00:00,NAC811,26.013015747070312,-80.09592883991746,2849.88,196.2273610435155,143.59163287158304
2024-08-31 16:44:25+00:00,NAC811,26.011276245117188,-80.09644706294222,2834.6400000000003,195.38120163584625,143.52618818201378
2024-08-31 16:44:26+00:00,NAC811,26.01022494041313,-80.0967759352464,2834.6400000000003,195.1830032225581,143.39059508062527
2024-08-31 16:44:27+00:00,NAC811,26.00917053222656,-80.09706893057194,2827.02,194.98443199484987,143.25672105123417
2024-08-31 16:44:28+00:00,NAC811,26.008026123046875,-80.09737986438677,2819.4,194.7854916833681,143.1245709177312
2024-08-31 16:44:29+00:00,NAC811,26.006454209149894,-80.09783231295069,2811.78,194.7854916833681,143.1245709177312
2024-08-31 16:44:30+00:00,NAC811,26.005709373344807,-80.09809640737677,2811.78,194.7854916833681,143.1245709177312
2024-08-31 16:44:31+00:00,NAC811,26.0042724609375,-80.09851995504124,2804.1600000000003,194.7854916833681,143.1245709177312
2024-08-31 16:44:32+00:00,NAC811,26.00310244802701,-80.09883587176984,2796.54,194.98443199484987,143.25672105123417
2024-08-31 16:44:33+00:00,NAC811,26.00180053710937,-80.09924546727592,2788.92,195.23702720397063,142.8941716646617
2024-08-31 16:44:34+00:00,NAC811,26.000495522709212,-80.09962815504804,2781.3,195.4358618874668,143.03023537774382
2024-08-31 16:44:35+00:00,NAC811,25.999191284179688,-80.10007462411556,2773.6800000000003,195.4909024729344,142.5344136537736
2024-08-31 16:44:36+00:00,NAC811,25.99788859739142,-80.10047325721155,2766.06,195.68999292908387,142.67267544055625
2024-08-31 16:44:37+00:00,NAC811,25.996678239208155,-80.10084298940802,2758.44,195.8886954943822,142.81265652723445
2024-08-31 16:44:38+00:00,NAC811,25.99556098550053,-80.10121272160455,2750.82,195.94539590092288,142.31793637147902
2024-08-31 16:44:39+00:00,NAC811,25.99424743652344,-80.10162929318983,2750.82,196.14433878028348,142.4601237725637
2024-08-31 16:44:40+00:00,NAC811,25.993093716896187,-80.10200500488281,2743.2000000000003,196.14433878028348,142.4601237725637
2024-08-31 16:44:41+00:00,NAC811,25.991836806475103,-80.10242755596454,2735.58,196.20207014983123,141.9660393165314
2024-08-31 16:44:42+00:00,NAC811,25.99058532714844,-80.10282120614681,2735.58,196.40124529393592,142.1104411249892
2024-08-31 16:44:43+00:00,NAC811,25.98944091796875,-80.10318396226415,2727.96,196.40124529393592,142.1104411249892
2024-08-31 16:44:44+00:00,NAC811,25.98834228515625,-80.1035467183815,2727.96,196.40124529393592,142.1104411249892
2024-08-31 16:44:45+00:00,NAC811,25.98701477050781,-80.10396129680129,2720.34,196.46001481204004,141.6170054616538
2024-08-31 16:44:46+00:00,NAC811,25.98577880859375,-80.10437587522108,2720.34,196.46001481204004,141.6170054616538
2024-08-31 16:44:47+00:00,NAC811,25.984016030521715,-80.1049628624549,2720.34,196.46001481204004,141.6170054616538
2024-08-31 16:44:48+00:00,NAC811,25.983410851430083,-80.10517413799579,2712.7200000000003,196.46001481204004,141.6170054616538
2024-08-31 16:44:49+00:00,NAC811,25.982153941009003,-80.10554387019232,2712.7200000000003,196.46001481204004,141.6170054616538
2024-08-31 16:44:50+00:00,NAC811,25.980880737304688,-80.10598236659786,2712.7200000000003,196.46001481204004,141.6170054616538
2024-08-31 16:44:51+00:00,NAC811,25.979644775390625,-80.10639694501765,2712.7200000000003,196.46001481204004,141.6170054616538
2024-08-31 16:44:52+00:00,NAC811,25.97845458984375,-80.1068115234375,2712.7200000000003,196.46001481204004,141.6170054616538
2024-08-31 16:44:53+00:00,NAC811,25.97712629932468,-80.10718125563398,2712.7200000000003,196.46001481204004,141.6170054616538
2024-08-31 16:44:54+00:00,NAC811,25.97591594114142,-80.10760380671576,2712.7200000000003,196.46001481204004,141.6170054616538
2024-08-31 16:44:55+00:00,NAC811,25.974705582958155,-80.10802635779748,2712.7200000000003,196.46001481204004,141.6170054616538
2024-08-31 16:44:56+00:00,NAC811,25.973556518554688,-80.10836619251177,2712.7200000000003,196.46001481204004,141.6170054616538
2024-08-31 16:44:57+00:00,NAC811,25.972320556640625,-80.10878077093162,2712.7200000000003,196.46001481204004,141.6170054616538
2024-08-31 16:44:58+00:00,NAC811,25.971167612884003,-80.10918837327222,2712.7200000000003,196.46001481204004,141.6170054616538
2024-08-31 16:44:59+00:00,NAC811,25.969985961914062,-80.10955810546875,2712.7200000000003,196.46001481204004,141.6170054616538
2024-08-31 16:45:00+00:00,NAC811,25.96861267089844,-80.10997268388854,2712.7200000000003,196.46001481204004,141.6170054616538
2024-08-31 16:45:01+00:00,NAC811,25.967350329382946,-80.1104032076322,2712.7200000000003,196.46001481204004,141.6170054616538
2024-08-31 16:45:02+00:00,NAC811,25.966049194335938,-80.11085366303064,2712.7200000000003,196.46001481204004,141.6170054616538
2024-08-31 16:45:03+00:00,NAC811,25.96495056152344,-80.11121641914798,2712.7200000000003,196.46001481204004,141.6170054616538
2024-08-31 16:45:04+00:00,NAC811,25.96316062797934,-80.11177649864783,2712.7200000000003,196.46001481204004,141.6170054616538
2024-08-31 16:45:05+00:00,NAC811,25.9625244140625,-80.11199375368511,2712.7200000000003,196.46001481204004,141.6170054616538
2024-08-31 16:45:06+00:00,NAC811,25.961345090704448,-80.1123575063852,2712.7200000000003,196.46001481204004,141.6170054616538
2024-08-31 16:45:07+00:00,NAC811,25.960134732521187,-80.11278005746692,2712.7200000000003,196.26020470831196,141.4721
2024-08-31 16:45:08+00:00,NAC811,25.958877822100103,-80.11314978966345,2712.7200000000003,196.05998730716064,141.3289185770279
2024-08-31 16:45:09+00:00,NAC811,25.957155389300848,-80.11367797851562,2712.7200000000003,195.60214022022484,141.54316895641534
2024-08-31 16:45:10+00:00,NAC811,25.95641055349576,-80.11388925405646,2712.7200000000003,195.2002201767283,141.26991934066015
2024-08-31 16:45:11+00:00,NAC811,25.95506053859905,-80.11425898625299,2712.7200000000003,194.94482283524275,141.63288929701815
2024-08-31 16:45:12+00:00,NAC811,25.95366397146451,-80.11462871844952,2712.7200000000003,194.48976259388445,141.86906796688558
2024-08-31 16:45:13+00:00,NAC811,25.9530029296875,-80.11484398032133,2712.7200000000003,194.48976259388445,141.86906796688558
2024-08-31 16:45:14+00:00,NAC811,25.95096394167108,-80.11542100172773,2712.7200000000003,194.08672431787147,141.6151366580134
2024-08-31 16:45:15+00:00,NAC811,25.94984668796345,-80.11568509615381,2712.7200000000003,193.8348531566587,141.99027180613638
2024-08-31 16:45:16+00:00,NAC811,25.94858977754237,-80.11600200946515,2712.7200000000003,193.8348531566587,141.99027180613638
2024-08-31 16:45:17+00:00,NAC811,25.947280883789062,-80.11634682709314,2712.7200000000003,193.63311358899185,141.8681352283298
2024-08-31 16:45:18+00:00,NAC811,25.946044921875,-80.11670958321048,2712.7200000000003,193.43102887068164,141.74776049026357
2024-08-31 16:45:19+00:00,NAC811,25.94526672363281,-80.1168650501179,2712.7200000000003,193.22860315589293,141.62915208425434
2024-08-31 16:45:20+00:00,NAC811,25.94332937466896,-80.11737530048077,2712.7200000000003,192.82274559359712,141.39725198206338
2024-08-31 16:45:21+00:00,NAC811,25.942657470703125,-80.11748691774761,2712.7200000000003,192.5739047321198,141.78603020678622
2024-08-31 16:45:22+00:00,NAC811,25.94123452396716,-80.1178506704477,2720.34,192.3708441642844,141.67492614761625
2024-08-31 16:45:23+00:00,NAC811,25.939910888671875,-80.11816060767984,2720.34,192.1674674180727,141.56560437240256
2024-08-31 16:45:24+00:00,NAC811,25.938720703125,-80.11843167818506,2720.34,191.9207385399223,141.96137874815554
2024-08-31 16:45:25+00:00,NAC811,25.937324135990465,-80.1187485914964,2720.34,191.71743470320337,141.8560090690024
2024-08-31 16:45:26+00:00,NAC811,25.936067225569385,-80.11901268592248,2720.34,191.513831184487,141.75242808202898
2024-08-31 16:45:27+00:00,NAC811,25.93471721067267,-80.11932959923377,2720.34,191.3099324740202,141.65063971113923
2024-08-31 16:45:28+00:00,NAC811,25.934065479343214,-80.11943523700421,2720.34,191.3099324740202,141.65063971113923
2024-08-31 16:45:29+00:00,NAC811,25.93226623535156,-80.11987074366152,2720.34,191.3099324740202,141.65063971113923
2024-08-31 16:45:30+00:00,NAC811,25.9310302734375,-80.1201298551739,2720.34,191.3099324740202,141.65063971113923
2024-08-31 16:45:31+00:00,NAC811,25.930294748079977,-80.12028033916766,2720.34,191.3099324740202,141.65063971113923
2024-08-31 16:45:32+00:00,NAC811,25.928375244140625,-80.12069990050117,2720.34,191.3099324740202,141.65063971113923
2024-08-31 16:45:33+00:00,NAC811,25.92768782276218,-80.12086134690503,2720.34,191.3099324740202,141.65063971113923
2024-08-31 16:45:34+00:00,NAC811,25.925825733249468,-80.12128389798676,2720.34,191.3099324740202,141.65063971113923
2024-08-31 16:45:35+00:00,NAC811,25.92475891113281,-80.12152905734081,2720.34,191.513831184487,141.75242808202898
2024-08-31 16:45:36+00:00,NAC811,25.92347717285156,-80.12178816885319,2720.34,191.513831184487,141.75242808202898
2024-08-31 16:45:37+00:00,NAC811,25.92242741988877,-80.12202336237982,2720.34,191.47247325646143,142.25655675403289
2024-08-31 16:45:38+00:00,NAC811,25.92117050946769,-80.1223402756911,2720.34,191.47247325646143,142.25655675403289
2024-08-31 16:45:39+00:00,NAC811,25.920006703522244,-80.12260437011719,2720.34,191.47247325646143,142.25655675403289
2024-08-31 16:45:40+00:00,NAC811,25.91865668862553,-80.12292128342847,2720.34,191.47247325646143,142.25655675403289
2024-08-31 16:45:41+00:00,NAC811,25.91743469238281,-80.12318737102004,2720.34,191.47247325646143,142.25655675403289
2024-08-31 16:45:42+00:00,NAC811,25.916235972259003,-80.12344947228064,2720.34,191.4314074429216,142.76075902408974
2024-08-31 16:45:43+00:00,NAC811,25.914779663085938,-80.1237574163473,2720.34,191.4314074429216,142.76075902408974
2024-08-31 16:45:44+00:00,NAC811,25.913489390227756,-80.124030480018,2720.34,191.22889182153872,142.65969010396176
2024-08-31 16:45:45+00:00,NAC811,25.912261962890625,-80.12427563937206,2720.34,191.22889182153872,142.65969010396176
2024-08-31 16:45:46+00:00,NAC811,25.910929017147776,-80.12455866887018,2720.34,191.02609158541264,142.56040596617578
2024-08-31 16:45:47+00:00,NAC811,25.909744262695312,-80.12484568469927,2727.96,190.8230112262071,142.4629103422416
2024-08-31 16:45:48+00:00,NAC811,25.908554853019066,-80.1250340388371,2720.34,190.61965527615516,142.3672069065786
2024-08-31 16:45:49+00:00,NAC811,25.90736389160156,-80.12531208542157,2720.34,190.2121349323471,142.1811910083516
2024-08-31 16:45:50+00:00,NAC811,25.906219482421875,-80.1255193746315,2720.34,190.2121349323471,142.1811910083516
2024-08-31 16:45:51+00:00,NAC811,25.904937744140625,-80.12572666384136,2720.34,189.5989030685418,141.91569707840495
2024-08-31 16:45:52+00:00,NAC811,25.903793334960938,-80.12593395305129,2720.34,189.1888360773588,141.74776049026357
2024-08-31 16:45:53+00:00,NAC811,25.902420043945312,-80.12614124226121,2720.34,188.7778173861372,141.58710164345385
2024-08-31 16:45:54+00:00,NAC811,25.901138305664062,-80.12634853147108,2720.34,188.36588612403256,141.43374533899404
2024-08-31 16:45:55+00:00,NAC811,25.900405883789062,-80.12645217607604,2720.34,188.15959065804387,141.359813111484
2024-08-31 16:45:56+00:00,NAC811,25.89839172363281,-80.12676310989093,2720.34,187.98205157381165,140.77823742627749
2024-08-31 16:45:57+00:00,NAC811,25.89710998535156,-80.1269703991008,2720.34,187.74636510703675,141.21745488177095
2024-08-31 16:45:58+00:00,NAC811,25.89593919657045,-80.12714679424579,2720.34,187.74636510703675,141.21745488177095
2024-08-31 16:45:59+00:00,NAC811,25.89472961425781,-80.12733315521814,2720.34,187.9530819714384,141.28771535583058
2024-08-31 16:46:00+00:00,NAC811,25.89349365234375,-80.12754044442806,2720.34,188.6031217786984,141.00083264277055
2024-08-31 16:46:01+00:00,NAC811,25.892257690429688,-80.12779955594044,2720.34,189.2221616644765,141.23994203618278
2024-08-31 16:46:02+00:00,NAC811,25.89119086831303,-80.12804471529444,2720.34,189.8747622070804,140.98863188844635
2024-08-31 16:46:03+00:00,NAC811,25.889933957891948,-80.12830880972052,2720.34,190.9012676530301,141.4524562289328
2024-08-31 16:46:04+00:00,NAC811,25.888641357421875,-80.12868053508254,2720.34,191.75978302657347,141.35232414743166
2024-08-31 16:46:05+00:00,NAC811,25.88740539550781,-80.12899146889737,2720.34,192.6193222934308,141.28396901260123
2024-08-31 16:46:06+00:00,NAC811,25.886116674390887,-80.12936518742487,2720.34,193.47949988286976,141.2474369587546
2024-08-31 16:46:07+00:00,NAC811,25.884841918945312,-80.12976880343456,2720.34,194.33992850134223,141.24275267875404
2024-08-31 16:46:08+00:00,NAC811,25.883416644597457,-80.13021028958832,2720.34,195.2002201767283,141.26991934066015
2024-08-31 16:46:09+00:00,NAC811,25.88234594312765,-80.13058002178485,2720.34,196.05998730716064,141.3289185770279
2024-08-31 16:46:10+00:00,NAC811,25.88122868942002,-80.13094975398138,2720.34,196.7794622838027,140.77823742627749
2024-08-31 16:46:11+00:00,NAC811,25.880530405852756,-80.13121384840741,2720.34,197.44147996663943,140.7406338897332
2024-08-31 16:46:12+00:00,NAC811,25.878621764102224,-80.13190049391523,2720.34,197.90444750624815,140.56282111844945
2024-08-31 16:46:13+00:00,NAC811,25.877471923828125,-80.13235991855834,2720.34,198.6345848774464,140.06960182616032
2024-08-31 16:46:14+00:00,NAC811,25.87624759997352,-80.13285123384912,2720.34,199.10114879310515,139.91552800597196
2024-08-31 16:46:15+00:00,NAC811,25.875,-80.1333445423054,2720.34,199.568710311036,139.77075203679817
2024-08-31 16:46:16+00:00,NAC811,25.873873435844807,-80.13380197378302,2720.34,199.8386485121748,139.45987617438757
2024-08-31 16:46:17+00:00,NAC811,25.872528076171875,-80.13438098835496,2720.34,200.30844183652195,139.32982326976472
2024-08-31 16:46:18+00:00,NAC811,25.871871689618644,-80.13464707594648,2720.34,200.5065883656491,139.50920757889273
2024-08-31 16:46:19+00:00,NAC811,25.870330810546875,-80.13536561210202,2720.34,200.97678420183024,139.39249164107386
2024-08-31 16:46:20+00:00,NAC811,25.86927795410156,-80.13578019052181,2720.34,201.25050550713323,139.09789506270283
2024-08-31 16:46:21+00:00,NAC811,25.868054406117583,-80.13633728027344,2720.34,201.44773632710533,139.285178604238
2024-08-31 16:46:22+00:00,NAC811,25.866983704647776,-80.13681265024036,2720.34,201.44773632710533,139.285178604238
2024-08-31 16:46:23+00:00,NAC811,25.86595955541578,-80.13728802020734,2720.34,201.91938278465625,139.18729021722305
2024-08-31 16:46:24+00:00,NAC811,25.8647026449947,-80.1378690279447,2720.34,202.3916610585458,139.09884637732918
2024-08-31 16:46:25+00:00,NAC811,25.86346435546875,-80.1384231279481,2720.34,202.5873105313657,139.2956286382849
2024-08-31 16:46:26+00:00,NAC811,25.86223537639036,-80.13903104341944,2720.34,202.86450812189963,139.0198651102983
2024-08-31 16:46:27+00:00,NAC811,25.86126708984375,-80.13945957399761,2720.34,203.05959083604375,139.22056098160658
2024-08-31 16:46:28+00:00,NAC811,25.860031127929688,-80.14008144162733,2720.34,203.25410966246653,139.42286616634735
2024-08-31 16:46:29+00:00,NAC811,25.85879051079184,-80.14066842886115,2720.34,203.532348560901,139.15496242902316
2024-08-31 16:46:30+00:00,NAC811,25.857673257084212,-80.14124943659857,2720.34,203.7262633360726,139.36116097803347
2024-08-31 16:46:31+00:00,NAC811,25.856597900390625,-80.14179157760907,2720.34,204.00551996875052,139.09884637732918
2024-08-31 16:46:32+00:00,NAC811,25.85525254071769,-80.1424642709585,2720.34,204.1988031856222,139.30892754788863
2024-08-31 16:46:33+00:00,NAC811,25.854135287010063,-80.14304527869592,2720.34,204.1988031856222,139.30892754788863
2024-08-31 16:46:34+00:00,NAC811,25.853204242253707,-80.14346782977765,2720.34,204.47904098516312,139.0522243068271
2024-08-31 16:46:35+00:00,NAC811,25.85224914550781,-80.14396811431305,2720.34,204.6716653313317,139.26617653339866
2024-08-31 16:46:36+00:00,NAC811,25.850690421411542,-80.14478830190802,2712.7200000000003,204.86369657175183,139.48169798595669
2024-08-31 16:46:37+00:00,NAC811,25.8497314453125,-80.145263671875,2712.7200000000003,204.86369657175183,139.48169798595669
2024-08-31 16:46:38+00:00,NAC811,25.84858703613281,-80.14588553950472,2712.7200000000003,205.1447856306789,139.2329166691986
2024-08-31 16:46:39+00:00,NAC811,25.847292108050848,-80.14658414400537,2712.7200000000003,205.3361222871081,139.45228517863166
2024-08-31 16:46:40+00:00,NAC811,25.846206665039062,-80.14712927476415,2712.7200000000003,205.3361222871081,139.45228517863166
2024-08-31 16:46:41+00:00,NAC811,25.84556967525159,-80.14748206505408,2712.7200000000003,205.52685579699835,139.67320395885213
2024-08-31 16:46:42+00:00,NAC811,25.84437561035156,-80.14811389851121,2712.7200000000003,205.52685579699835,139.67320395885213
2024-08-31 16:46:43+00:00,NAC811,25.84319551112288,-80.14874971829926,2712.7200000000003,205.71698480047323,139.89566566544534
2024-08-31 16:46:44+00:00,NAC811,25.8419386007018,-80.14938354492188,2720.34,205.9065079995144,140.11966294950648
2024-08-31 16:46:45+00:00,NAC811,25.84082134699417,-80.15001737154444,2720.34,205.9065079995144,140.11966294950648
2024-08-31 16:46:46+00:00,NAC811,25.83970642089844,-80.15060136903008,2720.34,205.814903802975,140.58258919933533
2024-08-31 16:46:47+00:00,NAC811,25.83807476496292,-80.1514963003305,2720.34,206.00334584451144,140.8073732598992
2024-08-31 16:46:48+00:00,NAC811,25.837554931640625,-80.15179328198701,2720.34,206.00334584451144,140.8073732598992
2024-08-31 16:46:49+00:00,NAC811,25.835861206054688,-80.1526742611291,2720.34,206.00334584451144,140.8073732598992
2024-08-31 16:46:50+00:00,NAC811,25.835328182931672,-80.15297522911658,2720.34,206.00334584451144,140.8073732598992
2024-08-31 16:46:51+00:00,NAC811,25.833605750132413,-80.15387315016523,2720.34,206.00334584451144,140.8073732598992
2024-08-31 16:46:52+00:00,NAC811,25.832581600900426,-80.15445415790265,2720.34,206.00334584451144,140.8073732598992
2024-08-31 16:46:53+00:00,NAC811,25.83137124271716,-80.15514080341046,2720.34,206.00334584451144,140.8073732598992
2024-08-31 16:46:54+00:00,NAC811,25.830734252929688,-80.15547266546287,2712.7200000000003,206.09542415738832,140.34518845848189
2024-08-31 16:46:55+00:00,NAC811,25.829183287539724,-80.15630182230248,2712.7200000000003,206.28373209806645,140.57223483699966
2024-08-31 16:46:56+00:00,NAC811,25.82798767089844,-80.15696207682288,2712.7200000000003,206.28373209806645,140.57223483699966
2024-08-31 16:46:57+00:00,NAC811,25.82684326171875,-80.15757242838538,2712.7200000000003,206.28373209806645,140.57223483699966
2024-08-31 16:46:58+00:00,NAC811,25.8262939453125,-80.15787760416663,2712.7200000000003,206.28373209806645,140.57223483699966
2024-08-31 16:46:59+00:00,NAC811,25.824528063757946,-80.15884111512383,2712.7200000000003,206.28373209806645,140.57223483699966
2024-08-31 16:47:00+00:00,NAC811,25.82341081005032,-80.15946298275355,2712.7200000000003,206.28373209806645,140.57223483699966
2024-08-31 16:47:01+00:00,NAC811,25.822769165039062,-80.15981038411456,2712.7200000000003,206.4714307056375,140.80079472768833
2024-08-31 16:47:02+00:00,NAC811,25.821075439453125,-80.1607767740885,2712.7200000000003,206.4714307056375,140.80079472768833
2024-08-31 16:47:03+00:00,NAC811,25.81993103027344,-80.161387125651,2712.7200000000003,206.4714307056375,140.80079472768833
2024-08-31 16:47:04+00:00,NAC811,25.81884869074417,-80.16200227557488,2712.7200000000003,206.4714307056375,140.80079472768833
2024-08-31 16:47:05+00:00,NAC811,25.817731437036542,-80.1626241432046,2712.7200000000003,206.4714307056375,140.80079472768833
2024-08-31 16:47:06+00:00,NAC811,25.816635131835938,-80.1632181803385,2712.7200000000003,206.65851892371387,141.03086077198475
2024-08-31 16:47:07+00:00,NAC811,25.815590034096928,-80.16381605616152,2712.7200000000003,206.7525980670284,140.57129349351325
2024-08-31 16:47:08+00:00,NAC811,25.814333123675848,-80.16448974609375,2712.7200000000003,206.7525980670284,140.57129349351325
2024-08-31 16:47:09+00:00,NAC811,25.81377449682203,-80.16485250221109,2712.7200000000003,206.9395280638008,140.8036141362715
2024-08-31 16:47:10+00:00,NAC811,25.812469482421875,-80.16555786132812,2712.7200000000003,206.9395280638008,140.8036141362715
2024-08-31 16:47:11+00:00,NAC811,25.810934810315143,-80.16640717128536,2712.7200000000003,206.9395280638008,140.8036141362715
2024-08-31 16:47:12+00:00,NAC811,25.80981755660752,-80.16708086121758,2712.7200000000003,206.9395280638008,140.8036141362715
2024-08-31 16:47:13+00:00,NAC811,25.809310913085938,-80.16733805338538,2712.7200000000003,207.03467819676763,140.34518845848189
2024-08-31 16:47:14+00:00,NAC811,25.8076171875,-80.16830444335938,2712.7200000000003,207.03467819676763,140.34518845848189
2024-08-31 16:47:15+00:00,NAC811,25.806472778320312,-80.16896565755206,2712.7200000000003,207.221438919404,140.57976535796914
2024-08-31 16:47:16+00:00,NAC811,25.80537414550781,-80.16957600911456,2712.7200000000003,207.221438919404,140.57976535796914
2024-08-31 16:47:17+00:00,NAC811,25.804229736328125,-80.17023722330725,2712.7200000000003,207.31766180645252,140.1224960631615
2024-08-31 16:47:18+00:00,NAC811,25.803131103515625,-80.17084757486975,2712.7200000000003,207.31766180645252,140.1224960631615
2024-08-31 16:47:19+00:00,NAC811,25.80244445800781,-80.17125447591144,2720.34,207.31766180645252,140.1224960631615
2024-08-31 16:47:20+00:00,NAC811,25.80120849609375,-80.17196655273438,2720.34,207.13045170034675,139.88715237045838
2024-08-31 16:47:21+00:00,NAC811,25.80004158666578,-80.17262584758254,2720.34,207.22685418013333,139.4295097116932
2024-08-31 16:47:22+00:00,NAC811,25.79883122848252,-80.17329953751471,2720.34,207.22685418013333,139.4295097116932
2024-08-31 16:47:23+00:00,NAC811,25.797637939453125,-80.17400105794269,2712.7200000000003,207.22685418013333,139.4295097116932
2024-08-31 16:47:24+00:00,NAC811,25.796630859375,-80.174560546875,2712.7200000000003,207.22685418013333,139.4295097116932
2024-08-31 16:47:25+00:00,NAC811,25.795394897460938,-80.17527262369788,2712.7200000000003,207.4145144930725,139.6656245577201
2024-08-31 16:47:26+00:00,NAC811,25.79436221365201,-80.17589065263854,2712.7200000000003,207.4145144930725,139.6656245577201
2024-08-31 16:47:27+00:00,NAC811,25.79310530323093,-80.17656434257077,2712.7200000000003,207.4145144930725,139.6656245577201
2024-08-31 16:47:28+00:00,NAC811,25.79189494504767,-80.1772898548054,2712.7200000000003,207.4145144930725,139.6656245577201
2024-08-31 16:47:29+00:00,NAC811,25.79077769134004,-80.17791172243511,2720.34,207.4145144930725,139.6656245577201
2024-08-31 16:47:30+00:00,NAC811,25.79017639160156,-80.17827351888019,2720.34,207.4145144930725,139.6656245577201
2024-08-31 16:47:31+00:00,NAC811,25.7889404296875,-80.17898559570312,2720.34,207.4145144930725,139.6656245577201
2024-08-31 16:47:32+00:00,NAC811,25.78779602050781,-80.17959594726562,2720.34,207.4145144930725,139.6656245577201
2024-08-31 16:47:33+00:00,NAC811,25.786605834960938,-80.1803080240885,2712.7200000000003,207.4145144930725,139.6656245577201
2024-08-31 16:47:34+00:00,NAC811,25.78551728846663,-80.18091741597874,2712.7200000000003,207.4145144930725,139.6656245577201
2024-08-31 16:47:35+00:00,NAC811,25.784306930283368,-80.18164292821342,2712.7200000000003,207.4145144930725,139.6656245577201
2024-08-31 16:47:36+00:00,NAC811,25.783126831054688,-80.18229166666663,2712.7200000000003,207.4145144930725,139.6656245577201
2024-08-31 16:47:37+00:00,NAC811,25.78193276615466,-80.18299030807782,2712.7200000000003,207.4145144930725,139.6656245577201
2024-08-31 16:47:38+00:00,NAC811,25.78081551244703,-80.18361217570754,2712.7200000000003,207.4145144930725,139.6656245577201
2024-08-31 16:47:39+00:00,NAC811,25.77978515625,-80.18422444661456,2712.7200000000003,207.4145144930725,139.6656245577201
2024-08-31 16:47:40+00:00,NAC811,25.7786275572696,-80.18490773326943,2712.7200000000003,207.51200262385143,139.2091547581681
2024-08-31 16:47:41+00:00,NAC811,25.77806893041578,-80.18521866708431,2712.7200000000003,207.51200262385143,139.2091547581681
2024-08-31 16:47:42+00:00,NAC811,25.77639304985434,-80.18615146852886,2712.7200000000003,207.4215687894789,138.51542027685073
2024-08-31 16:47:43+00:00,NAC811,25.775275796146715,-80.18677333615858,2712.7200000000003,207.51989243095016,138.05898141872092
2024-08-31 16:47:44+00:00,NAC811,25.774383544921875,-80.18732706705725,2712.7200000000003,207.6188680737664,137.60295182711425
2024-08-31 16:47:45+00:00,NAC811,25.77328491210937,-80.18793741861975,2712.7200000000003,207.5279148027142,136.9088107411543
2024-08-31 16:47:46+00:00,NAC811,25.77224990068856,-80.18853529444277,2712.7200000000003,207.6277515159076,136.4528162781338
2024-08-31 16:47:47+00:00,NAC811,25.770767211914062,-80.18941243489581,2712.7200000000003,207.53607310815715,135.758642793124
2024-08-31 16:47:48+00:00,NAC811,25.77020160222457,-80.18972720739976,2712.7200000000003,207.53607310815715,135.758642793124
2024-08-31 16:47:49+00:00,NAC811,25.769084348516948,-80.19034907502947,2712.7200000000003,207.53607310815715,135.758642793124
2024-08-31 16:47:50+00:00,NAC811,25.767562866210938,-80.19124348958331,2712.7200000000003,207.54437083141747,134.608477644598
2024-08-31 16:47:51+00:00,NAC811,25.76694294557733,-80.19159281028891,2712.7200000000003,207.64597536373867,134.15255527386077
2024-08-31 16:47:52+00:00,NAC811,25.765779139631885,-80.19226650022108,2712.7200000000003,207.55281157671777,133.458315367956
2024-08-31 16:47:53+00:00,NAC811,25.764678955078125,-80.19292195638019,2712.7200000000003,207.65532367162,133.00242999313727
2024-08-31 16:47:54+00:00,NAC811,25.763684288930083,-80.19351023548052,2712.7200000000003,207.75854060106,132.5469733059349
2024-08-31 16:47:55+00:00,NAC811,25.762664794921875,-80.194091796875,2712.7200000000003,207.6648350666497,131.85230831481047
2024-08-31 16:47:56+00:00,NAC811,25.761520385742188,-80.19475301106769,2712.7200000000003,207.6648350666497,131.85230831481047
2024-08-31 16:47:57+00:00,NAC811,25.76060485839844,-80.19526163736975,2712.7200000000003,207.57013718233216,131.15799973253633
2024-08-31 16:47:58+00:00,NAC811,25.7596435546875,-80.19582112630206,2712.7200000000003,207.6745138535817,130.70219033397896
2024-08-31 16:47:59+00:00,NAC811,25.758144572629767,-80.19667139593162,2712.7200000000003,207.5790298998633,130.0078465315484
2024-08-31 16:48:00+00:00,NAC811,25.757260080111227,-80.19724144125883,2712.7200000000003,207.68436448999617,129.55207614911794
2024-08-31 16:48:01+00:00,NAC811,25.75660834878178,-80.19760419737617,2712.7200000000003,207.5880813657458,128.8576965182625
2024-08-31 16:48:02+00:00,NAC811,25.75507212493379,-80.19848517651826,2712.7200000000003,207.69439159314163,128.40196586223044
2024-08-31 16:48:03+00:00,NAC811,25.75446694584216,-80.1988479326356,2712.7200000000003,207.5972958686437,127.70754977880516
2024-08-31 16:48:04+00:00,NAC811,25.75341796875,-80.19943237304688,2712.7200000000003,207.70459994714764,127.25185957900692
2024-08-31 16:48:05+00:00,NAC811,25.75237209514036,-80.20003984559258,2712.7200000000003,207.60667785308797,126.55740640243351
2024-08-31 16:48:06+00:00,NAC811,25.75131225585937,-80.20065307617188,2712.7200000000003,207.71499451063167,126.10175740899317
2024-08-31 16:48:07+00:00,NAC811,25.75046345338983,-80.20112811394455,2712.7200000000003,207.5076754748896,125.86332696549336
2024-08-31 16:48:08+00:00,NAC811,25.749435424804688,-80.20177205403644,2712.7200000000003,207.6162319266217,125.4072664816788
2024-08-31 16:48:09+00:00,NAC811,25.74794963254767,-80.20257913841391,2712.7200000000003,207.51636968020836,124.7131523204092
2024-08-31 16:48:10+00:00,NAC811,25.747146606445312,-80.20309448242188,2720.34,207.62596286734225,124.25713011249792
2024-08-31 16:48:11+00:00,NAC811,25.746139526367188,-80.20365397135413,2720.34,207.62596286734225,124.25713011249792
2024-08-31 16:48:12+00:00,NAC811,25.74557546841896,-80.20397834058076,2720.34,207.62596286734225,124.25713011249792
2024-08-31 16:48:13+00:00,NAC811,25.74408579680879,-80.2048074974204,2720.34,207.62596286734225,124.25713011249792
2024-08-31 16:48:14+00:00,NAC811,25.743576049804688,-80.20512898763019,2720.34,207.62596286734225,124.25713011249792
2024-08-31 16:48:15+00:00,NAC811,25.74256896972656,-80.20573933919269,2720.34,207.62596286734225,124.25713011249792
2024-08-31 16:48:16+00:00,NAC811,25.741432319253175,-80.20641398879718,2720.34,207.94668523129903,124.04182581979664
2024-08-31 16:48:17+00:00,NAC811,25.74041748046875,-80.20701090494788,2720.34,207.94668523129903,124.04182581979664
2024-08-31 16:48:18+00:00,NAC811,25.739181518554688,-80.20782470703125,2720.34,209.0084722414829,124.11861078019912
2024-08-31 16:48:19+00:00,NAC811,25.73858642578125,-80.20823160807288,2712.7200000000003,209.53878225955808,124.17297139914344
2024-08-31 16:48:20+00:00,NAC811,25.737579345703125,-80.20894368489581,2712.7200000000003,210.7189042640292,123.87102216437472
2024-08-31 16:48:21+00:00,NAC811,25.73675537109375,-80.20955403645831,2712.7200000000003,211.77871976827805,124.05889325145112
2024-08-31 16:48:22+00:00,NAC811,25.735799498477224,-80.2103006614829,2705.1,213.0939479780548,123.42582646402022
2024-08-31 16:48:23+00:00,NAC811,25.73482190148305,-80.21107799602004,2705.1,214.68010341875816,123.86568075500706
2024-08-31 16:48:24+00:00,NAC811,25.7340087890625,-80.21184285481769,2697.48,214.68010341875816,123.86568075500706
2024-08-31 16:48:25+00:00,NAC811,25.73304748535156,-80.21270751953125,2689.86,217.87498365109815,123.1768453418372
2024-08-31 16:48:26+00:00,NAC811,25.7325873940678,-80.2130990658166,2689.86,217.87498365109815,123.1768453418372
2024-08-31 16:48:27+00:00,NAC811,25.73142358812235,-80.21439462337855,2682.24,221.4552335444051,123.55334192644736
2024-08-31 16:48:28+00:00,NAC811,25.730758666992188,-80.21514892578125,2682.24,223.1414970003889,123.38186204030094
2024-08-31 16:48:29+00:00,NAC811,25.730026245117188,-80.216064453125,2674.6200000000003,224.83098639137148,123.317495607005
2024-08-31 16:48:30+00:00,NAC811,25.72932873742055,-80.21693391619988,2667.0,226.6946470685372,123.0069921303801
2024-08-31 16:48:31+00:00,NAC811,25.72837829589844,-80.21820068359375,2659.38,228.38633432878368,123.16825080893936
2024-08-31 16:48:32+00:00,NAC811,25.72764587402344,-80.21926879882812,2651.76,230.1021652523582,122.71187918282456
2024-08-31 16:48:33+00:00,NAC811,25.727325439453125,-80.21977742513019,2651.76,231.7889745744388,123.08872293097257
2024-08-31 16:48:34+00:00,NAC811,25.726730346679688,-80.22079467773438,2644.1400000000003,233.51398792975036,122.85198465783046
2024-08-31 16:48:35+00:00,NAC811,25.726070080773304,-80.22185703493511,2636.52,235.0472369241184,123.02097624853316
2024-08-31 16:48:36+00:00,NAC811,25.72554016113281,-80.22288004557288,2628.9,236.6434314987617,122.56513588707692
2024-08-31 16:48:37+00:00,NAC811,25.72494506835937,-80.22404988606769,2621.28,236.6434314987617,122.56513588707692
2024-08-31 16:48:38+00:00,NAC811,25.724441528320312,-80.22511800130206,2613.6600000000003,238.37675282985143,122.64284538575995
2024-08-31 16:48:39+00:00,NAC811,25.723975230071503,-80.22615828604069,2613.6600000000003,241.3895403340348,122.47333204229022
2024-08-31 16:48:40+00:00,NAC811,25.72346315545551,-80.22735019899761,2598.42,243.00416160591337,122.3987582867191
2024-08-31 16:48:41+00:00,NAC811,25.722976684570312,-80.228525797526,2590.8,244.40232783821813,122.64284538575995
2024-08-31 16:48:42+00:00,NAC811,25.72261047363281,-80.22954305013019,2590.8,246.01312984412192,122.74961561894963
2024-08-31 16:48:43+00:00,NAC811,25.72215969279661,-80.23097776017096,2575.56,247.5282336675611,122.47765376613653
2024-08-31 16:48:44+00:00,NAC811,25.721832275390625,-80.23208618164062,2567.94,249.13485842903083,122.77225191309208
2024-08-31 16:48:45+00:00,NAC811,25.721554513704977,-80.23310247457249,2560.32,250.6532589848356,122.67736714018514
2024-08-31 16:48:46+00:00,NAC811,25.721275200278072,-80.2340352760171,2560.32,251.94448787849691,122.82720840228228
2024-08-31 16:48:47+00:00,NAC811,25.720949334613348,-80.23543447818395,2545.08,251.94448787849691,122.82720840228228
2024-08-31 16:48:48+00:00,NAC811,25.72067002118644,-80.23662639114093,2537.46,254.15378884624417,122.46144651530363
2024-08-31 16:48:49+00:00,NAC811,25.720367431640625,-80.23788452148438,2529.84,254.15378884624417,122.46144651530363
2024-08-31 16:48:50+00:00,NAC811,25.720111394332623,-80.2391138616598,2522.2200000000003,255.4397243806431,122.77979641706406
2024-08-31 16:48:51+00:00,NAC811,25.71981811523437,-80.24032592773438,2514.6,255.9054105445909,122.52518266764427
2024-08-31 16:48:52+00:00,NAC811,25.71954345703125,-80.24164835611975,2506.98,255.9054105445909,122.52518266764427
2024-08-31 16:48:53+00:00,NAC811,25.71941311076536,-80.24217137750588,2499.36,256.13897243697886,122.40092048423884
2024-08-31 16:48:54+00:00,NAC811,25.718994140625,-80.24393333579008,2484.1200000000003,256.13897243697886,122.40092048423884
2024-08-31 16:48:55+00:00,NAC811,25.71871482719809,-80.24512524874706,2476.5,255.84658741214855,122.02629030544158
2024-08-31 16:48:56+00:00,NAC811,25.718482066009003,-80.24616169479657,2468.88,255.84658741214855,122.02629030544158
2024-08-31 16:48:57+00:00,NAC811,25.71821594238281,-80.2474466959635,2461.26,255.84658741214855,122.02629030544158
2024-08-31 16:48:58+00:00,NAC811,25.717987060546875,-80.24846394856769,2453.6400000000003,255.84658741214855,122.02629030544158
2024-08-31 16:48:59+00:00,NAC811,25.7176906779661,-80.24973743366746,2438.4,255.84658741214855,122.02629030544158
2024-08-31 16:49:00+00:00,NAC811,25.71745791677701,-80.25077387971697,2430.78,255.84658741214855,122.02629030544158
2024-08-31 16:49:01+00:00,NAC811,25.717178603350103,-80.2519657926739,2423.1600000000003,255.84658741214855,122.02629030544158
2024-08-31 16:49:02+00:00,NAC811,25.7168992899232,-80.25326135023585,2415.54,256.08104557911486,121.90151956951672
2024-08-31 16:49:03+00:00,NAC811,25.71665954589844,-80.25436401367188,2407.92,256.08104557911486,121.90151956951672
2024-08-31 16:49:04+00:00,NAC811,25.716522216796875,-80.25482177734375,2400.3,256.08104557911486,121.90151956951672
2024-08-31 16:49:05+00:00,NAC811,25.716110229492188,-80.25670369466144,2385.06,256.31598024775246,121.77879423883658
2024-08-31 16:49:06+00:00,NAC811,25.71601479740466,-80.25725166752653,2385.06,256.31598024775246,121.77879423883658
2024-08-31 16:49:07+00:00,NAC811,25.715606689453125,-80.25909423828125,2369.82,256.55138494831345,121.65812050344522
2024-08-31 16:49:08+00:00,NAC811,25.715377807617188,-80.260264078776,2362.2000000000003,256.7872531216648,121.53950447428596
2024-08-31 16:49:09+00:00,NAC811,25.71513030488612,-80.2615010963296,2346.96,256.7872531216648,121.53950447428596
2024-08-31 16:49:10+00:00,NAC811,25.71489754369703,-80.26269300928652,2339.34,257.0235781199879,121.4229521817742
2024-08-31 16:49:11+00:00,NAC811,25.714618230270126,-80.26398856684847,2331.7200000000003,257.0235781199879,121.4229521817742
2024-08-31 16:49:12+00:00,NAC811,25.71441650390625,-80.26509602864581,2316.48,257.2603532075179,121.30846957437944
2024-08-31 16:49:13+00:00,NAC811,25.714199260129767,-80.26611328125,2308.86,257.7352262721076,121.08573679064928
2024-08-31 16:49:14+00:00,NAC811,25.71396649894068,-80.26740883881189,2301.24,257.97331034509466,120.97749808890056
2024-08-31 16:49:15+00:00,NAC811,25.713780289989405,-80.2684452848614,2293.62,258.4507381764406,120.76730409782203
2024-08-31 16:49:16+00:00,NAC811,25.71359408103813,-80.26963719781838,2286.0,258.92979742206063,120.56552432306178
2024-08-31 16:49:17+00:00,NAC811,25.713409423828125,-80.27089436848956,2270.76,259.4552411249932,120.8779204594394
2024-08-31 16:49:18+00:00,NAC811,25.71322166313559,-80.27222831294222,2263.1400000000003,260.17606827658415,120.6050295383393
2024-08-31 16:49:19+00:00,NAC811,25.713043212890625,-80.27338663736975,2255.52,260.65838501405347,120.43374668172738
2024-08-31 16:49:20+00:00,NAC811,25.712905883789062,-80.27445475260413,2247.9,261.14204123637165,120.27102207384102
2024-08-31 16:49:21+00:00,NAC811,25.712802692995236,-80.27554494030068,2240.28,261.6269733252176,120.11689049674618
2024-08-31 16:49:22+00:00,NAC811,25.71266303628178,-80.27673685325766,2225.04,262.35662192852044,119.90187704921802
2024-08-31 16:49:23+00:00,NAC811,25.71253967285156,-80.27801513671875,2217.42,262.8749836510982,120.27982362690528
2024-08-31 16:49:24+00:00,NAC811,25.712448120117188,-80.27908325195312,2209.8,263.3618187070526,120.15654321449252
2024-08-31 16:49:25+00:00,NAC811,25.712310791015625,-80.28035481770831,2202.1800000000003,263.3618187070526,120.15654321449252
2024-08-31 16:49:26+00:00,NAC811,25.71224406614142,-80.28140086048052,2194.56,264.3139657034794,119.42416080567216
2024-08-31 16:49:27+00:00,NAC811,25.712104409427965,-80.28280006264737,2179.32,264.5596679689945,119.3742887552756
2024-08-31 16:49:28+00:00,NAC811,25.712057857190143,-80.28409562020931,2171.7000000000003,265.0516662499756,119.28113847117866
2024-08-31 16:49:29+00:00,NAC811,25.71201130495233,-80.28471748783903,2164.08,265.54439716667366,119.19679691655377
2024-08-31 16:49:30+00:00,NAC811,25.711944580078125,-80.28594970703125,2156.46,265.79101507582976,119.1579353343553
2024-08-31 16:49:31+00:00,NAC811,25.71187164823888,-80.28730860296287,2141.2200000000003,266.2847108945712,119.08684135907583
2024-08-31 16:49:32+00:00,NAC811,25.71177854376324,-80.2889669166421,2133.6,266.5317707410828,119.05461292464376
2024-08-31 16:49:33+00:00,NAC811,25.711731991525426,-80.2895369619693,2125.98,266.77895978449953,119.02459929632226
2024-08-31 16:49:34+00:00,NAC811,25.711715698242188,-80.290781656901,2118.36,267.0262689175199,118.99680214998082
2024-08-31 16:49:35+00:00,NAC811,25.71162414550781,-80.29195149739581,2110.74,267.2736890060937,118.97122303923564
2024-08-31 16:49:36+00:00,NAC811,25.711578369140625,-80.29327392578125,2095.5,267.26185348064485,118.45736384632175
2024-08-31 16:49:37+00:00,NAC811,25.711545782574152,-80.29451190300705,2087.88,267.26185348064485,118.45736384632175
2024-08-31 16:49:38+00:00,NAC811,25.711499230336333,-80.295807460569,2080.26,267.5104470780008,118.43390284968235
2024-08-31 16:49:39+00:00,NAC811,25.71145267809852,-80.29710301813088,2072.6400000000003,267.5104470780008,118.43390284968235
2024-08-31 16:49:40+00:00,NAC811,25.711406125860695,-80.29824310878536,2057.4,267.5104470780008,118.43390284968235
2024-08-31 16:49:41+00:00,NAC811,25.71135957362288,-80.29886497641508,2057.4,267.5104470780008,118.43390284968235
2024-08-31 16:49:42+00:00,NAC811,25.711313021385063,-80.30016053397702,2042.16,267.74935910296244,117.89862334854038
2024-08-31 16:49:43+00:00,NAC811,25.711266469147244,-80.3013006246315,2034.54,267.74935910296244,117.89862334854038
2024-08-31 16:49:44+00:00,NAC811,25.711219916909428,-80.30259618219338,2026.92,267.4995894356231,117.91994652065688
2024-08-31 16:49:45+00:00,NAC811,25.711212158203125,-80.30385335286456,2019.3,267.4995894356231,117.91994652065688
2024-08-31 16:49:46+00:00,NAC811,25.711166381835938,-80.30487060546875,2011.68,267.4995894356231,117.91994652065688
2024-08-31 16:49:47+00:00,NAC811,25.71112060546875,-80.3060404459635,1996.44,267.4995894356231,117.91994652065688
2024-08-31 16:49:48+00:00,NAC811,25.711033707958155,-80.30726018941624,1988.82,267.4995894356231,117.91994652065688
2024-08-31 16:49:50+00:00,NAC811,25.71094060348252,-80.30974765993511,1965.96,267.2378716866212,117.42966082353846
2024-08-31 16:49:51+00:00,NAC811,25.7108940512447,-80.31088775058959,1958.34,267.2378716866212,117.42966082353846
2024-08-31 16:49:52+00:00,NAC811,25.710845947265625,-80.3118896484375,1950.72,267.2378716866212,117.42966082353846
2024-08-31 16:49:53+00:00,NAC811,25.71080017089844,-80.31305948893225,1943.1,267.2378716866212,117.42966082353846
2024-08-31 16:49:54+00:00,NAC811,25.71075439453125,-80.31404891104069,1935.48,267.2378716866212,117.42966082353846
2024-08-31 16:49:55+00:00,NAC811,25.710662841796875,-80.31575520833331,1920.24,267.2378716866212,117.42966082353846
2024-08-31 16:49:56+00:00,NAC811,25.710617065429688,-80.31692504882812,1912.62,267.2378716866212,117.42966082353846
2024-08-31 16:49:57+00:00,NAC811,25.7106147378178,-80.31757282760907,1905.0,267.2378716866212,117.42966082353846
2024-08-31 16:49:58+00:00,NAC811,25.710525512695312,-80.31911214192706,1889.76,267.2257226886992,116.9158171287119
2024-08-31 16:49:59+00:00,NAC811,25.710479736328125,-80.32038370768225,1882.14,267.2257226886992,116.9158171287119
2024-08-31 16:50:00+00:00,NAC811,25.710433959960938,-80.32109578450519,1874.52,267.2257226886992,116.9158171287119
2024-08-31 16:50:01+00:00,NAC811,25.710381976628707,-80.32234047943689,1866.9,267.4775877165605,116.89204673399531
2024-08-31 16:50:02+00:00,NAC811,25.71034240722656,-80.32343546549475,1859.28,267.4775877165605,116.89204673399531
2024-08-31 16:50:03+00:00,NAC811,25.710288872153072,-80.32513888377065,1844.04,267.4775877165605,116.89204673399531
2024-08-31 16:50:04+00:00,NAC811,25.710250854492188,-80.32577514648438,1836.42,267.4775877165605,116.89204673399531
2024-08-31 16:50:05+00:00,NAC811,25.71019576767744,-80.32747088738205,1821.18,267.4775877165605,116.89204673399531
2024-08-31 16:50:06+00:00,NAC811,25.710149215439618,-80.32850733343162,1813.56,267.72955032933487,116.87053602045712
2024-08-31 16:50:07+00:00,NAC811,25.71015930175781,-80.32903035481769,1813.56,267.72955032933487,116.87053602045712
2024-08-31 16:50:08+00:00,NAC811,25.71006774902344,-80.33075968424475,1798.3200000000002,267.72955032933487,116.87053602045712
2024-08-31 16:50:09+00:00,NAC811,25.71006774902344,-80.33121744791663,1790.7,267.72955032933487,116.87053602045712
2024-08-31 16:50:10+00:00,NAC811,25.710009558726163,-80.33301587374706,1775.46,267.4775877165605,116.89204673399531
2024-08-31 16:50:11+00:00,NAC811,25.709930419921875,-80.33437093098956,1767.84,267.4775877165605,116.89204673399531
2024-08-31 16:50:12+00:00,NAC811,25.70986990201271,-80.33560698887084,1752.6,267.4775877165605,116.89204673399531
2024-08-31 16:50:13+00:00,NAC811,25.709884643554688,-80.33625284830725,1752.6,267.4775877165605,116.89204673399531
2024-08-31 16:50:14+00:00,NAC811,25.709793090820312,-80.33737182617188,1737.36,267.4775877165605,116.89204673399531
2024-08-31 16:50:15+00:00,NAC811,25.709776797537074,-80.33850903780956,1729.74,267.4775877165605,116.89204673399531
2024-08-31 16:50:16+00:00,NAC811,25.70968369306144,-80.34021917379124,1714.5,267.4775877165605,116.89204673399531
2024-08-31 16:50:17+00:00,NAC811,25.70965576171875,-80.34077962239581,1706.88,267.4775877165605,116.89204673399531
2024-08-31 16:50:18+00:00,NAC811,25.709590588585804,-80.34244753279773,1691.64,267.4775877165605,116.89204673399531
2024-08-31 16:50:19+00:00,NAC811,25.709544036347985,-80.3434839788473,1684.02,267.2257226886992,116.9158171287119
2024-08-31 16:50:20+00:00,NAC811,25.709518432617188,-80.34469604492188,1676.4,267.2257226886992,116.9158171287119
2024-08-31 16:50:22+00:00,NAC811,25.70942687988281,-80.34642537434894,1661.16,267.2257226886992,116.9158171287119
2024-08-31 16:50:23+00:00,NAC811,25.709357827396715,-80.34825163067512,1645.92,266.9739649169745,116.94184582665235
2024-08-31 16:50:24+00:00,NAC811,25.70928955078125,-80.34886678059894,1638.3000000000002,266.9606004310731,116.42812230877006
2024-08-31 16:50:25+00:00,NAC811,25.70921817068326,-80.35022087816924,1623.0600000000002,266.9606004310731,116.42812230877006
2024-08-31 16:50:26+00:00,NAC811,25.70917161844545,-80.35125732421875,1615.44,266.9606004310731,116.42812230877006
2024-08-31 16:50:27+00:00,NAC811,25.709125066207623,-80.35301928250294,1600.2,266.9606004310731,116.42812230877006
2024-08-31 16:50:28+00:00,NAC811,25.709078513969807,-80.35369297243511,1600.2,266.9606004310731,116.42812230877006
2024-08-31 16:50:29+00:00,NAC811,25.70903196173199,-80.35483306308959,1584.96,266.9606004310731,116.42812230877006
2024-08-31 16:50:30+00:00,NAC811,25.70892333984375,-80.35654703776038,1577.34,266.9606004310731,116.42812230877006
2024-08-31 16:50:32+00:00,NAC811,25.70887756347656,-80.35781860351562,1562.1,266.9606004310731,116.42812230877006
2024-08-31 16:50:33+00:00,NAC811,25.708799200542902,-80.3594970703125,1546.86,266.9606004310731,116.42812230877006
2024-08-31 16:50:34+00:00,NAC811,25.708740234375,-80.36081949869788,1539.24,266.9606004310731,116.42812230877006
2024-08-31 16:50:38+00:00,NAC811,25.708566439353813,-80.36473112286262,1508.76,266.9606004310731,116.42812230877006
2024-08-31 16:50:40+00:00,NAC811,25.70842678264036,-80.36794410561612,1478.28,266.9606004310731,116.42812230877006
2024-08-31 16:50:41+00:00,NAC811,25.70838023040254,-80.3686696178508,1478.28,266.9606004310731,116.42812230877006
2024-08-31 16:50:42+00:00,NAC811,25.708333678164724,-80.36923966317806,1470.66,266.9606004310731,116.42812230877006
2024-08-31 16:50:45+00:00,NAC811,25.708100916975635,-80.37395549270343,1440.18,266.707852887004,116.45653257792937
2024-08-31 16:50:46+00:00,NAC811,25.708054364737816,-80.37452553803064,1432.5600000000002,266.707852887004,116.45653257792937
2024-08-31 16:50:47+00:00,NAC811,25.7080078125,-80.376230875651,1424.94,266.707852887004,116.45653257792937
2024-08-31 16:50:48+00:00,NAC811,25.70796203613281,-80.37679036458331,1417.3200000000002,266.707852887004,116.45653257792937
2024-08-31 16:50:49+00:00,NAC811,25.70791470802436,-80.37815309920398,1409.7,266.9606004310731,116.42812230877006
2024-08-31 16:50:50+00:00,NAC811,25.707868155786542,-80.37872314453125,1402.0800000000002,266.9606004310731,116.42812230877006
2024-08-31 16:50:51+00:00,NAC811,25.70777505131091,-80.38022599130306,1394.46,266.9606004310731,116.42812230877006
2024-08-31 16:50:52+00:00,NAC811,25.70772849907309,-80.38172883807488,1386.84,266.9606004310731,116.42812230877006
2024-08-31 16:50:53+00:00,NAC811,25.70768194683528,-80.38276528412439,1379.22,266.9606004310731,116.42812230877006
2024-08-31 16:50:54+00:00,NAC811,25.7076416015625,-80.38375854492188,1371.6,266.9606004310731,116.42812230877006
2024-08-31 16:50:55+00:00,NAC811,25.707550048828125,-80.38492838541663,1363.98,266.9606004310731,116.42812230877006
2024-08-31 16:50:56+00:00,NAC811,25.707495737884003,-80.38623737839032,1356.36,266.9606004310731,116.42812230877006
2024-08-31 16:50:57+00:00,NAC811,25.70745849609375,-80.38731892903644,1348.74,266.9606004310731,116.42812230877006
2024-08-31 16:50:58+00:00,NAC811,25.707402633408368,-80.38851755969927,1341.12,266.9471174852076,115.91440518160626
2024-08-31 16:50:59+00:00,NAC811,25.707321166992188,-80.38976033528644,1333.5,266.9471174852076,115.91440518160626
2024-08-31 16:51:00+00:00,NAC811,25.707262976694917,-80.39095320791569,1325.88,266.9471174852076,115.91440518160626
2024-08-31 16:51:01+00:00,NAC811,25.70722961425781,-80.39215087890625,1318.26,266.9471174852076,115.91440518160626
2024-08-31 16:51:03+00:00,NAC811,25.70709228515625,-80.39433797200519,1310.64,266.6932535197575,115.94294133035432
2024-08-31 16:51:04+00:00,NAC811,25.707030215505824,-80.39556539283609,1303.02,266.9471174852076,115.91440518160626
2024-08-31 16:51:07+00:00,NAC811,25.70689055879237,-80.39903748710202,1280.16,266.9471174852076,115.91440518160626
2024-08-31 16:51:08+00:00,NAC811,25.706844006554554,-80.40007393315153,1272.54,266.9335144988741,115.40069453050758
2024-08-31 16:51:09+00:00,NAC811,25.706771850585938,-80.40115356445312,1264.92,266.9335144988741,115.40069453050758
2024-08-31 16:51:10+00:00,NAC811,25.7067043498411,-80.40235411446048,1257.3,266.9335144988741,115.40069453050758
2024-08-31 16:51:12+00:00,NAC811,25.70665779760328,-80.40406425044222,1249.68,267.1886264054734,115.37431814599552
2024-08-31 16:51:13+00:00,NAC811,25.706611245365465,-80.40520434109669,1242.0600000000002,267.1886264054734,115.37431814599552
2024-08-31 16:51:14+00:00,NAC811,25.70649719238281,-80.40690104166663,1234.44,266.9335144988741,115.40069453050758
2024-08-31 16:51:15+00:00,NAC811,25.70647158865201,-80.40810639003536,1234.44,266.9335144988741,115.40069453050758
2024-08-31 16:51:17+00:00,NAC811,25.70633193193856,-80.4103865713443,1219.2,266.9471174852076,115.91440518160626
2024-08-31 16:51:18+00:00,NAC811,25.70628537970074,-80.41168212890625,1211.5800000000002,266.9471174852076,115.91440518160626
2024-08-31 16:51:19+00:00,NAC811,25.706192275225103,-80.41282221956072,1211.5800000000002,266.707852887004,116.45653257792937
2024-08-31 16:51:20+00:00,NAC811,25.706130981445312,-80.41392008463538,1203.96,266.707852887004,116.45653257792937
2024-08-31 16:51:21+00:00,NAC811,25.706099170749468,-80.41505057856722,1203.96,266.707852887004,116.45653257792937
2024-08-31 16:51:22+00:00,NAC811,25.70605261851165,-80.41619066922169,1196.34,266.707852887004,116.45653257792937
2024-08-31 16:51:23+00:00,NAC811,25.705959514036017,-80.41733075987617,1196.34,266.707852887004,116.45653257792937
2024-08-31 16:51:24+00:00,NAC811,25.7059129617982,-80.41841902822819,1196.34,266.707852887004,116.45653257792937
2024-08-31 16:51:25+00:00,NAC811,25.705856323242188,-80.41971842447913,1188.72,266.707852887004,116.45653257792937
2024-08-31 16:51:27+00:00,NAC811,25.705726752846928,-80.42209841170398,1188.72,266.6932535197575,115.94294133035432
2024-08-31 16:51:28+00:00,NAC811,25.70568020060911,-80.42266845703125,1188.72,266.6932535197575,115.94294133035432
2024-08-31 16:51:29+00:00,NAC811,25.70562744140625,-80.42429606119788,1188.72,266.6932535197575,115.94294133035432
2024-08-31 16:51:30+00:00,NAC811,25.70554054389565,-80.4254150390625,1188.72,266.9335144988741,115.40069453050758
2024-08-31 16:51:32+00:00,NAC811,25.7054443359375,-80.42719523111975,1188.72,266.707852887004,116.45653257792937
2024-08-31 16:51:34+00:00,NAC811,25.705354334944385,-80.42950900095815,1188.72,266.707852887004,116.45653257792937
2024-08-31 16:51:35+00:00,NAC811,25.70526123046875,-80.43121337890625,1196.34,266.707852887004,116.45653257792937
2024-08-31 16:51:38+00:00,NAC811,25.70503234863281,-80.43523152669269,1188.72,266.5906639795098,121.10868407899682
2024-08-31 16:51:39+00:00,NAC811,25.70502846927966,-80.43588314416274,1188.72,266.6050764578817,121.62222143863887
2024-08-31 16:51:40+00:00,NAC811,25.70494079589844,-80.43716430664062,1196.34,266.6050764578817,121.62222143863887
2024-08-31 16:51:41+00:00,NAC811,25.704842260328387,-80.43894066000883,1196.34,266.6335393365702,122.64931895485698
2024-08-31 16:51:42+00:00,NAC811,25.704803466796875,-80.43960571289062,1196.34,266.6335393365702,122.64931895485698
2024-08-31 16:51:43+00:00,NAC811,25.70479570809057,-80.44013257296581,1203.96,266.6475927528969,123.16287892132156
2024-08-31 16:51:44+00:00,NAC811,25.704702603614937,-80.44210182045987,1196.34,266.6475927528969,123.16287892132156
2024-08-31 16:51:45+00:00,NAC811,25.7046094991393,-80.44344920032427,1196.34,266.6335393365702,122.64931895485698
2024-08-31 16:51:46+00:00,NAC811,25.704562946901483,-80.4446929355837,1196.34,266.6335393365702,122.64931895485698
2024-08-31 16:51:47+00:00,NAC811,25.70448303222656,-80.44606526692706,1196.34,266.6335393365702,122.64931895485698
2024-08-31 16:51:48+00:00,NAC811,25.70442329018803,-80.44733587300999,1196.34,266.8603398521797,122.10651014693676
2024-08-31 16:51:49+00:00,NAC811,25.70437673795021,-80.44852778596697,1188.72,266.84706299222466,121.59284159309148
2024-08-31 16:51:50+00:00,NAC811,25.704345703125,-80.44921875,1188.72,266.84706299222466,121.59284159309148
2024-08-31 16:51:51+00:00,NAC811,25.70428363347457,-80.45034156655362,1188.72,266.84706299222466,121.59284159309148
2024-08-31 16:51:52+00:00,NAC811,25.70416259765625,-80.45232137044269,1188.72,267.0767970680218,121.05185427175904
2024-08-31 16:51:57+00:00,NAC811,25.70391121557203,-80.45832220113499,1188.72,267.29705596218525,119.99895645916992
2024-08-31 16:52:00+00:00,NAC811,25.70377155885858,-80.46122425007371,1188.72,267.000344693504,117.96931170061372
2024-08-31 16:52:01+00:00,NAC811,25.70375061035156,-80.46223958333331,1188.72,267.000344693504,117.96931170061372
2024-08-31 16:52:02+00:00,NAC811,25.703659057617188,-80.46340942382812,1188.72,267.000344693504,117.96931170061372
2024-08-31 16:52:03+00:00,NAC811,25.703631902145126,-80.46448905512972,1188.72,267.000344693504,117.96931170061372
2024-08-31 16:52:04+00:00,NAC811,25.70353879766949,-80.4660955465065,1188.72,266.9606004310731,116.42812230877006
2024-08-31 16:52:05+00:00,NAC811,25.70353879766949,-80.46671741413621,1188.72,266.9606004310731,116.42812230877006
2024-08-31 16:52:08+00:00,NAC811,25.7033060364804,-80.47086319833431,1188.72,266.9471174852076,115.91440518160626
2024-08-31 16:52:10+00:00,NAC811,25.703212932004767,-80.47314337964326,1188.72,266.9471174852076,115.91440518160626
2024-08-31 16:52:11+00:00,NAC811,25.703166379766948,-80.47371342497053,1188.72,266.9471174852076,115.91440518160626
2024-08-31 16:52:15+00:00,NAC811,25.70297241210937,-80.47770182291663,1188.72,266.678524236654,115.42935767755064
2024-08-31 16:52:17+00:00,NAC811,25.702789306640625,-80.48090616861975,1188.72,266.678524236654,115.42935767755064
2024-08-31 16:52:18+00:00,NAC811,25.70274353027344,-80.482177734375,1196.34,266.678524236654,115.42935767755064
2024-08-31 16:52:20+00:00,NAC811,25.70260775291313,-80.48464793079302,1196.34,266.9471174852076,115.91440518160626
2024-08-31 16:52:21+00:00,NAC811,25.70256120067532,-80.48583984375,1196.34,266.9471174852076,115.91440518160626
2024-08-31 16:52:22+00:00,NAC811,25.7025146484375,-80.48697993440447,1196.34,267.21346643050674,116.40197873694326
2024-08-31 16:52:23+00:00,NAC811,25.702468872070312,-80.48807779947913,1196.34,266.9606004310731,116.42812230877006
2024-08-31 16:52:24+00:00,NAC811,25.70242154396186,-80.48920829341097,1196.34,266.9739649169745,116.94184582665235
2024-08-31 16:52:26+00:00,NAC811,25.702377319335938,-80.49041748046875,1196.34,266.9739649169745,116.94184582665235
2024-08-31 16:52:27+00:00,NAC811,25.70223533501059,-80.49257674307194,1196.34,266.7366686817646,117.48373745897688
2024-08-31 16:52:28+00:00,NAC811,25.702194213867188,-80.49372355143225,1196.34,266.7508884392793,117.99735089757296
2024-08-31 16:52:29+00:00,NAC811,25.70214223053496,-80.49490874668334,1196.34,266.7508884392793,117.99735089757296
2024-08-31 16:52:30+00:00,NAC811,25.70204912605932,-80.49610065964032,1203.96,266.7508884392793,117.99735089757296
2024-08-31 16:52:34+00:00,NAC811,25.701873779296875,-80.49992879231769,1196.34,266.7508884392793,117.99735089757296
2024-08-31 16:52:46+00:00,NAC811,25.70163015591896,-80.51537855616156,1196.34,266.7508884392793,117.99735089757296
2024-08-31 16:52:47+00:00,NAC811,25.7017822265625,-80.51640828450519,1196.34,266.7508884392793,117.99735089757296
2024-08-31 16:52:52+00:00,NAC811,25.703073275291317,-80.522063633181,1188.72,283.4957332807958,119.03682798432835
2024-08-31 16:52:53+00:00,NAC811,25.703492245431672,-80.52330736844044,1188.72,286.0816519568137,118.85771890491456
2024-08-31 16:52:54+00:00,NAC811,25.7039794921875,-80.52444458007812,1188.72,288.434948822922,118.75747810835932
2024-08-31 16:52:55+00:00,NAC811,25.704469842425848,-80.52553572744694,1188.72,290.7882456890303,118.85771890491456
2024-08-31 16:52:56+00:00,NAC811,25.704935364804022,-80.52646852889148,1188.72,293.2312005155414,118.68502932452604
2024-08-31 16:52:58+00:00,NAC811,25.705587096133478,-80.52771226415092,1188.72,297.5623624650296,118.96232466801608
2024-08-31 16:53:04+00:00,NAC811,25.70991645425053,-80.53362000663327,1196.34,297.5623624650296,118.96232466801608
2024-08-31 16:53:10+00:00,NAC811,25.715316513837397,-80.53823219155366,1196.34,321.22582906442574,120.75525065244712
2024-08-31 16:53:11+00:00,NAC811,25.71620100635593,-80.53875041457842,1196.34,325.5667506009661,121.0037466649244
2024-08-31 16:53:12+00:00,NAC811,25.717178603350103,-80.53932045990567,1203.96,325.5667506009661,121.0037466649244
2024-08-31 16:53:13+00:00,NAC811,25.718063095868644,-80.53978686062794,1196.34,330.0748494095508,121.68422226209142
2024-08-31 16:53:14+00:00,NAC811,25.71913379733845,-80.54035690595515,1196.34,332.02720733504793,121.74184382074338
2024-08-31 16:53:15+00:00,NAC811,25.720001220703125,-80.54072062174475,1203.96,333.9754590100527,121.94059196184904
2024-08-31 16:53:16+00:00,NAC811,25.7210889913268,-80.5411860627948,1196.34,335.6954507340633,122.49061802279898
2024-08-31 16:53:17+00:00,NAC811,25.72206658832097,-80.54154881891213,1196.34,339.6685328738687,122.8918316310968
2024-08-31 16:53:18+00:00,NAC811,25.723090737552965,-80.54185975272702,1196.34,339.6685328738687,122.8918316310968
2024-08-31 16:53:19+00:00,NAC811,25.724301095736227,-80.5422225088443,1188.72,341.7166269597463,122.98762688026363
2024-08-31 16:53:22+00:00,NAC811,25.727462768554688,-80.54290771484375,1173.48,347.1851058918908,122.927359926126
2024-08-31 16:53:23+00:00,NAC811,25.72853734937765,-80.54305166568395,1165.86,350.38027220030114,123.14031443429182
2024-08-31 16:53:24+00:00,NAC811,25.729660034179688,-80.543212890625,1158.24,350.38027220030114,123.14031443429182
2024-08-31 16:53:25+00:00,NAC811,25.730758666992188,-80.54336547851562,1150.62,353.0238035229552,122.8325949699157
2024-08-31 16:53:26+00:00,NAC811,25.73199462890625,-80.543467203776,1143.0,353.7655199044588,123.16610208200764
2024-08-31 16:53:27+00:00,NAC811,25.733006364208155,-80.5435698887087,1143.0,353.7655199044588,123.16610208200764
2024-08-31 16:53:28+00:00,NAC811,25.733642578125,-80.54367065429688,1135.38,354.4801536551343,123.00806788821832
2024-08-31 16:53:29+00:00,NAC811,25.73529052734375,-80.54377237955725,1127.76,354.9575489308291,122.91336515704288
2024-08-31 16:53:30+00:00,NAC811,25.736218468617583,-80.54388082252359,1127.76,355.4356471734626,122.82720840228228
2024-08-31 16:53:32+00:00,NAC811,25.73895263671875,-80.54412841796875,1112.52,355.4356471734626,122.82720840228228
2024-08-31 16:53:34+00:00,NAC811,25.741292662539724,-80.54429540094338,1104.9,355.4356471734626,122.82720840228228
2024-08-31 16:53:36+00:00,NAC811,25.743484497070312,-80.54448445638019,1089.66,355.6749395652615,122.78734045747407
2024-08-31 16:53:37+00:00,NAC811,25.744644423662606,-80.54455451245576,1089.66,356.1700140915524,123.22732611696269
2024-08-31 16:53:42+00:00,NAC811,25.749526977539062,-80.54438273111975,1066.8,2.8864185438646106,122.59320333270996
2024-08-31 16:53:43+00:00,NAC811,25.75048828125,-80.54433186848956,1066.8,4.803485759069079,122.86921736722336
2024-08-31 16:53:44+00:00,NAC811,25.75172036381091,-80.54398446712855,1059.18,7.00546351351223,122.3219755132414
2024-08-31 16:53:45+00:00,NAC811,25.75293072199417,-80.54372535561612,1059.18,9.185342006164587,122.46468813706254
2024-08-31 16:53:47+00:00,NAC811,25.75401306152344,-80.54341634114581,1051.56,9.185342006164587,122.46468813706254
2024-08-31 16:53:50+00:00,NAC811,25.7582376771054,-80.54170428581955,1036.3200000000002,9.185342006164587,122.46468813706254
2024-08-31 16:53:55+00:00,NAC811,25.76216125488281,-80.53929646809894,1021.08,31.173938199371257,120.2534170351104
2024-08-31 16:53:56+00:00,NAC811,25.763591184454448,-80.53812854694871,1005.84,33.281305522835986,119.99785372522554
