Timestamp,Callsign,lat,lon,Altitude,Speed,Direction
2024-06-11 08:32:32+00:00,NAC802,25.77232360839844,-80.19439697265625,1005.84,105.0940628250366,128.41124059422376
2024-06-11 08:32:33+00:00,NAC802,25.772063691737287,-80.1933547685731,1013.46,105.2551187030578,129.04240940573422
2024-06-11 08:32:34+00:00,NAC802,25.771737826072563,-80.1920073887087,1028.7,105.47525508916384,129.1787220284835
2024-06-11 08:32:35+00:00,NAC802,25.77154541015625,-80.1912943522135,1036.3200000000002,105.47525508916384,129.1787220284835
2024-06-11 08:32:36+00:00,NAC802,25.77117919921875,-80.1900736490885,1043.94,106.28736339462353,130.2366576710499
2024-06-11 08:32:37+00:00,NAC802,25.770853333554022,-80.18884622825766,1051.56,106.65614850724818,131.02172640026782
2024-06-11 08:32:38+00:00,NAC802,25.770480915651483,-80.18749884839326,1066.8,106.65614850724818,131.02172640026782
2024-06-11 08:32:39+00:00,NAC802,25.77008056640625,-80.1861572265625,1074.42,108.15270588665116,132.09896197438985
2024-06-11 08:32:40+00:00,NAC802,25.769577026367188,-80.18452962239581,1089.66,108.78645226279536,132.58789873272298
2024-06-11 08:32:41+00:00,NAC802,25.7692240052304,-80.18345670880012,1097.28,109.415465455963,133.09293660195027
2024-06-11 08:32:42+00:00,NAC802,25.76861572265625,-80.18178304036456,1112.52,110.24662007558824,133.7910506134192
2024-06-11 08:32:43+00:00,NAC802,25.7684326171875,-80.18132527669269,1112.52,110.94265054998829,133.85235779488133
2024-06-11 08:32:44+00:00,NAC802,25.76806019928496,-80.18024372604657,1120.14,111.9638350739587,134.79316358062752
2024-06-11 08:32:45+00:00,NAC802,25.76751708984375,-80.1788330078125,1135.38,112.85481996177673,135.10204486332412
2024-06-11 08:32:46+00:00,NAC802,25.766989497815143,-80.17749714401532,1150.62,113.74152678613004,135.4434431555109
2024-06-11 08:32:47+00:00,NAC802,25.76646423339844,-80.17623901367188,1158.24,114.71430090015254,135.34962002688837
2024-06-11 08:32:48+00:00,NAC802,25.76591879634534,-80.174957851194,1173.48,115.39789625603824,135.5372013368181
2024-06-11 08:32:49+00:00,NAC802,25.76563948291843,-80.17433598356428,1181.1,115.88414867205896,135.51865017872478
2024-06-11 08:32:50+00:00,NAC802,25.764754990399894,-80.17241855837261,1203.96,117.24364965934592,135.9787504988032
2024-06-11 08:32:51+00:00,NAC802,25.764175415039062,-80.171152750651,1219.2,117.24364965934592,135.9787504988032
2024-06-11 08:32:52+00:00,NAC802,25.763591184454448,-80.1700347324587,1242.0600000000002,117.72825742231916,135.99723889538848
2024-06-11 08:32:53+00:00,NAC802,25.763032557600635,-80.16884281950178,1257.3,118.21269879715092,136.02545318216846
2024-06-11 08:32:54+00:00,NAC802,25.762473930746825,-80.16775455114976,1272.54,118.5065375679924,135.8171132471133
2024-06-11 08:32:55+00:00,NAC802,25.761886596679688,-80.16652425130206,1287.78,118.69690465093576,136.0633873088224
2024-06-11 08:32:56+00:00,NAC802,25.76133728027344,-80.16545613606769,1303.02,118.99138700868036,135.86094957378415
2024-06-11 08:32:57+00:00,NAC802,25.760704945709744,-80.16423063458137,1325.88,118.99138700868036,135.86094957378415
2024-06-11 08:32:58+00:00,NAC802,25.76019287109375,-80.16314236622935,1341.12,118.99138700868036,135.86094957378415
2024-06-11 08:32:59+00:00,NAC802,25.75958769200212,-80.16195045327237,1356.36,118.99138700868036,135.86094957378415
2024-06-11 08:33:00+00:00,NAC802,25.75893596067267,-80.16065489571048,1379.22,119.18080605249986,136.11103314859628
2024-06-11 08:33:01+00:00,NAC802,25.75836181640625,-80.15950520833331,1394.46,119.0755685253326,136.56041707635575
2024-06-11 08:33:02+00:00,NAC802,25.75776672363281,-80.1583353678385,1409.7,119.0755685253326,136.56041707635575
2024-06-11 08:33:03+00:00,NAC802,25.75717163085937,-80.15716552734375,1424.94,119.0755685253326,136.56041707635575
2024-06-11 08:33:04+00:00,NAC802,25.756576538085938,-80.15594482421875,1440.18,119.0755685253326,136.56041707635575
2024-06-11 08:33:05+00:00,NAC802,25.75595661745233,-80.15469533092568,1463.04,118.9710216937233,137.0102586838536
2024-06-11 08:33:06+00:00,NAC802,25.755386352539062,-80.15355428059894,1478.28,118.9710216937233,137.0102586838536
2024-06-11 08:33:07+00:00,NAC802,25.75469970703125,-80.1522318522135,1493.52,118.9710216937233,137.0102586838536
2024-06-11 08:33:08+00:00,NAC802,25.75414108017744,-80.15111959205484,1516.38,118.9710216937233,137.0102586838536
2024-06-11 08:33:09+00:00,NAC802,25.753489348847985,-80.14977221219044,1531.62,118.86715946951462,137.46055347779955
2024-06-11 08:33:10+00:00,NAC802,25.752914428710938,-80.14867146809894,1546.86,118.86715946951462,137.46055347779955
2024-06-11 08:33:11+00:00,NAC802,25.752418647378175,-80.14764749778891,1562.1,118.86715946951462,137.46055347779955
2024-06-11 08:33:12+00:00,NAC802,25.751495361328125,-80.14577229817706,1592.5800000000002,118.86715946951462,137.46055347779955
2024-06-11 08:33:13+00:00,NAC802,25.75117492675781,-80.14516194661456,1600.2,118.86715946951462,137.46055347779955
2024-06-11 08:33:14+00:00,NAC802,25.75057983398437,-80.14394124348956,1615.44,118.86715946951462,137.46055347779955
2024-06-11 08:33:15+00:00,NAC802,25.749984741210938,-80.14277140299475,1630.68,119.05460409907714,137.70965395849782
2024-06-11 08:33:16+00:00,NAC802,25.749299647444385,-80.14137699918928,1653.5400000000002,119.05460409907714,137.70965395849782
2024-06-11 08:33:17+00:00,NAC802,25.748703002929688,-80.14022827148438,1668.78,118.95099520746682,138.1595848156544
2024-06-11 08:33:18+00:00,NAC802,25.74813584149894,-80.13909681788027,1684.02,118.95099520746682,138.1595848156544
2024-06-11 08:33:19+00:00,NAC802,25.747577214645126,-80.13800854952831,1699.26,119.13734162931196,138.409339325923
2024-06-11 08:33:20+00:00,NAC802,25.74697203555349,-80.13681663657133,1722.12,119.13734162931196,138.409339325923
2024-06-11 08:33:21+00:00,NAC802,25.74632030422405,-80.13546925670693,1737.36,119.13734162931196,138.409339325923
2024-06-11 08:33:22+00:00,NAC802,25.745773315429688,-80.13448079427081,1752.6,119.32301479633271,138.66055262439014
2024-06-11 08:33:23+00:00,NAC802,25.745132446289062,-80.13315836588538,1767.84,119.32301479633271,138.66055262439014
2024-06-11 08:33:24+00:00,NAC802,25.74458312988281,-80.13203938802081,1783.0800000000002,119.32301479633271,138.66055262439014
2024-06-11 08:33:25+00:00,NAC802,25.7438530356197,-80.13064978257665,1805.94,119.03398669100228,138.85890897224257
2024-06-11 08:33:26+00:00,NAC802,25.743201304290253,-80.12935422501471,1821.18,118.45843702282428,139.26617653339866
2024-06-11 08:33:27+00:00,NAC802,25.74256896972656,-80.12807210286456,1844.04,117.4145144930725,139.6656245577201
2024-06-11 08:33:28+00:00,NAC802,25.741928100585938,-80.12669881184894,1859.28,117.4145144930725,139.6656245577201
2024-06-11 08:33:29+00:00,NAC802,25.74138576701536,-80.12536390772402,1874.52,116.376888374012,140.1111632648201
2024-06-11 08:33:30+00:00,NAC802,25.740875244140625,-80.1241556803385,1889.76,115.15642244173952,140.3828979206949
2024-06-11 08:33:31+00:00,NAC802,25.740361617783368,-80.12277279260024,1905.0,113.66529233910374,140.98112320712562
2024-06-11 08:33:32+00:00,NAC802,25.739913940429688,-80.12156168619788,1920.24,111.99484487402296,141.48051792410226
2024-06-11 08:33:33+00:00,NAC802,25.73945617675781,-80.12003580729163,1935.48,110.33754542473532,142.0992668706964
2024-06-11 08:33:34+00:00,NAC802,25.739227294921875,-80.11937459309894,1943.1,108.5002803561964,142.67174795570835
2024-06-11 08:33:35+00:00,NAC802,25.7388719461732,-80.11795331846992,1958.34,106.67955496345832,143.3896722394842
2024-06-11 08:33:36+00:00,NAC802,25.738494873046875,-80.11632283528644,1973.58,104.68110379924268,144.11962961321944
2024-06-11 08:33:37+00:00,NAC802,25.73817366260593,-80.11484398032133,1996.44,102.7500258358164,144.52122851475184
2024-06-11 08:33:38+00:00,NAC802,25.737945556640625,-80.11337280273438,2011.68,98.96208073253564,145.30379483889152
2024-06-11 08:33:39+00:00,NAC802,25.73775469246557,-80.1118382867777,2026.92,98.96208073253564,145.30379483889152
2024-06-11 08:33:40+00:00,NAC802,25.73761503575212,-80.11038726230834,2042.16,97.30061582387918,145.7402691659651
2024-06-11 08:33:41+00:00,NAC802,25.737475379038663,-80.10883259323407,2065.02,95.46909497011194,145.7366372812664
2024-06-11 08:33:42+00:00,NAC802,25.737475379038663,-80.10805525869694,2080.26,93.84094902533695,145.91540019474024
2024-06-11 08:33:43+00:00,NAC802,25.737428826800848,-80.10650058962261,2095.5,92.01662387462312,146.19263907087395
2024-06-11 08:33:44+00:00,NAC802,25.73744201660156,-80.1043701171875,2125.98,90.40348473505875,146.1057188001543
2024-06-11 08:33:45+00:00,NAC802,25.73748779296875,-80.10289510091144,2148.84,88.59301812101799,146.66075746565355
2024-06-11 08:33:46+00:00,NAC802,25.737521931276483,-80.10225116081955,2156.46,86.98721249581666,146.81946956424818
2024-06-11 08:33:47+00:00,NAC802,25.737661587989937,-80.10064466944277,2171.7000000000003,85.18644910629348,147.13548081939288
2024-06-11 08:33:48+00:00,NAC802,25.737801244703387,-80.09919364497347,2194.56,83.37211459867655,147.0851085892869
2024-06-11 08:33:49+00:00,NAC802,25.73799133300781,-80.09765625,2209.8,81.78518241012067,147.61674540908572
2024-06-11 08:33:50+00:00,NAC802,25.73822021484375,-80.09648640950519,2225.04,79.98047095874067,147.84247017590417
2024-06-11 08:33:51+00:00,NAC802,25.73849952827065,-80.09499603847286,2247.9,78.37783203643043,148.10984816623358
2024-06-11 08:33:52+00:00,NAC802,25.73890686035156,-80.093027750651,2270.76,76.58912643561754,148.6111096163379
2024-06-11 08:33:53+00:00,NAC802,25.73924436407574,-80.0916794111144,2286.0,73.37641868605536,149.25349494154074
2024-06-11 08:33:54+00:00,NAC802,25.73963928222656,-80.09033203125,2301.24,73.37641868605536,149.25349494154074
2024-06-11 08:33:55+00:00,NAC802,25.73989609540519,-80.08955469671287,2308.86,71.56505117707799,149.66695871190487
2024-06-11 08:33:56+00:00,NAC802,25.74054782673464,-80.08758544921875,2339.34,69.88219897568774,149.5687871457041
2024-06-11 08:33:57+00:00,NAC802,25.74105834960937,-80.08616129557288,2354.58,68.27153226865731,150.07751997757453
2024-06-11 08:33:58+00:00,NAC802,25.74165344238281,-80.08463541666663,2369.82,66.59531044896768,150.23174169501624
2024-06-11 08:33:59+00:00,NAC802,25.74229431152344,-80.08316040039062,2385.06,65.18389486747624,150.763692755734
2024-06-11 08:34:00+00:00,NAC802,25.742889404296875,-80.08193969726562,2407.92,63.69697037822174,150.9251043965396
2024-06-11 08:34:01+00:00,NAC802,25.74348061771716,-80.0806930829894,2423.1600000000003,61.7784549386164,151.2167863122632
2024-06-11 08:34:02+00:00,NAC802,25.744178901284428,-80.07924205852004,2438.4,60.90755193052584,151.30077037148797
2024-06-11 08:34:03+00:00,NAC802,25.74481201171875,-80.07797241210938,2453.6400000000003,60.90755193052584,151.30077037148797
2024-06-11 08:34:04+00:00,NAC802,25.74538925946769,-80.07685823260613,2476.5,60.64224645720873,151.10298349410905
2024-06-11 08:34:05+00:00,NAC802,25.74604797363281,-80.07563273111975,2491.74,59.94030989566868,150.97419542537062
2024-06-11 08:34:06+00:00,NAC802,25.74706514002913,-80.07374889445754,2522.2200000000003,59.67320950798655,150.78826654272927
2024-06-11 08:34:07+00:00,NAC802,25.74742126464844,-80.07303873697913,2529.84,59.40545544855148,150.60562267093775
2024-06-11 08:34:08+00:00,NAC802,25.74808928926112,-80.07183146926593,2545.08,59.30555184662196,150.16302243776752
2024-06-11 08:34:09+00:00,NAC802,25.74888610839844,-80.07034301757812,2567.94,59.30555184662196,150.16302243776752
2024-06-11 08:34:10+00:00,NAC802,25.74962551310911,-80.06898124262972,2590.8,59.37446728130534,149.4581563836345
2024-06-11 08:34:11+00:00,NAC802,25.75035095214844,-80.06764729817706,2613.6600000000003,59.37446728130534,149.4581563836345
2024-06-11 08:34:12+00:00,NAC802,25.75106863248146,-80.06633830520343,2636.52,59.37446728130534,149.4581563836345
2024-06-11 08:34:13+00:00,NAC802,25.751998901367188,-80.06459554036456,2659.38,59.27370241421138,149.01570000391263
2024-06-11 08:34:14+00:00,NAC802,25.75237209514036,-80.06390265698701,2674.6200000000003,59.44403572449223,148.7535086042039
2024-06-11 08:34:15+00:00,NAC802,25.753097534179688,-80.06256103515625,2689.86,59.44403572449223,148.7535086042039
2024-06-11 08:34:16+00:00,NAC802,25.75396728515625,-80.06088256835938,2712.7200000000003,59.71507165059778,148.93664681220326
2024-06-11 08:34:17+00:00,NAC802,25.754608154296875,-80.05961100260413,2735.58,59.71507165059778,148.93664681220326
2024-06-11 08:34:18+00:00,NAC802,25.75497436523437,-80.05894978841144,2743.2000000000003,59.88626684901757,148.67787612346498
2024-06-11 08:34:19+00:00,NAC802,25.7559814453125,-80.0570170084635,2766.06,59.88626684901757,148.67787612346498
2024-06-11 08:34:20+00:00,NAC802,25.75632903535487,-80.05633660082549,2781.3,59.98543581032181,149.12310959667363
2024-06-11 08:34:21+00:00,NAC802,25.75703430175781,-80.05498250325519,2796.54,60.15688342938326,148.86644083191226
2024-06-11 08:34:22+00:00,NAC802,25.75739973682468,-80.05426370872641,2804.1600000000003,60.15688342938326,148.86644083191226
2024-06-11 08:34:23+00:00,NAC802,25.75849914550781,-80.0521341959635,2827.02,60.15688342938326,148.86644083191226
2024-06-11 08:34:24+00:00,NAC802,25.75909423828125,-80.05096435546875,2842.26,60.25511870305778,149.31288450236516
2024-06-11 08:34:25+00:00,NAC802,25.759780883789062,-80.0496927897135,2865.1200000000003,60.25511870305778,149.31288450236516
2024-06-11 08:34:26+00:00,NAC802,25.760513305664062,-80.04826863606769,2880.36,60.25511870305778,149.31288450236516
2024-06-11 08:34:28+00:00,NAC802,25.761795043945312,-80.0457763671875,2910.84,60.52411099675425,149.50595891658728
2024-06-11 08:34:29+00:00,NAC802,25.762527465820312,-80.04435221354163,2926.08,60.52411099675425,149.50595891658728
2024-06-11 08:34:30+00:00,NAC802,25.76289290088718,-80.04364013671875,2933.7000000000003,60.52411099675425,149.50595891658728
2024-06-11 08:34:31+00:00,NAC802,25.76348876953125,-80.04241943359375,2948.94,60.62083147801044,149.95402840384196
2024-06-11 08:34:32+00:00,NAC802,25.76422119140625,-80.04099527994788,2971.8,60.792403528857285,149.7023200729918
2024-06-11 08:34:33+00:00,NAC802,25.76522827148437,-80.0390625,2994.6600000000003,60.792403528857285,149.7023200729918
2024-06-11 08:34:34+00:00,NAC802,25.76582336425781,-80.037841796875,3009.9,60.792403528857285,149.7023200729918
2024-06-11 08:34:35+00:00,NAC802,25.766098022460938,-80.03733317057288,3017.52,60.8881954744889,150.1515661705422
2024-06-11 08:34:36+00:00,NAC802,25.76678466796875,-80.03590901692706,3032.76,61.05998730716065,149.9019550553668
2024-06-11 08:34:37+00:00,NAC802,25.767687781382413,-80.03415665536556,3055.6200000000003,61.05998730716065,149.9019550553668
2024-06-11 08:34:38+00:00,NAC802,25.768295288085938,-80.03290812174475,3070.86,61.05998730716065,149.9019550553668
2024-06-11 08:34:39+00:00,NAC802,25.768991244041317,-80.03151371793928,3093.7200000000003,61.23235066115621,149.65369604735463
2024-06-11 08:34:40+00:00,NAC802,25.76966857910156,-80.0301615397135,3108.96,61.23235066115621,149.65369604735463
2024-06-11 08:34:41+00:00,NAC802,25.770309448242188,-80.02883911132812,3124.2000000000003,61.23235066115621,149.65369604735463
2024-06-11 08:34:42+00:00,NAC802,25.77099609375,-80.02751668294269,3139.44,61.154851124275325,150.35236487301992
2024-06-11 08:34:43+00:00,NAC802,25.77168273925781,-80.02609252929688,3154.6800000000003,61.154851124275325,150.35236487301992
2024-06-11 08:34:44+00:00,NAC802,25.77197058726165,-80.02550233085202,3162.3,61.154851124275325,150.35236487301992
2024-06-11 08:34:45+00:00,NAC802,25.772948184255824,-80.0235330833579,3185.1600000000003,61.154851124275325,150.35236487301992
2024-06-11 08:34:46+00:00,NAC802,25.773651123046875,-80.02212524414062,3200.4,61.249148016146414,150.80318438831614
2024-06-11 08:34:47+00:00,NAC802,25.77434475139036,-80.02073467902414,3215.6400000000003,61.17215901578255,151.50179279370593
2024-06-11 08:34:48+00:00,NAC802,25.77494993048199,-80.01954276606722,3223.26,61.17215901578255,151.50179279370593
2024-06-11 08:34:49+00:00,NAC802,25.775802612304688,-80.01790364583331,3238.5,61.095876919366574,152.2006722333186
2024-06-11 08:34:50+00:00,NAC802,25.776123046875,-80.01724243164062,3238.5,60.9266165572777,152.44999158030842
2024-06-11 08:34:51+00:00,NAC802,25.77671813964844,-80.01602172851562,3253.74,61.020292302071226,152.89981899059822
2024-06-11 08:34:52+00:00,NAC802,25.777556855799787,-80.01436053581955,3261.36,60.94539590092286,153.59922941524758
2024-06-11 08:34:53+00:00,NAC802,25.7779541015625,-80.01358032226562,3268.98,60.87117861145701,154.29889992178997
2024-06-11 08:34:54+00:00,NAC802,25.778732299804688,-80.01200358072913,3276.6000000000004,60.96389631342589,154.74848350588434
2024-06-11 08:34:55+00:00,NAC802,25.7794189453125,-80.01068115234375,3284.2200000000003,60.89014444310891,155.44808877327014
2024-06-11 08:34:56+00:00,NAC802,25.780105590820312,-80.00925699869788,3291.84,60.81705356947009,156.14794929703862
2024-06-11 08:34:57+00:00,NAC802,25.780792236328125,-80.00788370768225,3299.46,61.00008482435224,157.04703902675547
2024-06-11 08:34:58+00:00,NAC802,25.78156034825212,-80.00643172354069,3307.0800000000004,60.92724709585576,157.74651645761438
2024-06-11 08:34:59+00:00,NAC802,25.782257080078125,-80.00498453776038,3314.7000000000003,60.855052583311725,158.4462465711009
2024-06-11 08:35:00+00:00,NAC802,25.783003467624468,-80.00352967460202,3322.32,60.855052583311725,158.4462465711009
2024-06-11 08:35:01+00:00,NAC802,25.78365519895392,-80.00228593934258,3329.94,60.8736416747997,159.59542077800012
2024-06-11 08:35:02+00:00,NAC802,25.784353482521187,-80.00088673717568,3337.56,60.80251395393553,160.29533510853014
2024-06-11 08:35:03+00:00,NAC802,25.78500366210937,-79.99954223632812,3345.1800000000003,60.89196497499421,160.7446115440113
2024-06-11 08:35:04+00:00,NAC802,25.78573608398437,-79.9981689453125,3352.8,60.821264106097104,161.4444615973523
2024-06-11 08:35:05+00:00,NAC802,25.786494885460804,-79.99668913067512,3360.42,60.751173663453024,162.14455535416346
2024-06-11 08:35:06+00:00,NAC802,25.787429809570312,-79.9947611490885,3368.04,60.83974922376296,162.59360513148516
2024-06-11 08:35:07+00:00,NAC802,25.78779602050781,-79.99404907226562,3368.04,60.77007276541074,163.29363427876956
2024-06-11 08:35:08+00:00,NAC802,25.788589736162606,-79.99254334647702,3375.6600000000003,60.94539590092286,164.1922797197474
2024-06-11 08:35:09+00:00,NAC802,25.789352416992188,-79.99104817708331,3383.28,60.87594650522258,164.89194191019794
2024-06-11 08:35:10+00:00,NAC802,25.78999328613281,-79.98972574869788,3390.9,60.96271103473031,165.34153329354783
2024-06-11 08:35:11+00:00,NAC802,25.791103557004767,-79.98746476083431,3406.1400000000003,60.89366936109721,166.04113446668728
2024-06-11 08:35:12+00:00,NAC802,25.79184839280985,-79.98601373636495,3406.1400000000003,60.97978712099014,166.49080175927548
2024-06-11 08:35:13+00:00,NAC802,25.792220810712397,-79.98528822413027,3413.76,60.99662907312172,167.64008481065233
2024-06-11 08:35:14+00:00,NAC802,25.79333806442002,-79.98305986512383,3421.38,61.08165195681372,168.09019806805915
2024-06-11 08:35:15+00:00,NAC802,25.793710482322563,-79.98233435288915,3429.0,61.01324167088571,168.78938214973832
2024-06-11 08:35:16+00:00,NAC802,25.794501870365465,-79.98072786151238,3429.0,60.94539590092286,169.48880487199733
2024-06-11 08:35:17+00:00,NAC802,25.79524670617055,-79.97922501474056,3436.6200000000003,61.1134182330893,170.38894745909784
2024-06-11 08:35:18+00:00,NAC802,25.79598999023437,-79.97782389322913,3444.24,61.045797280947625,171.08801853928836
2024-06-11 08:35:19+00:00,NAC802,25.7969970703125,-79.97568766276038,3451.86,60.9787267752974,171.78732598680585
2024-06-11 08:35:20+00:00,NAC802,25.797900183726163,-79.97393913988799,3459.48,60.9122002038764,172.486866926763
2024-06-11 08:35:21+00:00,NAC802,25.798179497153072,-79.97336909456072,3459.48,60.995059956250905,172.9366079102793
2024-06-11 08:35:22+00:00,NAC802,25.79891967773437,-79.971923828125,3467.1000000000004,60.92890790727351,173.63609119017352
2024-06-11 08:35:23+00:00,NAC802,25.799789428710938,-79.97024536132812,3474.7200000000003,60.86328678614749,174.33580407537454
2024-06-11 08:35:24+00:00,NAC802,25.8006002135196,-79.96865326503536,3482.34,60.79819039678157,175.0357438123112
2024-06-11 08:35:25+00:00,NAC802,25.80134504932468,-79.96709859596109,3489.96,60.73361263636304,175.7359076903956
2024-06-11 08:35:26+00:00,NAC802,25.802043332891948,-79.96569939379424,3489.96,60.751173663453024,176.8849694772692
2024-06-11 08:35:27+00:00,NAC802,25.80317687988281,-79.96348063151038,3497.5800000000004,60.832386620422206,177.33400310455184
2024-06-11 08:35:28+00:00,NAC802,25.803680419921875,-79.96256510416663,3505.2000000000003,60.76850800525364,178.03404766637487
2024-06-11 08:35:29+00:00,NAC802,25.804367065429688,-79.96114095052081,3512.82,60.705129852560624,178.7343117881327
2024-06-11 08:35:30+00:00,NAC802,25.805145263671875,-79.95961507161456,3512.82,60.7856200197316,179.18314194215642
2024-06-11 08:35:31+00:00,NAC802,25.80596923828125,-79.95803833007812,3520.44,60.722580103838034,179.88334651640818
2024-06-11 08:35:32+00:00,NAC802,25.80674743652344,-79.95646158854163,3528.0600000000004,60.80251395393553,180.3322519970964
2024-06-11 08:35:33+00:00,NAC802,25.807583049192267,-79.95481671027414,3535.6800000000003,60.73980883577047,181.03239771874615
2024-06-11 08:35:34+00:00,NAC802,25.808467541710804,-79.95305475198995,3543.3,60.67758694895706,181.7327585983574
2024-06-11 08:35:36+00:00,NAC802,25.8097710043697,-79.95051545916863,3558.54,60.69492414342001,182.88176688694568
2024-06-11 08:35:37+00:00,NAC802,25.81109619140625,-79.94786580403644,3566.1600000000003,60.85192815428696,183.7796738769996
2024-06-11 08:35:38+00:00,NAC802,25.811865855071503,-79.94631785266802,3573.78,60.79020727849371,184.4796470917992
2024-06-11 08:35:39+00:00,NAC802,25.812703795352224,-79.94471136129124,3581.4,60.806590784689504,185.62876115014168
2024-06-11 08:35:41+00:00,NAC802,25.814333123675848,-79.94149837853774,3596.6400000000003,60.88385373392108,186.07802872752376
2024-06-11 08:35:42+00:00,NAC802,25.815217616194385,-79.93968459795104,3604.26,60.822772696996616,186.7778901996948
2024-06-11 08:35:43+00:00,NAC802,25.816085815429688,-79.93794759114581,3611.88,60.97590483281739,187.67689898256057
2024-06-11 08:35:44+00:00,NAC802,25.81703315346928,-79.9360570367777,3619.5,60.91500026477533,188.37643994160047
2024-06-11 08:35:45+00:00,NAC802,25.817916870117188,-79.934336344401,3627.12,60.99088076528661,188.8261779000666
2024-06-11 08:35:46+00:00,NAC802,25.818383168365997,-79.93341409935141,3627.12,60.93029023833768,189.525666044163
2024-06-11 08:35:47+00:00,NAC802,25.819221108646715,-79.93175578567218,3634.74,61.00567549942205,189.9754695619314
2024-06-11 08:35:48+00:00,NAC802,25.820105601165253,-79.92994200508548,3642.36,60.94539590092286,190.674905480997
2024-06-11 08:35:49+00:00,NAC802,25.82094354144597,-79.92823186910374,3649.98,61.09483682316408,191.5749670444026
2024-06-11 08:35:50+00:00,NAC802,25.821853637695312,-79.92650349934894,3657.6,61.303676459843615,191.7779337437702
2024-06-11 08:35:51+00:00,NAC802,25.822723388671875,-79.92462158203125,3665.22,61.58513003133343,192.43575325769064
2024-06-11 08:35:52+00:00,NAC802,25.82313537597656,-79.92375691731769,3665.22,62.0710212913191,193.31050471716011
2024-06-11 08:35:53+00:00,NAC802,25.82387633242849,-79.92211683741152,3672.84,62.89187712919823,194.18472287823596
2024-06-11 08:35:54+00:00,NAC802,25.8246677204714,-79.92035487912733,3672.84,63.63812449438839,194.63735663451843
2024-06-11 08:35:55+00:00,NAC802,25.825469970703125,-79.91851806640625,3680.46,64.51714888593835,194.90096412736776
2024-06-11 08:35:56+00:00,NAC802,25.826202392578125,-79.91678873697913,3688.08,65.45631376327802,195.67816021057763
2024-06-11 08:35:57+00:00,NAC802,25.82690222788665,-79.91506900427476,3688.08,66.38779983726297,196.50750740011088
2024-06-11 08:35:58+00:00,NAC802,25.8275539592161,-79.91325522368805,3695.7,67.39166105854582,196.7154750572706
2024-06-11 08:35:59+00:00,NAC802,25.828159138307733,-79.91159691000883,3703.32,68.44806257795781,197.4620769935505
2024-06-11 08:36:00+00:00,NAC802,25.82876431739936,-79.90973130711967,3703.32,69.44395478041653,197.79351582402597
2024-06-11 08:36:01+00:00,NAC802,25.829322944253175,-79.90805405836839,3710.94,70.48589712695632,198.6693211128876
2024-06-11 08:36:02+00:00,NAC802,25.829864501953125,-79.90631103515625,3710.94,71.4714307056375,199.122393496807
2024-06-11 08:36:03+00:00,NAC802,25.830393645722985,-79.9045151930589,3718.56,72.45220098350504,199.63410221943823
2024-06-11 08:36:04+00:00,NAC802,25.830905720338983,-79.9026137131911,3726.18,73.42767212638468,200.2039976689956
2024-06-11 08:36:05+00:00,NAC802,25.83164978027344,-79.89978142504424,3733.8,74.39732634918664,200.83158450043544
2024-06-11 08:36:06+00:00,NAC802,25.832162630760063,-79.89759591909552,3741.42,75.32360686254998,201.01862271846892
2024-06-11 08:36:07+00:00,NAC802,25.83262815313824,-79.8954303448017,3749.04,76.10575321660664,201.381007739767
2024-06-11 08:36:08+00:00,NAC802,25.833023071289062,-79.89356274874706,3756.66,77.06002345426299,202.16601958627936
2024-06-11 08:36:09+00:00,NAC802,25.833526611328125,-79.8907643444133,3764.28,77.83411856572947,202.61127292379737
2024-06-11 08:36:10+00:00,NAC802,25.833745406845868,-79.88967308631311,3771.9,78.60467894610716,203.09334358548784
2024-06-11 08:36:11+00:00,NAC802,25.834030151367188,-79.88781047317218,3779.52,79.34468530444842,203.10637425082388
2024-06-11 08:36:12+00:00,NAC802,25.8343505859375,-79.88578940337555,3787.14,79.96687944566884,203.74905167608043
2024-06-11 08:36:13+00:00,NAC802,25.834625244140625,-79.88397562278891,3794.76,80.2520343944086,203.5723226368877
2024-06-11 08:36:14+00:00,NAC802,25.834909212791317,-79.88206716684192,3802.38,80.7273982227997,204.3320796460883
2024-06-11 08:36:15+00:00,NAC802,25.835328182931672,-79.87905649038458,3817.62,81.03486009347772,204.6769616342417
2024-06-11 08:36:16+00:00,NAC802,25.83558654785156,-79.87713507886201,3825.24,81.17716593144388,204.5974250826269
2024-06-11 08:36:17+00:00,NAC802,25.835933362023304,-79.87483097956732,3840.48,81.34127876763303,205.0277176418976
2024-06-11 08:36:18+00:00,NAC802,25.836227416992188,-79.87267836084902,3848.1,81.50470286361524,205.4596852498485
2024-06-11 08:36:19+00:00,NAC802,25.836352332163663,-79.8715562086839,3855.72,81.52584376228292,205.96849878710432
2024-06-11 08:36:20+00:00,NAC802,25.83663164559057,-79.86954909104566,3863.34,81.52584376228292,205.96849878710432
2024-06-11 08:36:21+00:00,NAC802,25.8369140625,-79.86759977520637,3878.58,81.54688046481115,206.4773402277312
2024-06-11 08:36:22+00:00,NAC802,25.83714372020657,-79.86564049353967,3886.2,81.56781373399605,206.9862093659415
2024-06-11 08:36:23+00:00,NAC802,25.83746337890625,-79.86350581331072,3893.82,81.56781373399605,206.9862093659415
2024-06-11 08:36:24+00:00,NAC802,25.83782958984375,-79.86065558667451,3909.06,81.58864432526151,207.4951059979554
2024-06-11 08:36:25+00:00,NAC802,25.838058471679688,-79.85878998378536,3916.68,81.60937298674742,208.00402992197635
2024-06-11 08:36:26+00:00,NAC802,25.838214421676376,-79.85766484187201,3924.3,81.63000045939663,208.5129809381669
2024-06-11 08:36:27+00:00,NAC802,25.83849373510328,-79.85560490534857,3931.92,81.79009856162929,208.94787609188003
2024-06-11 08:36:28+00:00,NAC802,25.83877304853019,-79.85349214993988,3947.16,81.79009856162929,208.94787609188003
2024-06-11 08:36:29+00:00,NAC802,25.839052361957098,-79.8512737567608,3954.78,81.81019383329586,209.4570607302655
2024-06-11 08:36:30+00:00,NAC802,25.839340209960938,-79.8490473909198,3970.02,81.83019163729172,209.9662710091192
2024-06-11 08:36:31+00:00,NAC802,25.839614868164062,-79.84676720961085,3977.64,81.96919699098757,209.8937824451316
2024-06-11 08:36:32+00:00,NAC802,25.839890302237816,-79.8448298527644,3992.88,82.12753863974457,210.33211390323373
2024-06-11 08:36:33+00:00,NAC802,25.84007651118909,-79.84292837289661,4000.5,82.56255898899373,210.6363928942592
2024-06-11 08:36:34+00:00,NAC802,25.84021616790254,-79.84166071965143,4008.12,82.56255898899373,210.6363928942592
2024-06-11 08:36:35+00:00,NAC802,25.840576171875,-79.83842381891213,4030.98,82.99629939738689,210.95277892597025
2024-06-11 08:36:36+00:00,NAC802,25.84068169028072,-79.83748802771936,4030.98,83.42871601629876,211.28121760879867
2024-06-11 08:36:37+00:00,NAC802,25.84086789923199,-79.83542809119592,4046.22,84.26160012869076,210.95026979378983
2024-06-11 08:36:38+00:00,NAC802,25.84117126464844,-79.83194603110258,4069.08,84.83083378000777,211.266812121039
2024-06-11 08:36:39+00:00,NAC802,25.84128686937235,-79.82993492713342,4084.32,85.52631423228495,211.05061181322
2024-06-11 08:36:40+00:00,NAC802,25.841354370117188,-79.82878487065153,4084.32,86.23230347799667,211.37889848421895
2024-06-11 08:36:41+00:00,NAC802,25.841426526085804,-79.8276637150691,4091.94,86.92853788292962,211.22546917988703
2024-06-11 08:36:43+00:00,NAC802,25.841612735037074,-79.82259310208832,4122.42,88.32760563891074,211.52658637835063
2024-06-11 08:36:44+00:00,NAC802,25.841629028320312,-79.82059694686023,4130.04,88.8876003837022,211.99088104993075
2024-06-11 08:36:45+00:00,NAC802,25.841659287274894,-79.81752248910755,4152.900000000001,89.30469700352967,211.9665355564165
2024-06-11 08:36:46+00:00,NAC802,25.841629028320312,-79.8165548072671,4152.900000000001,89.72186733270364,211.9534252862589
2024-06-11 08:36:49+00:00,NAC802,25.841612735037074,-79.81012784517725,4191.0,90.13906715291112,211.9515523243232
2024-06-11 08:36:59+00:00,NAC802,25.84128686937235,-79.78725726787862,4312.92,90.83232565288924,212.4877921052108
2024-06-11 08:37:01+00:00,NAC802,25.84124031713453,-79.7833486703726,4328.16,90.83232565288924,212.4877921052108
2024-06-11 08:37:03+00:00,NAC802,25.841217041015625,-79.77872452645931,4351.02,90.27154194568452,217.0978061095321
2024-06-11 08:37:05+00:00,NAC802,25.84124031713453,-79.77642939640924,4358.64,90.1354507630616,217.6104200889849
2024-06-11 08:37:06+00:00,NAC802,25.84124031713453,-79.77426382211536,4373.88,90.1354507630616,217.6104200889849
2024-06-11 08:37:07+00:00,NAC802,25.841217041015625,-79.77198762713738,4381.5,90.1351313049008,218.12486265481675
2024-06-11 08:37:08+00:00,NAC802,25.841193764896715,-79.76972139798676,4396.74,90.1351313049008,218.12486265481675
2024-06-11 08:37:09+00:00,NAC802,25.841217041015625,-79.76545801702537,4419.6,90.26962520740744,218.64112089953835
2024-06-11 08:37:10+00:00,NAC802,25.84117126464844,-79.76328148032133,4427.22,90.26962520740744,218.64112089953835
2024-06-11 08:37:11+00:00,NAC802,25.841193764896715,-79.76121755746692,4442.46,90.40443407940796,218.6441469862668
2024-06-11 08:37:12+00:00,NAC802,25.841147212658896,-79.75899916428784,4457.7,90.53797273011229,219.16280470725616
2024-06-11 08:37:14+00:00,NAC802,25.84112548828125,-79.7567000479068,4465.320000000001,90.80692945510238,219.17487999251568
2024-06-11 08:37:15+00:00,NAC802,25.84105410818326,-79.75377009465143,4488.18,90.9413952230212,219.18272857119103
2024-06-11 08:37:18+00:00,NAC802,25.84086789923199,-79.74611135629505,4533.900000000001,92.27989253817825,219.84161077366144
2024-06-11 08:37:22+00:00,NAC802,25.840402376853813,-79.73824134239783,4587.24,94.43994016580596,219.2968031021408
2024-06-11 08:37:23+00:00,NAC802,25.840255737304688,-79.73617841612617,4602.4800000000005,94.98723384160496,218.953192497485
2024-06-11 08:37:24+00:00,NAC802,25.84002685546875,-79.73379459021226,4625.34,95.40197716927088,218.58059036724407
2024-06-11 08:37:25+00:00,NAC802,25.83984375,-79.73174461951623,4640.58,96.08673822044028,218.3261788724747
2024-06-11 08:37:26+00:00,NAC802,25.83961098881091,-79.72936776968146,4663.4400000000005,96.63876006742603,218.0429489876921
2024-06-11 08:37:27+00:00,NAC802,25.839340209960938,-79.7273168024027,4678.68,96.63876006742603,218.0429489876921
2024-06-11 08:37:28+00:00,NAC802,25.839145466432733,-79.72551199106067,4693.92,96.63876006742603,218.0429489876921
2024-06-11 08:37:29+00:00,NAC802,25.838790893554688,-79.72301555129718,4716.780000000001,98.43690413140592,217.39018073399092
2024-06-11 08:37:30+00:00,NAC802,25.83851623535156,-79.72109812610552,4732.02,98.99379239875556,217.19348028968625
2024-06-11 08:37:31+00:00,NAC802,25.83819580078125,-79.71897341170398,4754.88,99.55163745838186,217.01733403239015
2024-06-11 08:37:32+00:00,NAC802,25.837875366210938,-79.71684869730245,4777.740000000001,100.13425128739568,216.3553554237625
2024-06-11 08:37:33+00:00,NAC802,25.83746958587129,-79.71442002516523,4800.6,100.13425128739568,216.3553554237625
2024-06-11 08:37:37+00:00,NAC802,25.835933362023304,-79.70639155461237,4876.8,100.26830579801025,216.4464669665085
2024-06-11 08:37:38+00:00,NAC802,25.835467839645126,-79.70412034254804,4892.04,102.27640502686238,215.3315349174047
2024-06-11 08:37:43+00:00,NAC802,25.833297729492188,-79.69466875184258,4968.240000000001,104.96671956400488,215.1335673094826
2024-06-11 08:37:44+00:00,NAC802,25.832767809851696,-79.69250018780048,4983.4800000000005,104.96671956400488,215.1335673094826
2024-06-11 08:37:45+00:00,NAC802,25.83187866210937,-79.68907194317512,5006.34,105.39937969786644,215.04128415012147
2024-06-11 08:37:47+00:00,NAC802,25.83132469047934,-79.68690138596753,5021.58,106.35866976616369,215.5317765133109
2024-06-11 08:37:48+00:00,NAC802,25.830160884533896,-79.68278151292066,5044.4400000000005,107.18301727454973,215.92986417652625
2024-06-11 08:37:49+00:00,NAC802,25.82958984375,-79.68083219708137,5059.68,108.04636245571383,215.88328477091213
2024-06-11 08:37:50+00:00,NAC802,25.828903198242188,-79.67859903971355,5074.92,108.43494882292202,216.36636422481905
2024-06-11 08:37:51+00:00,NAC802,25.82821655273437,-79.67636108398438,5082.54,108.73672967149224,216.2066817461073
2024-06-11 08:37:52+00:00,NAC802,25.82757568359375,-79.674326578776,5097.780000000001,108.73672967149224,216.2066817461073
2024-06-11 08:37:53+00:00,NAC802,25.827163696289062,-79.673105875651,5105.400000000001,109.29647455748928,216.39082622198308
2024-06-11 08:37:54+00:00,NAC802,25.82648325774629,-79.67098595961085,5120.64,109.72711570917195,216.42139983026004
2024-06-11 08:37:55+00:00,NAC802,25.82579040527344,-79.6688334147135,5128.26,110.11079139452949,216.94720145273917
2024-06-11 08:37:56+00:00,NAC802,25.82504013837394,-79.66673653080778,5143.5,110.54014738993789,217.00087015848425
2024-06-11 08:37:57+00:00,NAC802,25.82464599609375,-79.66562906901038,5151.12,110.96926697796086,217.0667181616888
2024-06-11 08:37:58+00:00,NAC802,25.82355046676377,-79.66248710200472,5166.360000000001,111.52437710692998,217.33295500779093
2024-06-11 08:37:59+00:00,NAC802,25.822769165039062,-79.66039021809894,5173.9800000000005,112.25472927156446,217.33721701729417
2024-06-11 08:38:00+00:00,NAC802,25.821921138440143,-79.6582894955041,5189.22,112.8599879825728,217.1764204667038
2024-06-11 08:38:01+00:00,NAC802,25.82164182501324,-79.65751216096697,5196.84,113.59053314032823,217.2452608316759
2024-06-11 08:38:02+00:00,NAC802,25.820012496689618,-79.65357366597874,5219.7,114.14127983296444,217.6073796270678
2024-06-11 08:38:03+00:00,NAC802,25.81950042207362,-79.65238175302181,5227.320000000001,114.74674821262616,217.5222294389237
2024-06-11 08:38:04+00:00,NAC802,25.81908145193326,-79.65139712927476,5227.320000000001,115.474988178865,217.68216266277432
2024-06-11 08:38:05+00:00,NAC802,25.81824351165254,-79.64947970408315,5242.56,115.89955462824838,217.88753183739195
2024-06-11 08:38:06+00:00,NAC802,25.81732177734375,-79.64742024739581,5250.18,116.50454879247724,217.8729557955536
2024-06-11 08:38:07+00:00,NAC802,25.816131591796875,-79.64487711588538,5257.8,116.80705936621456,217.87477785411195
2024-06-11 08:38:08+00:00,NAC802,25.815261840820312,-79.6429443359375,5273.04,117.34987578006988,218.3534514253597
2024-06-11 08:38:09+00:00,NAC802,25.81439208984375,-79.64121500651038,5280.66,117.6516690713134,218.3722372026036
2024-06-11 08:38:10+00:00,NAC802,25.8131103515625,-79.63851928710938,5288.280000000001,118.00917670801384,219.09275492852595
2024-06-11 08:38:11+00:00,NAC802,25.81209861626059,-79.63652412846403,5295.900000000001,118.24620569091806,219.5778130321834
2024-06-11 08:38:12+00:00,NAC802,25.811691284179688,-79.63567097981769,5303.52,118.24620569091806,219.5778130321834
2024-06-11 08:38:13+00:00,NAC802,25.810795153601696,-79.63382936873523,5311.14,118.36432690121208,219.8217466284821
2024-06-11 08:38:14+00:00,NAC802,25.809814453125,-79.63180541992188,5318.76,118.18280737621927,220.03113281019097
2024-06-11 08:38:15+00:00,NAC802,25.808761596679688,-79.62966918945312,5326.38,118.11966983447614,220.4847208781905
2024-06-11 08:38:16+00:00,NAC802,25.80775451660156,-79.62753295898438,5334.0,117.93893058214704,220.6970755842671
2024-06-11 08:38:17+00:00,NAC802,25.806930541992188,-79.62575276692706,5341.62,117.69652549429664,221.36699271447603
2024-06-11 08:38:19+00:00,NAC802,25.804650258209744,-79.62092561541863,5364.4800000000005,117.45558743043856,222.04084822785524
2024-06-11 08:38:20+00:00,NAC802,25.804183959960938,-79.61985270182288,5364.4800000000005,117.27676338311367,222.26124213304885
2024-06-11 08:38:21+00:00,NAC802,25.803393347788663,-79.61817903338738,5372.1,117.03807060162042,222.9418915656869
2024-06-11 08:38:22+00:00,NAC802,25.802536010742188,-79.61629231770831,5379.72,116.97809289577272,223.40023164090184
2024-06-11 08:38:23+00:00,NAC802,25.801205392611227,-79.61341138155956,5394.96,116.8008349469546,223.62638663972228
2024-06-11 08:38:24+00:00,NAC802,25.80022779561705,-79.61118302255306,5410.2,116.62393684957529,223.85467767367527
2024-06-11 08:38:25+00:00,NAC802,25.799296750860695,-79.60921377505895,5417.820000000001,116.62393684957529,223.85467767367527
2024-06-11 08:38:26+00:00,NAC802,25.798828125,-79.60810343424475,5425.4400000000005,116.565051177078,224.31469215029588
2024-06-11 08:38:27+00:00,NAC802,25.797853631488348,-79.6060007923054,5433.06,116.565051177078,224.31469215029588
2024-06-11 08:38:34+00:00,NAC802,25.7917087360964,-79.59231970445165,5501.64,116.565051177078,224.31469215029588
2024-06-11 08:38:35+00:00,NAC802,25.790771484375,-79.59019978841144,5516.88,116.565051177078,226.61535565952963
2024-06-11 08:38:36+00:00,NAC802,25.789800094345868,-79.58807027564859,5524.5,116.68126963739056,226.84588867599925
2024-06-11 08:38:37+00:00,NAC802,25.78886904958951,-79.58604920585202,5539.740000000001,116.68126963739056,226.84588867599925
2024-06-11 08:38:38+00:00,NAC802,25.787887573242188,-79.58394368489581,5547.360000000001,116.68126963739056,226.84588867599925
2024-06-11 08:38:41+00:00,NAC802,25.78504943847656,-79.57768758138019,5593.08,117.08749061403677,227.0849285777231
2024-06-11 08:38:42+00:00,NAC802,25.784088134765625,-79.57565307617188,5600.700000000001,117.08749061403677,227.0849285777231
2024-06-11 08:38:43+00:00,NAC802,25.7830810546875,-79.57346598307288,5615.9400000000005,117.20293329763231,227.3196423468316
2024-06-11 08:38:45+00:00,NAC802,25.781295776367188,-79.56960042317706,5646.42,117.20293329763231,227.3196423468316
2024-06-11 08:38:46+00:00,NAC802,25.780242919921875,-79.56741333007812,5661.66,117.20293329763231,227.3196423468316
2024-06-11 08:38:47+00:00,NAC802,25.77937239307468,-79.56547575176887,5669.280000000001,117.14377674268576,227.7773066304487
2024-06-11 08:38:48+00:00,NAC802,25.77834824384269,-79.56324739276238,5684.52,117.14377674268576,227.7773066304487
2024-06-11 08:38:49+00:00,NAC802,25.77727754237288,-79.56101903375588,5699.76,117.14377674268576,227.7773066304487
2024-06-11 08:38:50+00:00,NAC802,25.7768120199947,-79.56003441000883,5707.38,117.08485749560025,228.2352127525675
2024-06-11 08:38:51+00:00,NAC802,25.77557373046875,-79.55729166666663,5722.62,117.08485749560025,228.2352127525675
2024-06-11 08:38:52+00:00,NAC802,25.774670617055083,-79.55537040278597,5730.240000000001,117.08485749560025,228.2352127525675
2024-06-11 08:38:53+00:00,NAC802,25.77378845214844,-79.55342610677081,5737.860000000001,117.1997216671678,228.46990317109567
2024-06-11 08:38:54+00:00,NAC802,25.77290163201801,-79.5515355524027,5753.1,117.14086877032298,228.92758
2024-06-11 08:38:55+00:00,NAC802,25.772003173828125,-79.54961140950519,5760.72,117.14086877032298,228.92758
2024-06-11 08:38:56+00:00,NAC802,25.77099299026748,-79.54744159050705,5775.96,117.25532837494308,229.16271621866144
2024-06-11 08:38:57+00:00,NAC802,25.769989013671875,-79.54533894856769,5783.58,117.25532837494308,229.16271621866144
2024-06-11 08:38:58+00:00,NAC802,25.769027709960938,-79.54330444335938,5791.200000000001,117.3105998200078,229.8557438154118
2024-06-11 08:38:59+00:00,NAC802,25.768112182617188,-79.541269938151,5806.4400000000005,117.3105998200078,229.8557438154118
2024-06-11 08:39:00+00:00,NAC802,25.767059326171875,-79.53903198242188,5814.06,117.3105998200078,229.8557438154118
2024-06-11 08:39:01+00:00,NAC802,25.766098022460938,-79.5369974772135,5829.3,117.42442342072268,230.0922319321344
2024-06-11 08:39:02+00:00,NAC802,25.765173960540253,-79.5350560602152,5836.92,117.42442342072268,230.0922319321344
2024-06-11 08:39:03+00:00,NAC802,25.764175415039062,-79.53292846679688,5844.54,117.42442342072268,230.0922319321344
2024-06-11 08:39:04+00:00,NAC802,25.76317221431409,-79.53075480910968,5859.780000000001,117.47896416162985,230.7859085202288
2024-06-11 08:39:05+00:00,NAC802,25.76228772179555,-79.52894102852298,5867.400000000001,117.47896416162985,230.7859085202288
2024-06-11 08:39:06+00:00,NAC802,25.761474609375,-79.5272318522135,5875.02,117.59215631183002,231.02373560437212
2024-06-11 08:39:09+00:00,NAC802,25.75888940843485,-79.52178955078125,5905.5,117.59215631183002,231.02373560437212
2024-06-11 08:39:10+00:00,NAC802,25.75799560546875,-79.51985677083331,5920.740000000001,117.59215631183002,231.02373560437212
2024-06-11 08:39:12+00:00,NAC802,25.75591006521451,-79.5154672298791,5951.22,117.64597536373869,231.7180500184868
2024-06-11 08:39:14+00:00,NAC802,25.753921508789062,-79.51126098632812,5974.08,117.64597536373869,231.7180500184868
2024-06-11 08:39:15+00:00,NAC802,25.75288416975636,-79.50914490897702,5989.320000000001,117.64597536373869,231.7180500184868
2024-06-11 08:39:16+00:00,NAC802,25.75190734863281,-79.50698852539062,6004.56,117.64597536373869,231.7180500184868
2024-06-11 08:39:21+00:00,NAC802,25.747146606445312,-79.49696858723956,6065.52,117.64597536373869,231.7180500184868
2024-06-11 08:39:25+00:00,NAC802,25.743294408765887,-79.4888823887087,6118.860000000001,117.64597536373869,231.7180500184868
2024-06-11 08:39:33+00:00,NAC802,25.7354736328125,-79.47229925191628,6217.92,117.41591604180827,232.39263922215315
2024-06-11 08:39:34+00:00,NAC802,25.734496035818324,-79.47022635981722,6233.160000000001,117.41591604180827,232.39263922215315
2024-06-11 08:39:35+00:00,NAC802,25.73359680175781,-79.46828206380206,6240.780000000001,117.41591604180827,232.39263922215315
2024-06-11 08:39:36+00:00,NAC802,25.73268049854343,-79.4663396871315,6256.02,117.41591604180827,232.39263922215315
2024-06-11 08:39:38+00:00,NAC802,25.730259782176905,-79.46115745688383,6286.5,117.52839090667965,232.62996133556732
2024-06-11 08:39:39+00:00,NAC802,25.72979736328125,-79.46024576822913,6286.5,117.52839090667965,232.62996133556732
2024-06-11 08:39:44+00:00,NAC802,25.724853515625,-79.44976806640625,6339.84,117.52839090667965,232.62996133556732
2024-06-11 08:40:03+00:00,NAC802,25.705354334944385,-79.40881693138267,6499.860000000001,117.52839090667965,232.62996133556732
2024-06-11 08:41:09+00:00,NAC802,25.64125190346928,-79.27387165573408,7536.18,117.52839090667965,232.62996133556732
2024-06-11 08:41:10+00:00,NAC802,25.639434814453125,-79.26996866861975,7559.04,117.52839090667965,232.62996133556732
2024-06-11 09:03:57+00:00,,24.103910801774365,-76.13338830336085,11277.6,118.77150296942132,262.9307128939218
2024-06-11 09:03:58+00:00,,24.102859497070312,-76.1312357584635,11277.6,118.77150296942132,262.9307128939218
2024-06-11 09:03:59+00:00,,24.10162974212129,-76.1288279407429,11277.6,118.77150296942132,262.9307128939218
2024-06-11 09:04:01+00:00,NAC802,24.100570678710938,-76.126708984375,11277.6,118.77150296942132,262.9307128939218
2024-06-11 09:04:02+00:00,NAC802,24.09846418994968,-76.12250561984081,11277.6,118.77150296942132,262.9307128939218
2024-06-11 09:04:03+00:00,NAC802,24.09734693624205,-76.1202254385318,11277.6,118.77150296942132,262.9307128939218
2024-06-11 09:04:04+00:00,NAC802,24.09618313029661,-76.11794525722286,11277.6,118.67314648943504,262.6834889025196
2024-06-11 09:04:23+00:00,NAC802,24.074249267578125,-76.07447306315105,11277.6,118.67314648943504,262.6834889025196
2024-06-11 09:04:45+00:00,NAC802,24.050308227539062,-76.02696736653647,11277.6,118.67314648943504,262.6834889025196
2024-06-11 09:05:08+00:00,NAC802,24.0237012960143,-75.9743974793632,11277.6,118.84553650175988,260.18103840124814
2024-06-11 09:05:10+00:00,NAC802,24.02146678859905,-75.96988893904776,11277.6,118.84553650175988,260.18103840124814
2024-06-11 09:05:15+00:00,NAC802,24.01569431110964,-75.95848803250296,11277.6,118.84553650175988,260.18103840124814
2024-06-11 09:05:20+00:00,NAC802,24.01007080078125,-75.94741821289062,11277.6,118.84553650175988,260.18103840124814
2024-06-11 09:05:23+00:00,NAC802,24.00668334960937,-75.94075520833331,11277.6,118.84553650175988,260.18103840124814
2024-06-11 09:05:29+00:00,NAC802,24.00000620696504,-75.92744647331955,11277.6,118.74620995573572,259.9332354916595
2024-06-11 09:05:30+00:00,NAC802,23.9988424010196,-75.92521811431305,11277.6,118.74620995573572,259.9332354916595
2024-06-11 09:05:32+00:00,NAC802,23.996375132415253,-75.92029499557782,11277.6,118.80084051115917,259.4823102571294
2024-06-11 09:05:33+00:00,NAC802,23.995193481445312,-75.91796875,11277.6,118.80084051115917,259.4823102571294
2024-06-11 09:05:34+00:00,NAC802,23.99395751953125,-75.91552734375,11277.6,118.80084051115917,259.4823102571294
2024-06-11 09:05:35+00:00,NAC802,23.99288371457892,-75.91340262934847,11277.6,118.80084051115917,259.4823102571294
2024-06-11 09:05:36+00:00,NAC802,23.992325087725103,-75.912262538694,11277.6,118.80084051115917,259.4823102571294
2024-06-11 09:05:37+00:00,NAC802,23.99057006835937,-75.9088134765625,11277.6,118.80084051115917,259.4823102571294
2024-06-11 09:05:38+00:00,NAC802,23.990020751953125,-75.90769449869788,11277.6,118.80084051115917,259.4823102571294
2024-06-11 09:05:39+00:00,NAC802,23.98823547363281,-75.90413411458331,11277.6,118.80084051115917,259.4823102571294
2024-06-11 09:05:40+00:00,NAC802,23.987091064453125,-75.90189615885413,11277.6,118.80084051115917,259.4823102571294
2024-06-11 09:05:42+00:00,NAC802,23.98580777443061,-75.89935878537733,11277.6,118.80084051115917,259.4823102571294
2024-06-11 09:05:43+00:00,NAC802,23.98399223715572,-75.8957830465065,11277.6,118.80084051115917,259.4823102571294
2024-06-11 09:05:44+00:00,NAC802,23.983433610301905,-75.89464295585202,11277.6,118.80084051115917,259.4823102571294
2024-06-11 09:05:45+00:00,NAC802,23.98161807302701,-75.89106721698113,11277.6,118.80084051115917,259.4823102571294
2024-06-11 09:05:46+00:00,NAC802,23.98109436035156,-75.89009602864581,11277.6,118.95522820805112,259.28028636060884
2024-06-11 09:05:47+00:00,NAC802,23.979243908898304,-75.88640320975827,11277.6,118.95522820805112,259.28028636060884
2024-06-11 09:05:48+00:00,NAC802,23.97868528204449,-75.88531494140625,11277.6,118.95522820805112,259.28028636060884
2024-06-11 09:05:49+00:00,NAC802,23.977020263671875,-75.88205973307288,11277.6,118.95522820805112,259.28028636060884
2024-06-11 09:05:50+00:00,NAC802,23.97640422239142,-75.88085822339326,11277.6,118.95522820805112,259.28028636060884
2024-06-11 09:05:51+00:00,NAC802,23.97528696868379,-75.87862986438677,11277.6,118.95522820805112,259.28028636060884
2024-06-11 09:05:52+00:00,NAC802,23.974090576171875,-75.87631225585938,11277.6,118.95522820805112,259.28028636060884
2024-06-11 09:05:53+00:00,NAC802,23.972912804555083,-75.87396585716391,11277.6,118.95522820805112,259.28028636060884
2024-06-11 09:05:56+00:00,NAC802,23.969747252383478,-75.86774718086673,11277.6,118.95522820805112,259.28028636060884
2024-06-11 09:05:57+00:00,NAC802,23.96858344643803,-75.86551882186023,11277.6,118.95522820805112,259.28028636060884
2024-06-11 09:05:58+00:00,NAC802,23.967544555664062,-75.86339314778644,11277.6,118.95522820805112,259.28028636060884
2024-06-11 09:06:05+00:00,NAC802,23.959552312301376,-75.84774377211085,11277.6,118.95522820805112,259.28028636060884
2024-06-11 09:06:06+00:00,NAC802,23.958480834960938,-75.84564208984375,11277.6,118.95522820805112,259.28028636060884
2024-06-11 09:06:07+00:00,NAC802,23.95741090936176,-75.84349434330778,11277.6,118.95522820805112,259.28028636060884
2024-06-11 09:06:09+00:00,NAC802,23.955176401946503,-75.8390376252948,11277.6,119.01036026268744,258.8302685718394
2024-06-11 09:06:10+00:00,NAC802,23.95307922363281,-75.8349609375,11277.6,119.01036026268744,258.8302685718394
2024-06-11 09:06:11+00:00,NAC802,23.951934814453125,-75.83272298177081,11277.6,119.01036026268744,258.8302685718394
2024-06-11 09:06:13+00:00,NAC802,23.95079040527344,-75.83048502604163,11277.6,119.01036026268744,258.8302685718394
2024-06-11 09:06:14+00:00,NAC802,23.9490966796875,-75.82717895507812,11277.6,119.01036026268744,258.8302685718394
2024-06-11 09:06:15+00:00,NAC802,23.94782114837129,-75.82463102520637,11277.6,118.91067297504117,258.5811711988738
2024-06-11 09:06:16+00:00,NAC802,23.94662475585937,-75.82229614257812,11277.6,118.91067297504117,258.5811711988738
2024-06-11 09:06:17+00:00,NAC802,23.945526123046875,-75.82005818684894,11277.6,118.91067297504117,258.5811711988738
2024-06-11 09:06:18+00:00,NAC802,23.94442283501059,-75.81794594818689,11277.6,118.91067297504117,258.5811711988738
2024-06-11 09:06:19+00:00,NAC802,23.943374633789062,-75.81583658854163,11277.6,118.91067297504117,258.5811711988738
2024-06-11 09:06:20+00:00,NAC802,23.94223022460937,-75.8135986328125,11277.6,118.91067297504117,258.5811711988738
2024-06-11 09:06:21+00:00,NAC802,23.941131591796875,-75.8114115397135,11277.6,118.91067297504117,258.5811711988738
2024-06-11 09:06:22+00:00,NAC802,23.93958140227754,-75.80841064453125,11277.6,118.91067297504117,258.5811711988738
2024-06-11 09:06:23+00:00,NAC802,23.938385009765625,-75.80607096354163,11277.6,118.91067297504117,258.5811711988738
2024-06-11 09:06:24+00:00,NAC802,23.93783569335937,-75.80495198567706,11277.6,118.91067297504117,258.5811711988738
2024-06-11 09:06:26+00:00,NAC802,23.935531357587397,-75.80043000994988,11277.6,118.91067297504117,258.5811711988738
2024-06-11 09:06:27+00:00,NAC802,23.93497273073358,-75.7992899192954,11277.6,118.91067297504117,258.5811711988738
2024-06-11 09:06:28+00:00,NAC802,23.933670043945312,-75.7967631022135,11277.6,118.91067297504117,258.5811711988738
2024-06-11 09:06:29+00:00,NAC802,23.932505462129235,-75.79441862286262,11277.6,118.91067297504117,258.5811711988738
2024-06-11 09:06:30+00:00,NAC802,23.931481312897244,-75.79239755306605,11277.6,118.91067297504117,258.5811711988738
2024-06-11 09:06:31+00:00,NAC802,23.930364059189618,-75.79022101636201,11277.6,118.91067297504117,258.5811711988738
2024-06-11 09:06:49+00:00,NAC802,23.91002073126324,-75.75005873194281,11277.6,118.81079374297308,258.332858098714
2024-06-11 09:06:51+00:00,NAC802,23.907257080078125,-75.74462890625,11277.6,118.86587619188732,257.88221325333734
2024-06-11 09:06:52+00:00,NAC802,23.906570434570312,-75.74330647786456,11277.6,118.86587619188732,257.88221325333734
2024-06-11 09:06:53+00:00,NAC802,23.90541205971928,-75.74093800670693,11277.6,118.86587619188732,257.88221325333734
2024-06-11 09:06:54+00:00,NAC802,23.904387910487287,-75.73896875921287,11277.6,118.86587619188732,257.88221325333734
2024-06-11 09:06:55+00:00,NAC802,23.902999877929688,-75.73618570963538,11277.6,118.86587619188732,257.88221325333734
2024-06-11 09:06:56+00:00,NAC802,23.901455119504767,-75.73321648363799,11277.6,118.96587667559685,258.13095985869404
2024-06-11 09:06:57+00:00,NAC802,23.90052795410156,-75.73135375976562,11277.6,118.96587667559685,258.13095985869404
2024-06-11 09:06:59+00:00,NAC802,23.898103358381885,-75.72658322892096,11277.6,118.96587667559685,258.13095985869404
2024-06-11 09:07:00+00:00,NAC802,23.89759826660156,-75.72555541992188,11277.6,118.96587667559685,258.13095985869404
2024-06-11 09:07:01+00:00,NAC802,23.89642747782045,-75.7232666015625,11277.6,118.96587667559685,258.13095985869404
2024-06-11 09:07:02+00:00,NAC802,23.89521789550781,-75.72092692057288,11277.6,118.96587667559685,258.13095985869404
2024-06-11 09:07:03+00:00,NAC802,23.89349468683792,-75.71751432598762,11277.6,118.96587667559685,258.13095985869404
2024-06-11 09:07:04+00:00,NAC802,23.89228820800781,-75.71517944335938,11277.6,118.96587667559685,258.13095985869404
2024-06-11 09:07:05+00:00,NAC802,23.891189575195312,-75.71294148763019,11277.6,118.96587667559685,258.13095985869404
2024-06-11 09:07:06+00:00,NAC802,23.890594482421875,-75.71187337239581,11277.6,118.96587667559685,258.13095985869404
2024-06-11 09:07:07+00:00,NAC802,23.88953774662341,-75.70974098061612,11277.6,118.96587667559685,258.13095985869404
2024-06-11 09:07:08+00:00,NAC802,23.88789367675781,-75.70653279622394,11277.6,118.96587667559685,258.13095985869404
2024-06-11 09:07:09+00:00,NAC802,23.886795043945312,-75.704345703125,11277.6,118.96587667559685,258.13095985869404
2024-06-11 09:07:10+00:00,NAC802,23.885627358646715,-75.70201945754718,11277.6,118.96587667559685,258.13095985869404
2024-06-11 09:07:11+00:00,NAC802,23.884603209414724,-75.70005021005306,11277.6,118.86587619188732,257.88221325333734
2024-06-11 09:07:12+00:00,NAC802,23.88409423828125,-75.69905598958331,11277.6,118.92115143781724,257.4318075854021
2024-06-11 09:07:13+00:00,NAC802,23.88302043332892,-75.69694087190447,11277.6,118.92115143781724,257.4318075854021
2024-06-11 09:07:14+00:00,NAC802,23.8817138671875,-75.69437662760413,11277.6,118.92115143781724,257.4318075854021
2024-06-11 09:07:15+00:00,NAC802,23.88022729905985,-75.69139588553952,11277.6,118.92115143781724,257.4318075854021
2024-06-11 09:07:16+00:00,NAC802,23.87901306152344,-75.6890869140625,11277.6,118.92115143781724,257.4318075854021
2024-06-11 09:07:17+00:00,NAC802,23.87794623940678,-75.68699098982898,11277.6,118.92115143781724,257.4318075854021
2024-06-11 09:07:19+00:00,NAC802,23.87677001953125,-75.68466186523438,11277.6,118.92115143781724,257.4318075854021
2024-06-11 09:07:20+00:00,NAC802,23.87450137380826,-75.68015044590209,11277.6,118.92115143781724,257.4318075854021
2024-06-11 09:07:21+00:00,NAC802,23.873291015625,-75.67784627278644,11277.6,118.92115143781724,257.4318075854021
2024-06-11 09:07:23+00:00,NAC802,23.87104797363281,-75.67342122395831,11277.6,118.92115143781724,257.4318075854021
2024-06-11 09:07:25+00:00,NAC802,23.869985806739937,-75.67128883217862,11277.6,118.92115143781724,257.4318075854021
2024-06-11 09:07:26+00:00,NAC802,23.8677978515625,-75.66701253255206,11277.6,118.92115143781724,257.4318075854021
2024-06-11 09:07:27+00:00,NAC802,23.86672715009269,-75.66491468897402,11277.6,118.92115143781724,257.4318075854021
2024-06-11 09:07:28+00:00,NAC802,23.865516791909428,-75.66247904075766,11277.6,118.92115143781724,257.4318075854021
2024-06-11 09:07:29+00:00,NAC802,23.86431884765625,-75.66014607747394,11277.6,118.92115143781724,257.4318075854021
2024-06-11 09:07:31+00:00,NAC802,23.862584000926905,-75.65672676518278,11277.6,118.976620391333,256.9816423525103
2024-06-11 09:07:32+00:00,NAC802,23.862118478548727,-75.65584578604069,11277.6,118.976620391333,256.9816423525103
2024-06-11 09:07:33+00:00,NAC802,23.859883971133478,-75.65144089033015,11277.6,118.976620391333,256.9816423525103
2024-06-11 09:07:34+00:00,NAC802,23.85882568359375,-75.64936319986975,11277.6,118.976620391333,256.9816423525103
2024-06-11 09:07:35+00:00,NAC802,23.857681274414062,-75.64717610677081,11277.6,118.976620391333,256.9816423525103
2024-06-11 09:07:37+00:00,NAC802,23.85597358315678,-75.64377118956367,11277.6,118.976620391333,256.9816423525103
2024-06-11 09:07:38+00:00,NAC802,23.85433959960937,-75.64056396484375,11277.6,118.976620391333,256.9816423525103
2024-06-11 09:07:39+00:00,NAC802,23.853103637695312,-75.63812255859375,11277.6,118.976620391333,256.9816423525103
2024-06-11 09:07:40+00:00,NAC802,23.85186767578125,-75.63573201497394,11277.6,118.976620391333,256.9816423525103
2024-06-11 09:07:41+00:00,NAC802,23.85066662804555,-75.63340672906838,11277.6,119.07686353055756,257.23125982532616
2024-06-11 09:07:42+00:00,NAC802,23.8500148967161,-75.63205934920398,11277.6,119.07686353055756,257.23125982532616
2024-06-11 09:07:43+00:00,NAC802,23.848800659179688,-75.62978108723956,11277.6,119.07686353055756,257.23125982532616
2024-06-11 09:07:44+00:00,NAC802,23.84779357910156,-75.62779744466144,11277.6,119.07686353055756,257.23125982532616
2024-06-11 09:07:45+00:00,NAC802,23.8465576171875,-75.62535603841144,11277.6,119.07686353055756,257.23125982532616
2024-06-11 09:07:46+00:00,NAC802,23.845499329647776,-75.62324955778303,11277.6,119.07686353055756,257.23125982532616
2024-06-11 09:07:47+00:00,NAC802,23.84494070279396,-75.622161289431,11277.6,119.07686353055756,257.23125982532616
2024-06-11 09:07:48+00:00,NAC802,23.84368379237288,-75.6197774635171,11277.6,119.07686353055756,257.23125982532616
2024-06-11 09:07:49+00:00,NAC802,23.84303206104343,-75.6184300836527,11277.6,119.07686353055756,257.23125982532616
2024-06-11 09:07:50+00:00,NAC802,23.841293334960938,-75.61503092447913,11277.6,119.1326485062658,256.7817736641149
2024-06-11 09:07:51+00:00,NAC802,23.840057373046875,-75.61258951822913,11277.6,119.1326485062658,256.7817736641149
2024-06-11 09:07:52+00:00,NAC802,23.838912963867188,-75.61040242513019,11277.6,119.1326485062658,256.7817736641149
2024-06-11 09:07:53+00:00,NAC802,23.8377251059322,-75.60806562315742,11277.6,119.1326485062658,256.7817736641149
2024-06-11 09:07:54+00:00,NAC802,23.83660785222457,-75.60588908645343,11277.6,119.1326485062658,256.7817736641149
2024-06-11 09:07:55+00:00,NAC802,23.835397494041317,-75.60345343823701,11277.6,119.1326485062658,256.7817736641149
2024-06-11 09:07:56+00:00,NAC802,23.834197998046875,-75.60114542643225,11277.6,119.1326485062658,256.7817736641149
2024-06-11 09:07:57+00:00,NAC802,23.833023329912606,-75.5988412533166,11277.6,119.03228396794556,256.53171882041755
2024-06-11 09:07:58+00:00,NAC802,23.831954956054688,-75.59677124023438,11277.6,119.03228396794556,256.53171882041755
2024-06-11 09:08:01+00:00,NAC802,23.82847595214844,-75.58995564778644,11277.6,119.03228396794556,256.53171882041755
2024-06-11 09:08:02+00:00,NAC802,23.82739050913665,-75.5878549251916,11277.6,119.03228396794556,256.53171882041755
2024-06-11 09:08:03+00:00,NAC802,23.826324462890625,-75.58578491210938,11277.6,119.03228396794556,256.53171882041755
2024-06-11 09:08:05+00:00,NAC802,23.82421875,-75.58161417643225,11277.6,119.03228396794556,256.53171882041755
2024-06-11 09:08:06+00:00,NAC802,23.823154255495236,-75.5795115344929,11277.6,119.03228396794556,256.53171882041755
2024-06-11 09:08:07+00:00,NAC802,23.82213010626324,-75.57754228699883,11277.6,119.03228396794556,256.53171882041755
2024-06-11 09:08:08+00:00,NAC802,23.82101285255561,-75.57531392799234,11277.6,119.03228396794556,256.53171882041755
2024-06-11 09:08:10+00:00,NAC802,23.818871449615997,-75.57116814379424,11277.6,119.03228396794556,256.53171882041755
2024-06-11 09:08:12+00:00,NAC802,23.81640418101165,-75.56634866966391,11277.6,119.03228396794556,256.53171882041755
2024-06-11 09:08:13+00:00,NAC802,23.81524658203125,-75.56401570638019,11277.6,119.03228396794556,256.53171882041755
2024-06-11 09:08:14+00:00,NAC802,23.8141696735964,-75.56194377395343,11277.6,119.03228396794556,256.53171882041755
2024-06-11 09:08:15+00:00,NAC802,23.81309509277344,-75.55984497070312,11277.6,119.03228396794556,256.53171882041755
2024-06-11 09:08:16+00:00,NAC802,23.811935166181144,-75.5575388782429,11277.6,119.03228396794556,256.53171882041755
2024-06-11 09:08:17+00:00,NAC802,23.81085205078125,-75.55547078450519,11277.6,119.03228396794556,256.53171882041755
2024-06-11 09:08:18+00:00,NAC802,23.809890747070312,-75.55348714192706,11277.6,119.03228396794556,256.53171882041755
2024-06-11 09:08:19+00:00,NAC802,23.80881616624735,-75.55137202424822,11277.6,119.03228396794556,256.53171882041755
2024-06-11 09:08:20+00:00,NAC802,23.807698912539724,-75.54919548754424,11277.6,119.03228396794556,256.53171882041755
2024-06-11 09:08:21+00:00,NAC802,23.806581658832098,-75.5470189508402,11277.6,118.93172388688338,256.28245265933657
2024-06-11 09:08:22+00:00,NAC802,23.805496215820312,-75.54494222005206,11277.6,118.93172388688338,256.28245265933657
2024-06-11 09:08:23+00:00,NAC802,23.804207494703387,-75.5424067659198,11277.6,118.93172388688338,256.28245265933657
2024-06-11 09:08:32+00:00,NAC802,23.79424531581038,-75.52286975788621,11277.6,118.93172388688338,256.28245265933657
2024-06-11 09:08:33+00:00,NAC802,23.793128062102756,-75.52064139887972,11277.6,119.03228396794556,256.53171882041755
2024-06-11 09:08:34+00:00,NAC802,23.79194641113281,-75.51834106445312,11277.6,119.03228396794556,256.53171882041755
2024-06-11 09:08:35+00:00,NAC802,23.790847778320312,-75.51615397135413,11277.6,119.03228396794556,256.53171882041755
2024-06-11 09:08:36+00:00,NAC802,23.78954353979078,-75.5136453880454,11277.6,119.03228396794556,256.53171882041755
2024-06-11 09:08:40+00:00,NAC802,23.7850341796875,-75.5047607421875,11277.6,119.03228396794556,256.53171882041755
2024-06-11 09:08:42+00:00,NAC802,23.78284001754502,-75.50048252321636,11277.6,119.03228396794556,256.53171882041755
2024-06-11 09:08:44+00:00,NAC802,23.780605510129767,-75.49607762750588,11277.6,119.03228396794556,256.53171882041755
2024-06-11 09:08:50+00:00,NAC802,23.773901987884003,-75.4829147626769,11277.6,119.08814308813211,256.0820382630931
2024-06-11 09:08:51+00:00,NAC802,23.77287783865201,-75.48094551518278,11277.6,119.08814308813211,256.0820382630931
2024-06-11 09:08:53+00:00,NAC802,23.77056884765625,-75.47643025716144,11277.6,119.08814308813211,256.0820382630931
2024-06-11 09:08:54+00:00,NAC802,23.76947021484375,-75.4742431640625,11277.6,119.08814308813211,256.0820382630931
2024-06-11 09:08:55+00:00,NAC802,23.76826916710805,-75.4719284345519,11277.6,119.08814308813211,256.0820382630931
2024-06-11 09:09:26+00:00,NAC802,23.73399353027344,-75.40501912434897,11277.6,119.08814308813211,256.0820382630931
2024-06-11 09:09:27+00:00,NAC802,23.732842914128707,-75.40269383844338,11277.6,119.08814308813211,256.0820382630931
2024-06-11 09:09:30+00:00,NAC802,23.72935149629237,-75.395905116819,11277.6,119.08814308813211,256.0820382630931
2024-06-11 09:09:31+00:00,NAC802,23.728234242584744,-75.39372858011495,11277.6,119.08814308813211,256.0820382630931
2024-06-11 09:09:33+00:00,NAC802,23.72602844238281,-75.38945515950519,11277.6,119.08814308813211,256.0820382630931
2024-06-11 09:09:35+00:00,NAC802,23.72385833222987,-75.38517790020637,11277.6,119.08814308813211,256.0820382630931
2024-06-11 09:10:18+00:00,NAC802,23.675033569335938,-75.2899169921875,11277.6,119.08814308813211,256.0820382630931
2024-06-11 09:10:20+00:00,NAC802,23.67256164550781,-75.28508504231772,11277.6,119.14419867736144,255.63260196278003
2024-06-11 09:10:21+00:00,NAC802,23.671393960209212,-75.28277703051299,11277.6,119.14419867736144,255.63260196278003
2024-06-11 09:10:24+00:00,NAC802,23.6692525572696,-75.27863124631483,11285.22,119.14419867736144,255.63260196278003
2024-06-11 09:10:25+00:00,NAC802,23.66701804985434,-75.2742781729068,11285.22,119.14419867736144,255.63260196278003
2024-06-11 09:10:26+00:00,NAC802,23.66599390062235,-75.27230892541274,11277.6,119.244806144334,255.88353544413928
2024-06-11 09:10:27+00:00,NAC802,23.6649169921875,-75.27023315429688,11277.6,119.244806144334,255.88353544413928
2024-06-11 09:10:28+00:00,NAC802,23.66377258300781,-75.26804606119788,11285.22,119.244806144334,255.88353544413928
2024-06-11 09:10:29+00:00,NAC802,23.662673950195312,-75.26585896809894,11285.22,119.244806144334,255.88353544413928
2024-06-11 09:10:30+00:00,NAC802,23.66161799026748,-75.2637582455041,11277.6,119.14419867736144,255.63260196278003
2024-06-11 09:10:32+00:00,NAC802,23.659194946289062,-75.25909423828125,11285.22,119.14419867736144,255.63260196278003
2024-06-11 09:10:33+00:00,NAC802,23.657958984375,-75.25670369466144,11277.6,119.14419867736144,255.63260196278003
2024-06-11 09:10:36+00:00,NAC802,23.655807495117188,-75.25253295898438,11285.22,119.14419867736144,255.63260196278003
2024-06-11 09:11:49+00:00,NAC802,23.57302908170021,-75.091552734375,11277.6,119.30118065765244,255.43478596685136
2024-06-11 09:11:50+00:00,NAC802,23.57139587402344,-75.08834838867188,11277.6,119.30118065765244,255.43478596685136
2024-06-11 09:11:51+00:00,NAC802,23.570846557617188,-75.0872802734375,11277.6,119.30118065765244,255.43478596685136
2024-06-11 09:11:52+00:00,NAC802,23.5697021484375,-75.0850931803385,11277.6,119.30118065765244,255.43478596685136
2024-06-11 09:11:53+00:00,NAC802,23.56855773925781,-75.08290608723956,11277.6,119.30118065765244,255.43478596685136
2024-06-11 09:11:54+00:00,NAC802,23.567459106445312,-75.08071899414062,11277.6,119.30118065765244,255.43478596685136
2024-06-11 09:11:55+00:00,NAC802,23.566314697265625,-75.07858276367188,11277.6,119.30118065765244,255.43478596685136
2024-06-11 09:11:56+00:00,NAC802,23.56507873535156,-75.07614135742188,11277.6,119.30118065765244,255.43478596685136
2024-06-11 09:11:57+00:00,NAC802,23.5638427734375,-75.07375081380206,11277.6,119.30118065765244,255.43478596685136
2024-06-11 09:11:58+00:00,NAC802,23.56269448490466,-75.0714975033166,11277.6,119.30118065765244,255.43478596685136
2024-06-11 09:11:59+00:00,NAC802,23.561996201337397,-75.07015012345221,11277.6,119.30118065765244,255.43478596685136
2024-06-11 09:12:00+00:00,NAC802,23.56036376953125,-75.06698608398438,11277.6,119.30118065765244,255.43478596685136
2024-06-11 09:12:01+00:00,NAC802,23.55926513671875,-75.06484985351562,11277.6,119.30118065765244,255.43478596685136
2024-06-11 09:12:02+00:00,NAC802,23.558085813360695,-75.06253224498818,11277.6,119.20045166611943,255.18341121005537
2024-06-11 09:12:03+00:00,NAC802,23.556922007415253,-75.06035570828419,11277.6,119.20045166611943,255.18341121005537
2024-06-11 09:12:04+00:00,NAC802,23.556270276085804,-75.0590601507223,11277.6,119.20045166611943,255.18341121005537
2024-06-11 09:12:05+00:00,NAC802,23.555013365664724,-75.05662450250588,11277.6,119.20045166611943,255.18341121005537
2024-06-11 09:12:06+00:00,NAC802,23.553896111957098,-75.0544479658019,11277.6,119.20045166611943,255.18341121005537
2024-06-11 09:12:07+00:00,NAC802,23.55262756347656,-75.05198160807288,11277.6,119.20045166611943,255.18341121005537
2024-06-11 09:12:08+00:00,NAC802,23.551483154296875,-75.04979451497394,11277.6,119.14419867736144,255.63260196278003
2024-06-11 09:12:09+00:00,NAC802,23.550933837890625,-75.04867553710938,11277.6,119.14419867736144,255.63260196278003
2024-06-11 09:12:10+00:00,NAC802,23.549752962791317,-75.04641550891802,11277.6,119.14419867736144,255.63260196278003
2024-06-11 09:12:11+00:00,NAC802,23.548635709083687,-75.04423897221403,11277.6,119.14419867736144,255.63260196278003
2024-06-11 09:12:12+00:00,NAC802,23.547425350900426,-75.04180332399761,11277.6,119.14419867736144,255.63260196278003
2024-06-11 09:12:13+00:00,NAC802,23.546218872070312,-75.03952026367188,11277.6,119.14419867736144,255.63260196278003
2024-06-11 09:12:16+00:00,NAC802,23.542877197265625,-75.0329756303267,11277.6,119.14419867736144,255.63260196278003
2024-06-11 09:12:18+00:00,NAC802,23.540542602539062,-75.02843128551137,11277.6,119.14419867736144,255.63260196278003
2024-06-11 09:12:20+00:00,NAC802,23.53839111328125,-75.02428644353694,11277.6,119.20045166611943,255.18341121005537
2024-06-11 09:12:21+00:00,NAC802,23.537384033203125,-75.0223388671875,11277.6,119.20045166611943,255.18341121005537
2024-06-11 09:12:22+00:00,NAC802,23.53623962402344,-75.0201416015625,11277.6,119.20045166611943,255.18341121005537
2024-06-11 09:12:23+00:00,NAC802,23.53518211235434,-75.01805623372394,11277.6,119.20045166611943,255.18341121005537
2024-06-11 09:12:24+00:00,NAC802,23.53420451536017,-75.016123453776,11277.6,119.20045166611943,255.18341121005537
2024-06-11 09:12:26+00:00,NAC802,23.53094585871292,-75.009765625,11277.6,119.30118065765244,255.43478596685136
2024-06-11 09:12:28+00:00,NAC802,23.52968894829184,-75.00737508138019,11277.6,119.30118065765244,255.43478596685136
2024-06-11 09:12:29+00:00,NAC802,23.527816772460938,-75.00381192294032,11277.6,119.30118065765244,255.43478596685136
2024-06-11 09:12:31+00:00,NAC802,23.52557373046875,-74.99946732954544,11277.6,119.30118065765244,255.43478596685136
2024-06-11 09:12:32+00:00,NAC802,23.525115966796875,-74.99856844815338,11277.6,119.30118065765244,255.43478596685136
2024-06-11 09:12:33+00:00,NAC802,23.52388000488281,-74.99617143110794,11277.6,119.30118065765244,255.43478596685136
2024-06-11 09:12:34+00:00,NAC802,23.522872924804688,-74.9942238547585,11277.6,119.30118065765244,255.43478596685136
2024-06-11 09:12:35+00:00,NAC802,23.52186584472656,-74.99227627840907,11277.6,119.30118065765244,255.43478596685136
2024-06-11 09:12:36+00:00,NAC802,23.52023884401483,-74.98911539713538,11277.6,119.30118065765244,255.43478596685136
2024-06-11 09:12:37+00:00,NAC802,23.519680217161017,-74.98799641927081,11277.6,119.30118065765244,255.43478596685136
2024-06-11 09:12:38+00:00,NAC802,23.51747131347656,-74.98378684303975,11277.6,119.20045166611943,255.18341121005537
2024-06-11 09:12:39+00:00,NAC802,23.516887082891948,-74.9825541178385,11277.6,119.20045166611943,255.18341121005537
2024-06-11 09:12:40+00:00,NAC802,23.51618879932468,-74.98128255208331,11277.6,119.20045166611943,255.18341121005537
2024-06-11 09:12:41+00:00,NAC802,23.514419814287606,-74.97777303059894,11277.6,119.20045166611943,255.18341121005537
2024-06-11 09:12:42+00:00,NAC802,23.51325600834216,-74.9755859375,11277.6,119.20045166611943,255.18341121005537
2024-06-11 09:12:43+00:00,NAC802,23.51220703125,-74.97354958274144,11277.6,119.20045166611943,255.18341121005537
2024-06-11 09:12:44+00:00,NAC802,23.51116115764036,-74.97146606445312,11277.6,119.20045166611943,255.18341121005537
2024-06-11 09:12:45+00:00,NAC802,23.510513305664062,-74.97025368430394,11277.6,119.20045166611943,255.18341121005537
2024-06-11 09:12:46+00:00,NAC802,23.508880097987287,-74.96714274088538,11277.6,119.20045166611943,255.18341121005537
2024-06-11 09:12:47+00:00,NAC802,23.507902500993115,-74.96515909830725,11277.6,119.20045166611943,255.18341121005537
2024-06-11 09:12:48+00:00,NAC802,23.506805419921875,-74.96306263316762,11277.6,119.20045166611943,255.18341121005537
2024-06-11 09:12:49+00:00,NAC802,23.50562144134004,-74.96078491210938,11285.22,119.20045166611943,255.18341121005537
2024-06-11 09:12:50+00:00,NAC802,23.504504187632413,-74.95864868164062,11277.6,119.20045166611943,255.18341121005537
2024-06-11 09:12:51+00:00,NAC802,23.503326416015625,-74.95632102272725,11285.22,119.30118065765244,255.43478596685136
2024-06-11 09:12:52+00:00,NAC802,23.50217657574153,-74.95407104492188,11285.22,119.30118065765244,255.43478596685136
2024-06-11 09:12:53+00:00,NAC802,23.5008544921875,-74.95157692649144,11285.22,119.30118065765244,255.43478596685136
2024-06-11 09:12:54+00:00,NAC802,23.49984741210937,-74.94957941228694,11285.22,119.35775354279129,254.98628464630903
2024-06-11 09:12:55+00:00,NAC802,23.498778262380824,-74.94756062825519,11285.22,119.35775354279129,254.98628464630903
2024-06-11 09:12:56+00:00,NAC802,23.49751281738281,-74.94503506747157,11285.22,119.35775354279129,254.98628464630903
2024-06-11 09:12:57+00:00,NAC802,23.49691772460937,-74.94393643465907,11285.22,119.35775354279129,254.98628464630903
2024-06-11 09:12:58+00:00,NAC802,23.49528684454449,-74.9407958984375,11285.22,119.35775354279129,254.98628464630903
2024-06-11 09:12:59+00:00,NAC802,23.494125366210938,-74.93849320845169,11285.22,119.35775354279129,254.98628464630903
2024-06-11 09:13:00+00:00,NAC802,23.492889404296875,-74.93614612926137,11285.22,119.35775354279129,254.98628464630903
2024-06-11 09:13:01+00:00,NAC802,23.49183654785156,-74.93414861505681,11285.22,119.35775354279129,254.98628464630903
2024-06-11 09:13:02+00:00,NAC802,23.490585068524894,-74.93169148763019,11285.22,119.35775354279129,254.98628464630903
2024-06-11 09:13:03+00:00,NAC802,23.489959716796875,-74.93045321377838,11285.22,119.35775354279129,254.98628464630903
2024-06-11 09:13:04+00:00,NAC802,23.488862635725635,-74.92843627929688,11285.22,119.35775354279129,254.98628464630903
2024-06-11 09:13:05+00:00,NAC802,23.487419516353285,-74.92558797200519,11285.22,119.35775354279129,254.98628464630903
2024-06-11 09:13:06+00:00,NAC802,23.4861626059322,-74.92319742838538,11285.22,119.35775354279129,254.98628464630903
2024-06-11 09:13:07+00:00,NAC802,23.48519897460937,-74.92136452414769,11285.22,119.35775354279129,254.98628464630903
2024-06-11 09:13:08+00:00,NAC802,23.483602232852224,-74.918212890625,11285.22,119.35775354279129,254.98628464630903
2024-06-11 09:13:10+00:00,NAC802,23.48178669557733,-74.91470336914062,11285.22,119.35775354279129,254.98628464630903
2024-06-11 09:13:11+00:00,NAC802,23.48057556152344,-74.91242564808238,11285.22,119.35775354279129,254.98628464630903
2024-06-11 09:13:12+00:00,NAC802,23.480110815015887,-74.91144816080725,11285.22,119.35775354279129,254.98628464630903
2024-06-11 09:13:13+00:00,NAC802,23.47838838221663,-74.90819295247394,11285.22,119.35775354279129,254.98628464630903
2024-06-11 09:13:14+00:00,NAC802,23.47723388671875,-74.90593372691762,11285.22,119.35775354279129,254.98628464630903
2024-06-11 09:13:15+00:00,NAC802,23.476638793945312,-74.90483509410512,11285.22,119.35775354279129,254.98628464630903
2024-06-11 09:13:16+00:00,NAC802,23.47554016113281,-74.90268776633519,11285.22,119.35775354279129,254.98628464630903
2024-06-11 09:13:17+00:00,NAC802,23.474338337526483,-74.90041097005206,11285.22,119.35775354279129,254.98628464630903
2024-06-11 09:13:18+00:00,NAC802,23.473159790039062,-74.89809348366475,11285.22,119.35775354279129,254.98628464630903
2024-06-11 09:13:25+00:00,NAC802,23.46473693847656,-74.88181374289769,11277.6,119.35775354279129,254.98628464630903
2024-06-11 09:13:27+00:00,NAC802,23.463638305664062,-74.87961647727269,11277.6,119.35775354279129,254.98628464630903
2024-06-11 09:13:28+00:00,NAC802,23.462420964645126,-74.87737019856769,11277.6,119.35775354279129,254.98628464630903
2024-06-11 09:13:29+00:00,NAC802,23.4605712890625,-74.87377374822444,11277.6,119.35775354279129,254.98628464630903
2024-06-11 09:13:30+00:00,NAC802,23.459395069186968,-74.8714701334635,11277.6,119.35775354279129,254.98628464630903
2024-06-11 09:13:31+00:00,NAC802,23.457951949814618,-74.86867268880206,11277.6,119.35775354279129,254.98628464630903
2024-06-11 09:13:33+00:00,NAC802,23.456771850585938,-74.86638294566762,11277.6,119.25690298993484,254.7344673038919
2024-06-11 09:13:34+00:00,NAC802,23.455670890161542,-74.86434936523438,11277.6,119.25690298993484,254.7344673038919
2024-06-11 09:13:35+00:00,NAC802,23.45455363645392,-74.86216227213538,11277.6,119.25690298993484,254.7344673038919
2024-06-11 09:13:36+00:00,NAC802,23.452377319335938,-74.85789351029825,11277.6,119.25690298993484,254.7344673038919
2024-06-11 09:13:37+00:00,NAC802,23.451294979806672,-74.85585530598956,11277.6,119.35775354279129,254.98628464630903
2024-06-11 09:13:39+00:00,NAC802,23.45013427734375,-74.8535988547585,11277.6,119.25690298993484,254.7344673038919
2024-06-11 09:13:40+00:00,NAC802,23.44794321868379,-74.84934488932288,11277.6,119.25690298993484,254.7344673038919
2024-06-11 09:13:41+00:00,NAC802,23.446746826171875,-74.84705699573863,11277.6,119.25690298993484,254.7344673038919
2024-06-11 09:13:42+00:00,NAC802,23.445708711268537,-74.84502156575519,11277.6,119.25690298993484,254.7344673038919
2024-06-11 09:13:43+00:00,NAC802,23.444503784179688,-74.84271240234375,11277.6,119.25690298993484,254.7344673038919
2024-06-11 09:13:45+00:00,NAC802,23.443405151367188,-74.84056507457387,11277.6,119.25690298993484,254.7344673038919
2024-06-11 09:13:46+00:00,NAC802,23.4422607421875,-74.83836780894887,11277.6,119.25690298993484,254.7344673038919
2024-06-11 09:13:47+00:00,NAC802,23.44102478027344,-74.8360207297585,11277.6,119.35775354279129,254.98628464630903
2024-06-11 09:13:48+00:00,NAC802,23.438818980071503,-74.831797281901,11277.6,119.35775354279129,254.98628464630903
2024-06-11 09:13:49+00:00,NAC802,23.437774658203125,-74.82972856001419,11277.6,119.4145257377552,254.53803279428436
2024-06-11 09:13:50+00:00,NAC802,23.43663024902344,-74.82753129438919,11277.6,119.4145257377552,254.53803279428436
2024-06-11 09:13:51+00:00,NAC802,23.43602584580244,-74.82635498046875,11277.6,119.4145257377552,254.53803279428436
2024-06-11 09:13:52+00:00,NAC802,23.4349365234375,-74.82428533380681,11277.6,119.31355358940456,254.28577155171936
2024-06-11 09:13:53+00:00,NAC802,23.433884442862816,-74.82223510742188,11277.6,119.25690298993484,254.7344673038919
2024-06-11 09:13:54+00:00,NAC802,23.43211545782574,-74.81877644856769,11277.6,119.25690298993484,254.7344673038919
2024-06-11 09:13:55+00:00,NAC802,23.430908203125,-74.81649502840907,11277.6,119.25690298993484,254.7344673038919
2024-06-11 09:13:56+00:00,NAC802,23.429901123046875,-74.81454745205963,11277.6,119.25690298993484,254.7344673038919
2024-06-11 09:13:57+00:00,NAC802,23.429351806640625,-74.81344881924713,11277.6,119.25690298993484,254.7344673038919
2024-06-11 09:13:58+00:00,NAC802,23.42871714446504,-74.812266031901,11277.6,119.25690298993484,254.7344673038919
2024-06-11 09:13:59+00:00,NAC802,23.426575741525426,-74.80814615885413,11277.6,119.25690298993484,254.7344673038919
2024-06-11 09:14:00+00:00,NAC802,23.4254584878178,-74.80595906575519,11277.6,119.25690298993484,254.7344673038919
2024-06-11 09:14:01+00:00,NAC802,23.42434123411017,-74.80382283528644,11277.6,119.31355358940456,254.28577155171936
2024-06-11 09:14:02+00:00,NAC802,23.42372131347656,-74.8026123046875,11277.6,119.31355358940456,254.28577155171936
2024-06-11 09:14:03+00:00,NAC802,23.42322398040254,-74.8016357421875,11277.6,119.4145257377552,254.53803279428436
2024-06-11 09:14:04+00:00,NAC802,23.422106726694917,-74.7994486490885,11277.6,119.4145257377552,254.53803279428436
2024-06-11 09:14:05+00:00,NAC802,23.42079162597656,-74.79696932705963,11277.6,119.4145257377552,254.53803279428436
2024-06-11 09:14:06+00:00,NAC802,23.41900634765625,-74.79352361505681,11277.6,119.4145257377552,254.53803279428436
2024-06-11 09:14:07+00:00,NAC802,23.41838254766949,-74.79232788085938,11277.6,119.4145257377552,254.53803279428436
2024-06-11 09:14:08+00:00,NAC802,23.41712563724841,-74.78993733723956,11277.6,119.4145257377552,254.53803279428436
2024-06-11 09:14:09+00:00,NAC802,23.415589413400426,-74.78688557942706,11277.6,119.4145257377552,254.53803279428436
2024-06-11 09:14:10+00:00,NAC802,23.41433250297934,-74.78449503580725,11277.6,119.4145257377552,254.53803279428436
2024-06-11 09:14:11+00:00,NAC802,23.413238525390625,-74.78243741122157,11277.6,119.4145257377552,254.53803279428436
2024-06-11 09:14:12+00:00,NAC802,23.41268920898437,-74.78138871626419,11277.6,119.4145257377552,254.53803279428436
2024-06-11 09:14:13+00:00,NAC802,23.4107666015625,-74.77769331498575,11277.6,119.35775354279129,254.98628464630903
2024-06-11 09:14:14+00:00,NAC802,23.4102824582892,-74.77671305338538,11277.6,119.35775354279129,254.98628464630903
2024-06-11 09:14:15+00:00,NAC802,23.408981323242188,-74.77419766512782,11277.6,119.35775354279129,254.98628464630903
2024-06-11 09:14:16+00:00,NAC802,23.40781518968485,-74.77193196614581,11277.6,119.25690298993484,254.7344673038919
2024-06-11 09:14:17+00:00,NAC802,23.406646728515625,-74.7696533203125,11277.6,119.25690298993484,254.7344673038919
2024-06-11 09:14:18+00:00,NAC802,23.405441025556144,-74.76740519205725,11277.6,119.25690298993484,254.7344673038919
2024-06-11 09:14:19+00:00,NAC802,23.40440368652344,-74.76530872691762,11277.6,119.25690298993484,254.7344673038919
2024-06-11 09:14:20+00:00,NAC802,23.403717041015625,-74.76401034268463,11277.6,119.25690298993484,254.7344673038919
2024-06-11 09:14:21+00:00,NAC802,23.401931762695312,-74.76056463068181,11277.6,119.25690298993484,254.7344673038919
2024-06-11 09:14:22+00:00,NAC802,23.400787353515625,-74.75836736505681,11277.6,119.25690298993484,254.7344673038919
2024-06-11 09:14:23+00:00,NAC802,23.399688720703125,-74.75622003728694,11277.6,119.25690298993484,254.7344673038919
2024-06-11 09:14:24+00:00,NAC802,23.39854431152344,-74.754072709517,11277.6,119.25690298993484,254.7344673038919
2024-06-11 09:14:25+00:00,NAC802,23.397445678710938,-74.751875443892,11277.6,119.25690298993484,254.7344673038919
2024-06-11 09:14:27+00:00,NAC802,23.396223682468214,-74.74960327148438,11277.6,119.25690298993484,254.7344673038919
2024-06-11 09:14:28+00:00,NAC802,23.394058227539062,-74.74538352272725,11277.6,119.25690298993484,254.7344673038919
2024-06-11 09:14:29+00:00,NAC802,23.393104682534428,-74.74355061848956,11277.6,119.25690298993484,254.7344673038919
2024-06-11 09:14:30+00:00,NAC802,23.3919874288268,-74.74136352539062,11277.6,119.25690298993484,254.7344673038919
2024-06-11 09:14:31+00:00,NAC802,23.390899658203125,-74.73929110440338,11277.6,119.25690298993484,254.7344673038919
2024-06-11 09:14:32+00:00,NAC802,23.389892578125,-74.73734352805394,11277.6,119.25690298993484,254.7344673038919
2024-06-11 09:14:33+00:00,NAC802,23.3887939453125,-74.73519620028407,11277.6,119.25690298993484,254.7344673038919
2024-06-11 09:14:34+00:00,NAC802,23.38764953613281,-74.73299893465907,11277.6,119.25690298993484,254.7344673038919
2024-06-11 09:14:35+00:00,NAC802,23.38602874238612,-74.7298685709635,11277.6,119.25690298993484,254.7344673038919
2024-06-11 09:14:36+00:00,NAC802,23.385406494140625,-74.72870427911931,11277.6,119.25690298993484,254.7344673038919
2024-06-11 09:14:37+00:00,NAC802,23.38417053222656,-74.72630726207387,11277.6,119.25690298993484,254.7344673038919
2024-06-11 09:14:38+00:00,NAC802,23.38348388671875,-74.72500887784088,11277.6,119.25690298993484,254.7344673038919
2024-06-11 09:14:39+00:00,NAC802,23.38192749023437,-74.72196266867894,11277.6,119.25690298993484,254.7344673038919
2024-06-11 09:14:40+00:00,NAC802,23.380861443988348,-74.71989949544269,11277.6,119.25690298993484,254.7344673038919
2024-06-11 09:14:41+00:00,NAC802,23.379651085805083,-74.71750895182288,11277.6,119.25690298993484,254.7344673038919
2024-06-11 09:14:42+00:00,NAC802,23.37806830971928,-74.71445719401038,11277.6,119.25690298993484,254.7344673038919
2024-06-11 09:14:43+00:00,NAC802,23.377044160487287,-74.7125244140625,11277.6,119.25690298993484,254.7344673038919
2024-06-11 09:14:44+00:00,NAC802,23.37652587890625,-74.71152565696019,11277.6,119.25690298993484,254.7344673038919
2024-06-11 09:14:45+00:00,NAC802,23.375368279925848,-74.70926920572913,11277.6,119.25690298993484,254.7344673038919
2024-06-11 09:14:46+00:00,NAC802,23.374282836914062,-74.70723100142044,11277.6,119.25690298993484,254.7344673038919
2024-06-11 09:14:47+00:00,NAC802,23.37257514565678,-74.70387776692706,11277.6,119.25690298993484,254.7344673038919
2024-06-11 09:14:48+00:00,NAC802,23.3719482421875,-74.70263671875,11277.6,119.25690298993484,254.7344673038919
2024-06-11 09:14:49+00:00,NAC802,23.370759608381885,-74.70036824544269,11277.6,119.25690298993484,254.7344673038919
2024-06-11 09:14:50+00:00,NAC802,23.36956787109375,-74.69809237393463,11277.6,119.35775354279129,254.98628464630903
2024-06-11 09:14:51+00:00,NAC802,23.368385444253175,-74.69584147135413,11277.6,119.35775354279129,254.98628464630903
2024-06-11 09:14:52+00:00,NAC802,23.367407847259003,-74.693857828776,11277.6,119.35775354279129,254.98628464630903
2024-06-11 09:14:53+00:00,NAC802,23.36624404131356,-74.69172159830725,11277.6,119.35775354279129,254.98628464630903
2024-06-11 09:14:54+00:00,NAC802,23.3646240234375,-74.68855424360794,11277.6,119.4145257377552,254.53803279428436
2024-06-11 09:14:55+00:00,NAC802,23.36410263837394,-74.68760172526038,11277.6,119.4145257377552,254.53803279428436
2024-06-11 09:14:56+00:00,NAC802,23.363125041379767,-74.6856689453125,11277.6,119.4145257377552,254.53803279428436
2024-06-11 09:14:57+00:00,NAC802,23.36192321777344,-74.68336070667613,11277.6,119.35775354279129,254.98628464630903
2024-06-11 09:14:58+00:00,NAC802,23.360750877251057,-74.68109130859375,11277.6,119.35775354279129,254.98628464630903
2024-06-11 09:14:59+00:00,NAC802,23.35963362354343,-74.67890421549475,11277.6,119.35775354279129,254.98628464630903
2024-06-11 09:15:00+00:00,NAC802,23.357818086268537,-74.67544555664062,11277.6,119.35775354279129,254.98628464630903
2024-06-11 09:15:01+00:00,NAC802,23.356561175847457,-74.67305501302081,11277.6,119.35775354279129,254.98628464630903
2024-06-11 09:15:02+00:00,NAC802,23.355972290039062,-74.671875,11277.6,119.35775354279129,254.98628464630903
2024-06-11 09:15:03+00:00,NAC802,23.354965209960938,-74.66992742365056,11277.6,119.35775354279129,254.98628464630903
2024-06-11 09:15:04+00:00,NAC802,23.35382080078125,-74.66778009588069,11277.6,119.35775354279129,254.98628464630903
2024-06-11 09:15:05+00:00,NAC802,23.352584838867188,-74.66538307883519,11277.6,119.25690298993484,254.7344673038919
2024-06-11 09:15:06+00:00,NAC802,23.351577758789062,-74.66343550248575,11277.6,119.25690298993484,254.7344673038919
2024-06-11 09:15:07+00:00,NAC802,23.35047912597656,-74.66123823686075,11277.6,119.25690298993484,254.7344673038919
2024-06-11 09:15:08+00:00,NAC802,23.3492431640625,-74.65889115767044,11277.6,119.25690298993484,254.7344673038919
2024-06-11 09:15:09+00:00,NAC802,23.348181773040253,-74.65682983398438,11277.6,119.25690298993484,254.7344673038919
2024-06-11 09:15:10+00:00,NAC802,23.34692486261917,-74.65443929036456,11277.6,119.25690298993484,254.7344673038919
2024-06-11 09:15:11+00:00,NAC802,23.34571450443591,-74.65204874674475,11277.6,119.25690298993484,254.7344673038919
2024-06-11 09:15:12+00:00,NAC802,23.34461975097656,-74.64995228160512,11277.6,119.25690298993484,254.7344673038919
2024-06-11 09:15:13+00:00,NAC802,23.34315490722656,-74.64715576171875,11277.6,119.25690298993484,254.7344673038919
2024-06-11 09:15:14+00:00,NAC802,23.3425489522643,-74.64594523111975,11277.6,119.35775354279129,254.98628464630903
2024-06-11 09:15:15+00:00,NAC802,23.341461181640625,-74.64390980113637,11277.6,119.35775354279129,254.98628464630903
2024-06-11 09:15:16+00:00,NAC802,23.34040754932468,-74.64182535807288,11277.6,119.35775354279129,254.98628464630903
2024-06-11 09:15:17+00:00,NAC802,23.33935546875,-74.639814897017,11277.6,119.4145257377552,254.53803279428436
2024-06-11 09:15:18+00:00,NAC802,23.338173041909428,-74.63750203450519,11277.6,119.4145257377552,254.53803279428436
2024-06-11 09:15:19+00:00,NAC802,23.33697509765625,-74.63522061434657,11277.6,119.4145257377552,254.53803279428436
2024-06-11 09:15:20+00:00,NAC802,23.33583068847656,-74.63307328657669,11277.6,119.4145257377552,254.53803279428436
2024-06-11 09:15:21+00:00,NAC802,23.334732055664062,-74.63092595880681,11277.6,119.4145257377552,254.53803279428436
2024-06-11 09:15:22+00:00,NAC802,23.33349609375,-74.62852894176137,11277.6,119.4145257377552,254.53803279428436
2024-06-11 09:15:23+00:00,NAC802,23.332351684570312,-74.62633167613637,11277.6,119.4145257377552,254.53803279428436
2024-06-11 09:15:24+00:00,NAC802,23.331283310712397,-74.624277750651,11277.6,119.4145257377552,254.53803279428436
2024-06-11 09:15:25+00:00,NAC802,23.330108642578125,-74.62203702059657,11277.6,119.4145257377552,254.53803279428436
2024-06-11 09:15:27+00:00,NAC802,23.32793154958951,-74.61781819661456,11277.6,119.4145257377552,254.53803279428436
2024-06-11 09:15:28+00:00,NAC802,23.326950073242188,-74.61594460227269,11277.6,119.4145257377552,254.53803279428436
2024-06-11 09:15:29+00:00,NAC802,23.32541772874735,-74.613037109375,11277.6,119.4145257377552,254.53803279428436
2024-06-11 09:15:30+00:00,NAC802,23.324935913085938,-74.61204944957387,11277.6,119.4145257377552,254.53803279428436
2024-06-11 09:15:31+00:00,NAC802,23.322921752929688,-74.608154296875,11277.6,119.4145257377552,254.53803279428436
2024-06-11 09:15:32+00:00,NAC802,23.322235107421875,-74.606855912642,11277.6,119.4145257377552,254.53803279428436
2024-06-11 09:15:33+00:00,NAC802,23.32104181839248,-74.60459391276038,11277.6,119.4145257377552,254.53803279428436
2024-06-11 09:15:34+00:00,NAC802,23.319854736328125,-74.60231156782669,11277.6,119.4145257377552,254.53803279428436
2024-06-11 09:15:35+00:00,NAC802,23.31871032714844,-74.60016424005681,11277.6,119.4145257377552,254.53803279428436
2024-06-11 09:15:36+00:00,NAC802,23.317550400556144,-74.59788004557288,11277.6,119.4145257377552,254.53803279428436
2024-06-11 09:15:37+00:00,NAC802,23.316293490135063,-74.59548950195312,11277.6,119.35775354279129,254.98628464630903
2024-06-11 09:15:38+00:00,NAC802,23.31578063964844,-74.59452126242894,11277.6,119.35775354279129,254.98628464630903
2024-06-11 09:15:39+00:00,NAC802,23.31461760957362,-74.59223429361975,11277.6,119.35775354279129,254.98628464630903
2024-06-11 09:15:40+00:00,NAC802,23.31359346034163,-74.59030151367188,11277.6,119.35775354279129,254.98628464630903
2024-06-11 09:15:41+00:00,NAC802,23.31191757978019,-74.5870463053385,11277.6,119.35775354279129,254.98628464630903
2024-06-11 09:15:42+00:00,NAC802,23.31074523925781,-74.58478338068181,11277.6,119.35775354279129,254.98628464630903
2024-06-11 09:15:43+00:00,NAC802,23.309738159179688,-74.58283580433238,11277.6,119.35775354279129,254.98628464630903
2024-06-11 09:15:44+00:00,NAC802,23.30912444551112,-74.58160400390625,11277.6,119.35775354279129,254.98628464630903
2024-06-11 09:15:45+00:00,NAC802,23.307586669921875,-74.57869096235794,11277.6,119.35775354279129,254.98628464630903
2024-06-11 09:15:46+00:00,NAC802,23.306442260742188,-74.57654363458806,11277.6,119.35775354279129,254.98628464630903
2024-06-11 09:15:47+00:00,NAC802,23.305206298828125,-74.57414661754262,11285.22,119.35775354279129,254.98628464630903
2024-06-11 09:15:48+00:00,NAC802,23.304143356064618,-74.57209269205725,11277.6,119.35775354279129,254.98628464630903
2024-06-11 09:15:49+00:00,NAC802,23.30302610235699,-74.56990559895831,11285.22,119.51529763406737,254.7910829859895
2024-06-11 09:15:50+00:00,NAC802,23.302467475503175,-74.56883748372394,11285.22,119.51529763406737,254.7910829859895
2024-06-11 09:15:51+00:00,NAC802,23.30074504270392,-74.56558227539062,11285.22,119.51529763406737,254.7910829859895
2024-06-11 09:15:52+00:00,NAC802,23.299575805664062,-74.56331010298294,11277.6,119.51529763406737,254.7910829859895
2024-06-11 09:15:53+00:00,NAC802,23.298510535288663,-74.56125895182288,11277.6,119.51529763406737,254.7910829859895
2024-06-11 09:15:54+00:00,NAC802,23.297253624867583,-74.55886840820312,11285.22,119.51529763406737,254.7910829859895
2024-06-11 09:15:55+00:00,NAC802,23.296188354492188,-74.55681818181819,11285.22,119.51529763406737,254.7910829859895
2024-06-11 09:15:56+00:00,NAC802,23.295577744306144,-74.55561319986975,11285.22,119.51529763406737,254.7910829859895
2024-06-11 09:15:57+00:00,NAC802,23.29449462890625,-74.55357222123575,11277.6,119.51529763406737,254.7910829859895
2024-06-11 09:15:58+00:00,NAC802,23.292938232421875,-74.55052601207387,11277.6,119.45840478666516,255.23889043035305
2024-06-11 09:15:59+00:00,NAC802,23.29162080409163,-74.54803466796875,11277.6,119.45840478666516,255.23889043035305
2024-06-11 09:16:00+00:00,NAC802,23.29115528171345,-74.54717000325519,11277.6,119.45840478666516,255.23889043035305
2024-06-11 09:16:01+00:00,NAC802,23.29010009765625,-74.54513272372157,11277.6,119.45840478666516,255.23889043035305
2024-06-11 09:16:02+00:00,NAC802,23.288362147444385,-74.54177856445312,11277.6,119.45840478666516,255.23889043035305
2024-06-11 09:16:03+00:00,NAC802,23.28766386387712,-74.54045613606769,11277.6,119.45840478666516,255.23889043035305
2024-06-11 09:16:04+00:00,NAC802,23.28598798331568,-74.53720092773438,11277.6,119.45840478666516,255.23889043035305
2024-06-11 09:16:05+00:00,NAC802,23.2855224609375,-74.53633626302081,11277.6,119.45840478666516,255.23889043035305
2024-06-11 09:16:06+00:00,NAC802,23.284332275390625,-74.53404651988637,11277.6,119.45840478666516,255.23889043035305
2024-06-11 09:16:07+00:00,NAC802,23.283187866210938,-74.53189919211644,11277.6,119.45840478666516,255.23889043035305
2024-06-11 09:16:08+00:00,NAC802,23.28218078613281,-74.529951615767,11277.6,119.45840478666516,255.23889043035305
2024-06-11 09:16:09+00:00,NAC802,23.281036376953125,-74.52780428799713,11277.6,119.45840478666516,255.23889043035305
2024-06-11 09:16:10+00:00,NAC802,23.279284461069917,-74.52443440755206,11277.6,119.45840478666516,255.23889043035305
2024-06-11 09:16:11+00:00,NAC802,23.278793334960938,-74.52345969460225,11277.6,119.45840478666516,255.23889043035305
2024-06-11 09:16:12+00:00,NAC802,23.27696228027344,-74.51996404474431,11277.6,119.45840478666516,255.23889043035305
2024-06-11 09:16:13+00:00,NAC802,23.276351670087397,-74.51878865559894,11277.6,119.45840478666516,255.23889043035305
2024-06-11 09:16:14+00:00,NAC802,23.275177001953125,-74.51651833274144,11277.6,119.45840478666516,255.23889043035305
2024-06-11 09:16:15+00:00,NAC802,23.273941040039062,-74.514121315696,11277.6,119.45840478666516,255.23889043035305
2024-06-11 09:16:16+00:00,NAC802,23.27265930175781,-74.51172429865056,11277.6,119.45840478666516,255.23889043035305
2024-06-11 09:16:17+00:00,NAC802,23.27210998535156,-74.51067560369319,11277.6,119.45840478666516,255.23889043035305
2024-06-11 09:16:18+00:00,NAC802,23.27048608812235,-74.50754801432288,11277.6,119.45840478666516,255.23889043035305
2024-06-11 09:16:19+00:00,NAC802,23.269322282176905,-74.50536092122394,11277.6,119.45840478666516,255.23889043035305
2024-06-11 09:16:20+00:00,NAC802,23.26820502846928,-74.503173828125,11277.6,119.45840478666516,255.23889043035305
2024-06-11 09:16:21+00:00,NAC802,23.2669481180482,-74.50078328450519,11277.6,119.45840478666516,255.23889043035305
2024-06-11 09:16:22+00:00,NAC802,23.2657470703125,-74.49854070490056,11277.6,119.45840478666516,255.23889043035305
2024-06-11 09:16:24+00:00,NAC802,23.264480849443856,-74.49605305989581,11277.6,119.45840478666516,255.23889043035305
2024-06-11 09:16:25+00:00,NAC802,23.26266531216896,-74.49254353841144,11277.6,119.45840478666516,255.23889043035305
2024-06-11 09:16:26+00:00,NAC802,23.26206013307733,-74.49147542317706,11277.6,119.45840478666516,255.23889043035305
2024-06-11 09:16:27+00:00,NAC802,23.260894775390625,-74.48920232599431,11277.6,119.45840478666516,255.23889043035305
2024-06-11 09:16:28+00:00,NAC802,23.259127342094807,-74.48582967122394,11277.6,119.45840478666516,255.23889043035305
2024-06-11 09:16:29+00:00,NAC802,23.257965087890625,-74.48355934836644,11277.6,119.45840478666516,255.23889043035305
2024-06-11 09:16:30+00:00,NAC802,23.257311804819917,-74.48237101236975,11277.6,119.45840478666516,255.23889043035305
2024-06-11 09:16:31+00:00,NAC802,23.25567626953125,-74.47921475497157,11277.6,119.45840478666516,255.23889043035305
2024-06-11 09:16:33+00:00,NAC802,23.253913491459212,-74.47586059570312,11277.6,119.45840478666516,255.23889043035305
2024-06-11 09:16:34+00:00,NAC802,23.25274658203125,-74.47357177734375,11277.6,119.45840478666516,255.23889043035305
2024-06-11 09:16:35+00:00,NAC802,23.25160217285156,-74.47142444957387,11277.6,119.45840478666516,255.23889043035305
2024-06-11 09:16:36+00:00,NAC802,23.249863446769066,-74.46807861328125,11277.6,119.45840478666516,255.23889043035305
2024-06-11 09:16:37+00:00,NAC802,23.249397924390887,-74.46721394856769,11277.6,119.45840478666516,255.23889043035305
2024-06-11 09:16:38+00:00,NAC802,23.248373775158896,-74.46523030598956,11277.6,119.45840478666516,255.23889043035305
2024-06-11 09:16:39+00:00,NAC802,23.24725652145127,-74.46309407552081,11277.6,119.45840478666516,255.23889043035305
2024-06-11 09:16:40+00:00,NAC802,23.245147705078125,-74.45903986150569,11277.6,119.45840478666516,255.23889043035305
2024-06-11 09:16:41+00:00,NAC802,23.24409096927966,-74.45699055989581,11277.6,119.45840478666516,255.23889043035305
2024-06-11 09:16:42+00:00,NAC802,23.243453979492188,-74.45579390092325,11277.6,119.45840478666516,255.23889043035305
2024-06-11 09:16:43+00:00,NAC802,23.242415088718214,-74.4537353515625,11277.6,119.45840478666516,255.23889043035305
2024-06-11 09:16:44+00:00,NAC802,23.24189758300781,-74.45274769176137,11277.6,119.45840478666516,255.23889043035305
2024-06-11 09:16:45+00:00,NAC802,23.24004092458951,-74.44920857747394,11277.6,119.45840478666516,255.23889043035305
2024-06-11 09:16:46+00:00,NAC802,23.23878401416843,-74.44681803385413,11277.6,119.45840478666516,255.23889043035305
2024-06-11 09:16:47+00:00,NAC802,23.237201238082623,-74.44376627604163,11277.6,119.45840478666516,255.23889043035305
2024-06-11 09:16:48+00:00,NAC802,23.236129760742188,-74.44171142578125,11277.6,119.45840478666516,255.23889043035305
2024-06-11 09:16:49+00:00,NAC802,23.235478805283368,-74.44051106770831,11277.6,119.45840478666516,255.23889043035305
2024-06-11 09:16:50+00:00,NAC802,23.234893798828125,-74.43931440873575,11277.6,119.45840478666516,255.23889043035305
2024-06-11 09:16:51+00:00,NAC802,23.232833862304688,-74.43541925603694,11277.6,119.45840478666516,255.23889043035305
2024-06-11 09:16:52+00:00,NAC802,23.231754626257946,-74.43333943684894,11277.6,119.45840478666516,255.23889043035305
2024-06-11 09:16:53+00:00,NAC802,23.23119599940413,-74.43227132161456,11277.6,119.45840478666516,255.23889043035305
2024-06-11 09:16:54+00:00,NAC802,23.2305908203125,-74.431074662642,11277.6,119.45840478666516,255.23889043035305
2024-06-11 09:16:55+00:00,NAC802,23.228439331054688,-74.42692982066762,11277.6,119.45840478666516,255.23889043035305
2024-06-11 09:16:56+00:00,NAC802,23.227752685546875,-74.42563143643463,11277.6,119.40171127820344,255.6869486546398
2024-06-11 09:16:57+00:00,NAC802,23.226447671146715,-74.42316691080725,11277.6,119.40171127820344,255.6869486546398
2024-06-11 09:16:58+00:00,NAC802,23.224725238347457,-74.41991170247394,11277.6,119.40171127820344,255.6869486546398
2024-06-11 09:16:59+00:00,NAC802,23.223541259765625,-74.41759144176137,11277.6,119.55885669243467,255.492282317422
2024-06-11 09:17:00+00:00,NAC802,23.22308349609375,-74.41674249822444,11277.6,119.55885669243467,255.492282317422
2024-06-11 09:17:01+00:00,NAC802,23.222025208554022,-74.4146728515625,11277.6,119.55885669243467,255.492282317422
2024-06-11 09:17:02+00:00,NAC802,23.22084045410156,-74.4123979048295,11277.6,119.55885669243467,255.492282317422
2024-06-11 09:17:03+00:00,NAC802,23.21923828125,-74.40935169566762,11277.6,119.55885669243467,255.492282317422
2024-06-11 09:17:04+00:00,NAC802,23.218231201171875,-74.40740411931819,11277.6,119.55885669243467,255.492282317422
2024-06-11 09:17:05+00:00,NAC802,23.2169975668697,-74.4051615397135,11277.6,119.55885669243467,255.492282317422
2024-06-11 09:17:07+00:00,NAC802,23.21532168630826,-74.40190633138019,11277.6,119.55885669243467,255.492282317422
2024-06-11 09:17:08+00:00,NAC802,23.21406477588718,-74.39951578776038,11277.6,119.55885669243467,255.492282317422
2024-06-11 09:17:09+00:00,NAC802,23.212875366210938,-74.397216796875,11277.6,119.55885669243467,255.492282317422
2024-06-11 09:17:10+00:00,NAC802,23.211639404296875,-74.3948197798295,11277.6,119.55885669243467,255.492282317422
2024-06-11 09:17:11+00:00,NAC802,23.209968178959212,-74.39168294270831,11277.6,119.55885669243467,255.492282317422
2024-06-11 09:17:12+00:00,NAC802,23.20950265658104,-74.39081827799475,11277.6,119.55885669243467,255.492282317422
2024-06-11 09:17:13+00:00,NAC802,23.20820617675781,-74.38832785866475,11285.22,119.55885669243467,255.492282317422
2024-06-11 09:17:14+00:00,NAC802,23.207061767578125,-74.38618053089488,11285.22,119.55885669243467,255.492282317422
2024-06-11 09:17:15+00:00,NAC802,23.205963134765625,-74.38398326526988,11285.22,119.55885669243467,255.492282317422
2024-06-11 09:17:16+00:00,NAC802,23.204818725585938,-74.3818359375,11285.22,119.55885669243467,255.492282317422
2024-06-11 09:17:17+00:00,NAC802,23.203125,-74.37858997691762,11285.22,119.55885669243467,255.492282317422
2024-06-11 09:17:18+00:00,NAC802,23.20247326867055,-74.37739054361975,11285.22,119.55885669243467,255.492282317422
2024-06-11 09:17:19+00:00,NAC802,23.201216358249468,-74.375,11285.22,119.55885669243467,255.492282317422
2024-06-11 09:17:20+00:00,NAC802,23.20005798339844,-74.37269731001419,11285.22,119.50204349603337,255.93989694451287
2024-06-11 09:17:21+00:00,NAC802,23.19954047768803,-74.37174479166663,11285.22,119.50204349603337,255.93989694451287
2024-06-11 09:17:22+00:00,NAC802,23.19805080607786,-74.36894734700519,11285.22,119.50204349603337,255.93989694451287
2024-06-11 09:17:23+00:00,NAC802,23.19744873046875,-74.36775346235794,11285.22,119.50204349603337,255.93989694451287
2024-06-11 09:17:24+00:00,NAC802,23.195816298662606,-74.36457316080725,11285.22,119.50204349603337,255.93989694451287
2024-06-11 09:17:25+00:00,NAC802,23.19479214943061,-74.36264038085938,11277.6,119.50204349603337,255.93989694451287
2024-06-11 09:17:26+00:00,NAC802,23.193603515625,-74.36036265980113,11277.6,119.50204349603337,255.93989694451287
2024-06-11 09:17:27+00:00,NAC802,23.19300842285156,-74.35926402698863,11277.6,119.50204349603337,255.93989694451287
2024-06-11 09:17:28+00:00,NAC802,23.19181280621028,-74.35699462890625,11277.6,119.50204349603337,255.93989694451287
2024-06-11 09:17:29+00:00,NAC802,23.190170288085938,-74.35382080078125,11277.6,119.50204349603337,255.93989694451287
2024-06-11 09:17:30+00:00,NAC802,23.188973119703387,-74.35155232747394,11277.6,119.50204349603337,255.93989694451287
2024-06-11 09:17:31+00:00,NAC802,23.187789916992188,-74.34927645596588,11277.6,119.50204349603337,255.93989694451287
2024-06-11 09:17:32+00:00,NAC802,23.18659895557468,-74.34697469075519,11277.6,119.50204349603337,255.93989694451287
2024-06-11 09:17:33+00:00,NAC802,23.18557480634269,-74.34504191080725,11277.6,119.50204349603337,255.93989694451287
2024-06-11 09:17:34+00:00,NAC802,23.18422479144597,-74.34244791666663,11277.6,119.50204349603337,255.93989694451287
2024-06-11 09:17:35+00:00,NAC802,23.18316650390625,-74.34038751775569,11277.6,119.50204349603337,255.93989694451287
2024-06-11 09:17:36+00:00,NAC802,23.18217649298199,-74.33853149414062,11277.6,119.50204349603337,255.93989694451287
2024-06-11 09:17:37+00:00,NAC802,23.181710970603813,-74.33766682942706,11277.6,119.50204349603337,255.93989694451287
2024-06-11 09:17:38+00:00,NAC802,23.17966267213983,-74.333750406901,11277.6,119.50204349603337,255.93989694451287
2024-06-11 09:17:39+00:00,NAC802,23.178726196289062,-74.33189808238637,11277.6,119.50204349603337,255.93989694451287
2024-06-11 09:17:40+00:00,NAC802,23.178268432617188,-74.33099920099431,11277.6,119.50204349603337,255.93989694451287
2024-06-11 09:17:41+00:00,NAC802,23.17626435877913,-74.32723999023438,11277.6,119.50204349603337,255.93989694451287
2024-06-11 09:17:42+00:00,NAC802,23.175750732421875,-74.3262551047585,11277.6,119.50204349603337,255.93989694451287
2024-06-11 09:17:43+00:00,NAC802,23.173983299126057,-74.32286580403644,11277.6,119.50204349603337,255.93989694451287
2024-06-11 09:17:44+00:00,NAC802,23.17286604541843,-74.32072957356769,11277.6,119.50204349603337,255.93989694451287
2024-06-11 09:17:45+00:00,NAC802,23.171676635742188,-74.31841486150569,11277.6,119.6021772843954,256.1936285095195
2024-06-11 09:17:46+00:00,NAC802,23.170445329051905,-74.31615193684894,11277.6,119.6021772843954,256.1936285095195
2024-06-11 09:17:47+00:00,NAC802,23.16925048828125,-74.31387051669032,11277.6,119.6021772843954,256.1936285095195
2024-06-11 09:17:48+00:00,NAC802,23.168769448490465,-74.31289672851562,11277.6,119.6021772843954,256.1936285095195
2024-06-11 09:17:49+00:00,NAC802,23.16760564254502,-74.31070963541663,11277.6,119.6021772843954,256.1936285095195
2024-06-11 09:17:50+00:00,NAC802,23.166022866459212,-74.30765787760413,11277.6,119.6021772843954,256.1936285095195
2024-06-11 09:17:51+00:00,NAC802,23.16490561275159,-74.30547078450519,11277.6,119.6021772843954,256.1936285095195
2024-06-11 09:17:52+00:00,NAC802,23.16366577148437,-74.303183815696,11277.6,119.6021772843954,256.1936285095195
2024-06-11 09:17:53+00:00,NAC802,23.16265869140625,-74.30123623934657,11277.6,119.54544378487552,256.64105111679737
2024-06-11 09:17:54+00:00,NAC802,23.16215903072034,-74.30028279622394,11277.6,119.54544378487552,256.64105111679737
2024-06-11 09:17:55+00:00,NAC802,23.160369873046875,-74.29689164595169,11277.6,119.54544378487552,256.64105111679737
2024-06-11 09:17:56+00:00,NAC802,23.1591796875,-74.29463704427081,11277.6,119.54544378487552,256.64105111679737
2024-06-11 09:17:57+00:00,NAC802,23.15815553826801,-74.29265340169269,11277.6,119.54544378487552,256.64105111679737
2024-06-11 09:17:58+00:00,NAC802,23.156982421875,-74.29039972478694,11277.6,119.54544378487552,256.64105111679737
2024-06-11 09:17:59+00:00,NAC802,23.155874478614937,-74.288330078125,11277.6,119.54544378487552,256.64105111679737
2024-06-11 09:18:00+00:00,NAC802,23.154693603515625,-74.28600519353694,11277.6,119.54544378487552,256.64105111679737
2024-06-11 09:18:01+00:00,NAC802,23.153549194335938,-74.283857865767,11277.6,119.54544378487552,256.64105111679737
2024-06-11 09:18:02+00:00,NAC802,23.15240478515625,-74.281660600142,11277.6,119.54544378487552,256.64105111679737
2024-06-11 09:18:03+00:00,NAC802,23.151168823242188,-74.27926358309657,11277.6,119.54544378487552,256.64105111679737
2024-06-11 09:18:04+00:00,NAC802,23.1500244140625,-74.27711625532669,11277.6,119.54544378487552,256.64105111679737
2024-06-11 09:18:05+00:00,NAC802,23.148938195180083,-74.27505493164062,11277.6,119.54544378487552,256.64105111679737
2024-06-11 09:18:06+00:00,NAC802,23.147872924804688,-74.27297141335225,11277.6,119.54544378487552,256.64105111679737
2024-06-11 09:18:07+00:00,NAC802,23.146728515625,-74.27077414772725,11277.6,119.54544378487552,256.64105111679737
2024-06-11 09:18:08+00:00,NAC802,23.145584106445312,-74.26862681995738,11277.6,119.54544378487552,256.64105111679737
2024-06-11 09:18:09+00:00,NAC802,23.144515732587397,-74.26656087239581,11277.6,119.54544378487552,256.64105111679737
2024-06-11 09:18:11+00:00,NAC802,23.142059326171875,-74.261885209517,11277.6,119.54544378487552,256.64105111679737
2024-06-11 09:18:13+00:00,NAC802,23.139862060546875,-74.25774036754262,11277.6,119.54544378487552,256.64105111679737
2024-06-11 09:18:14+00:00,NAC802,23.13869670286017,-74.25547281901038,11277.6,119.54544378487552,256.64105111679737
2024-06-11 09:18:15+00:00,NAC802,23.137532896914724,-74.25328572591144,11277.6,119.54544378487552,256.64105111679737
2024-06-11 09:18:16+00:00,NAC802,23.136508747682733,-74.25130208333331,11277.6,119.54544378487552,256.64105111679737
2024-06-11 09:18:17+00:00,NAC802,23.135391493975103,-74.24911499023438,11277.6,119.54544378487552,256.64105111679737
2024-06-11 09:18:18+00:00,NAC802,23.13422768802966,-74.24697875976562,11277.6,119.54544378487552,256.64105111679737
2024-06-11 09:18:19+00:00,NAC802,23.133110434322035,-74.24479166666663,11277.6,119.54544378487552,256.64105111679737
2024-06-11 09:18:20+00:00,NAC802,23.13189697265625,-74.24250932173294,11277.6,119.54544378487552,256.64105111679737
2024-06-11 09:18:21+00:00,NAC802,23.130661010742188,-74.2401123046875,11277.6,119.54544378487552,256.64105111679737
2024-06-11 09:18:22+00:00,NAC802,23.129432807534428,-74.23782348632812,11277.6,119.54544378487552,256.64105111679737
2024-06-11 09:18:24+00:00,NAC802,23.126918986692267,-74.2330423990885,11277.6,119.54544378487552,256.64105111679737
2024-06-11 09:18:25+00:00,NAC802,23.12636035983845,-74.23192342122394,11277.6,119.54544378487552,256.64105111679737
2024-06-11 09:18:26+00:00,NAC802,23.12530517578125,-74.22987504438919,11277.6,119.54544378487552,256.64105111679737
2024-06-11 09:18:27+00:00,NAC802,23.12407930018538,-74.22760009765625,11277.6,119.54544378487552,256.64105111679737
2024-06-11 09:18:28+00:00,NAC802,23.123016357421875,-74.22553045099431,11277.6,119.54544378487552,256.64105111679737
2024-06-11 09:18:29+00:00,NAC802,23.121734619140625,-74.22313343394887,11277.6,119.54544378487552,256.64105111679737
2024-06-11 09:18:30+00:00,NAC802,23.12118530273437,-74.22203480113637,11277.6,119.54544378487552,256.64105111679737
2024-06-11 09:18:31+00:00,NAC802,23.119354248046875,-74.21853915127838,11277.6,119.54544378487552,256.64105111679737
2024-06-11 09:18:32+00:00,NAC802,23.118667602539062,-74.21724076704544,11277.6,119.54544378487552,256.64105111679737
2024-06-11 09:18:33+00:00,NAC802,23.11683654785156,-74.2137451171875,11277.6,119.54544378487552,256.64105111679737
2024-06-11 09:18:34+00:00,NAC802,23.115692138671875,-74.21159778941762,11277.6,119.54544378487552,256.64105111679737
2024-06-11 09:18:35+00:00,NAC802,23.115094718286542,-74.21040852864581,11277.6,119.54544378487552,256.64105111679737
2024-06-11 09:18:36+00:00,NAC802,23.113311767578125,-74.20700350674713,11277.6,119.54544378487552,256.64105111679737
2024-06-11 09:18:37+00:00,NAC802,23.11267400192002,-74.20583089192706,11277.6,119.54544378487552,256.64105111679737
2024-06-11 09:18:38+00:00,NAC802,23.111480712890625,-74.20350785688919,11277.6,119.54544378487552,256.64105111679737
2024-06-11 09:18:39+00:00,NAC802,23.110299837791317,-74.20125325520831,11277.6,119.54544378487552,256.64105111679737
2024-06-11 09:18:40+00:00,NAC802,23.10867050946769,-74.19820149739581,11277.6,119.54544378487552,256.64105111679737
2024-06-11 09:18:41+00:00,NAC802,23.107553255760063,-74.19601440429688,11277.6,119.48890781227256,257.0887244766946
2024-06-11 09:18:42+00:00,NAC802,23.1068549721928,-74.19469197591144,11277.6,119.48890781227256,257.0887244766946
2024-06-11 09:18:43+00:00,NAC802,23.10573771848517,-74.1925048828125,11277.6,119.48890781227256,257.0887244766946
2024-06-11 09:18:44+00:00,NAC802,23.1046142578125,-74.1904740767045,11277.6,119.48890781227256,257.0887244766946
2024-06-11 09:18:45+00:00,NAC802,23.10346984863281,-74.1882768110795,11277.6,119.48890781227256,257.0887244766946
2024-06-11 09:18:46+00:00,NAC802,23.102462768554688,-74.18632923473012,11277.6,119.58860755238967,257.3423517402797
2024-06-11 09:18:47+00:00,NAC802,23.101827330508478,-74.18512980143225,11277.6,119.58860755238967,257.3423517402797
2024-06-11 09:18:48+00:00,NAC802,23.100311279296875,-74.18218439275569,11277.6,119.58860755238967,257.3423517402797
2024-06-11 09:18:49+00:00,NAC802,23.09922040519068,-74.18009440104163,11277.6,119.58860755238967,257.3423517402797
2024-06-11 09:18:50+00:00,NAC802,23.09749797239142,-74.17683919270831,11277.6,119.58860755238967,257.3423517402797
2024-06-11 09:18:51+00:00,NAC802,23.096969604492188,-74.17584228515625,11277.6,119.58860755238967,257.3423517402797
2024-06-11 09:18:52+00:00,NAC802,23.095310017213983,-74.17271931966144,11277.6,119.58860755238967,257.3423517402797
2024-06-11 09:18:53+00:00,NAC802,23.09468078613281,-74.17149769176137,11277.6,119.58860755238967,257.3423517402797
2024-06-11 09:18:54+00:00,NAC802,23.09344482421875,-74.16910067471588,11277.6,119.58860755238967,257.3423517402797
2024-06-11 09:18:55+00:00,NAC802,23.092758178710938,-74.16780229048294,11277.6,119.58860755238967,257.3423517402797
2024-06-11 09:18:56+00:00,NAC802,23.09115600585937,-74.164756081321,11277.6,119.58860755238967,257.3423517402797
2024-06-11 09:18:57+00:00,NAC802,23.08941650390625,-74.1614601828835,11285.22,119.58860755238967,257.3423517402797
2024-06-11 09:18:58+00:00,NAC802,23.088327181541317,-74.15939331054688,11285.22,119.58860755238967,257.3423517402797
2024-06-11 09:18:59+00:00,NAC802,23.087209927833687,-74.15725708007812,11285.22,119.58860755238967,257.3423517402797
2024-06-11 09:19:00+00:00,NAC802,23.086185778601696,-74.1552734375,11285.22,119.58860755238967,257.3423517402797
2024-06-11 09:19:01+00:00,NAC802,23.08506774902344,-74.15322043678975,11285.22,119.58860755238967,257.3423517402797
2024-06-11 09:19:02+00:00,NAC802,23.08399782342426,-74.15115356445312,11285.22,119.58860755238967,257.3423517402797
2024-06-11 09:19:03+00:00,NAC802,23.082740913003175,-74.14876302083331,11285.22,119.58860755238967,257.3423517402797
2024-06-11 09:19:04+00:00,NAC802,23.081577107057733,-74.14657592773438,11285.22,119.58860755238967,257.3423517402797
2024-06-11 09:19:05+00:00,NAC802,23.08026123046875,-74.14403187144887,11285.22,119.58860755238967,257.3423517402797
2024-06-11 09:19:06+00:00,NAC802,23.079116821289062,-74.14188454367894,11285.22,119.58860755238967,257.3423517402797
2024-06-11 09:19:07+00:00,NAC802,23.07856750488281,-74.14078591086644,11285.22,119.58860755238967,257.3423517402797
2024-06-11 09:19:08+00:00,NAC802,23.07687533103813,-74.13762410481769,11285.22,119.58860755238967,257.3423517402797
2024-06-11 09:19:09+00:00,NAC802,23.07582092285156,-74.1355424360795,11285.22,119.58860755238967,257.3423517402797
2024-06-11 09:19:10+00:00,NAC802,23.074594271385063,-74.13330078125,11285.22,119.58860755238967,257.3423517402797
2024-06-11 09:19:11+00:00,NAC802,23.073532104492188,-74.13119784268463,11285.22,119.58860755238967,257.3423517402797
2024-06-11 09:19:12+00:00,NAC802,23.072479248046875,-74.12925026633519,11285.22,119.58860755238967,257.3423517402797
2024-06-11 09:19:13+00:00,NAC802,23.070785522460938,-74.12595436789769,11285.22,119.58860755238967,257.3423517402797
2024-06-11 09:19:14+00:00,NAC802,23.0701904296875,-74.12490567294032,11285.22,119.58860755238967,257.3423517402797
2024-06-11 09:19:15+00:00,NAC802,23.06904602050781,-74.12270840731532,11285.22,119.58860755238967,257.3423517402797
2024-06-11 09:19:16+00:00,NAC802,23.06781005859375,-74.12031139026988,11285.22,119.58860755238967,257.3423517402797
2024-06-11 09:19:17+00:00,NAC802,23.0665872864804,-74.1180419921875,11285.22,119.58860755238967,257.3423517402797
2024-06-11 09:19:18+00:00,NAC802,23.06533037605932,-74.1156005859375,11285.22,119.58860755238967,257.3423517402797
2024-06-11 09:19:19+00:00,NAC802,23.064697265625,-74.11441872336644,11285.22,119.58860755238967,257.3423517402797
2024-06-11 09:19:20+00:00,NAC802,23.06318664550781,-74.111572265625,11285.22,119.58860755238967,257.3423517402797
2024-06-11 09:19:21+00:00,NAC802,23.0625,-74.110273881392,11277.6,119.58860755238967,257.3423517402797
2024-06-11 09:19:22+00:00,NAC802,23.060768256753175,-74.10690307617188,11277.6,119.58860755238967,257.3423517402797
2024-06-11 09:19:23+00:00,NAC802,23.059604450807733,-74.10471598307288,11277.6,119.58860755238967,257.3423517402797
2024-06-11 09:19:24+00:00,NAC802,23.058440644862287,-74.10252888997394,11277.6,119.58860755238967,257.3423517402797
2024-06-11 09:19:25+00:00,NAC802,23.057830810546875,-74.10133500532669,11277.6,119.58860755238967,257.3423517402797
2024-06-11 09:19:26+00:00,NAC802,23.05671821206303,-74.09927368164062,11277.6,119.58860755238967,257.3423517402797
2024-06-11 09:19:27+00:00,NAC802,23.055461301641948,-74.09688313802081,11277.6,119.58860755238967,257.3423517402797
2024-06-11 09:19:28+00:00,NAC802,23.054204391220868,-74.094492594401,11277.6,119.58860755238967,257.3423517402797
2024-06-11 09:19:29+00:00,NAC802,23.05311584472656,-74.09239612926137,11277.6,119.58860755238967,257.3423517402797
2024-06-11 09:19:30+00:00,NAC802,23.05210876464844,-74.09044855291194,11277.6,119.58860755238967,257.3423517402797
2024-06-11 09:19:31+00:00,NAC802,23.05099228681144,-74.088389078776,11277.6,119.58860755238967,257.3423517402797
2024-06-11 09:19:32+00:00,NAC802,23.04991149902344,-74.0863037109375,11277.6,119.58860755238967,257.3423517402797
2024-06-11 09:19:33+00:00,NAC802,23.048309326171875,-74.08325750177556,11277.6,119.58860755238967,257.3423517402797
2024-06-11 09:19:34+00:00,NAC802,23.047128451072563,-74.08096313476562,11277.6,119.58860755238967,257.3423517402797
2024-06-11 09:19:35+00:00,NAC802,23.045883178710938,-74.07866321910512,11277.6,119.58860755238967,257.3423517402797
2024-06-11 09:19:36+00:00,NAC802,23.045333862304688,-74.07756458629262,11277.6,119.58860755238967,257.3423517402797
2024-06-11 09:19:37+00:00,NAC802,23.044189453125,-74.07541725852269,11277.6,119.58860755238967,257.3423517402797
2024-06-11 09:19:38+00:00,NAC802,23.043045043945312,-74.07321999289769,11277.6,119.58860755238967,257.3423517402797
2024-06-11 09:19:39+00:00,NAC802,23.041763305664062,-74.07082297585225,11277.6,119.58860755238967,257.3423517402797
2024-06-11 09:19:40+00:00,NAC802,23.040069580078125,-74.06752707741475,11277.6,119.58860755238967,257.3423517402797
2024-06-11 09:19:41+00:00,NAC802,23.03901672363281,-74.06557950106532,11277.6,119.58860755238967,257.3423517402797
2024-06-11 09:19:42+00:00,NAC802,23.037643432617188,-74.06298273259944,11285.22,119.58860755238967,257.3423517402797
2024-06-11 09:19:43+00:00,NAC802,23.03711971994173,-74.06199137369788,11285.22,119.58860755238967,257.3423517402797
2024-06-11 09:19:44+00:00,NAC802,23.036095570709744,-74.06000773111975,11285.22,119.58860755238967,257.3423517402797
2024-06-11 09:19:45+00:00,NAC802,23.03466796875,-74.05728981711644,11285.22,119.58860755238967,257.3423517402797
2024-06-11 09:19:46+00:00,NAC802,23.033581749867583,-74.05522664388019,11285.22,119.58860755238967,257.3423517402797
2024-06-11 09:19:47+00:00,NAC802,23.03260803222656,-74.05339466441762,11285.22,119.58860755238967,257.3423517402797
2024-06-11 09:19:49+00:00,NAC802,23.030319213867188,-74.04900013316762,11285.22,119.58860755238967,257.3423517402797
2024-06-11 09:19:50+00:00,NAC802,23.029112735037074,-74.04673258463538,11285.22,119.58860755238967,257.3423517402797
2024-06-11 09:19:51+00:00,NAC802,23.02855410818326,-74.04561360677081,11285.22,119.58860755238967,257.3423517402797
2024-06-11 09:19:52+00:00,NAC802,23.02679443359375,-74.04225852272725,11285.22,119.58860755238967,257.3423517402797
2024-06-11 09:19:53+00:00,NAC802,23.02557476496292,-74.03996785481769,11285.22,119.58860755238967,257.3423517402797
2024-06-11 09:19:54+00:00,NAC802,23.02501613810911,-74.03889973958331,11285.22,119.58860755238967,257.3423517402797
2024-06-11 09:19:55+00:00,NAC802,23.02381896972656,-74.03656560724431,11285.22,119.58860755238967,257.3423517402797
2024-06-11 09:19:56+00:00,NAC802,23.02207946777344,-74.03331964666194,11277.6,119.58860755238967,257.3423517402797
2024-06-11 09:19:57+00:00,NAC802,23.02157127251059,-74.03233846028644,11277.6,119.58860755238967,257.3423517402797
2024-06-11 09:19:58+00:00,NAC802,23.019848839711333,-74.02908325195312,11285.22,119.58860755238967,257.3423517402797
2024-06-11 09:19:59+00:00,NAC802,23.01864624023437,-74.026777787642,11285.22,119.58860755238967,257.3423517402797
2024-06-11 09:20:00+00:00,NAC802,23.017593383789062,-74.02483021129262,11285.22,119.58860755238967,257.3423517402797
2024-06-11 09:20:01+00:00,NAC802,23.01593845173464,-74.02165730794269,11277.6,119.68811066452906,257.5967566772535
2024-06-11 09:20:03+00:00,NAC802,23.01484680175781,-74.01958673650569,11277.6,119.68811066452906,257.5967566772535
2024-06-11 09:20:04+00:00,NAC802,23.013015747070312,-74.01609108664769,11277.6,119.68811066452906,257.5967566772535
2024-06-11 09:20:05+00:00,NAC802,23.01141357421875,-74.01304487748575,11277.6,119.68811066452906,257.5967566772535
2024-06-11 09:20:06+00:00,NAC802,23.010771153336865,-74.0118408203125,11277.6,119.68811066452906,257.5967566772535
2024-06-11 09:20:07+00:00,NAC802,23.00960734739142,-74.0096537272135,11277.6,119.68811066452906,257.5967566772535
2024-06-11 09:20:08+00:00,NAC802,23.00912475585937,-74.00870028409088,11277.6,119.68811066452906,257.5967566772535
2024-06-11 09:20:09+00:00,NAC802,23.00788491459216,-74.00639851888019,11277.6,119.68811066452906,257.5967566772535
2024-06-11 09:20:10+00:00,NAC802,23.00676766088453,-74.00421142578125,11277.6,119.68811066452906,257.5967566772535
2024-06-11 09:20:11+00:00,NAC802,23.00560385493909,-74.00202433268225,11277.6,119.68811066452906,257.5967566772535
2024-06-11 09:20:12+00:00,NAC802,23.003183138572563,-73.9974466959635,11277.6,119.68811066452906,257.5967566772535
2024-06-11 09:20:14+00:00,NAC802,23.002120971679688,-73.99536687677556,11277.6,119.68811066452906,257.5967566772535
2024-06-11 09:20:16+00:00,NAC802,22.9998779296875,-73.99113972981769,11277.6,119.68811066452906,257.5967566772535
2024-06-11 09:20:17+00:00,NAC802,22.997634887695312,-73.98687744140625,11277.6,119.68811066452906,257.5967566772535
2024-06-11 09:20:18+00:00,NAC802,22.996353149414062,-73.98448042436075,11277.6,119.68811066452906,257.5967566772535
2024-06-11 09:20:19+00:00,NAC802,22.99582788499735,-73.98351033528644,11277.6,119.68811066452906,257.5967566772535
2024-06-11 09:20:20+00:00,NAC802,22.99452209472656,-73.98098477450282,11277.6,119.68811066452906,257.5967566772535
2024-06-11 09:20:21+00:00,NAC802,22.994012347722457,-73.98000081380206,11277.6,119.68811066452906,257.5967566772535
2024-06-11 09:20:22+00:00,NAC802,22.99232482910156,-73.97683993252838,11277.6,119.68811066452906,257.5967566772535
2024-06-11 09:20:23+00:00,NAC802,22.990631103515625,-73.973593971946,11277.6,119.68811066452906,257.5967566772535
2024-06-11 09:20:24+00:00,NAC802,22.989578247070312,-73.97159645774144,11277.6,119.68811066452906,257.5967566772535
2024-06-11 09:20:25+00:00,NAC802,22.9888916015625,-73.9702980735085,11277.6,119.68811066452906,257.5967566772535
2024-06-11 09:20:26+00:00,NAC802,22.987914004568324,-73.96845499674475,11277.6,119.68811066452906,257.5967566772535
2024-06-11 09:20:27+00:00,NAC802,22.986657094147244,-73.966064453125,11277.6,119.68811066452906,257.5967566772535
2024-06-11 09:20:28+00:00,NAC802,22.985632944915253,-73.96408081054688,11277.6,119.68811066452906,257.5967566772535
2024-06-11 09:20:29+00:00,NAC802,22.98431396484375,-73.96155894886363,11277.6,119.68811066452906,257.5967566772535
2024-06-11 09:20:30+00:00,NAC802,22.983677750926905,-73.96036783854163,11285.22,119.68811066452906,257.5967566772535
2024-06-11 09:20:31+00:00,NAC802,22.9818156614142,-73.9569091796875,11285.22,119.68811066452906,257.5967566772535
2024-06-11 09:20:32+00:00,NAC802,22.981201171875,-73.95566628196019,11285.22,119.68811066452906,257.5967566772535
2024-06-11 09:20:33+00:00,NAC802,22.9793701171875,-73.95222056995738,11277.6,119.68811066452906,257.5967566772535
2024-06-11 09:20:34+00:00,NAC802,22.97827769134004,-73.95014444986975,11285.22,119.68811066452906,257.5967566772535
2024-06-11 09:20:35+00:00,NAC802,22.977035522460938,-73.94782603870738,11285.22,119.68811066452906,257.5967566772535
2024-06-11 09:20:36+00:00,NAC802,22.975950079449152,-73.94577026367188,11285.22,119.68811066452906,257.5967566772535
2024-06-11 09:20:37+00:00,NAC802,22.97539145259534,-73.9447021484375,11285.22,119.68811066452906,257.5967566772535
2024-06-11 09:20:38+00:00,NAC802,22.97413454217426,-73.9422607421875,11285.22,119.68811066452906,257.5967566772535
2024-06-11 09:20:39+00:00,NAC802,22.972915649414062,-73.9399857954545,11277.6,119.68811066452906,257.5967566772535
2024-06-11 09:20:40+00:00,NAC802,22.97157416909428,-73.93747965494788,11285.22,119.68811066452906,257.5967566772535
2024-06-11 09:20:41+00:00,NAC802,22.97035217285156,-73.93519176136363,11277.6,119.68811066452906,257.5967566772535
2024-06-11 09:20:42+00:00,NAC802,22.969153452727756,-73.93290201822913,11277.6,119.68811066452906,257.5967566772535
2024-06-11 09:20:43+00:00,NAC802,22.96859482587394,-73.93183390299475,11277.6,119.68811066452906,257.5967566772535
2024-06-11 09:20:44+00:00,NAC802,22.966827392578125,-73.92845015092325,11277.6,119.68811066452906,257.5967566772535
2024-06-11 09:20:45+00:00,NAC802,22.965545654296875,-73.92600319602269,11277.6,119.68811066452906,257.5967566772535
2024-06-11 09:20:46+00:00,NAC802,22.9643120199947,-73.92374674479163,11277.6,119.68811066452906,257.5967566772535
2024-06-11 09:20:47+00:00,NAC802,22.963119506835938,-73.92145885120738,11277.6,119.68811066452906,257.5967566772535
2024-06-11 09:20:48+00:00,NAC802,22.962661743164062,-73.92055996981532,11277.6,119.68811066452906,257.5967566772535
2024-06-11 09:20:49+00:00,NAC802,22.96151733398437,-73.91841264204544,11277.6,119.68811066452906,257.5967566772535
2024-06-11 09:20:50+00:00,NAC802,22.960372924804688,-73.91621537642044,11277.6,119.68811066452906,257.5967566772535
2024-06-11 09:20:51+00:00,NAC802,22.95909118652344,-73.913818359375,11277.6,119.63153667820389,258.0437976209031
2024-06-11 09:20:52+00:00,NAC802,22.95742228879767,-73.91067504882812,11277.6,119.63153667820389,258.0437976209031
2024-06-11 09:20:53+00:00,NAC802,22.9567240052304,-73.90935262044269,11277.6,119.63153667820389,258.0437976209031
2024-06-11 09:20:54+00:00,NAC802,22.95579296047405,-73.90762329101562,11277.6,119.63153667820389,258.0437976209031
2024-06-11 09:20:55+00:00,NAC802,22.954605102539062,-73.90532892400569,11277.6,119.63153667820389,258.0437976209031
2024-06-11 09:20:56+00:00,NAC802,22.9530463784428,-73.90238444010413,11277.6,119.63153667820389,258.0437976209031
2024-06-11 09:20:57+00:00,NAC802,22.951950073242188,-73.90028520063919,11277.6,119.63153667820389,258.0437976209031
2024-06-11 09:20:58+00:00,NAC802,22.95146360235699,-73.89933268229163,11277.6,119.63153667820389,258.0437976209031
2024-06-11 09:20:59+00:00,NAC802,22.949741169557733,-73.89602661132812,11277.6,119.63153667820389,258.0437976209031
2024-06-11 09:21:00+00:00,NAC802,22.94805908203125,-73.89289439808238,11277.6,119.63153667820389,258.0437976209031
2024-06-11 09:21:01+00:00,NAC802,22.94741355766684,-73.89165242513019,11277.6,119.63153667820389,258.0437976209031
2024-06-11 09:21:02+00:00,NAC802,22.94615664724576,-73.88926188151038,11277.6,119.63153667820389,258.0437976209031
2024-06-11 09:21:03+00:00,NAC802,22.94489973682468,-73.88687133789062,11277.6,119.63153667820389,258.0437976209031
2024-06-11 09:21:04+00:00,NAC802,22.94387558759269,-73.8848876953125,11277.6,119.63153667820389,258.0437976209031
2024-06-11 09:21:05+00:00,NAC802,22.94325256347656,-73.88370583274144,11277.6,119.63153667820389,258.0437976209031
2024-06-11 09:21:06+00:00,NAC802,22.94151306152344,-73.88045987215907,11277.6,119.63153667820389,258.0437976209031
2024-06-11 09:21:07+00:00,NAC802,22.94043072199417,-73.87837727864581,11277.6,119.63153667820389,258.0437976209031
2024-06-11 09:21:08+00:00,NAC802,22.939453125,-73.87651478160512,11285.22,119.63153667820389,258.0437976209031
2024-06-11 09:21:09+00:00,NAC802,22.93833587129237,-73.87446085611975,11277.6,119.63153667820389,258.0437976209031
2024-06-11 09:21:10+00:00,NAC802,22.93670654296875,-73.87127130681819,11277.6,119.63153667820389,258.0437976209031
2024-06-11 09:21:11+00:00,NAC802,22.9354248046875,-73.86887428977269,11285.22,119.63153667820389,258.0437976209031
2024-06-11 09:21:12+00:00,NAC802,22.93428039550781,-73.86667702414769,11277.6,119.63153667820389,258.0437976209031
2024-06-11 09:21:13+00:00,NAC802,22.933634095272776,-73.86550903320312,11277.6,119.63153667820389,258.0437976209031
2024-06-11 09:21:14+00:00,NAC802,22.932449340820312,-73.86318137428975,11277.6,119.63153667820389,258.0437976209031
2024-06-11 09:21:15+00:00,NAC802,22.93121337890625,-73.86093139648438,11285.22,119.73072720150064,258.2985362856286
2024-06-11 09:21:16+00:00,NAC802,22.93002319335937,-73.85863702947444,11285.22,119.73072720150064,258.2985362856286
2024-06-11 09:21:17+00:00,NAC802,22.928970336914062,-73.85663951526988,11285.22,119.78741713137951,257.85193698578405
2024-06-11 09:21:18+00:00,NAC802,22.927230834960938,-73.8533935546875,11285.22,119.78741713137951,257.85193698578405
2024-06-11 09:21:19+00:00,NAC802,22.926604707362287,-73.8521830240885,11285.22,119.78741713137951,257.85193698578405
2024-06-11 09:21:20+00:00,NAC802,22.92562866210937,-73.85034734552556,11285.22,119.78741713137951,257.85193698578405
2024-06-11 09:21:21+00:00,NAC802,22.924575805664062,-73.84839976917613,11285.22,119.78741713137951,257.85193698578405
2024-06-11 09:21:22+00:00,NAC802,22.922787423861227,-73.84501139322913,11285.22,119.78741713137951,257.85193698578405
2024-06-11 09:21:23+00:00,NAC802,22.921623617915785,-73.84282430013019,11285.22,119.78741713137951,257.85193698578405
2024-06-11 09:21:24+00:00,NAC802,22.9203667074947,-73.84043375651038,11285.22,119.78741713137951,257.85193698578405
2024-06-11 09:21:25+00:00,NAC802,22.919808080640887,-73.83931477864581,11285.22,119.78741713137951,257.85193698578405
2024-06-11 09:21:26+00:00,NAC802,22.91850461798199,-73.836924235026,11285.22,119.78741713137951,257.85193698578405
2024-06-11 09:21:27+00:00,NAC802,22.91724770756091,-73.83453369140625,11285.22,119.73072720150064,258.2985362856286
2024-06-11 09:21:28+00:00,NAC802,22.91622355832892,-73.83255004882812,11285.22,119.73072720150064,258.2985362856286
2024-06-11 09:21:29+00:00,NAC802,22.915059752383478,-73.83041381835938,11285.22,119.73072720150064,258.2985362856286
2024-06-11 09:21:30+00:00,NAC802,22.913802841962397,-73.82797241210938,11285.22,119.73072720150064,258.2985362856286
2024-06-11 09:21:31+00:00,NAC802,22.9127786927304,-73.82603963216144,11285.22,119.73072720150064,258.2985362856286
2024-06-11 09:21:32+00:00,NAC802,22.91161488678496,-73.8238525390625,11285.22,119.73072720150064,258.2985362856286
2024-06-11 09:21:33+00:00,NAC802,22.91035797636388,-73.82146199544269,11277.6,119.63153667820389,258.0437976209031
2024-06-11 09:21:34+00:00,NAC802,22.90924072265625,-73.81938587535512,11277.6,119.63153667820389,258.0437976209031
2024-06-11 09:21:35+00:00,NAC802,22.908004760742188,-73.81698885830963,11277.6,119.63153667820389,258.0437976209031
2024-06-11 09:21:37+00:00,NAC802,22.9061279296875,-73.81349320845169,11277.6,119.63153667820389,258.0437976209031
2024-06-11 09:21:38+00:00,NAC802,22.904585498874468,-73.81052652994788,11277.6,119.63153667820389,258.0437976209031
2024-06-11 09:21:39+00:00,NAC802,22.903472900390625,-73.80844948508519,11277.6,119.63153667820389,258.0437976209031
2024-06-11 09:21:40+00:00,NAC802,22.902397543697035,-73.806406656901,11277.6,119.63153667820389,258.0437976209031
2024-06-11 09:21:41+00:00,NAC802,22.90132141113281,-73.80430464311075,11277.6,119.63153667820389,258.0437976209031
2024-06-11 09:21:42+00:00,NAC802,22.9002095885196,-73.80223592122394,11277.6,119.73072720150064,258.2985362856286
2024-06-11 09:21:43+00:00,NAC802,22.89898681640625,-73.79996004971588,11277.6,119.73072720150064,258.2985362856286
2024-06-11 09:21:44+00:00,NAC802,22.897788872153072,-73.79765828450519,11277.6,119.73072720150064,258.2985362856286
2024-06-11 09:21:45+00:00,NAC802,22.896625066207623,-73.79547119140625,11277.6,119.73072720150064,258.2985362856286
2024-06-11 09:21:46+00:00,NAC802,22.8955078125,-73.79328409830725,11277.6,119.73072720150064,258.2985362856286
2024-06-11 09:21:47+00:00,NAC802,22.8942043498411,-73.7908935546875,11277.6,119.73072720150064,258.2985362856286
2024-06-11 09:21:48+00:00,NAC802,22.893087096133478,-73.7887064615885,11277.6,119.73072720150064,258.2985362856286
2024-06-11 09:21:49+00:00,NAC802,22.89248191704184,-73.78758748372394,11277.6,119.73072720150064,258.2985362856286
2024-06-11 09:21:50+00:00,NAC802,22.89145776780985,-73.785654703776,11277.6,119.73072720150064,258.2985362856286
2024-06-11 09:21:51+00:00,NAC802,22.89006120067532,-73.78300984700519,11277.6,119.73072720150064,258.2985362856286
2024-06-11 09:21:52+00:00,NAC802,22.888504028320312,-73.78008478338069,11277.6,119.73072720150064,258.2985362856286
2024-06-11 09:21:53+00:00,NAC802,22.887081857454977,-73.77736409505206,11277.6,119.73072720150064,258.2985362856286
2024-06-11 09:21:54+00:00,NAC802,22.885986328125,-73.77529074928975,11277.6,119.73072720150064,258.2985362856286
2024-06-11 09:21:55+00:00,NAC802,22.88545252913136,-73.77431233723956,11277.6,119.73072720150064,258.2985362856286
2024-06-11 09:21:56+00:00,NAC802,22.884017944335938,-73.77154541015625,11277.6,119.73072720150064,258.2985362856286
2024-06-11 09:21:57+00:00,NAC802,22.882659394862287,-73.76907348632812,11277.6,119.73072720150064,258.2985362856286
2024-06-11 09:21:58+00:00,NAC802,22.88145446777344,-73.76675137606532,11277.6,119.73072720150064,258.2985362856286
2024-06-11 09:21:59+00:00,NAC802,22.88023867849576,-73.76449584960938,11277.6,119.73072720150064,258.2985362856286
2024-06-11 09:22:00+00:00,NAC802,22.87907487255032,-73.76230875651038,11277.6,119.73072720150064,258.2985362856286
2024-06-11 09:22:01+00:00,NAC802,22.878516245696503,-73.76118977864581,11277.6,119.73072720150064,258.2985362856286
2024-06-11 09:22:02+00:00,NAC802,22.87728881835937,-73.7589111328125,11277.6,119.73072720150064,258.2985362856286
2024-06-11 09:22:03+00:00,NAC802,22.876095529329977,-73.75661214192706,11277.6,119.73072720150064,258.2985362856286
2024-06-11 09:22:04+00:00,NAC802,22.87486267089844,-73.754316850142,11277.6,119.73072720150064,258.2985362856286
2024-06-11 09:22:05+00:00,NAC802,22.87320929058528,-73.75116984049475,11277.6,119.73072720150064,258.2985362856286
2024-06-11 09:22:06+00:00,NAC802,22.872116088867188,-73.74912331321019,11285.22,119.73072720150064,258.2985362856286
2024-06-11 09:22:07+00:00,NAC802,22.87157996226165,-73.74811808268225,11285.22,119.73072720150064,258.2985362856286
2024-06-11 09:22:08+00:00,NAC802,22.870416156316207,-73.74593098958331,11285.22,119.73072720150064,258.2985362856286
2024-06-11 09:22:09+00:00,NAC802,22.86923217773437,-73.74363014914769,11285.22,119.73072720150064,258.2985362856286
2024-06-11 09:22:10+00:00,NAC802,22.86766957428496,-73.74069213867188,11285.22,119.73072720150064,258.2985362856286
2024-06-11 09:22:11+00:00,NAC802,22.86650576833951,-73.73850504557288,11285.22,119.73072720150064,258.2985362856286
2024-06-11 09:22:12+00:00,NAC802,22.86524885791843,-73.73611450195312,11285.22,119.73072720150064,258.2985362856286
2024-06-11 09:22:13+00:00,NAC802,22.8646436788268,-73.73504638671875,11285.22,119.73072720150064,258.2985362856286
2024-06-11 09:22:14+00:00,NAC802,22.863619529594807,-73.73306274414062,11285.22,119.73072720150064,258.2985362856286
2024-06-11 09:22:15+00:00,NAC802,22.861862182617188,-73.729697487571,11285.22,119.73072720150064,258.2985362856286
2024-06-11 09:22:16+00:00,NAC802,22.860671997070312,-73.727500221946,11285.22,119.73072720150064,258.2985362856286
2024-06-11 09:22:17+00:00,NAC802,22.859476380429022,-73.7252298990885,11285.22,119.73072720150064,258.2985362856286
2024-06-11 09:22:18+00:00,NAC802,22.858383178710938,-73.72315562855113,11285.22,119.73072720150064,258.2985362856286
2024-06-11 09:22:19+00:00,NAC802,22.8577880859375,-73.72205699573863,11285.22,119.73072720150064,258.2985362856286
2024-06-11 09:22:20+00:00,NAC802,22.85655212402344,-73.71965997869319,11285.22,119.73072720150064,258.2985362856286
2024-06-11 09:22:21+00:00,NAC802,22.85536193847656,-73.71746271306819,11285.22,119.73072720150064,258.2985362856286
2024-06-11 09:22:22+00:00,NAC802,22.853668212890625,-73.71421675248575,11285.22,119.73072720150064,258.2985362856286
2024-06-11 09:22:23+00:00,NAC802,22.852679753707623,-73.71236165364581,11285.22,119.73072720150064,258.2985362856286
2024-06-11 09:22:24+00:00,NAC802,22.852020263671875,-73.71117054332387,11285.22,119.73072720150064,258.2985362856286
2024-06-11 09:22:25+00:00,NAC802,22.850875854492188,-73.70897327769887,11285.22,119.73072720150064,258.2985362856286
2024-06-11 09:22:26+00:00,NAC802,22.84979351496292,-73.7069193522135,11285.22,119.73072720150064,258.2985362856286
2024-06-11 09:22:27+00:00,NAC802,22.84799194335937,-73.70353005149144,11285.22,119.73072720150064,258.2985362856286
2024-06-11 09:22:28+00:00,NAC802,22.84730529785156,-73.7022316672585,11285.22,119.73072720150064,258.2985362856286
2024-06-11 09:22:29+00:00,NAC802,22.84556579589844,-73.698935768821,11285.22,119.73072720150064,258.2985362856286
2024-06-11 09:22:30+00:00,NAC802,22.84510803222656,-73.69808682528407,11285.22,119.73072720150064,258.2985362856286
2024-06-11 09:22:31+00:00,NAC802,22.84392793299788,-73.69578043619788,11285.22,119.73072720150064,258.2985362856286
2024-06-11 09:22:32+00:00,NAC802,22.84229860467426,-73.69272867838538,11285.22,119.73072720150064,258.2985362856286
2024-06-11 09:22:33+00:00,NAC802,22.841041694253175,-73.69033813476562,11285.22,119.73072720150064,258.2985362856286
2024-06-11 09:22:34+00:00,NAC802,22.84002685546875,-73.68844881924713,11277.6,119.73072720150064,258.2985362856286
2024-06-11 09:22:35+00:00,NAC802,22.838790893554688,-73.68605180220169,11277.6,119.63153667820389,258.0437976209031
2024-06-11 09:22:36+00:00,NAC802,22.83824855998411,-73.68509928385413,11277.6,119.63153667820389,258.0437976209031
2024-06-11 09:22:37+00:00,NAC802,22.83705139160156,-73.68280584161931,11277.6,119.63153667820389,258.0437976209031
2024-06-11 09:22:38+00:00,NAC802,22.835769653320312,-73.68040882457387,11277.6,119.63153667820389,258.0437976209031
2024-06-11 09:22:39+00:00,NAC802,22.834570933196503,-73.67813110351562,11277.6,119.73072720150064,258.2985362856286
2024-06-11 09:22:40+00:00,NAC802,22.833314022775426,-73.67568969726562,11277.6,119.73072720150064,258.2985362856286
2024-06-11 09:22:41+00:00,NAC802,22.83205711235434,-73.67329915364581,11277.6,119.73072720150064,258.2985362856286
2024-06-11 09:22:42+00:00,NAC802,22.830963134765625,-73.67122025923294,11277.6,119.73072720150064,258.2985362856286
2024-06-11 09:22:43+00:00,NAC802,22.82977294921875,-73.66907293146306,11277.6,119.73072720150064,258.2985362856286
2024-06-11 09:22:44+00:00,NAC802,22.828628540039062,-73.66687566583806,11277.6,119.73072720150064,258.2985362856286
2024-06-11 09:22:45+00:00,NAC802,22.82748413085937,-73.66472833806819,11277.6,119.73072720150064,258.2985362856286
2024-06-11 09:22:46+00:00,NAC802,22.826202392578125,-73.66233132102269,11277.6,119.73072720150064,258.2985362856286
2024-06-11 09:22:47+00:00,NAC802,22.825515747070312,-73.66098299893463,11277.6,119.73072720150064,258.2985362856286
2024-06-11 09:22:48+00:00,NAC802,22.824371337890625,-73.65883567116475,11277.6,119.88652694042403,258.1078903661405
2024-06-11 09:22:49+00:00,NAC802,22.82295227050781,-73.65618896484375,11277.6,119.88652694042403,258.1078903661405
2024-06-11 09:22:50+00:00,NAC802,22.821807861328125,-73.65404163707387,11277.6,119.88652694042403,258.1078903661405
2024-06-11 09:22:51+00:00,NAC802,22.82066345214844,-73.65184437144887,11277.6,119.88652694042403,258.1078903661405
2024-06-11 09:22:52+00:00,NAC802,22.819381713867188,-73.64944735440338,11277.6,119.88652694042403,258.1078903661405
2024-06-11 09:22:53+00:00,NAC802,22.81883627681409,-73.64847819010413,11277.6,119.88652694042403,258.1078903661405
2024-06-11 09:22:54+00:00,NAC802,22.81757936639301,-73.64608764648438,11277.6,119.88652694042403,258.1078903661405
2024-06-11 09:22:55+00:00,NAC802,22.815717276880296,-73.64262898763019,11285.22,119.88652694042403,258.1078903661405
2024-06-11 09:22:56+00:00,NAC802,22.814693127648304,-73.64064534505206,11277.6,119.88652694042403,258.1078903661405
2024-06-11 09:22:57+00:00,NAC802,22.81407165527344,-73.63945978338069,11277.6,119.88652694042403,258.1078903661405
2024-06-11 09:22:58+00:00,NAC802,22.812365515757413,-73.63627115885413,11277.6,119.88652694042403,258.1078903661405
2024-06-11 09:22:59+00:00,NAC802,22.811108605336333,-73.63388061523438,11277.6,119.88652694042403,258.1078903661405
2024-06-11 09:23:00+00:00,NAC802,22.8105034262447,-73.6328125,11277.6,119.88652694042403,258.1078903661405
2024-06-11 09:23:01+00:00,NAC802,22.809402465820312,-73.63072065873575,11277.6,119.88652694042403,258.1078903661405
2024-06-11 09:23:02+00:00,NAC802,22.80780029296875,-73.62767444957387,11277.6,119.88652694042403,258.1078903661405
2024-06-11 09:23:03+00:00,NAC802,22.80659303826801,-73.62543741861975,11277.6,119.88652694042403,258.1078903661405
2024-06-11 09:23:04+00:00,NAC802,22.80560302734375,-73.6235795454545,11277.6,119.78741713137951,257.85193698578405
2024-06-11 09:23:05+00:00,NAC802,22.804498187566207,-73.62152099609375,11277.6,119.78741713137951,257.85193698578405
2024-06-11 09:23:06+00:00,NAC802,22.80340576171875,-73.61943470348012,11277.6,119.78741713137951,257.85193698578405
2024-06-11 09:23:07+00:00,NAC802,22.80221712791313,-73.61714680989581,11277.6,119.78741713137951,257.85193698578405
2024-06-11 09:23:08+00:00,NAC802,22.801666259765625,-73.61613880504262,11277.6,119.78741713137951,257.85193698578405
2024-06-11 09:23:09+00:00,NAC802,22.79998262049788,-73.61302693684894,11277.6,119.78741713137951,257.85193698578405
2024-06-11 09:23:10+00:00,NAC802,22.79937744140625,-73.61179421164769,11277.6,119.78741713137951,257.85193698578405
2024-06-11 09:23:11+00:00,NAC802,22.797409057617188,-73.60809881036931,11277.6,119.78741713137951,257.85193698578405
2024-06-11 09:23:12+00:00,NAC802,22.79630499371028,-73.60605875651038,11277.6,119.78741713137951,257.85193698578405
2024-06-11 09:23:13+00:00,NAC802,22.79514118776483,-73.60387166341144,11277.6,119.78741713137951,257.85193698578405
2024-06-11 09:23:14+00:00,NAC802,22.7940673828125,-73.601806640625,11277.6,119.88652694042403,258.1078903661405
2024-06-11 09:23:15+00:00,NAC802,22.79341875496557,-73.60061645507812,11277.6,119.88652694042403,258.1078903661405
2024-06-11 09:23:16+00:00,NAC802,22.79132390426377,-73.59670003255206,11285.22,119.88652694042403,258.1078903661405
2024-06-11 09:23:17+00:00,NAC802,22.79076527740996,-73.59563191731769,11285.22,119.88652694042403,258.1078903661405
2024-06-11 09:23:18+00:00,NAC802,22.789627075195312,-73.59356689453125,11277.6,119.88652694042403,258.1078903661405
2024-06-11 09:23:19+00:00,NAC802,22.7885307699947,-73.59146118164062,11285.22,119.88652694042403,258.1078903661405
2024-06-11 09:23:20+00:00,NAC802,22.78680833719545,-73.58820597330725,11285.22,119.88652694042403,258.1078903661405
2024-06-11 09:23:21+00:00,NAC802,22.78546142578125,-73.58572665127838,11285.22,119.88652694042403,258.1078903661405
2024-06-11 09:23:23+00:00,NAC802,22.78363037109375,-73.58223100142044,11285.22,119.88652694042403,258.1078903661405
2024-06-11 09:23:24+00:00,NAC802,22.782485961914062,-73.58008367365056,11277.6,119.78741713137951,257.85193698578405
2024-06-11 09:23:25+00:00,NAC802,22.78136172537076,-73.57798258463538,11277.6,119.78741713137951,257.85193698578405
2024-06-11 09:23:26+00:00,NAC802,22.780288696289062,-73.57593883167613,11285.22,119.78741713137951,257.85193698578405
2024-06-11 09:23:27+00:00,NAC802,22.77908066571769,-73.57365926106769,11277.6,119.78741713137951,257.85193698578405
2024-06-11 09:23:28+00:00,NAC802,22.7779541015625,-73.57159423828125,11277.6,119.78741713137951,257.85193698578405
2024-06-11 09:23:29+00:00,NAC802,22.77694702148437,-73.56964666193181,11277.6,119.78741713137951,257.85193698578405
2024-06-11 09:23:30+00:00,NAC802,22.7757568359375,-73.56744939630681,11277.6,119.78741713137951,257.85193698578405
2024-06-11 09:23:31+00:00,NAC802,22.77461242675781,-73.56530206853694,11277.6,119.78741713137951,257.85193698578405
2024-06-11 09:23:32+00:00,NAC802,22.773468017578125,-73.56310480291194,11277.6,119.78741713137951,257.85193698578405
2024-06-11 09:23:33+00:00,NAC802,22.772186279296875,-73.56070778586644,11277.6,119.78741713137951,257.85193698578405
2024-06-11 09:23:34+00:00,NAC802,22.770980576337397,-73.55845133463538,11277.6,119.78741713137951,257.85193698578405
2024-06-11 09:23:35+00:00,NAC802,22.769723665916317,-73.55606079101562,11277.6,119.78741713137951,257.85193698578405
2024-06-11 09:23:36+00:00,NAC802,22.76861572265625,-73.55396617542613,11277.6,119.78741713137951,257.85193698578405
2024-06-11 09:23:37+00:00,NAC802,22.767562866210938,-73.55201859907669,11277.6,119.78741713137951,257.85193698578405
2024-06-11 09:23:38+00:00,NAC802,22.766232248079977,-73.54949951171875,11277.6,119.78741713137951,257.85193698578405
2024-06-11 09:23:39+00:00,NAC802,22.76511499437235,-73.54736328125,11277.6,119.78741713137951,257.85193698578405
2024-06-11 09:23:40+00:00,NAC802,22.763951188426905,-73.545176188151,11277.6,119.78741713137951,257.85193698578405
2024-06-11 09:23:41+00:00,NAC802,22.76278738248146,-73.54298909505206,11277.6,119.78741713137951,257.85193698578405
2024-06-11 09:23:42+00:00,NAC802,22.76216125488281,-73.5418312766335,11277.6,119.78741713137951,257.85193698578405
2024-06-11 09:23:43+00:00,NAC802,22.760421752929688,-73.538535378196,11277.6,119.78741713137951,257.85193698578405
2024-06-11 09:23:44+00:00,NAC802,22.75914001464844,-73.53613836115056,11277.6,119.84430371985717,257.4055909893986
2024-06-11 09:23:45+00:00,NAC802,22.75794594974841,-73.53388468424475,11277.6,119.84430371985717,257.4055909893986
2024-06-11 09:23:46+00:00,NAC802,22.756988525390625,-73.53204345703125,11277.6,119.84430371985717,257.4055909893986
2024-06-11 09:23:47+00:00,NAC802,22.755935668945312,-73.53009588068181,11277.6,119.84430371985717,257.4055909893986
2024-06-11 09:23:48+00:00,NAC802,22.754653930664062,-73.52769886363637,11277.6,119.84430371985717,257.4055909893986
2024-06-11 09:23:49+00:00,NAC802,22.75360107421875,-73.52575128728694,11277.6,119.84430371985717,257.4055909893986
2024-06-11 09:23:50+00:00,NAC802,22.752593994140625,-73.5238037109375,11277.6,119.84430371985717,257.4055909893986
2024-06-11 09:23:51+00:00,NAC802,22.751998901367188,-73.522705078125,11277.6,119.84430371985717,257.4055909893986
2024-06-11 09:23:52+00:00,NAC802,22.74957275390625,-73.51816073330963,11277.6,119.84430371985717,257.4055909893986
2024-06-11 09:23:54+00:00,NAC802,22.747937218617583,-73.5150146484375,11277.6,119.84430371985717,257.4055909893986
2024-06-11 09:23:55+00:00,NAC802,22.74668884277344,-73.51271750710225,11277.6,119.84430371985717,257.4055909893986
2024-06-11 09:23:56+00:00,NAC802,22.745516502251057,-73.51043701171875,11277.6,119.84430371985717,257.4055909893986
2024-06-11 09:23:57+00:00,NAC802,22.744857788085938,-73.50922185724431,11277.6,119.84430371985717,257.4055909893986
2024-06-11 09:23:58+00:00,NAC802,22.743747517213983,-73.50718180338538,11277.6,119.84430371985717,257.4055909893986
2024-06-11 09:23:59+00:00,NAC802,22.74256896972656,-73.50487726384944,11277.6,119.84430371985717,257.4055909893986
2024-06-11 09:24:00+00:00,NAC802,22.741326800847457,-73.50260416666663,11277.6,119.84430371985717,257.4055909893986
2024-06-11 09:24:01+00:00,NAC802,22.739776611328125,-73.49968372691762,11277.6,119.84430371985717,257.4055909893986
2024-06-11 09:24:02+00:00,NAC802,22.73931884765625,-73.49883478338069,11277.6,119.84430371985717,257.4055909893986
2024-06-11 09:24:03+00:00,NAC802,22.737788830773304,-73.49589029947913,11277.6,119.84430371985717,257.4055909893986
2024-06-11 09:24:04+00:00,NAC802,22.735787084547137,-73.49217732747394,11277.6,119.84430371985717,257.4055909893986
2024-06-11 09:24:05+00:00,NAC802,22.735153198242188,-73.49099454012782,11277.6,119.84430371985717,257.4055909893986
2024-06-11 09:24:06+00:00,NAC802,22.73446655273437,-73.48969615589488,11277.6,119.84430371985717,257.4055909893986
2024-06-11 09:24:08+00:00,NAC802,22.73204040527344,-73.4851518110795,11277.6,119.84430371985717,257.4055909893986
2024-06-11 09:24:09+00:00,NAC802,22.7303466796875,-73.48190585049713,11277.6,119.84430371985717,257.4055909893986
2024-06-11 09:24:10+00:00,NAC802,22.72968874139301,-73.48068237304688,11277.6,119.84430371985717,257.4055909893986
2024-06-11 09:24:11+00:00,NAC802,22.72792053222656,-73.47731156782669,11277.6,119.84430371985717,257.4055909893986
2024-06-11 09:24:13+00:00,NAC802,22.72563869670286,-73.47310384114581,11277.6,119.84430371985717,257.4055909893986
2024-06-11 09:24:14+00:00,NAC802,22.724474890757413,-73.47096761067706,11277.6,119.84430371985717,257.4055909893986
2024-06-11 09:24:16+00:00,NAC802,22.722702026367188,-73.4675736860795,11277.6,119.84430371985717,257.4055909893986
2024-06-11 09:24:17+00:00,NAC802,22.721030025158896,-73.46445719401038,11277.6,119.84430371985717,257.4055909893986
2024-06-11 09:24:18+00:00,NAC802,22.720504760742188,-73.46347878196019,11277.6,119.84430371985717,257.4055909893986
2024-06-11 09:24:19+00:00,NAC802,22.718902587890625,-73.46043257279825,11277.6,119.84430371985717,257.4055909893986
2024-06-11 09:24:20+00:00,NAC802,22.717678264036017,-73.45815022786456,11277.6,119.84430371985717,257.4055909893986
2024-06-11 09:24:21+00:00,NAC802,22.716476440429688,-73.45588822798294,11277.6,119.84430371985717,257.4055909893986
2024-06-11 09:24:22+00:00,NAC802,22.71542358398437,-73.4539406516335,11277.6,119.90138787929132,256.9594996164583
2024-06-11 09:24:23+00:00,NAC802,22.714792025291317,-73.4527587890625,11277.6,119.90138787929132,256.9594996164583
2024-06-11 09:24:24+00:00,NAC802,22.713134765625,-73.44959605823863,11277.6,119.90138787929132,256.9594996164583
2024-06-11 09:24:25+00:00,NAC802,22.71190578654661,-73.44731648763019,11277.6,119.90138787929132,256.9594996164583
2024-06-11 09:24:26+00:00,NAC802,22.710741980601163,-73.44518025716144,11277.6,119.90138787929132,256.9594996164583
2024-06-11 09:24:27+00:00,NAC802,22.70957817465572,-73.4429931640625,11277.6,119.84430371985717,257.4055909893986
2024-06-11 09:24:28+00:00,NAC802,22.70832126423464,-73.44060262044269,11277.6,119.84430371985717,257.4055909893986
2024-06-11 09:24:29+00:00,NAC802,22.707778930664062,-73.43960848721588,11277.6,119.84430371985717,257.4055909893986
2024-06-11 09:24:30+00:00,NAC802,22.70654296875,-73.43726140802556,11277.6,119.84430371985717,257.4055909893986
2024-06-11 09:24:31+00:00,NAC802,22.70494079589844,-73.43421519886363,11277.6,119.74488129694222,257.1499677540734
2024-06-11 09:24:32+00:00,NAC802,22.70385224940413,-73.43215942382812,11277.6,119.74488129694222,257.1499677540734
2024-06-11 09:24:33+00:00,NAC802,22.702688443458687,-73.42997233072913,11277.6,119.74488129694222,257.1499677540734
2024-06-11 09:24:34+00:00,NAC802,22.70159912109375,-73.42792302911931,11277.6,119.74488129694222,257.1499677540734
2024-06-11 09:24:35+00:00,NAC802,22.7003173828125,-73.42552601207387,11277.6,119.74488129694222,257.1499677540734
2024-06-11 09:24:36+00:00,NAC802,22.699802204713983,-73.42458089192706,11277.6,119.74488129694222,257.1499677540734
2024-06-11 09:24:37+00:00,NAC802,22.69794011520127,-73.42107137044269,11277.6,119.74488129694222,257.1499677540734
2024-06-11 09:24:38+00:00,NAC802,22.697381488347457,-73.42000325520831,11277.6,119.74488129694222,257.1499677540734
2024-06-11 09:24:39+00:00,NAC802,22.69569396972656,-73.41688676313919,11277.6,119.74488129694222,257.1499677540734
2024-06-11 09:24:40+00:00,NAC802,22.694549560546875,-73.41468949751419,11277.6,119.74488129694222,257.1499677540734
2024-06-11 09:24:41+00:00,NAC802,22.69354248046875,-73.41274192116475,11277.6,119.74488129694222,257.1499677540734
2024-06-11 09:24:42+00:00,NAC802,22.692398071289062,-73.41059459339488,11277.6,119.74488129694222,257.1499677540734
2024-06-11 09:24:43+00:00,NAC802,22.69114348847987,-73.40830485026038,11277.6,119.84430371985717,257.4055909893986
2024-06-11 09:24:44+00:00,NAC802,22.6900634765625,-73.40625,11277.6,119.84430371985717,257.4055909893986
2024-06-11 09:24:45+00:00,NAC802,22.6888624288268,-73.40398152669269,11277.6,119.84430371985717,257.4055909893986
2024-06-11 09:24:46+00:00,NAC802,22.68760551840572,-73.40159098307288,11277.6,119.84430371985717,257.4055909893986
2024-06-11 09:24:47+00:00,NAC802,22.6864013671875,-73.39930863813919,11277.6,119.84430371985717,257.4055909893986
2024-06-11 09:24:48+00:00,NAC802,22.68574342889301,-73.39813232421875,11277.6,119.84430371985717,257.4055909893986
2024-06-11 09:24:49+00:00,NAC802,22.68443298339844,-73.39561323686075,11277.6,119.90138787929132,256.9594996164583
2024-06-11 09:24:50+00:00,NAC802,22.683229608050848,-73.39335123697913,11277.6,119.90138787929132,256.9594996164583
2024-06-11 09:24:51+00:00,NAC802,22.681600279727224,-73.39035034179688,11277.6,119.90138787929132,256.9594996164583
2024-06-11 09:24:52+00:00,NAC802,22.68035888671875,-73.38807262073863,11277.6,119.90138787929132,256.9594996164583
2024-06-11 09:24:53+00:00,NAC802,22.6798095703125,-73.38697398792613,11277.6,119.90138787929132,256.9594996164583
2024-06-11 09:24:54+00:00,NAC802,22.678574384269066,-73.38470458984375,11277.6,119.90138787929132,256.9594996164583
2024-06-11 09:24:55+00:00,NAC802,22.677317473847985,-73.38231404622394,11277.6,120.0007277808274,257.2163410537509
2024-06-11 09:24:56+00:00,NAC802,22.676101684570312,-73.38003262606532,11277.6,120.0007277808274,257.2163410537509
2024-06-11 09:24:57+00:00,NAC802,22.67475710076801,-73.37753295898438,11277.6,119.90138787929132,256.9594996164583
2024-06-11 09:24:58+00:00,NAC802,22.674224853515625,-73.3765869140625,11277.6,119.84430371985717,257.4055909893986
2024-06-11 09:24:59+00:00,NAC802,22.672476041114937,-73.37320963541663,11277.6,119.84430371985717,257.4055909893986
2024-06-11 09:25:00+00:00,NAC802,22.671844482421875,-73.37204256924713,11277.6,119.84430371985717,257.4055909893986
2024-06-11 09:25:01+00:00,NAC802,22.670654296875,-73.36984530362213,11277.6,119.84430371985717,257.4055909893986
2024-06-11 09:25:02+00:00,NAC802,22.669418334960938,-73.36749822443181,11277.6,119.84430371985717,257.4055909893986
2024-06-11 09:25:03+00:00,NAC802,22.668193235235695,-73.36522420247394,11277.6,119.84430371985717,257.4055909893986
2024-06-11 09:25:04+00:00,NAC802,22.66754150390625,-73.36400257457387,11277.6,119.84430371985717,257.4055909893986
2024-06-11 09:25:05+00:00,NAC802,22.665865623344807,-73.360850016276,11277.6,119.84430371985717,257.4055909893986
2024-06-11 09:25:06+00:00,NAC802,22.664701817399365,-73.35871378580725,11277.6,119.84430371985717,257.4055909893986
2024-06-11 09:25:07+00:00,NAC802,22.66351318359375,-73.35641202059657,11277.6,119.84430371985717,257.4055909893986
2024-06-11 09:25:08+00:00,NAC802,22.662368774414062,-73.35426469282669,11277.6,119.84430371985717,257.4055909893986
2024-06-11 09:25:09+00:00,NAC802,22.661256951800848,-73.35220336914062,11277.6,119.84430371985717,257.4055909893986
2024-06-11 09:25:11+00:00,NAC802,22.65906899662341,-73.34808349609375,11277.6,119.84430371985717,257.4055909893986
2024-06-11 09:25:12+00:00,NAC802,22.657905190677965,-73.34589640299475,11277.6,119.84430371985717,257.4055909893986
2024-06-11 09:25:13+00:00,NAC802,22.65688104144597,-73.34396362304688,11277.6,119.84430371985717,257.4055909893986
2024-06-11 09:25:14+00:00,NAC802,22.655776977539062,-73.34193004261363,11277.6,119.84430371985717,257.4055909893986
2024-06-11 09:25:15+00:00,NAC802,22.654693086268537,-73.33984375,11277.6,119.84430371985717,257.4055909893986
2024-06-11 09:25:16+00:00,NAC802,22.65297065346928,-73.33658854166663,11277.6,119.84430371985717,257.4055909893986
2024-06-11 09:25:17+00:00,NAC802,22.65243530273437,-73.33563787286931,11277.6,119.84430371985717,257.4055909893986
2024-06-11 09:25:18+00:00,NAC802,22.651153564453125,-73.33324085582387,11277.6,119.84430371985717,257.4055909893986
2024-06-11 09:25:19+00:00,NAC802,22.650549937102756,-73.33206176757812,11277.6,119.90138787929132,256.9594996164583
2024-06-11 09:25:20+00:00,NAC802,22.64868784759004,-73.32860310872394,11277.6,119.90138787929132,256.9594996164583
2024-06-11 09:25:21+00:00,NAC802,22.646987915039062,-73.32545055042613,11277.6,119.90138787929132,256.9594996164583
2024-06-11 09:25:22+00:00,NAC802,22.646530151367188,-73.32460160688919,11277.6,119.90138787929132,256.9594996164583
2024-06-11 09:25:23+00:00,NAC802,22.645294189453125,-73.32220458984375,11277.6,119.90138787929132,256.9594996164583
2024-06-11 09:25:24+00:00,NAC802,22.644172280521715,-73.32015991210938,11277.6,119.90138787929132,256.9594996164583
2024-06-11 09:25:25+00:00,NAC802,22.643148131289724,-73.31817626953125,11277.6,119.90138787929132,256.9594996164583
2024-06-11 09:25:26+00:00,NAC802,22.6415188029661,-73.31517537434894,11277.6,119.90138787929132,256.9594996164583
2024-06-11 09:25:27+00:00,NAC802,22.640899658203125,-73.31396484375,11277.6,119.90138787929132,256.9594996164583
2024-06-11 09:25:28+00:00,NAC802,22.63916015625,-73.31071888316762,11277.6,119.90138787929132,256.9594996164583
2024-06-11 09:25:29+00:00,NAC802,22.638015747070312,-73.30857155539769,11277.6,119.90138787929132,256.9594996164583
2024-06-11 09:25:30+00:00,NAC802,22.63737565380032,-73.30734252929688,11277.6,119.90138787929132,256.9594996164583
2024-06-11 09:25:31+00:00,NAC802,22.636138916015625,-73.30507590553975,11277.6,119.90138787929132,256.9594996164583
2024-06-11 09:25:32+00:00,NAC802,22.63434975834216,-73.30174763997394,11277.6,119.90138787929132,256.9594996164583
2024-06-11 09:25:33+00:00,NAC802,22.63323250463453,-73.299560546875,11277.6,119.90138787929132,256.9594996164583
2024-06-11 09:25:34+00:00,NAC802,22.63270568847656,-73.298583984375,11277.6,119.90138787929132,256.9594996164583
2024-06-11 09:25:35+00:00,NAC802,22.631463519597457,-73.29630533854163,11277.6,119.90138787929132,256.9594996164583
2024-06-11 09:25:36+00:00,NAC802,22.630279541015625,-73.29403963955963,11277.6,119.90138787929132,256.9594996164583
2024-06-11 09:25:37+00:00,NAC802,22.62881004204184,-73.29137166341144,11277.6,119.90138787929132,256.9594996164583
2024-06-11 09:25:38+00:00,NAC802,22.627692788334212,-73.2891845703125,11277.6,119.90138787929132,256.9594996164583
2024-06-11 09:25:39+00:00,NAC802,22.627029418945312,-73.28799715909088,11277.6,119.90138787929132,256.9594996164583
2024-06-11 09:25:40+00:00,NAC802,22.625885009765625,-73.285849831321,11277.6,119.90138787929132,256.9594996164583
2024-06-11 09:25:41+00:00,NAC802,22.624666892876057,-73.28353881835938,11277.6,119.90138787929132,256.9594996164583
2024-06-11 09:25:42+00:00,NAC802,22.62350308693061,-73.28140258789062,11277.6,119.90138787929132,256.9594996164583
2024-06-11 09:25:43+00:00,NAC802,22.62217712402344,-73.27890846946019,11277.6,119.90138787929132,256.9594996164583
2024-06-11 09:25:44+00:00,NAC802,22.62052374371028,-73.2757568359375,11277.6,120.0007277808274,257.2163410537509
2024-06-11 09:25:45+00:00,NAC802,22.619453042240465,-73.27382405598956,11277.6,120.0007277808274,257.2163410537509
2024-06-11 09:25:46+00:00,NAC802,22.6187547586732,-73.27250162760413,11277.6,120.0007277808274,257.2163410537509
2024-06-11 09:25:47+00:00,NAC802,22.61749784825212,-73.27016194661456,11277.6,120.0007277808274,257.2163410537509
2024-06-11 09:25:48+00:00,NAC802,22.616427146782307,-73.26817830403644,11277.6,120.0007277808274,257.2163410537509
2024-06-11 09:25:49+00:00,NAC802,22.615219116210938,-73.26592462713069,11277.6,120.0007277808274,257.2163410537509
2024-06-11 09:25:50+00:00,NAC802,22.613983154296875,-73.26352761008519,11277.6,120.0007277808274,257.2163410537509
2024-06-11 09:25:51+00:00,NAC802,22.61228399761653,-73.26039632161456,11277.6,120.0007277808274,257.2163410537509
2024-06-11 09:25:52+00:00,NAC802,22.61158571404926,-73.25912475585938,11277.6,120.0007277808274,257.2163410537509
2024-06-11 09:25:53+00:00,NAC802,22.610328803628175,-73.25673421223956,11277.6,120.0007277808274,257.2163410537509
2024-06-11 09:25:54+00:00,NAC802,22.609258102158368,-73.25480143229163,11277.6,120.0007277808274,257.2163410537509
2024-06-11 09:25:55+00:00,NAC802,22.608233952926376,-73.2528177897135,11277.6,120.0007277808274,257.2163410537509
2024-06-11 09:25:56+00:00,NAC802,22.60707014698093,-73.25068155924475,11277.6,120.0007277808274,257.2163410537509
2024-06-11 09:25:57+00:00,NAC802,22.605440818657307,-73.24762980143225,11277.6,120.0007277808274,257.2163410537509
2024-06-11 09:25:58+00:00,NAC802,22.60491943359375,-73.24664861505681,11277.6,120.0007277808274,257.2163410537509
2024-06-11 09:25:59+00:00,NAC802,22.603858042571503,-73.24462890625,11277.6,120.0007277808274,257.2163410537509
2024-06-11 09:26:00+00:00,NAC802,22.602554579912606,-73.24223836263019,11285.22,120.0007277808274,257.2163410537509
2024-06-11 09:26:01+00:00,NAC802,22.60199595305879,-73.24117024739581,11277.6,120.0007277808274,257.2163410537509
2024-06-11 09:26:02+00:00,NAC802,22.600692490399894,-73.238779703776,11285.22,120.0007277808274,257.2163410537509
2024-06-11 09:26:03+00:00,NAC802,22.59910971431409,-73.2357279459635,11285.22,120.0007277808274,257.2163410537509
2024-06-11 09:26:04+00:00,NAC802,22.59780625165519,-73.23338826497394,11285.22,120.0007277808274,257.2163410537509
2024-06-11 09:26:05+00:00,NAC802,22.596642445709744,-73.231201171875,11285.22,120.0007277808274,257.2163410537509
2024-06-11 09:26:06+00:00,NAC802,22.5955810546875,-73.229170365767,11285.22,120.0007277808274,257.2163410537509
2024-06-11 09:26:07+00:00,NAC802,22.594985961914062,-73.2280717329545,11285.22,120.0007277808274,257.2163410537509
2024-06-11 09:26:08+00:00,NAC802,22.593057923397776,-73.2244873046875,11285.22,120.0007277808274,257.2163410537509
2024-06-11 09:26:09+00:00,NAC802,22.591568251787606,-73.221689860026,11285.22,120.0007277808274,257.2163410537509
2024-06-11 09:26:10+00:00,NAC802,22.591049194335938,-73.22073086825282,11285.22,120.0007277808274,257.2163410537509
2024-06-11 09:26:11+00:00,NAC802,22.58953857421875,-73.21788441051137,11277.6,120.0007277808274,257.2163410537509
2024-06-11 09:26:12+00:00,NAC802,22.588542356329448,-73.21609497070312,11277.6,120.0007277808274,257.2163410537509
2024-06-11 09:26:13+00:00,NAC802,22.587570190429688,-73.21423894708806,11277.6,120.0007277808274,257.2163410537509
2024-06-11 09:26:14+00:00,NAC802,22.58621474443856,-73.21177164713538,11277.6,120.0007277808274,257.2163410537509
2024-06-11 09:26:15+00:00,NAC802,22.58551646087129,-73.21044921875,11277.6,120.0007277808274,257.2163410537509
2024-06-11 09:26:16+00:00,NAC802,22.583235401218214,-73.20612589518225,11277.6,120.0007277808274,257.2163410537509
2024-06-11 09:26:17+00:00,NAC802,22.58258056640625,-73.20495050603694,11277.6,120.0007277808274,257.2163410537509
2024-06-11 09:26:18+00:00,NAC802,22.58143615722656,-73.20275324041194,11277.6,120.0007277808274,257.2163410537509
2024-06-11 09:26:19+00:00,NAC802,22.580154418945312,-73.20040616122157,11277.6,120.0007277808274,257.2163410537509
2024-06-11 09:26:20+00:00,NAC802,22.578952595338983,-73.19808959960938,11277.6,120.0007277808274,257.2163410537509
2024-06-11 09:26:21+00:00,NAC802,22.578414916992188,-73.19716020063919,11277.6,120.0007277808274,257.2163410537509
2024-06-11 09:26:22+00:00,NAC802,22.576718087923727,-73.19402058919269,11277.6,120.0007277808274,257.2163410537509
2024-06-11 09:26:23+00:00,NAC802,22.576159461069917,-73.19290161132812,11277.6,120.0007277808274,257.2163410537509
2024-06-11 09:26:24+00:00,NAC802,22.57443702827065,-73.189697265625,11277.6,120.0007277808274,257.2163410537509
2024-06-11 09:26:25+00:00,NAC802,22.573366326800848,-73.18771362304688,11277.6,120.0007277808274,257.2163410537509
2024-06-11 09:26:26+00:00,NAC802,22.572189331054688,-73.18547474254262,11277.6,119.94352857261202,257.6619877563247
2024-06-11 09:26:27+00:00,NAC802,22.5706197447696,-73.18252563476562,11277.6,119.94352857261202,257.6619877563247
2024-06-11 09:26:28+00:00,NAC802,22.569316282110695,-73.18013509114581,11277.6,119.94352857261202,257.6619877563247
2024-06-11 09:26:30+00:00,NAC802,22.56759384931144,-73.1768798828125,11277.6,120.0007277808274,257.2163410537509
2024-06-11 09:26:31+00:00,NAC802,22.56651306152344,-73.17483797940338,11277.6,120.0007277808274,257.2163410537509
2024-06-11 09:26:32+00:00,NAC802,22.56532287597656,-73.1726906516335,11277.6,120.0007277808274,257.2163410537509
2024-06-11 09:26:33+00:00,NAC802,22.56358337402344,-73.16944469105113,11285.22,120.0007277808274,257.2163410537509
2024-06-11 09:26:34+00:00,NAC802,22.56243896484375,-73.16729736328125,11277.6,120.0007277808274,257.2163410537509
2024-06-11 09:26:35+00:00,NAC802,22.561821371822035,-73.16609700520831,11277.6,120.0007277808274,257.2163410537509
2024-06-11 09:26:36+00:00,NAC802,22.56060791015625,-73.16380171342325,11277.6,120.0007277808274,257.2163410537509
2024-06-11 09:26:37+00:00,NAC802,22.559493759931144,-73.16177368164062,11277.6,120.0007277808274,257.2163410537509
2024-06-11 09:26:38+00:00,NAC802,22.558135986328125,-73.15925736860794,11277.6,120.0007277808274,257.2163410537509
2024-06-11 09:26:39+00:00,NAC802,22.55712890625,-73.1573097922585,11277.6,120.0007277808274,257.2163410537509
2024-06-11 09:26:40+00:00,NAC802,22.55614199880826,-73.155517578125,11277.6,120.0007277808274,257.2163410537509
2024-06-11 09:26:41+00:00,NAC802,22.55479431152344,-73.15301513671875,11277.6,120.0007277808274,257.2163410537509
2024-06-11 09:26:42+00:00,NAC802,22.553741455078125,-73.15106756036931,11277.6,120.0007277808274,257.2163410537509
2024-06-11 09:26:43+00:00,NAC802,22.55259704589844,-73.14887029474431,11277.6,120.0007277808274,257.2163410537509
2024-06-11 09:26:44+00:00,NAC802,22.55145263671875,-73.14672296697444,11285.22,120.0007277808274,257.2163410537509
2024-06-11 09:26:45+00:00,NAC802,22.550090207891948,-73.14422607421875,11277.6,120.0007277808274,257.2163410537509
2024-06-11 09:26:46+00:00,NAC802,22.548460879568324,-73.14122517903644,11277.6,120.0007277808274,257.2163410537509
2024-06-11 09:26:47+00:00,NAC802,22.54790225271451,-73.14015706380206,11277.6,120.0007277808274,257.2163410537509
2024-06-11 09:26:48+00:00,NAC802,22.54687810348252,-73.13817342122394,11277.6,120.0007277808274,257.2163410537509
2024-06-11 09:26:49+00:00,NAC802,22.545639038085938,-73.13588645241475,11285.22,120.0007277808274,257.2163410537509
2024-06-11 09:26:50+00:00,NAC802,22.544410834878175,-73.13364664713538,11277.6,120.0007277808274,257.2163410537509
2024-06-11 09:26:51+00:00,NAC802,22.542755126953125,-73.1304931640625,11277.6,120.0007277808274,257.2163410537509
2024-06-11 09:26:52+00:00,NAC802,22.54156494140625,-73.12834583629262,11277.6,120.0007277808274,257.2163410537509
2024-06-11 09:26:53+00:00,NAC802,22.54110717773437,-73.12749689275569,11277.6,120.0007277808274,257.2163410537509
2024-06-11 09:26:54+00:00,NAC802,22.53973388671875,-73.12485018643463,11277.6,120.0007277808274,257.2163410537509
2024-06-11 09:26:55+00:00,NAC802,22.539138793945312,-73.12380149147725,11277.6,120.0007277808274,257.2163410537509
2024-06-11 09:26:56+00:00,NAC802,22.537241790254235,-73.12021891276038,11277.6,120.0007277808274,257.2163410537509
2024-06-11 09:26:57+00:00,NAC802,22.536683163400426,-73.119150797526,11277.6,120.0007277808274,257.2163410537509
2024-06-11 09:26:58+00:00,NAC802,22.534744262695312,-73.1155617453835,11277.6,120.0007277808274,257.2163410537509
2024-06-11 09:26:59+00:00,NAC802,22.53428649902344,-73.11471280184657,11277.6,120.0007277808274,257.2163410537509
2024-06-11 09:27:00+00:00,NAC802,22.53314208984375,-73.11251553622157,11277.6,120.0007277808274,257.2163410537509
2024-06-11 09:27:01+00:00,NAC802,22.531329656051376,-73.10918172200519,11277.6,120.0007277808274,257.2163410537509
2024-06-11 09:27:02+00:00,NAC802,22.530072745630296,-73.10679117838538,11277.6,120.0007277808274,257.2163410537509
2024-06-11 09:27:03+00:00,NAC802,22.5287692829714,-73.10445149739581,11277.6,120.0007277808274,257.2163410537509
2024-06-11 09:27:04+00:00,NAC802,22.528303760593214,-73.10358683268225,11277.6,120.0007277808274,257.2163410537509
2024-06-11 09:27:05+00:00,NAC802,22.52696228027344,-73.10107976740056,11277.6,120.0007277808274,257.2163410537509
2024-06-11 09:27:06+00:00,NAC802,22.52572631835937,-73.09868275035512,11277.6,120.0007277808274,257.2163410537509
2024-06-11 09:27:07+00:00,NAC802,22.5245361328125,-73.09653542258519,11277.6,120.0007277808274,257.2163410537509
2024-06-11 09:27:08+00:00,NAC802,22.523322671146715,-73.09427897135413,11277.6,120.0007277808274,257.2163410537509
2024-06-11 09:27:09+00:00,NAC802,22.52215886520127,-73.09209187825519,11277.6,120.0007277808274,257.2163410537509
2024-06-11 09:27:10+00:00,NAC802,22.52090195478019,-73.08970133463538,11277.6,120.0007277808274,257.2163410537509
2024-06-11 09:27:11+00:00,NAC802,22.520233154296875,-73.088545365767,11277.6,120.0007277808274,257.2163410537509
2024-06-11 09:27:12+00:00,NAC802,22.51903986526748,-73.08624267578125,11277.6,119.94352857261202,257.6619877563247
2024-06-11 09:27:13+00:00,NAC802,22.51796916379767,-73.08430989583331,11277.6,119.94352857261202,257.6619877563247
2024-06-11 09:27:14+00:00,NAC802,22.51685191009004,-73.08217366536456,11285.22,119.94352857261202,257.6619877563247
2024-06-11 09:27:15+00:00,NAC802,22.51498982057733,-73.07866414388019,11285.22,119.94352857261202,257.6619877563247
2024-06-11 09:27:16+00:00,NAC802,22.51377868652344,-73.07641046697444,11285.22,119.94352857261202,257.6619877563247
2024-06-11 09:27:17+00:00,NAC802,22.51318359375,-73.07531183416194,11285.22,119.94352857261202,257.6619877563247
2024-06-11 09:27:18+00:00,NAC802,22.512039184570312,-73.073164506392,11285.22,119.94352857261202,257.6619877563247
2024-06-11 09:27:19+00:00,NAC802,22.51107788085937,-73.07141668146306,11285.22,119.94352857261202,257.6619877563247
2024-06-11 09:27:20+00:00,NAC802,22.50933837890625,-73.06817072088069,11285.22,119.94352857261202,257.6619877563247
2024-06-11 09:27:21+00:00,NAC802,22.50888061523437,-73.06732177734375,11285.22,119.94352857261202,257.6619877563247
2024-06-11 09:27:22+00:00,NAC802,22.50777422371557,-73.06523640950519,11285.22,119.94352857261202,257.6619877563247
2024-06-11 09:27:23+00:00,NAC802,22.506051790916317,-73.06203206380206,11285.22,119.94352857261202,257.6619877563247
2024-06-11 09:27:24+00:00,NAC802,22.50494384765625,-73.05993097478694,11277.6,119.94352857261202,257.6619877563247
2024-06-11 09:27:25+00:00,NAC802,22.503817283501057,-73.05791219075519,11285.22,119.94352857261202,257.6619877563247
2024-06-11 09:27:26+00:00,NAC802,22.502560373079977,-73.05552164713538,11277.6,119.94352857261202,257.6619877563247
2024-06-11 09:27:27+00:00,NAC802,22.501303462658896,-73.05313110351562,11277.6,119.94352857261202,257.6619877563247
2024-06-11 09:27:28+00:00,NAC802,22.500640869140625,-73.05194091796875,11277.6,119.94352857261202,257.6619877563247
2024-06-11 09:27:29+00:00,NAC802,22.499534477621825,-73.04987589518225,11277.6,119.94352857261202,257.6619877563247
2024-06-11 09:27:30+00:00,NAC802,22.497848510742188,-73.04674738103694,11277.6,119.94352857261202,257.6619877563247
2024-06-11 09:27:31+00:00,NAC802,22.49664823887712,-73.04443359375,11277.6,119.94352857261202,257.6619877563247
2024-06-11 09:27:32+00:00,NAC802,22.49555969238281,-73.042402787642,11277.6,120.04255585012986,257.9191557479544
2024-06-11 09:27:33+00:00,NAC802,22.4945068359375,-73.04045521129262,11277.6,120.04255585012986,257.9191557479544
2024-06-11 09:27:34+00:00,NAC802,22.49338958222987,-73.03838094075519,11277.6,120.04255585012986,257.9191557479544
2024-06-11 09:27:35+00:00,NAC802,22.492225776284428,-73.03619384765625,11277.6,120.04255585012986,257.9191557479544
2024-06-11 09:27:36+00:00,NAC802,22.491061970338983,-73.0340576171875,11277.6,120.04255585012986,257.9191557479544
2024-06-11 09:27:37+00:00,NAC802,22.48992919921875,-73.03196577592325,11277.6,120.04255585012986,257.9191557479544
2024-06-11 09:27:38+00:00,NAC802,22.48859470173464,-73.02947998046875,11277.6,120.04255585012986,257.9191557479544
2024-06-11 09:27:39+00:00,NAC802,22.4874308957892,-73.02734375,11277.6,120.04255585012986,257.9191557479544
2024-06-11 09:27:40+00:00,NAC802,22.486732612221928,-73.02602132161456,11277.6,120.04255585012986,257.9191557479544
2024-06-11 09:27:41+00:00,NAC802,22.485568806276483,-73.02388509114581,11277.6,120.04255585012986,257.9191557479544
2024-06-11 09:27:42+00:00,NAC802,22.48393947795286,-73.02083333333331,11277.6,120.04255585012986,257.9191557479544
2024-06-11 09:27:43+00:00,NAC802,22.482742309570312,-73.01858243075282,11277.6,120.04255585012986,257.9191557479544
2024-06-11 09:27:44+00:00,NAC802,22.481518761586333,-73.01630655924475,11277.6,120.04255585012986,257.9191557479544
2024-06-11 09:27:45+00:00,NAC802,22.48004150390625,-73.01358864524144,11277.6,120.04255585012986,257.9191557479544
2024-06-11 09:27:46+00:00,NAC802,22.47889709472656,-73.01139137961644,11277.6,120.04255585012986,257.9191557479544
2024-06-11 09:27:47+00:00,NAC802,22.47826010493909,-73.01020304361975,11277.6,120.04255585012986,257.9191557479544
2024-06-11 09:27:48+00:00,NAC802,22.477096298993644,-73.008066813151,11277.6,120.04255585012986,257.9191557479544
2024-06-11 09:27:49+00:00,NAC802,22.475875854492188,-73.00574840198863,11277.6,120.04255585012986,257.9191557479544
2024-06-11 09:27:50+00:00,NAC802,22.4747314453125,-73.00360107421875,11277.6,120.04255585012986,257.9191557479544
2024-06-11 09:27:51+00:00,NAC802,22.473372119968214,-73.0010986328125,11277.6,120.04255585012986,257.9191557479544
2024-06-11 09:27:52+00:00,NAC802,22.47216796875,-72.99885697798294,11277.6,120.04255585012986,257.9191557479544
2024-06-11 09:27:53+00:00,NAC802,22.471710205078125,-72.99795809659088,11277.6,120.04255585012986,257.9191557479544
2024-06-11 09:27:54+00:00,NAC802,22.469970703125,-72.9947121360085,11277.6,120.04255585012986,257.9191557479544
2024-06-11 09:27:55+00:00,NAC802,22.46868896484375,-72.99231511896306,11277.6,120.04255585012986,257.9191557479544
2024-06-11 09:27:56+00:00,NAC802,22.46763610839844,-72.99036754261363,11277.6,120.04255585012986,257.9191557479544
2024-06-11 09:27:57+00:00,NAC802,22.46638928429555,-72.98812866210938,11277.6,120.04255585012986,257.9191557479544
2024-06-11 09:27:58+00:00,NAC802,22.46583065744173,-72.987060546875,11277.6,120.04255585012986,257.9191557479544
2024-06-11 09:27:59+00:00,NAC802,22.46452719478284,-72.98467000325519,11277.6,120.04255585012986,257.9191557479544
2024-06-11 09:28:00+00:00,NAC802,22.463424682617188,-72.98257723721588,11277.6,120.04255585012986,257.9191557479544
2024-06-11 09:28:01+00:00,NAC802,22.462106478416317,-72.98009236653644,11277.6,120.04255585012986,257.9191557479544
2024-06-11 09:28:02+00:00,NAC802,22.46040344238281,-72.97698419744319,11277.6,120.04255585012986,257.9191557479544
2024-06-11 09:28:03+00:00,NAC802,22.4593505859375,-72.97503662109375,11277.6,120.04255585012986,257.9191557479544
2024-06-11 09:28:04+00:00,NAC802,22.458847821769066,-72.97403971354163,11277.6,120.04255585012986,257.9191557479544
2024-06-11 09:28:05+00:00,NAC802,22.45707883673199,-72.9708353678385,11277.6,120.04255585012986,257.9191557479544
2024-06-11 09:28:06+00:00,NAC802,22.4560546875,-72.96885172526038,11277.6,120.04255585012986,257.9191557479544
2024-06-11 09:28:07+00:00,NAC802,22.4549560546875,-72.966796875,11277.6,120.04255585012986,257.9191557479544
2024-06-11 09:28:08+00:00,NAC802,22.45367431640625,-72.9643998579545,11277.6,120.04255585012986,257.9191557479544
2024-06-11 09:28:09+00:00,NAC802,22.45307922363281,-72.96335116299713,11277.6,120.04255585012986,257.9191557479544
2024-06-11 09:28:10+00:00,NAC802,22.45179748535156,-72.96095414595169,11285.22,120.09986919271344,257.47395416289515
2024-06-11 09:28:11+00:00,NAC802,22.45079428462659,-72.95913696289062,11285.22,120.09986919271344,257.47395416289515
2024-06-11 09:28:12+00:00,NAC802,22.44953737420551,-72.95674641927081,11285.22,120.0007277808274,257.2163410537509
2024-06-11 09:28:13+00:00,NAC802,22.447723388671875,-72.9534135298295,11285.22,120.0007277808274,257.2163410537509
2024-06-11 09:28:14+00:00,NAC802,22.446651135460804,-72.95135498046875,11285.22,120.0007277808274,257.2163410537509
2024-06-11 09:28:15+00:00,NAC802,22.445347672801905,-72.94896443684894,11285.22,120.0007277808274,257.2163410537509
2024-06-11 09:28:16+00:00,NAC802,22.4447021484375,-72.94777055220169,11285.22,119.94352857261202,257.6619877563247
2024-06-11 09:28:17+00:00,NAC802,22.44362524000265,-72.94570922851562,11285.22,119.94352857261202,257.6619877563247
2024-06-11 09:28:18+00:00,NAC802,22.44213556839248,-72.94291178385413,11285.22,119.94352857261202,257.6619877563247
2024-06-11 09:28:19+00:00,NAC802,22.441131591796875,-72.94107887961644,11285.22,119.94352857261202,257.6619877563247
2024-06-11 09:28:20+00:00,NAC802,22.439620971679688,-72.938232421875,11285.22,120.0007277808274,257.2163410537509
2024-06-11 09:28:21+00:00,NAC802,22.43910967293432,-72.937266031901,11285.22,120.0007277808274,257.2163410537509
2024-06-11 09:28:22+00:00,NAC802,22.43794586698888,-72.93512980143225,11285.22,120.0007277808274,257.2163410537509
2024-06-11 09:28:23+00:00,NAC802,22.436599731445312,-72.93263938210225,11285.22,120.0007277808274,257.2163410537509
2024-06-11 09:28:24+00:00,NAC802,22.43552515062235,-72.93060302734375,11285.22,120.0007277808274,257.2163410537509
2024-06-11 09:28:25+00:00,NAC802,22.434310913085938,-72.92829478870738,11285.22,120.0007277808274,257.2163410537509
2024-06-11 09:28:26+00:00,NAC802,22.4324992551642,-72.92495727539062,11285.22,120.0007277808274,257.2163410537509
2024-06-11 09:28:27+00:00,NAC802,22.431242344743115,-72.92256673177081,11285.22,120.0007277808274,257.2163410537509
2024-06-11 09:28:28+00:00,NAC802,22.430637165651483,-72.92149861653644,11285.22,120.0007277808274,257.2163410537509
2024-06-11 09:28:29+00:00,NAC802,22.42947335970604,-72.91936238606769,11285.22,120.0007277808274,257.2163410537509
2024-06-11 09:28:30+00:00,NAC802,22.42844921047405,-72.91737874348956,11285.22,120.0007277808274,257.2163410537509
2024-06-11 09:28:31+00:00,NAC802,22.427215576171875,-72.91511119495738,11285.22,120.0007277808274,257.2163410537509
2024-06-11 09:28:32+00:00,NAC802,22.426121598583155,-72.91305541992188,11285.22,120.0007277808274,257.2163410537509
2024-06-11 09:28:33+00:00,NAC802,22.42442321777344,-72.90996759588069,11277.6,120.0007277808274,257.2163410537509
2024-06-11 09:28:34+00:00,NAC802,22.423736572265625,-72.90866921164769,11277.6,120.0007277808274,257.2163410537509
2024-06-11 09:28:35+00:00,NAC802,22.422683715820312,-72.90672163529825,11277.6,120.0007277808274,257.2163410537509
2024-06-11 09:28:36+00:00,NAC802,22.42108154296875,-72.90367542613637,11277.6,120.09986919271344,257.47395416289515
2024-06-11 09:28:37+00:00,NAC802,22.42034912109375,-72.90237704190338,11277.6,120.09986919271344,257.47395416289515
2024-06-11 09:28:38+00:00,NAC802,22.418609619140625,-72.899131081321,11285.22,120.09986919271344,257.47395416289515
2024-06-11 09:28:39+00:00,NAC802,22.417509434586865,-72.89708455403644,11277.6,120.09986919271344,257.47395416289515
2024-06-11 09:28:40+00:00,NAC802,22.41695080773305,-72.89601643880206,11285.22,120.09986919271344,257.47395416289515
2024-06-11 09:28:41+00:00,NAC802,22.415817260742188,-72.89393754438919,11277.6,120.09986919271344,257.47395416289515
2024-06-11 09:28:42+00:00,NAC802,22.41462319584216,-72.89169311523438,11285.22,120.09986919271344,257.47395416289515
2024-06-11 09:28:43+00:00,NAC802,22.41279602050781,-72.88834450461644,11285.22,120.09986919271344,257.47395416289515
2024-06-11 09:28:44+00:00,NAC802,22.411597300384003,-72.88609822591144,11285.22,120.09986919271344,257.47395416289515
2024-06-11 09:28:45+00:00,NAC802,22.41046142578125,-72.88399991122157,11285.22,120.09986919271344,257.47395416289515
2024-06-11 09:28:46+00:00,NAC802,22.409828315346928,-72.88284301757812,11285.22,120.09986919271344,257.47395416289515
2024-06-11 09:28:47+00:00,NAC802,22.408664509401483,-72.88065592447913,11285.22,120.09986919271344,257.47395416289515
2024-06-11 09:28:48+00:00,NAC802,22.40711975097656,-72.87775767933238,11277.6,120.09986919271344,257.47395416289515
2024-06-11 09:28:49+00:00,NAC802,22.40638732910156,-72.87645929509944,11277.6,120.09986919271344,257.47395416289515
2024-06-11 09:28:50+00:00,NAC802,22.404707569186968,-72.87333170572913,11277.6,120.09986919271344,257.47395416289515
2024-06-11 09:28:51+00:00,NAC802,22.40354376324153,-72.87119547526038,11277.6,120.09986919271344,257.47395416289515
2024-06-11 09:28:52+00:00,NAC802,22.402908325195312,-72.86996737393463,11277.6,120.09986919271344,257.47395416289515
2024-06-11 09:28:53+00:00,NAC802,22.401681673728813,-72.86773681640625,11285.22,120.0007277808274,257.2163410537509
2024-06-11 09:28:54+00:00,NAC802,22.40048217773437,-72.86547296697444,11277.6,120.0007277808274,257.2163410537509
2024-06-11 09:28:55+00:00,NAC802,22.39888000488281,-72.8624267578125,11285.22,120.0007277808274,257.2163410537509
2024-06-11 09:28:56+00:00,NAC802,22.39828491210937,-72.861328125,11285.22,120.0007277808274,257.2163410537509
2024-06-11 09:28:57+00:00,NAC802,22.396607479806672,-72.85822550455725,11277.6,120.0007277808274,257.2163410537509
2024-06-11 09:28:58+00:00,NAC802,22.39540100097656,-72.85593483664769,11285.22,120.0007277808274,257.2163410537509
2024-06-11 09:28:59+00:00,NAC802,22.394885047007413,-72.85497029622394,11285.22,120.0007277808274,257.2163410537509
2024-06-11 09:29:00+00:00,NAC802,22.393721241061968,-72.85283406575519,11285.22,120.0007277808274,257.2163410537509
2024-06-11 09:29:01+00:00,NAC802,22.392091912738348,-72.84978230794269,11277.6,120.0007277808274,257.2163410537509
2024-06-11 09:29:02+00:00,NAC802,22.390695345603813,-72.84718831380206,11285.22,120.0007277808274,257.2163410537509
2024-06-11 09:29:03+00:00,NAC802,22.389438435182733,-72.8448486328125,11285.22,120.09986919271344,257.47395416289515
2024-06-11 09:29:04+00:00,NAC802,22.3888332560911,-72.84378051757812,11285.22,120.15738102332732,257.02901110200384
2024-06-11 09:29:05+00:00,NAC802,22.387619018554688,-72.84150279651988,11285.22,120.15738102332732,257.02901110200384
2024-06-11 09:29:06+00:00,NAC802,22.38633728027344,-72.83910577947444,11285.22,120.15738102332732,257.02901110200384
2024-06-11 09:29:07+00:00,NAC802,22.38524873377913,-72.83706665039062,11285.22,120.15738102332732,257.02901110200384
2024-06-11 09:29:08+00:00,NAC802,22.384084927833687,-72.83493041992188,11285.22,120.15738102332732,257.02901110200384
2024-06-11 09:29:09+00:00,NAC802,22.382858276367188,-72.83266379616475,11285.22,120.15738102332732,257.02901110200384
2024-06-11 09:29:10+00:00,NAC802,22.3817138671875,-72.83051646839488,11285.22,120.15738102332732,257.02901110200384
2024-06-11 09:29:11+00:00,NAC802,22.3809814453125,-72.82921808416194,11285.22,120.15738102332732,257.02901110200384
2024-06-11 09:29:12+00:00,NAC802,22.37969970703125,-72.82687100497157,11285.22,120.15738102332732,257.02901110200384
2024-06-11 09:29:13+00:00,NAC802,22.37855529785156,-72.82467373934657,11285.22,120.15738102332732,257.02901110200384
2024-06-11 09:29:14+00:00,NAC802,22.37719519663665,-72.82221476236975,11285.22,120.15738102332732,257.02901110200384
2024-06-11 09:29:15+00:00,NAC802,22.376031390691207,-72.820078531901,11285.22,120.15738102332732,257.02901110200384
2024-06-11 09:29:16+00:00,NAC802,22.374252319335938,-72.8167336203835,11285.22,120.15738102332732,257.02901110200384
2024-06-11 09:29:17+00:00,NAC802,22.37361067432468,-72.8155517578125,11285.22,120.15738102332732,257.02901110200384
2024-06-11 09:29:18+00:00,NAC802,22.372446868379235,-72.8133646647135,11285.22,120.15738102332732,257.02901110200384
2024-06-11 09:29:19+00:00,NAC802,22.37114340572034,-72.81102498372394,11285.22,120.15738102332732,257.02901110200384
2024-06-11 09:29:20+00:00,NAC802,22.369949340820312,-72.80874356356532,11285.22,120.15738102332732,257.02901110200384
2024-06-11 09:29:21+00:00,NAC802,22.368896484375,-72.80679598721588,11285.22,120.15738102332732,257.02901110200384
2024-06-11 09:29:22+00:00,NAC802,22.368257166975635,-72.80563354492188,11285.22,120.15738102332732,257.02901110200384
2024-06-11 09:29:23+00:00,NAC802,22.36709336103019,-72.80349731445312,11285.22,120.15738102332732,257.02901110200384
2024-06-11 09:29:24+00:00,NAC802,22.365875244140625,-72.80120294744319,11285.22,120.05812547948668,256.7709515908621
2024-06-11 09:29:25+00:00,NAC802,22.364067465572035,-72.79790242513019,11285.22,120.05812547948668,256.7709515908621
2024-06-11 09:29:26+00:00,NAC802,22.363540649414062,-72.79690829190338,11285.22,120.05812547948668,256.7709515908621
2024-06-11 09:29:27+00:00,NAC802,22.361972614870236,-72.79403686523438,11285.22,120.05812547948668,256.7709515908621
2024-06-11 09:29:28+00:00,NAC802,22.36141398801642,-72.79296875,11285.22,120.05812547948668,256.7709515908621
2024-06-11 09:29:29+00:00,NAC802,22.3597846596928,-72.7899169921875,11285.22,120.05812547948668,256.7709515908621
2024-06-11 09:29:30+00:00,NAC802,22.358688354492188,-72.78786954012782,11285.22,120.05812547948668,256.7709515908621
2024-06-11 09:29:31+00:00,NAC802,22.35759670451536,-72.78584798177081,11285.22,120.1157225877703,256.3258207085905
2024-06-11 09:29:32+00:00,NAC802,22.356353759765625,-72.78357488458806,11285.22,120.2150922583711,256.5843279102012
2024-06-11 09:29:33+00:00,NAC802,22.354751586914062,-72.78057861328125,11277.6,120.2150922583711,256.5843279102012
2024-06-11 09:29:34+00:00,NAC802,22.35346984863281,-72.77823153409088,11277.6,120.2150922583711,256.5843279102012
2024-06-11 09:29:35+00:00,NAC802,22.352801824020126,-72.77704874674475,11277.6,120.2150922583711,256.5843279102012
2024-06-11 09:29:36+00:00,NAC802,22.35154491359905,-72.774658203125,11277.6,120.2150922583711,256.5843279102012
2024-06-11 09:29:37+00:00,NAC802,22.350986286745236,-72.77359008789062,11277.6,120.2150922583711,256.5843279102012
2024-06-11 09:29:38+00:00,NAC802,22.34925842285156,-72.77049116654825,11277.6,120.2150922583711,256.5843279102012
2024-06-11 09:29:39+00:00,NAC802,22.348114013671875,-72.76834383877838,11277.6,120.2150922583711,256.5843279102012
2024-06-11 09:29:40+00:00,NAC802,22.34642416743909,-72.76519775390625,11277.6,120.2150922583711,256.5843279102012
2024-06-11 09:29:41+00:00,NAC802,22.345916748046875,-72.76424893465907,11277.6,120.2150922583711,256.5843279102012
2024-06-11 09:29:42+00:00,NAC802,22.34486389160156,-72.76230135830963,11277.6,120.27300381899155,256.1399059409594
2024-06-11 09:29:43+00:00,NAC802,22.343770689883478,-72.760264078776,11277.6,120.27300381899155,256.1399059409594
2024-06-11 09:29:44+00:00,NAC802,22.34197998046875,-72.7569580078125,11277.6,120.27300381899155,256.1399059409594
2024-06-11 09:29:45+00:00,NAC802,22.340837898900958,-72.75492350260413,11277.6,120.27300381899155,256.1399059409594
2024-06-11 09:29:46+00:00,NAC802,22.339508056640625,-72.75246360085225,11277.6,120.27300381899155,256.1399059409594
2024-06-11 09:29:47+00:00,NAC802,22.338882704912606,-72.75126139322913,11277.6,120.17352002964432,255.88094975641775
2024-06-11 09:29:48+00:00,NAC802,22.337677001953125,-72.74901788884944,11277.6,120.17352002964432,255.88094975641775
2024-06-11 09:29:49+00:00,NAC802,22.33648681640625,-72.7468705610795,11277.6,120.17352002964432,255.88094975641775
2024-06-11 09:29:50+00:00,NAC802,22.33539128707627,-72.74485270182288,11277.6,120.17352002964432,255.88094975641775
2024-06-11 09:29:51+00:00,NAC802,22.33428955078125,-72.74282559481532,11277.6,120.17352002964432,255.88094975641775
2024-06-11 09:29:52+00:00,NAC802,22.33245849609375,-72.7393798828125,11277.6,120.17352002964432,255.88094975641775
2024-06-11 09:29:53+00:00,NAC802,22.332000732421875,-72.73853093927556,11277.6,120.17352002964432,255.88094975641775
2024-06-11 09:29:54+00:00,NAC802,22.3310153767214,-72.73671468098956,11277.6,120.17352002964432,255.88094975641775
2024-06-11 09:29:55+00:00,NAC802,22.329851570775958,-72.73457845052081,11277.6,120.17352002964432,255.88094975641775
2024-06-11 09:29:56+00:00,NAC802,22.32806396484375,-72.73124001242894,11277.6,120.17352002964432,255.88094975641775
2024-06-11 09:29:57+00:00,NAC802,22.3268256753178,-72.72898356119788,11277.6,120.07383497873776,255.62276656492776
2024-06-11 09:29:58+00:00,NAC802,22.32566186937235,-72.72684733072913,11277.6,120.07383497873776,255.62276656492776
2024-06-11 09:29:59+00:00,NAC802,22.32504272460937,-72.72564697265625,11277.6,120.07383497873776,255.62276656492776
2024-06-11 09:30:00+00:00,NAC802,22.323706675384003,-72.72318522135413,11277.6,120.07383497873776,255.62276656492776
2024-06-11 09:30:01+00:00,NAC802,22.32268252615201,-72.72125244140625,11277.6,120.07383497873776,255.62276656492776
2024-06-11 09:30:02+00:00,NAC802,22.321563720703125,-72.71920498934657,11277.6,120.07383497873776,255.62276656492776
2024-06-11 09:30:03+00:00,NAC802,22.320261809785485,-72.71677652994788,11277.6,120.07383497873776,255.62276656492776
2024-06-11 09:30:04+00:00,NAC802,22.318588256835938,-72.71366188742894,11277.6,120.07383497873776,255.62276656492776
2024-06-11 09:30:05+00:00,NAC802,22.3179931640625,-72.71256325461644,11277.6,120.07383497873776,255.62276656492776
2024-06-11 09:30:06+00:00,NAC802,22.316816944186968,-72.71031697591144,11277.6,120.07383497873776,255.62276656492776
2024-06-11 09:30:07+00:00,NAC802,22.315513481528072,-72.70797729492188,11277.6,120.07383497873776,255.62276656492776
2024-06-11 09:30:08+00:00,NAC802,22.31448933229608,-72.70604451497394,11277.6,120.1317186415018,255.1777070550633
2024-06-11 09:30:09+00:00,NAC802,22.31318664550781,-72.703574440696,11277.6,120.1317186415018,255.1777070550633
2024-06-11 09:30:10+00:00,NAC802,22.3119289592161,-72.70136515299475,11277.6,120.1317186415018,255.1777070550633
2024-06-11 09:30:11+00:00,NAC802,22.311447143554688,-72.70037841796875,11277.6,120.1317186415018,255.1777070550633
2024-06-11 09:30:12+00:00,NAC802,22.3099365234375,-72.6976318359375,11277.6,120.1317186415018,255.1777070550633
2024-06-11 09:30:13+00:00,NAC802,22.30865478515625,-72.695234818892,11277.6,120.1317186415018,255.1777070550633
2024-06-11 09:30:14+00:00,NAC802,22.30769270557468,-72.69343058268225,11277.6,120.1317186415018,255.1777070550633
2024-06-11 09:30:15+00:00,NAC802,22.30599975585937,-72.69034090909088,11277.6,120.1317186415018,255.1777070550633
2024-06-11 09:30:16+00:00,NAC802,22.30536509368379,-72.68915812174475,11277.6,120.1317186415018,255.1777070550633
2024-06-11 09:30:17+00:00,NAC802,22.304168701171875,-72.68689519708806,11277.6,120.1317186415018,255.1777070550633
2024-06-11 09:30:18+00:00,NAC802,22.302944377317267,-72.68468221028644,11277.6,120.1317186415018,255.1777070550633
2024-06-11 09:30:19+00:00,NAC802,22.301971435546875,-72.68285023082387,11277.6,120.1317186415018,255.1777070550633
2024-06-11 09:30:20+00:00,NAC802,22.300689697265625,-72.6805031516335,11277.6,120.1317186415018,255.1777070550633
2024-06-11 09:30:21+00:00,NAC802,22.29949951171875,-72.67827351888019,11277.6,120.1317186415018,255.1777070550633
2024-06-11 09:30:22+00:00,NAC802,22.298263549804688,-72.67600874467325,11277.6,120.1317186415018,255.1777070550633
2024-06-11 09:30:23+00:00,NAC802,22.29725646972656,-72.67411110617894,11277.6,120.1317186415018,255.1777070550633
2024-06-11 09:30:24+00:00,NAC802,22.29583740234375,-72.67151433771306,11277.6,120.1317186415018,255.1777070550633
2024-06-11 09:30:25+00:00,NAC802,22.294751183461333,-72.66952514648438,11277.6,120.1317186415018,255.1777070550633
2024-06-11 09:30:26+00:00,NAC802,22.293820138704977,-72.66779581705725,11277.6,120.1317186415018,255.1777070550633
2024-06-11 09:30:27+00:00,NAC802,22.292330467094807,-72.665049235026,11277.6,120.18980450915194,254.73290889618124
2024-06-11 09:30:28+00:00,NAC802,22.291306317862816,-72.66311645507812,11277.6,120.18980450915194,254.73290889618124
2024-06-11 09:30:29+00:00,NAC802,22.290298461914062,-72.66127707741475,11277.6,120.18980450915194,254.73290889618124
2024-06-11 09:30:30+00:00,NAC802,22.28915405273437,-72.65912974964488,11277.6,120.18980450915194,254.73290889618124
2024-06-11 09:30:31+00:00,NAC802,22.287814900026483,-72.65670776367188,11277.6,120.18980450915194,254.73290889618124
2024-06-11 09:30:32+00:00,NAC802,22.286697646318856,-72.65457153320312,11277.6,120.18980450915194,254.73290889618124
2024-06-11 09:30:33+00:00,NAC802,22.28553384037341,-72.65243530273438,11277.6,120.18980450915194,254.73290889618124
2024-06-11 09:30:34+00:00,NAC802,22.284896850585938,-72.65123956853694,11277.6,120.18980450915194,254.73290889618124
2024-06-11 09:30:35+00:00,NAC802,22.283671750860695,-72.64902750651038,11277.6,120.18980450915194,254.73290889618124
2024-06-11 09:30:36+00:00,NAC802,22.282414840439618,-72.64668782552081,11277.6,120.18980450915194,254.73290889618124
2024-06-11 09:30:37+00:00,NAC802,22.28118896484375,-72.64444802024144,11277.6,120.18980450915194,254.73290889618124
2024-06-11 09:30:38+00:00,NAC802,22.27972412109375,-72.64165150035512,11277.6,120.18980450915194,254.73290889618124
2024-06-11 09:30:39+00:00,NAC802,22.27850445246292,-72.639414469401,11277.6,120.18980450915194,254.73290889618124
2024-06-11 09:30:40+00:00,NAC802,22.277984619140625,-72.63845547762782,11277.6,120.18980450915194,254.73290889618124
2024-06-11 09:30:41+00:00,NAC802,22.27670288085937,-72.6361083984375,11277.6,120.18980450915194,254.73290889618124
2024-06-11 09:30:42+00:00,NAC802,22.275711318193856,-72.63432820638019,11277.6,120.0896862387767,254.4746009291096
2024-06-11 09:30:43+00:00,NAC802,22.2739888853946,-72.63112386067706,11277.6,120.0896862387767,254.4746009291096
2024-06-11 09:30:44+00:00,NAC802,22.27290344238281,-72.62911709872157,11277.6,120.14785928568013,254.02961347078863
2024-06-11 09:30:45+00:00,NAC802,22.27170782574153,-72.62685139973956,11277.6,120.14785928568013,254.02961347078863
2024-06-11 09:30:47+00:00,NAC802,22.26947021484375,-72.622725053267,11277.6,120.14785928568013,254.02961347078863
2024-06-11 09:30:48+00:00,NAC802,22.26826296014301,-72.6204935709635,11277.6,120.14785928568013,254.02961347078863
2024-06-11 09:30:49+00:00,NAC802,22.267135620117188,-72.61843039772725,11277.6,120.14785928568013,254.02961347078863
2024-06-11 09:30:50+00:00,NAC802,22.26593534825212,-72.616221110026,11277.6,120.14785928568013,254.02961347078863
2024-06-11 09:30:51+00:00,NAC802,22.26481809454449,-72.61408487955725,11277.6,120.14785928568013,254.02961347078863
2024-06-11 09:30:52+00:00,NAC802,22.26421291545286,-72.61301676432288,11277.6,120.14785928568013,254.02961347078863
2024-06-11 09:30:53+00:00,NAC802,22.26365428859905,-72.6119486490885,11277.6,120.14785928568013,254.02961347078863
2024-06-11 09:30:54+00:00,NAC802,22.262397378177965,-72.60960896809894,11277.6,120.14785928568013,254.02961347078863
2024-06-11 09:30:55+00:00,NAC802,22.2601318359375,-72.60549649325282,11277.6,120.14785928568013,254.02961347078863
2024-06-11 09:30:56+00:00,NAC802,22.259045617055083,-72.60345458984375,11277.6,120.20623643497936,253.5848887995207
2024-06-11 09:30:57+00:00,NAC802,22.25788181110964,-72.601318359375,11277.6,120.20623643497936,253.5848887995207
2024-06-11 09:30:58+00:00,NAC802,22.257247924804688,-72.60015314275569,11277.6,120.20623643497936,253.5848887995207
2024-06-11 09:30:59+00:00,NAC802,22.255693855932204,-72.5973002115885,11277.6,120.20623643497936,253.5848887995207
2024-06-11 09:31:00+00:00,NAC802,22.254409790039062,-72.59485973011363,11277.6,120.20623643497936,253.5848887995207
2024-06-11 09:31:01+00:00,NAC802,22.25326538085937,-72.59276234019887,11277.6,120.20623643497936,253.5848887995207
2024-06-11 09:31:02+00:00,NAC802,22.2520162291446,-72.59053548177081,11277.6,120.20623643497936,253.5848887995207
2024-06-11 09:31:03+00:00,NAC802,22.250992079912606,-72.58860270182288,11277.6,120.20623643497936,253.5848887995207
2024-06-11 09:31:04+00:00,NAC802,22.25043345305879,-72.5875345865885,11277.6,120.20623643497936,253.5848887995207
2024-06-11 09:31:05+00:00,NAC802,22.24871102025953,-72.58438110351562,11277.6,120.20623643497936,253.5848887995207
2024-06-11 09:31:06+00:00,NAC802,22.247634887695312,-72.58232532848012,11277.6,120.20623643497936,253.5848887995207
2024-06-11 09:31:07+00:00,NAC802,22.246490478515625,-72.58022793856532,11277.6,120.20623643497936,253.5848887995207
2024-06-11 09:31:08+00:00,NAC802,22.24530029296875,-72.57808061079544,11277.6,120.20623643497936,253.5848887995207
2024-06-11 09:31:09+00:00,NAC802,22.244155883789062,-72.57598322088069,11277.6,120.10568118469136,253.32645494705636
2024-06-11 09:31:10+00:00,NAC802,22.243636826337397,-72.57502237955725,11277.6,120.10568118469136,253.32645494705636
2024-06-11 09:31:11+00:00,NAC802,22.24232482910156,-72.57258744673294,11277.6,120.10568118469136,253.32645494705636
2024-06-11 09:31:12+00:00,NAC802,22.2410888671875,-72.57024036754262,11277.6,120.10568118469136,253.32645494705636
2024-06-11 09:31:13+00:00,NAC802,22.239866095074152,-72.56805419921875,11277.6,120.10568118469136,253.32645494705636
2024-06-11 09:31:14+00:00,NAC802,22.238609184653072,-72.56571451822913,11277.6,120.10568118469136,253.32645494705636
2024-06-11 09:31:15+00:00,NAC802,22.236968994140625,-72.56264981356532,11277.6,120.16414648706736,252.8815402291125
2024-06-11 09:31:16+00:00,NAC802,22.236373901367188,-72.56155118075282,11277.6,120.16414648706736,252.8815402291125
2024-06-11 09:31:17+00:00,NAC802,22.235137939453125,-72.55925403941762,11285.22,120.16414648706736,252.8815402291125
2024-06-11 09:31:18+00:00,NAC802,22.234047065346928,-72.55722045898438,11285.22,120.16414648706736,252.8815402291125
2024-06-11 09:31:19+00:00,NAC802,22.232790154925848,-72.55488077799475,11285.22,120.16414648706736,252.8815402291125
2024-06-11 09:31:20+00:00,NAC802,22.231486692266948,-72.55259195963538,11277.6,120.16414648706736,252.8815402291125
2024-06-11 09:31:21+00:00,NAC802,22.23036943855932,-72.55045572916663,11285.22,120.16414648706736,252.8815402291125
2024-06-11 09:31:22+00:00,NAC802,22.22967115499205,-72.54918416341144,11277.6,120.16414648706736,252.8815402291125
2024-06-11 09:31:23+00:00,NAC802,22.22845458984375,-72.54696932705963,11277.6,120.16414648706736,252.8815402291125
2024-06-11 09:31:24+00:00,NAC802,22.22725043862553,-72.54475911458331,11277.6,120.16414648706736,252.8815402291125
2024-06-11 09:31:25+00:00,NAC802,22.22607421875,-72.5425248579545,11277.6,120.16414648706736,252.8815402291125
2024-06-11 09:31:26+00:00,NAC802,22.22427109540519,-72.53926595052081,11277.6,120.16414648706736,252.8815402291125
2024-06-11 09:31:27+00:00,NAC802,22.22309875488281,-72.537031693892,11277.6,120.16414648706736,252.8815402291125
2024-06-11 09:31:28+00:00,NAC802,22.222455558130296,-72.53585815429688,11277.6,120.16414648706736,252.8815402291125
2024-06-11 09:31:29+00:00,NAC802,22.22129175218485,-72.53372192382812,11277.6,120.16414648706736,252.8815402291125
2024-06-11 09:31:30+00:00,NAC802,22.220174498477224,-72.53163655598956,11277.6,120.16414648706736,252.8815402291125
2024-06-11 09:31:31+00:00,NAC802,22.21901069253178,-72.52950032552081,11277.6,120.16414648706736,252.8815402291125
2024-06-11 09:31:32+00:00,NAC802,22.217788696289062,-72.52729381214488,11277.6,120.16414648706736,252.8815402291125
2024-06-11 09:31:33+00:00,NAC802,22.21664428710937,-72.52519642223012,11277.6,120.16414648706736,252.8815402291125
2024-06-11 09:31:34+00:00,NAC802,22.21556582693326,-72.523193359375,11277.6,120.16414648706736,252.8815402291125
2024-06-11 09:31:35+00:00,NAC802,22.214448573225635,-72.52105712890625,11277.6,120.16414648706736,252.8815402291125
2024-06-11 09:31:36+00:00,NAC802,22.213377871755824,-72.5191752115885,11277.6,120.2228178160524,252.43688974971897
2024-06-11 09:31:37+00:00,NAC802,22.21179509567002,-72.51622517903644,11277.6,120.2228178160524,252.43688974971897
2024-06-11 09:31:38+00:00,NAC802,22.210693359375,-72.51421009410512,11277.6,120.2228178160524,252.43688974971897
2024-06-11 09:31:39+00:00,NAC802,22.209607140492583,-72.51220703125,11277.6,120.2228178160524,252.43688974971897
2024-06-11 09:31:40+00:00,NAC802,22.20904851363877,-72.51113891601562,11277.6,120.2228178160524,252.43688974971897
2024-06-11 09:31:41+00:00,NAC802,22.207884707693324,-72.50900268554688,11277.6,120.2228178160524,252.43688974971897
2024-06-11 09:31:42+00:00,NAC802,22.20625305175781,-72.50592041015625,11277.6,120.2228178160524,252.43688974971897
2024-06-11 09:31:43+00:00,NAC802,22.204951916710804,-72.50350952148438,11277.6,120.2228178160524,252.43688974971897
2024-06-11 09:31:44+00:00,NAC802,22.203695006289724,-72.50116984049475,11277.6,120.2228178160524,252.43688974971897
2024-06-11 09:31:45+00:00,NAC802,22.20308982719809,-72.50015258789062,11277.6,120.2228178160524,252.43688974971897
2024-06-11 09:31:46+00:00,NAC802,22.2020656779661,-72.49821980794269,11277.6,120.2228178160524,252.43688974971897
2024-06-11 09:31:47+00:00,NAC802,22.20098876953125,-72.49623246626419,11277.6,120.12182177653936,252.1783288872137
2024-06-11 09:31:48+00:00,NAC802,22.199752807617188,-72.49388538707387,11277.6,120.12182177653936,252.1783288872137
2024-06-11 09:31:49+00:00,NAC802,22.198150634765625,-72.49093905362213,11277.6,120.12182177653936,252.1783288872137
2024-06-11 09:31:50+00:00,NAC802,22.197097778320312,-72.48904141512782,11269.98,120.12182177653936,252.1783288872137
2024-06-11 09:31:51+00:00,NAC802,22.1965725139036,-72.48809814453125,11277.6,120.12182177653936,252.1783288872137
2024-06-11 09:31:52+00:00,NAC802,22.1949462890625,-72.48504638671875,11277.6,120.12182177653936,252.1783288872137
2024-06-11 09:31:53+00:00,NAC802,22.19366455078125,-72.48269930752838,11277.6,120.2228178160524,252.43688974971897
2024-06-11 09:31:54+00:00,NAC802,22.19252014160156,-72.48060191761363,11277.6,120.28169613890088,251.9925049076531
2024-06-11 09:31:55+00:00,NAC802,22.191219006554554,-72.47817993164062,11277.6,120.28169613890088,251.9925049076531
2024-06-11 09:31:56+00:00,NAC802,22.190101752846928,-72.47609456380206,11277.6,120.28169613890088,251.9925049076531
2024-06-11 09:31:57+00:00,NAC802,22.189496573755296,-72.47502644856769,11277.6,120.28169613890088,251.9925049076531
2024-06-11 09:31:58+00:00,NAC802,22.188308715820312,-72.47281161221588,11277.6,120.28169613890088,251.9925049076531
2024-06-11 09:31:59+00:00,NAC802,22.187255859375,-72.47091397372157,11277.6,120.28169613890088,251.9925049076531
2024-06-11 09:32:00+00:00,NAC802,22.185562133789062,-72.46776788884944,11277.6,120.28169613890088,251.9925049076531
2024-06-11 09:32:01+00:00,NAC802,22.18441772460937,-72.46567049893463,11277.6,120.28169613890088,251.9925049076531
2024-06-11 09:32:02+00:00,NAC802,22.1839599609375,-72.46482155539769,11277.6,120.28169613890088,251.9925049076531
2024-06-11 09:32:03+00:00,NAC802,22.18288615598517,-72.46281941731769,11277.6,120.34078242795556,251.5483871107379
2024-06-11 09:32:04+00:00,NAC802,22.181671142578125,-72.46062677556819,11277.6,120.34078242795556,251.5483871107379
2024-06-11 09:32:05+00:00,NAC802,22.179999917240465,-72.45758056640625,11277.6,120.34078242795556,251.5483871107379
2024-06-11 09:32:06+00:00,NAC802,22.178743006819385,-72.45524088541663,11277.6,120.34078242795556,251.5483871107379
2024-06-11 09:32:07+00:00,NAC802,22.17755126953125,-72.45303622159088,11277.6,120.34078242795556,251.5483871107379
2024-06-11 09:32:08+00:00,NAC802,22.17626953125,-72.45073908025569,11277.6,120.34078242795556,251.5483871107379
2024-06-11 09:32:09+00:00,NAC802,22.17567055912341,-72.4495951334635,11277.6,120.34078242795556,251.5483871107379
2024-06-11 09:32:10+00:00,NAC802,22.17464640989142,-72.44771321614581,11277.6,120.34078242795556,251.5483871107379
2024-06-11 09:32:11+00:00,NAC802,22.17348260394597,-72.44557698567706,11277.6,120.34078242795556,251.5483871107379
2024-06-11 09:32:12+00:00,NAC802,22.172225693524894,-72.44328816731769,11277.6,120.34078242795556,251.5483871107379
2024-06-11 09:32:13+00:00,NAC802,22.17059326171875,-72.44025213068181,11277.6,120.23955069790766,251.28891203523008
2024-06-11 09:32:14+00:00,NAC802,22.169448852539062,-72.438154740767,11277.6,120.23955069790766,251.28891203523008
2024-06-11 09:32:15+00:00,NAC802,22.16876220703125,-72.43685635653407,11277.6,120.23955069790766,251.28891203523008
2024-06-11 09:32:16+00:00,NAC802,22.167709350585938,-72.43500865589488,11277.6,120.23955069790766,251.28891203523008
2024-06-11 09:32:18+00:00,NAC802,22.16523742675781,-72.43036443536931,11277.6,120.23955069790766,251.28891203523008
2024-06-11 09:32:20+00:00,NAC802,22.162635932534428,-72.42563883463538,11277.6,120.23955069790766,251.28891203523008
2024-06-11 09:32:21+00:00,NAC802,22.162033081054688,-72.42447176846588,11277.6,120.23955069790766,251.28891203523008
2024-06-11 09:32:23+00:00,NAC802,22.159835815429688,-72.42047674005681,11277.6,120.29872810618346,250.8446035805593
2024-06-11 09:32:24+00:00,NAC802,22.15877209679555,-72.41851806640625,11277.6,120.29872810618346,250.8446035805593
2024-06-11 09:32:26+00:00,NAC802,22.15576171875,-72.41293612393463,11277.6,120.29872810618346,250.8446035805593
2024-06-11 09:32:27+00:00,NAC802,22.1552341267214,-72.41200764973956,11277.6,120.29872810618346,250.8446035805593
2024-06-11 09:32:28+00:00,NAC802,22.15411687301377,-72.409922281901,11277.6,120.29872810618346,250.8446035805593
2024-06-11 09:32:29+00:00,NAC802,22.15285996259269,-72.40758260091144,11277.6,120.29872810618346,250.8446035805593
2024-06-11 09:32:30+00:00,NAC802,22.151696156647244,-72.40549723307288,11277.6,120.29872810618346,250.8446035805593
2024-06-11 09:32:31+00:00,NAC802,22.150634765625,-72.40349786931819,11277.6,120.19716860825564,250.5854558919615
2024-06-11 09:32:32+00:00,NAC802,22.14941509699417,-72.40132649739581,11277.6,120.19716860825564,250.5854558919615
2024-06-11 09:32:33+00:00,NAC802,22.14820473881091,-72.39898681640625,11277.6,120.19716860825564,250.5854558919615
2024-06-11 09:32:34+00:00,NAC802,22.147201538085938,-72.39720569957387,11277.6,120.19716860825564,250.5854558919615
2024-06-11 09:32:35+00:00,NAC802,22.146249544822563,-72.39542643229163,11277.6,120.19716860825564,250.5854558919615
2024-06-11 09:32:36+00:00,NAC802,22.14522539559057,-72.39354451497394,11277.6,120.19716860825564,250.5854558919615
2024-06-11 09:32:37+00:00,NAC802,22.143218994140625,-72.38986483487213,11277.6,120.19716860825564,250.5854558919615
2024-06-11 09:32:39+00:00,NAC802,22.142120361328125,-72.38776744495738,11277.6,120.19716860825564,250.5854558919615
2024-06-11 09:32:40+00:00,NAC802,22.140289306640625,-72.38442160866475,11277.6,120.19716860825564,250.5854558919615
2024-06-11 09:32:41+00:00,NAC802,22.139694213867188,-72.38337291370738,11277.6,120.19716860825564,250.5854558919615
2024-06-11 09:32:42+00:00,NAC802,22.137963246490997,-72.38016764322913,11277.6,120.19716860825564,250.5854558919615
2024-06-11 09:32:43+00:00,NAC802,22.136764526367188,-72.3779296875,11277.6,120.25643716352928,250.14095594979804
2024-06-11 09:32:44+00:00,NAC802,22.1361477092161,-72.37681070963538,11277.6,120.25643716352928,250.14095594979804
2024-06-11 09:32:45+00:00,NAC802,22.13498390327065,-72.37472534179688,11277.6,120.25643716352928,250.14095594979804
2024-06-11 09:32:46+00:00,NAC802,22.13323974609375,-72.37148770419032,11277.6,120.25643716352928,250.14095594979804
2024-06-11 09:32:47+00:00,NAC802,22.132781982421875,-72.37063876065338,11277.6,120.25643716352928,250.14095594979804
2024-06-11 09:32:48+00:00,NAC802,22.13158558990996,-72.368418375651,11277.6,120.25643716352928,250.14095594979804
2024-06-11 09:32:49+00:00,NAC802,22.1304931640625,-72.36644398082387,11277.6,120.25643716352928,250.14095594979804
2024-06-11 09:32:50+00:00,NAC802,22.12934875488281,-72.36434659090907,11277.6,120.25643716352928,250.14095594979804
2024-06-11 09:32:52+00:00,NAC802,22.127163127317267,-72.36028035481769,11277.6,120.25643716352928,250.14095594979804
2024-06-11 09:32:57+00:00,NAC802,22.12152099609375,-72.34991455078125,11277.6,120.25643716352928,250.14095594979804
2024-06-11 09:32:59+00:00,NAC802,22.11923217773437,-72.34576970880681,11277.6,120.25643716352928,250.14095594979804
2024-06-11 09:33:00+00:00,NAC802,22.117480261851163,-72.342529296875,11277.6,120.25643716352928,250.14095594979804
2024-06-11 09:33:03+00:00,NAC802,22.11460876464844,-72.33718039772725,11277.6,120.25643716352928,250.14095594979804
2024-06-11 09:33:04+00:00,NAC802,22.11346435546875,-72.3350830078125,11277.6,120.25643716352928,250.14095594979804
2024-06-11 09:33:05+00:00,NAC802,22.112359515691207,-72.33311971028644,11277.6,120.25643716352928,250.14095594979804
2024-06-11 09:33:06+00:00,NAC802,22.110626220703125,-72.32988947088069,11277.6,120.25643716352928,250.14095594979804
2024-06-11 09:33:07+00:00,NAC802,22.10910085904396,-72.32706705729163,11277.6,120.315916670057,249.69672462335924
2024-06-11 09:33:09+00:00,NAC802,22.10784394862288,-72.32477823893225,11277.6,120.315916670057,249.69672462335924
2024-06-11 09:33:10+00:00,NAC802,22.10664367675781,-72.32254860617894,11277.6,120.315916670057,249.69672462335924
2024-06-11 09:33:11+00:00,NAC802,22.10542323225636,-72.32040405273438,11277.6,120.315916670057,249.69672462335924
2024-06-11 09:33:12+00:00,NAC802,22.10384045617055,-72.31745402018225,11277.6,120.315916670057,249.69672462335924
2024-06-11 09:33:13+00:00,NAC802,22.10328182931673,-72.31643676757812,11277.6,120.315916670057,249.69672462335924
2024-06-11 09:33:14+00:00,NAC802,22.101058959960938,-72.31236128373575,11277.6,120.315916670057,249.69672462335924
2024-06-11 09:33:16+00:00,NAC802,22.09941799357786,-72.30931599934894,11277.6,120.41771374658867,249.9567937235143
2024-06-11 09:33:17+00:00,NAC802,22.09877014160156,-72.30816650390625,11277.6,120.41771374658867,249.9567937235143
2024-06-11 09:33:18+00:00,NAC802,22.097671508789062,-72.30611905184657,11277.6,120.41771374658867,249.9567937235143
2024-06-11 09:33:20+00:00,NAC802,22.095245361328125,-72.30172452059657,11277.6,120.315916670057,249.69672462335924
2024-06-11 09:33:21+00:00,NAC802,22.094009399414062,-72.29942737926137,11277.6,120.315916670057,249.69672462335924
2024-06-11 09:33:22+00:00,NAC802,22.092807575807733,-72.29726155598956,11277.6,120.315916670057,249.69672462335924
2024-06-11 09:33:24+00:00,NAC802,22.08993530273437,-72.29193670099431,11277.6,120.315916670057,249.69672462335924
2024-06-11 09:33:25+00:00,NAC802,22.088653564453125,-72.28963955965907,11277.6,120.315916670057,249.69672462335924
2024-06-11 09:33:26+00:00,NAC802,22.088152352025958,-72.28871663411456,11277.6,120.315916670057,249.69672462335924
2024-06-11 09:33:27+00:00,NAC802,22.087035098318324,-72.286631266276,11277.6,120.315916670057,249.69672462335924
2024-06-11 09:33:28+00:00,NAC802,22.085778187897244,-72.28434244791663,11277.6,120.315916670057,249.69672462335924
2024-06-11 09:33:29+00:00,NAC802,22.08457946777344,-72.282148881392,11277.6,120.315916670057,249.69672462335924
2024-06-11 09:33:30+00:00,NAC802,22.08334350585937,-72.27985174005681,11277.6,120.315916670057,249.69672462335924
2024-06-11 09:33:31+00:00,NAC802,22.082107543945312,-72.27755459872157,11277.6,120.21390764379191,249.43744536854564
2024-06-11 09:33:32+00:00,NAC802,22.08149538201801,-72.27640787760413,11277.6,120.21390764379191,249.43744536854564
2024-06-11 09:33:33+00:00,NAC802,22.08041381835937,-72.2744584517045,11277.6,120.21390764379191,249.43744536854564
2024-06-11 09:33:34+00:00,NAC802,22.079177856445312,-72.27216131036931,11277.6,120.21390764379191,249.43744536854564
2024-06-11 09:33:35+00:00,NAC802,22.07865569551112,-72.27121988932288,11277.6,120.21390764379191,249.43744536854564
2024-06-11 09:33:36+00:00,NAC802,22.07679748535156,-72.26776677911931,11277.6,120.21390764379191,249.43744536854564
2024-06-11 09:33:37+00:00,NAC802,22.075024620961333,-72.26455688476562,11277.6,120.21390764379191,249.43744536854564
2024-06-11 09:33:38+00:00,NAC802,22.073907367253707,-72.26247151692706,11277.6,120.21390764379191,249.43744536854564
2024-06-11 09:33:39+00:00,NAC802,22.07344184487553,-72.26165771484375,11277.6,120.27347933420845,248.99302179257828
2024-06-11 09:33:40+00:00,NAC802,22.072265625,-72.25942715731532,11277.6,120.27347933420845,248.99302179257828
2024-06-11 09:33:41+00:00,NAC802,22.071067680746825,-72.25728352864581,11277.6,120.27347933420845,248.99302179257828
2024-06-11 09:33:42+00:00,NAC802,22.06988525390625,-72.25508256392044,11277.6,120.27347933420845,248.99302179257828
2024-06-11 09:33:43+00:00,NAC802,22.068227994239937,-72.25204467773438,11277.6,120.27347933420845,248.99302179257828
2024-06-11 09:33:44+00:00,NAC802,22.06776247186176,-72.251230875651,11277.6,120.27347933420845,248.99302179257828
2024-06-11 09:33:45+00:00,NAC802,22.06664521815413,-72.2491455078125,11277.6,120.27347933420845,248.99302179257828
2024-06-11 09:33:46+00:00,NAC802,22.065673828125,-72.24739213423294,11277.6,120.27347933420845,248.99302179257828
2024-06-11 09:33:47+00:00,NAC802,22.064038292836333,-72.24436442057288,11277.6,120.27347933420845,248.99302179257828
2024-06-11 09:33:48+00:00,NAC802,22.062921039128707,-72.24227905273438,11277.6,120.27347933420845,248.99302179257828
2024-06-11 09:33:49+00:00,NAC802,22.06180378542108,-72.24019368489581,11277.6,120.27347933420845,248.99302179257828
2024-06-11 09:33:50+00:00,NAC802,22.06077963618909,-72.23831176757812,11277.6,120.27347933420845,248.99302179257828
2024-06-11 09:33:51+00:00,NAC802,22.05952272576801,-72.23602294921875,11277.6,120.27347933420845,248.99302179257828
2024-06-11 09:33:52+00:00,NAC802,22.05882444220074,-72.23480224609375,11277.6,120.27347933420845,248.99302179257828
2024-06-11 09:33:53+00:00,NAC802,22.057662963867188,-72.23261052911931,11277.6,120.27347933420845,248.99302179257828
2024-06-11 09:33:54+00:00,NAC802,22.055984755693856,-72.2296142578125,11277.6,120.37560812720054,249.25276334886811
2024-06-11 09:33:55+00:00,NAC802,22.054916381835938,-72.22761674360794,11277.6,120.37560812720054,249.25276334886811
2024-06-11 09:33:56+00:00,NAC802,22.054308875132413,-72.22646077473956,11277.6,120.27347933420845,248.99302179257828
2024-06-11 09:33:57+00:00,NAC802,22.05322265625,-72.22447065873575,11277.6,120.27347933420845,248.99302179257828
2024-06-11 09:33:58+00:00,NAC802,22.051666259765625,-72.22157426313919,11277.6,120.27347933420845,248.99302179257828
2024-06-11 09:33:59+00:00,NAC802,22.05058469610699,-72.21959431966144,11277.6,120.27347933420845,248.99302179257828
2024-06-11 09:34:00+00:00,NAC802,22.049420890161542,-72.21750895182288,11277.6,120.27347933420845,248.99302179257828
2024-06-11 09:34:02+00:00,NAC802,22.04722595214844,-72.21348433061075,11277.6,120.27347933420845,248.99302179257828
2024-06-11 09:34:03+00:00,NAC802,22.04592947232521,-72.21110026041663,11277.6,120.27347933420845,248.99302179257828
2024-06-11 09:34:04+00:00,NAC802,22.044754028320312,-72.20889004794032,11277.6,120.27347933420845,248.99302179257828
2024-06-11 09:34:05+00:00,NAC802,22.043555308196503,-72.20672607421875,11277.6,120.27347933420845,248.99302179257828
2024-06-11 09:34:06+00:00,NAC802,22.04237365722656,-72.20454545454544,11277.6,120.27347933420845,248.99302179257828
2024-06-11 09:34:07+00:00,NAC802,22.041413905256885,-72.2027587890625,11277.6,120.27347933420845,248.99302179257828
2024-06-11 09:34:08+00:00,NAC802,22.040855278403072,-72.20174153645831,11277.6,120.27347933420845,248.99302179257828
2024-06-11 09:34:09+00:00,NAC802,22.03973802469545,-72.19965616861975,11277.6,120.27347933420845,248.99302179257828
2024-06-11 09:34:10+00:00,NAC802,22.038116455078125,-72.1966552734375,11277.6,120.17113756968844,248.73407299968
2024-06-11 09:34:11+00:00,NAC802,22.03706359863281,-72.19475763494319,11277.6,120.17113756968844,248.73407299968
2024-06-11 09:34:12+00:00,NAC802,22.03587418895657,-72.19258626302081,11277.6,120.17113756968844,248.73407299968
2024-06-11 09:34:13+00:00,NAC802,22.03475693524894,-72.19050089518225,11277.6,120.17113756968844,248.73407299968
2024-06-11 09:34:14+00:00,NAC802,22.03358459472656,-72.1883156516335,11277.6,120.17113756968844,248.73407299968
2024-06-11 09:34:15+00:00,NAC802,22.032440185546875,-72.18626819957387,11277.6,120.17113756968844,248.73407299968
2024-06-11 09:34:16+00:00,NAC802,22.031172412936968,-72.183837890625,11277.6,120.17113756968844,248.73407299968
2024-06-11 09:34:17+00:00,NAC802,22.02996826171875,-72.18167391690338,11277.6,120.17113756968844,248.73407299968
2024-06-11 09:34:18+00:00,NAC802,22.028961181640625,-72.17982621626419,11277.6,120.23080146970838,248.28945633208343
2024-06-11 09:34:19+00:00,NAC802,22.02850341796875,-72.17897727272725,11277.6,120.23080146970838,248.28945633208343
2024-06-11 09:34:21+00:00,NAC802,22.026031494140625,-72.17443292791194,11277.6,120.23080146970838,248.28945633208343
2024-06-11 09:34:22+00:00,NAC802,22.02437578621557,-72.17142740885413,11277.6,120.23080146970838,248.28945633208343
2024-06-11 09:34:23+00:00,NAC802,22.02378845214844,-72.1702880859375,11277.6,120.23080146970838,248.28945633208343
2024-06-11 09:34:24+00:00,NAC802,22.0220947265625,-72.16714200106532,11277.6,120.23080146970838,248.28945633208343
2024-06-11 09:34:25+00:00,NAC802,22.021499633789062,-72.16609330610794,11277.6,120.23080146970838,248.28945633208343
2024-06-11 09:34:26+00:00,NAC802,22.020232637049787,-72.16374715169269,11277.6,120.23080146970838,248.28945633208343
2024-06-11 09:34:27+00:00,NAC802,22.01911538334216,-72.16166178385413,11285.22,120.23080146970838,248.28945633208343
2024-06-11 09:34:28+00:00,NAC802,22.01809123411017,-72.15977986653644,11285.22,120.23080146970838,248.28945633208343
2024-06-11 09:34:29+00:00,NAC802,22.01641845703125,-72.15680486505681,11285.22,120.23080146970838,248.28945633208343
2024-06-11 09:34:30+00:00,NAC802,22.015869140625,-72.15575617009944,11285.22,120.33326399704694,248.54886834598705
2024-06-11 09:34:31+00:00,NAC802,22.014862060546875,-72.15385853160512,11285.22,120.39326264555302,248.1049864795154
2024-06-11 09:34:32+00:00,NAC802,22.01385498046875,-72.15201083096588,11285.22,120.39326264555302,248.1049864795154
2024-06-11 09:34:33+00:00,NAC802,22.0125732421875,-72.14976362748575,11285.22,120.39326264555302,248.1049864795154
2024-06-11 09:34:34+00:00,NAC802,22.01087951660156,-72.14661754261363,11285.22,120.39326264555302,248.1049864795154
2024-06-11 09:34:35+00:00,NAC802,22.009711831302965,-72.14447021484375,11285.22,120.39326264555302,248.1049864795154
2024-06-11 09:34:36+00:00,NAC802,22.00863647460937,-72.14252263849431,11285.22,120.39326264555302,248.1049864795154
2024-06-11 09:34:37+00:00,NAC802,22.007400512695312,-72.14022549715907,11285.22,120.39326264555302,248.1049864795154
2024-06-11 09:34:38+00:00,NAC802,22.006805419921875,-72.13917680220169,11285.22,120.39326264555302,248.1049864795154
2024-06-11 09:34:40+00:00,NAC802,22.004637637380824,-72.13516235351562,11285.22,120.39326264555302,248.1049864795154
2024-06-11 09:34:41+00:00,NAC802,22.003326416015625,-72.13278475674713,11277.6,120.39326264555302,248.1049864795154
2024-06-11 09:34:42+00:00,NAC802,22.001724243164062,-72.12988836115056,11277.6,120.29067937042696,247.84510986826285
2024-06-11 09:34:43+00:00,NAC802,22.001266479492188,-72.12903941761363,11277.6,120.29067937042696,247.84510986826285
2024-06-11 09:34:44+00:00,NAC802,21.999801635742188,-72.1263427734375,11285.22,120.29067937042696,247.84510986826285
2024-06-11 09:34:45+00:00,NAC802,21.998794555664062,-72.12449507279825,11285.22,120.29067937042696,247.84510986826285
2024-06-11 09:34:46+00:00,NAC802,21.99737548828125,-72.12193806966144,11277.6,120.29067937042696,247.84510986826285
2024-06-11 09:34:47+00:00,NAC802,21.99602547338453,-72.11944580078125,11277.6,120.29067937042696,247.84510986826285
2024-06-11 09:34:48+00:00,NAC802,21.994908219676905,-72.11736043294269,11277.6,120.39326264555302,248.1049864795154
2024-06-11 09:34:49+00:00,NAC802,21.99371337890625,-72.11520663174713,11285.22,120.39326264555302,248.1049864795154
2024-06-11 09:34:50+00:00,NAC802,21.9931640625,-72.11415793678975,11277.6,120.39326264555302,248.1049864795154
2024-06-11 09:34:51+00:00,NAC802,21.991975428694385,-72.11196899414062,11277.6,120.39326264555302,248.1049864795154
2024-06-11 09:34:52+00:00,NAC802,21.99078369140625,-72.10981334339488,11277.6,120.39326264555302,248.1049864795154
2024-06-11 09:34:53+00:00,NAC802,21.98960126456568,-72.10764567057288,11277.6,120.39326264555302,248.1049864795154
2024-06-11 09:34:54+00:00,NAC802,21.98848401085805,-72.10556030273438,11285.22,120.39326264555302,248.1049864795154
2024-06-11 09:34:55+00:00,NAC802,21.987459861626057,-72.10372924804688,11277.6,120.45347629836128,247.66137765341716
2024-06-11 09:34:56+00:00,NAC802,21.986251831054688,-72.10157359730113,11285.22,120.45347629836128,247.66137765341716
2024-06-11 09:34:57+00:00,NAC802,21.985178801972985,-72.099609375,11285.22,120.45347629836128,247.66137765341716
2024-06-11 09:34:58+00:00,NAC802,21.98406154826536,-72.09752400716144,11277.6,120.45347629836128,247.66137765341716
2024-06-11 09:34:59+00:00,NAC802,21.98286437988281,-72.095381303267,11285.22,120.45347629836128,247.66137765341716
2024-06-11 09:35:00+00:00,NAC802,21.98131496623411,-72.09259033203125,11277.6,120.45347629836128,247.66137765341716
2024-06-11 09:35:01+00:00,NAC802,21.98080444335937,-72.0916359641335,11277.6,120.45347629836128,247.66137765341716
2024-06-11 09:35:02+00:00,NAC802,21.979568481445312,-72.08938876065338,11285.22,120.5559642755078,247.92251434033983
2024-06-11 09:35:03+00:00,NAC802,21.978424072265625,-72.08729137073863,11277.6,120.5559642755078,247.92251434033983
2024-06-11 09:35:04+00:00,NAC802,21.9774169921875,-72.08544367009944,11277.6,120.5559642755078,247.92251434033983
2024-06-11 09:35:05+00:00,NAC802,21.9755859375,-72.08214777166194,11277.6,120.5559642755078,247.92251434033983
2024-06-11 09:35:06+00:00,NAC802,21.97507696636653,-72.08124796549475,11277.6,120.5559642755078,247.92251434033983
2024-06-11 09:35:07+00:00,NAC802,21.973892211914062,-72.07905162464488,11277.6,120.5559642755078,247.92251434033983
2024-06-11 09:35:08+00:00,NAC802,21.97279357910156,-72.07700417258519,11277.6,120.5559642755078,247.92251434033983
2024-06-11 09:35:09+00:00,NAC802,21.971649169921875,-72.07495672052556,11277.6,120.5559642755078,247.92251434033983
2024-06-11 09:35:10+00:00,NAC802,21.970468294822563,-72.07280476888019,11277.6,120.5559642755078,247.92251434033983
2024-06-11 09:35:11+00:00,NAC802,21.96986311573093,-72.07173665364581,11277.6,120.45347629836128,247.66137765341716
2024-06-11 09:35:12+00:00,NAC802,21.96818723516949,-72.06868489583331,11277.6,120.45347629836128,247.66137765341716
2024-06-11 09:35:13+00:00,NAC802,21.966604459083687,-72.06578572591144,11277.6,120.45347629836128,247.66137765341716
2024-06-11 09:35:14+00:00,NAC802,21.965972900390625,-72.064619584517,11277.6,120.45347629836128,247.66137765341716
2024-06-11 09:35:15+00:00,NAC802,21.964928578522244,-72.06268310546875,11277.6,120.45347629836128,247.66137765341716
2024-06-11 09:35:16+00:00,NAC802,21.96382141113281,-72.06072443181819,11277.6,120.45347629836128,247.66137765341716
2024-06-11 09:35:17+00:00,NAC802,21.96258544921875,-72.05842729048294,11277.6,120.45347629836128,247.66137765341716
2024-06-11 09:35:18+00:00,NAC802,21.96139060844809,-72.0562744140625,11277.6,120.45347629836128,247.66137765341716
2024-06-11 09:35:19+00:00,NAC802,21.95965576171875,-72.05308393998575,11277.6,120.45347629836128,247.66137765341716
2024-06-11 09:35:20+00:00,NAC802,21.959197998046875,-72.05223499644887,11277.6,120.35077229377042,247.4010350641227
2024-06-11 09:35:21+00:00,NAC802,21.958053588867188,-72.05018754438919,11277.6,120.35077229377042,247.4010350641227
2024-06-11 09:35:22+00:00,NAC802,21.956954956054688,-72.0481400923295,11277.6,120.35077229377042,247.4010350641227
2024-06-11 09:35:23+00:00,NAC802,21.95589744438559,-72.046152750651,11277.6,120.35077229377042,247.4010350641227
2024-06-11 09:35:24+00:00,NAC802,21.954733638440143,-72.04411824544269,11277.6,120.35077229377042,247.4010350641227
2024-06-11 09:35:25+00:00,NAC802,21.95301818847656,-72.04089910333806,11277.6,120.35077229377042,247.4010350641227
2024-06-11 09:35:26+00:00,NAC802,21.952499131024894,-72.03999837239581,11277.6,120.35077229377042,247.4010350641227
2024-06-11 09:35:27+00:00,NAC802,21.951381877317267,-72.03791300455725,11277.6,120.35077229377042,247.4010350641227
2024-06-11 09:35:28+00:00,NAC802,21.950124966896187,-72.03567504882812,11277.6,120.35077229377042,247.4010350641227
2024-06-11 09:35:29+00:00,NAC802,21.94891460871292,-72.03338623046875,11277.6,120.35077229377042,247.4010350641227
2024-06-11 09:35:30+00:00,NAC802,21.94770812988281,-72.031211159446,11277.6,120.35077229377042,247.4010350641227
2024-06-11 09:35:31+00:00,NAC802,21.94640078787076,-72.02885945638019,11277.6,120.35077229377042,247.4010350641227
2024-06-11 09:35:32+00:00,NAC802,21.945842161016948,-72.027842203776,11277.6,120.35077229377042,247.4010350641227
2024-06-11 09:35:33+00:00,NAC802,21.94481801178496,-72.02596028645831,11277.6,120.35077229377042,247.4010350641227
2024-06-11 09:35:34+00:00,NAC802,21.943084716796875,-72.02277166193181,11277.6,120.41108126712538,246.9572333851461
2024-06-11 09:35:36+00:00,NAC802,21.940704345703125,-72.018477006392,11277.6,120.41108126712538,246.9572333851461
2024-06-11 09:35:37+00:00,NAC802,21.939511056673727,-72.01629638671875,11277.6,120.41108126712538,246.9572333851461
2024-06-11 09:35:38+00:00,NAC802,21.938300698490465,-72.01400756835938,11277.6,120.41108126712538,246.9572333851461
2024-06-11 09:35:39+00:00,NAC802,21.9376024149232,-72.01278686523438,11277.6,120.41108126712538,246.9572333851461
2024-06-11 09:35:40+00:00,NAC802,21.936447143554688,-72.01063676313919,11277.6,120.41108126712538,246.9572333851461
2024-06-11 09:35:41+00:00,NAC802,21.935367907507946,-72.0086669921875,11277.6,120.41108126712538,246.9572333851461
2024-06-11 09:35:42+00:00,NAC802,21.93466962394068,-72.0074462890625,11277.6,120.41108126712538,246.9572333851461
2024-06-11 09:35:43+00:00,NAC802,21.932993743379235,-72.00434366861975,11277.6,120.41108126712538,246.9572333851461
2024-06-11 09:35:44+00:00,NAC802,21.932373046875,-72.00319602272725,11277.6,120.41108126712538,246.9572333851461
2024-06-11 09:35:45+00:00,NAC802,21.93117820610434,-72.00103759765625,11277.6,120.41108126712538,246.9572333851461
2024-06-11 09:35:46+00:00,NAC802,21.92999267578125,-71.9989013671875,11277.6,120.41108126712538,246.9572333851461
2024-06-11 09:35:47+00:00,NAC802,21.928436279296875,-71.99600497159088,11277.6,120.41108126712538,246.9572333851461
2024-06-11 09:35:48+00:00,NAC802,21.92726781812765,-71.99386596679688,11277.6,120.41108126712538,246.9572333851461
2024-06-11 09:35:49+00:00,NAC802,21.926055908203125,-71.991660378196,11277.6,120.41108126712538,246.9572333851461
2024-06-11 09:35:50+00:00,NAC802,21.925452280852756,-71.99055989583331,11277.6,120.41108126712538,246.9572333851461
2024-06-11 09:35:51+00:00,NAC802,21.92440795898437,-71.98856423117894,11277.6,120.41108126712538,246.9572333851461
2024-06-11 09:35:52+00:00,NAC802,21.92280578613281,-71.9857177734375,11277.6,120.41108126712538,246.9572333851461
2024-06-11 09:35:53+00:00,NAC802,21.921707153320312,-71.98362038352269,11277.6,120.30803947276512,246.6972204872089
2024-06-11 09:35:54+00:00,NAC802,21.920750504833155,-71.98191324869788,11277.6,120.30803947276512,246.6972204872089
2024-06-11 09:35:55+00:00,NAC802,21.91963325112553,-71.97982788085938,11277.6,120.30803947276512,246.6972204872089
2024-06-11 09:35:56+00:00,NAC802,21.918609101893537,-71.97799682617188,11277.6,120.30803947276512,246.6972204872089
2024-06-11 09:35:57+00:00,NAC802,21.917352191472457,-71.9757080078125,11277.6,120.41108126712538,246.9572333851461
2024-06-11 09:35:58+00:00,NAC802,21.916305541992188,-71.97378262606532,11277.6,120.41108126712538,246.9572333851461
2024-06-11 09:35:59+00:00,NAC802,21.91521078853284,-71.97179158528644,11277.6,120.41108126712538,246.9572333851461
2024-06-11 09:36:00+00:00,NAC802,21.91392517089844,-71.96943803267044,11277.6,120.41108126712538,246.9572333851461
2024-06-11 09:36:01+00:00,NAC802,21.91274351992849,-71.96726481119788,11277.6,120.41108126712538,246.9572333851461
2024-06-11 09:36:02+00:00,NAC802,21.91218489307468,-71.96624755859375,11277.6,120.41108126712538,246.9572333851461
2024-06-11 09:36:03+00:00,NAC802,21.9111328125,-71.96429443359375,11277.6,120.41108126712538,246.9572333851461
2024-06-11 09:36:04+00:00,NAC802,21.909439086914062,-71.96119828657669,11277.6,120.41108126712538,246.9572333851461
2024-06-11 09:36:05+00:00,NAC802,21.90836760957362,-71.95927937825519,11277.6,120.41108126712538,246.9572333851461
2024-06-11 09:36:06+00:00,NAC802,21.90728759765625,-71.95730313387782,11277.6,120.41108126712538,246.9572333851461
2024-06-11 09:36:07+00:00,NAC802,21.905731201171875,-71.95440673828125,11277.6,120.41108126712538,246.9572333851461
2024-06-11 09:36:08+00:00,NAC802,21.90513610839844,-71.95340798117894,11277.6,120.41108126712538,246.9572333851461
2024-06-11 09:36:09+00:00,NAC802,21.904129028320312,-71.95156028053975,11277.6,120.41108126712538,246.9572333851461
2024-06-11 09:36:10+00:00,NAC802,21.90289306640625,-71.9492631392045,11277.6,120.41108126712538,246.9572333851461
2024-06-11 09:36:11+00:00,NAC802,21.90174865722656,-71.94721568714488,11277.6,120.41108126712538,246.9572333851461
2024-06-11 09:36:12+00:00,NAC802,21.9004537291446,-71.944834391276,11277.6,120.41108126712538,246.9572333851461
2024-06-11 09:36:13+00:00,NAC802,21.89927673339844,-71.9426713423295,11277.6,120.41108126712538,246.9572333851461
2024-06-11 09:36:14+00:00,NAC802,21.898727416992188,-71.94167258522725,11277.6,120.41108126712538,246.9572333851461
2024-06-11 09:36:15+00:00,NAC802,21.897101968021715,-71.93868001302081,11277.6,120.41108126712538,246.9572333851461
2024-06-11 09:36:16+00:00,NAC802,21.896026611328125,-71.936728737571,11277.6,120.41108126712538,246.9572333851461
2024-06-11 09:36:17+00:00,NAC802,21.89488220214844,-71.93468128551137,11277.6,120.41108126712538,246.9572333851461
2024-06-11 09:36:18+00:00,NAC802,21.893783569335938,-71.93263383345169,11277.6,120.41108126712538,246.9572333851461
2024-06-11 09:36:19+00:00,NAC802,21.892260535288663,-71.92988077799475,11277.6,120.47160732336415,246.5137063064649
2024-06-11 09:36:20+00:00,NAC802,21.89170190843485,-71.92881266276038,11277.6,120.47160732336415,246.5137063064649
2024-06-11 09:36:21+00:00,NAC802,21.89048767089844,-71.92669122869319,11277.6,120.47160732336415,246.5137063064649
2024-06-11 09:36:22+00:00,NAC802,21.889389038085938,-71.92459383877838,11277.6,120.47160732336415,246.5137063064649
2024-06-11 09:36:23+00:00,NAC802,21.88821049059852,-71.92245483398438,11277.6,120.47160732336415,246.5137063064649
2024-06-11 09:36:24+00:00,NAC802,21.887008666992188,-71.92029918323863,11277.6,120.47160732336415,246.5137063064649
2024-06-11 09:36:25+00:00,NAC802,21.88636779785156,-71.91905073686075,11277.6,120.47160732336415,246.5137063064649
2024-06-11 09:36:26+00:00,NAC802,21.88518459514036,-71.91691080729163,11277.6,120.47160732336415,246.5137063064649
2024-06-11 09:36:27+00:00,NAC802,21.88369492353019,-71.91426595052081,11277.6,120.47160732336415,246.5137063064649
2024-06-11 09:36:28+00:00,NAC802,21.882344908633478,-71.91177368164062,11277.6,120.47160732336415,246.5137063064649
2024-06-11 09:36:29+00:00,NAC802,21.881227654925848,-71.90973917643225,11277.6,120.47160732336415,246.5137063064649
2024-06-11 09:36:30+00:00,NAC802,21.880142211914062,-71.90776478160512,11277.6,120.47160732336415,246.5137063064649
2024-06-11 09:36:31+00:00,NAC802,21.87899314751059,-71.90561930338538,11277.6,120.47160732336415,246.5137063064649
2024-06-11 09:36:32+00:00,NAC802,21.87835693359375,-71.90446888316762,11277.6,120.47160732336415,246.5137063064649
2024-06-11 09:36:33+00:00,NAC802,21.877270714711333,-71.90256754557288,11277.6,120.47160732336415,246.5137063064649
2024-06-11 09:36:34+00:00,NAC802,21.876060356528072,-71.9002787272135,11277.6,120.47160732336415,246.5137063064649
2024-06-11 09:36:35+00:00,NAC802,21.87432861328125,-71.89707808061075,11277.6,120.47160732336415,246.5137063064649
2024-06-11 09:36:36+00:00,NAC802,21.873275756835938,-71.89523037997157,11277.6,120.47160732336415,246.5137063064649
2024-06-11 09:36:37+00:00,NAC802,21.87226867675781,-71.89338267933238,11277.6,120.47160732336415,246.5137063064649
2024-06-11 09:36:38+00:00,NAC802,21.8716844461732,-71.89229329427081,11277.6,120.47160732336415,246.5137063064649
2024-06-11 09:36:39+00:00,NAC802,21.870101670087397,-71.88939412434894,11277.6,120.36844380786656,246.25322509932556
2024-06-11 09:36:40+00:00,NAC802,21.8690775208554,-71.88756306966144,11277.6,120.36844380786656,246.25322509932556
2024-06-11 09:36:41+00:00,NAC802,21.867867162672137,-71.88527425130206,11277.6,120.36844380786656,246.25322509932556
2024-06-11 09:36:42+00:00,NAC802,21.866683959960938,-71.88314541903407,11277.6,120.36844380786656,246.25322509932556
2024-06-11 09:36:43+00:00,NAC802,21.86549299854343,-71.88100179036456,11277.6,120.36844380786656,246.25322509932556
2024-06-11 09:36:44+00:00,NAC802,21.864532470703125,-71.87925026633519,11277.6,120.36844380786656,246.25322509932556
2024-06-11 09:36:45+00:00,NAC802,21.863296508789062,-71.876953125,11277.6,120.36844380786656,246.25322509932556
2024-06-11 09:36:46+00:00,NAC802,21.86214123742055,-71.87479654947913,11277.6,120.36844380786656,246.25322509932556
2024-06-11 09:36:47+00:00,NAC802,21.860977431475103,-71.87276204427081,11277.6,120.36844380786656,246.25322509932556
2024-06-11 09:36:48+00:00,NAC802,21.859909057617188,-71.870810768821,11277.6,120.47160732336415,246.5137063064649
2024-06-11 09:36:49+00:00,NAC802,21.858649819584212,-71.86843872070312,11277.6,120.47160732336415,246.5137063064649
2024-06-11 09:36:50+00:00,NAC802,21.8580911927304,-71.86742146809894,11277.6,120.47160732336415,246.5137063064649
2024-06-11 09:36:51+00:00,NAC802,21.856601521120236,-71.86477661132812,11277.6,120.47160732336415,246.5137063064649
2024-06-11 09:36:52+00:00,NAC802,21.85565185546875,-71.86302046342325,11277.6,120.47160732336415,246.5137063064649
2024-06-11 09:36:53+00:00,NAC802,21.854134252515887,-71.86024983723956,11277.6,120.47160732336415,246.5137063064649
2024-06-11 09:36:54+00:00,NAC802,21.853179931640625,-71.85847611860794,11277.6,120.47160732336415,246.5137063064649
2024-06-11 09:36:55+00:00,NAC802,21.852035522460938,-71.85642866654825,11277.6,120.47160732336415,246.5137063064649
2024-06-11 09:36:56+00:00,NAC802,21.85073593915519,-71.85409545898438,11277.6,120.47160732336415,246.5137063064649
2024-06-11 09:36:57+00:00,NAC802,21.850250244140625,-71.85318270596588,11285.22,120.47160732336415,246.5137063064649
2024-06-11 09:36:58+00:00,NAC802,21.848501431739937,-71.8499755859375,11285.22,120.47160732336415,246.5137063064649
2024-06-11 09:36:59+00:00,NAC802,21.847320556640625,-71.84783935546875,11285.22,120.47160732336415,246.5137063064649
2024-06-11 09:37:00+00:00,NAC802,21.846127267611227,-71.845703125,11277.6,120.47160732336415,246.5137063064649
2024-06-11 09:37:01+00:00,NAC802,21.844940185546875,-71.84354469992894,11285.22,120.47160732336415,246.5137063064649
2024-06-11 09:37:02+00:00,NAC802,21.844358282574152,-71.84239705403644,11285.22,120.47160732336415,246.5137063064649
2024-06-11 09:37:03+00:00,NAC802,21.843292236328125,-71.84044855291194,11285.22,120.47160732336415,246.5137063064649
2024-06-11 09:37:04+00:00,NAC802,21.84214782714844,-71.83840110085225,11285.22,120.47160732336415,246.5137063064649
2024-06-11 09:37:05+00:00,NAC802,21.840591430664062,-71.83555464311075,11277.6,120.47160732336415,246.5137063064649
2024-06-11 09:37:06+00:00,NAC802,21.83944702148437,-71.83350719105113,11277.6,120.47160732336415,246.5137063064649
2024-06-11 09:37:07+00:00,NAC802,21.838958222987287,-71.83258056640625,11277.6,120.47160732336415,246.5137063064649
2024-06-11 09:37:08+00:00,NAC802,21.83775329589844,-71.83041104403407,11277.6,120.47160732336415,246.5137063064649
2024-06-11 09:37:09+00:00,NAC802,21.836258193193856,-71.827646891276,11277.6,120.47160732336415,246.5137063064649
2024-06-11 09:37:10+00:00,NAC802,21.835001282772776,-71.82540893554688,11277.6,120.47160732336415,246.5137063064649
2024-06-11 09:37:11+00:00,NAC802,21.833884029065143,-71.82332356770831,11277.6,120.47160732336415,246.5137063064649
2024-06-11 09:37:12+00:00,NAC802,21.832859879833155,-71.82149251302081,11277.6,120.47160732336415,246.5137063064649
2024-06-11 09:37:13+00:00,NAC802,21.832260131835938,-71.82037353515625,11277.6,120.47160732336415,246.5137063064649
2024-06-11 09:37:14+00:00,NAC802,21.83109089479608,-71.8182373046875,11277.6,120.47160732336415,246.5137063064649
2024-06-11 09:37:15+00:00,NAC802,21.83001708984375,-71.81627863103694,11277.6,120.47160732336415,246.5137063064649
2024-06-11 09:37:16+00:00,NAC802,21.8282512082892,-71.81310017903644,11277.6,120.47160732336415,246.5137063064649
2024-06-11 09:37:17+00:00,NAC802,21.82713395458157,-71.81106567382812,11277.6,120.47160732336415,246.5137063064649
2024-06-11 09:37:18+00:00,NAC802,21.825942993164062,-71.80888782848012,11277.6,120.47160732336415,246.5137063064649
2024-06-11 09:37:19+00:00,NAC802,21.82539367675781,-71.80788907137782,11277.6,120.47160732336415,246.5137063064649
2024-06-11 09:37:20+00:00,NAC802,21.82415771484375,-71.80559193004262,11277.6,120.53235150087018,246.07045531293036
2024-06-11 09:37:21+00:00,NAC802,21.82308390989142,-71.80369059244788,11277.6,120.53235150087018,246.07045531293036
2024-06-11 09:37:22+00:00,NAC802,21.82150113380561,-71.800791422526,11277.6,120.53235150087018,246.07045531293036
2024-06-11 09:37:23+00:00,NAC802,21.82044982910156,-71.79885031960225,11277.6,120.53235150087018,246.07045531293036
2024-06-11 09:37:24+00:00,NAC802,21.819359730865997,-71.79692586263019,11277.6,120.53235150087018,246.07045531293036
2024-06-11 09:37:25+00:00,NAC802,21.818756103515625,-71.79580411044032,11277.6,120.53235150087018,246.07045531293036
2024-06-11 09:37:26+00:00,NAC802,21.8175441935911,-71.79361979166663,11277.6,120.53235150087018,246.07045531293036
2024-06-11 09:37:27+00:00,NAC802,21.816238403320312,-71.791259765625,11277.6,120.53235150087018,246.07045531293036
2024-06-11 09:37:28+00:00,NAC802,21.814751059322035,-71.78853352864581,11277.6,120.53235150087018,246.07045531293036
2024-06-11 09:37:29+00:00,NAC802,21.81358725337659,-71.7864990234375,11277.6,120.53235150087018,246.07045531293036
2024-06-11 09:37:30+00:00,NAC802,21.81246999966896,-71.78441365559894,11277.6,120.53235150087018,246.07045531293036
2024-06-11 09:37:31+00:00,NAC802,21.811431884765625,-71.782470703125,11277.6,120.53235150087018,246.07045531293036
2024-06-11 09:37:32+00:00,NAC802,21.810287475585938,-71.78042325106532,11277.6,120.53235150087018,246.07045531293036
2024-06-11 09:37:33+00:00,NAC802,21.80914306640625,-71.77837579900569,11277.6,120.53235150087018,246.07045531293036
2024-06-11 09:37:34+00:00,NAC802,21.80804443359375,-71.776328346946,11277.6,120.53235150087018,246.07045531293036
2024-06-11 09:37:35+00:00,NAC802,21.806900024414062,-71.77428089488637,11277.6,120.53235150087018,246.07045531293036
2024-06-11 09:37:36+00:00,NAC802,21.80621337890625,-71.77308238636363,11285.22,120.53235150087018,246.07045531293036
2024-06-11 09:37:37+00:00,NAC802,21.804977416992188,-71.7708351828835,11285.22,120.53235150087018,246.07045531293036
2024-06-11 09:37:38+00:00,NAC802,21.80381128343485,-71.76864624023438,11285.22,120.53235150087018,246.07045531293036
2024-06-11 09:37:39+00:00,NAC802,21.80255437301377,-71.76640828450519,11285.22,120.53235150087018,246.07045531293036
2024-06-11 09:37:40+00:00,NAC802,21.80140686035156,-71.7642433860085,11277.6,120.53235150087018,246.07045531293036
2024-06-11 09:37:41+00:00,NAC802,21.80039978027344,-71.76239568536931,11285.22,120.53235150087018,246.07045531293036
2024-06-11 09:37:42+00:00,NAC802,21.79916381835937,-71.76014848188919,11277.6,120.53235150087018,246.07045531293036
2024-06-11 09:37:43+00:00,NAC802,21.797526731329448,-71.7572021484375,11277.6,120.53235150087018,246.07045531293036
2024-06-11 09:37:45+00:00,NAC802,21.796269820908368,-71.75496419270831,11277.6,120.53235150087018,246.07045531293036
2024-06-11 09:37:46+00:00,NAC802,21.794454283633478,-71.75165812174475,11277.6,120.53235150087018,246.07045531293036
2024-06-11 09:37:47+00:00,NAC802,21.793853759765625,-71.75056041370738,11277.6,120.53235150087018,246.07045531293036
2024-06-11 09:37:48+00:00,NAC802,21.79261779785156,-71.74831321022725,11277.6,120.53235150087018,246.07045531293036
2024-06-11 09:37:49+00:00,NAC802,21.791473388671875,-71.74626575816762,11277.6,120.53235150087018,246.07045531293036
2024-06-11 09:37:50+00:00,NAC802,21.79023742675781,-71.7440185546875,11277.6,120.53235150087018,246.07045531293036
2024-06-11 09:37:51+00:00,NAC802,21.789193880760063,-71.74204508463538,11277.6,120.53235150087018,246.07045531293036
2024-06-11 09:37:52+00:00,NAC802,21.787936970338983,-71.73980712890625,11277.6,120.53235150087018,246.07045531293036
2024-06-11 09:37:53+00:00,NAC802,21.78675842285156,-71.73762650923294,11277.6,120.53235150087018,246.07045531293036
2024-06-11 09:37:54+00:00,NAC802,21.78556280621028,-71.7354838053385,11277.6,120.53235150087018,246.07045531293036
2024-06-11 09:37:55+00:00,NAC802,21.78444555250265,-71.73344930013019,11277.6,120.53235150087018,246.07045531293036
2024-06-11 09:37:56+00:00,NAC802,21.783980030124468,-71.73263549804688,11277.6,120.53235150087018,246.07045531293036
2024-06-11 09:37:57+00:00,NAC802,21.78282165527344,-71.73048539595169,11277.6,120.53235150087018,246.07045531293036
2024-06-11 09:37:58+00:00,NAC802,21.780990600585938,-71.72723943536931,11277.6,120.53235150087018,246.07045531293036
2024-06-11 09:37:59+00:00,NAC802,21.77992998543432,-71.72526041666663,11277.6,120.53235150087018,246.07045531293036
2024-06-11 09:38:00+00:00,NAC802,21.778812731726696,-71.72322591145831,11277.6,120.53235150087018,246.07045531293036
2024-06-11 09:38:01+00:00,NAC802,21.77783203125,-71.72149658203125,11277.6,120.53235150087018,246.07045531293036
2024-06-11 09:38:02+00:00,NAC802,21.7767333984375,-71.71944912997157,11277.6,120.53235150087018,246.07045531293036
2024-06-11 09:38:03+00:00,NAC802,21.775647179555083,-71.717529296875,11277.6,120.53235150087018,246.07045531293036
2024-06-11 09:38:04+00:00,NAC802,21.77462303032309,-71.71564737955725,11277.6,120.53235150087018,246.07045531293036
2024-06-11 09:38:05+00:00,NAC802,21.773505776615465,-71.71361287434894,11277.6,120.53235150087018,246.07045531293036
2024-06-11 09:38:06+00:00,NAC802,21.771829896054022,-71.71056111653644,11277.6,120.53235150087018,246.07045531293036
2024-06-11 09:38:07+00:00,NAC802,21.770736694335938,-71.70861261541194,11277.6,120.53235150087018,246.07045531293036
2024-06-11 09:38:08+00:00,NAC802,21.770107463254767,-71.70745849609375,11277.6,120.53235150087018,246.07045531293036
2024-06-11 09:38:09+00:00,NAC802,21.768897105071503,-71.70522054036456,11277.6,120.53235150087018,246.07045531293036
2024-06-11 09:38:10+00:00,NAC802,21.76771545410156,-71.70306951349431,11277.6,120.53235150087018,246.07045531293036
2024-06-11 09:38:11+00:00,NAC802,21.76661604541843,-71.70115152994788,11277.6,120.53235150087018,246.07045531293036
2024-06-11 09:38:12+00:00,NAC802,21.76494016485699,-71.69804890950519,11277.6,120.53235150087018,246.07045531293036
2024-06-11 09:38:13+00:00,NAC802,21.76387023925781,-71.6961281516335,11277.6,120.53235150087018,246.07045531293036
2024-06-11 09:38:14+00:00,NAC802,21.76332092285156,-71.69507945667613,11277.6,120.53235150087018,246.07045531293036
2024-06-11 09:38:15+00:00,NAC802,21.76226806640625,-71.693281693892,11277.6,120.53235150087018,246.07045531293036
2024-06-11 09:38:16+00:00,NAC802,21.760657358977756,-71.6903177897135,11277.6,120.53235150087018,246.07045531293036
2024-06-11 09:38:17+00:00,NAC802,21.75963320974576,-71.68843587239581,11277.6,120.53235150087018,246.07045531293036
2024-06-11 09:38:18+00:00,NAC802,21.75837629932468,-71.68619791666663,11277.6,120.53235150087018,246.07045531293036
2024-06-11 09:38:19+00:00,NAC802,21.75725904561705,-71.68416341145831,11277.6,120.53235150087018,246.07045531293036
2024-06-11 09:38:20+00:00,NAC802,21.756607314287606,-71.68294270833331,11277.6,120.53235150087018,246.07045531293036
2024-06-11 09:38:21+00:00,NAC802,21.755401611328125,-71.68079723011363,11277.6,120.53235150087018,246.07045531293036
2024-06-11 09:38:22+00:00,NAC802,21.754233150158896,-71.67861938476562,11277.6,120.53235150087018,246.07045531293036
2024-06-11 09:38:23+00:00,NAC802,21.75306701660156,-71.67650257457387,11277.6,120.53235150087018,246.07045531293036
2024-06-11 09:38:24+00:00,NAC802,21.751533120365465,-71.67373657226562,11277.6,120.53235150087018,246.07045531293036
2024-06-11 09:38:25+00:00,NAC802,21.75036931442002,-71.67170206705725,11277.6,120.53235150087018,246.07045531293036
2024-06-11 09:38:26+00:00,NAC802,21.74971758309057,-71.67048136393225,11277.6,120.53235150087018,246.07045531293036
2024-06-11 09:38:27+00:00,NAC802,21.748764038085938,-71.66871226917613,11277.6,120.6354175503028,246.33220416401525
2024-06-11 09:38:28+00:00,NAC802,21.74775695800781,-71.66686456853694,11277.6,120.6354175503028,246.33220416401525
2024-06-11 09:38:29+00:00,NAC802,21.74655203091896,-71.66473388671875,11277.6,120.6354175503028,246.33220416401525
2024-06-11 09:38:30+00:00,NAC802,21.745434777211333,-71.66269938151038,11277.6,120.53235150087018,246.07045531293036
2024-06-11 09:38:31+00:00,NAC802,21.74423217773437,-71.6605224609375,11277.6,120.53235150087018,246.07045531293036
2024-06-11 09:38:32+00:00,NAC802,21.743133544921875,-71.65847500887782,11277.6,120.53235150087018,246.07045531293036
2024-06-11 09:38:33+00:00,NAC802,21.741803702661542,-71.6561381022135,11277.6,120.53235150087018,246.07045531293036
2024-06-11 09:38:34+00:00,NAC802,21.74061584472656,-71.65398060191762,11277.6,120.53235150087018,246.07045531293036
2024-06-11 09:38:35+00:00,NAC802,21.73960876464844,-71.65213290127838,11277.6,120.53235150087018,246.07045531293036
2024-06-11 09:38:36+00:00,NAC802,21.738510131835938,-71.65013538707387,11277.6,120.53235150087018,246.07045531293036
2024-06-11 09:38:37+00:00,NAC802,21.737274169921875,-71.64788818359375,11277.6,120.53235150087018,246.07045531293036
2024-06-11 09:38:38+00:00,NAC802,21.73622131347656,-71.6460404829545,11277.6,120.53235150087018,246.07045531293036
2024-06-11 09:38:39+00:00,NAC802,21.735053628177965,-71.64388020833331,11277.6,120.53235150087018,246.07045531293036
2024-06-11 09:38:40+00:00,NAC802,21.733843269994704,-71.64164225260413,11277.6,120.53235150087018,246.07045531293036
2024-06-11 09:38:41+00:00,NAC802,21.732742309570312,-71.63969837535512,11277.6,120.53235150087018,246.07045531293036
2024-06-11 09:38:42+00:00,NAC802,21.73150634765625,-71.637451171875,11277.6,120.53235150087018,246.07045531293036
2024-06-11 09:38:43+00:00,NAC802,21.73091047901218,-71.63630167643225,11277.6,120.53235150087018,246.07045531293036
2024-06-11 09:38:44+00:00,NAC802,21.729793225304554,-71.63426717122394,11277.6,120.53235150087018,246.07045531293036
2024-06-11 09:38:45+00:00,NAC802,21.728256225585938,-71.63150856711644,11277.6,120.53235150087018,246.07045531293036
2024-06-11 09:38:46+00:00,NAC802,21.72711181640625,-71.62946111505681,11277.6,120.53235150087018,246.07045531293036
2024-06-11 09:38:47+00:00,NAC802,21.72606904627913,-71.62750244140625,11277.6,120.53235150087018,246.07045531293036
2024-06-11 09:38:48+00:00,NAC802,21.72454833984375,-71.62476695667613,11277.6,120.53235150087018,246.07045531293036
2024-06-11 09:38:49+00:00,NAC802,21.7239990234375,-71.62371826171875,11277.6,120.53235150087018,246.07045531293036
2024-06-11 09:38:50+00:00,NAC802,21.72271728515625,-71.62147105823863,11277.6,120.53235150087018,246.07045531293036
2024-06-11 09:38:51+00:00,NAC802,21.72161865234375,-71.61942360617894,11277.6,120.53235150087018,246.07045531293036
2024-06-11 09:38:52+00:00,NAC802,21.720436225503175,-71.61727905273438,11277.6,120.53235150087018,246.07045531293036
2024-06-11 09:38:53+00:00,NAC802,21.71937561035156,-71.61537863991475,11277.6,120.53235150087018,246.07045531293036
2024-06-11 09:38:54+00:00,NAC802,21.7181396484375,-71.61313143643463,11277.6,120.53235150087018,246.07045531293036
2024-06-11 09:38:55+00:00,NAC802,21.71699523925781,-71.611083984375,11277.6,120.53235150087018,246.07045531293036
2024-06-11 09:38:56+00:00,NAC802,21.71592065843485,-71.609141031901,11277.6,120.53235150087018,246.07045531293036
2024-06-11 09:38:57+00:00,NAC802,21.71466374801377,-71.60685221354163,11277.6,120.53235150087018,246.07045531293036
2024-06-11 09:38:58+00:00,NAC802,21.71351623535156,-71.60474187677556,11277.6,120.53235150087018,246.07045531293036
2024-06-11 09:38:59+00:00,NAC802,21.71246337890625,-71.60289417613637,11277.6,120.53235150087018,246.07045531293036
2024-06-11 09:39:00+00:00,NAC802,21.711544748079977,-71.60115559895831,11277.6,120.53235150087018,246.07045531293036
2024-06-11 09:39:01+00:00,NAC802,21.71054077148437,-71.59939852627838,11277.6,120.53235150087018,246.07045531293036
2024-06-11 09:39:03+00:00,NAC802,21.708611957097457,-71.59581502278644,11277.6,120.53235150087018,246.07045531293036
2024-06-11 09:39:04+00:00,NAC802,21.706796419822563,-71.59255981445312,11277.6,120.53235150087018,246.07045531293036
2024-06-11 09:39:05+00:00,NAC802,21.705679166114937,-71.59052530924475,11277.6,120.53235150087018,246.07045531293036
2024-06-11 09:39:06+00:00,NAC802,21.705073987023304,-71.58950805664062,11277.6,120.53235150087018,246.07045531293036
2024-06-11 09:39:08+00:00,NAC802,21.703305001986227,-71.58620198567706,11277.6,120.53235150087018,246.07045531293036
2024-06-11 09:39:09+00:00,NAC802,21.70152282714844,-71.58306884765625,11277.6,120.53235150087018,246.07045531293036
2024-06-11 09:39:10+00:00,NAC802,21.700372211003707,-71.58091227213538,11277.6,120.53235150087018,246.07045531293036
2024-06-11 09:39:11+00:00,NAC802,21.69920840505826,-71.57887776692706,11277.6,120.53235150087018,246.07045531293036
2024-06-11 09:39:13+00:00,NAC802,21.697036743164062,-71.57487903941762,11277.6,120.6354175503028,246.33220416401525
2024-06-11 09:39:14+00:00,NAC802,21.695949748411017,-71.57292683919269,11277.6,120.6354175503028,246.33220416401525
2024-06-11 09:39:15+00:00,NAC802,21.694832494703387,-71.57089233398438,11277.6,120.6354175503028,246.33220416401525
2024-06-11 09:39:16+00:00,NAC802,21.69311006190413,-71.56784057617188,11277.6,120.6354175503028,246.33220416401525
2024-06-11 09:39:17+00:00,NAC802,21.692642211914062,-71.56688898259944,11277.6,120.6354175503028,246.33220416401525
2024-06-11 09:39:18+00:00,NAC802,21.69158935546875,-71.56504128196019,11277.6,120.6354175503028,246.33220416401525
2024-06-11 09:39:19+00:00,NAC802,21.690353393554688,-71.56279407848012,11277.6,120.6354175503028,246.33220416401525
2024-06-11 09:39:20+00:00,NAC802,21.68865966796875,-71.55974786931819,11277.6,120.6354175503028,246.33220416401525
2024-06-11 09:39:21+00:00,NAC802,21.68761689784163,-71.55782063802081,11277.6,120.6354175503028,246.33220416401525
2024-06-11 09:39:22+00:00,NAC802,21.68641662597656,-71.55565296519887,11277.6,120.6354175503028,246.33220416401525
2024-06-11 09:39:23+00:00,NAC802,21.68589446504237,-71.55471801757812,11277.6,120.6354175503028,246.33220416401525
2024-06-11 09:39:24+00:00,NAC802,21.68417358398437,-71.5515580610795,11277.6,120.6354175503028,246.33220416401525
2024-06-11 09:39:25+00:00,NAC802,21.683029174804688,-71.54951060901988,11277.6,120.6354175503028,246.33220416401525
2024-06-11 09:39:26+00:00,NAC802,21.68247985839844,-71.5484619140625,11277.6,120.6354175503028,246.33220416401525
2024-06-11 09:39:27+00:00,NAC802,21.6807271666446,-71.54530843098956,11277.6,120.6354175503028,246.33220416401525
2024-06-11 09:39:28+00:00,NAC802,21.67947025622352,-71.54307047526038,11277.6,120.6354175503028,246.33220416401525
2024-06-11 09:39:29+00:00,NAC802,21.67840576171875,-71.54112104936075,11277.6,120.6354175503028,246.33220416401525
2024-06-11 09:39:30+00:00,NAC802,21.67742195775953,-71.53940836588538,11277.6,120.6354175503028,246.33220416401525
2024-06-11 09:39:31+00:00,NAC802,21.676803588867188,-71.53827459161931,11277.6,120.6354175503028,246.33220416401525
2024-06-11 09:39:32+00:00,NAC802,21.67518745034428,-71.5352884928385,11277.6,120.6354175503028,246.33220416401525
2024-06-11 09:39:33+00:00,NAC802,21.674023644398837,-71.53325398763019,11277.6,120.6354175503028,246.33220416401525
2024-06-11 09:39:34+00:00,NAC802,21.673416137695312,-71.53213223544032,11277.6,120.6354175503028,246.33220416401525
2024-06-11 09:39:35+00:00,NAC802,21.67155637579449,-71.52872721354163,11277.6,120.6354175503028,246.33220416401525
2024-06-11 09:39:36+00:00,NAC802,21.670486450195312,-71.52678888494319,11277.6,120.6354175503028,246.33220416401525
2024-06-11 09:39:37+00:00,NAC802,21.67002868652344,-71.52598987926137,11277.6,120.6354175503028,246.33220416401525
2024-06-11 09:39:38+00:00,NAC802,21.66839082362288,-71.52303059895831,11277.6,120.6354175503028,246.33220416401525
2024-06-11 09:39:39+00:00,NAC802,21.667273569915253,-71.52099609375,11277.6,120.6354175503028,246.33220416401525
2024-06-11 09:39:40+00:00,NAC802,21.666091918945312,-71.518798828125,11277.6,120.6354175503028,246.33220416401525
2024-06-11 09:39:41+00:00,NAC802,21.665084838867188,-71.51700106534088,11277.6,120.57455271851724,246.7749850113242
2024-06-11 09:39:42+00:00,NAC802,21.663803100585938,-71.51470392400569,11277.6,120.57455271851724,246.7749850113242
2024-06-11 09:39:43+00:00,NAC802,21.662851107322563,-71.51301066080725,11277.6,120.57455271851724,246.7749850113242
2024-06-11 09:39:44+00:00,NAC802,21.662199375993115,-71.51173909505206,11277.6,120.57455271851724,246.7749850113242
2024-06-11 09:39:45+00:00,NAC802,21.660942465572035,-71.50950113932288,11277.6,120.57455271851724,246.7749850113242
2024-06-11 09:39:46+00:00,NAC802,21.659088134765625,-71.50611461292613,11277.6,120.57455271851724,246.7749850113242
2024-06-11 09:39:47+00:00,NAC802,21.65785217285156,-71.503867409446,11277.6,120.57455271851724,246.7749850113242
2024-06-11 09:39:48+00:00,NAC802,21.6566596596928,-71.501719156901,11277.6,120.57455271851724,246.7749850113242
2024-06-11 09:39:49+00:00,NAC802,21.656194137314618,-71.50090535481769,11277.6,120.57455271851724,246.7749850113242
2024-06-11 09:39:50+00:00,NAC802,21.65507688360699,-71.49887084960938,11277.6,120.57455271851724,246.7749850113242
2024-06-11 09:39:52+00:00,NAC802,21.65277099609375,-71.49467884410512,11277.6,120.57455271851724,246.7749850113242
2024-06-11 09:39:53+00:00,NAC802,21.6514892578125,-71.492431640625,11277.6,120.57455271851724,246.7749850113242
2024-06-11 09:39:54+00:00,NAC802,21.65032855534957,-71.49027506510413,11277.6,120.57455271851724,246.7749850113242
2024-06-11 09:39:55+00:00,NAC802,21.649703979492188,-71.4891357421875,11277.6,120.57455271851724,246.7749850113242
2024-06-11 09:39:56+00:00,NAC802,21.64907164492849,-71.488037109375,11277.6,120.57455271851724,246.7749850113242
2024-06-11 09:39:57+00:00,NAC802,21.647861286745236,-71.48574829101562,11277.6,120.57455271851724,246.7749850113242
2024-06-11 09:39:58+00:00,NAC802,21.64548712261653,-71.48147583007812,11277.6,120.57455271851724,246.7749850113242
2024-06-11 09:39:59+00:00,NAC802,21.64439392089844,-71.47949773615056,11277.6,120.57455271851724,246.7749850113242
2024-06-11 09:40:00+00:00,NAC802,21.64315795898437,-71.47725053267044,11277.6,120.57455271851724,246.7749850113242
2024-06-11 09:40:02+00:00,NAC802,21.64194915254237,-71.47511800130206,11277.6,120.57455271851724,246.7749850113242
2024-06-11 09:40:03+00:00,NAC802,21.64031982421875,-71.47215687144887,11277.6,120.57455271851724,246.7749850113242
2024-06-11 09:40:04+00:00,NAC802,21.63922119140625,-71.47010941938919,11277.6,120.57455271851724,246.7749850113242
2024-06-11 09:40:05+00:00,NAC802,21.63803876456568,-71.46794637044269,11277.6,120.57455271851724,246.7749850113242
2024-06-11 09:40:06+00:00,NAC802,21.6368408203125,-71.46581476384944,11277.6,120.57455271851724,246.7749850113242
2024-06-11 09:40:07+00:00,NAC802,21.635664600436968,-71.46367390950519,11277.6,120.57455271851724,246.7749850113242
2024-06-11 09:40:08+00:00,NAC802,21.63514709472656,-71.46271861683238,11277.6,120.57455271851724,246.7749850113242
2024-06-11 09:40:09+00:00,NAC802,21.633544921875,-71.45987215909088,11277.6,120.57455271851724,246.7749850113242
2024-06-11 09:40:10+00:00,NAC802,21.632400512695312,-71.45782470703125,11277.6,120.57455271851724,246.7749850113242
2024-06-11 09:40:11+00:00,NAC802,21.630844116210938,-71.45497824928975,11277.6,120.57455271851724,246.7749850113242
2024-06-11 09:40:12+00:00,NAC802,21.62983703613281,-71.45313054865056,11285.22,120.57455271851724,246.7749850113242
2024-06-11 09:40:13+00:00,NAC802,21.62933349609375,-71.45217895507812,11285.22,120.57455271851724,246.7749850113242
2024-06-11 09:40:14+00:00,NAC802,21.62807658567267,-71.44994099934894,11277.6,120.57455271851724,246.7749850113242
2024-06-11 09:40:15+00:00,NAC802,21.626541137695312,-71.447187943892,11277.6,120.57455271851724,246.7749850113242
2024-06-11 09:40:16+00:00,NAC802,21.62530517578125,-71.44494074041194,11285.22,120.57455271851724,246.7749850113242
2024-06-11 09:40:17+00:00,NAC802,21.624069213867188,-71.44269353693181,11285.22,120.57455271851724,246.7749850113242
2024-06-11 09:40:18+00:00,NAC802,21.623421361890887,-71.44154866536456,11285.22,120.57455271851724,246.7749850113242
2024-06-11 09:40:19+00:00,NAC802,21.62237548828125,-71.43959738991475,11285.22,120.57455271851724,246.7749850113242
2024-06-11 09:40:20+00:00,NAC802,21.621186854475635,-71.43747965494788,11285.22,120.57455271851724,246.7749850113242
2024-06-11 09:40:21+00:00,NAC802,21.620086669921875,-71.43550248579544,11285.22,120.57455271851724,246.7749850113242
2024-06-11 09:40:22+00:00,NAC802,21.618440272444385,-71.43254597981769,11285.22,120.57455271851724,246.7749850113242
2024-06-11 09:40:23+00:00,NAC802,21.617416123212397,-71.43071492513019,11285.22,120.57455271851724,246.7749850113242
2024-06-11 09:40:24+00:00,NAC802,21.616378784179688,-71.42876087535512,11285.22,120.57455271851724,246.7749850113242
2024-06-11 09:40:25+00:00,NAC802,21.615234375,-71.42671342329544,11285.22,120.57455271851724,246.7749850113242
2024-06-11 09:40:26+00:00,NAC802,21.614089965820312,-71.42466597123575,11285.22,120.57455271851724,246.7749850113242
2024-06-11 09:40:27+00:00,NAC802,21.61304021285752,-71.4227294921875,11285.22,120.57455271851724,246.7749850113242
2024-06-11 09:40:28+00:00,NAC802,21.61170959472656,-71.420371315696,11285.22,120.57455271851724,246.7749850113242
2024-06-11 09:40:29+00:00,NAC802,21.61052639201536,-71.41820271809894,11285.22,120.57455271851724,246.7749850113242
2024-06-11 09:40:30+00:00,NAC802,21.60992431640625,-71.4170754172585,11285.22,120.57455271851724,246.7749850113242
2024-06-11 09:40:31+00:00,NAC802,21.60877990722656,-71.41502796519887,11277.6,120.57455271851724,246.7749850113242
2024-06-11 09:40:32+00:00,NAC802,21.607686705508478,-71.41311645507812,11277.6,120.57455271851724,246.7749850113242
2024-06-11 09:40:33+00:00,NAC802,21.606010824947035,-71.41001383463538,11285.22,120.57455271851724,246.7749850113242
2024-06-11 09:40:34+00:00,NAC802,21.60484313964844,-71.40788685191762,11277.6,120.57455271851724,246.7749850113242
2024-06-11 09:40:35+00:00,NAC802,21.603869422007413,-71.40614827473956,11285.22,120.57455271851724,246.7749850113242
2024-06-11 09:40:36+00:00,NAC802,21.603403899629235,-71.40533447265625,11285.22,120.57455271851724,246.7749850113242
2024-06-11 09:40:37+00:00,NAC802,21.601638793945312,-71.4021439985795,11285.22,120.57455271851724,246.7749850113242
2024-06-11 09:40:38+00:00,NAC802,21.60054016113281,-71.40009654651988,11285.22,120.57455271851724,246.7749850113242
2024-06-11 09:40:39+00:00,NAC802,21.59935385493909,-71.39790852864581,11285.22,120.57455271851724,246.7749850113242
2024-06-11 09:40:40+00:00,NAC802,21.598190048993644,-71.3958740234375,11285.22,120.51390597952027,247.21804333752573
2024-06-11 09:40:41+00:00,NAC802,21.596923828125,-71.39350474964488,11285.22,120.51390597952027,247.21804333752573
2024-06-11 09:40:42+00:00,NAC802,21.596281407243115,-71.39241536458331,11285.22,120.41108126712538,246.9572333851461
2024-06-11 09:40:43+00:00,NAC802,21.59525725801112,-71.39053344726562,11285.22,120.41108126712538,246.9572333851461
2024-06-11 09:40:44+00:00,NAC802,21.594279661016948,-71.38870239257812,11285.22,120.41108126712538,246.9572333851461
2024-06-11 09:40:45+00:00,NAC802,21.592929646120236,-71.38626098632812,11285.22,120.41108126712538,246.9572333851461
2024-06-11 09:40:46+00:00,NAC802,21.591346870034428,-71.38336181640625,11285.22,120.41108126712538,246.9572333851461
2024-06-11 09:40:47+00:00,NAC802,21.59014892578125,-71.38122003728694,11285.22,120.51390597952027,247.21804333752573
2024-06-11 09:40:48+00:00,NAC802,21.58953133275953,-71.38010660807288,11285.22,120.51390597952027,247.21804333752573
2024-06-11 09:40:49+00:00,NAC802,21.58831787109375,-71.37792413884944,11285.22,120.57455271851724,246.7749850113242
2024-06-11 09:40:50+00:00,NAC802,21.58725027310646,-71.375986735026,11285.22,120.57455271851724,246.7749850113242
2024-06-11 09:40:51+00:00,NAC802,21.5859375,-71.37362948330963,11285.22,120.67728002179643,247.0370586834833
2024-06-11 09:40:52+00:00,NAC802,21.58534163135593,-71.37252807617188,11285.22,120.67728002179643,247.0370586834833
2024-06-11 09:40:53+00:00,NAC802,21.583293332891948,-71.36881510416663,11285.22,120.67728002179643,247.0370586834833
2024-06-11 09:40:54+00:00,NAC802,21.582778930664062,-71.36788662997157,11285.22,120.67728002179643,247.0370586834833
2024-06-11 09:40:55+00:00,NAC802,21.58157090009269,-71.36576334635413,11285.22,120.67728002179643,247.0370586834833
2024-06-11 09:40:56+00:00,NAC802,21.580546750860695,-71.36388142903644,11285.22,120.77978926716052,247.29992479556591
2024-06-11 09:40:57+00:00,NAC802,21.578963974774894,-71.36103312174475,11285.22,120.77978926716052,247.29992479556591
2024-06-11 09:40:58+00:00,NAC802,21.577707064353813,-71.35879516601562,11285.22,120.77978926716052,247.29992479556591
2024-06-11 09:40:59+00:00,NAC802,21.577056884765625,-71.35764936967325,11285.22,120.77978926716052,247.29992479556591
2024-06-11 09:41:00+00:00,NAC802,21.57589152707892,-71.35548909505206,11285.22,120.77978926716052,247.29992479556591
2024-06-11 09:41:01+00:00,NAC802,21.57490539550781,-71.35375421697444,11285.22,120.77978926716052,247.29992479556591
2024-06-11 09:41:02+00:00,NAC802,21.57362365722656,-71.35150701349431,11285.22,120.77978926716052,247.29992479556591
2024-06-11 09:41:03+00:00,NAC802,21.5724466614804,-71.34938557942706,11285.22,120.77978926716052,247.29992479556591
2024-06-11 09:41:04+00:00,NAC802,21.570785522460938,-71.34641335227269,11277.6,120.77978926716052,247.29992479556591
2024-06-11 09:41:05+00:00,NAC802,21.570236206054688,-71.34536465731532,11277.6,120.77978926716052,247.29992479556591
2024-06-11 09:41:06+00:00,NAC802,21.56890869140625,-71.343027750651,11277.6,120.77978926716052,247.29992479556591
2024-06-11 09:41:07+00:00,NAC802,21.567744885460804,-71.34099324544269,11277.6,120.77978926716052,247.29992479556591
2024-06-11 09:41:08+00:00,NAC802,21.56634521484375,-71.3384232954545,11277.6,120.77978926716052,247.29992479556591
2024-06-11 09:41:09+00:00,NAC802,21.565887451171875,-71.33757435191762,11277.6,120.77978926716052,247.29992479556591
2024-06-11 09:41:10+00:00,NAC802,21.56382751464844,-71.33392888849431,11277.6,120.77978926716052,247.29992479556591
2024-06-11 09:41:11+00:00,NAC802,21.562911987304688,-71.33228093927556,11277.6,120.77978926716052,247.29992479556591
2024-06-11 09:41:12+00:00,NAC802,21.562225341796875,-71.33103249289769,11277.6,120.77978926716052,247.29992479556591
2024-06-11 09:41:13+00:00,NAC802,21.560948258739405,-71.32868448893225,11277.6,120.77978926716052,247.29992479556591
2024-06-11 09:41:14+00:00,NAC802,21.559844970703125,-71.32673783735794,11277.6,120.77978926716052,247.29992479556591
2024-06-11 09:41:15+00:00,NAC802,21.558667199086333,-71.32456461588538,11277.6,120.77978926716052,247.29992479556591
2024-06-11 09:41:16+00:00,NAC802,21.55746459960937,-71.32244318181819,11277.6,120.77978926716052,247.29992479556591
2024-06-11 09:41:17+00:00,NAC802,21.556246482719807,-71.32029215494788,11277.6,120.77978926716052,247.29992479556591
2024-06-11 09:41:18+00:00,NAC802,21.55503845214844,-71.31814852627838,11277.6,120.77978926716052,247.29992479556591
2024-06-11 09:41:19+00:00,NAC802,21.55389404296875,-71.31605113636363,11277.6,120.77978926716052,247.29992479556591
2024-06-11 09:41:20+00:00,NAC802,21.552886962890625,-71.3142533735795,11277.6,120.77978926716052,247.29992479556591
2024-06-11 09:41:21+00:00,NAC802,21.551684363413663,-71.31210327148438,11277.6,120.77978926716052,247.29992479556591
2024-06-11 09:41:22+00:00,NAC802,21.55059814453125,-71.31015846946019,11277.6,120.77978926716052,247.29992479556591
2024-06-11 09:41:23+00:00,NAC802,21.548937781382413,-71.30716959635413,11277.6,120.77978926716052,247.29992479556591
2024-06-11 09:41:24+00:00,NAC802,21.548286050052965,-71.30594889322913,11277.6,120.77978926716052,247.29992479556591
2024-06-11 09:41:25+00:00,NAC802,21.54726190082097,-71.30406697591144,11277.6,120.7189042640292,247.74204432874944
2024-06-11 09:41:26+00:00,NAC802,21.546157836914062,-71.30211847478694,11277.6,120.7189042640292,247.74204432874944
2024-06-11 09:41:27+00:00,NAC802,21.544980841167902,-71.29999796549475,11277.6,120.7189042640292,247.74204432874944
2024-06-11 09:41:28+00:00,NAC802,21.543777465820312,-71.29782381924713,11277.6,120.61651363498775,247.47964782438623
2024-06-11 09:41:29+00:00,NAC802,21.542141154661017,-71.29486083984375,11277.6,120.61651363498775,247.47964782438623
2024-06-11 09:41:30+00:00,NAC802,21.541535975569385,-71.29384358723956,11277.6,120.61651363498775,247.47964782438623
2024-06-11 09:41:31+00:00,NAC802,21.54048156738281,-71.29188121448863,11277.6,120.61651363498775,247.47964782438623
2024-06-11 09:41:32+00:00,NAC802,21.53930146815413,-71.28972371419269,11277.6,120.61651363498775,247.47964782438623
2024-06-11 09:41:33+00:00,NAC802,21.538137662208687,-71.28768920898438,11277.6,120.61651363498775,247.47964782438623
2024-06-11 09:41:34+00:00,NAC802,21.537020408501057,-71.285654703776,11277.6,120.7189042640292,247.74204432874944
2024-06-11 09:41:35+00:00,NAC802,21.53521728515625,-71.28244295987213,11277.6,120.7189042640292,247.74204432874944
2024-06-11 09:41:36+00:00,NAC802,21.53459969213453,-71.28133138020831,11277.6,120.7189042640292,247.74204432874944
2024-06-11 09:41:37+00:00,NAC802,21.533523559570312,-71.27939675071019,11277.6,120.7189042640292,247.74204432874944
2024-06-11 09:41:38+00:00,NAC802,21.532458289194917,-71.27741495768225,11277.6,120.7189042640292,247.74204432874944
2024-06-11 09:41:39+00:00,NAC802,21.531294483249468,-71.27538045247394,11277.6,120.7189042640292,247.74204432874944
2024-06-11 09:41:40+00:00,NAC802,21.52961860268803,-71.27227783203125,11277.6,120.7189042640292,247.74204432874944
2024-06-11 09:41:49+00:00,NAC802,21.51997375488281,-71.2549272017045,11277.6,120.61651363498775,247.47964782438623
2024-06-11 09:41:50+00:00,NAC802,21.518829345703125,-71.25287974964488,11277.6,120.61651363498775,247.47964782438623
2024-06-11 09:41:51+00:00,NAC802,21.517730712890625,-71.25083229758523,11277.6,120.61651363498775,247.47964782438623
2024-06-11 09:41:52+00:00,NAC802,21.516586303710938,-71.24878484552558,11277.6,120.7189042640292,247.74204432874944
2024-06-11 09:41:53+00:00,NAC802,21.515899658203125,-71.24753639914773,11277.6,120.7189042640292,247.74204432874944
2024-06-11 09:41:54+00:00,NAC802,21.515280513440143,-71.24643961588538,11277.6,120.7189042640292,247.74204432874944
2024-06-11 09:41:56+00:00,NAC802,21.51283264160156,-71.24199329723012,11277.6,120.7189042640292,247.74204432874944
2024-06-11 09:41:57+00:00,NAC802,21.510543823242188,-71.23789839311075,11277.6,120.7189042640292,247.74204432874944
2024-06-11 09:41:58+00:00,NAC802,21.509321826999468,-71.23575846354163,11277.6,120.7189042640292,247.74204432874944
2024-06-11 09:41:59+00:00,NAC802,21.50820457329184,-71.23367309570312,11277.6,120.7189042640292,247.74204432874944
2024-06-11 09:42:00+00:00,NAC802,21.50764594643803,-71.23265584309894,11277.6,120.65823625230152,248.18444261827085
2024-06-11 09:42:01+00:00,NAC802,21.5070407673464,-71.23163859049475,11285.22,120.65823625230152,248.18444261827085
2024-06-11 09:42:02+00:00,NAC802,21.50578385692532,-71.22934977213538,11277.6,120.65823625230152,248.18444261827085
2024-06-11 09:42:03+00:00,NAC802,21.503968319650426,-71.22609456380206,11277.6,120.65823625230152,248.18444261827085
2024-06-11 09:42:04+00:00,NAC802,21.502670288085938,-71.2237160422585,11277.6,120.65823625230152,248.18444261827085
2024-06-11 09:42:06+00:00,NAC802,21.500895871954448,-71.22055053710938,11277.6,120.65823625230152,248.18444261827085
2024-06-11 09:42:07+00:00,NAC802,21.500337245100635,-71.21953328450519,11277.6,120.65823625230152,248.18444261827085
2024-06-11 09:42:08+00:00,NAC802,21.49791652873411,-71.2152099609375,11277.6,120.65823625230152,248.18444261827085
2024-06-11 09:42:09+00:00,NAC802,21.49671936035156,-71.21302934126419,11277.6,120.65823625230152,248.18444261827085
2024-06-11 09:42:10+00:00,NAC802,21.496100991459212,-71.21190388997394,11277.6,120.65823625230152,248.18444261827085
2024-06-11 09:42:11+00:00,NAC802,21.49498373775159,-71.20986938476562,11277.6,120.65823625230152,248.18444261827085
2024-06-11 09:42:12+00:00,NAC802,21.493819931806144,-71.20778401692706,11277.6,120.65823625230152,248.18444261827085
2024-06-11 09:42:13+00:00,NAC802,21.49270267809852,-71.20574951171875,11277.6,120.65823625230152,248.18444261827085
2024-06-11 09:42:14+00:00,NAC802,21.4921875,-71.20483953302556,11277.6,120.65823625230152,248.18444261827085
2024-06-11 09:42:15+00:00,NAC802,21.4903564453125,-71.20154363458806,11277.6,120.65823625230152,248.18444261827085
2024-06-11 09:42:16+00:00,NAC802,21.4892578125,-71.1995951334635,11277.6,120.65823625230152,248.18444261827085
2024-06-11 09:42:17+00:00,NAC802,21.488094006554554,-71.197509765625,11277.6,120.65823625230152,248.18444261827085
2024-06-11 09:42:18+00:00,NAC802,21.48715209960937,-71.19580078125,11277.6,120.65823625230152,248.18444261827085
2024-06-11 09:42:19+00:00,NAC802,21.48548708123676,-71.19277954101562,11277.6,120.65823625230152,248.18444261827085
2024-06-11 09:42:20+00:00,NAC802,21.484928454382946,-71.19176228841144,11277.6,120.65823625230152,248.18444261827085
2024-06-11 09:42:21+00:00,NAC802,21.483904305150958,-71.18993123372394,11277.6,120.65823625230152,248.18444261827085
2024-06-11 09:42:22+00:00,NAC802,21.48274049920551,-71.18789672851562,11277.6,120.65823625230152,248.18444261827085
2024-06-11 09:42:23+00:00,NAC802,21.48162324549788,-71.18581136067706,11277.6,120.65823625230152,248.18444261827085
2024-06-11 09:42:24+00:00,NAC802,21.479965209960938,-71.18281693892044,11277.6,120.65823625230152,248.18444261827085
2024-06-11 09:42:25+00:00,NAC802,21.479342185844807,-71.18169148763019,11277.6,120.65823625230152,248.18444261827085
2024-06-11 09:42:26+00:00,NAC802,21.47738699185646,-71.17818196614581,11277.6,120.65823625230152,248.18444261827085
2024-06-11 09:42:27+00:00,NAC802,21.476362842624468,-71.17635091145831,11277.6,120.65823625230152,248.18444261827085
2024-06-11 09:42:28+00:00,NAC802,21.47580421577065,-71.17533365885413,11277.6,120.65823625230152,248.18444261827085
2024-06-11 09:42:29+00:00,NAC802,21.47470092773437,-71.17337868430394,11277.6,120.65823625230152,248.18444261827085
2024-06-11 09:42:30+00:00,NAC802,21.47300720214844,-71.17028253728694,11277.6,120.65823625230152,248.18444261827085
2024-06-11 09:42:31+00:00,NAC802,21.47186279296875,-71.16823508522725,11277.6,120.65823625230152,248.18444261827085
2024-06-11 09:42:32+00:00,NAC802,21.470855712890625,-71.16638738458806,11277.6,120.65823625230152,248.18444261827085
2024-06-11 09:42:33+00:00,NAC802,21.470311051708155,-71.16546630859375,11277.6,120.65823625230152,248.18444261827085
2024-06-11 09:42:34+00:00,NAC802,21.46870422363281,-71.16249223188919,11277.6,120.65823625230152,248.18444261827085
2024-06-11 09:42:35+00:00,NAC802,21.46742248535156,-71.16019509055394,11277.6,120.65823625230152,248.18444261827085
2024-06-11 09:42:40+00:00,NAC802,21.462066650390625,-71.150557084517,11277.6,120.65823625230152,248.18444261827085
2024-06-11 09:42:41+00:00,NAC802,21.461093708620236,-71.14878336588538,11277.6,120.65823625230152,248.18444261827085
2024-06-11 09:42:42+00:00,NAC802,21.45991516113281,-71.14666193181819,11277.6,120.65823625230152,248.18444261827085
2024-06-11 09:42:43+00:00,NAC802,21.45871954449153,-71.14451090494788,11277.6,120.65823625230152,248.18444261827085
2024-06-11 09:42:44+00:00,NAC802,21.45771789550781,-71.14271684126419,11277.6,120.65823625230152,248.18444261827085
2024-06-11 09:42:45+00:00,NAC802,21.456710815429688,-71.140869140625,11277.6,120.76029226122564,248.44715998357844
2024-06-11 09:42:46+00:00,NAC802,21.455507440082098,-71.13876342773438,11277.6,120.76029226122564,248.44715998357844
2024-06-11 09:42:47+00:00,NAC802,21.45434363413665,-71.13667805989581,11277.6,120.82107790256164,248.0052303366848
2024-06-11 09:42:48+00:00,NAC802,21.453140258789062,-71.13452703302556,11277.6,120.82107790256164,248.0052303366848
2024-06-11 09:42:49+00:00,NAC802,21.451364290916317,-71.13133748372394,11277.6,120.82107790256164,248.0052303366848
2024-06-11 09:42:50+00:00,NAC802,21.4500732421875,-71.12898393110794,11277.6,120.82107790256164,248.0052303366848
2024-06-11 09:42:51+00:00,NAC802,21.449478149414062,-71.12793523615056,11277.6,120.82107790256164,248.0052303366848
2024-06-11 09:42:52+00:00,NAC802,21.44796597755561,-71.12518310546875,11277.6,120.82107790256164,248.0052303366848
2024-06-11 09:42:53+00:00,NAC802,21.44732666015625,-71.12404008345169,11285.22,120.82107790256164,248.0052303366848
2024-06-11 09:42:54+00:00,NAC802,21.44549560546875,-71.12079412286931,11285.22,120.82107790256164,248.0052303366848
2024-06-11 09:42:55+00:00,NAC802,21.444381455243644,-71.11882527669269,11277.6,120.82107790256164,248.0052303366848
2024-06-11 09:42:56+00:00,NAC802,21.44320678710937,-71.11669921875,11285.22,120.82107790256164,248.0052303366848
2024-06-11 09:42:57+00:00,NAC802,21.441925048828125,-71.11440207741475,11285.22,120.82107790256164,248.0052303366848
2024-06-11 09:42:58+00:00,NAC802,21.44146728515625,-71.11360307173294,11285.22,120.82107790256164,248.0052303366848
2024-06-11 09:42:59+00:00,NAC802,21.440231323242188,-71.11135586825282,11285.22,120.82107790256164,248.0052303366848
2024-06-11 09:43:00+00:00,NAC802,21.43958657474841,-71.1102294921875,11285.22,120.82107790256164,248.0052303366848
2024-06-11 09:43:01+00:00,NAC802,21.437864141949152,-71.10712687174475,11285.22,120.82107790256164,248.0052303366848
2024-06-11 09:43:02+00:00,NAC802,21.4364210225768,-71.10448201497394,11285.22,120.82107790256164,248.0052303366848
2024-06-11 09:43:03+00:00,NAC802,21.435117559917902,-71.10219319661456,11285.22,120.82107790256164,248.0052303366848
2024-06-11 09:43:04+00:00,NAC802,21.43469858977754,-71.10137939453125,11285.22,120.82107790256164,248.0052303366848
2024-06-11 09:43:05+00:00,NAC802,21.433135986328125,-71.09862171519887,11285.22,120.82107790256164,248.0052303366848
2024-06-11 09:43:06+00:00,NAC802,21.431900024414062,-71.09637451171875,11285.22,120.82107790256164,248.0052303366848
2024-06-11 09:43:07+00:00,NAC802,21.43069509732521,-71.09420776367188,11285.22,120.82107790256164,248.0052303366848
2024-06-11 09:43:08+00:00,NAC802,21.43008991823358,-71.09319051106769,11285.22,120.82107790256164,248.0052303366848
2024-06-11 09:43:09+00:00,NAC802,21.428507142147776,-71.09029134114581,11285.22,120.82107790256164,248.0052303366848
2024-06-11 09:43:10+00:00,NAC802,21.42780885858051,-71.08907063802081,11285.22,120.82107790256164,248.0052303366848
2024-06-11 09:43:11+00:00,NAC802,21.4266357421875,-71.08693625710225,11285.22,120.82107790256164,248.0052303366848
2024-06-11 09:43:12+00:00,NAC802,21.42549133300781,-71.08488880504262,11285.22,120.7189042640292,247.74204432874944
2024-06-11 09:43:13+00:00,NAC802,21.423805366128175,-71.08189900716144,11285.22,120.7189042640292,247.74204432874944
2024-06-11 09:43:14+00:00,NAC802,21.423153634798727,-71.08067830403644,11285.22,120.7189042640292,247.74204432874944
2024-06-11 09:43:15+00:00,NAC802,21.421371459960938,-71.07749800248575,11277.6,120.7189042640292,247.74204432874944
2024-06-11 09:43:16+00:00,NAC802,21.420913696289062,-71.07664905894887,11277.6,120.7189042640292,247.74204432874944
2024-06-11 09:43:17+00:00,NAC802,21.41947600801112,-71.07406616210938,11277.6,120.65823625230152,248.18444261827085
2024-06-11 09:43:18+00:00,NAC802,21.41839599609375,-71.07215465198863,11277.6,120.65823625230152,248.18444261827085
2024-06-11 09:43:19+00:00,NAC802,21.41696218716896,-71.069590250651,11277.6,120.65823625230152,248.18444261827085
2024-06-11 09:43:20+00:00,NAC802,21.415844933461333,-71.0675048828125,11277.6,120.65823625230152,248.18444261827085
2024-06-11 09:43:22+00:00,NAC802,21.41402939618644,-71.06424967447913,11277.6,120.65823625230152,248.18444261827085
2024-06-11 09:43:23+00:00,NAC802,21.413406372070312,-71.06311590021306,11277.6,120.65823625230152,248.18444261827085
2024-06-11 09:43:24+00:00,NAC802,21.412261962890625,-71.06106844815338,11277.6,120.65823625230152,248.18444261827085
2024-06-11 09:43:25+00:00,NAC802,21.4110500529661,-71.05890909830725,11277.6,120.65823625230152,248.18444261827085
2024-06-11 09:43:26+00:00,NAC802,21.409881591796875,-71.0567238547585,11277.6,120.65823625230152,248.18444261827085
2024-06-11 09:43:28+00:00,NAC802,21.407512082891948,-71.05255126953125,11277.6,120.65823625230152,248.18444261827085
2024-06-11 09:43:29+00:00,NAC802,21.40648793365996,-71.0506693522135,11277.6,120.7189042640292,247.74204432874944
2024-06-11 09:43:30+00:00,NAC802,21.405303955078125,-71.04853404651988,11277.6,120.82107790256164,248.0052303366848
2024-06-11 09:43:36+00:00,NAC802,21.397922321901483,-71.03530883789062,11277.6,120.82107790256164,248.0052303366848
2024-06-11 09:43:37+00:00,NAC802,21.39683532714844,-71.03335293856532,11277.6,120.82107790256164,248.0052303366848
2024-06-11 09:43:39+00:00,NAC802,21.394546508789062,-71.029258034446,11277.6,120.82107790256164,248.0052303366848
2024-06-11 09:43:40+00:00,NAC802,21.39345330707097,-71.02732340494788,11277.6,120.82107790256164,248.0052303366848
2024-06-11 09:43:44+00:00,NAC802,21.388751531051376,-71.01888020833331,11277.6,120.7189042640292,247.74204432874944
2024-06-11 09:43:45+00:00,NAC802,21.38813781738281,-71.01777232776988,11277.6,120.7189042640292,247.74204432874944
2024-06-11 09:43:46+00:00,NAC802,21.387075650489937,-71.01582845052081,11277.6,120.7189042640292,247.74204432874944
2024-06-11 09:43:47+00:00,NAC802,21.385446322166317,-71.01292928059894,11277.6,120.7189042640292,247.74204432874944
2024-06-11 09:43:48+00:00,NAC802,21.384841918945312,-71.01182972301137,11277.6,120.7189042640292,247.74204432874944
2024-06-11 09:43:49+00:00,NAC802,21.383102416992188,-71.00873357599431,11277.6,120.7189042640292,247.74204432874944
2024-06-11 09:43:50+00:00,NAC802,21.381349725238348,-71.00555419921875,11277.6,120.82107790256164,248.0052303366848
2024-06-11 09:43:51+00:00,NAC802,21.380185919292902,-71.00351969401038,11277.6,120.82107790256164,248.0052303366848
2024-06-11 09:43:52+00:00,NAC802,21.37953418796345,-71.00229899088538,11277.6,120.82107790256164,248.0052303366848
2024-06-11 09:43:53+00:00,NAC802,21.378433227539062,-71.00034401633519,11277.6,120.82107790256164,248.0052303366848
2024-06-11 09:43:54+00:00,NAC802,21.37738037109375,-70.998496315696,11277.6,120.82107790256164,248.0052303366848
2024-06-11 09:43:55+00:00,NAC802,21.376322083554022,-70.99655151367188,11277.6,120.82107790256164,248.0052303366848
2024-06-11 09:43:56+00:00,NAC802,21.374599650754767,-70.99344889322913,11277.6,120.82107790256164,248.0052303366848
2024-06-11 09:43:58+00:00,NAC802,21.37294006347656,-70.99050625887782,11277.6,120.82107790256164,248.0052303366848
2024-06-11 09:43:59+00:00,NAC802,21.3717041015625,-70.98825905539769,11277.6,120.82107790256164,248.0052303366848
2024-06-11 09:44:00+00:00,NAC802,21.370651245117188,-70.9864113547585,11277.6,120.82107790256164,248.0052303366848
2024-06-11 09:44:01+00:00,NAC802,21.36933924788136,-70.98403930664062,11277.6,120.82107790256164,248.0052303366848
2024-06-11 09:44:02+00:00,NAC802,21.36808233746028,-70.98180135091144,11277.6,120.82107790256164,248.0052303366848
2024-06-11 09:44:03+00:00,NAC802,21.36752371060646,-70.98073323567706,11277.6,120.82107790256164,248.0052303366848
2024-06-11 09:44:04+00:00,NAC802,21.36561584472656,-70.97737260298294,11277.6,120.82107790256164,248.0052303366848
2024-06-11 09:44:05+00:00,NAC802,21.3650098897643,-70.97625732421875,11277.6,120.82107790256164,248.0052303366848
2024-06-11 09:44:06+00:00,NAC802,21.36338056144068,-70.97335815429688,11277.6,120.82107790256164,248.0052303366848
2024-06-11 09:44:07+00:00,NAC802,21.362777709960938,-70.97222900390625,11277.6,120.82107790256164,248.0052303366848
2024-06-11 09:44:08+00:00,NAC802,21.36103820800781,-70.96918279474431,11277.6,120.82107790256164,248.0052303366848
2024-06-11 09:44:09+00:00,NAC802,21.36048889160156,-70.96813409978694,11277.6,120.82107790256164,248.0052303366848
2024-06-11 09:44:10+00:00,NAC802,21.359207153320312,-70.96588689630681,11277.6,120.82107790256164,248.0052303366848
2024-06-11 09:44:11+00:00,NAC802,21.35802705409163,-70.9637451171875,11277.6,120.82107790256164,248.0052303366848
2024-06-11 09:44:12+00:00,NAC802,21.356689453125,-70.96139248934657,11277.6,120.82107790256164,248.0052303366848
2024-06-11 09:44:13+00:00,NAC802,21.356071860103285,-70.96023559570312,11277.6,120.82107790256164,248.0052303366848
2024-06-11 09:44:14+00:00,NAC802,21.3548583984375,-70.95809659090907,11277.6,120.82107790256164,248.0052303366848
2024-06-11 09:44:15+00:00,NAC802,21.353092516882946,-70.95489501953125,11277.6,120.82107790256164,248.0052303366848
2024-06-11 09:44:16+00:00,NAC802,21.35253389002913,-70.95387776692706,11277.6,120.82107790256164,248.0052303366848
2024-06-11 09:44:17+00:00,NAC802,21.351333618164062,-70.95175448330963,11277.6,120.82107790256164,248.0052303366848
2024-06-11 09:44:18+00:00,NAC802,21.34950256347656,-70.94845858487213,11277.6,120.82107790256164,248.0052303366848
2024-06-11 09:44:19+00:00,NAC802,21.348358154296875,-70.9464111328125,11277.6,120.7189042640292,247.74204432874944
2024-06-11 09:44:20+00:00,NAC802,21.347213745117188,-70.94436368075282,11277.6,120.7189042640292,247.74204432874944
2024-06-11 09:44:21+00:00,NAC802,21.346714860301905,-70.94345092773438,11277.6,120.7189042640292,247.74204432874944
2024-06-11 09:44:22+00:00,NAC802,21.34555105435646,-70.94136555989581,11277.6,120.7189042640292,247.74204432874944
2024-06-11 09:44:23+00:00,NAC802,21.34437561035156,-70.93922008167613,11277.6,120.7189042640292,247.74204432874944
2024-06-11 09:44:24+00:00,NAC802,21.343176890227756,-70.93709309895831,11277.6,120.7189042640292,247.74204432874944
2024-06-11 09:44:25+00:00,NAC802,21.34263610839844,-70.93617387251419,11277.6,120.7189042640292,247.74204432874944
2024-06-11 09:44:26+00:00,NAC802,21.340523412672137,-70.93236287434894,11277.6,120.7189042640292,247.74204432874944
2024-06-11 09:44:27+00:00,NAC802,21.33940615896451,-70.93032836914062,11277.6,120.7189042640292,247.74204432874944
2024-06-11 09:44:28+00:00,NAC802,21.338287353515625,-70.92838356711644,11277.6,120.7189042640292,247.74204432874944
2024-06-11 09:44:29+00:00,NAC802,21.3372802734375,-70.92653586647725,11277.6,120.7189042640292,247.74204432874944
2024-06-11 09:44:30+00:00,NAC802,21.336685180664062,-70.92548717151988,11277.6,120.7189042640292,247.74204432874944
2024-06-11 09:44:31+00:00,NAC802,21.334991455078125,-70.92244096235794,11277.6,120.82107790256164,248.0052303366848
2024-06-11 09:44:32+00:00,NAC802,21.33391299490201,-70.92046101888019,11277.6,120.82107790256164,248.0052303366848
2024-06-11 09:44:33+00:00,NAC802,21.33270263671875,-70.9182961203835,11277.6,120.82107790256164,248.0052303366848
2024-06-11 09:44:34+00:00,NAC802,21.331466674804688,-70.91604891690338,11277.6,120.82107790256164,248.0052303366848
2024-06-11 09:44:35+00:00,NAC802,21.33018493652344,-70.91380171342325,11277.6,120.82107790256164,248.0052303366848
2024-06-11 09:44:36+00:00,NAC802,21.329177856445312,-70.91195401278407,11277.6,120.82107790256164,248.0052303366848
2024-06-11 09:44:37+00:00,NAC802,21.328093965174787,-70.9100341796875,11277.6,120.82107790256164,248.0052303366848
2024-06-11 09:44:38+00:00,NAC802,21.327438354492188,-70.90890780362213,11277.6,120.82107790256164,248.0052303366848
2024-06-11 09:44:39+00:00,NAC802,21.32637153237553,-70.90693155924475,11277.6,120.82107790256164,248.0052303366848
2024-06-11 09:44:40+00:00,NAC802,21.324742204051905,-70.90408325195312,11277.6,120.82107790256164,248.0052303366848
2024-06-11 09:44:41+00:00,NAC802,21.32368469238281,-70.90211625532669,11277.6,120.82107790256164,248.0052303366848
2024-06-11 09:44:42+00:00,NAC802,21.322540283203125,-70.900068803267,11277.6,120.82107790256164,248.0052303366848
2024-06-11 09:44:43+00:00,NAC802,21.32135009765625,-70.89802135120738,11277.6,120.82107790256164,248.0052303366848
2024-06-11 09:44:44+00:00,NAC802,21.319656372070312,-70.89497514204544,11277.6,120.82107790256164,248.0052303366848
2024-06-11 09:44:45+00:00,NAC802,21.3189697265625,-70.89372669566762,11277.6,120.82107790256164,248.0052303366848
2024-06-11 09:44:46+00:00,NAC802,21.317759368379235,-70.89157104492188,11277.6,120.82107790256164,248.0052303366848
2024-06-11 09:44:47+00:00,NAC802,21.31654357910156,-70.88943204012782,11277.6,120.82107790256164,248.0052303366848
2024-06-11 09:44:48+00:00,NAC802,21.31538520425053,-70.88729858398438,11277.6,120.82107790256164,248.0052303366848
2024-06-11 09:44:49+00:00,NAC802,21.31439208984375,-70.88553688742894,11277.6,120.82107790256164,248.0052303366848
2024-06-11 09:44:50+00:00,NAC802,21.31319724907309,-70.88338216145831,11277.6,120.82107790256164,248.0052303366848
2024-06-11 09:44:51+00:00,NAC802,21.31196594238281,-70.88124223188919,11277.6,120.82107790256164,248.0052303366848
2024-06-11 09:44:52+00:00,NAC802,21.31100929389565,-70.8795166015625,11277.6,120.82107790256164,248.0052303366848
2024-06-11 09:44:53+00:00,NAC802,21.309985144663663,-70.877685546875,11277.6,120.82107790256164,248.0052303366848
2024-06-11 09:44:54+00:00,NAC802,21.308761596679688,-70.87549937855113,11277.6,120.82107790256164,248.0052303366848
2024-06-11 09:44:55+00:00,NAC802,21.30706787109375,-70.87245316938919,11277.6,120.82107790256164,248.0052303366848
2024-06-11 09:44:56+00:00,NAC802,21.30644717458951,-70.87132771809894,11277.6,120.82107790256164,248.0052303366848
2024-06-11 09:44:57+00:00,NAC802,21.305283368644066,-70.86924235026038,11277.6,120.82107790256164,248.0052303366848
2024-06-11 09:44:58+00:00,NAC802,21.303955078125,-70.86691006747157,11277.6,120.82107790256164,248.0052303366848
2024-06-11 09:45:00+00:00,NAC802,21.301666259765625,-70.86281516335225,11277.6,120.82107790256164,248.0052303366848
2024-06-11 09:45:01+00:00,NAC802,21.300581592624468,-70.860850016276,11277.6,120.82107790256164,248.0052303366848
2024-06-11 09:45:02+00:00,NAC802,21.299324682203387,-70.85861206054688,11277.6,120.82107790256164,248.0052303366848
2024-06-11 09:45:04+00:00,NAC802,21.297088623046875,-70.85462535511363,11277.6,120.82107790256164,248.0052303366848
2024-06-11 09:45:05+00:00,NAC802,21.29585266113281,-70.8523781516335,11277.6,120.82107790256164,248.0052303366848
2024-06-11 09:45:06+00:00,NAC802,21.294762562897244,-70.85042317708331,11277.6,120.82107790256164,248.0052303366848
2024-06-11 09:45:07+00:00,NAC802,21.293505652476163,-70.84818522135413,11277.6,120.82107790256164,248.0052303366848
2024-06-11 09:45:08+00:00,NAC802,21.292248742055083,-70.845947265625,11277.6,120.82107790256164,248.0052303366848
2024-06-11 09:45:10+00:00,NAC802,21.290153891353285,-70.84223429361975,11277.6,120.82107790256164,248.0052303366848
2024-06-11 09:45:11+00:00,NAC802,21.28903663764565,-70.84019978841144,11277.6,120.82107790256164,248.0052303366848
2024-06-11 09:45:12+00:00,NAC802,21.28793334960937,-70.83824573863637,11277.6,120.82107790256164,248.0052303366848
2024-06-11 09:45:14+00:00,NAC802,21.28578186035156,-70.8343505859375,11277.6,120.82107790256164,248.0052303366848
2024-06-11 09:45:15+00:00,NAC802,21.284567622815143,-70.83221435546875,11277.6,120.82107790256164,248.0052303366848
2024-06-11 09:45:16+00:00,NAC802,21.283355712890625,-70.83005593039769,11277.6,120.82107790256164,248.0052303366848
2024-06-11 09:45:17+00:00,NAC802,21.282211303710938,-70.82800847833806,11277.6,120.82107790256164,248.0052303366848
2024-06-11 09:45:19+00:00,NAC802,21.27986584679555,-70.82382202148438,11277.6,120.82107790256164,248.0052303366848
2024-06-11 09:45:21+00:00,NAC802,21.27874859308792,-70.821787516276,11277.6,120.82107790256164,248.0052303366848
2024-06-11 09:45:22+00:00,NAC802,21.276397705078125,-70.81757146661931,11277.6,120.82107790256164,248.0052303366848
2024-06-11 09:45:23+00:00,NAC802,21.275164070775958,-70.8154296875,11277.6,120.82107790256164,248.0052303366848
2024-06-11 09:45:24+00:00,NAC802,21.27413992154396,-70.8135986328125,11277.6,120.82107790256164,248.0052303366848
2024-06-11 09:45:25+00:00,NAC802,21.273193359375,-70.81182861328125,11277.6,120.82107790256164,248.0052303366848
2024-06-11 09:45:26+00:00,NAC802,21.27218472755561,-70.81008911132812,11277.6,120.82107790256164,248.0052303366848
2024-06-11 09:45:27+00:00,NAC802,21.27116057832362,-70.80825805664062,11277.6,120.82107790256164,248.0052303366848
2024-06-11 09:45:28+00:00,NAC802,21.27021789550781,-70.80653520063919,11277.6,120.82107790256164,248.0052303366848
2024-06-11 09:45:29+00:00,NAC802,21.269073486328125,-70.8044877485795,11277.6,120.82107790256164,248.0052303366848
2024-06-11 09:45:30+00:00,NAC802,21.267715712725103,-70.80210367838538,11277.6,120.82107790256164,248.0052303366848
2024-06-11 09:45:31+00:00,NAC802,21.26659845901748,-70.80006917317706,11277.6,120.82107790256164,248.0052303366848
2024-06-11 09:45:32+00:00,NAC802,21.265434653072035,-70.79803466796875,11277.6,120.82107790256164,248.0052303366848
2024-06-11 09:45:33+00:00,NAC802,21.26426696777344,-70.79584849964488,11277.6,120.82107790256164,248.0052303366848
2024-06-11 09:45:34+00:00,NAC802,21.263060488943324,-70.793711344401,11277.6,120.82107790256164,248.0052303366848
2024-06-11 09:45:35+00:00,NAC802,21.2618408203125,-70.79155384410512,11277.6,120.82107790256164,248.0052303366848
2024-06-11 09:45:36+00:00,NAC802,21.26069641113281,-70.78950639204544,11277.6,120.82107790256164,248.0052303366848
2024-06-11 09:45:37+00:00,NAC802,21.258956909179688,-70.7864601828835,11277.6,120.82107790256164,248.0052303366848
2024-06-11 09:45:38+00:00,NAC802,21.258451817399365,-70.7855224609375,11277.6,120.82107790256164,248.0052303366848
2024-06-11 09:45:39+00:00,NAC802,21.257354736328125,-70.78356378728694,11285.22,120.82107790256164,248.0052303366848
2024-06-11 09:45:41+00:00,NAC802,21.255006951800848,-70.7794189453125,11285.22,120.82107790256164,248.0052303366848
2024-06-11 09:45:42+00:00,NAC802,21.253982802568856,-70.77753702799475,11285.22,120.88208049400806,247.56358082330408
2024-06-11 09:45:43+00:00,NAC802,21.252914428710938,-70.77562366832387,11285.22,120.88208049400806,247.56358082330408
2024-06-11 09:45:44+00:00,NAC802,21.25108337402344,-70.77232776988637,11285.22,120.88208049400806,247.56358082330408
2024-06-11 09:45:45+00:00,NAC802,21.25048828125,-70.77132901278407,11285.22,120.88208049400806,247.56358082330408
2024-06-11 09:45:46+00:00,NAC802,21.249435424804688,-70.76948131214488,11285.22,120.88208049400806,247.56358082330408
2024-06-11 09:45:47+00:00,NAC802,21.24769825046345,-70.76629638671875,11285.22,120.88208049400806,247.56358082330408
2024-06-11 09:45:48+00:00,NAC802,21.247146606445312,-70.76538640802556,11285.22,120.88208049400806,247.56358082330408
2024-06-11 09:45:49+00:00,NAC802,21.245370638572563,-70.76222737630206,11285.22,120.82107790256164,248.0052303366848
2024-06-11 09:45:50+00:00,NAC802,21.244253384864937,-70.7601420084635,11285.22,120.82107790256164,248.0052303366848
2024-06-11 09:45:52+00:00,NAC802,21.242391295352224,-70.75688680013019,11285.22,120.82107790256164,248.0052303366848
2024-06-11 09:45:53+00:00,NAC802,21.2412740416446,-70.75485229492188,11285.22,120.82107790256164,248.0052303366848
2024-06-11 09:45:54+00:00,NAC802,21.24018859863281,-70.75290194424713,11285.22,120.82107790256164,248.0052303366848
2024-06-11 09:45:55+00:00,NAC802,21.23858642578125,-70.75005548650569,11277.6,120.82107790256164,248.0052303366848
2024-06-11 09:45:56+00:00,NAC802,21.237922280521715,-70.7489013671875,11277.6,120.82107790256164,248.0052303366848
2024-06-11 09:45:57+00:00,NAC802,21.23624639996028,-70.745849609375,11285.22,120.82107790256164,248.0052303366848
2024-06-11 09:45:58+00:00,NAC802,21.235780877582098,-70.74503580729163,11277.6,120.82107790256164,248.0052303366848
2024-06-11 09:45:59+00:00,NAC802,21.23446655273437,-70.74266468394887,11277.6,120.82107790256164,248.0052303366848
2024-06-11 09:46:00+00:00,NAC802,21.233322143554688,-70.74061723188919,11277.6,120.82107790256164,248.0052303366848
2024-06-11 09:46:01+00:00,NAC802,21.23154462394068,-70.73745727539062,11277.6,120.82107790256164,248.0052303366848
2024-06-11 09:46:02+00:00,NAC802,21.2310791015625,-70.73664347330725,11277.6,120.82107790256164,248.0052303366848
2024-06-11 09:46:03+00:00,NAC802,21.22984313964844,-70.73447487571019,11277.6,120.82107790256164,248.0052303366848
2024-06-11 09:46:04+00:00,NAC802,21.228798041909428,-70.73252360026038,11277.6,120.82107790256164,248.0052303366848
2024-06-11 09:46:05+00:00,NAC802,21.227691650390625,-70.73057972301137,11277.6,120.82107790256164,248.0052303366848
2024-06-11 09:46:06+00:00,NAC802,21.226547241210938,-70.72853227095169,11277.6,120.82107790256164,248.0052303366848
2024-06-11 09:46:07+00:00,NAC802,21.22540283203125,-70.726484818892,11277.6,120.82107790256164,248.0052303366848
2024-06-11 09:46:08+00:00,NAC802,21.22425842285156,-70.7244873046875,11277.6,120.82107790256164,248.0052303366848
2024-06-11 09:46:09+00:00,NAC802,21.223114013671875,-70.72243985262782,11277.6,120.82107790256164,248.0052303366848
2024-06-11 09:46:10+00:00,NAC802,21.22181520623676,-70.72006225585938,11277.6,120.82107790256164,248.0052303366848
2024-06-11 09:46:11+00:00,NAC802,21.22059631347656,-70.7178955078125,11277.6,120.88208049400806,247.56358082330408
2024-06-11 09:46:12+00:00,NAC802,21.219314575195312,-70.71564830433238,11277.6,120.88208049400806,247.56358082330408
2024-06-11 09:46:13+00:00,NAC802,21.21807861328125,-70.71340110085225,11277.6,120.88208049400806,247.56358082330408
2024-06-11 09:46:15+00:00,NAC802,21.21580996755826,-70.70943196614581,11277.6,120.88208049400806,247.56358082330408
2024-06-11 09:46:16+00:00,NAC802,21.214692713850635,-70.7073974609375,11277.6,120.88208049400806,247.56358082330408
2024-06-11 09:46:17+00:00,NAC802,21.21352890790519,-70.70536295572913,11277.6,120.88208049400806,247.56358082330408
2024-06-11 09:46:18+00:00,NAC802,21.21227199748411,-70.703125,11277.6,120.88208049400806,247.56358082330408
2024-06-11 09:46:19+00:00,NAC802,21.21107482910156,-70.70096657492894,11277.6,120.88208049400806,247.56358082330408
2024-06-11 09:46:20+00:00,NAC802,21.209758176641948,-70.69859822591144,11277.6,120.88208049400806,247.56358082330408
2024-06-11 09:46:21+00:00,NAC802,21.20905989307468,-70.69737752278644,11277.6,120.88208049400806,247.56358082330408
2024-06-11 09:46:22+00:00,NAC802,21.20855712890625,-70.69647216796875,11285.22,120.98415374712968,247.82802424560248
2024-06-11 09:46:23+00:00,NAC802,21.207337460275426,-70.69432576497394,11277.6,120.98415374712968,247.82802424560248
2024-06-11 09:46:24+00:00,NAC802,21.206130981445312,-70.69217751242894,11285.22,120.98415374712968,247.82802424560248
2024-06-11 09:46:25+00:00,NAC802,21.204358117055083,-70.68898518880206,11277.6,120.98415374712968,247.82802424560248
2024-06-11 09:46:26+00:00,NAC802,21.203155517578125,-70.68683416193181,11285.22,120.98415374712968,247.82802424560248
2024-06-11 09:46:27+00:00,NAC802,21.20249602754237,-70.68572998046875,11285.22,120.98415374712968,247.82802424560248
2024-06-11 09:46:28+00:00,NAC802,21.201324462890625,-70.68358820134944,11277.6,120.98415374712968,247.82802424560248
2024-06-11 09:46:29+00:00,NAC802,21.199722290039062,-70.68074174360794,11277.6,120.98415374712968,247.82802424560248
2024-06-11 09:46:31+00:00,NAC802,21.19784545898437,-70.67744584517044,11277.6,120.98415374712968,247.82802424560248
2024-06-11 09:46:32+00:00,NAC802,21.196701049804688,-70.67539839311075,11277.6,120.98415374712968,247.82802424560248
2024-06-11 09:46:33+00:00,NAC802,21.19560629634534,-70.6734720865885,11277.6,120.98415374712968,247.82802424560248
2024-06-11 09:46:34+00:00,NAC802,21.19448904263771,-70.67143758138019,11277.6,120.98415374712968,247.82802424560248
2024-06-11 09:46:35+00:00,NAC802,21.19346489340572,-70.66960652669269,11277.6,120.98415374712968,247.82802424560248
2024-06-11 09:46:36+00:00,NAC802,21.19230108746028,-70.66757202148438,11277.6,120.98415374712968,247.82802424560248
2024-06-11 09:46:37+00:00,NAC802,21.191276938228285,-70.66574096679688,11277.6,120.98415374712968,247.82802424560248
2024-06-11 09:46:38+00:00,NAC802,21.189088983050848,-70.66182454427081,11277.6,120.98415374712968,247.82802424560248
2024-06-11 09:46:40+00:00,NAC802,21.1879251771054,-70.6597900390625,11277.6,120.98415374712968,247.82802424560248
2024-06-11 09:46:41+00:00,NAC802,21.18685913085937,-70.65787020596588,11277.6,120.98415374712968,247.82802424560248
2024-06-11 09:46:42+00:00,NAC802,21.184945833885063,-70.65450032552081,11277.6,120.98415374712968,247.82802424560248
2024-06-11 09:46:43+00:00,NAC802,21.18438720703125,-70.65348307291663,11277.6,120.98415374712968,247.82802424560248
2024-06-11 09:46:44+00:00,NAC802,21.18205959514036,-70.64936319986975,11277.6,120.98415374712968,247.82802424560248
2024-06-11 09:46:46+00:00,NAC802,21.18099975585937,-70.64743319424713,11277.6,120.98415374712968,247.82802424560248
2024-06-11 09:46:47+00:00,NAC802,21.179718017578125,-70.645185990767,11277.6,120.98415374712968,247.82802424560248
2024-06-11 09:46:48+00:00,NAC802,21.177658081054688,-70.64149058948863,11277.6,120.98415374712968,247.82802424560248
2024-06-11 09:46:50+00:00,NAC802,21.17656643107786,-70.63954671223956,11277.6,120.98415374712968,247.82802424560248
2024-06-11 09:46:51+00:00,NAC802,21.17491149902344,-70.6365966796875,11277.6,120.98415374712968,247.82802424560248
2024-06-11 09:46:52+00:00,NAC802,21.173171997070312,-70.63355047052556,11277.6,120.98415374712968,247.82802424560248
2024-06-11 09:46:54+00:00,NAC802,21.170654296875,-70.62905606356532,11277.6,120.98415374712968,247.82802424560248
2024-06-11 09:46:55+00:00,NAC802,21.16944393869173,-70.62693277994788,11285.22,120.98415374712968,247.82802424560248
2024-06-11 09:46:56+00:00,NAC802,21.168228149414062,-70.62476140802556,11285.22,120.98415374712968,247.82802424560248
2024-06-11 09:46:58+00:00,NAC802,21.167221069335938,-70.62291370738637,11285.22,120.88208049400806,247.56358082330408
2024-06-11 09:46:59+00:00,NAC802,21.16607666015625,-70.62086625532669,11285.22,120.88208049400806,247.56358082330408
2024-06-11 09:47:00+00:00,NAC802,21.16387939453125,-70.61702104048294,11285.22,120.88208049400806,247.56358082330408
2024-06-11 09:47:01+00:00,NAC802,21.162872314453125,-70.61517333984375,11285.22,120.88208049400806,247.56358082330408
2024-06-11 09:47:02+00:00,NAC802,21.161669714976163,-70.61299641927081,11285.22,120.88208049400806,247.56358082330408
2024-06-11 09:47:04+00:00,NAC802,21.160446166992188,-70.61087868430394,11285.22,120.88208049400806,247.56358082330408
2024-06-11 09:47:05+00:00,NAC802,21.1580851926642,-70.606689453125,11285.22,120.88208049400806,247.56358082330408
2024-06-11 09:47:07+00:00,NAC802,21.155571371822035,-70.60216267903644,11285.22,120.88208049400806,247.56358082330408
2024-06-11 09:47:08+00:00,NAC802,21.15454722259004,-70.60033162434894,11285.22,120.88208049400806,247.56358082330408
2024-06-11 09:47:10+00:00,NAC802,21.1533834166446,-70.59829711914062,11285.22,120.82107790256164,248.0052303366848
2024-06-11 09:47:11+00:00,NAC802,21.15212650622352,-70.59605916341144,11285.22,120.82107790256164,248.0052303366848
2024-06-11 09:47:12+00:00,NAC802,21.15110235699153,-70.59422810872394,11285.22,120.82107790256164,248.0052303366848
2024-06-11 09:47:13+00:00,NAC802,21.149985103283896,-70.59219360351562,11285.22,120.82107790256164,248.0052303366848
2024-06-11 09:47:14+00:00,NAC802,21.147628784179688,-70.58795720880681,11285.22,120.82107790256164,248.0052303366848
2024-06-11 09:47:16+00:00,NAC802,21.146392822265625,-70.58571000532669,11285.22,120.82107790256164,248.0052303366848
2024-06-11 09:47:17+00:00,NAC802,21.14511108398437,-70.58346280184657,11285.22,120.88208049400806,247.56358082330408
2024-06-11 09:47:18+00:00,NAC802,21.144026416843214,-70.58151245117188,11285.22,120.88208049400806,247.56358082330408
2024-06-11 09:47:20+00:00,NAC802,21.14081431243379,-70.5758158365885,11285.22,120.88208049400806,247.56358082330408
2024-06-11 09:47:22+00:00,NAC802,21.13970947265625,-70.57387473366475,11277.6,120.88208049400806,247.56358082330408
2024-06-11 09:47:23+00:00,NAC802,21.13862635725636,-70.57195027669269,11285.22,120.88208049400806,247.56358082330408
2024-06-11 09:47:24+00:00,NAC802,21.137420654296875,-70.56977982954544,11285.22,120.88208049400806,247.56358082330408
2024-06-11 09:47:25+00:00,NAC802,21.13625219312765,-70.567626953125,11285.22,120.88208049400806,247.56358082330408
2024-06-11 09:47:26+00:00,NAC802,21.135088387182204,-70.56559244791663,11277.6,120.88208049400806,247.56358082330408
2024-06-11 09:47:27+00:00,NAC802,21.13392458123676,-70.56355794270831,11285.22,120.88208049400806,247.56358082330408
2024-06-11 09:47:28+00:00,NAC802,21.13266767081568,-70.56131998697913,11277.6,120.88208049400806,247.56358082330408
2024-06-11 09:47:29+00:00,NAC802,21.13155041710805,-70.55928548177081,11277.6,120.88208049400806,247.56358082330408
2024-06-11 09:47:31+00:00,NAC802,21.12922280521716,-70.55521647135413,11277.6,120.88208049400806,247.56358082330408
2024-06-11 09:47:32+00:00,NAC802,21.12803649902344,-70.55305064808238,11277.6,120.88208049400806,247.56358082330408
2024-06-11 09:47:34+00:00,NAC802,21.126010700807733,-70.54946899414062,11277.6,120.98415374712968,247.82802424560248
2024-06-11 09:47:35+00:00,NAC802,21.12396240234375,-70.54580688476562,11277.6,120.98415374712968,247.82802424560248
2024-06-11 09:47:36+00:00,NAC802,21.12300109863281,-70.54406183416194,11277.6,120.98415374712968,247.82802424560248
2024-06-11 09:47:37+00:00,NAC802,21.121914103879767,-70.54214477539062,11277.6,120.98415374712968,247.82802424560248
2024-06-11 09:47:39+00:00,NAC802,21.119430541992188,-70.53776966441762,11277.6,120.98415374712968,247.82802424560248
2024-06-11 09:47:40+00:00,NAC802,21.11823647709216,-70.53558349609375,11277.6,120.98415374712968,247.82802424560248
2024-06-11 09:47:41+00:00,NAC802,21.117072671146715,-70.53354899088538,11277.6,120.98415374712968,247.82802424560248
2024-06-11 09:47:43+00:00,NAC802,21.11465195478019,-70.52927652994788,11285.22,120.98415374712968,247.82802424560248
2024-06-11 09:47:44+00:00,NAC802,21.113433837890625,-70.52713290127838,11285.22,120.98415374712968,247.82802424560248
2024-06-11 09:47:45+00:00,NAC802,21.1124267578125,-70.52528520063919,11277.6,120.98415374712968,247.82802424560248
2024-06-11 09:47:46+00:00,NAC802,21.11128234863281,-70.5232377485795,11285.22,120.98415374712968,247.82802424560248
2024-06-11 09:47:47+00:00,NAC802,21.11018293994968,-70.52134195963538,11277.6,120.88208049400806,247.56358082330408
2024-06-11 09:47:48+00:00,NAC802,21.109019134004235,-70.51930745442706,11285.22,120.88208049400806,247.56358082330408
2024-06-11 09:47:49+00:00,NAC802,21.10784912109375,-70.51714533025569,11277.6,120.88208049400806,247.56358082330408
2024-06-11 09:47:50+00:00,NAC802,21.10679626464844,-70.51529762961644,11277.6,120.88208049400806,247.56358082330408
2024-06-11 09:47:51+00:00,NAC802,21.10571392511917,-70.51335652669269,11277.6,120.88208049400806,247.56358082330408
2024-06-11 09:47:52+00:00,NAC802,21.104507446289062,-70.51125266335225,11277.6,120.88208049400806,247.56358082330408
2024-06-11 09:47:53+00:00,NAC802,21.10329320875265,-70.50908406575519,11277.6,120.88208049400806,247.56358082330408
2024-06-11 09:47:54+00:00,NAC802,21.10226905952065,-70.50725301106769,11277.6,120.88208049400806,247.56358082330408
2024-06-11 09:47:55+00:00,NAC802,21.10107421875,-70.50511030717325,11277.6,120.88208049400806,247.56358082330408
2024-06-11 09:47:56+00:00,NAC802,21.10047912597656,-70.504111550071,11277.6,120.88208049400806,247.56358082330408
2024-06-11 09:47:58+00:00,NAC802,21.0970458984375,-70.497969193892,11277.6,120.88208049400806,247.56358082330408
2024-06-11 09:47:59+00:00,NAC802,21.09649658203125,-70.49697043678975,11277.6,120.88208049400806,247.56358082330408
2024-06-11 09:48:00+00:00,NAC802,21.09521484375,-70.49472323330963,11277.6,120.88208049400806,247.56358082330408
2024-06-11 09:48:01+00:00,NAC802,21.094070434570312,-70.49267578125,11277.6,120.88208049400806,247.56358082330408
2024-06-11 09:48:02+00:00,NAC802,21.093005164194917,-70.49072265625,11277.6,120.94330106007112,247.12221294537528
2024-06-11 09:48:03+00:00,NAC802,21.0919189453125,-70.48878062855113,11277.6,120.94330106007112,247.12221294537528
2024-06-11 09:48:04+00:00,NAC802,21.09077453613281,-70.48678311434657,11277.6,120.94330106007112,247.12221294537528
2024-06-11 09:48:05+00:00,NAC802,21.089630126953125,-70.48473566228694,11277.6,120.94330106007112,247.12221294537528
2024-06-11 09:48:06+00:00,NAC802,21.088536149364405,-70.4827880859375,11277.6,120.94330106007112,247.12221294537528
2024-06-11 09:48:07+00:00,NAC802,21.087279238943324,-70.48055013020831,11277.6,120.94330106007112,247.12221294537528
2024-06-11 09:48:08+00:00,NAC802,21.0860595703125,-70.4783935546875,11277.6,120.94330106007112,247.12221294537528
2024-06-11 09:48:09+00:00,NAC802,21.08491516113281,-70.47639604048294,11277.6,120.94330106007112,247.12221294537528
2024-06-11 09:48:11+00:00,NAC802,21.083275746490997,-70.47342936197913,11277.6,120.94330106007112,247.12221294537528
2024-06-11 09:48:12+00:00,NAC802,21.08155331369173,-70.47037760416663,11277.6,120.94330106007112,247.12221294537528
2024-06-11 09:48:13+00:00,NAC802,21.080529164459744,-70.46854654947913,11277.6,120.94330106007112,247.12221294537528
2024-06-11 09:48:14+00:00,NAC802,21.0793653585143,-70.46651204427081,11277.6,120.94330106007112,247.12221294537528
2024-06-11 09:48:15+00:00,NAC802,21.078201552568856,-70.4644775390625,11277.6,120.94330106007112,247.12221294537528
2024-06-11 09:48:16+00:00,NAC802,21.077084298861227,-70.46244303385413,11277.6,120.94330106007112,247.12221294537528
2024-06-11 09:48:17+00:00,NAC802,21.075851440429688,-70.46026611328125,11277.6,120.94330106007112,247.12221294537528
2024-06-11 09:48:18+00:00,NAC802,21.074615478515625,-70.45801890980113,11277.6,120.94330106007112,247.12221294537528
2024-06-11 09:48:19+00:00,NAC802,21.07396529892744,-70.45694986979163,11277.6,120.94330106007112,247.12221294537528
2024-06-11 09:48:20+00:00,NAC802,21.07340667207362,-70.4559326171875,11277.6,120.94330106007112,247.12221294537528
2024-06-11 09:48:21+00:00,NAC802,21.07214976165254,-70.45369466145831,11277.6,120.94330106007112,247.12221294537528
2024-06-11 09:48:22+00:00,NAC802,21.069808959960938,-70.44947953657669,11277.6,120.94330106007112,247.12221294537528
2024-06-11 09:48:23+00:00,NAC802,21.06866455078125,-70.44748202237213,11277.6,120.94330106007112,247.12221294537528
2024-06-11 09:48:24+00:00,NAC802,21.06805316472457,-70.44637044270831,11277.6,120.94330106007112,247.12221294537528
2024-06-11 09:48:25+00:00,NAC802,21.066925048828125,-70.44443581321019,11277.6,120.94330106007112,247.12221294537528
2024-06-11 09:48:26+00:00,NAC802,21.066375732421875,-70.44338711825282,11277.6,120.94330106007112,247.12221294537528
2024-06-11 09:48:27+00:00,NAC802,21.065093994140625,-70.44113991477269,11277.6,120.94330106007112,247.12221294537528
2024-06-11 09:48:28+00:00,NAC802,21.06391001555879,-70.43904622395831,11277.6,120.94330106007112,247.12221294537528
2024-06-11 09:48:29+00:00,NAC802,21.0618896484375,-70.43544699928975,11277.6,121.00474063060072,246.68112821462543
2024-06-11 09:48:30+00:00,NAC802,21.06139619471663,-70.4345703125,11277.6,121.00474063060072,246.68112821462543
2024-06-11 09:48:31+00:00,NAC802,21.06019592285156,-70.43240079012782,11277.6,121.00474063060072,246.68112821462543
2024-06-11 09:48:32+00:00,NAC802,21.058975478350103,-70.4302978515625,11277.6,121.00474063060072,246.68112821462543
2024-06-11 09:48:33+00:00,NAC802,21.05722045898437,-70.42715731534088,11277.6,121.00474063060072,246.68112821462543
2024-06-11 09:48:34+00:00,NAC802,21.055996135129767,-70.42500813802081,11277.6,121.00474063060072,246.68112821462543
2024-06-11 09:48:35+00:00,NAC802,21.055389404296875,-70.4239113547585,11277.6,121.00474063060072,246.68112821462543
2024-06-11 09:48:36+00:00,NAC802,21.05418059785487,-70.4217529296875,11277.6,121.00474063060072,246.68112821462543
2024-06-11 09:48:37+00:00,NAC802,21.053715075476696,-70.42093912760413,11277.6,121.00474063060072,246.68112821462543
2024-06-11 09:48:39+00:00,NAC802,21.05073573225636,-70.4156494140625,11277.6,121.00474063060072,246.68112821462543
2024-06-11 09:48:41+00:00,NAC802,21.04852294921875,-70.41172651811075,11277.6,121.00474063060072,246.68112821462543
2024-06-11 09:48:43+00:00,NAC802,21.04632568359375,-70.40783136541194,11277.6,121.00474063060072,246.68112821462543
2024-06-11 09:48:44+00:00,NAC802,21.045181274414062,-70.40583385120738,11277.6,121.00474063060072,246.68112821462543
2024-06-11 09:48:45+00:00,NAC802,21.044174194335938,-70.40398615056819,11277.6,121.00474063060072,246.68112821462543
2024-06-11 09:48:46+00:00,NAC802,21.04305461301642,-70.40206909179688,11277.6,121.00474063060072,246.68112821462543
2024-06-11 09:48:47+00:00,NAC802,21.041976928710938,-70.40014093572444,11277.6,121.00474063060072,246.68112821462543
2024-06-11 09:48:48+00:00,NAC802,21.04083251953125,-70.39814342151988,11277.6,121.00474063060072,246.68112821462543
2024-06-11 09:48:49+00:00,NAC802,21.03974940413136,-70.39621988932288,11277.6,121.00474063060072,246.68112821462543
2024-06-11 09:48:50+00:00,NAC802,21.038543701171875,-70.39404851740056,11277.6,121.00474063060072,246.68112821462543
2024-06-11 09:48:51+00:00,NAC802,21.03730773925781,-70.39185125177556,11277.6,121.00474063060072,246.68112821462543
2024-06-11 09:48:52+00:00,NAC802,21.03602600097656,-70.38960404829544,11277.6,121.00474063060072,246.68112821462543
2024-06-11 09:48:53+00:00,NAC802,21.034395896782307,-70.38665771484375,11277.6,121.00474063060072,246.68112821462543
2024-06-11 09:48:54+00:00,NAC802,21.03393037440413,-70.38584391276038,11277.6,121.00474063060072,246.68112821462543
2024-06-11 09:48:55+00:00,NAC802,21.03267346398305,-70.38360595703125,11277.6,121.00474063060072,246.68112821462543
2024-06-11 09:48:56+00:00,NAC802,21.031044135659428,-70.38075764973956,11277.6,121.00474063060072,246.68112821462543
2024-06-11 09:48:57+00:00,NAC802,21.03057861328125,-70.37994384765625,11277.6,121.00474063060072,246.68112821462543
2024-06-11 09:48:58+00:00,NAC802,21.029525756835938,-70.37801846590907,11277.6,121.00474063060072,246.68112821462543
2024-06-11 09:48:59+00:00,NAC802,21.027878583487816,-70.37507213245739,11277.6,121.06640024081356,246.24032815264
2024-06-11 09:49:00+00:00,NAC802,21.02723693847656,-70.3740038190569,11277.6,121.06640024081356,246.24032815264
2024-06-11 09:49:01+00:00,NAC802,21.02615615068856,-70.37207586115056,11277.6,121.06640024081356,246.24032815264
2024-06-11 09:49:02+00:00,NAC802,21.024810791015625,-70.36973680768693,11277.6,121.06640024081356,246.24032815264
2024-06-11 09:49:03+00:00,NAC802,21.0236423298464,-70.36758145419032,11277.6,121.06640024081356,246.24032815264
2024-06-11 09:49:04+00:00,NAC802,21.022430419921875,-70.36546979631697,11277.6,121.06640024081356,246.24032815264
2024-06-11 09:49:05+00:00,NAC802,21.02122161347987,-70.36333673650569,11277.6,121.06640024081356,246.24032815264
2024-06-11 09:49:06+00:00,NAC802,21.02019746424788,-70.36153897372157,11277.6,121.06640024081356,246.24032815264
2024-06-11 09:49:07+00:00,NAC802,21.01903365830244,-70.35949152166194,11277.6,121.06640024081356,246.24032815264
2024-06-11 09:49:08+00:00,NAC802,21.017852783203125,-70.35737718854631,11277.6,121.06640024081356,246.24032815264
2024-06-11 09:49:09+00:00,NAC802,21.016892255362816,-70.35564630681819,11277.6,121.06640024081356,246.24032815264
2024-06-11 09:49:10+00:00,NAC802,21.015868106130824,-70.35379860617894,11277.6,121.06640024081356,246.24032815264
2024-06-11 09:49:11+00:00,NAC802,21.0146484375,-70.35168784005299,11277.6,121.06640024081356,246.24032815264
2024-06-11 09:49:12+00:00,NAC802,21.0134473897643,-70.34955388849431,11277.6,121.06640024081356,246.24032815264
2024-06-11 09:49:13+00:00,NAC802,21.01167297363281,-70.34643990652899,11277.6,121.06640024081356,246.24032815264
2024-06-11 09:49:14+00:00,NAC802,21.01046804654396,-70.34431041370738,11277.6,121.06640024081356,246.24032815264
2024-06-11 09:49:15+00:00,NAC802,21.009841918945312,-70.34320286342074,11277.6,121.06640024081356,246.24032815264
2024-06-11 09:49:16+00:00,NAC802,21.00860595703125,-70.34094674246649,11277.6,121.06640024081356,246.24032815264
2024-06-11 09:49:17+00:00,NAC802,21.007553100585938,-70.3391320364816,11277.6,121.06640024081356,246.24032815264
2024-06-11 09:49:18+00:00,NAC802,21.00640869140625,-70.33712114606584,11277.6,121.06640024081356,246.24032815264
2024-06-11 09:49:19+00:00,NAC802,21.005172729492188,-70.33486502511158,11277.6,120.96375653207352,245.97525376052727
2024-06-11 09:49:20+00:00,NAC802,21.004119873046875,-70.33305031912664,11277.6,120.96375653207352,245.97525376052727
2024-06-11 09:49:21+00:00,NAC802,21.002975463867188,-70.33103942871094,11277.6,120.96375653207352,245.97525376052727
2024-06-11 09:49:22+00:00,NAC802,21.001739501953125,-70.32883235386441,11277.6,120.96375653207352,245.97525376052727
2024-06-11 09:49:23+00:00,NAC802,21.000645524364405,-70.32688210227269,11277.6,120.96375653207352,245.97525376052727
2024-06-11 09:49:24+00:00,NAC802,20.999388613943324,-70.32468483664769,11277.6,120.96375653207352,245.97525376052727
2024-06-11 09:49:25+00:00,NAC802,20.998131703522244,-70.32243763316762,11277.6,120.96375653207352,245.97525376052727
2024-06-11 09:49:26+00:00,NAC802,20.9970703125,-70.32049451555525,11277.6,120.96375653207352,245.97525376052727
2024-06-11 09:49:27+00:00,NAC802,20.99555969238281,-70.31789507184709,11277.6,120.96375653207352,245.97525376052727
2024-06-11 09:49:28+00:00,NAC802,20.994966151350635,-70.31679465553975,11277.6,121.02551983496971,245.53426432840976
2024-06-11 09:49:29+00:00,NAC802,20.993865966796875,-70.31485421316961,11277.6,121.02551983496971,245.53426432840976
2024-06-11 09:49:31+00:00,NAC802,20.991668701171875,-70.31102861676897,11277.6,121.02551983496971,245.53426432840976
2024-06-11 09:49:32+00:00,NAC802,20.990497136520126,-70.30890447443181,11277.6,121.02551983496971,245.53426432840976
2024-06-11 09:49:33+00:00,NAC802,20.989288330078125,-70.306761605399,11277.6,121.02551983496971,245.53426432840976
2024-06-11 09:49:34+00:00,NAC802,20.98814392089844,-70.30475071498324,11277.6,121.02551983496971,245.53426432840976
2024-06-11 09:49:35+00:00,NAC802,20.98699951171875,-70.30273982456754,11277.6,121.02551983496971,245.53426432840976
2024-06-11 09:49:36+00:00,NAC802,20.985763549804688,-70.30048370361328,11277.6,121.02551983496971,245.53426432840976
2024-06-11 09:49:37+00:00,NAC802,20.984619140625,-70.29847281319752,11277.6,121.02551983496971,245.53426432840976
2024-06-11 09:49:40+00:00,NAC802,20.98114013671875,-70.29232510653407,11277.6,121.02551983496971,245.53426432840976
2024-06-11 09:49:41+00:00,NAC802,20.98011598748676,-70.29047740589488,11277.6,121.02551983496971,245.53426432840976
2024-06-11 09:49:42+00:00,NAC802,20.9791259765625,-70.28876168387274,11277.6,121.02551983496971,245.53426432840976
2024-06-11 09:49:43+00:00,NAC802,20.97811889648437,-70.28694697788785,11277.6,121.02551983496971,245.53426432840976
2024-06-11 09:49:44+00:00,NAC802,20.97665405273437,-70.28434753417969,11277.6,121.02551983496971,245.53426432840976
2024-06-11 09:49:45+00:00,NAC802,20.97505187988281,-70.28150285993303,11277.6,120.92253655392372,245.2695058876819
2024-06-11 09:49:46+00:00,NAC802,20.974365234375,-70.28027670724049,11277.6,120.92253655392372,245.2695058876819
2024-06-11 09:49:47+00:00,NAC802,20.973179704051905,-70.27814275568181,11277.6,120.92253655392372,245.2695058876819
2024-06-11 09:49:48+00:00,NAC802,20.97257452496028,-70.2771439985795,11277.6,120.92253655392372,245.2695058876819
2024-06-11 09:49:49+00:00,NAC802,20.97084045410156,-70.27399880545477,11277.6,120.92253655392372,245.2695058876819
2024-06-11 09:49:50+00:00,NAC802,20.970245361328125,-70.27301788330078,11277.6,120.92253655392372,245.2695058876819
2024-06-11 09:49:51+00:00,NAC802,20.968384823556672,-70.2696533203125,11277.6,120.92253655392372,245.2695058876819
2024-06-11 09:49:52+00:00,NAC802,20.96717834472656,-70.26757376534596,11277.6,120.92253655392372,245.2695058876819
2024-06-11 09:49:53+00:00,NAC802,20.965638241525426,-70.26485928622157,11277.6,121.02551983496971,245.53426432840976
2024-06-11 09:49:54+00:00,NAC802,20.9645209878178,-70.26281183416194,11277.6,121.02551983496971,245.53426432840976
2024-06-11 09:49:56+00:00,NAC802,20.963424682617188,-70.26090349469865,11277.6,121.02551983496971,245.53426432840976
2024-06-11 09:49:58+00:00,NAC802,20.96107612221928,-70.25676935369319,11277.6,121.08750532348,245.09356123996665
2024-06-11 09:49:59+00:00,NAC802,20.960051972987287,-70.25497159090907,11277.6,121.08750532348,245.09356123996665
2024-06-11 09:50:01+00:00,NAC802,20.957770913334212,-70.25092662464488,11277.6,121.08750532348,245.09356123996665
2024-06-11 09:50:05+00:00,NAC802,20.95209154032045,-70.24083917791194,11277.6,121.08750532348,245.09356123996665
2024-06-11 09:50:35+00:00,NAC802,20.918480824615997,-70.18161288174716,11277.6,121.08750532348,245.09356123996665
2024-06-11 09:51:16+00:00,NAC802,20.871416512182204,-70.09841641512784,11277.6,121.08750532348,245.09356123996665
2024-06-11 09:51:17+00:00,NAC802,20.869926840572035,-70.09581964666194,11285.22,121.14971405280971,244.65314604260345
2024-06-11 09:51:18+00:00,NAC802,20.869400024414062,-70.09493146623885,11285.22,121.14971405280971,244.65314604260345
2024-06-11 09:51:19+00:00,NAC802,20.868204407772776,-70.09282337535512,11277.6,121.14971405280971,244.65314604260345
2024-06-11 09:51:50+00:00,NAC802,20.83319712493379,-70.03100031072444,11277.6,121.08750532348,245.09356123996665
2024-06-11 09:51:52+00:00,NAC802,20.83021778171345,-70.0257568359375,11277.6,121.08750532348,245.09356123996665
2024-06-11 09:51:56+00:00,NAC802,20.826736450195312,-70.01964569091797,11277.6,121.08750532348,245.09356123996665
2024-06-11 09:51:57+00:00,NAC802,20.82495737884004,-70.01651833274144,11277.6,121.08750532348,245.09356123996665
2024-06-11 09:51:58+00:00,NAC802,20.824398751986227,-70.01551957563919,11277.6,121.08750532348,245.09356123996665
2024-06-11 09:52:00+00:00,NAC802,20.82076767743644,-70.0090775923295,11277.6,121.08750532348,245.09356123996665
2024-06-11 09:52:03+00:00,NAC802,20.818579722259003,-70.00523237748575,11277.6,121.08750532348,245.09356123996665
2024-06-11 09:52:05+00:00,NAC802,20.81527451337394,-69.9993896484375,11277.6,121.08750532348,245.09356123996665
2024-06-11 09:52:07+00:00,NAC802,20.81355208057468,-69.99639337713069,11277.6,121.08750532348,245.09356123996665
2024-06-11 09:52:08+00:00,NAC802,20.81196930448888,-69.99359685724431,11277.6,121.14971405280971,244.65314604260345
2024-06-11 09:52:09+00:00,NAC802,20.811355590820312,-69.99247414725164,11277.6,121.14971405280971,244.65314604260345
2024-06-11 09:52:10+00:00,NAC802,20.8106689453125,-69.99124799455916,11277.6,121.14971405280971,244.65314604260345
2024-06-11 09:52:11+00:00,NAC802,20.8084716796875,-69.98747144426619,11277.6,121.14971405280971,244.65314604260345
2024-06-11 09:52:12+00:00,NAC802,20.80732727050781,-69.98546055385043,11277.6,121.14971405280971,244.65314604260345
2024-06-11 09:52:13+00:00,NAC802,20.8068020060911,-69.98455810546875,11277.6,121.14971405280971,244.65314604260345
2024-06-11 09:52:14+00:00,NAC802,20.805633544921875,-69.98241969517301,11277.6,121.14971405280971,244.65314604260345
2024-06-11 09:52:15+00:00,NAC802,20.804489135742188,-69.98040880475725,11277.6,121.14971405280971,244.65314604260345
2024-06-11 09:52:16+00:00,NAC802,20.802658081054688,-69.97722080775668,11277.6,121.14971405280971,244.65314604260345
2024-06-11 09:52:17+00:00,NAC802,20.80158815545551,-69.97526966441762,11277.6,121.08750532348,245.09356123996665
2024-06-11 09:52:18+00:00,NAC802,20.80096435546875,-69.97417994907926,11277.6,121.08750532348,245.09356123996665
2024-06-11 09:52:20+00:00,NAC802,20.799224853515625,-69.97118813650945,11277.6,121.08750532348,245.09356123996665
2024-06-11 09:52:22+00:00,NAC802,20.795928955078125,-69.96535164969305,11277.6,121.08750532348,245.09356123996665
2024-06-11 09:52:23+00:00,NAC802,20.79478454589844,-69.96334075927734,11277.6,121.08750532348,245.09356123996665
2024-06-11 09:52:24+00:00,NAC802,20.79364013671875,-69.96132986886158,11277.6,121.08750532348,245.09356123996665
2024-06-11 09:52:26+00:00,NAC802,20.79180908203125,-69.95809282575334,11277.6,121.08750532348,245.09356123996665
2024-06-11 09:52:27+00:00,NAC802,20.79013630495233,-69.95519464666194,11277.6,121.08750532348,245.09356123996665
2024-06-11 09:52:28+00:00,NAC802,20.78911215572034,-69.95339688387782,11277.6,121.08750532348,245.09356123996665
2024-06-11 09:52:29+00:00,NAC802,20.787918090820312,-69.95127541678289,11277.6,121.08750532348,245.09356123996665
2024-06-11 09:52:30+00:00,NAC802,20.78673799159163,-69.94915216619319,11277.6,121.08750532348,245.09356123996665
2024-06-11 09:52:31+00:00,NAC802,20.78571384235964,-69.94735440340907,11277.6,121.08750532348,245.09356123996665
2024-06-11 09:52:34+00:00,NAC802,20.7821044921875,-69.94102478027344,11277.6,121.08750532348,245.09356123996665
2024-06-11 09:52:36+00:00,NAC802,20.77967834472656,-69.93680681501115,11277.6,121.08750532348,245.09356123996665
2024-06-11 09:52:37+00:00,NAC802,20.779056872351696,-69.9356689453125,11277.6,121.08750532348,245.09356123996665
2024-06-11 09:52:38+00:00,NAC802,20.778405141022244,-69.93447043678975,11277.6,121.08750532348,245.09356123996665
2024-06-11 09:52:39+00:00,NAC802,20.77674865722656,-69.93155888148715,11277.6,121.14971405280971,244.65314604260345
2024-06-11 09:52:40+00:00,NAC802,20.776153564453125,-69.93057795933316,11277.6,121.14971405280971,244.65314604260345
2024-06-11 09:52:41+00:00,NAC802,20.774917602539062,-69.92837088448658,11277.6,121.14971405280971,244.65314604260345
2024-06-11 09:52:42+00:00,NAC802,20.7738430217161,-69.92643044211644,11277.6,121.14971405280971,244.65314604260345
2024-06-11 09:52:43+00:00,NAC802,20.772628784179688,-69.92434910365512,11277.6,121.14971405280971,244.65314604260345
2024-06-11 09:52:44+00:00,NAC802,20.77086367849576,-69.92123690518463,11277.6,121.08750532348,245.09356123996665
2024-06-11 09:52:45+00:00,NAC802,20.77016539492849,-69.91998845880681,11277.6,121.08750532348,245.09356123996665
2024-06-11 09:52:46+00:00,NAC802,20.768875122070312,-69.91767883300781,11277.6,121.08750532348,245.09356123996665
2024-06-11 09:52:47+00:00,NAC802,20.767135620117188,-69.91468702043807,11277.6,121.08750532348,245.09356123996665
2024-06-11 09:52:48+00:00,NAC802,20.766586303710938,-69.91365705217635,11277.6,121.08750532348,245.09356123996665
2024-06-11 09:52:52+00:00,NAC802,20.761739439883478,-69.90515691583806,11277.6,121.08750532348,245.09356123996665
2024-06-11 09:52:53+00:00,NAC802,20.760715290651483,-69.90330921519887,11277.6,121.08750532348,245.09356123996665
2024-06-11 09:52:55+00:00,NAC802,20.758346557617188,-69.89918845040455,11277.6,121.08750532348,245.09356123996665
2024-06-11 09:52:56+00:00,NAC802,20.75717732057733,-69.89711692116475,11277.6,121.08750532348,245.09356123996665
2024-06-11 09:52:57+00:00,NAC802,20.75596618652344,-69.89497048514227,11277.6,121.08750532348,245.09356123996665
2024-06-11 09:52:58+00:00,NAC802,20.75482177734375,-69.89295959472656,11277.6,121.14971405280971,244.65314604260345
2024-06-11 09:52:59+00:00,NAC802,20.75390625,-69.89139011928012,11277.6,121.14971405280971,244.65314604260345
2024-06-11 09:53:00+00:00,NAC802,20.752708305746825,-69.88927667791194,11277.6,121.14971405280971,244.65314604260345
2024-06-11 09:53:01+00:00,NAC802,20.751754760742188,-69.88756452287947,11277.6,121.14971405280971,244.65314604260345
2024-06-11 09:53:02+00:00,NAC802,20.75066000728284,-69.88563121448863,11277.6,121.14971405280971,244.65314604260345
2024-06-11 09:53:03+00:00,NAC802,20.749557495117188,-69.88373892647877,11277.6,121.14971405280971,244.65314604260345
2024-06-11 09:53:05+00:00,NAC802,20.74721514168432,-69.879638671875,11277.6,121.14971405280971,244.65314604260345
2024-06-11 09:53:07+00:00,NAC802,20.74553926112288,-69.87659246271306,11277.6,121.14971405280971,244.65314604260345
2024-06-11 09:53:08+00:00,NAC802,20.74365234375,-69.8732921055385,11277.6,121.14971405280971,244.65314604260345
2024-06-11 09:53:09+00:00,NAC802,20.74255991790254,-69.87139892578125,11277.6,121.14971405280971,244.65314604260345
2024-06-11 09:53:11+00:00,NAC802,20.740278858249468,-69.86740389737213,11277.6,121.14971405280971,244.65314604260345
2024-06-11 09:53:12+00:00,NAC802,20.73967367915784,-69.86640514026988,11277.6,121.14971405280971,244.65314604260345
2024-06-11 09:53:13+00:00,NAC802,20.738090903072035,-69.86355868252838,11277.6,121.14971405280971,244.65314604260345
2024-06-11 09:53:14+00:00,NAC802,20.73706675384004,-69.86176091974431,11285.22,121.14971405280971,244.65314604260345
2024-06-11 09:53:15+00:00,NAC802,20.7359619140625,-69.85985347202848,11285.22,121.14971405280971,244.65314604260345
2024-06-11 09:53:17+00:00,NAC802,20.733123779296875,-69.85485076904297,11285.22,121.14971405280971,244.65314604260345
2024-06-11 09:53:18+00:00,NAC802,20.732504634533896,-69.85377086292613,11285.22,121.14971405280971,244.65314604260345
2024-06-11 09:53:19+00:00,NAC802,20.731201171875,-69.85146658761158,11285.22,121.14971405280971,244.65314604260345
2024-06-11 09:53:21+00:00,NAC802,20.72882700774629,-69.84732887961644,11285.22,121.14971405280971,244.65314604260345
2024-06-11 09:53:22+00:00,NAC802,20.727767944335938,-69.84543391636441,11285.22,121.14971405280971,244.65314604260345
2024-06-11 09:53:24+00:00,NAC802,20.725521798861227,-69.84153608842325,11285.22,121.14971405280971,244.65314604260345
2024-06-11 09:53:28+00:00,NAC802,20.72105278403072,-69.83369584517044,11285.22,121.31525997194689,244.48000537307732
2024-06-11 09:53:29+00:00,NAC802,20.71929931640625,-69.83062199183871,11285.22,121.21214708367324,244.2130202938735
2024-06-11 09:53:31+00:00,NAC802,20.7168165303893,-69.82630504261363,11285.22,121.21214708367324,244.2130202938735
2024-06-11 09:53:32+00:00,NAC802,20.716257903535485,-69.82530628551137,11285.22,121.21214708367324,244.2130202938735
2024-06-11 09:53:35+00:00,NAC802,20.712799072265625,-69.8191942487444,11285.22,121.21214708367324,244.2130202938735
2024-06-11 09:53:36+00:00,NAC802,20.711654663085938,-69.81718335832869,11277.6,121.21214708367324,244.2130202938735
2024-06-11 09:53:37+00:00,NAC802,20.710578530521715,-69.8152687766335,11285.22,121.21214708367324,244.2130202938735
2024-06-11 09:53:38+00:00,NAC802,20.70941472457627,-69.81327126242894,11277.6,121.21214708367324,244.2130202938735
2024-06-11 09:53:39+00:00,NAC802,20.70815781415519,-69.81107399680394,11277.6,121.14971405280971,244.65314604260345
2024-06-11 09:53:42+00:00,NAC802,20.70461984408104,-69.80488170276988,11277.6,121.14971405280971,244.65314604260345
2024-06-11 09:53:43+00:00,NAC802,20.70359569484905,-69.80303400213069,11277.6,121.14971405280971,244.65314604260345
2024-06-11 09:53:47+00:00,NAC802,20.699295043945312,-69.7955540248326,11277.6,121.14971405280971,244.65314604260345
2024-06-11 09:53:48+00:00,NAC802,20.697509765625,-69.7923169817243,11277.6,121.21214708367324,244.2130202938735
2024-06-11 09:53:49+00:00,NAC802,20.69691467285156,-69.79133605957031,11277.6,121.21214708367324,244.2130202938735
2024-06-11 09:53:50+00:00,NAC802,20.6956787109375,-69.78912898472379,11277.6,121.21214708367324,244.2130202938735
2024-06-11 09:53:51+00:00,NAC802,20.694704217425848,-69.78740345348012,11277.6,121.21214708367324,244.2130202938735
2024-06-11 09:53:52+00:00,NAC802,20.693447307004767,-69.78520618785512,11277.6,121.21214708367324,244.2130202938735
2024-06-11 09:54:01+00:00,NAC802,20.68368530273437,-69.7680882045201,11277.6,121.14971405280971,244.65314604260345
2024-06-11 09:54:02+00:00,NAC802,20.68199545650159,-69.7651811079545,11277.6,121.14971405280971,244.65314604260345
2024-06-11 09:54:05+00:00,NAC802,20.67901611328125,-69.75984845842635,11277.6,121.14971405280971,244.65314604260345
2024-06-11 09:54:06+00:00,NAC802,20.677805755097985,-69.75774036754262,11277.6,121.14971405280971,244.65314604260345
2024-06-11 09:54:08+00:00,NAC802,20.67543159096928,-69.75354558771306,11277.6,121.14971405280971,244.65314604260345
2024-06-11 09:54:10+00:00,NAC802,20.673150531316207,-69.74955055930394,11277.6,121.14971405280971,244.65314604260345
2024-06-11 09:54:13+00:00,NAC802,20.66976928710937,-69.74361419677734,11277.6,121.14971405280971,244.65314604260345
2024-06-11 09:54:15+00:00,NAC802,20.667564262778072,-69.73971280184657,11277.6,121.14971405280971,244.65314604260345
2024-06-11 09:54:16+00:00,NAC802,20.66654011354608,-69.7379150390625,11277.6,121.14971405280971,244.65314604260345
2024-06-11 09:54:18+00:00,NAC802,20.66363525390625,-69.73277500697543,11277.6,121.14971405280971,244.65314604260345
2024-06-11 09:54:19+00:00,NAC802,20.662582397460938,-69.73100934709822,11277.6,121.14971405280971,244.65314604260345
2024-06-11 09:54:20+00:00,NAC802,20.661372815148304,-69.72887628728694,11277.6,121.14971405280971,244.65314604260345
2024-06-11 09:54:21+00:00,NAC802,20.66081418829449,-69.72787753018463,11285.22,121.2527097426994,244.91965134449197
2024-06-11 09:54:22+00:00,NAC802,20.659091755495236,-69.72488125887782,11285.22,121.2527097426994,244.91965134449197
2024-06-11 09:54:23+00:00,NAC802,20.657974501787606,-69.72288374467325,11285.22,121.2527097426994,244.91965134449197
2024-06-11 09:54:24+00:00,NAC802,20.656768798828125,-69.72075871058871,11285.22,121.14971405280971,244.65314604260345
2024-06-11 09:54:25+00:00,NAC802,20.656112412274894,-69.719687721946,11285.22,121.14971405280971,244.65314604260345
2024-06-11 09:54:26+00:00,NAC802,20.655029296875,-69.71776689801897,11285.22,121.14971405280971,244.65314604260345
2024-06-11 09:54:27+00:00,NAC802,20.65327272576801,-69.7146439985795,11285.22,121.14971405280971,244.65314604260345
2024-06-11 09:54:28+00:00,NAC802,20.6527140989142,-69.71364524147725,11285.22,121.31525997194689,244.48000537307732
2024-06-11 09:54:29+00:00,NAC802,20.651046752929688,-69.71075330461775,11285.22,121.31525997194689,244.48000537307732
2024-06-11 09:54:30+00:00,NAC802,20.650433039261124,-69.70965021306819,11285.22,121.31525997194689,244.48000537307732
2024-06-11 09:54:31+00:00,NAC802,20.64940889002913,-69.70785245028407,11285.22,121.31525997194689,244.48000537307732
2024-06-11 09:54:32+00:00,NAC802,20.648245084083687,-69.7058549360795,11285.22,121.31525997194689,244.48000537307732
2024-06-11 09:54:33+00:00,NAC802,20.64642954680879,-69.70265891335225,11285.22,121.31525997194689,244.48000537307732
2024-06-11 09:54:34+00:00,NAC802,20.645187377929688,-69.70055171421598,11285.22,121.31525997194689,244.48000537307732
2024-06-11 09:54:35+00:00,NAC802,20.64418029785156,-69.69873700823103,11285.22,121.31525997194689,244.48000537307732
2024-06-11 09:54:36+00:00,NAC802,20.643585205078125,-69.69775608607699,11285.22,121.31525997194689,244.48000537307732
2024-06-11 09:54:38+00:00,NAC802,20.64135535288665,-69.69381991299713,11285.22,121.31525997194689,244.48000537307732
2024-06-11 09:54:39+00:00,NAC802,20.64019775390625,-69.69172341482977,11285.22,121.31525997194689,244.48000537307732
2024-06-11 09:54:40+00:00,NAC802,20.639144897460938,-69.68990870884488,11285.22,121.31525997194689,244.48000537307732
2024-06-11 09:54:41+00:00,NAC802,20.637908935546875,-69.68775068010603,11285.22,121.2527097426994,244.91965134449197
2024-06-11 09:54:43+00:00,NAC802,20.635536323159428,-69.68363259055394,11285.22,121.2527097426994,244.91965134449197
2024-06-11 09:54:44+00:00,NAC802,20.63497769630561,-69.68263383345169,11285.22,121.2527097426994,244.91965134449197
2024-06-11 09:54:49+00:00,NAC802,20.62832072629767,-69.67099831321019,11277.6,121.31525997194689,244.48000537307732
2024-06-11 09:58:01+00:00,NAC802,20.408268298132946,-69.2870760830966,11285.22,121.39547113536791,245.89400748199668
2024-06-11 09:59:24+00:00,NAC802,20.31227758375265,-69.12023370916194,11277.6,121.33313681253372,246.33327853450973
2024-06-11 09:59:25+00:00,NAC802,20.31120688228284,-69.11838600852273,11285.22,121.37300514010845,247.0402725847784
2024-06-11 09:59:26+00:00,NAC802,20.310043076337397,-69.11638849431819,11277.6,121.37300514010845,247.0402725847784
2024-06-11 09:59:27+00:00,NAC802,20.3089599609375,-69.11445072719027,11277.6,121.37300514010845,247.0402725847784
2024-06-11 09:59:29+00:00,NAC802,20.3067626953125,-69.11062513078963,11277.6,121.37300514010845,247.0402725847784
2024-06-11 09:59:31+00:00,NAC802,20.3045654296875,-69.10679953438893,11285.22,121.37300514010845,247.0402725847784
2024-06-11 09:59:32+00:00,NAC802,20.30328369140625,-69.1045924595424,11285.22,121.37300514010845,247.0402725847784
2024-06-11 09:59:33+00:00,NAC802,20.302001953125,-69.10238538469588,11285.22,121.37300514010845,247.0402725847784
2024-06-11 09:59:34+00:00,NAC802,20.30077918101165,-69.10025856711644,11285.22,121.37300514010845,247.0402725847784
2024-06-11 09:59:35+00:00,NAC802,20.29966735839844,-69.09836360386441,11285.22,121.37300514010845,247.0402725847784
2024-06-11 09:59:36+00:00,NAC802,20.298591225834212,-69.09641335227269,11285.22,121.37300514010845,247.0402725847784
2024-06-11 09:59:37+00:00,NAC802,20.297378540039062,-69.09429277692522,11285.22,121.47476491875533,247.30848599665708
2024-06-11 09:59:38+00:00,NAC802,20.29519291247352,-69.09057062322444,11285.22,121.47476491875533,247.30848599665708
2024-06-11 09:59:40+00:00,NAC802,20.29412841796875,-69.08865247453963,11285.22,121.47476491875533,247.30848599665708
2024-06-11 09:59:41+00:00,NAC802,20.292938232421875,-69.08664158412387,11285.22,121.47476491875533,247.30848599665708
2024-06-11 09:59:42+00:00,NAC802,20.291793823242188,-69.08463069370816,11285.22,121.47476491875533,247.30848599665708
2024-06-11 09:59:43+00:00,NAC802,20.29067734540519,-69.08273037997157,11285.22,121.47476491875533,247.30848599665708
2024-06-11 09:59:44+00:00,NAC802,20.289321899414062,-69.08041272844588,11285.22,121.57630389402978,247.57747780929944
2024-06-11 09:59:45+00:00,NAC802,20.28817749023437,-69.07840183803012,11285.22,121.57630389402978,247.57747780929944
2024-06-11 09:59:46+00:00,NAC802,20.286895751953125,-69.0761947631836,11285.22,121.57630389402978,247.57747780929944
2024-06-11 09:59:47+00:00,NAC802,20.285649703720868,-69.07409113103694,11285.22,121.57630389402978,247.57747780929944
2024-06-11 09:59:48+00:00,NAC802,20.284652709960938,-69.07236916678289,11285.22,121.57630389402978,247.57747780929944
2024-06-11 09:59:49+00:00,NAC802,20.28346174854343,-69.07024591619319,11277.6,121.57630389402978,247.57747780929944
2024-06-11 09:59:50+00:00,NAC802,20.281227241128175,-69.06640070134944,11277.6,121.57630389402978,247.57747780929944
2024-06-11 09:59:51+00:00,NAC802,20.28076171875,-69.06560169566762,11277.6,121.57630389402978,247.57747780929944
2024-06-11 09:59:52+00:00,NAC802,20.279597912804554,-69.06360418146306,11277.6,121.57630389402978,247.57747780929944
2024-06-11 09:59:53+00:00,NAC802,20.2789306640625,-69.06251089913502,11277.6,121.57630389402978,247.57747780929944
2024-06-11 09:59:54+00:00,NAC802,20.2765720173464,-69.05836070667613,11277.6,121.57630389402978,247.57747780929944
2024-06-11 09:59:55+00:00,NAC802,20.27536165916313,-69.05636319247157,11277.6,121.57630389402978,247.57747780929944
2024-06-11 09:59:56+00:00,NAC802,20.27476501464844,-69.05525207519531,11277.6,121.57630389402978,247.57747780929944
2024-06-11 09:59:57+00:00,NAC802,20.27403259277344,-69.05402592250277,11277.6,121.57630389402978,247.57747780929944
2024-06-11 09:59:58+00:00,NAC802,20.272801286083155,-69.05191872336644,11277.6,121.57630389402978,247.57747780929944
2024-06-11 09:59:59+00:00,NAC802,20.271777136851163,-69.05012096058238,11277.6,121.57630389402978,247.57747780929944
2024-06-11 10:00:03+00:00,NAC802,20.267074584960938,-69.04191153390065,11277.6,121.47476491875533,247.30848599665708
2024-06-11 10:00:12+00:00,NAC802,20.25557695809057,-69.0220558860085,11277.6,121.57630389402978,247.57747780929944
2024-06-11 10:00:14+00:00,NAC802,20.254273495431672,-69.01985862038353,11277.6,121.57630389402978,247.57747780929944
2024-06-11 10:00:15+00:00,NAC802,20.253109689486227,-69.01786110617898,11277.6,121.57630389402978,247.57747780929944
2024-06-11 10:00:16+00:00,NAC802,20.251876831054688,-69.01572091238836,11277.6,121.57630389402978,247.57747780929944
2024-06-11 10:00:17+00:00,NAC802,20.25078207759534,-69.01381613991475,11277.6,121.57630389402978,247.57747780929944
2024-06-11 10:00:18+00:00,NAC802,20.24947861493644,-69.01156893643463,11277.6,121.47476491875533,247.30848599665708
2024-06-11 10:00:19+00:00,NAC802,20.24775618213718,-69.00857266512782,11277.6,121.47476491875533,247.30848599665708
2024-06-11 10:00:20+00:00,NAC802,20.24720764160156,-69.00767735072543,11277.6,121.47476491875533,247.30848599665708
2024-06-11 10:00:21+00:00,NAC802,20.245925903320312,-69.00542122977117,11285.22,121.4126459048727,247.74738556537665
2024-06-11 10:00:22+00:00,NAC802,20.244186401367188,-69.00242941720143,11277.6,121.4126459048727,247.74738556537665
2024-06-11 10:00:23+00:00,NAC802,20.24319406283104,-69.00068248401988,11277.6,121.4126459048727,247.74738556537665
2024-06-11 10:00:24+00:00,NAC802,20.241704391220868,-68.99808571555394,11277.6,121.4126459048727,247.74738556537665
2024-06-11 10:00:26+00:00,NAC802,20.239654541015625,-68.99453299386158,11277.6,121.4126459048727,247.74738556537665
2024-06-11 10:00:27+00:00,NAC802,20.238510131835938,-68.99252210344588,11277.6,121.4126459048727,247.74738556537665
2024-06-11 10:00:28+00:00,NAC802,20.237142271914724,-68.990195534446,11277.6,121.4126459048727,247.74738556537665
2024-06-11 10:00:30+00:00,NAC802,20.234814660023837,-68.98615056818181,11277.6,121.4126459048727,247.74738556537665
2024-06-11 10:00:31+00:00,NAC802,20.234161376953125,-68.98506709507535,11277.6,121.4126459048727,247.74738556537665
2024-06-11 10:00:32+00:00,NAC802,20.23234739141949,-68.98195578835225,11277.6,121.4126459048727,247.74738556537665
2024-06-11 10:00:33+00:00,NAC802,20.23114013671875,-68.97981916155135,11277.6,121.4126459048727,247.74738556537665
2024-06-11 10:00:34+00:00,NAC802,20.229995727539062,-68.97780827113559,11277.6,121.4126459048727,247.74738556537665
2024-06-11 10:00:35+00:00,NAC802,20.229400634765625,-68.97677830287387,11277.6,121.4126459048727,247.74738556537665
2024-06-11 10:00:36+00:00,NAC802,20.22829734672934,-68.97486461292613,11277.6,121.4126459048727,247.74738556537665
2024-06-11 10:00:37+00:00,NAC802,20.22769216763771,-68.97386585582387,11277.6,121.4126459048727,247.74738556537665
2024-06-11 10:00:38+00:00,NAC802,20.225418090820312,-68.96991184779574,11277.6,121.4126459048727,247.74738556537665
2024-06-11 10:00:39+00:00,NAC802,20.224200749801376,-68.96782337535512,11277.6,121.4126459048727,247.74738556537665
2024-06-11 10:00:40+00:00,NAC802,20.223176600569385,-68.96597567471588,11277.6,121.4126459048727,247.74738556537665
2024-06-11 10:00:42+00:00,NAC802,20.22210589909957,-68.96417791193181,11277.6,121.4126459048727,247.74738556537665
2024-06-11 10:00:43+00:00,NAC802,20.22084898867849,-68.96193070845169,11277.6,121.4126459048727,247.74738556537665
2024-06-11 10:00:46+00:00,NAC802,20.21628686937235,-68.95409046519887,11277.6,121.4126459048727,247.74738556537665
2024-06-11 10:00:48+00:00,NAC802,20.213882446289062,-68.9499500819615,11285.22,121.4126459048727,247.74738556537665
2024-06-11 10:00:53+00:00,NAC802,20.208526611328125,-68.94068036760603,11285.22,121.47476491875533,247.30848599665708
2024-06-11 10:00:54+00:00,NAC802,20.208000571040785,-68.93975830078125,11285.22,121.47476491875533,247.30848599665708
2024-06-11 10:00:55+00:00,NAC802,20.205734252929688,-68.93582480294361,11285.22,121.47476491875533,247.30848599665708
2024-06-11 10:00:56+00:00,NAC802,20.204648809917902,-68.93391557173294,11285.22,121.47476491875533,247.30848599665708
2024-06-11 10:00:57+00:00,NAC802,20.203345347259003,-68.93171830610794,11285.22,121.47476491875533,247.30848599665708
2024-06-11 10:00:59+00:00,NAC802,20.20148325774629,-68.92847234552556,11285.22,121.57630389402978,247.57747780929944
2024-06-11 10:01:00+00:00,NAC802,20.200319451800848,-68.926474831321,11285.22,121.57630389402978,247.57747780929944
2024-06-11 10:01:01+00:00,NAC802,20.198690123477224,-68.9236283735795,11285.22,121.57630389402978,247.57747780929944
2024-06-11 10:01:02+00:00,NAC802,20.19752631753178,-68.921630859375,11285.22,121.57630389402978,247.57747780929944
2024-06-11 10:01:03+00:00,NAC802,20.19639587402344,-68.91968863351002,11285.22,121.57630389402978,247.57747780929944
2024-06-11 10:01:04+00:00,NAC802,20.19525146484375,-68.91767774309432,11285.22,121.57630389402978,247.57747780929944
2024-06-11 10:01:05+00:00,NAC802,20.194061279296875,-68.91566685267856,11285.22,121.57630389402978,247.57747780929944
2024-06-11 10:01:06+00:00,NAC802,20.192916870117188,-68.91365596226285,11285.22,121.57630389402978,247.57747780929944
2024-06-11 10:01:07+00:00,NAC802,20.191726684570312,-68.91164507184709,11285.22,121.57630389402978,247.57747780929944
2024-06-11 10:01:08+00:00,NAC802,20.190444946289062,-68.90943799700057,11285.22,121.57630389402978,247.57747780929944
2024-06-11 10:01:09+00:00,NAC802,20.18975830078125,-68.90821184430803,11285.22,121.57630389402978,247.57747780929944
2024-06-11 10:01:10+00:00,NAC802,20.18916320800781,-68.90718187604631,11285.22,121.51407260298885,248.01590135903544
2024-06-11 10:01:11+00:00,NAC802,20.18723827297405,-68.9038529829545,11285.22,121.51407260298885,248.01590135903544
2024-06-11 10:01:12+00:00,NAC802,20.186004638671875,-68.90173775809149,11285.22,121.51407260298885,248.01590135903544
2024-06-11 10:01:13+00:00,NAC802,20.18495178222656,-68.8999230521066,11277.6,121.57630389402978,247.57747780929944
2024-06-11 10:01:14+00:00,NAC802,20.184402465820312,-68.89894212995256,11285.22,121.57630389402978,247.57747780929944
2024-06-11 10:01:15+00:00,NAC802,20.18314167604608,-68.8968117453835,11277.6,121.57630389402978,247.57747780929944
2024-06-11 10:01:16+00:00,NAC802,20.181977870100635,-68.89481423117894,11277.6,121.57630389402978,247.57747780929944
2024-06-11 10:01:17+00:00,NAC802,20.180720959679554,-68.89256702769887,11277.6,121.57630389402978,247.57747780929944
2024-06-11 10:01:18+00:00,NAC802,20.17955715373411,-68.89056951349431,11277.6,121.57630389402978,247.57747780929944
2024-06-11 10:01:20+00:00,NAC802,20.17689514160156,-68.88604300362721,11277.6,121.57630389402978,247.57747780929944
2024-06-11 10:01:22+00:00,NAC802,20.174529512049787,-68.8818803267045,11277.6,121.57630389402978,247.57747780929944
2024-06-11 10:01:23+00:00,NAC802,20.17331915386653,-68.8798828125,11277.6,121.57630389402978,247.57747780929944
2024-06-11 10:01:24+00:00,NAC802,20.17206224344545,-68.877685546875,11277.6,121.57630389402978,247.57747780929944
2024-06-11 10:01:25+00:00,NAC802,20.170806884765625,-68.87554713657926,11277.6,121.57630389402978,247.57747780929944
2024-06-11 10:01:26+00:00,NAC802,20.16912945246292,-68.8726418235085,11277.6,121.51407260298885,248.01590135903544
2024-06-11 10:01:27+00:00,NAC802,20.168472290039062,-68.87152535574774,11277.6,121.51407260298885,248.01590135903544
2024-06-11 10:01:28+00:00,NAC802,20.16732788085937,-68.86951446533203,11277.6,121.51407260298885,248.01590135903544
2024-06-11 10:01:29+00:00,NAC802,20.166103557004767,-68.86739834872157,11277.6,121.51407260298885,248.01590135903544
2024-06-11 10:01:30+00:00,NAC802,20.16485595703125,-68.86524745396207,11277.6,121.51407260298885,248.01590135903544
2024-06-11 10:01:31+00:00,NAC802,20.16377594511388,-68.86335338245738,11277.6,121.51407260298885,248.01590135903544
2024-06-11 10:01:32+00:00,NAC802,20.163116455078125,-68.86225564139227,11277.6,121.51407260298885,248.01590135903544
2024-06-11 10:01:33+00:00,NAC802,20.161605834960938,-68.85960715157643,11277.6,121.51407260298885,248.01590135903544
2024-06-11 10:01:34+00:00,NAC802,20.16046142578125,-68.85759626116072,11277.6,121.51407260298885,248.01590135903544
2024-06-11 10:01:36+00:00,NAC802,20.158282781051376,-68.85386518998575,11277.6,121.51407260298885,248.01590135903544
2024-06-11 10:01:37+00:00,NAC802,20.15711897510593,-68.85186767578125,11277.6,121.51407260298885,248.01590135903544
2024-06-11 10:01:38+00:00,NAC802,20.156021118164062,-68.84994506835938,11277.6,121.51407260298885,248.01590135903544
2024-06-11 10:01:39+00:00,NAC802,20.15488446769068,-68.8480224609375,11277.6,121.51407260298885,248.01590135903544
2024-06-11 10:01:40+00:00,NAC802,20.1536275572696,-68.84577525745738,11277.6,121.51407260298885,248.01590135903544
2024-06-11 10:01:41+00:00,NAC802,20.152324094610695,-68.84357799183238,11277.6,121.51407260298885,248.01590135903544
2024-06-11 10:01:42+00:00,NAC802,20.151123046875,-68.84146009172713,11277.6,121.51407260298885,248.01590135903544
2024-06-11 10:01:43+00:00,NAC802,20.149996482719807,-68.83953302556819,11277.6,121.51407260298885,248.01590135903544
2024-06-11 10:01:44+00:00,NAC802,20.14888000488281,-68.83763449532643,11277.6,121.51407260298885,248.01590135903544
2024-06-11 10:01:45+00:00,NAC802,20.14766887082892,-68.83548805930394,11277.6,121.51407260298885,248.01590135903544
2024-06-11 10:01:46+00:00,NAC802,20.14654541015625,-68.83361271449496,11277.6,121.51407260298885,248.01590135903544
2024-06-11 10:01:48+00:00,NAC802,20.144410214181672,-68.82984508167613,11277.6,121.51407260298885,248.01590135903544
2024-06-11 10:01:50+00:00,NAC802,20.142082602290785,-68.825850053267,11277.6,121.57630389402978,247.57747780929944
2024-06-11 10:01:51+00:00,NAC802,20.14096069335937,-68.82390158517018,11277.6,121.57630389402978,247.57747780929944
2024-06-11 10:01:52+00:00,NAC802,20.13961533368644,-68.82160533558238,11277.6,121.57630389402978,247.57747780929944
2024-06-11 10:01:53+00:00,NAC802,20.138451527740997,-68.81955788352269,11277.6,121.57630389402978,247.57747780929944
2024-06-11 10:01:54+00:00,NAC802,20.137194617319917,-68.81736061789769,11277.6,121.57630389402978,247.57747780929944
2024-06-11 10:01:55+00:00,NAC802,20.13592529296875,-68.81526947021484,11277.6,121.57630389402978,247.57747780929944
2024-06-11 10:01:56+00:00,NAC802,20.13496010990466,-68.81351540305394,11277.6,121.57630389402978,247.57747780929944
2024-06-11 10:01:57+00:00,NAC802,20.13372802734375,-68.81144387381414,11277.6,121.57630389402978,247.57747780929944
2024-06-11 10:01:58+00:00,NAC802,20.13249284130032,-68.80932062322444,11277.6,121.57630389402978,247.57747780929944
2024-06-11 10:01:59+00:00,NAC802,20.13148498535156,-68.80756923130582,11277.6,121.57630389402978,247.57747780929944
2024-06-11 10:02:00+00:00,NAC802,20.13043212890625,-68.80580357142856,11277.6,121.57630389402978,247.57747780929944
2024-06-11 10:02:01+00:00,NAC802,20.129234184653072,-68.80367764559657,11277.6,121.57630389402978,247.57747780929944
2024-06-11 10:02:02+00:00,NAC802,20.12754821777344,-68.80075182233537,11277.6,121.57630389402978,247.57747780929944
2024-06-11 10:02:03+00:00,NAC802,20.126220703125,-68.79854474748885,11277.6,121.57630389402978,247.57747780929944
2024-06-11 10:02:04+00:00,NAC802,20.12567138671875,-68.79751477922713,11277.6,121.57630389402978,247.57747780929944
2024-06-11 10:02:05+00:00,NAC802,20.124299647444385,-68.79518821022725,11277.6,121.57630389402978,247.57747780929944
2024-06-11 10:02:06+00:00,NAC802,20.123062133789062,-68.79310062953402,11277.6,121.57630389402978,247.57747780929944
2024-06-11 10:02:07+00:00,NAC802,20.12200927734375,-68.79128592354908,11277.6,121.57630389402978,247.57747780929944
2024-06-11 10:02:08+00:00,NAC802,20.120864868164062,-68.78927503313338,11277.6,121.57630389402978,247.57747780929944
2024-06-11 10:02:09+00:00,NAC802,20.11958312988281,-68.7870679582868,11277.6,121.57630389402978,247.57747780929944
2024-06-11 10:02:10+00:00,NAC802,20.1185302734375,-68.78525325230191,11277.6,121.57630389402978,247.57747780929944
2024-06-11 10:02:11+00:00,NAC802,20.117270259533896,-68.78310324928975,11277.6,121.57630389402978,247.57747780929944
2024-06-11 10:02:12+00:00,NAC802,20.116013349112816,-68.78090598366475,11277.6,121.57630389402978,247.57747780929944
2024-06-11 10:02:13+00:00,NAC802,20.11494264764301,-68.77910822088069,11277.6,121.57630389402978,247.57747780929944
2024-06-11 10:02:14+00:00,NAC802,20.11358642578125,-68.77676827566961,11277.6,121.57630389402978,247.57747780929944
2024-06-11 10:02:15+00:00,NAC802,20.1123046875,-68.77456120082309,11277.6,121.57630389402978,247.57747780929944
2024-06-11 10:02:16+00:00,NAC802,20.111251831054688,-68.77274649483815,11285.22,121.57630389402978,247.57747780929944
2024-06-11 10:02:17+00:00,NAC802,20.11019897460937,-68.7709317888532,11285.22,121.57630389402978,247.57747780929944
2024-06-11 10:02:18+00:00,NAC802,20.109054565429688,-68.7689208984375,11277.6,121.57630389402978,247.57747780929944
2024-06-11 10:02:19+00:00,NAC802,20.10791325973252,-68.76702325994319,11277.6,121.57630389402978,247.57747780929944
2024-06-11 10:02:20+00:00,NAC802,20.10688911050053,-68.76517555930394,11285.22,121.6776221480948,247.8472454882802
2024-06-11 10:02:21+00:00,NAC802,20.105758666992188,-68.76328059605191,11277.6,121.6776221480948,247.8472454882802
2024-06-11 10:02:22+00:00,NAC802,20.104476928710938,-68.76107352120533,11277.6,121.6776221480948,247.8472454882802
2024-06-11 10:02:23+00:00,NAC802,20.103286743164062,-68.75906263078963,11277.6,121.6776221480948,247.8472454882802
2024-06-11 10:02:24+00:00,NAC802,20.102094230005296,-68.75693581321019,11277.6,121.6776221480948,247.8472454882802
2024-06-11 10:02:25+00:00,NAC802,20.1009521484375,-68.75504084995816,11277.6,121.6776221480948,247.8472454882802
2024-06-11 10:02:26+00:00,NAC802,20.09967041015625,-68.75283377511158,11277.6,121.57630389402978,247.57747780929944
2024-06-11 10:02:27+00:00,NAC802,20.09852600097656,-68.75077383858815,11277.6,121.57630389402978,247.57747780929944
2024-06-11 10:02:28+00:00,NAC802,20.097392453985695,-68.74889581853694,11277.6,121.51407260298885,248.01590135903544
2024-06-11 10:02:29+00:00,NAC802,20.096135543564618,-68.74664861505681,11277.6,121.51407260298885,248.01590135903544
2024-06-11 10:02:30+00:00,NAC802,20.09490966796875,-68.74454498291016,11277.6,121.51407260298885,248.01590135903544
2024-06-11 10:02:31+00:00,NAC802,20.09335327148437,-68.74194553920199,11277.6,121.51407260298885,248.01590135903544
2024-06-11 10:02:32+00:00,NAC802,20.092364812301376,-68.74020663174713,11277.6,121.51407260298885,248.01590135903544
2024-06-11 10:02:33+00:00,NAC802,20.091340663069385,-68.73835893110794,11277.6,121.51407260298885,248.01590135903544
2024-06-11 10:02:34+00:00,NAC802,20.090789794921875,-68.73748234340121,11277.6,121.51407260298885,248.01590135903544
2024-06-11 10:02:35+00:00,NAC802,20.0898044392214,-68.735762162642,11277.6,121.51407260298885,248.01590135903544
2024-06-11 10:02:36+00:00,NAC802,20.08799743652344,-68.73262677873885,11277.6,121.51407260298885,248.01590135903544
2024-06-11 10:02:37+00:00,NAC802,20.087310791015625,-68.73144967215399,11277.6,121.51407260298885,248.01590135903544
2024-06-11 10:02:38+00:00,NAC802,20.08617336467161,-68.72951993075282,11277.6,121.51407260298885,248.01590135903544
2024-06-11 10:02:39+00:00,NAC802,20.084976196289062,-68.72742789132252,11285.22,121.57630389402978,247.57747780929944
2024-06-11 10:02:40+00:00,NAC802,20.083752648305083,-68.72527521306819,11285.22,121.57630389402978,247.57747780929944
2024-06-11 10:02:41+00:00,NAC802,20.082504272460938,-68.72316087995256,11285.22,121.57630389402978,247.57747780929944
2024-06-11 10:02:42+00:00,NAC802,20.08128537970074,-68.7210304953835,11285.22,121.57630389402978,247.57747780929944
2024-06-11 10:02:43+00:00,NAC802,20.080121573755296,-68.71903298117894,11285.22,121.57630389402978,247.57747780929944
2024-06-11 10:02:44+00:00,NAC802,20.079050872285485,-68.71723521839488,11285.22,121.57630389402978,247.57747780929944
2024-06-11 10:02:46+00:00,NAC802,20.0767232603946,-68.71319025213069,11285.22,121.57630389402978,247.57747780929944
2024-06-11 10:02:47+00:00,NAC802,20.075559454449152,-68.71119273792613,11285.22,121.6776221480948,247.8472454882802
2024-06-11 10:02:49+00:00,NAC802,20.073257446289062,-68.70726994105746,11285.22,121.6776221480948,247.8472454882802
2024-06-11 10:02:50+00:00,NAC802,20.07220458984375,-68.70545523507252,11285.22,121.6776221480948,247.8472454882802
2024-06-11 10:02:51+00:00,NAC802,20.070877075195312,-68.703248160226,11285.22,121.84139309365273,247.6806118286964
2024-06-11 10:02:52+00:00,NAC802,20.069732666015625,-68.70123726981024,11285.22,122.00538320808352,247.5160044644861
2024-06-11 10:02:53+00:00,NAC802,20.068634033203125,-68.69947160993303,11285.22,122.10625595511785,247.78904325968892
2024-06-11 10:02:54+00:00,NAC802,20.066807633739405,-68.69636119495738,11285.22,122.27034748742132,247.62771425176328
2024-06-11 10:02:55+00:00,NAC802,20.06625366210937,-68.69544982910156,11285.22,122.43465162009272,247.46841895900656
2024-06-11 10:02:56+00:00,NAC802,20.0643310546875,-68.692261832101,11285.22,122.59916605907986,247.3111613112203
2024-06-11 10:02:57+00:00,NAC802,20.06378173828125,-68.691367409446,11285.22,122.69946112100192,247.58870172854412
2024-06-11 10:02:58+00:00,NAC802,20.062545776367188,-68.68931906563893,11285.22,122.76388849058368,247.15594519787496
2024-06-11 10:02:59+00:00,NAC802,20.060714721679688,-68.68632725306918,11285.22,122.76388849058368,247.15594519787496
2024-06-11 10:03:00+00:00,NAC802,20.060057559255824,-68.685225053267,11285.22,122.76388849058368,247.15594519787496
2024-06-11 10:03:01+00:00,NAC802,20.058847201072563,-68.6832275390625,11285.22,123.02886457126569,247.28280150418917
2024-06-11 10:03:02+00:00,NAC802,20.05718994140625,-68.68058885846818,11285.22,123.02886457126569,247.28280150418917
2024-06-11 10:03:03+00:00,NAC802,20.05645751953125,-68.67941175188338,11285.22,123.02886457126569,247.28280150418917
2024-06-11 10:03:04+00:00,NAC802,20.05470405190678,-68.67653586647725,11285.22,123.19386936981049,247.1329220957866
2024-06-11 10:03:05+00:00,NAC802,20.05349369372352,-68.67453835227269,11285.22,123.19386936981049,247.1329220957866
2024-06-11 10:03:06+00:00,NAC802,20.05223678330244,-68.67259077592325,11285.22,123.29356327084668,247.414941180109
2024-06-11 10:03:07+00:00,NAC802,20.050827026367188,-68.67033822195867,11277.6,123.35907305958511,246.98509480930343
2024-06-11 10:03:08+00:00,NAC802,20.049636840820312,-68.66837637765065,11277.6,123.45863747670198,247.2683528047484
2024-06-11 10:03:09+00:00,NAC802,20.048492431640625,-68.6665616716657,11277.6,123.45863747670198,247.2683528047484
2024-06-11 10:03:10+00:00,NAC802,20.047393798828125,-68.6647960117885,11285.22,123.45863747670198,247.2683528047484
2024-06-11 10:03:11+00:00,NAC802,20.046091887910485,-68.66275301846588,11285.22,123.52447324857695,246.8393233316677
2024-06-11 10:03:12+00:00,NAC802,20.044830322265625,-68.66067613874162,11285.22,123.62390614717285,247.12381934752227
2024-06-11 10:03:13+00:00,NAC802,20.043685913085938,-68.65891047886441,11285.22,123.62390614717285,247.12381934752227
2024-06-11 10:03:14+00:00,NAC802,20.0423583984375,-68.65675245012557,11277.6,123.62390614717285,247.12381934752227
2024-06-11 10:03:15+00:00,NAC802,20.041297007415253,-68.6551125266335,11285.22,123.52447324857695,246.8393233316677
2024-06-11 10:03:16+00:00,NAC802,20.039807335805083,-68.65276544744319,11285.22,123.52447324857695,246.8393233316677
2024-06-11 10:03:17+00:00,NAC802,20.03920215671345,-68.65176669034088,11285.22,123.52447324857695,246.8393233316677
2024-06-11 10:03:18+00:00,NAC802,20.03785214181673,-68.649619362571,11277.6,123.52447324857695,246.8393233316677
2024-06-11 10:03:19+00:00,NAC802,20.036590576171875,-68.64753178187777,11285.22,123.52447324857695,246.8393233316677
2024-06-11 10:03:20+00:00,NAC802,20.034546932931672,-68.64432594992894,11285.22,123.62390614717285,247.12381934752227
2024-06-11 10:03:21+00:00,NAC802,20.03342967922405,-68.64252818714488,11285.22,123.62390614717285,247.12381934752227
2024-06-11 10:03:22+00:00,NAC802,20.032824500132413,-68.64152943004262,11285.22,123.62390614717285,247.12381934752227
2024-06-11 10:03:23+00:00,NAC802,20.031509399414062,-68.63948822021484,11285.22,123.62390614717285,247.12381934752227
2024-06-11 10:03:24+00:00,NAC802,20.0302734375,-68.63752637590682,11277.6,123.62390614717285,247.12381934752227
2024-06-11 10:03:25+00:00,NAC802,20.02894592285156,-68.63536834716797,11277.6,123.62390614717285,247.12381934752227
2024-06-11 10:03:26+00:00,NAC802,20.0277099609375,-68.63340650285994,11277.6,123.62390614717285,247.12381934752227
2024-06-11 10:03:27+00:00,NAC802,20.02630718683792,-68.63114235617894,11277.6,123.52447324857695,246.8393233316677
2024-06-11 10:03:28+00:00,NAC802,20.02556235103284,-68.62999378551137,11285.22,123.52447324857695,246.8393233316677
2024-06-11 10:03:29+00:00,NAC802,20.023700261520126,-68.62704745205963,11277.6,123.52447324857695,246.8393233316677
2024-06-11 10:03:30+00:00,NAC802,20.02309508242849,-68.62604869495738,11277.6,123.52447324857695,246.8393233316677
2024-06-11 10:03:31+00:00,NAC802,20.021163940429688,-68.62300872802734,11277.6,123.52447324857695,246.8393233316677
2024-06-11 10:03:32+00:00,NAC802,20.020488157110695,-68.62195379083806,11277.6,123.52447324857695,246.8393233316677
2024-06-11 10:03:33+00:00,NAC802,20.01983642578125,-68.6208506992885,11277.6,123.52447324857695,246.8393233316677
2024-06-11 10:03:34+00:00,NAC802,20.017868041992188,-68.61771174839566,11277.6,123.52447324857695,246.8393233316677
2024-06-11 10:03:35+00:00,NAC802,20.01606569451801,-68.61486261541194,11277.6,123.52447324857695,246.8393233316677
2024-06-11 10:03:36+00:00,NAC802,20.015533447265625,-68.61398424421037,11277.6,123.52447324857695,246.8393233316677
2024-06-11 10:03:38+00:00,NAC802,20.012924194335938,-68.6098643711635,11277.6,123.52447324857695,246.8393233316677
2024-06-11 10:03:39+00:00,NAC802,20.01164323192532,-68.60782137784088,11277.6,123.6900675259798,246.69561130718796
2024-06-11 10:03:40+00:00,NAC802,20.01043287374205,-68.60587380149144,11277.6,123.6900675259798,246.69561130718796
2024-06-11 10:03:41+00:00,NAC802,20.00880354541843,-68.60332697088069,11277.6,123.6900675259798,246.69561130718796
2024-06-11 10:03:43+00:00,NAC802,20.00708111261917,-68.60058038884944,11277.6,123.6900675259798,246.69561130718796
2024-06-11 10:03:44+00:00,NAC802,20.00532531738281,-68.59770093645369,11277.6,123.6900675259798,246.69561130718796
2024-06-11 10:03:45+00:00,NAC802,20.00408935546875,-68.59573909214566,11277.6,123.6900675259798,246.69561130718796
2024-06-11 10:03:46+00:00,NAC802,20.00289141121557,-68.59388871626419,11277.6,123.6900675259798,246.69561130718796
2024-06-11 10:03:47+00:00,NAC802,20.001754760742188,-68.59201158796037,11277.6,123.6900675259798,246.69561130718796
2024-06-11 10:03:48+00:00,NAC802,20.00111389160156,-68.59107971191406,11277.6,123.6900675259798,246.69561130718796
2024-06-11 10:03:49+00:00,NAC802,19.999679306806144,-68.58879505504262,11277.6,123.6900675259798,246.69561130718796
2024-06-11 10:03:50+00:00,NAC802,19.998329291909428,-68.58664772727269,11277.6,123.59053818860554,246.41062089966
2024-06-11 10:03:51+00:00,NAC802,19.99658203125,-68.5838208879743,11277.6,123.59053818860554,246.41062089966
2024-06-11 10:03:52+00:00,NAC802,19.995396500926905,-68.581953568892,11277.6,123.59053818860554,246.41062089966
2024-06-11 10:03:53+00:00,NAC802,19.994110107421875,-68.57989719935824,11277.6,123.59053818860554,246.41062089966
2024-06-11 10:03:54+00:00,NAC802,19.99360656738281,-68.57911246163502,11277.6,123.59053818860554,246.41062089966
2024-06-11 10:03:55+00:00,NAC802,19.991858530852756,-68.57626065340907,11277.6,123.59053818860554,246.41062089966
2024-06-11 10:03:56+00:00,NAC802,19.99067687988281,-68.57440403529574,11277.6,123.59053818860554,246.41062089966
2024-06-11 10:03:57+00:00,NAC802,19.98944091796875,-68.57244219098772,11277.6,123.59053818860554,246.41062089966
2024-06-11 10:03:58+00:00,NAC802,19.988204956054688,-68.57048034667969,11277.6,123.59053818860554,246.41062089966
2024-06-11 10:03:59+00:00,NAC802,19.98760986328125,-68.56949942452565,11277.6,123.59053818860554,246.41062089966
2024-06-11 10:04:00+00:00,NAC802,19.985641479492188,-68.56636047363281,11277.6,123.59053818860554,246.41062089966
2024-06-11 10:04:02+00:00,NAC802,19.9830322265625,-68.56224060058594,11277.6,123.59053818860554,246.41062089966
2024-06-11 10:04:03+00:00,NAC802,19.98175669524629,-68.5601806640625,11277.6,123.59053818860554,246.41062089966
2024-06-11 10:04:04+00:00,NAC802,19.980697631835938,-68.55851309640065,11277.6,123.59053818860554,246.41062089966
2024-06-11 10:04:05+00:00,NAC802,19.9801025390625,-68.55753217424666,11277.6,123.59053818860554,246.41062089966
2024-06-11 10:04:06+00:00,NAC802,19.97886657714844,-68.55561937604631,11277.6,123.59053818860554,246.41062089966
2024-06-11 10:04:07+00:00,NAC802,19.97710147146451,-68.55273992365056,11277.6,123.59053818860554,246.41062089966
2024-06-11 10:04:08+00:00,NAC802,19.975984217756885,-68.55099209872157,11277.6,123.59053818860554,246.41062089966
2024-06-11 10:04:09+00:00,NAC802,19.97470092773437,-68.548949105399,11277.6,123.59053818860554,246.41062089966
2024-06-11 10:04:10+00:00,NAC802,19.974105834960938,-68.54796818324496,11277.6,123.59053818860554,246.41062089966
2024-06-11 10:04:11+00:00,NAC802,19.972166934255824,-68.54489968039769,11277.6,123.59053818860554,246.41062089966
2024-06-11 10:04:12+00:00,NAC802,19.970956576072563,-68.54295210404825,11277.6,123.59053818860554,246.41062089966
2024-06-11 10:04:13+00:00,NAC802,19.969528198242188,-68.54070935930525,11277.6,123.59053818860554,246.41062089966
2024-06-11 10:04:14+00:00,NAC802,19.96825654627913,-68.5386574485085,11277.6,123.490778661791,246.126375773388
2024-06-11 10:04:15+00:00,NAC802,19.967139292571503,-68.5369096235795,11277.6,123.490778661791,246.126375773388
2024-06-11 10:04:16+00:00,NAC802,19.966673770193324,-68.53611061789769,11277.6,123.490778661791,246.126375773388
2024-06-11 10:04:17+00:00,NAC802,19.965184098583155,-68.53376353870738,11277.6,123.490778661791,246.126375773388
2024-06-11 10:04:18+00:00,NAC802,19.96457891949153,-68.53276478160512,11277.6,123.490778661791,246.126375773388
2024-06-11 10:04:19+00:00,NAC802,19.962203979492188,-68.52893829345703,11277.6,123.490778661791,246.126375773388
2024-06-11 10:04:20+00:00,NAC802,19.96087646484375,-68.52682931082586,11277.6,123.490778661791,246.126375773388
2024-06-11 10:04:21+00:00,NAC802,19.95977783203125,-68.52506365094865,11277.6,123.490778661791,246.126375773388
2024-06-11 10:04:24+00:00,NAC802,19.956990904727224,-68.5206298828125,11277.6,123.32491976124724,246.2725692529885
2024-06-11 10:04:25+00:00,NAC802,19.955920203257413,-68.5188820578835,11277.6,123.32491976124724,246.2725692529885
2024-06-11 10:04:26+00:00,NAC802,19.954802949549787,-68.51708429509944,11277.6,123.32491976124724,246.2725692529885
2024-06-11 10:04:27+00:00,NAC802,19.95245361328125,-68.51329258510043,11277.6,123.32491976124724,246.2725692529885
2024-06-11 10:04:29+00:00,NAC802,19.950194278005824,-68.5096435546875,11277.6,123.32491976124724,246.2725692529885
2024-06-11 10:04:30+00:00,NAC802,19.94884426310911,-68.50749622691762,11277.6,123.39078875299604,245.8428785134691
2024-06-11 10:04:31+00:00,NAC802,19.947633904925848,-68.50554865056819,11277.6,123.39078875299604,245.8428785134691
2024-06-11 10:04:32+00:00,NAC802,19.946365356445312,-68.50348336356024,11277.6,123.39078875299604,245.8428785134691
2024-06-11 10:04:33+00:00,NAC802,19.94521318855932,-68.50160356001419,11277.6,123.39078875299604,245.8428785134691
2024-06-11 10:04:34+00:00,NAC802,19.94453430175781,-68.50054059709822,11277.6,123.39078875299604,245.8428785134691
2024-06-11 10:04:35+00:00,NAC802,19.943863173662606,-68.49945623224431,11277.6,123.29056827440328,245.56013171012088
2024-06-11 10:04:36+00:00,NAC802,19.94146728515625,-68.49563598632812,11277.6,123.29056827440328,245.56013171012088
2024-06-11 10:04:37+00:00,NAC802,19.94087219238281,-68.49465506417408,11277.6,123.29056827440328,245.56013171012088
2024-06-11 10:04:38+00:00,NAC802,19.939487263307733,-68.49241499467325,11277.6,123.29056827440328,245.56013171012088
2024-06-11 10:04:39+00:00,NAC802,19.937764830508478,-68.489668412642,11277.6,123.29056827440328,245.56013171012088
2024-06-11 10:04:40+00:00,NAC802,19.936752319335938,-68.48798479352678,11277.6,123.29056827440328,245.56013171012088
2024-06-11 10:04:41+00:00,NAC802,19.93571653204449,-68.48632257634944,11277.6,123.29056827440328,245.56013171012088
2024-06-11 10:04:42+00:00,NAC802,19.934599278336865,-68.48457475142044,11277.6,123.29056827440328,245.56013171012088
2024-06-11 10:04:43+00:00,NAC802,19.933090209960938,-68.48214830671037,11277.6,123.29056827440328,245.56013171012088
2024-06-11 10:04:44+00:00,NAC802,19.932357788085938,-68.48097120012557,11277.6,123.29056827440328,245.56013171012088
2024-06-11 10:04:45+00:00,NAC802,19.930968203787074,-68.478682084517,11277.6,123.29056827440328,245.56013171012088
2024-06-11 10:04:46+00:00,NAC802,19.929840087890625,-68.47685132707869,11277.6,123.29056827440328,245.56013171012088
2024-06-11 10:04:47+00:00,NAC802,19.92854748742055,-68.47478693181819,11277.6,123.29056827440328,245.56013171012088
2024-06-11 10:04:48+00:00,NAC802,19.9266357421875,-68.47175053187777,11277.6,123.29056827440328,245.56013171012088
2024-06-11 10:04:49+00:00,NAC802,19.92598711434057,-68.47069202769887,11277.6,123.29056827440328,245.56013171012088
2024-06-11 10:04:50+00:00,NAC802,19.924713134765625,-68.46861158098494,11277.6,123.29056827440328,245.56013171012088
2024-06-11 10:04:51+00:00,NAC802,19.92352294921875,-68.46664973667691,11277.6,123.29056827440328,245.56013171012088
2024-06-11 10:04:52+00:00,NAC802,19.92242431640625,-68.46488407679965,11277.6,123.29056827440328,245.56013171012088
2024-06-11 10:04:53+00:00,NAC802,19.92114568160752,-68.462851784446,11277.6,123.29056827440328,245.56013171012088
2024-06-11 10:04:54+00:00,NAC802,19.919998168945312,-68.4609603881836,11277.6,123.29056827440328,245.56013171012088
2024-06-11 10:04:55+00:00,NAC802,19.91876220703125,-68.45904758998324,11277.6,123.29056827440328,245.56013171012088
2024-06-11 10:04:56+00:00,NAC802,19.917514607057733,-68.45695911754262,11277.6,123.29056827440328,245.56013171012088
2024-06-11 10:04:57+00:00,NAC802,19.916397353350103,-68.45521129261363,11277.6,123.29056827440328,245.56013171012088
2024-06-11 10:04:58+00:00,NAC802,19.914721472788663,-68.45246471058238,11277.6,123.29056827440328,245.56013171012088
2024-06-11 10:04:59+00:00,NAC802,19.91397663698358,-68.45131613991475,11277.6,123.29056827440328,245.56013171012088
2024-06-11 10:05:00+00:00,NAC802,19.91276627880032,-68.44936856356532,11277.6,123.29056827440328,245.56013171012088
2024-06-11 10:05:01+00:00,NAC802,19.91164902509269,-68.44757080078125,11277.6,123.29056827440328,245.56013171012088
2024-06-11 10:05:02+00:00,NAC802,19.910385131835938,-68.44551086425781,11277.6,123.29056827440328,245.56013171012088
2024-06-11 10:05:03+00:00,NAC802,19.909228308726163,-68.44367564808238,11277.6,123.29056827440328,245.56013171012088
2024-06-11 10:05:04+00:00,NAC802,19.907958984375,-68.44163622174943,11277.6,123.29056827440328,245.56013171012088
2024-06-11 10:05:05+00:00,NAC802,19.906109308792374,-68.43858198686075,11277.6,123.19011704297174,245.2781379586322
2024-06-11 10:05:06+00:00,NAC802,19.904800415039062,-68.43653542654852,11277.6,123.19011704297174,245.2781379586322
2024-06-11 10:05:07+00:00,NAC802,19.904205322265625,-68.43555450439453,11277.6,123.19011704297174,245.2781379586322
2024-06-11 10:05:08+00:00,NAC802,19.90301513671875,-68.4335926600865,11277.6,123.29056827440328,245.56013171012088
2024-06-11 10:05:09+00:00,NAC802,19.901779174804688,-68.43167986188615,11277.6,123.35656850123831,245.13027177415387
2024-06-11 10:05:10+00:00,NAC802,19.90008544921875,-68.4289332798549,11277.6,123.35656850123831,245.13027177415387
2024-06-11 10:05:11+00:00,NAC802,19.89940578654661,-68.42784534801137,11277.6,123.35656850123831,245.13027177415387
2024-06-11 10:05:12+00:00,NAC802,19.89825439453125,-68.42599051339283,11277.6,123.35656850123831,245.13027177415387
2024-06-11 10:05:13+00:00,NAC802,19.897124726893537,-68.42414994673294,11277.6,123.35656850123831,245.13027177415387
2024-06-11 10:05:14+00:00,NAC802,19.895774711996825,-68.42200261896306,11277.6,123.35656850123831,245.13027177415387
2024-06-11 10:05:15+00:00,NAC802,19.894500732421875,-68.41995784214566,11277.6,123.35656850123831,245.13027177415387
2024-06-11 10:05:16+00:00,NAC802,19.89321433891684,-68.41790771484375,11277.6,123.35656850123831,245.13027177415387
2024-06-11 10:05:17+00:00,NAC802,19.892143637447035,-68.41610995205963,11277.6,123.35656850123831,245.13027177415387
2024-06-11 10:05:18+00:00,NAC802,19.89093327926377,-68.41416237571019,11277.6,123.35656850123831,245.13027177415387
2024-06-11 10:05:19+00:00,NAC802,19.88972292108051,-68.41221479936075,11277.6,123.35656850123831,245.13027177415387
2024-06-11 10:05:20+00:00,NAC802,19.8885498046875,-68.41039385114397,11277.6,123.35656850123831,245.13027177415387
2024-06-11 10:05:21+00:00,NAC802,19.887359619140625,-68.40843200683594,11277.6,123.35656850123831,245.13027177415387
2024-06-11 10:05:22+00:00,NAC802,19.88612365722656,-68.40647016252791,11277.6,123.25601689384038,244.84778294898325
2024-06-11 10:05:23+00:00,NAC802,19.884933471679688,-68.40450831821988,11277.6,123.25601689384038,244.84778294898325
2024-06-11 10:05:24+00:00,NAC802,19.883697509765625,-68.4025464739118,11277.6,123.25601689384038,244.84778294898325
2024-06-11 10:05:25+00:00,NAC802,19.882369995117188,-68.40043749128068,11277.6,123.25601689384038,244.84778294898325
2024-06-11 10:05:26+00:00,NAC802,19.88104248046875,-68.39827946254184,11277.6,123.25601689384038,244.84778294898325
2024-06-11 10:05:27+00:00,NAC802,19.87980729442532,-68.39623468572444,11277.6,123.25601689384038,244.84778294898325
2024-06-11 10:05:28+00:00,NAC802,19.878387451171875,-68.39396340506414,11277.6,123.25601689384038,244.84778294898325
2024-06-11 10:05:30+00:00,NAC802,19.87728881835937,-68.39224679129461,11277.6,123.15523331038388,244.56604996452916
2024-06-11 10:05:31+00:00,NAC802,19.874826204978813,-68.38824462890625,11277.6,123.15523331038388,244.56604996452916
2024-06-11 10:05:32+00:00,NAC802,19.87361584679555,-68.38624711470169,11277.6,123.15523331038388,244.56604996452916
2024-06-11 10:05:33+00:00,NAC802,19.87231238413665,-68.38409978693181,11277.6,123.15523331038388,244.56604996452916
2024-06-11 10:05:35+00:00,NAC802,19.870357190148304,-68.38100363991475,11277.6,123.15523331038388,244.56604996452916
2024-06-11 10:05:36+00:00,NAC802,19.86900329589844,-68.37875911167691,11277.6,123.15523331038388,244.56604996452916
2024-06-11 10:05:37+00:00,NAC802,19.86770371259269,-68.376708984375,11277.6,123.15523331038388,244.56604996452916
2024-06-11 10:05:38+00:00,NAC802,19.866493354409428,-68.37476140802556,11277.6,123.15523331038388,244.56604996452916
2024-06-11 10:05:39+00:00,NAC802,19.8658447265625,-68.373658316476,11277.6,123.15523331038388,244.56604996452916
2024-06-11 10:05:40+00:00,NAC802,19.86472436937235,-68.37181507457387,11277.6,123.15523331038388,244.56604996452916
2024-06-11 10:05:41+00:00,NAC802,19.86273193359375,-68.36860656738281,11277.6,123.15523331038388,244.56604996452916
2024-06-11 10:05:42+00:00,NAC802,19.86207089181673,-68.36752041903407,11277.6,123.15523331038388,244.56604996452916
2024-06-11 10:05:43+00:00,NAC802,19.86034845901748,-68.36482377485794,11277.6,123.15523331038388,244.56604996452916
2024-06-11 10:05:44+00:00,NAC802,19.85965017545021,-68.36362526633519,11277.6,123.15523331038388,244.56604996452916
2024-06-11 10:05:45+00:00,NAC802,19.857879638671875,-68.36080823625838,11277.6,123.15523331038388,244.56604996452916
2024-06-11 10:05:46+00:00,NAC802,19.857229459083687,-68.35973011363637,11277.6,123.15523331038388,244.56604996452916
2024-06-11 10:05:47+00:00,NAC802,19.85595703125,-68.35771833147322,11277.6,123.22126389502402,244.13552374672847
2024-06-11 10:05:48+00:00,NAC802,19.85480874271716,-68.3558349609375,11277.6,123.22126389502402,244.13552374672847
2024-06-11 10:05:49+00:00,NAC802,19.85313286215572,-68.35313831676137,11277.6,123.22126389502402,244.13552374672847
2024-06-11 10:05:50+00:00,NAC802,19.852569580078125,-68.35222516741072,11277.6,123.3221487215839,244.4177529862945
2024-06-11 10:05:51+00:00,NAC802,19.85137939453125,-68.35031236921037,11277.6,123.3221487215839,244.4177529862945
2024-06-11 10:05:52+00:00,NAC802,19.8502000711732,-68.34844415838069,11277.6,123.3221487215839,244.4177529862945
2024-06-11 10:05:53+00:00,NAC802,19.849129369703387,-68.34669633345169,11277.6,123.3221487215839,244.4177529862945
2024-06-11 10:05:54+00:00,NAC802,19.847919011520126,-68.34474875710225,11277.6,123.3221487215839,244.4177529862945
2024-06-11 10:05:55+00:00,NAC802,19.84556579589844,-68.34094456263949,11277.6,123.3221487215839,244.4177529862945
2024-06-11 10:05:57+00:00,NAC802,19.84428793697034,-68.33890602805394,11277.6,123.3221487215839,244.4177529862945
2024-06-11 10:05:58+00:00,NAC802,19.842937922073624,-68.33675870028407,11277.6,123.3221487215839,244.4177529862945
2024-06-11 10:05:59+00:00,NAC802,19.841634459414724,-68.33466131036931,11277.6,123.3221487215839,244.4177529862945
2024-06-11 10:06:00+00:00,NAC802,19.839889526367188,-68.33182198660711,11277.6,123.22126389502402,244.13552374672847
2024-06-11 10:06:01+00:00,NAC802,19.839385986328125,-68.33103724888394,11277.6,123.22126389502402,244.13552374672847
2024-06-11 10:06:02+00:00,NAC802,19.838058471679688,-68.3288792201451,11277.6,123.22126389502402,244.13552374672847
2024-06-11 10:06:03+00:00,NAC802,19.83636474609375,-68.32618168422152,11277.6,123.22126389502402,244.13552374672847
2024-06-11 10:06:04+00:00,NAC802,19.835906982421875,-68.3253969464983,11277.6,123.22126389502402,244.13552374672847
2024-06-11 10:06:05+00:00,NAC802,19.834139549126057,-68.32257634943181,11277.6,123.22126389502402,244.13552374672847
2024-06-11 10:06:06+00:00,NAC802,19.833534370034428,-68.32162753018463,11277.6,123.3885135761115,243.98804978925597
2024-06-11 10:06:07+00:00,NAC802,19.83119201660156,-68.31784384591236,11277.6,123.3885135761115,243.98804978925597
2024-06-11 10:06:09+00:00,NAC802,19.829810191009003,-68.31558504971588,11277.6,123.3885135761115,243.98804978925597
2024-06-11 10:06:10+00:00,NAC802,19.82785499702065,-68.31248890269887,11277.6,123.3885135761115,243.98804978925597
2024-06-11 10:06:11+00:00,NAC802,19.826644638837397,-68.31054132634944,11277.6,123.3885135761115,243.98804978925597
2024-06-11 10:06:12+00:00,NAC802,19.825973510742188,-68.30945696149553,11277.6,123.3885135761115,243.98804978925597
2024-06-11 10:06:13+00:00,NAC802,19.824968758275958,-68.30784468217325,11277.6,123.3885135761115,243.98804978925597
2024-06-11 10:06:14+00:00,NAC802,19.82368469238281,-68.30577850341797,11277.6,123.3885135761115,243.98804978925597
2024-06-11 10:06:15+00:00,NAC802,19.82240838519597,-68.30374977805394,11277.6,123.3885135761115,243.98804978925597
2024-06-11 10:06:16+00:00,NAC802,19.82082560911017,-68.30120294744319,11277.6,123.3885135761115,243.98804978925597
2024-06-11 10:06:17+00:00,NAC802,19.820297241210938,-68.30033438546315,11277.6,123.3885135761115,243.98804978925597
2024-06-11 10:06:18+00:00,NAC802,19.818404892743644,-68.29735773259944,11277.6,123.3885135761115,243.98804978925597
2024-06-11 10:06:19+00:00,NAC802,19.81719453456038,-68.29541015625,11277.6,123.3885135761115,243.98804978925597
2024-06-11 10:06:20+00:00,NAC802,19.815353393554688,-68.29238891601562,11277.6,123.3885135761115,243.98804978925597
2024-06-11 10:06:21+00:00,NAC802,19.814680713718214,-68.29136518998575,11277.6,123.3885135761115,243.98804978925597
2024-06-11 10:06:22+00:00,NAC802,19.81329345703125,-68.28910282679965,11277.6,123.3885135761115,243.98804978925597
2024-06-11 10:06:23+00:00,NAC802,19.81219482421875,-68.28738621303012,11277.6,123.2875276889125,243.7053229213194
2024-06-11 10:06:24+00:00,NAC802,19.81104963916843,-68.2855224609375,11277.6,123.2875276889125,243.7053229213194
2024-06-11 10:06:25+00:00,NAC802,19.80967712402344,-68.28331538609098,11277.6,123.2875276889125,243.7053229213194
2024-06-11 10:06:26+00:00,NAC802,19.80908203125,-68.28233446393693,11277.6,123.2875276889125,243.7053229213194
2024-06-11 10:06:27+00:00,NAC802,19.80793063923464,-68.280478737571,11277.6,123.2875276889125,243.7053229213194
2024-06-11 10:06:28+00:00,NAC802,19.806060791015625,-68.27747889927457,11277.6,123.2875276889125,243.7053229213194
2024-06-11 10:06:29+00:00,NAC802,19.804733276367188,-68.2753699166434,11277.6,123.2875276889125,243.7053229213194
2024-06-11 10:06:30+00:00,NAC802,19.803634643554688,-68.27360425676619,11277.6,123.2875276889125,243.7053229213194
2024-06-11 10:06:31+00:00,NAC802,19.802902221679688,-68.27242715018133,11277.6,123.2875276889125,243.7053229213194
2024-06-11 10:06:32+00:00,NAC802,19.80157470703125,-68.27031816755022,11277.6,123.2875276889125,243.7053229213194
2024-06-11 10:06:33+00:00,NAC802,19.7999702065678,-68.26769464666194,11277.6,123.2875276889125,243.7053229213194
2024-06-11 10:06:34+00:00,NAC802,19.798899505097985,-68.26594682173294,11277.6,123.18630753382767,243.42335488950724
2024-06-11 10:06:35+00:00,NAC802,19.79823303222656,-68.26487404959539,11277.6,123.18630753382767,243.42335488950724
2024-06-11 10:06:36+00:00,NAC802,19.796539306640625,-68.26217651367188,11277.6,123.18630753382767,243.42335488950724
2024-06-11 10:06:37+00:00,NAC802,19.795440673828125,-68.26041085379461,11277.6,123.18630753382767,243.42335488950724
2024-06-11 10:06:38+00:00,NAC802,19.794113159179688,-68.2583018711635,11277.6,123.18630753382767,243.42335488950724
2024-06-11 10:06:39+00:00,NAC802,19.79289426641949,-68.25625887784088,11277.6,123.25270365845904,242.9929823596073
2024-06-11 10:06:40+00:00,NAC802,19.79159545898437,-68.2542310442243,11277.6,123.25270365845904,242.9929823596073
2024-06-11 10:06:41+00:00,NAC802,19.7910787291446,-68.25336248224431,11277.6,123.25270365845904,242.9929823596073
2024-06-11 10:06:42+00:00,NAC802,19.789868370961333,-68.25141490589488,11277.6,123.25270365845904,242.9929823596073
2024-06-11 10:06:43+00:00,NAC802,19.78802490234375,-68.24839455740789,11277.6,123.25270365845904,242.9929823596073
2024-06-11 10:06:44+00:00,NAC802,19.78674937102754,-68.24637118252838,11277.6,123.25270365845904,242.9929823596073
2024-06-11 10:06:45+00:00,NAC802,19.785678669557733,-68.24462335759944,11277.6,123.25270365845904,242.9929823596073
2024-06-11 10:06:46+00:00,NAC802,19.78423555018538,-68.24232621626419,11277.6,123.25270365845904,242.9929823596073
2024-06-11 10:06:47+00:00,NAC802,19.783676147460938,-68.24143001011441,11277.6,123.25270365845904,242.9929823596073
2024-06-11 10:06:48+00:00,NAC802,19.78211975097656,-68.23892865862166,11277.6,123.25270365845904,242.9929823596073
2024-06-11 10:06:49+00:00,NAC802,19.78106999801377,-68.23728249289769,11277.6,123.25270365845904,242.9929823596073
2024-06-11 10:06:50+00:00,NAC802,19.779464721679688,-68.23466164725164,11277.6,123.25270365845904,242.9929823596073
2024-06-11 10:06:51+00:00,NAC802,19.77846307269597,-68.23303777521306,11277.6,123.25270365845904,242.9929823596073
2024-06-11 10:06:52+00:00,NAC802,19.77725271451271,-68.23109019886363,11277.6,123.25270365845904,242.9929823596073
2024-06-11 10:06:53+00:00,NAC802,19.775848388671875,-68.22887420654297,11277.6,123.31933530307484,242.5629373000503
2024-06-11 10:06:54+00:00,NAC802,19.775297520524365,-68.22799405184657,11277.6,123.31933530307484,242.5629373000503
2024-06-11 10:06:55+00:00,NAC802,19.77406311035156,-68.22598048618863,11277.6,123.31933530307484,242.5629373000503
2024-06-11 10:06:56+00:00,NAC802,19.773468017578125,-68.22499956403459,11277.6,123.31933530307484,242.5629373000503
2024-06-11 10:06:57+00:00,NAC802,19.770904541015625,-68.22092873709539,11277.6,123.31933530307484,242.5629373000503
2024-06-11 10:06:58+00:00,NAC802,19.76966469974841,-68.21890536221588,11277.6,123.31933530307484,242.5629373000503
2024-06-11 10:06:59+00:00,NAC802,19.768966416181144,-68.21775679154825,11277.6,123.31933530307484,242.5629373000503
2024-06-11 10:07:00+00:00,NAC802,19.76784916247352,-68.21600896661931,11277.6,123.31933530307484,242.5629373000503
2024-06-11 10:07:01+00:00,NAC802,19.766638804290253,-68.214111328125,11277.6,123.31933530307484,242.5629373000503
2024-06-11 10:07:02+00:00,NAC802,19.764962923728813,-68.21141468394887,11277.6,123.31933530307484,242.5629373000503
2024-06-11 10:07:03+00:00,NAC802,19.76375256554555,-68.20946710759944,11277.6,123.31933530307484,242.5629373000503
2024-06-11 10:07:04+00:00,NAC802,19.762527465820312,-68.2074410574777,11277.6,123.31933530307484,242.5629373000503
2024-06-11 10:07:06+00:00,NAC802,19.760866326800848,-68.20482288707387,11277.6,123.31933530307484,242.5629373000503
2024-06-11 10:07:07+00:00,NAC802,19.759002685546875,-68.20184980119978,11277.6,123.31933530307484,242.5629373000503
2024-06-11 10:07:08+00:00,NAC802,19.758352505958687,-68.20077792080963,11277.6,123.31933530307484,242.5629373000503
2024-06-11 10:07:09+00:00,NAC802,19.75721740722656,-68.19895608084539,11277.6,123.31933530307484,242.5629373000503
2024-06-11 10:07:10+00:00,NAC802,19.756027221679688,-68.19699423653736,11277.6,123.31933530307484,242.5629373000503
2024-06-11 10:07:11+00:00,NAC802,19.75425590903072,-68.19423606178975,11277.6,123.31933530307484,242.5629373000503
2024-06-11 10:07:12+00:00,NAC802,19.753005981445312,-68.19218771798268,11277.6,123.31933530307484,242.5629373000503
2024-06-11 10:07:13+00:00,NAC802,19.75181579589844,-68.19027491978238,11277.6,123.38620354186232,242.1332214556649
2024-06-11 10:07:15+00:00,NAC802,19.74989318847656,-68.18718501499723,11277.6,123.38620354186232,242.1332214556649
2024-06-11 10:07:16+00:00,NAC802,19.748762744968214,-68.1853471235795,11277.6,123.38620354186232,242.1332214556649
2024-06-11 10:07:17+00:00,NAC802,19.747412730071503,-68.18324973366475,11277.6,123.38620354186232,242.1332214556649
2024-06-11 10:07:18+00:00,NAC802,19.745819091796875,-68.18061283656527,11277.6,123.38620354186232,242.1332214556649
2024-06-11 10:07:19+00:00,NAC802,19.74462890625,-68.17870003836492,11277.6,123.38620354186232,242.1332214556649
2024-06-11 10:07:20+00:00,NAC802,19.743967864472985,-68.177656693892,11277.6,123.38620354186232,242.1332214556649
2024-06-11 10:07:21+00:00,NAC802,19.742340087890625,-68.1750706263951,11277.6,123.38620354186232,242.1332214556649
2024-06-11 10:07:22+00:00,NAC802,19.741686804819917,-68.17401123046875,11277.6,123.38620354186232,242.1332214556649
2024-06-11 10:07:23+00:00,NAC802,19.74041748046875,-68.17198072160994,11277.6,123.38620354186232,242.1332214556649
2024-06-11 10:07:24+00:00,NAC802,19.738494873046875,-68.16889081682478,11277.6,123.38620354186232,242.1332214556649
2024-06-11 10:07:25+00:00,NAC802,19.73739624023437,-68.16717420305525,11277.6,123.38620354186232,242.1332214556649
2024-06-11 10:07:26+00:00,NAC802,19.736801147460938,-68.16619328090121,11277.6,123.38620354186232,242.1332214556649
2024-06-11 10:07:27+00:00,NAC802,19.73568156614142,-68.16437322443181,11277.6,123.38620354186232,242.1332214556649
2024-06-11 10:07:28+00:00,NAC802,19.734471207958155,-68.16242564808238,11277.6,123.38620354186232,242.1332214556649
2024-06-11 10:07:29+00:00,NAC802,19.73265567068326,-68.15957919034088,11277.6,123.38620354186232,242.1332214556649
2024-06-11 10:07:30+00:00,NAC802,19.7314453125,-68.15763161399144,11277.6,123.38620354186232,242.1332214556649
2024-06-11 10:07:31+00:00,NAC802,19.730281506554554,-68.15573397549713,11277.6,123.4533094540727,241.70383658234783
2024-06-11 10:07:32+00:00,NAC802,19.729751586914062,-68.1548636300223,11277.6,123.4533094540727,241.70383658234783
2024-06-11 10:07:33+00:00,NAC802,19.728372864804022,-68.15263782848012,11277.6,123.4533094540727,241.70383658234783
2024-06-11 10:07:34+00:00,NAC802,19.727022849907307,-68.15054043856532,11277.6,123.4533094540727,241.70383658234783
2024-06-11 10:07:35+00:00,NAC802,19.72576904296875,-68.14848763602117,11277.6,123.4533094540727,241.70383658234783
2024-06-11 10:07:36+00:00,NAC802,19.724441528320312,-68.14637865339006,11277.6,123.35144393016338,241.4206271414334
2024-06-11 10:07:37+00:00,NAC802,19.72320556640625,-68.14439808238637,11277.6,123.35144393016338,241.4206271414334
2024-06-11 10:07:38+00:00,NAC802,19.72213486493644,-68.14265025745738,11277.6,123.35144393016338,241.4206271414334
2024-06-11 10:07:39+00:00,NAC802,19.720784850039724,-68.14055286754262,11277.6,123.35144393016338,241.4206271414334
2024-06-11 10:07:40+00:00,NAC802,19.71968078613281,-68.13872746058871,11277.6,123.35144393016338,241.4206271414334
2024-06-11 10:07:41+00:00,NAC802,19.71835327148437,-68.1366184779576,11277.6,123.35144393016338,241.4206271414334
2024-06-11 10:07:42+00:00,NAC802,19.717025756835938,-68.13446044921875,11277.6,123.28444046549218,241.85051482937715
2024-06-11 10:07:43+00:00,NAC802,19.716502044160485,-68.13361150568181,11277.6,123.28444046549218,241.85051482937715
2024-06-11 10:07:44+00:00,NAC802,19.715103149414062,-68.13141959054127,11277.6,123.28444046549218,241.85051482937715
2024-06-11 10:07:45+00:00,NAC802,19.713848566604877,-68.12936678799713,11277.6,123.28444046549218,241.85051482937715
2024-06-11 10:07:46+00:00,NAC802,19.7120361328125,-68.12641688755582,11277.6,123.28444046549218,241.85051482937715
2024-06-11 10:07:47+00:00,NAC802,19.71138129800053,-68.12532182173294,11277.6,123.28444046549218,241.85051482937715
2024-06-11 10:07:48+00:00,NAC802,19.710205078125,-68.12352316720143,11277.6,123.35144393016338,241.4206271414334
2024-06-11 10:07:49+00:00,NAC802,19.70892333984375,-68.12141418457031,11277.6,123.35144393016338,241.4206271414334
2024-06-11 10:07:50+00:00,NAC802,19.707595825195312,-68.11930520193914,11277.6,123.35144393016338,241.4206271414334
2024-06-11 10:07:51+00:00,NAC802,19.70640563964844,-68.11734335763111,11277.6,123.35144393016338,241.4206271414334
2024-06-11 10:07:52+00:00,NAC802,19.70521545410156,-68.11543055943082,11277.6,123.35144393016338,241.4206271414334
2024-06-11 10:07:53+00:00,NAC802,19.704025268554688,-68.11351776123047,11277.6,123.35144393016338,241.4206271414334
2024-06-11 10:07:54+00:00,NAC802,19.703467417571503,-68.11263760653407,11277.6,123.35144393016338,241.4206271414334
2024-06-11 10:07:55+00:00,NAC802,19.70223999023437,-68.11062404087613,11277.6,123.35144393016338,241.4206271414334
2024-06-11 10:07:56+00:00,NAC802,19.700408935546875,-68.10777936662947,11277.6,123.35144393016338,241.4206271414334
2024-06-11 10:07:57+00:00,NAC802,19.69921875,-68.10586656842912,11277.6,123.35144393016338,241.4206271414334
2024-06-11 10:07:58+00:00,NAC802,19.69820701469809,-68.10419810901988,11277.6,123.35144393016338,241.4206271414334
2024-06-11 10:07:59+00:00,NAC802,19.69699665651483,-68.10230047052556,11277.6,123.35144393016338,241.4206271414334
2024-06-11 10:08:00+00:00,NAC802,19.695877075195312,-68.10047149658203,11277.6,123.35144393016338,241.4206271414334
2024-06-11 10:08:01+00:00,NAC802,19.69482421875,-68.0987548828125,11277.6,123.35144393016338,241.4206271414334
2024-06-11 10:08:02+00:00,NAC802,19.693634033203125,-68.09684208461215,11277.6,123.35144393016338,241.4206271414334
2024-06-11 10:08:03+00:00,NAC802,19.691802978515625,-68.09394836425781,11277.6,123.35144393016338,241.4206271414334
2024-06-11 10:08:04+00:00,NAC802,19.69066555217161,-68.09211314808238,11277.6,123.35144393016338,241.4206271414334
2024-06-11 10:08:05+00:00,NAC802,19.6893310546875,-68.08992658342635,11277.6,123.35144393016338,241.4206271414334
2024-06-11 10:08:06+00:00,NAC802,19.688735961914062,-68.0889456612723,11277.6,123.35144393016338,241.4206271414334
2024-06-11 10:08:07+00:00,NAC802,19.687408447265625,-68.08683667864119,11277.6,123.35144393016338,241.4206271414334
2024-06-11 10:08:08+00:00,NAC802,19.686309814453125,-68.08512006487166,11277.6,123.35144393016338,241.4206271414334
2024-06-11 10:08:09+00:00,NAC802,19.68517238810911,-68.08327414772725,11277.6,123.35144393016338,241.4206271414334
2024-06-11 10:08:10+00:00,NAC802,19.683403403072035,-68.08042768998575,11277.6,123.41868634872824,240.9910707904953
2024-06-11 10:08:11+00:00,NAC802,19.68219304488877,-68.07848011363637,11277.6,123.41868634872824,240.9910707904953
2024-06-11 10:08:12+00:00,NAC802,19.68172752251059,-68.07773104580963,11277.6,123.41868634872824,240.9910707904953
2024-06-11 10:08:13+00:00,NAC802,19.680587768554688,-68.07589939662387,11277.6,123.41868634872824,240.9910707904953
2024-06-11 10:08:14+00:00,NAC802,19.678841283765887,-68.07313676313919,11277.6,123.41868634872824,240.9910707904953
2024-06-11 10:08:15+00:00,NAC802,19.67753782110699,-68.07103937322444,11277.6,123.41868634872824,240.9910707904953
2024-06-11 10:08:16+00:00,NAC802,19.67637634277344,-68.06922912597656,11277.6,123.41868634872824,240.9910707904953
2024-06-11 10:08:17+00:00,NAC802,19.675689697265625,-68.06805201939176,11277.6,123.41868634872824,240.9910707904953
2024-06-11 10:08:18+00:00,NAC802,19.6744188211732,-68.06604558771306,11277.6,123.41868634872824,240.9910707904953
2024-06-11 10:08:19+00:00,NAC802,19.673171997070312,-68.06403023856024,11277.6,123.41868634872824,240.9910707904953
2024-06-11 10:08:20+00:00,NAC802,19.67143947795286,-68.06125155362213,11277.6,123.41868634872824,240.9910707904953
2024-06-11 10:08:21+00:00,NAC802,19.670883178710938,-68.06040082659041,11277.6,123.41868634872824,240.9910707904953
2024-06-11 10:08:22+00:00,NAC802,19.669623940677965,-68.05835515802556,11277.6,123.41868634872824,240.9910707904953
2024-06-11 10:08:23+00:00,NAC802,19.668365478515625,-68.05637904575894,11277.6,123.41868634872824,240.9910707904953
2024-06-11 10:08:24+00:00,NAC802,19.66680908203125,-68.05387769426619,11277.6,123.41868634872824,240.9910707904953
2024-06-11 10:08:25+00:00,NAC802,19.66566700046345,-68.05206298828125,11277.6,123.41868634872824,240.9910707904953
2024-06-11 10:08:26+00:00,NAC802,19.6644287109375,-68.05005209786549,11277.6,123.41868634872824,240.9910707904953
2024-06-11 10:08:27+00:00,NAC802,19.663833618164062,-68.0490711757115,11277.6,123.41868634872824,240.9910707904953
2024-06-11 10:08:28+00:00,NAC802,19.66259455276748,-68.04706920276988,11277.6,123.41868634872824,240.9910707904953
2024-06-11 10:08:29+00:00,NAC802,19.661384194584212,-68.04517156427556,11277.6,123.41868634872824,240.9910707904953
2024-06-11 10:08:30+00:00,NAC802,19.659988403320312,-68.04294041224887,11277.6,123.41868634872824,240.9910707904953
2024-06-11 10:08:31+00:00,NAC802,19.658265194650426,-68.04017777876419,11277.6,123.41868634872824,240.9910707904953
2024-06-11 10:08:32+00:00,NAC802,19.65760803222656,-68.03911481584822,11277.6,123.41868634872824,240.9910707904953
2024-06-11 10:08:33+00:00,NAC802,19.656496209613348,-68.03733132102269,11277.6,123.41868634872824,240.9910707904953
2024-06-11 10:08:34+00:00,NAC802,19.65514619471663,-68.03523393110794,11277.6,123.41868634872824,240.9910707904953
2024-06-11 10:08:35+00:00,NAC802,19.654037475585938,-68.03337642124723,11277.6,123.41868634872824,240.9910707904953
2024-06-11 10:08:36+00:00,NAC802,19.652847290039062,-68.03146362304688,11277.6,123.41868634872824,240.9910707904953
2024-06-11 10:08:37+00:00,NAC802,19.651519775390625,-68.0293546404157,11277.6,123.41868634872824,240.9910707904953
2024-06-11 10:08:38+00:00,NAC802,19.650397866459212,-68.02754350142044,11277.6,123.41868634872824,240.9910707904953
2024-06-11 10:08:39+00:00,NAC802,19.649792687367583,-68.02659468217325,11277.6,123.41868634872824,240.9910707904953
2024-06-11 10:08:40+00:00,NAC802,19.648406982421875,-68.02440098353793,11277.6,123.41868634872824,240.9910707904953
2024-06-11 10:08:41+00:00,NAC802,19.64662170410156,-68.02155630929127,11277.6,123.41868634872824,240.9910707904953
2024-06-11 10:08:42+00:00,NAC802,19.645602985963983,-68.01990300958806,11277.6,123.41868634872824,240.9910707904953
2024-06-11 10:08:43+00:00,NAC802,19.64439262778072,-68.01800537109375,11277.6,123.41868634872824,240.9910707904953
2024-06-11 10:08:44+00:00,NAC802,19.642763299457098,-68.01530872691762,11277.6,123.48616881551298,240.56184755150665
2024-06-11 10:08:45+00:00,NAC802,19.642158120365465,-68.01435990767044,11277.6,123.48616881551298,240.56184755150665
2024-06-11 10:08:46+00:00,NAC802,19.6409912109375,-68.0125318254743,11277.6,123.48616881551298,240.56184755150665
2024-06-11 10:08:47+00:00,NAC802,19.63973740399894,-68.01056463068181,11277.6,123.48616881551298,240.56184755150665
2024-06-11 10:08:48+00:00,NAC802,19.63851928710937,-68.00855909075057,11277.6,123.48616881551298,240.56184755150665
2024-06-11 10:08:49+00:00,NAC802,19.63682556152344,-68.00586155482699,11277.6,123.48616881551298,240.56184755150665
2024-06-11 10:08:50+00:00,NAC802,19.635498046875,-68.00375257219588,11277.6,123.48616881551298,240.56184755150665
2024-06-11 10:08:51+00:00,NAC802,19.634849419028072,-68.00272438742894,11277.6,123.48616881551298,240.56184755150665
2024-06-11 10:08:52+00:00,NAC802,19.633639060844807,-68.00082674893463,11277.6,123.48616881551298,240.56184755150665
2024-06-11 10:08:53+00:00,NAC802,19.632475254899365,-67.99887917258519,11277.6,123.48616881551298,240.56184755150665
2024-06-11 10:08:54+00:00,NAC802,19.63119506835937,-67.99688611711775,11277.6,123.48616881551298,240.56184755150665
2024-06-11 10:08:55+00:00,NAC802,19.629961434057204,-67.99488414417613,11277.6,123.48616881551298,240.56184755150665
2024-06-11 10:08:56+00:00,NAC802,19.628890732587397,-67.99318625710225,11277.6,123.48616881551298,240.56184755150665
2024-06-11 10:08:57+00:00,NAC802,19.62739562988281,-67.99080439976285,11277.6,123.48616881551298,240.56184755150665
2024-06-11 10:08:58+00:00,NAC802,19.62623725503178,-67.98899147727269,11277.6,123.48616881551298,240.56184755150665
2024-06-11 10:08:59+00:00,NAC802,19.624740600585938,-67.98658643450057,11277.6,123.48616881551298,240.56184755150665
2024-06-11 10:09:00+00:00,NAC802,19.624282836914062,-67.98580169677734,11277.6,123.48616881551298,240.56184755150665
2024-06-11 10:09:01+00:00,NAC802,19.622817993164062,-67.98354557582309,11277.6,123.38385784301217,240.27839352174232
2024-06-11 10:09:02+00:00,NAC802,19.621627807617188,-67.98163277762274,11277.6,123.38385784301217,240.27839352174232
2024-06-11 10:09:03+00:00,NAC802,19.620418225304554,-67.97960316051137,11277.6,123.38385784301217,240.27839352174232
2024-06-11 10:09:04+00:00,NAC802,19.619155883789062,-67.97761099679127,11277.6,123.38385784301217,240.27839352174232
2024-06-11 10:09:05+00:00,NAC802,19.617904404462397,-67.97560813210225,11277.6,123.38385784301217,240.27839352174232
2024-06-11 10:09:06+00:00,NAC802,19.61729922537076,-67.97465931285512,11277.6,123.38385784301217,240.27839352174232
2024-06-11 10:09:07+00:00,NAC802,19.616043090820312,-67.9726573399135,11277.6,123.38385784301217,240.27839352174232
2024-06-11 10:09:08+00:00,NAC802,19.61485290527344,-67.97074454171315,11277.6,123.38385784301217,240.27839352174232
2024-06-11 10:09:09+00:00,NAC802,19.613067626953125,-67.96789986746649,11277.6,123.38385784301217,240.27839352174232
2024-06-11 10:09:10+00:00,NAC802,19.611899165783896,-67.96607000177556,11277.6,123.38385784301217,240.27839352174232
2024-06-11 10:09:11+00:00,NAC802,19.61068725585937,-67.96407427106584,11277.6,123.38385784301217,240.27839352174232
2024-06-11 10:09:12+00:00,NAC802,19.610183715820312,-67.96328953334262,11277.6,123.38385784301217,240.27839352174232
2024-06-11 10:09:13+00:00,NAC802,19.608966374801376,-67.96132590553975,11277.6,123.38385784301217,240.27839352174232
2024-06-11 10:09:14+00:00,NAC802,19.607345581054688,-67.95872824532643,11277.6,123.45147850850998,239.8489983203856
2024-06-11 10:09:15+00:00,NAC802,19.60615539550781,-67.95681544712613,11277.6,123.45147850850998,239.8489983203856
2024-06-11 10:09:16+00:00,NAC802,19.60482788085937,-67.95470646449496,11277.6,123.45147850850998,239.8489983203856
2024-06-11 10:09:17+00:00,NAC802,19.603705971927965,-67.95293634588069,11277.6,123.45147850850998,239.8489983203856
2024-06-11 10:09:18+00:00,NAC802,19.60313415527344,-67.95205797467912,11277.6,123.45147850850998,239.8489983203856
2024-06-11 10:09:19+00:00,NAC802,19.60133180779926,-67.94909113103694,11269.98,123.45147850850998,239.8489983203856
2024-06-11 10:09:20+00:00,NAC802,19.600121449615997,-67.94719349254262,11269.98,123.45147850850998,239.8489983203856
2024-06-11 10:09:21+00:00,NAC802,19.598876953125,-67.945191519601,11269.98,123.45147850850998,239.8489983203856
2024-06-11 10:09:22+00:00,NAC802,19.597747285487287,-67.94339821555394,11262.36,123.45147850850998,239.8489983203856
2024-06-11 10:09:23+00:00,NAC802,19.59639727059057,-67.94130082563919,11262.36,123.45147850850998,239.8489983203856
2024-06-11 10:09:25+00:00,NAC802,19.593978881835938,-67.93739318847656,11254.74,123.5538924300073,240.1329592107201
2024-06-11 10:09:26+00:00,NAC802,19.5928127482786,-67.93560791015625,11247.12,123.5538924300073,240.1329592107201
2024-06-11 10:09:27+00:00,NAC802,19.591827392578125,-67.9339599609375,11247.12,123.5538924300073,240.1329592107201
2024-06-11 10:09:28+00:00,NAC802,19.590438584149894,-67.9317626953125,11239.5,123.5538924300073,240.1329592107201
2024-06-11 10:09:29+00:00,NAC802,19.589367882680083,-67.93006480823863,11231.88,123.5538924300073,240.1329592107201
2024-06-11 10:09:30+00:00,NAC802,19.588157524496825,-67.92816716974431,11231.88,123.5538924300073,240.1329592107201
2024-06-11 10:09:31+00:00,NAC802,19.586993718551376,-67.92626953125,11224.26,123.5538924300073,240.1329592107201
2024-06-11 10:09:32+00:00,NAC802,19.585601806640625,-67.9240526471819,11216.64,123.5538924300073,240.1329592107201
2024-06-11 10:09:33+00:00,NAC802,19.58503852456303,-67.92322332208806,11216.64,123.5538924300073,240.1329592107201
2024-06-11 10:09:34+00:00,NAC802,19.584479897709212,-67.92227450284088,11209.02,123.5538924300073,240.1329592107201
2024-06-11 10:09:35+00:00,NAC802,19.582260131835938,-67.91875566755022,11193.78,123.5538924300073,240.1329592107201
2024-06-11 10:09:36+00:00,NAC802,19.581069946289062,-67.91684286934986,11186.16,123.5538924300073,240.1329592107201
2024-06-11 10:09:37+00:00,NAC802,19.579742431640625,-67.91473388671875,11178.54,123.45147850850998,239.8489983203856
2024-06-11 10:09:38+00:00,NAC802,19.578753972457623,-67.91313587535512,11170.92,123.45147850850998,239.8489983203856
2024-06-11 10:09:39+00:00,NAC802,19.578094482421875,-67.91208539690291,11170.92,123.45147850850998,239.8489983203856
2024-06-11 10:09:40+00:00,NAC802,19.5763332560911,-67.90929066051137,11155.68,123.45147850850998,239.8489983203856
2024-06-11 10:09:41+00:00,NAC802,19.574981689453125,-67.90713174002508,11148.06,123.45147850850998,239.8489983203856
2024-06-11 10:09:42+00:00,NAC802,19.573654174804688,-67.90502275739397,11132.82,123.45147850850998,239.8489983203856
2024-06-11 10:09:43+00:00,NAC802,19.572422868114405,-67.90304842862213,11125.2,123.45147850850998,239.8489983203856
2024-06-11 10:09:44+00:00,NAC802,19.57173156738281,-67.90198189871649,11117.58,123.45147850850998,239.8489983203856
2024-06-11 10:09:45+00:00,NAC802,19.57044982910156,-67.89987291608537,11102.34,123.5538924300073,240.1329592107201
2024-06-11 10:09:46+00:00,NAC802,19.56930386818061,-67.89805464311075,11094.72,123.5538924300073,240.1329592107201
2024-06-11 10:09:47+00:00,NAC802,19.56809350999735,-67.89615700461644,11087.1,123.5538924300073,240.1329592107201
2024-06-11 10:09:48+00:00,NAC802,19.56688315181409,-67.89425936612213,11071.86,123.48616881551298,240.56184755150665
2024-06-11 10:09:49+00:00,NAC802,19.565719345868644,-67.89236172762782,11056.62,123.48616881551298,240.56184755150665
2024-06-11 10:09:50+00:00,NAC802,19.56497451006356,-67.89121315696019,11056.62,123.48616881551298,240.56184755150665
2024-06-11 10:09:51+00:00,NAC802,19.56312561035156,-67.88824898856024,11033.76,123.48616881551298,240.56184755150665
2024-06-11 10:09:52+00:00,NAC802,19.56176240565413,-67.8860695578835,11018.52,123.48616881551298,240.56184755150665
2024-06-11 10:09:53+00:00,NAC802,19.561064122086865,-67.88492098721588,11010.9,123.48616881551298,240.56184755150665
2024-06-11 10:09:54+00:00,NAC802,19.5598537639036,-67.88297341086644,10995.66,123.41868634872824,240.9910707904953
2024-06-11 10:09:55+00:00,NAC802,19.55799865722656,-67.88000924246649,10972.8,123.52065412403444,241.27478444713788
2024-06-11 10:09:56+00:00,NAC802,19.55733994306144,-67.87897838245738,10965.18,123.52065412403444,241.27478444713788
2024-06-11 10:09:57+00:00,NAC802,19.556129584878175,-67.87708074396306,10949.94,123.52065412403444,241.27478444713788
2024-06-11 10:09:58+00:00,NAC802,19.554840087890625,-67.87505558558871,10942.32,123.52065412403444,241.27478444713788
2024-06-11 10:09:59+00:00,NAC802,19.55355834960937,-67.8729466029576,10919.46,123.554936221079,241.987808232456
2024-06-11 10:10:00+00:00,NAC802,19.552459716796875,-67.87122998918807,10911.84,123.554936221079,241.987808232456
2024-06-11 10:10:01+00:00,NAC802,19.55126953125,-67.86931719098772,10896.6,123.554936221079,241.987808232456
2024-06-11 10:10:02+00:00,NAC802,19.550033569335938,-67.86735534667969,10881.36,123.554936221079,241.987808232456
2024-06-11 10:10:03+00:00,NAC802,19.5487060546875,-67.86524636404852,10858.5,123.65632443240558,242.27253941156383
2024-06-11 10:10:04+00:00,NAC802,19.548110961914062,-67.86431448800221,10850.88,123.5890168732346,242.70091814164925
2024-06-11 10:10:05+00:00,NAC802,19.546213958222985,-67.86130038174713,10828.02,123.6900675259798,242.98590286647837
2024-06-11 10:10:06+00:00,NAC802,19.545236361228813,-67.85980224609375,10812.78,123.6900675259798,242.98590286647837
2024-06-11 10:10:07+00:00,NAC802,19.54342082395392,-67.85690585049713,10789.92,123.6900675259798,242.98590286647837
2024-06-11 10:10:08+00:00,NAC802,19.54235012248411,-67.85515802556819,10782.3,123.62289782695908,243.41411341778783
2024-06-11 10:10:09+00:00,NAC802,19.54119873046875,-67.85332815987721,10767.06,123.62289782695908,243.41411341778783
2024-06-11 10:10:10+00:00,NAC802,19.540022510593214,-67.85151256214488,10751.82,123.62289782695908,243.41411341778783
2024-06-11 10:10:11+00:00,NAC802,19.53881215240996,-67.84956498579544,10736.58,123.65658080886158,244.12739331269728
2024-06-11 10:10:12+00:00,NAC802,19.537628173828125,-67.8477369035993,10721.34,123.65658080886158,244.12739331269728
2024-06-11 10:10:13+00:00,NAC802,19.537033081054688,-67.84675598144531,10713.72,123.65658080886158,244.12739331269728
2024-06-11 10:10:14+00:00,NAC802,19.535646600238348,-67.84452126242894,10698.48,123.58978330018472,244.55576949910412
2024-06-11 10:10:15+00:00,NAC802,19.53429658534163,-67.84242387251419,10675.62,123.58978330018472,244.55576949910412
2024-06-11 10:10:16+00:00,NAC802,19.532574152542374,-67.83967729048294,10660.38,123.58978330018472,244.55576949910412
2024-06-11 10:10:17+00:00,NAC802,19.531402587890625,-67.83782958984375,10645.14,123.6900675259798,244.84075708683315
2024-06-11 10:10:18+00:00,NAC802,19.530075073242188,-67.83572060721258,10629.9,123.6900675259798,244.84075708683315
2024-06-11 10:10:19+00:00,NAC802,19.529571533203125,-67.83493586948941,10622.28,123.6900675259798,244.84075708683315
2024-06-11 10:10:20+00:00,NAC802,19.528335571289062,-67.83297402518133,10607.04,123.62340579978994,245.2689663731604
2024-06-11 10:10:21+00:00,NAC802,19.52670857057733,-67.83038884943181,10584.18,123.62340579978994,245.2689663731604
2024-06-11 10:10:22+00:00,NAC802,19.525405883789062,-67.82831464494978,10568.94,123.62340579978994,245.2689663731604
2024-06-11 10:10:23+00:00,NAC802,19.524241301972985,-67.82649369673294,10553.7,123.5569765237458,245.6975065114044
2024-06-11 10:10:25+00:00,NAC802,19.52168092889301,-67.8223488547585,10523.22,123.490778661791,246.126375773388
2024-06-11 10:10:26+00:00,NAC802,19.52093609308792,-67.82120028409088,10515.6,123.490778661791,246.126375773388
2024-06-11 10:10:27+00:00,NAC802,19.51972573490466,-67.81925270774144,10500.36,123.4248111826038,246.5555724416357
2024-06-11 10:10:28+00:00,NAC802,19.5185153767214,-67.817305131392,10485.12,123.4248111826038,246.5555724416357
2024-06-11 10:10:29+00:00,NAC802,19.517349243164062,-67.81541551862443,10469.88,123.4248111826038,246.5555724416357
2024-06-11 10:10:30+00:00,NAC802,19.51547241210937,-67.81247275216236,10447.02,123.35907305958511,246.98509480930343
2024-06-11 10:10:31+00:00,NAC802,19.514877319335938,-67.81149183000838,10439.4,123.35907305958511,246.98509480930343
2024-06-11 10:10:32+00:00,NAC802,19.51318359375,-67.80874524797713,10416.54,123.29356327084668,247.414941180109
2024-06-11 10:10:34+00:00,NAC802,19.510787705243644,-67.80492054332387,10386.06,123.29356327084668,247.414941180109
2024-06-11 10:10:35+00:00,NAC802,19.50947570800781,-67.80285971505299,10370.82,123.22828079919864,247.84510986826285
2024-06-11 10:10:36+00:00,NAC802,19.50823974609375,-67.80084882463728,10355.58,123.22828079919864,247.84510986826285
2024-06-11 10:10:38+00:00,NAC802,19.506317138671875,-67.7977098737444,10332.72,123.32764937243054,248.127386087115
2024-06-11 10:10:39+00:00,NAC802,19.50494384765625,-67.79555184500555,10317.48,123.32764937243054,248.127386087115
2024-06-11 10:10:40+00:00,NAC802,19.50315313824153,-67.792685768821,10294.62,123.32764937243054,248.127386087115
2024-06-11 10:10:42+00:00,NAC802,19.501235961914062,-67.78961726597379,10271.76,123.42679181657402,248.410406932752
2024-06-11 10:10:43+00:00,NAC802,19.5,-67.7876554216657,10256.52,123.42679181657402,248.410406932752
2024-06-11 10:10:44+00:00,NAC802,19.49821860103284,-67.78479558771306,10233.66,123.46036059141063,249.12319200656063
2024-06-11 10:10:45+00:00,NAC802,19.497528076171875,-67.78368268694197,10226.04,123.46036059141063,249.12319200656063
2024-06-11 10:10:47+00:00,NAC802,19.495651245117188,-67.7807399204799,10203.18,123.46036059141063,249.12319200656063
2024-06-11 10:10:48+00:00,NAC802,19.49432373046875,-67.77853284563338,10187.94,123.46036059141063,249.12319200656063
2024-06-11 10:10:49+00:00,NAC802,19.4923095703125,-67.77539389474049,10157.46,123.3952376436212,249.5525370989217
2024-06-11 10:10:50+00:00,NAC802,19.490630586268537,-67.77271062677556,10134.6,123.3952376436212,249.5525370989217
2024-06-11 10:10:51+00:00,NAC802,19.489471435546875,-67.7708326067243,10126.98,123.49373781062248,249.83606210692736
2024-06-11 10:10:59+00:00,NAC802,19.48024943723517,-67.75603138316762,10012.68,123.26566210661832,250.41218948410952
2024-06-11 10:11:00+00:00,NAC802,19.47894287109375,-67.75391169956754,9997.44,123.36397099293018,250.6947422639999
2024-06-11 10:11:01+00:00,NAC802,19.477066040039062,-67.75091988699774,9982.2,123.36397099293018,250.6947422639999
2024-06-11 10:11:02+00:00,NAC802,19.47578042240466,-67.74884033203125,9966.96,123.36397099293018,250.6947422639999
2024-06-11 10:11:03+00:00,NAC802,19.47445678710937,-67.74675096784318,9951.72,123.36397099293018,250.6947422639999
2024-06-11 10:11:04+00:00,NAC802,19.473861694335938,-67.74577004568914,9944.1,123.36397099293018,250.6947422639999
2024-06-11 10:11:05+00:00,NAC802,19.47280107918432,-67.74404629794032,9928.86,123.2994205371842,251.1245621032701
2024-06-11 10:11:06+00:00,NAC802,19.471171750860695,-67.74144952947444,9913.62,123.2994205371842,251.1245621032701
2024-06-11 10:11:07+00:00,NAC802,19.470054497153072,-67.73965176669032,9898.38,123.2994205371842,251.1245621032701
2024-06-11 10:11:08+00:00,NAC802,19.469009399414062,-67.73797171456471,9883.14,123.2994205371842,251.1245621032701
2024-06-11 10:11:09+00:00,NAC802,19.467075153932733,-67.73485773259944,9860.28,123.2994205371842,251.1245621032701
2024-06-11 10:11:11+00:00,NAC802,19.465164184570312,-67.7317919049944,9845.04,123.2994205371842,251.1245621032701
2024-06-11 10:11:12+00:00,NAC802,19.463863049523304,-67.72966419566762,9829.8,123.2994205371842,251.1245621032701
2024-06-11 10:11:13+00:00,NAC802,19.462606139102224,-67.72766668146306,9814.56,123.2994205371842,251.1245621032701
2024-06-11 10:11:14+00:00,NAC802,19.46127319335937,-67.7255630493164,9799.32,123.39741285449496,251.40736694338372
2024-06-11 10:11:15+00:00,NAC802,19.46054077148437,-67.7243859427316,9791.7,123.39741285449496,251.40736694338372
2024-06-11 10:11:16+00:00,NAC802,19.458663940429688,-67.7213941301618,9768.84,123.39741285449496,251.40736694338372
2024-06-11 10:11:17+00:00,NAC802,19.457565307617188,-67.71957942417691,9761.22,123.39741285449496,251.40736694338372
2024-06-11 10:11:18+00:00,NAC802,19.456283569335938,-67.71761757986883,9745.98,123.39741285449496,251.40736694338372
2024-06-11 10:11:19+00:00,NAC802,19.45511122881356,-67.71573153409088,9730.74,123.39741285449496,251.40736694338372
2024-06-11 10:11:20+00:00,NAC802,19.45385431839248,-67.71373401988637,9723.12,123.4951846737412,251.69090551807687
2024-06-11 10:11:21+00:00,NAC802,19.45252990722656,-67.71163395472934,9707.88,123.55992401439404,251.26205449244355
2024-06-11 10:11:22+00:00,NAC802,19.451431274414062,-67.7098192487444,9700.26,123.55992401439404,251.26205449244355
2024-06-11 10:11:23+00:00,NAC802,19.449618064751057,-67.70694247159088,9685.02,123.55992401439404,251.26205449244355
2024-06-11 10:11:24+00:00,NAC802,19.44891357421875,-67.70584651402066,9677.4,123.55992401439404,251.26205449244355
2024-06-11 10:11:25+00:00,NAC802,19.447616318524894,-67.70374644886363,9662.16,123.46205823695064,250.9780314303612
2024-06-11 10:11:26+00:00,NAC802,19.446499064817267,-67.70199862393463,9654.54,123.46205823695064,250.9780314303612
2024-06-11 10:11:27+00:00,NAC802,19.44515991210937,-67.69991193498885,9646.92,123.46205823695064,250.9780314303612
2024-06-11 10:11:28+00:00,NAC802,19.443985243975103,-67.69800359552556,9631.68,123.52692508671284,250.54901650809128
2024-06-11 10:11:29+00:00,NAC802,19.44268798828125,-67.69589015415738,9624.06,123.52692508671284,250.54901650809128
2024-06-11 10:11:30+00:00,NAC802,19.44081115722656,-67.69294738769531,9608.82,123.52692508671284,250.54901650809128
2024-06-11 10:11:31+00:00,NAC802,19.440170288085938,-67.6919174194336,9601.2,123.52692508671284,250.54901650809128
2024-06-11 10:11:32+00:00,NAC802,19.438796997070312,-67.68975939069475,9593.58,123.42874309170504,250.2652417163154
2024-06-11 10:11:33+00:00,NAC802,19.43756103515625,-67.68774850027899,9578.34,123.42874309170504,250.2652417163154
2024-06-11 10:11:34+00:00,NAC802,19.436397229210804,-67.68586869673294,9570.72,123.42874309170504,250.2652417163154
2024-06-11 10:11:35+00:00,NAC802,19.434628244173727,-67.68312211470169,9555.48,123.49373781062248,249.83606210692736
2024-06-11 10:11:36+00:00,NAC802,19.43394470214844,-67.68201010567799,9547.86,123.59201437667237,250.12032382623863
2024-06-11 10:11:37+00:00,NAC802,19.43270874023437,-67.68004826136996,9540.24,123.59201437667237,250.12032382623863
2024-06-11 10:11:38+00:00,NAC802,19.431555796477756,-67.67817826704544,9525.0,123.59201437667237,250.12032382623863
2024-06-11 10:11:39+00:00,NAC802,19.430159229343214,-67.67598100142044,9517.38,123.65732708410734,249.6919550445538
2024-06-11 10:11:40+00:00,NAC802,19.428863525390625,-67.67391749790738,9509.76,123.65732708410734,249.6919550445538
2024-06-11 10:11:41+00:00,NAC802,19.42758178710937,-67.6719556535993,9494.52,123.7228641906938,249.26391183293805
2024-06-11 10:11:42+00:00,NAC802,19.425783318988348,-67.66908957741475,9479.28,123.7228641906938,249.26391183293805
2024-06-11 10:11:43+00:00,NAC802,19.425178139896715,-67.6680908203125,9471.66,123.7228641906938,249.26391183293805
2024-06-11 10:11:44+00:00,NAC802,19.423921229475635,-67.66614324396306,9464.04,123.7228641906938,249.26391183293805
2024-06-11 10:11:45+00:00,NAC802,19.42280397576801,-67.66434548117894,9448.8,123.7228641906938,249.26391183293805
2024-06-11 10:11:46+00:00,NAC802,19.422012587725103,-67.66319691051137,9448.8,123.7228641906938,249.26391183293805
2024-06-11 10:11:47+00:00,NAC802,19.42098999023437,-67.66150883265902,9433.56,123.78862668251624,248.83619587150952
2024-06-11 10:11:48+00:00,NAC802,19.419033244504767,-67.65845281427556,9418.32,123.78862668251624,248.83619587150952
2024-06-11 10:11:50+00:00,NAC802,19.41636657714844,-67.65420096261158,9395.46,123.78862668251624,248.83619587150952
2024-06-11 10:11:51+00:00,NAC802,19.415076304290253,-67.65216064453125,9387.84,123.6900675259798,248.55046552754277
2024-06-11 10:11:52+00:00,NAC802,19.414352416992188,-67.65106201171875,9380.22,123.6900675259798,248.55046552754277
2024-06-11 10:11:53+00:00,NAC802,19.412329722259003,-67.64781605113637,9364.98,123.6900675259798,248.55046552754277
2024-06-11 10:11:54+00:00,NAC802,19.411677990929554,-67.64686723188919,9357.36,123.6900675259798,248.55046552754277
2024-06-11 10:11:55+00:00,NAC802,19.41050720214844,-67.64498029436385,9349.74,123.6900675259798,248.55046552754277
2024-06-11 10:11:56+00:00,NAC802,19.409912109375,-67.6439993722098,9342.12,123.6900675259798,248.55046552754277
2024-06-11 10:11:57+00:00,NAC802,19.40863037109375,-67.64203752790178,9334.5,123.75596258549838,248.12258634143325
2024-06-11 10:11:59+00:00,NAC802,19.40606689453125,-67.6379176548549,9311.64,123.65708204919044,247.83710112929876
2024-06-11 10:12:00+00:00,NAC802,19.404052734375,-67.63477870396207,9288.78,123.65708204919044,247.83710112929876
2024-06-11 10:12:01+00:00,NAC802,19.4033203125,-67.63360159737721,9288.78,123.65708204919044,247.83710112929876
2024-06-11 10:12:02+00:00,NAC802,19.40204167770127,-67.63153631036931,9273.54,123.55797374384667,247.55235576508807
2024-06-11 10:12:03+00:00,NAC802,19.400115966796875,-67.62850080217635,9258.3,123.55797374384667,247.55235576508807
2024-06-11 10:12:04+00:00,NAC802,19.399434752383478,-67.62744140625,9250.68,123.55797374384667,247.55235576508807
2024-06-11 10:12:05+00:00,NAC802,19.39822439420021,-67.62544389204544,9235.44,123.55797374384667,247.55235576508807
2024-06-11 10:12:06+00:00,NAC802,19.39687437930349,-67.62329656427556,9227.82,123.45863747670198,247.2683528047484
2024-06-11 10:12:07+00:00,NAC802,19.395584106445312,-67.62124197823658,9212.58,123.45863747670198,247.2683528047484
2024-06-11 10:12:08+00:00,NAC802,19.39380193160752,-67.61840265447444,9197.34,123.45863747670198,247.2683528047484
2024-06-11 10:12:09+00:00,NAC802,19.393112182617188,-67.61731828962053,9189.72,123.52447324857695,246.8393233316677
2024-06-11 10:12:10+00:00,NAC802,19.391876220703125,-67.6153564453125,9182.1,123.52447324857695,246.8393233316677
2024-06-11 10:12:11+00:00,NAC802,19.39058982719809,-67.61330899325282,9166.86,123.52447324857695,246.8393233316677
2024-06-11 10:12:12+00:00,NAC802,19.38998464810646,-67.61236017400569,9159.24,123.59053818860554,246.41062089966
2024-06-11 10:12:14+00:00,NAC802,19.386474609375,-67.60677337646484,9128.76,123.6900675259798,246.69561130718796
2024-06-11 10:12:15+00:00,NAC802,19.38583374023437,-67.60584150041853,9128.76,123.7564588977868,246.26773335702296
2024-06-11 10:12:16+00:00,NAC802,19.384597778320312,-67.60387965611051,9113.52,123.7564588977868,246.26773335702296
2024-06-11 10:12:17+00:00,NAC802,19.38349914550781,-67.60211399623324,9105.9,123.7564588977868,246.26773335702296
2024-06-11 10:12:18+00:00,NAC802,19.381759643554688,-67.59941646030973,9090.66,123.82308128472924,245.8401872205654
2024-06-11 10:12:19+00:00,NAC802,19.38048799159163,-67.59737881747157,9075.42,123.82308128472924,245.8401872205654
2024-06-11 10:12:20+00:00,NAC802,19.379928588867188,-67.59647369384766,9075.42,123.72335966605232,245.5542040091585
2024-06-11 10:12:21+00:00,NAC802,19.378765558792374,-67.59463223544032,9060.18,123.72335966605232,245.5542040091585
2024-06-11 10:12:22+00:00,NAC802,19.377456665039062,-67.59259905133928,9052.56,123.72335966605232,245.5542040091585
2024-06-11 10:12:23+00:00,NAC802,19.376129150390625,-67.59049006870816,9037.32,123.79011826161955,245.12649300242228
2024-06-11 10:12:24+00:00,NAC802,19.374203439486227,-67.58749112215907,9022.08,123.6900675259798,244.84075708683315
2024-06-11 10:12:25+00:00,NAC802,19.372993081302965,-67.58554354580963,9014.46,123.6900675259798,244.84075708683315
2024-06-11 10:12:26+00:00,NAC802,19.372481006686968,-67.58479447798294,9006.84,123.6900675259798,244.84075708683315
2024-06-11 10:12:27+00:00,NAC802,19.371826171875,-67.58372170584539,8999.220000000001,123.6900675259798,244.84075708683315
2024-06-11 10:12:28+00:00,NAC802,19.369455111228813,-67.57995050603694,8983.98,123.6900675259798,244.84075708683315
2024-06-11 10:12:29+00:00,NAC802,19.368943036612816,-67.57915150035512,8976.36,123.65658080886158,244.12739331269728
2024-06-11 10:12:30+00:00,NAC802,19.367202758789062,-67.57636478969027,8961.12,123.65658080886158,244.12739331269728
2024-06-11 10:12:31+00:00,NAC802,19.366010245630296,-67.57455721768463,8953.5,123.65658080886158,244.12739331269728
2024-06-11 10:12:32+00:00,NAC802,19.36537170410156,-67.57347106933594,8945.880000000001,123.65658080886158,244.12739331269728
2024-06-11 10:12:33+00:00,NAC802,19.36344987255032,-67.57046231356532,8930.640000000001,123.7236130605034,243.6993501043121
2024-06-11 10:12:34+00:00,NAC802,19.362808227539062,-67.56944928850447,8923.02,123.7236130605034,243.6993501043121
2024-06-11 10:12:36+00:00,NAC802,19.36024475097656,-67.56537846156527,8900.16,123.7236130605034,243.6993501043121
2024-06-11 10:12:37+00:00,NAC802,19.359649658203125,-67.56444658551897,8892.54,123.6900675259798,242.98590286647837
2024-06-11 10:12:38+00:00,NAC802,19.35731506347656,-67.5607681274414,8877.300000000001,123.6900675259798,242.98590286647837
2024-06-11 10:12:40+00:00,NAC802,19.354888916015625,-67.5569425310407,8854.44,123.6900675259798,242.98590286647837
2024-06-11 10:12:41+00:00,NAC802,19.354372186175848,-67.55608021129262,8846.82,123.65632443240558,242.27253941156383
2024-06-11 10:12:42+00:00,NAC802,19.353254932468214,-67.55433238636363,8839.2,123.65632443240558,242.27253941156383
2024-06-11 10:12:43+00:00,NAC802,19.35200500488281,-67.55233219691684,8823.960000000001,123.65632443240558,242.27253941156383
2024-06-11 10:12:44+00:00,NAC802,19.350173950195312,-67.5494384765625,8808.720000000001,123.554936221079,241.987808232456
2024-06-11 10:12:45+00:00,NAC802,19.3495307534428,-67.54838978160512,8808.720000000001,123.554936221079,241.987808232456
2024-06-11 10:12:46+00:00,NAC802,19.34825134277344,-67.54639761788502,8793.48,123.554936221079,241.987808232456
2024-06-11 10:12:47+00:00,NAC802,19.34627209679555,-67.54324618252838,8778.24,123.554936221079,241.987808232456
2024-06-11 10:12:48+00:00,NAC802,19.345138549804688,-67.54144396100725,8763.0,123.52065412403444,241.27478444713788
2024-06-11 10:12:49+00:00,NAC802,19.344039916992188,-67.53967830113004,8755.380000000001,123.52065412403444,241.27478444713788
2024-06-11 10:12:50+00:00,NAC802,19.343307495117188,-67.53855024065291,8747.76,123.52065412403444,241.27478444713788
2024-06-11 10:12:51+00:00,NAC802,19.342025756835938,-67.53644125802174,8740.140000000001,123.52065412403444,241.27478444713788
2024-06-11 10:12:52+00:00,NAC802,19.34026685811705,-67.53370805220169,8717.28,123.58823864116704,240.846066828291
2024-06-11 10:12:53+00:00,NAC802,19.339056499933797,-67.53176047585225,8709.66,123.58823864116704,240.846066828291
2024-06-11 10:12:54+00:00,NAC802,19.337753037274894,-67.52971302379262,8702.04,123.58823864116704,240.846066828291
2024-06-11 10:12:55+00:00,NAC802,19.33662414550781,-67.52790723528182,8686.800000000001,123.65606409999378,240.4176855153561
2024-06-11 10:12:56+00:00,NAC802,19.3359375,-67.526816628196,8686.800000000001,123.65606409999378,240.4176855153561
2024-06-11 10:12:57+00:00,NAC802,19.3346340373411,-67.52476917613637,8671.560000000001,123.65606409999378,240.4176855153561
2024-06-11 10:12:58+00:00,NAC802,19.334028858249468,-67.52382035688919,8663.94,123.7241316001548,239.9896423092505
2024-06-11 10:12:59+00:00,NAC802,19.331954956054688,-67.52050127301897,8648.7,123.62185829687748,239.704407565774
2024-06-11 10:13:00+00:00,NAC802,19.331282276218214,-67.51942582563919,8641.08,123.62185829687748,239.704407565774
2024-06-11 10:13:01+00:00,NAC802,19.330123901367188,-67.5176565987723,8633.460000000001,123.6900675259798,239.27619442576875
2024-06-11 10:13:02+00:00,NAC802,19.32847595214844,-67.51500810895647,8618.220000000001,123.6900675259798,239.27619442576875
2024-06-11 10:13:03+00:00,NAC802,19.327185679290253,-67.5129838423295,8602.98,123.6900675259798,239.27619442576875
2024-06-11 10:13:04+00:00,NAC802,19.325958251953125,-67.51103537423268,8595.36,123.75852123237352,238.84832161134432
2024-06-11 10:13:05+00:00,NAC802,19.32467185844809,-67.50903875177556,8580.12,123.75852123237352,238.84832161134432
2024-06-11 10:13:06+00:00,NAC802,19.32417297363281,-67.50819069998602,8580.12,123.75852123237352,238.84832161134432
2024-06-11 10:13:07+00:00,NAC802,19.322982788085938,-67.5063269478934,8564.880000000001,123.72439692841048,238.13478841926323
2024-06-11 10:13:08+00:00,NAC802,19.3216552734375,-67.50426701136996,8557.26,123.72439692841048,238.13478841926323
2024-06-11 10:13:09+00:00,NAC802,19.319869995117188,-67.5014223371233,8542.02,123.72439692841048,238.13478841926323
2024-06-11 10:13:10+00:00,NAC802,19.31931835109905,-67.50059925426137,8534.4,123.72439692841048,238.13478841926323
2024-06-11 10:13:11+00:00,NAC802,19.318084716796875,-67.49862670898438,8526.78,123.62132637178406,237.84955467004872
2024-06-11 10:13:12+00:00,NAC802,19.31675720214844,-67.4965177263532,8511.54,123.6900675259798,237.42134020541397
2024-06-11 10:13:13+00:00,NAC802,19.315780381024894,-67.4949562766335,8503.92,123.6900675259798,237.42134020541397
2024-06-11 10:13:15+00:00,NAC802,19.314285278320312,-67.49259403773715,8488.68,123.5866456536228,237.1363643380037
2024-06-11 10:13:16+00:00,NAC802,19.312179565429688,-67.48920985630582,8473.44,123.5866456536228,237.1363643380037
2024-06-11 10:13:17+00:00,NAC802,19.31117170948093,-67.48761541193181,8465.82,123.4829752488526,236.85216296925853
2024-06-11 10:13:18+00:00,NAC802,19.309799194335938,-67.48548235212053,8450.58,123.55175571374492,236.42326141196196
2024-06-11 10:13:19+00:00,NAC802,19.30856478416313,-67.4835205078125,8442.960000000001,123.55175571374492,236.42326141196196
2024-06-11 10:13:20+00:00,NAC802,19.30673217773437,-67.48062678745816,8427.720000000001,123.44773032661006,236.13932254856863
2024-06-11 10:13:21+00:00,NAC802,19.306182861328125,-67.4796949114118,8420.1,123.44773032661006,236.13932254856863
2024-06-11 10:13:22+00:00,NAC802,19.304933709613348,-67.47772771661931,8404.86,123.44773032661006,236.13932254856863
2024-06-11 10:13:23+00:00,NAC802,19.303630246954448,-67.4756303267045,8397.24,123.51665467924528,235.7102466852213
2024-06-11 10:13:24+00:00,NAC802,19.30242919921875,-67.4737112862723,8382.0,123.51665467924528,235.7102466852213
2024-06-11 10:13:25+00:00,NAC802,19.30133056640625,-67.47204371861051,8374.380000000001,123.5858303222792,235.28151316322564
2024-06-11 10:13:26+00:00,NAC802,19.30018615722656,-67.47017996651783,8366.76,123.5858303222792,235.28151316322564
2024-06-11 10:13:27+00:00,NAC802,19.29853820800781,-67.46758052280973,8351.52,123.75960120484456,235.1386158600424
2024-06-11 10:13:28+00:00,NAC802,19.29780578613281,-67.4664524623326,8343.9,123.75960120484456,235.1386158600424
2024-06-11 10:13:29+00:00,NAC802,19.2967529296875,-67.46478489467074,8336.28,123.65525842970771,234.853123857454
2024-06-11 10:13:30+00:00,NAC802,19.295530157574152,-67.46284623579544,8321.04,123.65525842970771,234.853123857454
2024-06-11 10:13:31+00:00,NAC802,19.293960571289062,-67.46032169886996,8313.42,123.65525842970771,234.853123857454
2024-06-11 10:13:32+00:00,NAC802,19.292737023305083,-67.45835182883519,8298.18,123.62023723817468,234.1398489415604
2024-06-11 10:13:33+00:00,NAC802,19.292038739737816,-67.45725319602269,8290.560000000001,123.62023723817468,234.1398489415604
2024-06-11 10:13:34+00:00,NAC802,19.29096803826801,-67.45560524680394,8282.94,123.62023723817468,234.1398489415604
2024-06-11 10:13:35+00:00,NAC802,19.289804232322563,-67.45375754616475,8275.32,123.51527923502564,233.85540102790296
2024-06-11 10:13:36+00:00,NAC802,19.28864042637712,-67.45185990767044,8260.08,123.51527923502564,233.85540102790296
2024-06-11 10:13:37+00:00,NAC802,19.28691799357786,-67.44911332563919,8244.84,123.41006594555463,233.57173977757705
2024-06-11 10:13:38+00:00,NAC802,19.285754187632413,-67.447265625,8237.220000000001,123.41006594555463,233.57173977757705
2024-06-11 10:13:39+00:00,NAC802,19.28453063964844,-67.4453135899135,8221.98,123.47968005228896,233.14247914626847
2024-06-11 10:13:40+00:00,NAC802,19.283892098119704,-67.44426935369319,8221.98,123.47968005228896,233.14247914626847
2024-06-11 10:13:41+00:00,NAC802,19.282791137695312,-67.44251796177457,8206.74,123.47968005228896,233.14247914626847
2024-06-11 10:13:42+00:00,NAC802,19.281471381753175,-67.44042413884944,8199.12,123.47968005228896,233.14247914626847
2024-06-11 10:13:44+00:00,NAC802,19.279449462890625,-67.43717193603516,8176.26,123.549550874498,232.7135639524919
2024-06-11 10:13:45+00:00,NAC802,19.278119620630296,-67.43508078835225,8168.64,123.4438624995807,232.42964781957505
2024-06-11 10:13:46+00:00,NAC802,19.277048919160485,-67.4334328391335,8161.02,123.4438624995807,232.42964781957505
2024-06-11 10:13:47+00:00,NAC802,19.275885113215043,-67.43158513849431,8145.780000000001,123.51388179743932,232.00055550750795
2024-06-11 10:13:48+00:00,NAC802,19.274069575940143,-67.42863880504262,8130.54,123.51388179743932,232.00055550750795
2024-06-11 10:13:49+00:00,NAC802,19.273406982421875,-67.42760794503346,8122.92,123.51388179743932,232.00055550750795
2024-06-11 10:13:50+00:00,NAC802,19.272347143140887,-67.42589222301137,8115.3,123.51388179743932,232.00055550750795
2024-06-11 10:13:51+00:00,NAC802,19.271255493164062,-67.42412567138672,8107.68,123.58416047559298,231.57181096003703
2024-06-11 10:13:52+00:00,NAC802,19.27020263671875,-67.4225071498326,8092.44,123.58416047559298,231.57181096003703
2024-06-11 10:13:53+00:00,NAC802,19.26899538201801,-67.42059881036931,8084.820000000001,123.47799281461052,231.28763753091204
2024-06-11 10:13:54+00:00,NAC802,19.267318725585938,-67.4179458618164,8069.580000000001,123.548421882498,230.85871535510128
2024-06-11 10:13:55+00:00,NAC802,19.2667236328125,-67.4170139857701,8061.96,123.548421882498,230.85871535510128
2024-06-11 10:13:56+00:00,NAC802,19.26548767089844,-67.41500309535434,8054.34,123.548421882498,230.85871535510128
2024-06-11 10:13:57+00:00,NAC802,19.26447981494968,-67.41345769708806,8046.72,123.61911303653916,230.4301433004005
2024-06-11 10:13:58+00:00,NAC802,19.263129800052965,-67.41126043146306,8031.48,123.61911303653916,230.4301433004005
2024-06-11 10:13:59+00:00,NAC802,19.26191711425781,-67.40936279296875,8023.860000000001,123.61911303653916,230.4301433004005
2024-06-11 10:14:00+00:00,NAC802,19.26070908368644,-67.40741521661931,8008.620000000001,123.6900675259798,230.0019233239948
2024-06-11 10:14:01+00:00,NAC802,19.260086059570312,-67.40642002650668,8001.0,123.6900675259798,230.0019233239948
2024-06-11 10:14:02+00:00,NAC802,19.258804321289062,-67.40445818219865,7993.38,123.6900675259798,230.0019233239948
2024-06-11 10:14:03+00:00,NAC802,19.257124561374468,-67.40182217684657,7978.14,123.6900675259798,230.0019233239948
2024-06-11 10:14:04+00:00,NAC802,19.255867650953387,-67.399824662642,7962.900000000001,123.6900675259798,230.0019233239948
2024-06-11 10:14:05+00:00,NAC802,19.25477600097656,-67.39808218819752,7955.280000000001,123.65441365409582,229.28856224824295
2024-06-11 10:14:06+00:00,NAC802,19.254226684570312,-67.39719935825894,7947.660000000001,123.65441365409582,229.28856224824295
2024-06-11 10:14:07+00:00,NAC802,19.252944946289062,-67.39518846784318,7940.04,123.65441365409582,229.28856224824295
2024-06-11 10:14:08+00:00,NAC802,19.25180053710937,-67.39337376185824,7932.42,123.54727460164364,229.0038668487988
2024-06-11 10:14:09+00:00,NAC802,19.25051414360434,-67.39128528941762,7917.18,123.54727460164364,229.0038668487988
2024-06-11 10:14:10+00:00,NAC802,19.249282836914062,-67.38940102713445,7909.56,123.61853725164018,228.57529051389736
2024-06-11 10:14:11+00:00,NAC802,19.248093427237816,-67.38749001242894,7894.320000000001,123.61853725164018,228.57529051389736
2024-06-11 10:14:13+00:00,NAC802,19.24627788996292,-67.38459361683238,7879.080000000001,123.5110187978408,228.2908648908379
2024-06-11 10:14:14+00:00,NAC802,19.245758056640625,-67.3838097708566,7879.080000000001,123.58243625713088,227.8621089599482
2024-06-11 10:14:16+00:00,NAC802,19.242691040039062,-67.3789051600865,7848.6,123.58243625713088,227.8621089599482
2024-06-11 10:14:17+00:00,NAC802,19.24101748708951,-67.3763039328835,7833.360000000001,123.7618667108442,227.7192046203127
2024-06-11 10:14:18+00:00,NAC802,19.24053955078125,-67.37552097865512,7825.740000000001,123.7618667108442,227.7192046203127
2024-06-11 10:14:19+00:00,NAC802,19.239341606528072,-67.37360728870738,7818.120000000001,123.83393609872552,227.2916990796032
2024-06-11 10:14:20+00:00,NAC802,19.238113403320312,-67.37174442836215,7802.88,123.83393609872552,227.2916990796032
2024-06-11 10:14:21+00:00,NAC802,19.237564086914062,-67.37086159842352,7802.88,123.90627698844216,226.8645545106952
2024-06-11 10:14:22+00:00,NAC802,19.23580363645392,-67.36806418678975,7780.02,123.90627698844216,226.8645545106952
2024-06-11 10:14:23+00:00,NAC802,19.23533811407574,-67.36736505681819,7780.02,123.7983087942754,226.57798139367037
2024-06-11 10:14:24+00:00,NAC802,19.233673095703125,-67.36477988106861,7764.780000000001,123.7983087942754,226.57798139367037
2024-06-11 10:14:25+00:00,NAC802,19.23217256190413,-67.36237127130681,7749.54,123.7983087942754,226.57798139367037
2024-06-11 10:14:26+00:00,NAC802,19.231658935546875,-67.36154283796037,7741.92,123.87081071038882,226.1506590318321
2024-06-11 10:14:27+00:00,NAC802,19.230589785818324,-67.35987437855113,7734.3,123.87081071038882,226.1506590318321
2024-06-11 10:14:29+00:00,NAC802,19.227218627929688,-67.35462733677457,7703.820000000001,123.76245634344936,225.86435186829397
2024-06-11 10:14:31+00:00,NAC802,19.22529602050781,-67.35158647809709,7688.580000000001,123.8351198224514,225.4368507548053
2024-06-11 10:14:32+00:00,NAC802,19.224677651615465,-67.3505859375,7680.96,123.8351198224514,225.4368507548053
2024-06-11 10:14:33+00:00,NAC802,19.223052978515625,-67.34800611223494,7665.72,123.72637663361174,225.15081134176515
2024-06-11 10:14:34+00:00,NAC802,19.22250366210937,-67.34712328229631,7658.1,123.72637663361174,225.15081134176515
2024-06-11 10:14:35+00:00,NAC802,19.221418994968214,-67.34544233842325,7650.48,123.72637663361174,225.15081134176515
2024-06-11 10:14:36+00:00,NAC802,19.21974311440678,-67.34279563210225,7635.240000000001,123.6173571849192,224.86558501185584
2024-06-11 10:14:37+00:00,NAC802,19.218718965174787,-67.34119762073863,7627.620000000001,123.6900675259798,224.4373606629304
2024-06-11 10:14:38+00:00,NAC802,19.2176948159428,-67.339599609375,7620.0,123.6900675259798,224.4373606629304
2024-06-11 10:14:39+00:00,NAC802,19.216094970703125,-67.33701978410994,7604.76,123.6900675259798,224.4373606629304
2024-06-11 10:14:41+00:00,NAC802,19.214343054819917,-67.33425625887782,7589.52,123.5806549673522,224.1524071730429
2024-06-11 10:14:42+00:00,NAC802,19.21313269663665,-67.33230868252838,7574.280000000001,123.653526855224,223.7240006913563
2024-06-11 10:14:43+00:00,NAC802,19.21197509765625,-67.33044760567799,7566.660000000001,123.653526855224,223.7240006913563
2024-06-11 10:14:45+00:00,NAC802,19.210758532507946,-67.32861328125,7551.42,123.653526855224,223.7240006913563
2024-06-11 10:14:46+00:00,NAC802,19.209082651946503,-67.32596657492894,7536.18,123.72667824273076,223.29595749695216
2024-06-11 10:14:47+00:00,NAC802,19.206939697265625,-67.32255118233815,7520.94,123.72667824273076,223.29595749695216
2024-06-11 10:14:48+00:00,NAC802,19.20628951767744,-67.32157204367894,7513.320000000001,123.72667824273076,223.29595749695216
2024-06-11 10:14:49+00:00,NAC802,19.205337524414062,-67.32004983084539,7505.700000000001,123.800110501133,222.86827968303075
2024-06-11 10:14:50+00:00,NAC802,19.20428777145127,-67.31837602095169,7498.08,123.800110501133,222.86827968303075
2024-06-11 10:14:51+00:00,NAC802,19.202545166015625,-67.31568472726002,7482.84,123.800110501133,222.86827968303075
2024-06-11 10:14:52+00:00,NAC802,19.201494637182204,-67.31403142755681,7467.6,123.87382500855068,222.4409693570967
2024-06-11 10:14:53+00:00,NAC802,19.200842905852756,-67.31298273259944,7467.6,123.87382500855068,222.4409693570967
2024-06-11 10:14:54+00:00,NAC802,19.199725652145126,-67.31118496981532,7452.360000000001,123.7636651470466,222.15464643781465
2024-06-11 10:14:55+00:00,NAC802,19.198515293961865,-67.309287331321,7444.740000000001,123.7636651470466,222.15464643781465
2024-06-11 10:14:56+00:00,NAC802,19.197258383540785,-67.30733975497157,7429.5,123.6532213706006,221.86914685136884
2024-06-11 10:14:57+00:00,NAC802,19.196839413400426,-67.306640625,7429.5,123.6532213706006,221.86914685136884
2024-06-11 10:14:58+00:00,NAC802,19.195163532838983,-67.30399391867894,7414.26,123.54249340411748,221.58447378021864
2024-06-11 10:14:59+00:00,NAC802,19.19395317465572,-67.30209628018463,7399.02,123.43148097957572,221.30063041396156
2024-06-11 10:15:00+00:00,NAC802,19.192975577661542,-67.300498268821,7391.400000000001,123.43148097957572,221.30063041396156
2024-06-11 10:15:01+00:00,NAC802,19.1923828125,-67.29954855782643,7391.400000000001,123.43148097957572,221.30063041396156
2024-06-11 10:15:02+00:00,NAC802,19.1912841796875,-67.29778289794922,7376.160000000001,123.3201838361179,221.01761994925985
2024-06-11 10:15:03+00:00,NAC802,19.18963623046875,-67.29513440813338,7360.92,123.3201838361179,221.01761994925985
2024-06-11 10:15:04+00:00,NAC802,19.188366906117583,-67.29310746626419,7353.3,123.3201838361179,221.01761994925985
2024-06-11 10:15:05+00:00,NAC802,19.18721008300781,-67.291259765625,7338.06,123.3201838361179,221.01761994925985
2024-06-11 10:15:06+00:00,NAC802,19.186178950940143,-67.28961181640625,7330.44,123.20860172014144,220.73544558976573
2024-06-11 10:15:07+00:00,NAC802,19.185699462890625,-67.28880746023992,7322.820000000001,123.20860172014144,220.73544558976573
2024-06-11 10:15:08+00:00,NAC802,19.18478238380561,-67.28736461292613,7315.200000000001,123.2818791115787,220.3051996767709
2024-06-11 10:15:09+00:00,NAC802,19.18315305548199,-67.28471790660512,7299.96,123.2818791115787,220.3051996767709
2024-06-11 10:15:10+00:00,NAC802,19.18208312988281,-67.28306906563893,7292.34,123.2818791115787,220.3051996767709
2024-06-11 10:15:11+00:00,NAC802,19.181616831634003,-67.2822709517045,7284.72,123.2818791115787,220.3051996767709
2024-06-11 10:15:12+00:00,NAC802,19.179847846596928,-67.27947443181819,7269.48,123.35544315694192,219.87531551947723
2024-06-11 10:15:13+00:00,NAC802,19.17877714512712,-67.27772660688919,7261.860000000001,123.35544315694192,219.87531551947723
2024-06-11 10:15:14+00:00,NAC802,19.177706443657307,-67.27597878196019,7254.240000000001,123.35544315694192,219.87531551947723
2024-06-11 10:15:15+00:00,NAC802,19.17658918994968,-67.27428089488637,7239.0,123.42929529760252,219.44579524387268
2024-06-11 10:15:16+00:00,NAC802,19.17537883176642,-67.27233331853694,7231.38,123.42929529760252,219.44579524387268
2024-06-11 10:15:17+00:00,NAC802,19.17489624023437,-67.27159227643693,7223.76,123.61551222711827,219.3010269452085
2024-06-11 10:15:18+00:00,NAC802,19.173248291015625,-67.26899283272877,7208.52,123.6900675259798,218.872798001866
2024-06-11 10:15:19+00:00,NAC802,19.17269897460937,-67.2681100027902,7208.52,123.6900675259798,218.872798001866
2024-06-11 10:15:20+00:00,NAC802,19.171468443789724,-67.26614102450282,7193.280000000001,123.6900675259798,218.872798001866
2024-06-11 10:15:21+00:00,NAC802,19.169952392578125,-67.2637939453125,7178.04,123.87694155189484,218.73128031890596
2024-06-11 10:15:22+00:00,NAC802,19.16946669756356,-67.26304487748575,7178.04,123.87694155189484,218.73128031890596
2024-06-11 10:15:23+00:00,NAC802,19.168023578191207,-67.26079767400569,7162.8,123.952203250299,218.3043583770304
2024-06-11 10:15:24+00:00,NAC802,19.167526245117188,-67.26001739501953,7155.18,123.952203250299,218.3043583770304
2024-06-11 10:15:25+00:00,NAC802,19.165695190429688,-67.2571236746652,7139.9400000000005,124.02775976218835,217.87781458451505
2024-06-11 10:15:26+00:00,NAC802,19.165008544921875,-67.25609370640348,7132.320000000001,124.02775976218835,217.87781458451505
2024-06-11 10:15:27+00:00,NAC802,19.16326904296875,-67.25334712437223,7117.08,124.02775976218835,217.87781458451505
2024-06-11 10:15:28+00:00,NAC802,19.162111443988348,-67.25155917080963,7101.84,124.02775976218835,217.87781458451505
2024-06-11 10:15:29+00:00,NAC802,19.16155281713453,-67.25066028941762,7101.84,123.9912252230332,217.1636247199762
2024-06-11 10:15:30+00:00,NAC802,19.160430908203125,-67.24888392857144,7086.6,123.9912252230332,217.1636247199762
2024-06-11 10:15:31+00:00,NAC802,19.15927175748146,-67.24706476384944,7078.9800000000005,123.9912252230332,217.1636247199762
2024-06-11 10:15:32+00:00,NAC802,19.158154503773837,-67.24536687677556,7071.360000000001,123.9912252230332,217.1636247199762
2024-06-11 10:15:33+00:00,NAC802,19.15704345703125,-67.24358694893971,7056.120000000001,123.87853980510968,216.87643604872244
2024-06-11 10:15:34+00:00,NAC802,19.1554544739804,-67.24112215909088,7048.5,123.87853980510968,216.87643604872244
2024-06-11 10:15:35+00:00,NAC802,19.154937744140625,-67.24034990583147,7040.88,123.87853980510968,216.87643604872244
2024-06-11 10:15:36+00:00,NAC802,19.153918250132413,-67.23872514204544,7033.26,123.84134315997969,216.1626106484763
2024-06-11 10:15:37+00:00,NAC802,19.152288921808797,-67.23617831143463,7018.02,123.84134315997969,216.1626106484763
2024-06-11 10:15:38+00:00,NAC802,19.15118408203125,-67.23436628069197,7002.780000000001,123.7279365089078,215.87654218223489
2024-06-11 10:15:39+00:00,NAC802,19.15065959348517,-67.23358154296875,7002.780000000001,123.7279365089078,215.87654218223489
2024-06-11 10:15:40+00:00,NAC802,19.149728548728813,-67.23208340731532,6995.160000000001,123.7279365089078,215.87654218223489
2024-06-11 10:15:41+00:00,NAC802,19.14857482910156,-67.23029545375277,6979.92,123.61422934457327,215.5913216992048
2024-06-11 10:15:42+00:00,NAC802,19.14697265625,-67.22774505615234,6964.68,123.61422934457327,215.5913216992048
2024-06-11 10:15:43+00:00,NAC802,19.1458740234375,-67.22602844238281,6957.06,123.61422934457327,215.5913216992048
2024-06-11 10:15:44+00:00,NAC802,19.144821166992188,-67.22431182861328,6949.4400000000005,123.57593265799892,214.87815371091645
2024-06-11 10:15:45+00:00,NAC802,19.144328489141948,-67.22354403409088,6941.820000000001,123.57593265799892,214.87815371091645
2024-06-11 10:15:46+00:00,NAC802,19.14260605634269,-67.22084738991475,6926.58,123.57593265799892,214.87815371091645
2024-06-11 10:15:47+00:00,NAC802,19.14153535487288,-67.21914950284088,6911.34,123.4614951500686,214.59407279834303
2024-06-11 10:15:48+00:00,NAC802,19.141023280256885,-67.21830055930394,6911.34,123.4614951500686,214.59407279834303
2024-06-11 10:15:49+00:00,NAC802,19.13944050417108,-67.21575372869319,6896.1,123.4614951500686,214.59407279834303
2024-06-11 10:15:50+00:00,NAC802,19.13818359375,-67.21381596156527,6880.860000000001,123.5373809333553,214.1650823615536
2024-06-11 10:15:51+00:00,NAC802,19.137222290039062,-67.21229553222656,6873.240000000001,123.5373809333553,214.1650823615536
2024-06-11 10:15:52+00:00,NAC802,19.13674047437765,-67.2115090110085,6865.620000000001,123.5373809333553,214.1650823615536
2024-06-11 10:15:53+00:00,NAC802,19.135757446289062,-67.20989227294922,6858.0,123.6135712035908,213.73646911778948
2024-06-11 10:15:54+00:00,NAC802,19.13465881347656,-67.20822470528736,6850.38,123.6135712035908,213.73646911778948
2024-06-11 10:15:55+00:00,NAC802,19.133056640625,-67.20567430768693,6835.14,123.6135712035908,213.73646911778948
2024-06-11 10:15:56+00:00,NAC802,19.132003784179688,-67.20400674002508,6819.900000000001,123.6135712035908,213.73646911778948
2024-06-11 10:15:57+00:00,NAC802,19.130781787936968,-67.202070756392,6812.280000000001,123.6900675259798,213.3082353408016
2024-06-11 10:15:58+00:00,NAC802,19.13031005859375,-67.20130920410156,6804.660000000001,123.57493885404236,213.02330320280308
2024-06-11 10:15:59+00:00,NAC802,19.12934875488281,-67.19978877476285,6797.04,123.57493885404236,213.02330320280308
2024-06-11 10:16:00+00:00,NAC802,19.12780244471663,-67.19737659801137,6781.8,123.65161398845598,212.5948777509907
2024-06-11 10:16:01+00:00,NAC802,19.126693725585938,-67.19557080950057,6774.18,123.65161398845598,212.5948777509907
2024-06-11 10:16:02+00:00,NAC802,19.125567937301376,-67.19383101029825,6758.9400000000005,123.65161398845598,212.5948777509907
2024-06-11 10:16:03+00:00,NAC802,19.12463689254502,-67.19233287464488,6751.320000000001,123.72859864291034,212.1668345659666
2024-06-11 10:16:04+00:00,NAC802,19.124038696289062,-67.19140189034596,6751.320000000001,123.72859864291034,212.1668345659666
2024-06-11 10:16:05+00:00,NAC802,19.123054116459212,-67.18978604403407,6736.08,123.72859864291034,212.1668345659666
2024-06-11 10:16:06+00:00,NAC802,19.12193298339844,-67.1880667550223,6728.46,123.80589441572918,211.7391759660552
2024-06-11 10:16:07+00:00,NAC802,19.12074279785156,-67.18620300292969,6720.84,123.80589441572918,211.7391759660552
2024-06-11 10:16:08+00:00,NAC802,19.119609250860695,-67.18444269353694,6705.6,123.8835029136509,211.3119042862569
2024-06-11 10:16:09+00:00,NAC802,19.118445444915253,-67.18264493075282,6697.9800000000005,123.8835029136509,211.3119042862569
2024-06-11 10:16:10+00:00,NAC802,19.117840265823624,-67.18164617365056,6690.360000000001,123.8835029136509,211.3119042862569
2024-06-11 10:16:11+00:00,NAC802,19.115753173828125,-67.17840467180525,6667.5,123.8835029136509,211.3119042862569
2024-06-11 10:16:12+00:00,NAC802,19.115203857421875,-67.1775708879743,6667.5,123.8835029136509,211.3119042862569
2024-06-11 10:16:13+00:00,NAC802,19.1141160867982,-67.17580344460225,6652.26,123.9614257518512,210.88502187837472
2024-06-11 10:16:14+00:00,NAC802,19.113045385328387,-67.1741554953835,6644.64,123.9614257518512,210.88502187837472
2024-06-11 10:16:15+00:00,NAC802,19.111881579382946,-67.17235773259944,6637.02,123.9614257518512,210.88502187837472
2024-06-11 10:16:16+00:00,NAC802,19.11081087791313,-67.17065984552556,6621.780000000001,124.03966455396493,210.45853111114133
2024-06-11 10:16:17+00:00,NAC802,19.109619140625,-67.16879163469588,6614.160000000001,123.9234502658317,210.1709948255089
2024-06-11 10:16:19+00:00,NAC802,19.107925415039062,-67.16614314488004,6598.92,123.9234502658317,210.1709948255089
2024-06-11 10:16:20+00:00,NAC802,19.10687255859375,-67.16447557721818,6591.3,124.0018782137326,209.744313953964
2024-06-11 10:16:21+00:00,NAC802,19.105682373046875,-67.16266087123324,6576.06,123.88521588413948,209.4570607302655
2024-06-11 10:16:22+00:00,NAC802,19.10462951660156,-67.16099330357144,6568.4400000000005,123.88521588413948,209.4570607302655
2024-06-11 10:16:23+00:00,NAC802,19.104060803429554,-67.16007302024144,6560.820000000001,123.88521588413948,209.4570607302655
2024-06-11 10:16:24+00:00,NAC802,19.102935791015625,-67.15834481375555,6553.200000000001,123.88521588413948,209.4570607302655
2024-06-11 10:16:25+00:00,NAC802,19.10187284825212,-67.15662730823863,6545.58,123.88521588413948,209.4570607302655
2024-06-11 10:16:26+00:00,NAC802,19.100383176641948,-67.15433016690338,6530.34,123.76823361597556,209.17067827198804
2024-06-11 10:16:27+00:00,NAC802,19.099273681640625,-67.15260641915455,6515.1,123.84671998461307,208.7432205464329
2024-06-11 10:16:28+00:00,NAC802,19.09870729608051,-67.15168346058238,6515.1,123.84671998461307,208.7432205464329
2024-06-11 10:16:30+00:00,NAC802,19.096664428710938,-67.14848654610768,6492.240000000001,123.72928434361538,208.45712697904187
2024-06-11 10:16:31+00:00,NAC802,19.095199584960938,-67.14618137904574,6477.0,123.72928434361538,208.45712697904187
2024-06-11 10:16:32+00:00,NAC802,19.094098624536542,-67.14444247159088,6469.38,123.72928434361538,208.45712697904187
2024-06-11 10:16:33+00:00,NAC802,19.093231201171875,-67.14304242815291,6461.76,123.61152641066109,208.171911548783
2024-06-11 10:16:34+00:00,NAC802,19.092236535023837,-67.14149613813919,6454.14,123.61152641066109,208.171911548783
2024-06-11 10:16:35+00:00,NAC802,19.09126281738281,-67.13995252336775,6438.900000000001,123.4934458561182,207.8875778699885
2024-06-11 10:16:36+00:00,NAC802,19.09018823655985,-67.13820023970169,6431.280000000001,123.4934458561182,207.8875778699885
2024-06-11 10:16:37+00:00,NAC802,19.08970642089844,-67.137451171875,6431.280000000001,123.37504235950816,207.60412956558693
2024-06-11 10:16:38+00:00,NAC802,19.088233042571503,-67.13510409268463,6416.04,123.4533094540727,207.17471707058388
2024-06-11 10:16:39+00:00,NAC802,19.087627863479877,-67.13410533558238,6408.42,123.4533094540727,207.17471707058388
2024-06-11 10:16:40+00:00,NAC802,19.085906982421875,-67.1313694545201,6393.18,123.33444311652184,206.89157130866695
2024-06-11 10:16:41+00:00,NAC802,19.08441575907045,-67.12901167436075,6377.9400000000005,123.33444311652184,206.89157130866695
2024-06-11 10:16:42+00:00,NAC802,19.083903684454448,-67.12821266867894,6370.320000000001,123.41289591024032,206.4619586374666
2024-06-11 10:16:43+00:00,NAC802,19.082931518554688,-67.12666102818082,6362.700000000001,123.41289591024032,206.4619586374666
2024-06-11 10:16:44+00:00,NAC802,19.0819484904661,-67.12506658380681,6355.08,123.41289591024032,206.4619586374666
2024-06-11 10:16:45+00:00,NAC802,19.08045959472656,-67.12273733956471,6339.84,123.41289591024032,206.4619586374666
2024-06-11 10:16:46+00:00,NAC802,19.07954406738281,-67.12126595633367,6332.22,123.49167573051668,206.0327346698262
2024-06-11 10:16:47+00:00,NAC802,19.07904052734375,-67.12043217250277,6324.6,123.61082030194548,206.31705908681968
2024-06-11 10:16:48+00:00,NAC802,19.078038102489405,-67.11887428977269,6316.9800000000005,123.61082030194548,206.31705908681968
2024-06-11 10:16:49+00:00,NAC802,19.07692084878178,-67.11707652698863,6301.740000000001,123.6900675259798,205.8888184593824
2024-06-11 10:16:50+00:00,NAC802,19.075896699549787,-67.115478515625,6294.12,123.6900675259798,205.8888184593824
2024-06-11 10:16:51+00:00,NAC802,19.074691772460938,-67.11361476353238,6286.5,123.76964494635716,205.46097334585247
2024-06-11 10:16:52+00:00,NAC802,19.07368469238281,-67.1119962419782,6271.26,123.76964494635716,205.46097334585247
2024-06-11 10:16:53+00:00,NAC802,19.0726318359375,-67.11037772042408,6263.64,123.76964494635716,205.46097334585247
2024-06-11 10:16:54+00:00,NAC802,19.07162475585937,-67.10875919886996,6256.02,123.76964494635716,205.46097334585247
2024-06-11 10:16:55+00:00,NAC802,19.070636296676376,-67.10723876953125,6248.400000000001,123.84955432217222,205.03352622219597
2024-06-11 10:16:56+00:00,NAC802,19.069612147444385,-67.1055908203125,6233.160000000001,123.84955432217222,205.03352622219597
2024-06-11 10:16:57+00:00,NAC802,19.068169028072035,-67.10334361683238,6225.54,123.7299948919996,204.74741942305565
2024-06-11 10:16:58+00:00,NAC802,19.067184448242188,-67.10179465157643,6217.92,123.7299948919996,204.74741942305565
2024-06-11 10:16:59+00:00,NAC802,19.06612072960805,-67.10009765625,6202.68,123.7299948919996,204.74741942305565
2024-06-11 10:17:00+00:00,NAC802,19.06560865499205,-67.09929865056819,6195.06,123.7299948919996,204.74741942305565
2024-06-11 10:17:01+00:00,NAC802,19.064620971679688,-67.09777287074496,6187.4400000000005,123.6900675259798,204.03396423902765
2024-06-11 10:17:02+00:00,NAC802,19.06402587890625,-67.09679194859098,6187.4400000000005,123.6900675259798,204.03396423902765
2024-06-11 10:17:03+00:00,NAC802,19.06244310282045,-67.09430486505681,6172.200000000001,123.6900675259798,204.03396423902765
2024-06-11 10:17:04+00:00,NAC802,19.06187438964844,-67.09340776715959,6164.58,123.6900675259798,204.03396423902765
2024-06-11 10:17:05+00:00,NAC802,19.059860229492188,-67.09021977015902,6141.72,123.6900675259798,204.03396423902765
2024-06-11 10:17:06+00:00,NAC802,19.0594482421875,-67.08953312465121,6141.72,123.7703698973847,203.60612093081136
2024-06-11 10:17:07+00:00,NAC802,19.05825340141684,-67.08771306818181,6126.4800000000005,123.7703698973847,203.60612093081136
2024-06-11 10:17:08+00:00,NAC802,19.05770874023437,-67.0868355887277,6126.4800000000005,123.6498599680094,203.32060883319596
2024-06-11 10:17:09+00:00,NAC802,19.05625165519068,-67.0845170454545,6111.240000000001,123.6498599680094,203.32060883319596
2024-06-11 10:17:10+00:00,NAC802,19.055227505958687,-67.08286909623575,6096.0,123.6498599680094,203.32060883319596
2024-06-11 10:17:11+00:00,NAC802,19.053691282110695,-67.08047207919032,6080.76,123.73035990999392,202.89256565719484
2024-06-11 10:17:12+00:00,NAC802,19.053131103515625,-67.07962581089566,6080.76,123.73035990999392,202.89256565719484
2024-06-11 10:17:13+00:00,NAC802,19.05196884931144,-67.07777543501419,6065.52,123.73035990999392,202.89256565719484
2024-06-11 10:17:14+00:00,NAC802,19.05145677469545,-67.07697642933238,6057.900000000001,123.73035990999392,202.89256565719484
2024-06-11 10:17:15+00:00,NAC802,19.05006020756091,-67.07472922585225,6050.280000000001,123.60936929833667,202.60735425948064
2024-06-11 10:17:16+00:00,NAC802,19.049606323242188,-67.07398550851002,6042.66,123.60936929833667,202.60735425948064
2024-06-11 10:17:17+00:00,NAC802,19.04861708818856,-67.07248202237213,6035.04,123.60936929833667,202.60735425948064
2024-06-11 10:17:18+00:00,NAC802,19.04718017578125,-67.07015991210938,6019.8,123.6900675259798,202.1791100186728
2024-06-11 10:17:19+00:00,NAC802,19.0462646484375,-67.06873757498602,6012.18,123.6900675259798,202.1791100186728
2024-06-11 10:17:20+00:00,NAC802,19.045172222590043,-67.06703879616475,6004.56,123.5685925570784,201.8942015865449
2024-06-11 10:17:21+00:00,NAC802,19.044113159179688,-67.06540243966236,5989.320000000001,123.5685925570784,201.8942015865449
2024-06-11 10:17:22+00:00,NAC802,19.0426025390625,-67.06299918038502,5974.08,123.5685925570784,201.8942015865449
2024-06-11 10:17:23+00:00,NAC802,19.042146327131885,-67.06229469992894,5974.08,123.64948978523348,201.46575507376596
2024-06-11 10:17:24+00:00,NAC802,19.04159545898437,-67.0613806588309,5966.46,123.64948978523348,201.46575507376596
2024-06-11 10:17:27+00:00,NAC802,19.03804973020392,-67.05575284090907,5928.360000000001,123.73073166359016,201.0377118997207
2024-06-11 10:17:28+00:00,NAC802,19.0374755859375,-67.05490657261441,5928.360000000001,123.73073166359016,201.0377118997207
2024-06-11 10:17:29+00:00,NAC802,19.0359083272643,-67.05240700461644,5913.12,123.73073166359016,201.0377118997207
2024-06-11 10:17:30+00:00,NAC802,19.03504943847656,-67.05108097621371,5905.5,123.73073166359016,201.0377118997207
2024-06-11 10:17:31+00:00,NAC802,19.033767700195312,-67.04902103969027,5890.26,123.73073166359016,201.0377118997207
2024-06-11 10:17:32+00:00,NAC802,19.033301401946503,-67.04831210049713,5882.64,123.81232007056566,200.6100746462297
2024-06-11 10:17:33+00:00,NAC802,19.031578969147244,-67.045615456321,5867.400000000001,123.6900675259798,200.324255798318
2024-06-11 10:17:34+00:00,NAC802,19.03097379005561,-67.04466663707387,5859.780000000001,123.6900675259798,200.324255798318
2024-06-11 10:17:35+00:00,NAC802,19.029830932617188,-67.04284123011996,5852.16,123.6900675259798,200.324255798318
2024-06-11 10:17:37+00:00,NAC802,19.027816772460938,-67.03970227922713,5829.3,123.77186016065792,199.896416201239
2024-06-11 10:17:38+00:00,NAC802,19.027313232421875,-67.0389175415039,5829.3,123.77186016065792,199.896416201239
2024-06-11 10:17:39+00:00,NAC802,19.025711059570312,-67.03636714390348,5814.06,123.77186016065792,199.896416201239
2024-06-11 10:17:40+00:00,NAC802,19.025154760328387,-67.03552800958806,5806.4400000000005,123.77186016065792,199.896416201239
2024-06-11 10:17:41+00:00,NAC802,19.02410888671875,-67.03386579241072,5798.820000000001,123.77186016065792,199.896416201239
2024-06-11 10:17:42+00:00,NAC802,19.02278059619968,-67.03173273259944,5783.58,123.85400350068812,199.46898572035263
2024-06-11 10:17:43+00:00,NAC802,19.02175644696769,-67.03018465909088,5775.96,123.85400350068812,199.46898572035263
2024-06-11 10:17:44+00:00,NAC802,19.021244372351696,-67.02938565340907,5768.34,123.85400350068812,199.46898572035263
2024-06-11 10:17:45+00:00,NAC802,19.02021789550781,-67.02773502894809,5760.72,123.85400350068812,199.46898572035263
2024-06-11 10:17:46+00:00,NAC802,19.019302368164062,-67.02631269182478,5753.1,123.93649946665673,199.04196699131515
2024-06-11 10:17:47+00:00,NAC802,19.017791748046875,-67.02395847865512,5737.860000000001,123.93649946665673,199.04196699131515
2024-06-11 10:17:48+00:00,NAC802,19.016921997070312,-67.02253614153182,5722.62,123.93649946665673,199.04196699131515
2024-06-11 10:17:49+00:00,NAC802,19.01641845703125,-67.0217514038086,5722.62,123.81346097378764,198.75522468758948
2024-06-11 10:17:50+00:00,NAC802,19.014816284179688,-67.01925005231584,5707.38,123.81346097378764,198.75522468758948
2024-06-11 10:17:51+00:00,NAC802,19.013900756835938,-67.01787676130022,5699.76,123.81346097378764,198.75522468758948
2024-06-11 10:17:52+00:00,NAC802,19.01286496954449,-67.01620205965907,5684.52,123.81346097378764,198.75522468758948
2024-06-11 10:17:53+00:00,NAC802,19.011932373046875,-67.01473781040738,5676.900000000001,123.89616656336392,198.32800358330135
2024-06-11 10:17:54+00:00,NAC802,19.010863223318324,-67.013105912642,5669.280000000001,123.89616656336392,198.32800358330135
2024-06-11 10:17:55+00:00,NAC802,19.010330200195312,-67.01223645891463,5661.66,123.89616656336392,198.32800358330135
2024-06-11 10:17:56+00:00,NAC802,19.008819580078125,-67.00988224574496,5646.42,123.77262622894744,198.04156388859047
2024-06-11 10:17:57+00:00,NAC802,19.008302850238348,-67.00901100852269,5638.8,123.77262622894744,198.04156388859047
2024-06-11 10:17:58+00:00,NAC802,19.006813178628175,-67.0067138671875,5623.56,123.77262622894744,198.04156388859047
2024-06-11 10:18:00+00:00,NAC802,19.0048828125,-67.00365339006697,5608.320000000001,123.77262622894744,198.04156388859047
2024-06-11 10:18:01+00:00,NAC802,19.003926939883478,-67.00216952237213,5593.08,123.85554224139254,197.61413916372672
2024-06-11 10:18:02+00:00,NAC802,19.0029493428893,-67.00062144886363,5585.46,123.73149613735208,197.3280044108785
2024-06-11 10:18:03+00:00,NAC802,19.001998901367188,-66.99914114815846,5577.84,123.73149613735208,197.3280044108785
2024-06-11 10:18:04+00:00,NAC802,19.00145967127913,-66.99827436967325,5570.22,123.73149613735208,197.3280044108785
2024-06-11 10:18:05+00:00,NAC802,19.00048207428496,-66.99672629616475,5562.6,123.73149613735208,197.3280044108785
2024-06-11 10:18:06+00:00,NAC802,18.998899298199152,-66.99422940340907,5547.360000000001,123.73149613735208,197.3280044108785
2024-06-11 10:18:07+00:00,NAC802,18.99801480568061,-66.99283114346588,5539.740000000001,123.81462337218706,196.90037480924215
2024-06-11 10:18:08+00:00,NAC802,18.99696350097656,-66.99119567871094,5524.5,123.81462337218706,196.90037480924215
2024-06-11 10:18:09+00:00,NAC802,18.996551513671875,-66.99060712541853,5524.5,123.81462337218706,196.90037480924215
2024-06-11 10:18:10+00:00,NAC802,18.995086669921875,-66.98825291224887,5509.26,123.81462337218706,196.90037480924215
2024-06-11 10:18:11+00:00,NAC802,18.99407958984375,-66.98668343680242,5494.02,123.81462337218706,196.90037480924215
2024-06-11 10:18:12+00:00,NAC802,18.99303371623411,-66.98509077592325,5486.400000000001,123.89811228888745,196.47316147636727
2024-06-11 10:18:13+00:00,NAC802,18.992111206054688,-66.98359353201727,5478.780000000001,123.89811228888745,196.47316147636727
2024-06-11 10:18:14+00:00,NAC802,18.99107852224576,-66.98199462890625,5463.54,123.89811228888745,196.47316147636727
2024-06-11 10:18:15+00:00,NAC802,18.990007820775958,-66.98029674183238,5455.92,123.77340678286151,196.18671161201488
2024-06-11 10:18:16+00:00,NAC802,18.98945617675781,-66.97942461286272,5448.3,123.77340678286151,196.18671161201488
2024-06-11 10:18:17+00:00,NAC802,18.988425044690143,-66.97779984907669,5440.68,123.77340678286151,196.18671161201488
2024-06-11 10:18:18+00:00,NAC802,18.9873046875,-66.97604043143133,5425.4400000000005,123.77340678286151,196.18671161201488
2024-06-11 10:18:20+00:00,NAC802,18.98539914923199,-66.97300581498575,5410.2,123.77340678286151,196.18671161201488
2024-06-11 10:18:21+00:00,NAC802,18.984281895524365,-66.97130792791194,5394.96,123.64833717683057,195.9011938478461
2024-06-11 10:18:22+00:00,NAC802,18.983367919921875,-66.96986062186102,5387.34,123.73188925542324,195.47315068000583
2024-06-11 10:18:23+00:00,NAC802,18.982326701536017,-66.96821178089488,5379.72,123.73188925542324,195.47315068000583
2024-06-11 10:18:24+00:00,NAC802,18.981256000066207,-66.966513893821,5364.4800000000005,123.73188925542324,195.47315068000583
2024-06-11 10:18:25+00:00,NAC802,18.980255126953125,-66.96490696498324,5356.860000000001,123.73188925542324,195.47315068000583
2024-06-11 10:18:27+00:00,NAC802,18.97865295410156,-66.96245465959822,5341.62,123.73188925542324,195.47315068000583
2024-06-11 10:18:28+00:00,NAC802,18.97762492551642,-66.96082097833806,5326.38,123.8158078790094,195.04552501347848
2024-06-11 10:18:29+00:00,NAC802,18.976638793945312,-66.95921761648992,5318.76,123.8158078790094,195.04552501347848
2024-06-11 10:18:30+00:00,NAC802,18.975631713867188,-66.95769718715121,5311.14,123.6900675259798,194.75969313725363
2024-06-11 10:18:31+00:00,NAC802,18.974578857421875,-66.95598057338168,5295.900000000001,123.6900675259798,194.75969313725363
2024-06-11 10:18:32+00:00,NAC802,18.974040403204448,-66.95512806285512,5288.280000000001,123.6900675259798,194.75969313725363
2024-06-11 10:18:33+00:00,NAC802,18.9730224609375,-66.95352826799666,5280.66,123.6900675259798,194.75969313725363
2024-06-11 10:18:34+00:00,NAC802,18.971573134600103,-66.95128284801137,5265.42,123.8158078790094,195.04552501347848
2024-06-11 10:18:35+00:00,NAC802,18.97059553760593,-66.94978471235794,5250.18,123.8158078790094,195.04552501347848
2024-06-11 10:18:36+00:00,NAC802,18.96958923339844,-66.94818224225725,5234.9400000000005,123.8158078790094,195.04552501347848
2024-06-11 10:18:37+00:00,NAC802,18.9686279296875,-66.9466127668108,5219.7,123.8158078790094,195.04552501347848
2024-06-11 10:18:38+00:00,NAC802,18.96766274662341,-66.94514049183238,5212.08,123.8158078790094,195.04552501347848
2024-06-11 10:18:39+00:00,NAC802,18.966685149629235,-66.94364235617894,5196.84,123.8158078790094,195.04552501347848
2024-06-11 10:18:40+00:00,NAC802,18.966312731726696,-66.9429931640625,5189.22,123.8158078790094,195.04552501347848
2024-06-11 10:18:41+00:00,NAC802,18.964450642213983,-66.94009676846588,5166.360000000001,123.8158078790094,195.04552501347848
2024-06-11 10:18:42+00:00,NAC802,18.963938567597985,-66.93929776278407,5166.360000000001,123.8158078790094,195.04552501347848
2024-06-11 10:18:43+00:00,NAC802,18.96258855270127,-66.93715043501419,5151.12,123.8158078790094,195.04552501347848
2024-06-11 10:18:45+00:00,NAC802,18.96063335871292,-66.93410422585225,5128.26,123.8158078790094,195.04552501347848
2024-06-11 10:18:46+00:00,NAC802,18.959701538085938,-66.93263462611606,5120.64,123.8158078790094,195.04552501347848
2024-06-11 10:18:47+00:00,NAC802,18.95858506024894,-66.93085826526988,5105.400000000001,123.8158078790094,195.04552501347848
2024-06-11 10:18:48+00:00,NAC802,18.957467806541317,-66.929160378196,5097.780000000001,123.90009510252696,194.61831960033183
2024-06-11 10:18:49+00:00,NAC802,18.95654296875,-66.92773001534596,5082.54,123.90009510252696,194.61831960033183
2024-06-11 10:18:50+00:00,NAC802,18.956085205078125,-66.92694527762274,5082.54,123.90009510252696,194.61831960033183
2024-06-11 10:18:51+00:00,NAC802,18.95516967773437,-66.92557198660711,5067.3,123.90009510252696,194.61831960033183
2024-06-11 10:18:52+00:00,NAC802,18.95370483398437,-66.92326681954518,5052.06,123.90009510252696,194.61831960033183
2024-06-11 10:18:53+00:00,NAC802,18.95274353027344,-66.92174639020647,5044.4400000000005,123.90009510252696,194.61831960033183
2024-06-11 10:18:54+00:00,NAC802,18.951873779296875,-66.92037309919084,5036.820000000001,123.7742022371856,194.33185937254515
2024-06-11 10:18:55+00:00,NAC802,18.950950493246825,-66.91892311789769,5029.2,123.7742022371856,194.33185937254515
2024-06-11 10:18:56+00:00,NAC802,18.949996948242188,-66.9174793788365,5013.96,123.7742022371856,194.33185937254515
2024-06-11 10:18:57+00:00,NAC802,18.94946082163665,-66.9166259765625,5013.96,123.7742022371856,194.33185937254515
2024-06-11 10:18:59+00:00,NAC802,18.94741252317267,-66.91342995383519,4991.1,123.8587080382917,193.90444649033293
2024-06-11 10:19:01+00:00,NAC802,18.945364224708687,-66.91018399325282,4968.240000000001,123.8587080382917,193.90444649033293
2024-06-11 10:19:02+00:00,NAC802,18.944366455078125,-66.90860203334262,4960.62,123.8587080382917,193.90444649033293
2024-06-11 10:19:04+00:00,NAC802,18.94203186035156,-66.90497262137274,4937.76,123.8587080382917,193.90444649033293
2024-06-11 10:19:05+00:00,NAC802,18.941500388969807,-66.90409157492894,4930.14,123.94358701975182,193.4774572799436
2024-06-11 10:19:06+00:00,NAC802,18.94019692631091,-66.9021439985795,4914.900000000001,123.8170151310516,193.19067530267708
2024-06-11 10:19:07+00:00,NAC802,18.939265881554554,-66.900595925071,4907.280000000001,123.8170151310516,193.19067530267708
2024-06-11 10:19:08+00:00,NAC802,18.938232421875,-66.89898899623324,4899.66,123.8170151310516,193.19067530267708
2024-06-11 10:19:09+00:00,NAC802,18.937310687566207,-66.89754971590907,4884.42,123.8170151310516,193.19067530267708
2024-06-11 10:19:10+00:00,NAC802,18.9362399860964,-66.89590176669032,4876.8,123.8170151310516,193.19067530267708
2024-06-11 10:19:11+00:00,NAC802,18.935774463718214,-66.89515269886363,4869.18,123.6900675259798,192.90483891689885
2024-06-11 10:19:12+00:00,NAC802,18.934158325195312,-66.89261300223211,4853.9400000000005,123.6900675259798,192.90483891689885
2024-06-11 10:19:13+00:00,NAC802,18.9336330607786,-66.891806862571,4846.320000000001,123.6900675259798,192.90483891689885
2024-06-11 10:19:14+00:00,NAC802,18.932748568260063,-66.89040860262782,4838.7,123.6900675259798,192.90483891689885
2024-06-11 10:19:15+00:00,NAC802,18.9312744140625,-66.88805171421598,4823.46,123.77501302269384,192.477007171254
2024-06-11 10:19:16+00:00,NAC802,18.93031311035156,-66.88653128487721,4815.84,123.77501302269384,192.477007171254
2024-06-11 10:19:17+00:00,NAC802,18.92986232951536,-66.8858642578125,4808.22,123.64753169154253,192.19148641006845
2024-06-11 10:19:18+00:00,NAC802,18.928931284759003,-66.88436612215907,4800.6,123.64753169154253,192.19148641006845
2024-06-11 10:19:19+00:00,NAC802,18.92779541015625,-66.88260759626115,4792.9800000000005,123.64753169154253,192.19148641006845
2024-06-11 10:19:20+00:00,NAC802,18.926925659179688,-66.88123430524553,4777.740000000001,123.64753169154253,192.19148641006845
2024-06-11 10:19:21+00:00,NAC802,18.92585883706303,-66.87947221235794,4770.12,123.73269830644108,191.763443246668
2024-06-11 10:19:22+00:00,NAC802,18.924362182617188,-66.87716347830633,4754.88,123.73269830644108,191.763443246668
2024-06-11 10:19:24+00:00,NAC802,18.923492431640625,-66.8757901872907,4747.26,123.73269830644108,191.763443246668
2024-06-11 10:19:25+00:00,NAC802,18.922164916992188,-66.87368120465959,4732.02,123.73269830644108,191.763443246668
2024-06-11 10:19:26+00:00,NAC802,18.920738090903072,-66.87148215553975,4716.780000000001,123.73269830644108,191.763443246668
2024-06-11 10:19:30+00:00,NAC802,18.91743288201801,-66.86618874289769,4678.68,123.60467894610716,191.47824061753047
2024-06-11 10:19:31+00:00,NAC802,18.916030883789062,-66.8639700753348,4663.4400000000005,123.60467894610716,191.47824061753047
2024-06-11 10:19:32+00:00,NAC802,18.91552424026748,-66.86314253373575,4655.820000000001,123.60467894610716,191.47824061753047
2024-06-11 10:19:33+00:00,NAC802,18.91445353879767,-66.861494584517,4648.2,123.60467894610716,191.47824061753047
2024-06-11 10:19:35+00:00,NAC802,18.91259765625,-66.85852595738004,4625.34,123.60467894610716,191.47824061753047
2024-06-11 10:19:37+00:00,NAC802,18.91054315082097,-66.85530229048294,4602.4800000000005,123.60467894610716,191.47824061753047
2024-06-11 10:19:40+00:00,NAC802,18.90807588221663,-66.85140713778407,4579.62,123.60467894610716,191.47824061753047
2024-06-11 10:19:42+00:00,NAC802,18.906005859375,-66.84817722865512,4556.76,123.7758395869269,190.62215500925595
2024-06-11 10:19:44+00:00,NAC802,18.90390014648437,-66.84489113943914,4533.900000000001,123.86199733105316,190.1947544320141
2024-06-11 10:19:46+00:00,NAC802,18.90193098682468,-66.84181906960225,4518.66,123.86199733105316,190.1947544320141
2024-06-11 10:19:49+00:00,NAC802,18.89946371822034,-66.83792391690338,4488.18,123.94854297333455,189.76778586418132
2024-06-11 10:19:51+00:00,NAC802,18.897043001853813,-66.83417857776988,4465.320000000001,123.94854297333455,189.76778586418132
2024-06-11 10:19:52+00:00,NAC802,18.896163940429688,-66.83277675083707,4457.7,124.03547874165612,189.34125222832895
2024-06-11 10:19:53+00:00,NAC802,18.895134360103285,-66.83123224431819,4442.46,124.03547874165612,189.34125222832895
2024-06-11 10:19:54+00:00,NAC802,18.894296419822563,-66.82988392223012,4434.84,124.03547874165612,189.34125222832895
2024-06-11 10:19:55+00:00,NAC802,18.89285330045021,-66.82763671875,4419.6,124.03547874165612,189.34125222832895
2024-06-11 10:19:57+00:00,NAC802,18.89150328555349,-66.82558926669032,4404.360000000001,124.03547874165612,189.34125222832895
2024-06-11 10:19:58+00:00,NAC802,18.8909912109375,-66.82478223528182,4404.360000000001,124.12280687684805,188.91515647043215
2024-06-11 10:19:59+00:00,NAC802,18.889572143554688,-66.82252611432756,4389.12,124.12280687684805,188.91515647043215
2024-06-11 10:20:05+00:00,NAC802,18.883758544921875,-66.81350163051059,4328.16,124.08101067464553,188.2007438024288
2024-06-11 10:20:06+00:00,NAC802,18.88330078125,-66.8127659388951,4320.54,124.08101067464553,188.2007438024288
2024-06-11 10:20:07+00:00,NAC802,18.88179016113281,-66.81036267961775,4305.3,124.08101067464553,188.2007438024288
2024-06-11 10:20:10+00:00,NAC802,18.87899780273437,-66.80609566824774,4274.820000000001,123.95109432834528,187.91295070449723
2024-06-11 10:20:11+00:00,NAC802,18.877723823159428,-66.80411598899144,4267.2,123.95109432834528,187.91295070449723
2024-06-11 10:20:12+00:00,NAC802,18.877212524414062,-66.80330004010881,4259.58,123.95109432834528,187.91295070449723
2024-06-11 10:20:13+00:00,NAC802,18.875701904296875,-66.80089678083147,4244.34,123.95109432834528,187.91295070449723
2024-06-11 10:20:14+00:00,NAC802,18.875210002317267,-66.80012096058238,4236.72,123.95109432834528,187.91295070449723
2024-06-11 10:20:15+00:00,NAC802,18.874740600585938,-66.79942539760043,4229.1,123.95109432834528,187.91295070449723
2024-06-11 10:20:16+00:00,NAC802,18.87391662597656,-66.79810115269254,4221.4800000000005,123.9084192871704,187.19895454244707
2024-06-11 10:20:17+00:00,NAC802,18.87255652476165,-66.79597611860794,4206.24,123.9084192871704,187.19895454244707
2024-06-11 10:20:18+00:00,NAC802,18.8711134053893,-66.79377885298294,4191.0,123.9084192871704,187.19895454244707
2024-06-11 10:20:20+00:00,NAC802,18.870182360632946,-66.7922807173295,4183.38,123.9084192871704,187.19895454244707
2024-06-11 10:20:23+00:00,NAC802,18.866729736328125,-66.78691864013672,4145.280000000001,123.9084192871704,187.19895454244707
2024-06-11 10:20:24+00:00,NAC802,18.865759898040253,-66.78538929332387,4137.66,123.99645914825052,186.772222363006
2024-06-11 10:20:25+00:00,NAC802,18.864761352539062,-66.78382873535156,4130.04,123.99645914825052,186.772222363006
2024-06-11 10:20:26+00:00,NAC802,18.864270226430083,-66.7830422141335,4122.42,123.99645914825052,186.772222363006
2024-06-11 10:20:27+00:00,NAC802,18.862701416015625,-66.78059169224332,4107.18,123.86541748965423,186.48506302547688
2024-06-11 10:20:28+00:00,NAC802,18.862335205078125,-66.78000313895086,4099.56,123.86541748965423,186.48506302547688
2024-06-11 10:20:34+00:00,NAC802,18.856430053710938,-66.77078247070312,4038.6,123.95369655286493,186.05811592485117
2024-06-11 10:20:35+00:00,NAC802,18.855425301244704,-66.76925936612213,4023.36,123.95369655286493,186.05811592485117
2024-06-11 10:20:36+00:00,NAC802,18.854461669921875,-66.76774161202565,4015.74,124.0423814837388,185.631612546605
2024-06-11 10:20:37+00:00,NAC802,18.85347010725636,-66.76621315696019,4008.12,124.0423814837388,185.631612546605
2024-06-11 10:20:39+00:00,NAC802,18.85151491326801,-66.76311700994319,3985.26,123.91060446422796,185.34411392626168
2024-06-11 10:20:40+00:00,NAC802,18.85102844238281,-66.76234654017856,3985.26,123.91060446422796,185.34411392626168
2024-06-11 10:20:41+00:00,NAC802,18.85002524165784,-66.76081986860794,3970.02,123.91060446422796,185.34411392626168
2024-06-11 10:20:42+00:00,NAC802,18.84869384765625,-66.758668082101,3954.78,123.77841869652724,185.0575987708355
2024-06-11 10:20:43+00:00,NAC802,18.84825625662076,-66.75802334872157,3954.78,123.77841869652724,185.0575987708355
2024-06-11 10:20:44+00:00,NAC802,18.84727478027344,-66.75651005336215,3939.54,123.77841869652724,185.0575987708355
2024-06-11 10:20:45+00:00,NAC802,18.846301062632413,-66.75497713955963,3931.92,123.77841869652724,185.0575987708355
2024-06-11 10:20:46+00:00,NAC802,18.844985961914062,-66.75288064139227,3916.68,123.64582368959005,184.77207165532965
2024-06-11 10:20:47+00:00,NAC802,18.844070434570312,-66.75140925816129,3909.06,123.64582368959005,184.77207165532965
2024-06-11 10:20:48+00:00,NAC802,18.843246459960938,-66.75008501325334,3901.44,123.51281896685848,184.4875371672441
2024-06-11 10:20:49+00:00,NAC802,18.84271654032045,-66.74928422407669,3893.82,123.51281896685848,184.4875371672441
2024-06-11 10:20:50+00:00,NAC802,18.841461181640625,-66.74733843122209,3878.58,123.51281896685848,184.4875371672441
2024-06-11 10:20:51+00:00,NAC802,18.840621689618644,-66.74593838778407,3870.96,123.51281896685848,184.4875371672441
2024-06-11 10:20:52+00:00,NAC802,18.8397216796875,-66.74454280308316,3855.72,123.37940406648774,184.2039999064259
2024-06-11 10:20:53+00:00,NAC802,18.83880615234375,-66.74307141985213,3848.1,123.37940406648774,184.2039999064259
2024-06-11 10:20:54+00:00,NAC802,18.83750268968485,-66.74099454012782,3832.86,123.46764713893327,183.77463361936643
2024-06-11 10:20:55+00:00,NAC802,18.83694406283104,-66.74009565873575,3825.24,123.46764713893327,183.77463361936643
2024-06-11 10:20:56+00:00,NAC802,18.835966465836865,-66.73849764737213,3817.62,123.46764713893327,183.77463361936643
2024-06-11 10:20:57+00:00,NAC802,18.835006713867188,-66.73698970249723,3810.0,123.46764713893327,183.77463361936643
2024-06-11 10:20:58+00:00,NAC802,18.834104376324152,-66.73560125177556,3802.38,123.5563033032174,183.34570528811537
2024-06-11 10:20:59+00:00,NAC802,18.83331298828125,-66.73430286754257,3787.14,123.77931321628476,183.20274677806424
2024-06-11 10:21:00+00:00,NAC802,18.832809448242188,-66.73350742885043,3787.14,123.77931321628476,183.20274677806424
2024-06-11 10:21:01+00:00,NAC802,18.83139038085937,-66.73134940011158,3771.9,124.0026680536784,183.06256803884057
2024-06-11 10:21:02+00:00,NAC802,18.83014743610964,-66.72940895774144,3756.66,124.0026680536784,183.06256803884057
2024-06-11 10:21:03+00:00,NAC802,18.829742431640625,-66.72879900251115,3756.66,124.0026680536784,183.06256803884057
2024-06-11 10:21:04+00:00,NAC802,18.82879742121292,-66.72726162997157,3741.42,124.0929218369342,182.63631462120023
2024-06-11 10:21:05+00:00,NAC802,18.827911376953125,-66.72590528215682,3733.8,124.0929218369342,182.63631462120023
2024-06-11 10:21:06+00:00,NAC802,18.826950073242188,-66.72448294503346,3726.18,124.31720503890809,182.5000512989968
2024-06-11 10:21:07+00:00,NAC802,18.825942993164062,-66.72291346958707,3710.94,124.31720503890809,182.5000512989968
2024-06-11 10:21:08+00:00,NAC802,18.824980137711865,-66.72141890092325,3703.32,124.40847225202864,182.07538805695816
2024-06-11 10:21:09+00:00,NAC802,18.824478149414062,-66.72060830252508,3695.7,124.40847225202864,182.07538805695816
2024-06-11 10:21:10+00:00,NAC802,18.82302494372352,-66.71842262961644,3680.46,124.40847225202864,182.07538805695816
2024-06-11 10:21:11+00:00,NAC802,18.8221870034428,-66.7171242453835,3672.84,124.40847225202864,182.07538805695816
2024-06-11 10:21:12+00:00,NAC802,18.82125595868644,-66.71572598544032,3665.22,124.40847225202864,182.07538805695816
2024-06-11 10:21:13+00:00,NAC802,18.82026672363281,-66.714232308524,3657.6,124.50016596037744,181.65118896749783
2024-06-11 10:21:14+00:00,NAC802,18.819486973649365,-66.71302934126419,3642.36,124.50016596037744,181.65118896749783
2024-06-11 10:21:15+00:00,NAC802,18.818572998046875,-66.71168191092352,3634.74,124.63367739654952,181.94306845161523
2024-06-11 10:21:16+00:00,NAC802,18.81762488413665,-66.71018288352269,3627.12,124.85920685388722,181.8135638218528
2024-06-11 10:21:17+00:00,NAC802,18.81711280952065,-66.70948375355113,3619.5,124.85920685388722,181.8135638218528
2024-06-11 10:21:19+00:00,NAC802,18.814682006835938,-66.70594351632252,3589.02,126.1228861609976,181.51127003167463
2024-06-11 10:21:20+00:00,NAC802,18.81413346630032,-66.70518909801132,3589.02,126.1228861609976,181.51127003167463
2024-06-11 10:21:21+00:00,NAC802,18.81306276483051,-66.70364102450282,3573.78,126.5772429743592,181.2924305087521
2024-06-11 10:21:22+00:00,NAC802,18.81166076660156,-66.70167650495256,3566.1600000000003,126.5772429743592,181.2924305087521
2024-06-11 10:21:23+00:00,NAC802,18.811248779296875,-66.70113699776783,3566.1600000000003,127.26076671245212,180.9856106311593
2024-06-11 10:21:24+00:00,NAC802,18.809555053710938,-66.6988318307059,3550.92,127.26076671245212,180.9856106311593
2024-06-11 10:21:26+00:00,NAC802,18.808081675384003,-66.6968994140625,3543.3,128.1755583031131,180.6167387881008
2024-06-11 10:21:27+00:00,NAC802,18.807632446289062,-66.69628143310547,3535.6800000000003,128.40482204468475,180.53173301519396
2024-06-11 10:21:28+00:00,NAC802,18.80556785454184,-66.69355357776988,3528.0600000000004,128.50647468746072,180.12887700775133
2024-06-11 10:21:29+00:00,NAC802,18.804977416992188,-66.69279915945867,3520.44,128.73650938566544,180.04805065001025
2024-06-11 10:21:30+00:00,NAC802,18.803798869504767,-66.69130637428975,3512.82,128.83917728197744,179.6470563632745
2024-06-11 10:21:31+00:00,NAC802,18.802322387695312,-66.68936593191961,3505.2000000000003,128.942304205479,179.24664148141989
2024-06-11 10:21:32+00:00,NAC802,18.801890227754235,-66.68880948153407,3505.2000000000003,129.0699723758653,179.57043461148993
2024-06-11 10:21:33+00:00,NAC802,18.80095918299788,-66.68761097301132,3497.5800000000004,129.17365797044422,179.17132559144838
2024-06-11 10:21:34+00:00,NAC802,18.799422959149894,-66.68561345880681,3489.96,129.04589256883497,178.84680989608424
2024-06-11 10:21:35+00:00,NAC802,18.79853846663136,-66.68446488813919,3489.96,129.04589256883497,178.84680989608424
2024-06-11 10:21:36+00:00,NAC802,18.79756164550781,-66.6831861223493,3482.34,129.14994479428265,178.4475655280895
2024-06-11 10:21:37+00:00,NAC802,18.796463012695312,-66.681763785226,3474.7200000000003,129.0216171178969,178.12321702677997
2024-06-11 10:21:38+00:00,NAC802,18.79541015625,-66.68043954031805,3474.7200000000003,129.0216171178969,178.12321702677997
2024-06-11 10:21:39+00:00,NAC802,18.79481506347656,-66.67965480259488,3467.1000000000004,129.0216171178969,178.12321702677997
2024-06-11 10:21:40+00:00,NAC802,18.79339599609375,-66.67784009660994,3459.48,129.1260384838081,177.72383628012122
2024-06-11 10:21:41+00:00,NAC802,18.792859093617583,-66.6771240234375,3459.48,128.9971436377929,177.39965639326692
2024-06-11 10:21:42+00:00,NAC802,18.79183494438559,-66.6758256392045,3451.86,128.9971436377929,177.39965639326692
2024-06-11 10:21:43+00:00,NAC802,18.791290283203125,-66.67509351457869,3451.86,128.9971436377929,177.39965639326692
2024-06-11 10:22:44+00:00,NAC802,18.731782557600635,-66.59752308238637,3268.98,128.9971436377929,177.39965639326692
2024-06-11 10:24:08+00:00,NAC802,18.661442126257946,-66.50274103338069,3055.6200000000003,128.9971436377929,177.39965639326692
2024-06-11 10:24:09+00:00,NAC802,18.66073608398437,-66.50181361607144,3055.6200000000003,128.9971436377929,177.39965639326692
2024-06-11 10:24:10+00:00,NAC802,18.66000366210937,-66.50078364780973,3055.6200000000003,127.91310458992632,135.62991906649907
2024-06-11 10:24:11+00:00,NAC802,18.65920761884269,-66.49974476207382,3048.0,127.87498365109822,134.9079734696312
2024-06-11 10:24:13+00:00,NAC802,18.65785760394597,-66.49794699928975,3048.0,127.83645253416763,134.1860882353193
2024-06-11 10:24:15+00:00,NAC802,18.656321380097985,-66.49579967151988,3040.38,127.83645253416763,134.1860882353193
2024-06-11 10:24:16+00:00,NAC802,18.65562309653072,-66.49490079012782,3040.38,127.79750461852343,133.46426434303535
2024-06-11 10:24:17+00:00,NAC802,18.65487670898437,-66.49386814662387,3040.38,127.79750461852343,133.46426434303535
2024-06-11 10:24:18+00:00,NAC802,18.654179977158368,-66.49295321377838,3032.76,127.93327028359892,133.0581336533434
2024-06-11 10:24:24+00:00,NAC802,18.649658203125,-66.48685455322266,3017.52,127.85534162940864,131.61424138306086
2024-06-11 10:24:25+00:00,NAC802,18.648966126522776,-66.48591197620738,3017.52,127.85534162940864,131.61424138306086
2024-06-11 10:24:33+00:00,NAC802,18.643100544557733,-66.4780717329545,2971.8,128.20729935549343,132.24813418892745
2024-06-11 10:24:39+00:00,NAC802,18.638671875,-66.47214072091236,2926.08,128.28105561331597,133.69309860257573
2024-06-11 10:24:40+00:00,NAC802,18.63780212402344,-66.47106170654297,2918.46,128.31733905400583,134.41566254899607
2024-06-11 10:24:41+00:00,NAC802,18.636978149414062,-66.46998269217352,2910.84,128.31733905400583,134.41566254899607
2024-06-11 10:24:42+00:00,NAC802,18.636210813360695,-66.46893310546875,2903.2200000000003,128.31733905400583,134.41566254899607
2024-06-11 10:24:43+00:00,NAC802,18.635372873079977,-66.46778453480113,2895.6000000000004,128.48898055659933,134.73523088990046
2024-06-11 10:24:44+00:00,NAC802,18.6346435546875,-66.46684374128068,2887.98,128.48898055659933,134.73523088990046
2024-06-11 10:24:45+00:00,NAC802,18.6339111328125,-66.46586281912664,2880.36,128.3532344761856,135.13827982303783
2024-06-11 10:24:46+00:00,NAC802,18.633091813426905,-66.46478826349431,2872.74,128.18178542834812,134.81966684820313
2024-06-11 10:24:47+00:00,NAC802,18.632346977621825,-66.463789506392,2865.1200000000003,128.0470425318261,135.2244212592298
2024-06-11 10:24:48+00:00,NAC802,18.6315090373411,-66.4626908735795,2857.5,128.0470425318261,135.2244212592298
2024-06-11 10:24:49+00:00,NAC802,18.630764201536017,-66.46169211647725,2849.88,128.0470425318261,135.2244212592298
2024-06-11 10:24:50+00:00,NAC802,18.6298828125,-66.46051679338728,2842.26,128.0470425318261,135.2244212592298
2024-06-11 10:24:51+00:00,NAC802,18.629470825195312,-66.45987919398715,2842.26,128.0470425318261,135.2244212592298
2024-06-11 10:24:52+00:00,NAC802,18.629058837890625,-66.45938873291016,2834.6400000000003,128.0470425318261,135.2244212592298
2024-06-11 10:24:53+00:00,NAC802,18.628326416015625,-66.45840781075611,2827.02,128.0470425318261,135.2244212592298
2024-06-11 10:24:54+00:00,NAC802,18.62755209712659,-66.45729758522725,2819.4,128.0470425318261,135.2244212592298
2024-06-11 10:24:55+00:00,NAC802,18.626760709083687,-66.456298828125,2811.78,127.91310458992632,135.62991906649907
2024-06-11 10:24:56+00:00,NAC802,18.625969321040785,-66.4552001953125,2804.1600000000003,127.91310458992632,135.62991906649907
2024-06-11 10:24:57+00:00,NAC802,18.625167846679688,-66.45414079938615,2796.54,127.91310458992632,135.62991906649907
2024-06-11 10:24:58+00:00,NAC802,18.624386544954977,-66.45305286754257,2788.92,127.91310458992632,135.62991906649907
2024-06-11 10:24:59+00:00,NAC802,18.6236572265625,-66.45212990897039,2781.3,128.0470425318261,135.2244212592298
2024-06-11 10:25:00+00:00,NAC802,18.6229248046875,-66.45109994070867,2773.6800000000003,128.0470425318261,135.2244212592298
2024-06-11 10:25:01+00:00,NAC802,18.622105485301905,-66.45005659623575,2766.06,128.0470425318261,135.2244212592298
2024-06-11 10:25:02+00:00,NAC802,18.621322631835938,-66.44899095807756,2758.44,128.0470425318261,135.2244212592298
2024-06-11 10:25:03+00:00,NAC802,18.62061581369173,-66.44800914417613,2758.44,127.91310458992632,135.62991906649907
2024-06-11 10:25:04+00:00,NAC802,18.619903564453125,-66.44707815987721,2750.82,127.91310458992632,135.62991906649907
2024-06-11 10:25:05+00:00,NAC802,18.619216918945312,-66.4461462838309,2743.2000000000003,128.0470425318261,135.2244212592298
2024-06-11 10:25:06+00:00,NAC802,18.6181640625,-66.4447239467076,2735.58,128.0470425318261,135.2244212592298
2024-06-11 10:25:07+00:00,NAC802,18.617729574947035,-66.44416392933238,2727.96,128.0470425318261,135.2244212592298
2024-06-11 10:25:08+00:00,NAC802,18.617077843617583,-66.44326504794032,2727.96,128.0470425318261,135.2244212592298
2024-06-11 10:25:09+00:00,NAC802,18.6163330078125,-66.44226629083806,2720.34,128.0470425318261,135.2244212592298
2024-06-11 10:25:10+00:00,NAC802,18.6156005859375,-66.44129071916853,2712.7200000000003,128.0470425318261,135.2244212592298
2024-06-11 10:25:11+00:00,NAC802,18.614889888440143,-66.44036865234375,2705.1,128.0470425318261,135.2244212592298
2024-06-11 10:25:12+00:00,NAC802,18.614051948159428,-66.43922008167613,2697.48,128.0470425318261,135.2244212592298
2024-06-11 10:25:13+00:00,NAC802,18.613214007878707,-66.43812144886363,2697.48,128.0470425318261,135.2244212592298
2024-06-11 10:25:14+00:00,NAC802,18.61244201660156,-66.43707275390625,2689.86,128.0470425318261,135.2244212592298
2024-06-11 10:25:15+00:00,NAC802,18.611724336268537,-66.43612393465907,2682.24,128.0470425318261,135.2244212592298
2024-06-11 10:25:28+00:00,NAC802,18.60204147080244,-66.42319003018466,2606.04,128.009525656941,134.5022667833132
2024-06-11 10:25:29+00:00,NAC802,18.601226806640625,-66.42211369105746,2598.42,128.009525656941,134.5022667833132
2024-06-11 10:25:30+00:00,NAC802,18.60045869471663,-66.42104270241475,2598.42,128.14488101989946,134.09730623422178
2024-06-11 10:25:31+00:00,NAC802,18.599166870117188,-66.41931806291853,2583.1800000000003,128.14488101989946,134.09730623422178
2024-06-11 10:25:33+00:00,NAC802,18.597619008209744,-66.41724742542613,2575.56,128.14488101989946,134.09730623422178
2024-06-11 10:25:35+00:00,NAC802,18.596832275390625,-66.41622815813338,2567.94,128.14488101989946,134.09730623422178
2024-06-11 10:25:36+00:00,NAC802,18.596099853515625,-66.41519818987166,2560.32,128.28105561331597,133.69309860257573
2024-06-11 10:25:37+00:00,NAC802,18.59524484408104,-66.41410134055394,2560.32,128.28105561331597,133.69309860257573
2024-06-11 10:25:38+00:00,NAC802,18.59413146972656,-66.41264779227117,2552.7000000000003,128.28105561331597,133.69309860257573
2024-06-11 10:25:39+00:00,NAC802,18.593490600585938,-66.4117649623326,2545.08,128.28105561331597,133.69309860257573
2024-06-11 10:25:40+00:00,NAC802,18.592575073242188,-66.41053880964006,2537.46,128.28105561331597,133.69309860257573
2024-06-11 10:25:41+00:00,NAC802,18.591842651367188,-66.40955788748602,2529.84,128.28105561331597,133.69309860257573
2024-06-11 10:25:42+00:00,NAC802,18.591101694915253,-66.40860817649144,2529.84,128.28105561331597,133.69309860257573
2024-06-11 10:25:43+00:00,NAC802,18.59035685911017,-66.40760941938919,2522.2200000000003,128.28105561331597,133.69309860257573
2024-06-11 10:25:44+00:00,NAC802,18.589937888969807,-66.40701016512782,2514.6,128.28105561331597,133.69309860257573
2024-06-11 10:25:45+00:00,NAC802,18.589239605402543,-66.40616122159088,2514.6,128.418055344822,133.28965073815627
2024-06-11 10:25:46+00:00,NAC802,18.588409423828125,-66.40499659946988,2506.98,128.2443778579636,132.9705888531258
2024-06-11 10:25:47+00:00,NAC802,18.58758544921875,-66.40391758510043,2499.36,128.2443778579636,132.9705888531258
2024-06-11 10:25:48+00:00,NAC802,18.586898803710938,-66.4030347551618,2499.36,128.2443778579636,132.9705888531258
2024-06-11 10:25:49+00:00,NAC802,18.586257934570312,-66.40210287911549,2491.74,128.2443778579636,132.9705888531258
2024-06-11 10:25:51+00:00,NAC802,18.58481714280985,-66.40021861683238,2484.1200000000003,128.2443778579636,132.9705888531258
2024-06-11 10:25:52+00:00,NAC802,18.584118859242583,-66.39931973544032,2476.5,128.2443778579636,132.9705888531258
2024-06-11 10:25:53+00:00,NAC802,18.583419799804688,-66.39837537493025,2468.88,128.2443778579636,132.9705888531258
2024-06-11 10:25:54+00:00,NAC802,18.582595825195312,-66.3972963605608,2461.26,128.2443778579636,132.9705888531258
2024-06-11 10:25:55+00:00,NAC802,18.58140563964844,-66.39572688511441,2453.6400000000003,128.382012712013,132.56693850710647
2024-06-11 10:25:56+00:00,NAC802,18.581092963784428,-66.39527476917613,2453.6400000000003,128.382012712013,132.56693850710647
2024-06-11 10:25:57+00:00,NAC802,18.5799757100768,-66.39377663352269,2446.02,128.382012712013,132.56693850710647
2024-06-11 10:25:58+00:00,NAC802,18.579574584960938,-66.39322553362166,2438.4,128.20729935549343,132.24813418892745
2024-06-11 10:25:59+00:00,NAC802,18.57847595214844,-66.39175415039062,2430.78,128.20729935549343,132.24813418892745
2024-06-11 10:26:00+00:00,NAC802,18.577741202661542,-66.390830300071,2423.1600000000003,128.20729935549343,132.24813418892745
2024-06-11 10:26:01+00:00,NAC802,18.576919555664062,-66.38969421386719,2415.54,128.20729935549343,132.24813418892745
2024-06-11 10:26:02+00:00,NAC802,18.57620497881356,-66.38878284801132,2407.92,128.20729935549343,132.24813418892745
2024-06-11 10:26:03+00:00,NAC802,18.575592041015625,-66.38792855398992,2407.92,128.20729935549343,132.24813418892745
2024-06-11 10:26:04+00:00,NAC802,18.57494806839248,-66.3870849609375,2400.3,128.20729935549343,132.24813418892745
2024-06-11 10:26:05+00:00,NAC802,18.573944091796875,-66.38577052525113,2392.6800000000003,128.20729935549343,132.24813418892745
2024-06-11 10:26:06+00:00,NAC802,18.573318740068856,-66.38493763316757,2385.06,128.20729935549343,132.24813418892745
2024-06-11 10:26:07+00:00,NAC802,18.57262045650159,-66.38393887606532,2377.44,128.20729935549343,132.24813418892745
2024-06-11 10:26:08+00:00,NAC802,18.571746826171875,-66.38282775878906,2369.82,128.20729935549343,132.24813418892745
2024-06-11 10:26:09+00:00,NAC802,18.571037680415785,-66.38189142400569,2362.2000000000003,128.20729935549343,132.24813418892745
2024-06-11 10:26:10+00:00,NAC802,18.570281982421875,-66.38086591448103,2362.2000000000003,128.20729935549343,132.24813418892745
2024-06-11 10:26:11+00:00,NAC802,18.5695014565678,-66.37979403409088,2354.58,128.20729935549343,132.24813418892745
2024-06-11 10:26:12+00:00,NAC802,18.5687255859375,-66.37875693184986,2346.96,128.3455749539934,131.8442793105213
2024-06-11 10:26:13+00:00,NAC802,18.56829109838453,-66.37824596058238,2339.34,128.3455749539934,131.8442793105213
2024-06-11 10:26:14+00:00,NAC802,18.567220396914724,-66.37674782492894,2331.7200000000003,128.3455749539934,131.8442793105213
2024-06-11 10:26:15+00:00,NAC802,18.566522113347457,-66.375898881392,2324.1,128.3455749539934,131.8442793105213
2024-06-11 10:26:16+00:00,NAC802,18.565750122070312,-66.37483324323381,2324.1,128.3455749539934,131.8442793105213
2024-06-11 10:26:17+00:00,NAC802,18.565078993975103,-66.37395130504257,2316.48,128.3455749539934,131.8442793105213
2024-06-11 10:26:18+00:00,NAC802,18.56433415817002,-66.37295254794032,2308.86,128.3455749539934,131.8442793105213
2024-06-11 10:26:19+00:00,NAC802,18.563552856445312,-66.37193952287947,2301.24,128.3455749539934,131.8442793105213
2024-06-11 10:26:20+00:00,NAC802,18.5628662109375,-66.37105669294084,2293.62,128.3455749539934,131.8442793105213
2024-06-11 10:26:21+00:00,NAC802,18.562225341796875,-66.37017386300221,2286.0,128.1698135334568,131.52573551771016
2024-06-11 10:26:22+00:00,NAC802,18.5614013671875,-66.36909484863281,2278.38,128.3087355674477,131.1216740252774
2024-06-11 10:26:23+00:00,NAC802,18.5606689453125,-66.36811392647877,2270.76,128.3087355674477,131.1216740252774
2024-06-11 10:26:24+00:00,NAC802,18.560028076171875,-66.3672310965402,2263.1400000000003,128.3087355674477,131.1216740252774
2024-06-11 10:26:25+00:00,NAC802,18.55925996424788,-66.3662109375,2255.52,128.3087355674477,131.1216740252774
2024-06-11 10:26:26+00:00,NAC802,18.558563232421875,-66.36526925223211,2247.9,128.3087355674477,131.1216740252774
2024-06-11 10:26:27+00:00,NAC802,18.55777029263771,-66.36426336115056,2240.28,128.1319136756017,130.80339376718504
2024-06-11 10:26:28+00:00,NAC802,18.55707200907045,-66.36331454190338,2232.6600000000003,128.1319136756017,130.80339376718504
2024-06-11 10:26:29+00:00,NAC802,18.5562744140625,-66.36227743966236,2225.04,128.27148790623133,130.39912354762205
2024-06-11 10:26:30+00:00,NAC802,18.555535785222457,-66.36126708984375,2217.42,128.27148790623133,130.39912354762205
2024-06-11 10:26:31+00:00,NAC802,18.554790949417374,-66.36026833274144,2209.8,128.27148790623133,130.39912354762205
2024-06-11 10:26:32+00:00,NAC802,18.554092665850103,-66.35931951349431,2194.56,128.0935929179382,130.08110988559574
2024-06-11 10:26:33+00:00,NAC802,18.553390502929688,-66.35840279715399,2186.94,128.0935929179382,130.08110988559574
2024-06-11 10:26:34+00:00,NAC802,18.552658081054688,-66.357421875,2179.32,128.0935929179382,130.08110988559574
2024-06-11 10:26:35+00:00,NAC802,18.551997815148304,-66.35652299360794,2171.7000000000003,128.23382517744696,129.67662879370917
2024-06-11 10:26:36+00:00,NAC802,18.551284790039062,-66.35560716901506,2164.08,128.23382517744696,129.67662879370917
2024-06-11 10:26:37+00:00,NAC802,18.550506591796875,-66.35452815464566,2148.84,128.23382517744696,129.67662879370917
2024-06-11 10:26:38+00:00,NAC802,18.55018227787341,-66.3541259765625,2148.84,128.23382517744696,129.67662879370917
2024-06-11 10:26:39+00:00,NAC802,18.548995971679688,-66.3525172642299,2133.6,128.37493413410624,129.2729293657134
2024-06-11 10:26:40+00:00,NAC802,18.548309326171875,-66.35163443429127,2118.36,128.37493413410624,129.2729293657134
2024-06-11 10:26:41+00:00,NAC802,18.547622680664062,-66.35070255824496,2110.74,128.19574043739158,128.954190700153
2024-06-11 10:26:42+00:00,NAC802,18.546890258789062,-66.34972163609098,2103.12,128.19574043739158,128.954190700153
2024-06-11 10:26:43+00:00,NAC802,18.54617878542108,-66.34883256392044,2087.88,128.19574043739158,128.954190700153
2024-06-11 10:26:44+00:00,NAC802,18.545480501853813,-66.34788374467325,2080.26,128.19574043739158,128.954190700153
2024-06-11 10:26:45+00:00,NAC802,18.544735666048727,-66.34693492542613,2072.6400000000003,128.19574043739158,128.954190700153
2024-06-11 10:26:46+00:00,NAC802,18.54403738248146,-66.34593616832382,2057.4,128.33752289340376,128.5502812749975
2024-06-11 10:26:47+00:00,NAC802,18.543292546676376,-66.34498734907669,2049.78,128.33752289340376,128.5502812749975
2024-06-11 10:26:49+00:00,NAC802,18.54170977059057,-66.34288995916194,2026.92,128.33752289340376,128.5502812749975
2024-06-11 10:26:50+00:00,NAC802,18.54135131835937,-66.3423647199358,2026.92,128.33752289340376,128.5502812749975
2024-06-11 10:26:51+00:00,NAC802,18.54052734375,-66.34133475167408,2011.68,128.19574043739158,128.954190700153
2024-06-11 10:26:52+00:00,NAC802,18.539801128840043,-66.340293190696,2004.06,128.19574043739158,128.954190700153
2024-06-11 10:26:53+00:00,NAC802,18.53914939751059,-66.33944424715907,1996.44,128.01566048401912,128.63671962829432
2024-06-11 10:26:54+00:00,NAC802,18.53835800946769,-66.33839555220169,1981.2,128.01566048401912,128.63671962829432
2024-06-11 10:26:55+00:00,NAC802,18.53768920898437,-66.3374601091657,1973.58,128.01566048401912,128.63671962829432
2024-06-11 10:26:56+00:00,NAC802,18.536911010742188,-66.33643014090399,1965.96,128.01566048401912,128.63671962829432
2024-06-11 10:26:57+00:00,NAC802,18.53608703613281,-66.33535112653459,1950.72,128.01566048401912,128.63671962829432
2024-06-11 10:26:58+00:00,NAC802,18.535400390625,-66.33441925048828,1943.1,128.01566048401912,128.63671962829432
2024-06-11 10:26:59+00:00,NAC802,18.535006248344807,-66.33390114524144,1935.48,128.01566048401912,128.63671962829432
2024-06-11 10:27:00+00:00,NAC802,18.534214860301905,-66.33285245028407,1927.86,128.01566048401912,128.63671962829432
2024-06-11 10:27:01+00:00,NAC802,18.53351657673464,-66.33185369318181,1912.62,128.01566048401912,128.63671962829432
2024-06-11 10:27:02+00:00,NAC802,18.532745361328125,-66.33088793073381,1905.0,128.01566048401912,128.63671962829432
2024-06-11 10:27:03+00:00,NAC802,18.532058715820312,-66.32990700857977,1897.38,128.15722658736905,128.23181022460048
2024-06-11 10:27:04+00:00,NAC802,18.531234741210938,-66.32887704031805,1882.14,128.15722658736905,128.23181022460048
2024-06-11 10:27:05+00:00,NAC802,18.530490681276483,-66.32785866477269,1874.52,128.15722658736905,128.23181022460048
2024-06-11 10:27:06+00:00,NAC802,18.529769897460938,-66.32686614990234,1866.9,128.15722658736905,128.23181022460048
2024-06-11 10:27:07+00:00,NAC802,18.529094114141948,-66.32596102627838,1859.28,128.15722658736905,128.23181022460048
2024-06-11 10:27:08+00:00,NAC802,18.528349278336865,-66.32501220703125,1844.04,128.15722658736905,128.23181022460048
2024-06-11 10:27:09+00:00,NAC802,18.527618408203125,-66.32397242954801,1836.42,128.15722658736905,128.23181022460048
2024-06-11 10:27:10+00:00,NAC802,18.526859606726696,-66.32301469282669,1828.8,128.15722658736905,128.23181022460048
2024-06-11 10:27:11+00:00,NAC802,18.526153564453125,-66.32210867745533,1821.18,128.29968867503365,127.82768861043284
2024-06-11 10:27:12+00:00,NAC802,18.525509591829977,-66.3211669921875,1805.94,128.29968867503365,127.82768861043284
2024-06-11 10:27:13+00:00,NAC802,18.52485786050053,-66.32031804865056,1798.3200000000002,128.29968867503365,127.82768861043284
2024-06-11 10:27:14+00:00,NAC802,18.52411302469545,-66.31936922940338,1790.7,128.29968867503365,127.82768861043284
2024-06-11 10:27:15+00:00,NAC802,18.523452758789062,-66.31847926548551,1783.0800000000002,128.29968867503365,127.82768861043284
2024-06-11 10:27:16+00:00,NAC802,18.52281188964844,-66.31764548165455,1775.46,128.29968867503365,127.82768861043284
2024-06-11 10:27:17+00:00,NAC802,18.521759033203125,-66.31622314453125,1760.22,128.29968867503365,127.82768861043284
2024-06-11 10:27:18+00:00,NAC802,18.521026611328125,-66.31524222237721,1752.6,128.11827636936306,127.50948834632278
2024-06-11 10:27:19+00:00,NAC802,18.5203857421875,-66.31440843854631,1744.98,128.26142429839186,127.10515231731216
2024-06-11 10:27:20+00:00,NAC802,18.51959745762712,-66.31332674893463,1737.36,128.26142429839186,127.10515231731216
2024-06-11 10:27:21+00:00,NAC802,18.519195556640625,-66.31278991699219,1729.74,128.26142429839186,127.10515231731216
2024-06-11 10:27:22+00:00,NAC802,18.518433651681672,-66.31182861328125,1722.12,128.405484967772,126.7016147416105
2024-06-11 10:27:23+00:00,NAC802,18.51777648925781,-66.31092616489957,1714.5,128.22272242019554,126.38267336247088
2024-06-11 10:27:24+00:00,NAC802,18.51708363678496,-66.31003085049713,1706.88,128.22272242019554,126.38267336247088
2024-06-11 10:27:25+00:00,NAC802,18.516082763671875,-66.30867004394531,1699.26,128.36748538486154,125.97892230062791
2024-06-11 10:27:26+00:00,NAC802,18.515396118164062,-66.307738167899,1691.64,128.36748538486154,125.97892230062791
2024-06-11 10:27:27+00:00,NAC802,18.51475524902344,-66.30690438406805,1684.02,128.18357552987263,125.66025273490196
2024-06-11 10:27:28+00:00,NAC802,18.5140577413268,-66.30598588423294,1676.4,128.32904732574613,125.25628591188688
2024-06-11 10:27:29+00:00,NAC802,18.513427734375,-66.30513872419084,1668.78,128.32904732574613,125.25628591188688
2024-06-11 10:27:30+00:00,NAC802,18.51264953613281,-66.30410875592912,1661.16,128.47545953530172,124.8531317538312
2024-06-11 10:27:31+00:00,NAC802,18.511962890625,-66.30317687988281,1653.5400000000002,128.29016319224309,124.53370655115668
2024-06-11 10:27:32+00:00,NAC802,18.511171502582098,-66.30214066938919,1645.92,128.43730149106256,124.13033763317917
2024-06-11 10:27:33+00:00,NAC802,18.510818481445312,-66.30170549665178,1638.3000000000002,128.43730149106256,124.13033763317917
2024-06-11 10:27:34+00:00,NAC802,18.510086059570312,-66.30072457449774,1630.68,128.25082521043035,123.81118521690756
2024-06-11 10:27:35+00:00,NAC802,18.509076651880296,-66.29939408735794,1623.0600000000002,128.39869648323867,123.40759921346464
2024-06-11 10:27:36+00:00,NAC802,18.50839233398437,-66.29851749965121,1615.44,128.39869648323867,123.40759921346464
2024-06-11 10:27:38+00:00,NAC802,18.50701904296875,-66.29670279366627,1600.2,128.35963664799104,122.68491747909246
2024-06-11 10:27:39+00:00,NAC802,18.5064697265625,-66.2958984375,1592.5800000000002,128.35963664799104,122.68491747909246
2024-06-11 10:27:40+00:00,NAC802,18.505771442995236,-66.29499955610794,1584.96,128.35963664799104,122.68491747909246
2024-06-11 10:27:41+00:00,NAC802,18.505050659179688,-66.29405430385043,1577.34,128.32011393677743,121.96229343772148
2024-06-11 10:27:42+00:00,NAC802,18.50442142809852,-66.29320179332382,1569.72,128.32011393677743,121.96229343772148
2024-06-11 10:27:43+00:00,NAC802,18.50363004005561,-66.29220303622157,1562.1,128.32011393677743,121.96229343772148
2024-06-11 10:27:44+00:00,NAC802,18.503304174390887,-66.29175359552556,1554.48,128.13000769178575,121.64397971232292
2024-06-11 10:27:45+00:00,NAC802,18.50253295898437,-66.29071916852678,1546.86,128.28012011092383,121.23972812095288
2024-06-11 10:27:46+00:00,NAC802,18.501535189353813,-66.28940651633519,1539.24,128.28012011092383,121.23972812095288
2024-06-11 10:27:47+00:00,NAC802,18.50093001026218,-66.28860751065338,1531.62,128.28012011092383,121.23972812095288
2024-06-11 10:27:48+00:00,NAC802,18.500511040121825,-66.28805819424713,1531.62,128.43123587817888,120.8363143044813
2024-06-11 10:27:49+00:00,NAC802,18.49944033865201,-66.28660999644882,1516.38,128.23964673600372,120.51722258504309
2024-06-11 10:27:50+00:00,NAC802,18.49920757746292,-66.28626043146306,1516.38,128.23964673600372,120.51722258504309
2024-06-11 10:27:51+00:00,NAC802,18.498504638671875,-66.28532409667969,1508.76,128.23964673600372,120.51722258504309
2024-06-11 10:27:52+00:00,NAC802,18.497726440429688,-66.28434317452565,1501.14,128.19868517601844,119.79477791164187
2024-06-11 10:27:53+00:00,NAC802,18.49713134765625,-66.28355843680242,1493.52,128.19868517601844,119.79477791164187
2024-06-11 10:27:54+00:00,NAC802,18.49636789095604,-66.2825150923295,1485.9,128.3513548167311,119.39091508680616
2024-06-11 10:27:55+00:00,NAC802,18.495623055150958,-66.28156627308238,1478.28,128.3513548167311,119.39091508680616
2024-06-11 10:27:56+00:00,NAC802,18.495064428297137,-66.28076726740056,1470.66,128.15722658736905,119.07239520855758
2024-06-11 10:27:57+00:00,NAC802,18.494155883789062,-66.27953665597096,1455.42,128.15722658736905,119.07239520855758
2024-06-11 10:27:58+00:00,NAC802,18.49376096563824,-66.27906938032669,1455.42,128.31068460236594,118.66830409307516
2024-06-11 10:27:59+00:00,NAC802,18.493148803710938,-66.27821241106307,1447.8000000000002,128.31068460236594,118.66830409307516
2024-06-11 10:28:00+00:00,NAC802,18.492271294028072,-66.277021928267,1432.5600000000002,128.31068460236594,118.66830409307516
2024-06-11 10:28:01+00:00,NAC802,18.49154663085937,-66.2761034284319,1424.94,128.46519018629743,118.26507006385472
2024-06-11 10:28:02+00:00,NAC802,18.490874726893537,-66.27522416548294,1417.3200000000002,128.46519018629743,118.26507006385472
2024-06-11 10:28:03+00:00,NAC802,18.490548861228813,-66.27477472478694,1417.3200000000002,128.26951606538435,117.94575362387874
2024-06-11 10:28:04+00:00,NAC802,18.48985290527344,-66.2738473074777,1409.7,128.26951606538435,117.94575362387874
2024-06-11 10:28:05+00:00,NAC802,18.489198846332098,-66.27302689985794,1402.0800000000002,128.26951606538435,117.94575362387874
2024-06-11 10:28:06+00:00,NAC802,18.48850056276483,-66.27202814275569,1394.46,128.26951606538435,117.94575362387874
2024-06-11 10:28:07+00:00,NAC802,18.48784883143538,-66.27117919921875,1386.84,128.42483029802597,117.54229240594589
2024-06-11 10:28:08+00:00,NAC802,18.48719787597656,-66.2703650338309,1379.22,128.22784003388645,117.2232647984153
2024-06-11 10:28:09+00:00,NAC802,18.48646545410156,-66.26938411167691,1371.6,128.22784003388645,117.2232647984153
2024-06-11 10:28:10+00:00,NAC802,18.4858005329714,-66.26848255504257,1363.98,128.22784003388645,117.2232647984153
2024-06-11 10:28:11+00:00,NAC802,18.485195353879767,-66.26768354936075,1356.36,128.22784003388645,117.2232647984153
2024-06-11 10:28:12+00:00,NAC802,18.484405517578125,-66.26658848353793,1348.74,128.02977696672778,116.90563040851444
2024-06-11 10:28:13+00:00,NAC802,18.483810424804688,-66.26580374581471,1341.12,128.02977696672778,116.90563040851444
2024-06-11 10:28:14+00:00,NAC802,18.482986450195312,-66.26467568533758,1325.88,128.18564711059025,116.50083876354978
2024-06-11 10:28:15+00:00,NAC802,18.482711791992188,-66.26433236258367,1325.88,128.18564711059025,116.50083876354978
2024-06-11 10:28:16+00:00,NAC802,18.48198324947034,-66.26333895596588,1318.26,128.18564711059025,116.50083876354978
2024-06-11 10:28:17+00:00,NAC802,18.48129272460937,-66.26241956438338,1310.64,127.98623745207728,116.18350721630708
2024-06-11 10:28:18+00:00,NAC802,18.480586682335804,-66.26154119318181,1295.4,127.98623745207728,116.18350721630708
2024-06-11 10:28:19+00:00,NAC802,18.47991943359375,-66.26060485839844,1287.78,128.14292766590074,115.77847669467069
2024-06-11 10:28:20+00:00,NAC802,18.479278564453125,-66.25977107456754,1280.16,128.14292766590074,115.77847669467069
2024-06-11 10:28:21+00:00,NAC802,18.47895735401218,-66.25929398970169,1280.16,127.94215335011894,115.4614519546144
2024-06-11 10:28:22+00:00,NAC802,18.477886652542374,-66.2578957297585,1264.92,127.94215335011894,115.4614519546144
2024-06-11 10:28:23+00:00,NAC802,18.477310180664062,-66.25707353864397,1257.3,128.0996718307227,115.05617979657904
2024-06-11 10:28:24+00:00,NAC802,18.47667629435911,-66.25629771839488,1249.68,128.0996718307227,115.05617979657904
2024-06-11 10:28:25+00:00,NAC802,18.47607421875,-66.25545501708984,1249.68,127.8975144322857,114.73946590589622
2024-06-11 10:28:26+00:00,NAC802,18.47541938393803,-66.25454989346588,1242.0600000000002,128.05586948900677,114.33394930441082
2024-06-11 10:28:27+00:00,NAC802,18.474860757084212,-66.25380082563919,1234.44,128.05586948900677,114.33394930441082
2024-06-11 10:28:28+00:00,NAC802,18.474197387695312,-66.25290461948941,1226.8200000000002,128.01151027001654,113.61178648459406
2024-06-11 10:28:29+00:00,NAC802,18.473602294921875,-66.25216892787387,1219.2,128.01151027001654,113.61178648459406
2024-06-11 10:28:30+00:00,NAC802,18.472998667571503,-66.25135387073863,1219.2,128.17185031842288,113.206905999196
2024-06-11 10:28:31+00:00,NAC802,18.47227478027344,-66.25040326799666,1211.5800000000002,128.12779130636605,112.48456581399522
2024-06-11 10:28:32+00:00,NAC802,18.471695204912606,-66.24960604580963,1203.96,128.12779130636605,112.48456581399522
2024-06-11 10:28:33+00:00,NAC802,18.47113037109375,-66.24878474644254,1203.96,128.246425964469,111.35781782522687
2024-06-11 10:28:34+00:00,NAC802,18.470489501953125,-66.24800000871932,1196.34,128.41087812081932,110.95425340886808
2024-06-11 10:28:35+00:00,NAC802,18.4698486328125,-66.24716622488836,1196.34,128.2021174997137,110.63536549196192
2024-06-11 10:28:36+00:00,NAC802,18.46922793630826,-66.24631014737213,1188.72,128.36748538486154,110.23155701304944
2024-06-11 10:28:37+00:00,NAC802,18.46862275721663,-66.24551114169032,1181.1,128.53406790106047,109.82867353637944
2024-06-11 10:28:38+00:00,NAC802,18.46797180175781,-66.24461582728793,1173.48,128.53406790106047,109.82867353637944
2024-06-11 10:28:39+00:00,NAC802,18.46736584679555,-66.24386319247157,1173.48,128.49104355949743,109.10579846432216
2024-06-11 10:28:40+00:00,NAC802,18.46669006347656,-66.24294825962613,1165.86,128.49104355949743,109.10579846432216
2024-06-11 10:28:41+00:00,NAC802,18.466094970703125,-66.24221256801059,1158.24,128.49104355949743,109.10579846432216
2024-06-11 10:28:42+00:00,NAC802,18.465596861758478,-66.24151611328125,1150.62,128.49104355949743,109.10579846432216
2024-06-11 10:28:43+00:00,NAC802,18.46490478515625,-66.24059404645647,1143.0,128.6598082540901,108.70361189166285
2024-06-11 10:28:44+00:00,NAC802,18.46435546875,-66.23985835484098,1135.38,128.6598082540901,108.70361189166285
2024-06-11 10:28:45+00:00,NAC802,18.46371459960937,-66.23907361711775,1127.76,128.4474453291707,108.38298573498749
2024-06-11 10:28:46+00:00,NAC802,18.463119506835938,-66.23828887939453,1120.14,128.4474453291707,108.38298573498749
2024-06-11 10:28:47+00:00,NAC802,18.462431309586865,-66.23732133345169,1112.52,128.2789704243618,108.78635767905142
2024-06-11 10:28:48+00:00,NAC802,18.461826130495236,-66.23652232776988,1104.9,128.2789704243618,108.78635767905142
2024-06-11 10:28:49+00:00,NAC802,18.46126750364142,-66.23582319779825,1097.28,128.06565109873046,108.46841605218552
2024-06-11 10:28:50+00:00,NAC802,18.460708876787606,-66.23507412997157,1097.28,128.06565109873046,108.46841605218552
2024-06-11 10:28:51+00:00,NAC802,18.46009826660156,-66.23421805245533,1089.66,128.06565109873046,108.46841605218552
2024-06-11 10:28:52+00:00,NAC802,18.45945196636653,-66.23337624289769,1082.04,128.23382517744696,108.06385732809096
2024-06-11 10:28:53+00:00,NAC802,18.45893989175053,-66.23267711292613,1074.42,128.23382517744696,108.06385732809096
2024-06-11 10:28:54+00:00,NAC802,18.45824160818326,-66.23177823153407,1074.42,128.23382517744696,108.06385732809096
2024-06-11 10:28:55+00:00,NAC802,18.457763671875,-66.23112814767018,1066.8,128.0189425931702,107.74623997931332
2024-06-11 10:28:56+00:00,NAC802,18.45703125,-66.23014722551619,1059.18,128.18807222611886,107.34142497048394
2024-06-11 10:28:57+00:00,NAC802,18.45639038085937,-66.22926439557756,1051.56,128.18807222611886,107.34142497048394
2024-06-11 10:28:58+00:00,NAC802,18.4557277873411,-66.22843239524144,1051.56,128.18807222611886,107.34142497048394
2024-06-11 10:28:59+00:00,NAC802,18.4554484739142,-66.22803289240056,1043.94,128.35848086198845,106.93755236102312
2024-06-11 10:29:00+00:00,NAC802,18.454796742584744,-66.2271340110085,1043.94,128.35848086198845,106.93755236102312
2024-06-11 10:29:01+00:00,NAC802,18.45419311523437,-66.2264197213309,1036.3200000000002,128.35848086198845,106.93755236102312
2024-06-11 10:29:02+00:00,NAC802,18.453598022460938,-66.22563498360768,1028.7,128.14169927622802,106.619061988364
2024-06-11 10:29:03+00:00,NAC802,18.452701891882946,-66.22438742897725,1021.08,128.31309067381764,106.21493433039164
2024-06-11 10:29:04+00:00,NAC802,18.45242257845604,-66.22398792613632,1021.08,128.31309067381764,106.21493433039164
2024-06-11 10:29:05+00:00,NAC802,18.45177084712659,-66.22313898259944,1013.46,128.31309067381764,106.21493433039164
2024-06-11 10:29:06+00:00,NAC802,18.45116566803496,-66.22233997691757,1005.84,128.09469370140616,105.89676980144262
