Timestamp,Callsign,lat,lon,Altitude,Speed,Direction
2024-08-31 08:52:51+00:00,NAC810,25.777603408037606,-80.21512013561318,1013.46,106.11880874765735,116.7379879563634
2024-08-31 08:52:52+00:00,NAC810,25.777463751324152,-80.21455009028597,1021.08,106.29033923192524,117.37555927420644
2024-08-31 08:52:53+00:00,NAC810,25.77699822894597,-80.21273630969927,1043.94,106.29033923192524,117.37555927420644
2024-08-31 08:52:54+00:00,NAC810,25.77671813964844,-80.21169026692706,1059.18,106.46001481204004,118.01417121804484
2024-08-31 08:52:55+00:00,NAC810,25.77657925880561,-80.211181640625,1066.8,106.46001481204004,118.01417121804484
2024-08-31 08:52:56+00:00,NAC810,25.776206840903072,-80.20978243845815,1082.04,106.46001481204004,118.01417121804484
2024-08-31 08:52:57+00:00,NAC810,25.775894165039062,-80.208740234375,1097.28,106.3895403340348,118.50762177063118
2024-08-31 08:52:58+00:00,NAC810,25.775508557335804,-80.20729496793928,1112.52,106.48686381640708,119.64003279346156
2024-08-31 08:52:59+00:00,NAC810,25.775229243908896,-80.20625852188971,1120.14,106.58236194098292,120.77278253895412
2024-08-31 08:53:00+00:00,NAC810,25.77485682600636,-80.20470385281544,1135.38,106.51299286399058,121.26591993607208
2024-08-31 08:53:01+00:00,NAC810,25.774566650390625,-80.20370483398438,1143.0,106.3759341173556,122.2527215451555
2024-08-31 08:53:02+00:00,NAC810,25.774205094676905,-80.20237184920398,1158.24,106.53843051971272,122.8918316310968
2024-08-31 08:53:03+00:00,NAC810,25.77388000488281,-80.20111083984375,1165.86,106.40296798307725,123.87849975056592
2024-08-31 08:53:04+00:00,NAC810,25.773553363347457,-80.19983255638266,1181.1,106.40296798307725,123.87849975056592
2024-08-31 08:53:05+00:00,NAC810,25.773367154396187,-80.1992625110554,1181.1,106.56320385763328,124.5177669167439
2024-08-31 08:53:06+00:00,NAC810,25.772872924804688,-80.1973978678385,1196.34,106.49598847818858,125.01095052226744
2024-08-31 08:53:07+00:00,NAC810,25.772506713867188,-80.19602457682288,1211.5800000000002,106.52089218900352,126.63684580375909
2024-08-31 08:53:08+00:00,NAC810,25.7723430051642,-80.19547948297463,1219.2,106.52089218900352,126.63684580375909
2024-08-31 08:53:09+00:00,NAC810,25.771877482786017,-80.19366570238799,1234.44,106.6108589905459,127.76970465745843
2024-08-31 08:53:10+00:00,NAC810,25.771728515625,-80.193125406901,1234.44,106.6108589905459,127.76970465745843
2024-08-31 08:53:11+00:00,NAC810,25.7713623046875,-80.191904703776,1249.68,106.9847325319886,128.5595453070024
2024-08-31 08:53:12+00:00,NAC810,25.77099299026748,-80.19071183114681,1264.92,107.42225010950858,128.8638578801964
2024-08-31 08:53:13+00:00,NAC810,25.770620572364937,-80.18946809588738,1272.54,107.8576809055576,129.17564889337618
2024-08-31 08:53:14+00:00,NAC810,25.77021789550781,-80.18819173177081,1287.78,108.93690150849729,129.9874882717099
2024-08-31 08:53:15+00:00,NAC810,25.76964297537076,-80.1865142246462,1310.64,109.57785515598866,130.49650598535217
2024-08-31 08:53:16+00:00,NAC810,25.7692240052304,-80.18532231168928,1325.88,110.21374913859589,131.02172640026782
2024-08-31 08:53:17+00:00,NAC810,25.768758482852224,-80.18397493182488,1341.12,110.6348203021832,131.38077913027865
2024-08-31 08:53:18+00:00,NAC810,25.768341064453125,-80.18280029296875,1356.36,111.34338612204606,131.453277304816
2024-08-31 08:53:19+00:00,NAC810,25.76815330376059,-80.18226479584314,1363.98,111.34338612204606,131.453277304816
2024-08-31 08:53:20+00:00,NAC810,25.767654418945312,-80.18096923828125,1379.22,111.9672434068129,132.02280922210738
2024-08-31 08:53:21+00:00,NAC810,25.766921997070312,-80.17913818359375,1402.0800000000002,112.67134362198084,132.13301610158575
2024-08-31 08:53:22+00:00,NAC810,25.76669311523437,-80.17852783203125,1409.7,113.7820304232214,132.67469867722946
2024-08-31 08:53:23+00:00,NAC810,25.766189575195312,-80.17735799153644,1424.94,114.38905625408704,133.30454149554214
2024-08-31 08:53:24+00:00,NAC810,25.765640258789062,-80.17613728841144,1440.18,114.38905625408704,133.30454149554214
2024-08-31 08:53:25+00:00,NAC810,25.76509094238281,-80.174814860026,1455.42,114.88327483154448,133.26582206552592
2024-08-31 08:53:26+00:00,NAC810,25.76454162597656,-80.173594156901,1470.66,115.97439396243132,133.9057315025099
2024-08-31 08:53:27+00:00,NAC810,25.763717651367188,-80.17181396484375,1493.52,116.36883352118409,134.35953683540603
2024-08-31 08:53:28+00:00,NAC810,25.763218766551905,-80.17081206699584,1508.76,116.85937622263648,134.36052169909868
2024-08-31 08:53:29+00:00,NAC810,25.762939453125,-80.17013549804688,1524.0,116.85937622263648,134.36052169909868
2024-08-31 08:53:30+00:00,NAC810,25.76234436035156,-80.16896565755206,1539.24,117.24943920038132,134.82850011300545
2024-08-31 08:53:31+00:00,NAC810,25.76182219941737,-80.16780637345221,1554.48,117.73817962838726,134.84714621628555
2024-08-31 08:53:32+00:00,NAC810,25.76087951660156,-80.16596476236975,1584.96,118.12373538328882,135.32908754665866
2024-08-31 08:53:33+00:00,NAC810,25.760513305664062,-80.16525268554688,1592.5800000000002,118.8012714263725,135.61235636423638
2024-08-31 08:53:34+00:00,NAC810,25.759918212890625,-80.16408284505206,1615.44,118.99138700868036,135.86094957378415
2024-08-31 08:53:35+00:00,NAC810,25.75907561738612,-80.16236503169222,1638.3000000000002,119.28674042544996,135.66211144879978
2024-08-31 08:53:36+00:00,NAC810,25.758516990532307,-80.16132858564265,1653.5400000000002,119.18080605249986,136.11103314859628
2024-08-31 08:53:37+00:00,NAC810,25.75791181144068,-80.16013667268572,1676.4,119.36952826098003,136.36259888886138
2024-08-31 08:53:38+00:00,NAC810,25.757260080111227,-80.15884111512383,1699.26,119.36952826098003,136.36259888886138
2024-08-31 08:53:39+00:00,NAC810,25.757027318922137,-80.15837471440153,1699.26,119.36952826098003,136.36259888886138
2024-08-31 08:53:40+00:00,NAC810,25.75642213983051,-80.15718280144455,1722.12,119.18080605249986,136.11103314859628
2024-08-31 08:53:41+00:00,NAC810,25.75556945800781,-80.15543619791663,1744.98,119.0755685253326,136.56041707635575
2024-08-31 08:53:42+00:00,NAC810,25.755203247070312,-80.15472412109375,1760.22,118.7824668931816,136.7618194487355
2024-08-31 08:53:43+00:00,NAC810,25.754562377929688,-80.15340169270831,1775.46,118.49023488540116,136.96679019494238
2024-08-31 08:53:44+00:00,NAC810,25.753954871226163,-80.1521042158019,1798.3200000000002,118.49023488540116,136.96679019494238
2024-08-31 08:53:45+00:00,NAC810,25.753303139896715,-80.15080865823995,1813.56,118.19888377363704,137.17531331911997
2024-08-31 08:53:46+00:00,NAC810,25.752651408567267,-80.14946127837555,1836.42,118.09768296743596,137.62891401345064
2024-08-31 08:53:47+00:00,NAC810,25.75209045410156,-80.1483154296875,1851.66,117.90842457947583,137.38737264613752
2024-08-31 08:53:48+00:00,NAC810,25.751541137695312,-80.1470947265625,1866.9,117.8083370247406,137.8421954852359
2024-08-31 08:53:49+00:00,NAC810,25.750946044921875,-80.1458740234375,1882.14,117.8083370247406,137.8421954852359
2024-08-31 08:53:50+00:00,NAC810,25.75035095214844,-80.1446533203125,1897.38,117.8083370247406,137.8421954852359
2024-08-31 08:53:51+00:00,NAC810,25.74971008300781,-80.14333089192706,1920.24,117.89727103094764,138.53739085511435
2024-08-31 08:53:52+00:00,NAC810,25.74911343849311,-80.14205068912145,1935.48,117.89727103094764,138.53739085511435
2024-08-31 08:53:53+00:00,NAC810,25.74842834472656,-80.140635172526,1958.34,118.08498056398314,138.77883765226645
2024-08-31 08:53:54+00:00,NAC810,25.747809975834212,-80.13935592939265,1973.58,118.08498056398314,138.77883765226645
2024-08-31 08:53:55+00:00,NAC810,25.7471923828125,-80.13809204101562,1996.44,117.98531672347706,139.2329166691986
2024-08-31 08:53:56+00:00,NAC810,25.74691772460937,-80.13743082682288,2004.06,117.699472808055,139.44754059644342
2024-08-31 08:53:57+00:00,NAC810,25.74627685546875,-80.13605753580725,2019.3,117.13045170034678,139.88715237045838
2024-08-31 08:53:58+00:00,NAC810,25.74543581170551,-80.13412187684258,2049.78,116.376888374012,140.1111632648201
2024-08-31 08:53:59+00:00,NAC810,25.74520305051642,-80.13350000921287,2057.4,115.15642244173952,140.3828979206949
2024-08-31 08:54:00+00:00,NAC810,25.744644423662606,-80.1320489847435,2072.6400000000003,113.94122105442914,140.71806694445692
2024-08-31 08:54:01+00:00,NAC810,25.744272005760063,-80.13085707178652,2087.88,112.45950774145636,141.39350854110162
2024-08-31 08:54:02+00:00,NAC810,25.7438530356197,-80.12956151422463,2103.12,110.8729973625078,141.49828745262542
2024-08-31 08:54:03+00:00,NAC810,25.74348061771716,-80.12821413436023,2118.36,109.02560603756868,142.02847617775478
2024-08-31 08:54:04+00:00,NAC810,25.743108199814618,-80.12671128758842,2133.6,107.25511100209197,142.2137613544242
2024-08-31 08:54:05+00:00,NAC810,25.74282888638771,-80.12531208542157,2148.84,107.25511100209197,142.2137613544242
2024-08-31 08:54:06+00:00,NAC810,25.74252319335937,-80.12385050455725,2164.08,103.53585636913428,142.8682400749516
2024-08-31 08:54:07+00:00,NAC810,25.74224853515625,-80.12201944986975,2186.94,101.59217541029108,143.36752227002964
2024-08-31 08:54:08+00:00,NAC810,25.74217715505826,-80.12126994582843,2194.56,101.59217541029108,143.36752227002964
2024-08-31 08:54:09+00:00,NAC810,25.742019653320312,-80.11932373046875,2217.42,99.6986617377101,143.52342225633913
2024-08-31 08:54:10+00:00,NAC810,25.74189784163136,-80.11800514077237,2232.6600000000003,96.36281147608616,143.9018588022626
2024-08-31 08:54:11+00:00,NAC810,25.74188232421875,-80.11662801106769,2247.9,94.71265168978849,144.0167578630637
2024-08-31 08:54:12+00:00,NAC810,25.74183654785156,-80.11520385742188,2263.1400000000003,93.0664855011259,144.25086816313447
2024-08-31 08:54:13+00:00,NAC810,25.741851289393537,-80.11385935657427,2278.38,93.0664855011259,144.25086816313447
2024-08-31 08:54:14+00:00,NAC810,25.741928100585938,-80.11235555013019,2301.24,89.79537308603415,144.04523864707065
2024-08-31 08:54:15+00:00,NAC810,25.742019653320312,-80.11077880859375,2316.48,88.36342295838328,144.10310160620108
2024-08-31 08:54:16+00:00,NAC810,25.7420654296875,-80.10991414388019,2324.1,88.36342295838328,144.10310160620108
2024-08-31 08:54:17+00:00,NAC810,25.74224853515625,-80.10793050130206,2354.58,87.13759477388825,144.22426300582387
2024-08-31 08:54:18+00:00,NAC810,25.74236336400953,-80.10655241192512,2369.82,84.89783474764181,144.61733650386594
2024-08-31 08:54:19+00:00,NAC810,25.742549572960804,-80.1049977428508,2392.6800000000003,84.89783474764181,144.61733650386594
2024-08-31 08:54:20+00:00,NAC810,25.742706298828125,-80.10365804036456,2407.92,83.45703205956677,144.47086071872985
2024-08-31 08:54:21+00:00,NAC810,25.74287543862553,-80.10240662772702,2423.1600000000003,82.84970981969244,144.65484705071924
2024-08-31 08:54:22+00:00,NAC810,25.74302673339844,-80.10106404622394,2438.4,82.445715239089,144.7865144060819
2024-08-31 08:54:23+00:00,NAC810,25.743201304290253,-80.09955640109081,2461.26,82.445715239089,144.7865144060819
2024-08-31 08:54:24+00:00,NAC810,25.743392944335938,-80.09821573893225,2476.5,82.24399837361314,144.85504375425717
2024-08-31 08:54:25+00:00,NAC810,25.7435737221928,-80.09686164136201,2491.74,82.04247477308286,144.9253668392502
2024-08-31 08:54:26+00:00,NAC810,25.74375915527344,-80.09521484375,2514.6,82.04247477308286,144.9253668392502
2024-08-31 08:54:27+00:00,NAC810,25.74394614009534,-80.09370048091097,2529.84,82.04247477308286,144.9253668392502
2024-08-31 08:54:28+00:00,NAC810,25.744171142578125,-80.09221394856769,2552.7000000000003,82.04247477308286,144.9253668392502
2024-08-31 08:54:29+00:00,NAC810,25.744216918945312,-80.09150187174475,2560.32,82.04247477308286,144.9253668392502
2024-08-31 08:54:30+00:00,NAC810,25.744504766949152,-80.0893992298054,2583.1800000000003,82.2713630040484,145.3647980796409
2024-08-31 08:54:31+00:00,NAC810,25.744644423662606,-80.08800002763854,2606.04,82.47238488757971,145.29650915816794
2024-08-31 08:54:32+00:00,NAC810,25.74473752813824,-80.08727451540386,2613.6600000000003,82.47238488757971,145.29650915816794
2024-08-31 08:54:33+00:00,NAC810,25.74497028932733,-80.0852534456073,2636.52,82.47238488757971,145.29650915816794
2024-08-31 08:54:34+00:00,NAC810,25.74510994604078,-80.0839578880454,2651.76,82.67359333983046,145.23001043731512
2024-08-31 08:54:35+00:00,NAC810,25.745269775390625,-80.08244832356769,2667.0,82.69938417612083,145.7402691659651
2024-08-31 08:54:36+00:00,NAC810,25.74543581170551,-80.08090037219927,2689.86,82.69938417612083,145.7402691659651
2024-08-31 08:54:37+00:00,NAC810,25.74562202065678,-80.07944934772996,2705.1,82.90008035536837,145.67578975210432
2024-08-31 08:54:38+00:00,NAC810,25.745773315429688,-80.07797241210938,2727.96,82.92500177851691,146.18630288129893
2024-08-31 08:54:39+00:00,NAC810,25.74595642089844,-80.07634480794269,2743.2000000000003,82.92500177851691,146.18630288129893
2024-08-31 08:54:40+00:00,NAC810,25.746040990797137,-80.07556267504424,2750.82,83.12518197129576,146.12383145364237
2024-08-31 08:54:41+00:00,NAC810,25.74627685546875,-80.07344563802081,2773.6800000000003,83.12518197129576,146.12383145364237
2024-08-31 08:54:42+00:00,NAC810,25.746414184570312,-80.072021484375,2796.54,83.14924333822007,146.6345895556513
2024-08-31 08:54:43+00:00,NAC810,25.746597290039062,-80.07039388020831,2811.78,83.14924333822007,146.6345895556513
2024-08-31 08:54:44+00:00,NAC810,25.746734619140625,-80.06912231445312,2827.02,83.14924333822007,146.6345895556513
2024-08-31 08:54:45+00:00,NAC810,25.74691772460937,-80.06764729817706,2842.26,83.17313766152631,147.1453733383229
2024-08-31 08:54:46+00:00,NAC810,25.747055053710938,-80.06601969401038,2857.5,83.17313766152631,147.1453733383229
2024-08-31 08:54:47+00:00,NAC810,25.747204796742583,-80.06462816922169,2880.36,83.37211459867655,147.0851085892869
2024-08-31 08:54:48+00:00,NAC810,25.747283935546875,-80.06383260091144,2887.98,83.39516450324602,147.59612635398227
2024-08-31 08:54:49+00:00,NAC810,25.747391005693856,-80.06302167784492,2895.6000000000004,83.39516450324602,147.59612635398227
2024-08-31 08:54:50+00:00,NAC810,25.747623766882946,-80.06068967423346,2918.46,83.39516450324602,147.59612635398227
2024-08-31 08:54:51+00:00,NAC810,25.74774169921875,-80.0594584147135,2933.7000000000003,83.39516450324602,147.59612635398227
2024-08-31 08:54:52+00:00,NAC810,25.747879028320312,-80.05813598632812,2948.94,83.418055344822,148.1071678411864
2024-08-31 08:54:53+00:00,NAC810,25.748062133789062,-80.05650838216144,2964.1800000000003,83.418055344822,148.1071678411864
2024-08-31 08:54:54+00:00,NAC810,25.748275498212397,-80.05452282023879,2987.04,83.63789782322196,148.5603470026186
2024-08-31 08:54:55+00:00,NAC810,25.74838256835937,-80.05315144856769,3002.28,83.63789782322196,148.5603470026186
2024-08-31 08:54:56+00:00,NAC810,25.7485548116393,-80.05162077130012,3025.1400000000003,83.63789782322196,148.5603470026186
2024-08-31 08:54:57+00:00,NAC810,25.748703002929688,-80.050048828125,3040.38,83.63789782322196,148.5603470026186
2024-08-31 08:54:58+00:00,NAC810,25.748787572828387,-80.04923694538621,3048.0,83.63789782322196,148.5603470026186
2024-08-31 08:54:59+00:00,NAC810,25.74892722954184,-80.04788956552181,3070.86,83.6598082540901,149.0716336641269
2024-08-31 08:55:00+00:00,NAC810,25.749069213867188,-80.04638671875,3086.1000000000004,83.6598082540901,149.0716336641269
2024-08-31 08:55:01+00:00,NAC810,25.74925309520657,-80.04483204967568,3101.34,83.6598082540901,149.0716336641269
2024-08-31 08:55:02+00:00,NAC810,25.74948585639565,-80.04260369066924,3131.82,83.6598082540901,149.0716336641269
2024-08-31 08:55:03+00:00,NAC810,25.749526977539062,-80.04191080729163,3139.44,83.6598082540901,149.0716336641269
2024-08-31 08:55:04+00:00,NAC810,25.74971008300781,-80.04018147786456,3154.6800000000003,83.68156889851024,149.58294197636013
2024-08-31 08:55:05+00:00,NAC810,25.7498582742982,-80.03876884028597,3169.92,83.68156889851024,149.58294197636013
2024-08-31 08:55:06+00:00,NAC810,25.750030517578125,-80.036875406901,3185.1600000000003,83.7031812810156,150.09427171805348
2024-08-31 08:55:07+00:00,NAC810,25.750167846679688,-80.03555297851562,3200.4,83.7031812810156,150.09427171805348
2024-08-31 08:55:08+00:00,NAC810,25.75030517578125,-80.0341796875,3208.02,83.7246469056045,150.60562267093775
2024-08-31 08:55:09+00:00,NAC810,25.75041690115201,-80.03291292010613,3223.26,83.74596725608353,151.1169946196892
2024-08-31 08:55:10+00:00,NAC810,25.75057983398437,-80.03148396809894,3230.88,83.76714379640384,151.6283873518799
2024-08-31 08:55:11+00:00,NAC810,25.750762939453125,-80.02965291341144,3238.5,83.78817797099084,152.1398006579296
2024-08-31 08:55:12+00:00,NAC810,25.75088242353019,-80.02819709058076,3246.1200000000003,83.8298249049704,153.16268816723948
2024-08-31 08:55:13+00:00,NAC810,25.75103759765625,-80.02660115559894,3253.74,83.85044045846163,153.67416196515498
2024-08-31 08:55:14+00:00,NAC810,25.75117492675781,-80.02507527669269,3261.36,83.87091923503198,154.18565552615007
2024-08-31 08:55:15+00:00,NAC810,25.751347945908368,-80.0234812610554,3268.98,83.91147184580483,155.20870115581556
2024-08-31 08:55:16+00:00,NAC810,25.751495361328125,-80.02182006835938,3276.6000000000004,83.93154833029281,155.72025284010428
2024-08-31 08:55:17+00:00,NAC810,25.75167381157309,-80.02021645599939,3284.2200000000003,83.93154833029281,155.72025284010428
2024-08-31 08:55:18+00:00,NAC810,25.751813468286542,-80.01876543153008,3291.84,83.97130815442492,156.74341300540283
2024-08-31 08:55:19+00:00,NAC810,25.751953125,-80.01721076245576,3299.46,83.99099404250548,157.25502111687194
2024-08-31 08:55:20+00:00,NAC810,25.75209045410156,-80.01571655273438,3307.0800000000004,83.844831656726,158.33262549110842
2024-08-31 08:55:21+00:00,NAC810,25.752273559570312,-80.01413981119788,3314.7000000000003,83.8844964337146,159.35562030718154
2024-08-31 08:55:22+00:00,NAC810,25.752418647378175,-80.01244311062794,3322.32,83.8844964337146,159.35562030718154
2024-08-31 08:55:23+00:00,NAC810,25.75255830409163,-80.01099208615858,3329.94,83.76093024495245,160.94534905347302
2024-08-31 08:55:24+00:00,NAC810,25.752685546875,-80.00951131184894,3337.56,83.78077031120885,161.45675572702433
2024-08-31 08:55:25+00:00,NAC810,25.75288416975636,-80.00777910340508,3345.1800000000003,83.8200757508169,162.4796266046124
2024-08-31 08:55:26+00:00,NAC810,25.7530517578125,-80.006103515625,3352.8,83.8395434664094,162.9910904476095
2024-08-31 08:55:27+00:00,NAC810,25.753189086914062,-80.00462849934894,3360.42,83.87811463606745,164.01407405624897
2024-08-31 08:55:28+00:00,NAC810,25.75334969213453,-80.0029078069723,3368.04,83.89722034634423,164.52559347417676
2024-08-31 08:55:29+00:00,NAC810,25.753463745117188,-80.00137329101562,3368.04,83.91620762126317,165.0371310729489
2024-08-31 08:55:30+00:00,NAC810,25.75362900556144,-79.99959117961379,3375.6600000000003,84.1303995569853,166.0068621230209
2024-08-31 08:55:31+00:00,NAC810,25.75381521451271,-79.99793286593456,3383.28,84.14850144840828,166.51861731490004
2024-08-31 08:55:32+00:00,NAC810,25.753954871226163,-79.99627455225527,3390.9,84.16649241526484,167.0303890262453
2024-08-31 08:55:33+00:00,NAC810,25.75414108017744,-79.99446077166863,3398.52,84.02770445203471,168.1067291686184
2024-08-31 08:55:34+00:00,NAC810,25.754280736890887,-79.9928024579894,3406.1400000000003,84.02770445203471,168.1067291686184
2024-08-31 08:55:35+00:00,NAC810,25.754425048828125,-79.99120076497394,3413.76,84.08193964789238,169.6417604608271
2024-08-31 08:55:36+00:00,NAC810,25.75460660255561,-79.98958947523585,3421.38,84.09980058272517,170.15347093018994
2024-08-31 08:55:37+00:00,NAC810,25.754746259269066,-79.9878793392541,3429.0,84.09980058272517,170.15347093018994
2024-08-31 08:55:38+00:00,NAC810,25.75493246822034,-79.98616920327237,3436.6200000000003,83.98201069677899,171.74187277591352
2024-08-31 08:55:39+00:00,NAC810,25.75506591796875,-79.98453776041663,3444.24,83.8298249049704,172.30802418814443
2024-08-31 08:55:40+00:00,NAC810,25.755165229409428,-79.98357808814859,3444.24,83.8298249049704,172.30802418814443
2024-08-31 08:55:41+00:00,NAC810,25.755444542836333,-79.98083150611734,3451.86,83.7159622179922,173.89805251418153
2024-08-31 08:55:42+00:00,NAC810,25.755630751787606,-79.9791213701356,3459.48,83.7159622179922,173.89805251418153
2024-08-31 08:55:43+00:00,NAC810,25.75581696073888,-79.97751487875883,3467.1000000000004,83.56652312076835,174.46630859515187
2024-08-31 08:55:44+00:00,NAC810,25.7559814453125,-79.97568766276038,3474.7200000000003,83.4564358992106,176.05788984603177
2024-08-31 08:55:45+00:00,NAC810,25.75616455078125,-79.97395833333331,3482.34,83.47545953530171,176.56899223102303
2024-08-31 08:55:46+00:00,NAC810,25.75634765625,-79.97233072916663,3482.34,83.51317830033679,177.5912548920614
2024-08-31 08:55:47+00:00,NAC810,25.75653076171875,-79.97060139973956,3489.96,83.53187530670175,178.10241483582854
2024-08-31 08:55:48+00:00,NAC810,25.75660834878178,-79.96979335568983,3497.5800000000004,83.55046529615772,178.61359363673378
2024-08-31 08:55:49+00:00,NAC810,25.756851196289062,-79.967041015625,3505.2000000000003,83.58732786326152,179.63600716602582
2024-08-31 08:55:50+00:00,NAC810,25.75707387115996,-79.96512934846697,3512.82,83.58732786326152,179.63600716602582
2024-08-31 08:55:52+00:00,NAC810,25.7574462890625,-79.96129353841144,3528.0600000000004,83.82110342250284,181.62496237757824
2024-08-31 08:55:53+00:00,NAC810,25.75753939353813,-79.96030987433664,3535.6800000000003,83.99946724260832,182.0819288390645
2024-08-31 08:55:54+00:00,NAC810,25.757725602489405,-79.95828880454008,3543.3,84.01634241698193,182.59356208063585
2024-08-31 08:55:55+00:00,NAC810,25.75795836367849,-79.95554222250883,3550.92,84.01634241698193,182.59356208063585
2024-08-31 08:55:56+00:00,NAC810,25.758144572629767,-79.95372844192218,3558.54,84.22567409733672,184.07608593606165
2024-08-31 08:55:57+00:00,NAC810,25.758224487304688,-79.95269775390625,3566.1600000000003,84.24173983563324,184.58792684819423
2024-08-31 08:55:58+00:00,NAC810,25.758377333818856,-79.95093003758842,3573.78,84.24173983563324,184.58792684819423
2024-08-31 08:55:59+00:00,NAC810,25.758563542770126,-79.94890896779185,3581.4,84.27360548962102,185.61165185148556
2024-08-31 08:56:00+00:00,NAC810,25.7587497517214,-79.94688789799528,3589.02,84.4470289669632,186.07305072663587
2024-08-31 08:56:01+00:00,NAC810,25.75888940843485,-79.94502229510613,3596.6400000000003,84.4926379702471,187.6091995593851
2024-08-31 08:56:02+00:00,NAC810,25.758982512910485,-79.94388220445165,3604.26,84.50767544287257,188.1212753005227
2024-08-31 08:56:03+00:00,NAC810,25.759261826337397,-79.94087651090803,3619.5,84.52263127117112,188.6333639294364
2024-08-31 08:56:04+00:00,NAC810,25.759401483050848,-79.93901090801887,3627.12,84.53750611623958,189.1454653414499
2024-08-31 08:56:05+00:00,NAC810,25.759506225585938,-79.937998453776,3627.12,84.55230063207829,189.6575794330148
2024-08-31 08:56:06+00:00,NAC810,25.759689331054688,-79.93611653645831,3634.74,84.7213539365811,190.1216875777061
2024-08-31 08:56:07+00:00,NAC810,25.75982666015625,-79.93398030598956,3649.98,84.88958243896877,190.58744278917223
2024-08-31 08:56:08+00:00,NAC810,25.75996010990466,-79.93201489718456,3665.22,85.36453657309735,190.96893018221783
2024-08-31 08:56:09+00:00,NAC810,25.760055541992188,-79.93001302083331,3672.84,85.83756456147833,191.3634873573021
2024-08-31 08:56:10+00:00,NAC810,25.76014631885593,-79.92818004680129,3680.46,86.30861401354873,191.7710336436099
2024-08-31 08:56:11+00:00,NAC810,25.76023942333157,-79.92626262160968,3695.7,86.93077935568766,192.1632553083886
2024-08-31 08:56:12+00:00,NAC810,25.760284423828125,-79.92421468098956,3703.32,87.39743779750019,192.6007158939121
2024-08-31 08:56:13+00:00,NAC810,25.760330200195312,-79.92324829101562,3710.94,87.39743779750019,192.6007158939121
2024-08-31 08:56:14+00:00,NAC810,25.7603325278072,-79.9204585237323,3733.8,88.01454141548307,193.03238657431035
2024-08-31 08:56:15+00:00,NAC810,25.7603325278072,-79.91854109854069,3741.42,88.78112476486871,193.4747215141964
2024-08-31 08:56:16+00:00,NAC810,25.7603325278072,-79.9167791402565,3756.66,89.39049342332481,193.44188930735064
2024-08-31 08:56:17+00:00,NAC810,25.760285975569385,-79.91486171506483,3771.9,90.1519778385639,193.94607028527204
2024-08-31 08:56:18+00:00,NAC810,25.760285975569385,-79.91309975678064,3787.14,90.7598464256105,193.96244441179573
2024-08-31 08:56:19+00:00,NAC810,25.76019287109375,-79.91124471028644,3802.38,92.12109639666149,194.5931606629043
2024-08-31 08:56:20+00:00,NAC810,25.76009976661811,-79.90942037330484,3810.0,92.12109639666149,194.5931606629043
2024-08-31 08:56:22+00:00,NAC810,25.75982666015625,-79.9056498209635,3840.48,93.6329507394882,194.8513951088125
2024-08-31 08:56:23+00:00,NAC810,25.759634244239937,-79.903564453125,3863.34,94.23639479905886,194.9925996613996
2024-08-31 08:56:24+00:00,NAC810,25.759448035288663,-79.90143973872347,3878.58,94.9893625696422,195.1994697088016
2024-08-31 08:56:25+00:00,NAC810,25.75916872186176,-79.89931502432194,3893.82,96.34019174590992,195.6565191841665
2024-08-31 08:56:26+00:00,NAC810,25.758819580078125,-79.896494547526,3916.68,97.08770226787752,195.9572502338958
2024-08-31 08:56:27+00:00,NAC810,25.758563542770126,-79.89465101709902,3931.92,97.68398182973397,196.22178204738373
2024-08-31 08:56:28+00:00,NAC810,25.758316040039062,-79.892832438151,3947.16,98.44899950372212,196.07336425797627
2024-08-31 08:56:29+00:00,NAC810,25.758144572629767,-79.89174896816036,3954.78,98.44899950372212,196.07336425797627
2024-08-31 08:56:30+00:00,NAC810,25.75790405273437,-79.89013671875,3970.02,99.7824070318073,196.80693810069332
2024-08-31 08:56:31+00:00,NAC810,25.75735318458686,-79.88734407244988,3992.88,99.7824070318073,196.80693810069332
2024-08-31 08:56:32+00:00,NAC810,25.75717163085937,-79.88627115885413,4000.5,100.54603401309024,196.7544865549387
2024-08-31 08:56:33+00:00,NAC810,25.756576538085938,-79.88337198893225,4030.98,101.16294516304366,196.6367558962432
2024-08-31 08:56:34+00:00,NAC810,25.75616455078125,-79.88143920898438,4046.22,102.65850930879766,197.19518276116875
2024-08-31 08:56:35+00:00,NAC810,25.75595661745233,-79.88039988391802,4053.84,102.65850930879766,197.19518276116875
2024-08-31 08:56:36+00:00,NAC810,25.755211781647244,-79.87734236807194,4076.7,104.18111238680282,197.3883483425552
2024-08-31 08:56:37+00:00,NAC810,25.754979020458155,-79.87640956662733,4084.32,104.18111238680282,197.3883483425552
2024-08-31 08:56:38+00:00,NAC810,25.754470825195312,-79.87442016601562,4099.56,105.65943003547385,198.21588070496057
2024-08-31 08:56:39+00:00,NAC810,25.75396728515625,-79.8726908365885,4114.8,106.41468844339856,198.4320609565985
2024-08-31 08:56:40+00:00,NAC810,25.75341796875,-79.87080891927081,4130.04,106.41468844339856,198.4320609565985
2024-08-31 08:56:41+00:00,NAC810,25.75255830409163,-79.86806617592862,4152.900000000001,107.91962864282438,198.9674936498637
2024-08-31 08:56:42+00:00,NAC810,25.752046229475635,-79.86640786224939,4168.14,107.91962864282438,198.9674936498637
2024-08-31 08:56:43+00:00,NAC810,25.751394498146187,-79.86454225936023,4183.38,109.46466404840147,199.15428922846672
2024-08-31 08:56:44+00:00,NAC810,25.75074276681673,-79.86267665647108,4198.62,110.26142342078847,199.0605809731992
2024-08-31 08:56:45+00:00,NAC810,25.750396728515625,-79.86165364583331,4206.24,110.26142342078847,199.0605809731992
2024-08-31 08:56:46+00:00,NAC810,25.749299647444385,-79.85878998378536,4229.1,111.93848046770648,199.6579631860698
2024-08-31 08:56:47+00:00,NAC810,25.74897378177966,-79.85785718234081,4236.72,112.73341172668763,199.6838093490464
2024-08-31 08:56:48+00:00,NAC810,25.74818239373676,-79.85583611254424,4251.96,113.4692163395615,200.21986001829703
2024-08-31 08:56:49+00:00,NAC810,25.747018587791317,-79.85314135281544,4274.820000000001,114.06693429029087,200.5784104119068
2024-08-31 08:56:50+00:00,NAC810,25.74632030422405,-79.85148303913621,4290.06,114.72380027834944,200.49130798197052
2024-08-31 08:56:51+00:00,NAC810,25.745407104492188,-79.84944661458331,4305.3,114.72380027834944,200.49130798197052
2024-08-31 08:56:52+00:00,NAC810,25.74462890625,-79.84761555989581,4320.54,115.45074288908177,201.1160243957261
2024-08-31 08:56:53+00:00,NAC810,25.744272005760063,-79.8468190319133,4328.16,115.45074288908177,201.1160243957261
2024-08-31 08:56:54+00:00,NAC810,25.74348061771716,-79.84500525132665,4343.400000000001,115.7148337552065,201.56031466049615
2024-08-31 08:56:55+00:00,NAC810,25.74259612519862,-79.84298418153008,4366.26,115.84644168210092,201.78406030351752
2024-08-31 08:56:56+00:00,NAC810,25.74183654785156,-79.84130859375,4381.5,115.84644168210092,201.78406030351752
2024-08-31 08:56:57+00:00,NAC810,25.740966796875,-79.83932495117188,4396.74,115.84644168210092,201.78406030351752
2024-08-31 08:56:58+00:00,NAC810,25.74009704589844,-79.8372904459635,4411.9800000000005,115.78290482302135,202.24716660901024
2024-08-31 08:56:59+00:00,NAC810,25.739337468551376,-79.83557359227592,4427.22,115.65152846505258,202.023933866355
2024-08-31 08:57:00+00:00,NAC810,25.738313319319385,-79.83318976636201,4450.08,115.58851314131644,202.48779856795025
2024-08-31 08:57:01+00:00,NAC810,25.73789978027344,-79.83220418294269,4457.7,115.58851314131644,202.48779856795025
2024-08-31 08:57:02+00:00,NAC810,25.73714951337394,-79.83049500663327,4472.9400000000005,115.58851314131644,202.48779856795025
2024-08-31 08:57:03+00:00,NAC810,25.73638916015625,-79.8287455240885,4480.56,115.39458515874284,202.73075579924569
2024-08-31 08:57:04+00:00,NAC810,25.73565984176377,-79.82702291236734,4495.8,115.39458515874284,202.73075579924569
2024-08-31 08:57:05+00:00,NAC810,25.734832763671875,-79.8250834147135,4511.04,115.39458515874284,202.73075579924569
2024-08-31 08:57:06+00:00,NAC810,25.73398396120233,-79.82318806198407,4526.280000000001,115.46334506187162,203.41625773960263
2024-08-31 08:57:07+00:00,NAC810,25.73286437988281,-79.82050577799475,4541.52,115.46334506187162,203.41625773960263
2024-08-31 08:57:08+00:00,NAC810,25.732028767213983,-79.81857587706367,4556.76,115.46334506187162,203.41625773960263
2024-08-31 08:57:09+00:00,NAC810,25.731516692597985,-79.81748760871164,4564.38,115.5316429894974,204.1020506735591
2024-08-31 08:57:10+00:00,NAC810,25.73035288665254,-79.8147410266804,4579.62,115.6618141689554,204.32430824780917
2024-08-31 08:57:11+00:00,NAC810,25.729608050847457,-79.81308271300117,4594.860000000001,115.6618141689554,204.32430824780917
2024-08-31 08:57:12+00:00,NAC810,25.72914252846928,-79.81194262234669,4602.4800000000005,115.59948338967708,204.7881316776835
2024-08-31 08:57:13+00:00,NAC810,25.728286743164062,-79.81002807617188,4610.1,115.79602649449996,205.6978457246141
2024-08-31 08:57:14+00:00,NAC810,25.727554321289062,-79.808349609375,4617.72,115.79602649449996,205.6978457246141
2024-08-31 08:57:15+00:00,NAC810,25.726535603151483,-79.8060348798644,4632.96,115.79602649449996,205.6978457246141
2024-08-31 08:57:16+00:00,NAC810,25.72611663301112,-79.8051020784198,4632.96,115.9908365320061,206.6099589123172
2024-08-31 08:57:17+00:00,NAC810,25.725045931541317,-79.80271825250588,4648.2,115.9908365320061,206.6099589123172
2024-08-31 08:57:18+00:00,NAC810,25.72467041015625,-79.8018900553385,4648.2,115.9284576011145,207.0724969005172
2024-08-31 08:57:19+00:00,NAC810,25.723882125595868,-79.80012713738205,4663.4400000000005,115.99401580396324,207.7602332180616
2024-08-31 08:57:20+00:00,NAC810,25.722904528601696,-79.7978469560731,4671.06,116.12139803453064,207.98621634658056
2024-08-31 08:57:21+00:00,NAC810,25.72210693359375,-79.79609171549475,4678.68,116.05914132737384,208.4482397420244
2024-08-31 08:57:22+00:00,NAC810,25.721228648040253,-79.7941157502948,4693.92,116.18603280600745,208.6747460526789
2024-08-31 08:57:23+00:00,NAC810,25.719955444335938,-79.79120890299475,4709.16,116.25024236968888,209.36353956849797
2024-08-31 08:57:24+00:00,NAC810,25.719039916992188,-79.78917439778644,4724.400000000001,116.37637201439458,209.5915821300276
2024-08-31 08:57:25+00:00,NAC810,25.71810964810646,-79.78722338406544,4732.02,116.31403074803974,210.0525942988244
2024-08-31 08:57:26+00:00,NAC810,25.717758178710938,-79.786376953125,4739.64,116.31403074803974,210.0525942988244
2024-08-31 08:57:27+00:00,NAC810,25.71697998046875,-79.78464762369788,4747.26,116.43967768021488,210.2811481708308
2024-08-31 08:57:28+00:00,NAC810,25.71615600585937,-79.78281656901038,4762.5,116.43967768021488,210.2811481708308
2024-08-31 08:57:29+00:00,NAC810,25.715316513837397,-79.78100470776826,4777.740000000001,116.50256943574682,210.97096924182296
2024-08-31 08:57:30+00:00,NAC810,25.714478573556672,-79.7791391048791,4785.360000000001,116.50256943574682,210.97096924182296
2024-08-31 08:57:31+00:00,NAC810,25.713592529296875,-79.77717081705725,4800.6,116.50256943574682,210.97096924182296
2024-08-31 08:57:32+00:00,NAC810,25.71243027509269,-79.77463056456367,4823.46,116.62746485556404,211.201035456096
2024-08-31 08:57:33+00:00,NAC810,25.71201130495233,-79.7736459408166,4831.08,116.62746485556404,211.201035456096
2024-08-31 08:57:34+00:00,NAC810,25.71112060546875,-79.77167765299475,4838.7,116.565051177078,211.66104284950995
2024-08-31 08:57:36+00:00,NAC810,25.70945093187235,-79.76799730984669,4869.18,116.565051177078,211.66104284950995
2024-08-31 08:57:39+00:00,NAC810,25.706817626953125,-79.76226806640625,4914.900000000001,116.68947178392106,211.8916088010407
2024-08-31 08:57:41+00:00,NAC810,25.705123901367188,-79.75850423177081,4945.38,116.62712675356232,212.35136653190276
2024-08-31 08:57:44+00:00,NAC810,25.70246809619968,-79.75270973061612,4991.1,116.75107578158551,212.58242870325844
2024-08-31 08:57:45+00:00,NAC810,25.701644897460938,-79.75092569986975,4998.72,116.75107578158551,212.58242870325844
2024-08-31 08:57:46+00:00,NAC810,25.70077514648437,-79.74904378255206,5013.96,116.68879996848447,213.0419378580364
2024-08-31 08:57:47+00:00,NAC810,25.69990539550781,-79.74711100260413,5029.2,116.68879996848447,213.0419378580364
2024-08-31 08:57:48+00:00,NAC810,25.6991163350768,-79.74529914136201,5044.4400000000005,116.68879996848447,213.0419378580364
2024-08-31 08:57:49+00:00,NAC810,25.698138738082623,-79.74322624926299,5052.06,116.8122806222428,213.2734927668584
2024-08-31 08:57:50+00:00,NAC810,25.697250366210938,-79.74126180013019,5067.3,116.7500745797139,213.73275442749755
2024-08-31 08:57:51+00:00,NAC810,25.69638061523437,-79.73932902018225,5082.54,116.7500745797139,213.73275442749755
2024-08-31 08:57:52+00:00,NAC810,25.695112842624468,-79.73659299454596,5097.780000000001,116.87309003447784,213.9647986260613
2024-08-31 08:57:53+00:00,NAC810,25.69432145458157,-79.73488285856428,5113.02,116.87309003447784,213.9647986260613
2024-08-31 08:57:54+00:00,NAC810,25.69343696206303,-79.73296543337261,5128.26,116.8109543003487,214.42381386995945
2024-08-31 08:57:55+00:00,NAC810,25.692459365068856,-79.73084071897108,5143.5,116.8109543003487,214.42381386995945
2024-08-31 08:57:56+00:00,NAC810,25.69175720214844,-79.729258219401,5151.12,116.93350770241572,214.65634394474176
2024-08-31 08:57:57+00:00,NAC810,25.6907958984375,-79.72712198893225,5166.360000000001,116.93350770241572,214.65634394474176
2024-08-31 08:57:58+00:00,NAC810,25.689971923828125,-79.72544352213538,5173.9800000000005,116.87144279934871,215.1151138447264
2024-08-31 08:57:59+00:00,NAC810,25.689468383789062,-79.72427368164062,5181.6,116.87144279934871,215.1151138447264
2024-08-31 08:58:00+00:00,NAC810,25.688507080078125,-79.72218831380206,5196.84,116.87144279934871,215.1151138447264
2024-08-31 08:58:01+00:00,NAC810,25.687571380097985,-79.72016532466097,5212.08,116.80964213317814,215.57413508673577
2024-08-31 08:58:02+00:00,NAC810,25.686593783103813,-79.71804061025944,5219.7,116.93154370215892,215.8066520402852
2024-08-31 08:58:03+00:00,NAC810,25.68561618610964,-79.7159158958579,5234.9400000000005,116.86981308749908,216.2654292393021
2024-08-31 08:58:04+00:00,NAC810,25.684341430664062,-79.713134765625,5250.18,116.86981308749908,216.2654292393021
2024-08-31 08:58:05+00:00,NAC810,25.683883666992188,-79.712168375651,5257.8,116.92960052820466,216.95696038671252
2024-08-31 08:58:06+00:00,NAC810,25.683013916015625,-79.71023559570312,5265.42,116.92960052820466,216.95696038671252
2024-08-31 08:58:07+00:00,NAC810,25.682144165039062,-79.70830281575519,5273.04,116.92960052820466,216.95696038671252
2024-08-31 08:58:08+00:00,NAC810,25.681137084960938,-79.70621744791663,5288.280000000001,116.86820062079212,217.41574480699637
2024-08-31 08:58:10+00:00,NAC810,25.679168701171875,-79.70194498697913,5311.14,116.989007981302,217.64872626996936
2024-08-31 08:58:11+00:00,NAC810,25.678260932534428,-79.69990280439265,5326.38,116.989007981302,217.64872626996936
2024-08-31 08:58:13+00:00,NAC810,25.676398843021715,-79.69580884249706,5349.240000000001,116.86660512694624,218.5660605450757
2024-08-31 08:58:16+00:00,NAC810,25.674490201271187,-79.69171488060141,5379.72,116.8057883297998,219.02509940120535
2024-08-31 08:58:20+00:00,NAC810,25.670883178710938,-79.683837890625,5425.4400000000005,116.8057883297998,219.02509940120535
2024-08-31 08:58:22+00:00,NAC810,25.669043589446503,-79.67984757333431,5448.3,116.86502633938191,219.71637645086395
2024-08-31 08:58:23+00:00,NAC810,25.668182373046875,-79.677988688151,5463.54,116.80453057461906,220.17542105495912
2024-08-31 08:58:24+00:00,NAC810,25.667312622070312,-79.67600504557288,5471.16,116.80453057461906,220.17542105495912
2024-08-31 08:58:25+00:00,NAC810,25.666488647460938,-79.67422485351562,5486.400000000001,116.92389270342674,220.40788689201705
2024-08-31 08:58:26+00:00,NAC810,25.664794921875,-79.67051188151038,5501.64,116.86346399707288,220.8666925217408
2024-08-31 08:58:27+00:00,NAC810,25.663922843286542,-79.66865395599939,5516.88,116.86346399707288,220.8666925217408
2024-08-31 08:58:28+00:00,NAC810,25.663055419921875,-79.66679890950519,5524.5,116.86346399707288,220.8666925217408
2024-08-31 08:58:29+00:00,NAC810,25.662185668945312,-79.66481526692706,5539.740000000001,116.86346399707288,220.8666925217408
2024-08-31 08:58:30+00:00,NAC810,25.66131591796875,-79.66295350272702,5547.360000000001,116.92202960781027,221.5581962031069
2024-08-31 08:58:31+00:00,NAC810,25.66035461425781,-79.660898844401,5562.6,116.92202960781027,221.5581962031069
2024-08-31 08:58:34+00:00,NAC810,25.657516479492188,-79.65474446614581,5600.700000000001,116.98023071822288,222.2499299315349
2024-08-31 08:58:35+00:00,NAC810,25.656660694186968,-79.65289997604657,5608.320000000001,116.98023071822288,222.2499299315349
2024-08-31 08:58:36+00:00,NAC810,25.6556830971928,-79.65072343934258,5623.56,116.92018575830608,222.70850574604472
2024-08-31 08:58:38+00:00,NAC810,25.65400721663136,-79.64714770047169,5646.42,116.92018575830608,222.70850574604472
2024-08-31 08:58:39+00:00,NAC810,25.65316772460937,-79.64528401692706,5654.04,116.86038763102503,223.1673251485489
2024-08-31 08:58:40+00:00,NAC810,25.65219167935646,-79.64320920548346,5669.280000000001,116.86038763102503,223.1673251485489
2024-08-31 08:58:42+00:00,NAC810,25.6504692465572,-79.6394261774027,5699.76,116.97809289577272,223.40023164090184
2024-08-31 08:58:43+00:00,NAC810,25.6494140625,-79.63714599609375,5707.38,116.91836085822666,223.85881551725635
2024-08-31 08:58:44+00:00,NAC810,25.64846750033104,-79.63502128169222,5722.62,116.91836085822666,223.85881551725635
2024-08-31 08:58:47+00:00,NAC810,25.64655885858051,-79.63087549749412,5753.1,116.85887311172873,224.3176416995054
2024-08-31 08:58:48+00:00,NAC810,25.64478987354343,-79.6270924694133,5775.96,116.85887311172873,224.3176416995054
2024-08-31 08:58:49+00:00,NAC810,25.643829345703125,-79.62498982747394,5783.58,116.79962828816085,224.77670870382596
2024-08-31 08:58:50+00:00,NAC810,25.64306744074417,-79.62325761903008,5791.200000000001,116.79962828816085,224.77670870382596
2024-08-31 08:58:51+00:00,NAC810,25.64222950046345,-79.62149566074584,5806.4400000000005,116.79962828816085,224.77670870382596
2024-08-31 08:58:52+00:00,NAC810,25.64131164550781,-79.619394938151,5814.06,116.79962828816085,224.77670870382596
2024-08-31 08:58:58+00:00,NAC810,25.636459350585938,-79.6087646484375,5867.400000000001,116.7984339169299,225.92703086660975
2024-08-31 08:59:15+00:00,NAC810,25.62034994868909,-79.57340456404776,6073.14,116.62275083482652,228.4560023109714
2024-08-31 08:59:20+00:00,NAC810,25.61572265625,-79.56334431966144,6126.4800000000005,116.73797553989088,228.68699436333455
2024-08-31 08:59:35+00:00,NAC810,25.6023342326536,-79.5339677918632,6278.88,116.73797553989088,228.68699436333455
2024-08-31 09:33:14+00:00,,23.47140554654396,-75.1953125,11277.6,117.95312090122776,246.9336558785852
2024-08-31 09:33:15+00:00,,23.470427949549787,-75.19337972005206,11277.6,117.95312090122776,246.9336558785852
2024-08-31 09:33:16+00:00,,23.4693603515625,-75.19112881747157,11277.6,117.95312090122776,246.9336558785852
2024-08-31 09:33:17+00:00,,23.46821594238281,-75.18883167613637,11277.6,117.95312090122776,246.9336558785852
2024-08-31 09:33:18+00:00,,23.46721584514036,-75.186767578125,11277.6,117.95312090122776,246.9336558785852
2024-08-31 09:33:19+00:00,,23.466052039194917,-75.18442789713538,11277.6,117.95312090122776,246.9336558785852
2024-08-31 09:33:21+00:00,,23.463912963867188,-75.18009255149144,11277.6,118.00917670801384,246.4793492945917
2024-08-31 09:33:22+00:00,,23.46302614373676,-75.17827351888019,11277.6,118.00917670801384,246.4793492945917
2024-08-31 09:33:23+00:00,,23.462001994504767,-75.17613728841144,11277.6,118.00917670801384,246.4793492945917
2024-08-31 09:33:24+00:00,,23.460983276367188,-75.17414994673294,11277.6,118.11465234919989,246.72135692806503
2024-08-31 09:33:25+00:00,,23.4600002482786,-75.172119140625,11277.6,118.11465234919989,246.72135692806503
2024-08-31 09:33:27+00:00,,23.4579053975768,-75.1678466796875,11277.6,118.11465234919989,246.72135692806503
2024-08-31 09:33:28+00:00,,23.456881248344807,-75.16571044921875,11277.6,118.11465234919989,246.72135692806503
2024-08-31 09:33:29+00:00,,23.45576477050781,-75.16351318359375,11285.22,118.11465234919989,246.72135692806503
2024-08-31 09:33:31+00:00,,23.453622591697563,-75.15914916992188,11277.6,118.11465234919989,246.72135692806503
2024-08-31 09:33:32+00:00,,23.452551890227756,-75.15701293945312,11277.6,118.11465234919989,246.72135692806503
2024-08-31 09:33:33+00:00,,23.45159912109375,-75.15497381036931,11277.6,118.11465234919989,246.72135692806503
2024-08-31 09:33:36+00:00,NAC810,23.448408741061968,-75.14851888020831,11277.6,118.11465234919989,246.72135692806503
2024-08-31 09:33:37+00:00,NAC810,23.447525024414062,-75.14668412642044,11285.22,118.11465234919989,246.72135692806503
2024-08-31 09:33:39+00:00,NAC810,23.44566215903072,-75.14297485351562,11277.6,118.11465234919989,246.72135692806503
2024-08-31 09:33:40+00:00,NAC810,23.44477844238281,-75.14119096235794,11277.6,118.11465234919989,246.72135692806503
2024-08-31 09:33:51+00:00,NAC810,23.43305969238281,-75.11742054332387,11277.6,118.17105416636024,246.26773335702296
2024-08-31 09:33:52+00:00,NAC810,23.4320068359375,-75.11527321555398,11277.6,118.17105416636024,246.26773335702296
2024-08-31 09:33:56+00:00,NAC810,23.427832651946503,-75.10691324869788,11277.6,118.17105416636024,246.26773335702296
2024-08-31 09:33:57+00:00,NAC810,23.42680850271451,-75.10477701822913,11285.22,118.17105416636024,246.26773335702296
2024-08-31 09:33:58+00:00,NAC810,23.425877457958155,-75.10284423828125,11277.6,118.11465234919989,246.72135692806503
2024-08-31 09:34:03+00:00,NAC810,23.42052395060911,-75.09206136067709,11277.6,118.11465234919989,246.72135692806503
2024-08-31 09:34:04+00:00,NAC810,23.419418334960938,-75.089804909446,11277.6,118.11465234919989,246.72135692806503
2024-08-31 09:34:05+00:00,NAC810,23.418365478515625,-75.08770751953125,11277.6,118.17105416636024,246.26773335702296
2024-08-31 09:34:06+00:00,NAC810,23.4173583984375,-75.08556019176137,11277.6,118.17105416636024,246.26773335702296
2024-08-31 09:34:07+00:00,NAC810,23.41633424920551,-75.08356730143225,11277.6,118.17105416636024,246.26773335702296
2024-08-31 09:34:08+00:00,NAC810,23.41531009997352,-75.0814310709635,11277.6,118.11465234919989,246.72135692806503
2024-08-31 09:34:09+00:00,NAC810,23.414291381835938,-75.07941783558238,11277.6,118.11465234919989,246.72135692806503
2024-08-31 09:34:10+00:00,NAC810,23.41330835374735,-75.07741292317706,11277.6,118.11465234919989,246.72135692806503
2024-08-31 09:34:11+00:00,NAC810,23.412144547801905,-75.0750732421875,11277.6,118.11465234919989,246.72135692806503
2024-08-31 09:34:12+00:00,NAC810,23.411041259765625,-75.07282603870738,11277.6,118.11465234919989,246.72135692806503
2024-08-31 09:34:13+00:00,NAC810,23.409956592624468,-75.07059733072913,11277.6,118.11465234919989,246.72135692806503
2024-08-31 09:34:14+00:00,NAC810,23.409025547868115,-75.06866455078125,11277.6,118.11465234919989,246.72135692806503
2024-08-31 09:34:15+00:00,NAC810,23.407954846398304,-75.06657918294269,11277.6,118.11465234919989,246.72135692806503
2024-08-31 09:34:16+00:00,NAC810,23.406930697166317,-75.06444295247394,11277.6,118.11465234919989,246.72135692806503
2024-08-31 09:34:17+00:00,NAC810,23.405914306640625,-75.06243896484375,11277.6,118.11465234919989,246.72135692806503
2024-08-31 09:34:18+00:00,NAC810,23.404861450195312,-75.06029163707387,11277.6,118.11465234919989,246.72135692806503
2024-08-31 09:34:19+00:00,NAC810,23.403253070378707,-75.0570170084635,11277.6,118.11465234919989,246.72135692806503
2024-08-31 09:34:20+00:00,NAC810,23.402801513671875,-75.05604691938919,11277.6,118.11465234919989,246.72135692806503
2024-08-31 09:34:21+00:00,NAC810,23.40174865722656,-75.05389959161931,11277.6,118.00917670801384,246.4793492945917
2024-08-31 09:34:22+00:00,NAC810,23.400604248046875,-75.05160245028407,11277.6,118.00917670801384,246.4793492945917
2024-08-31 09:34:23+00:00,NAC810,23.399459838867188,-75.04925537109375,11277.6,118.00917670801384,246.4793492945917
2024-08-31 09:34:24+00:00,NAC810,23.39836508540784,-75.0469970703125,11277.6,118.00917670801384,246.4793492945917
2024-08-31 09:34:25+00:00,NAC810,23.39717102050781,-75.04456121271306,11277.6,118.00917670801384,246.4793492945917
2024-08-31 09:34:26+00:00,NAC810,23.396209716796875,-75.04266357421875,11277.6,118.00917670801384,246.4793492945917
2024-08-31 09:34:27+00:00,NAC810,23.39515686035156,-75.04051624644887,11285.22,118.00917670801384,246.4793492945917
2024-08-31 09:34:28+00:00,NAC810,23.3940822795286,-75.03829956054688,11277.6,118.00917670801384,246.4793492945917
2024-08-31 09:34:31+00:00,NAC810,23.39080810546875,-75.0315773703835,11285.22,117.95312090122776,246.9336558785852
2024-08-31 09:34:32+00:00,NAC810,23.389663696289062,-75.02923029119319,11285.22,117.95312090122776,246.9336558785852
2024-08-31 09:34:35+00:00,NAC810,23.38632202148437,-75.02243874289769,11285.22,118.00917670801384,246.4793492945917
2024-08-31 09:34:37+00:00,NAC810,23.385330458818856,-75.02044677734375,11277.6,118.00917670801384,246.4793492945917
2024-08-31 09:34:39+00:00,NAC810,23.383071899414062,-75.01584694602269,11277.6,118.00917670801384,246.4793492945917
2024-08-31 09:34:40+00:00,NAC810,23.38197869769597,-75.01363118489581,11277.6,118.00917670801384,246.4793492945917
2024-08-31 09:34:43+00:00,NAC810,23.37885969776218,-75.00722249348956,11277.6,118.11465234919989,246.72135692806503
2024-08-31 09:34:44+00:00,NAC810,23.377761840820312,-75.00501043146306,11277.6,118.11465234919989,246.72135692806503
2024-08-31 09:34:45+00:00,NAC810,23.37676484706038,-75.00300089518225,11277.6,118.11465234919989,246.72135692806503
2024-08-31 09:34:46+00:00,NAC810,23.374832153320312,-74.9990678267045,11277.6,118.11465234919989,246.72135692806503
2024-08-31 09:34:48+00:00,NAC810,23.373779296875,-74.99692049893463,11277.6,118.11465234919989,246.72135692806503
2024-08-31 09:34:49+00:00,NAC810,23.37276135460805,-74.99491373697913,11277.6,118.11465234919989,246.72135692806503
2024-08-31 09:34:50+00:00,NAC810,23.3708061606197,-74.99089558919269,11277.6,118.11465234919989,246.72135692806503
2024-08-31 09:34:51+00:00,NAC810,23.369735459149894,-74.98875935872394,11277.6,118.11465234919989,246.72135692806503
2024-08-31 09:34:52+00:00,NAC810,23.368804414393537,-74.986826578776,11277.6,118.11465234919989,246.72135692806503
2024-08-31 09:34:53+00:00,NAC810,23.36764060844809,-74.98448689778644,11277.6,118.11465234919989,246.72135692806503
2024-08-31 09:34:55+00:00,NAC810,23.36647680250265,-74.98214721679688,11277.6,118.11465234919989,246.72135692806503
2024-08-31 09:34:56+00:00,NAC810,23.365402221679688,-74.979941628196,11277.6,118.11465234919989,246.72135692806503
2024-08-31 09:34:57+00:00,NAC810,23.364381951800848,-74.97792561848956,11277.6,118.11465234919989,246.72135692806503
2024-08-31 09:34:58+00:00,NAC810,23.36224365234375,-74.97354958274144,11277.6,118.11465234919989,246.72135692806503
2024-08-31 09:34:59+00:00,NAC810,23.361328125,-74.97165194424713,11277.6,118.11465234919989,246.72135692806503
2024-08-31 09:35:00+00:00,NAC810,23.360366821289062,-74.96975430575282,11277.6,118.11465234919989,246.72135692806503
2024-08-31 09:35:01+00:00,NAC810,23.35935431011653,-74.96770222981769,11277.6,118.11465234919989,246.72135692806503
2024-08-31 09:35:02+00:00,NAC810,23.35833016088453,-74.96561686197913,11285.22,118.11465234919989,246.72135692806503
2024-08-31 09:35:03+00:00,NAC810,23.357259459414724,-74.96348063151038,11277.6,118.11465234919989,246.72135692806503
2024-08-31 09:35:04+00:00,NAC810,23.35629272460937,-74.96146462180394,11277.6,118.11465234919989,246.72135692806503
2024-08-31 09:35:05+00:00,NAC810,23.355071504237287,-74.95900472005206,11277.6,118.11465234919989,246.72135692806503
2024-08-31 09:35:09+00:00,NAC810,23.35176086425781,-74.95232599431819,11277.6,118.11465234919989,246.72135692806503
2024-08-31 09:35:10+00:00,NAC810,23.34979248046875,-74.94828102805394,11277.6,118.11465234919989,246.72135692806503
2024-08-31 09:35:12+00:00,NAC810,23.34869384765625,-74.94603474934894,11277.6,118.11465234919989,246.72135692806503
2024-08-31 09:35:13+00:00,NAC810,23.3477783203125,-74.94423606178975,11277.6,118.11465234919989,246.72135692806503
2024-08-31 09:35:14+00:00,NAC810,23.34571450443591,-74.94013468424475,11277.6,118.11465234919989,246.72135692806503
2024-08-31 09:35:15+00:00,NAC810,23.34469035520392,-74.937998453776,11277.6,118.11465234919989,246.72135692806503
2024-08-31 09:35:16+00:00,NAC810,23.34356689453125,-74.93574662642044,11277.6,118.11465234919989,246.72135692806503
2024-08-31 09:35:18+00:00,NAC810,23.342514038085938,-74.93364923650569,11277.6,118.21992091626286,246.96419903586084
2024-08-31 09:35:19+00:00,NAC810,23.34133859408104,-74.93118286132812,11277.6,118.21992091626286,246.96419903586084
2024-08-31 09:35:20+00:00,NAC810,23.34022521972656,-74.928955078125,11277.6,118.21992091626286,246.96419903586084
2024-08-31 09:35:21+00:00,NAC810,23.338211059570312,-74.92491011186075,11277.6,118.21992091626286,246.96419903586084
2024-08-31 09:35:22+00:00,NAC810,23.337066650390625,-74.92261297052556,11277.6,118.21992091626286,246.96419903586084
2024-08-31 09:35:24+00:00,NAC810,23.336105346679688,-74.92066539417613,11277.6,118.21992091626286,246.96419903586084
2024-08-31 09:35:26+00:00,NAC810,23.33384368379237,-74.91612752278644,11277.6,118.21992091626286,246.96419903586084
2024-08-31 09:35:27+00:00,NAC810,23.33285522460937,-74.91412353515625,11277.6,118.21992091626286,246.96419903586084
2024-08-31 09:35:28+00:00,NAC810,23.331710815429688,-74.91177645596588,11277.6,118.21992091626286,246.96419903586084
2024-08-31 09:35:29+00:00,NAC810,23.33056640625,-74.90942937677556,11277.6,118.21992091626286,246.96419903586084
2024-08-31 09:35:30+00:00,NAC810,23.32956087791313,-74.90743001302081,11277.6,118.21992091626286,246.96419903586084
2024-08-31 09:35:31+00:00,NAC810,23.328643798828125,-74.90558416193181,11277.6,118.21992091626286,246.96419903586084
2024-08-31 09:35:32+00:00,NAC810,23.32759094238281,-74.903486772017,11277.6,118.21992091626286,246.96419903586084
2024-08-31 09:35:33+00:00,NAC810,23.32562255859375,-74.89944180575282,11277.6,118.21992091626286,246.96419903586084
2024-08-31 09:35:36+00:00,NAC810,23.323516845703125,-74.89519708806819,11277.6,118.21992091626286,246.96419903586084
2024-08-31 09:35:37+00:00,NAC810,23.32246398925781,-74.89309969815338,11277.6,118.21992091626286,246.96419903586084
2024-08-31 09:35:38+00:00,NAC810,23.3213676840572,-74.89084879557288,11277.6,118.21992091626286,246.96419903586084
2024-08-31 09:35:39+00:00,NAC810,23.3192138671875,-74.88650790127838,11277.6,118.21992091626286,246.96419903586084
2024-08-31 09:35:40+00:00,NAC810,23.318161010742188,-74.8843605735085,11277.6,118.11465234919989,246.72135692806503
2024-08-31 09:35:41+00:00,NAC810,23.3171779826536,-74.88235473632812,11277.6,118.11465234919989,246.72135692806503
2024-08-31 09:35:43+00:00,NAC810,23.316014176708155,-74.8800150553385,11277.6,118.11465234919989,246.72135692806503
2024-08-31 09:35:44+00:00,NAC810,23.314910888671875,-74.8777687766335,11277.6,118.11465234919989,246.72135692806503
2024-08-31 09:35:45+00:00,NAC810,23.313081385725635,-74.87406412760413,11277.6,118.11465234919989,246.72135692806503
2024-08-31 09:35:47+00:00,NAC810,23.311248779296875,-74.87032803622157,11277.6,118.11465234919989,246.72135692806503
2024-08-31 09:35:50+00:00,NAC810,23.308090209960938,-74.86398592862213,11277.6,118.11465234919989,246.72135692806503
2024-08-31 09:35:51+00:00,NAC810,23.307076147047137,-74.86195882161456,11277.6,118.11465234919989,246.72135692806503
2024-08-31 09:35:56+00:00,NAC810,23.301629535222457,-74.85092163085938,11277.6,118.11465234919989,246.72135692806503
2024-08-31 09:35:59+00:00,NAC810,23.2986036397643,-74.84471638997394,11285.22,118.21992091626286,246.96419903586084
2024-08-31 09:36:00+00:00,NAC810,23.29753293829449,-74.84263102213538,11285.22,118.16358826975396,247.4176153435775
2024-08-31 09:36:01+00:00,NAC810,23.296417236328125,-74.84036532315338,11285.22,118.16358826975396,247.4176153435775
2024-08-31 09:36:02+00:00,NAC810,23.29550170898437,-74.83846768465907,11285.22,118.16358826975396,247.4176153435775
2024-08-31 09:36:03+00:00,NAC810,23.29454040527344,-74.83657004616475,11285.22,118.16358826975396,247.4176153435775
2024-08-31 09:36:04+00:00,NAC810,23.29339599609375,-74.83422296697444,11285.22,118.16358826975396,247.4176153435775
2024-08-31 09:36:05+00:00,NAC810,23.29234313964844,-74.8320756392045,11285.22,118.16358826975396,247.4176153435775
2024-08-31 09:36:07+00:00,NAC810,23.290317341432733,-74.82793172200519,11285.22,118.05845760716343,247.17521870386577
2024-08-31 09:36:09+00:00,NAC810,23.288131713867188,-74.82358620383519,11277.6,118.16358826975396,247.4176153435775
2024-08-31 09:36:13+00:00,NAC810,23.28389313261388,-74.81496175130206,11277.6,118.16358826975396,247.4176153435775
2024-08-31 09:36:39+00:00,NAC810,23.25718688964844,-74.76111394708808,11277.6,118.21992091626286,246.96419903586084
2024-08-31 09:36:41+00:00,NAC810,23.254891088453387,-74.75652058919269,11277.6,118.21992091626286,246.96419903586084
2024-08-31 09:36:43+00:00,NAC810,23.25270313327595,-74.75209554036456,11277.6,118.21992091626286,246.96419903586084
2024-08-31 09:36:44+00:00,NAC810,23.25153932733051,-74.749755859375,11277.6,118.21992091626286,246.96419903586084
2024-08-31 09:36:46+00:00,NAC810,23.24940490722656,-74.74538352272725,11285.22,118.21992091626286,246.96419903586084
2024-08-31 09:36:47+00:00,NAC810,23.24828067068326,-74.74314371744788,11285.22,118.21992091626286,246.96419903586084
2024-08-31 09:36:48+00:00,NAC810,23.24716186523437,-74.74093905362213,11277.6,118.21992091626286,246.96419903586084
2024-08-31 09:36:49+00:00,NAC810,23.246109008789062,-74.73879172585225,11285.22,118.21992091626286,246.96419903586084
2024-08-31 09:36:50+00:00,NAC810,23.24511511851165,-74.73678588867188,11285.22,118.21992091626286,246.96419903586084
2024-08-31 09:36:51+00:00,NAC810,23.24400329589844,-74.73454700816762,11285.22,118.21992091626286,246.96419903586084
2024-08-31 09:36:52+00:00,NAC810,23.242927163334212,-74.73236083984375,11285.22,118.21992091626286,246.96419903586084
2024-08-31 09:36:53+00:00,NAC810,23.24189758300781,-74.73030229048294,11285.22,118.21992091626286,246.96419903586084
2024-08-31 09:36:57+00:00,NAC810,23.2379150390625,-74.72226229580963,11285.22,118.21992091626286,246.96419903586084
2024-08-31 09:36:58+00:00,NAC810,23.23695373535156,-74.72036465731532,11285.22,118.21992091626286,246.96419903586084
2024-08-31 09:36:59+00:00,NAC810,23.23590087890625,-74.71821732954544,11285.22,118.21992091626286,246.96419903586084
2024-08-31 09:37:00+00:00,NAC810,23.234848022460938,-74.71611993963069,11285.22,118.21992091626286,246.96419903586084
2024-08-31 09:37:01+00:00,NAC810,23.23333740234375,-74.71303304036456,11285.22,118.21992091626286,246.96419903586084
2024-08-31 09:37:02+00:00,NAC810,23.232101440429688,-74.71057683771306,11285.22,118.21992091626286,246.96419903586084
2024-08-31 09:37:03+00:00,NAC810,23.231597900390625,-74.70952814275569,11285.22,118.21992091626286,246.96419903586084
2024-08-31 09:37:04+00:00,NAC810,23.230497715836865,-74.707285563151,11285.22,118.21992091626286,246.96419903586084
2024-08-31 09:37:05+00:00,NAC810,23.2294921875,-74.705283425071,11285.22,118.21992091626286,246.96419903586084
2024-08-31 09:37:06+00:00,NAC810,23.228495969610695,-74.70326741536456,11285.22,118.21992091626286,246.96419903586084
2024-08-31 09:37:07+00:00,NAC810,23.226913193524894,-74.70006306966144,11277.6,118.21992091626286,246.96419903586084
2024-08-31 09:37:08+00:00,NAC810,23.22592163085937,-74.6980424360795,11285.22,118.21992091626286,246.96419903586084
2024-08-31 09:37:09+00:00,NAC810,23.22496032714844,-74.69614479758519,11285.22,118.21992091626286,246.96419903586084
2024-08-31 09:37:10+00:00,NAC810,23.223907470703125,-74.69399746981532,11277.6,118.21992091626286,246.96419903586084
2024-08-31 09:37:11+00:00,NAC810,23.22230529785156,-74.69085138494319,11277.6,118.21992091626286,246.96419903586084
2024-08-31 09:37:13+00:00,NAC810,23.220748901367188,-74.68765536221588,11277.6,118.21992091626286,246.96419903586084
2024-08-31 09:37:14+00:00,NAC810,23.219511387711865,-74.68521118164062,11285.22,118.21992091626286,246.96419903586084
2024-08-31 09:37:15+00:00,NAC810,23.218414306640625,-74.68296120383519,11285.22,118.21992091626286,246.96419903586084
2024-08-31 09:37:16+00:00,NAC810,23.217361450195312,-74.68086381392044,11277.6,118.32498230981123,247.20787315876728
2024-08-31 09:37:17+00:00,NAC810,23.21676480568061,-74.67966715494788,11277.6,118.32498230981123,247.20787315876728
2024-08-31 09:37:18+00:00,NAC810,23.215347290039062,-74.67681884765625,11277.6,118.32498230981123,247.20787315876728
2024-08-31 09:37:19+00:00,NAC810,23.21429443359375,-74.67472145774144,11277.6,118.32498230981123,247.20787315876728
2024-08-31 09:37:20+00:00,NAC810,23.21324157714844,-74.67257412997157,11277.6,118.32498230981123,247.20787315876728
2024-08-31 09:37:21+00:00,NAC810,23.21234234308792,-74.67076619466144,11277.6,118.32498230981123,247.20787315876728
2024-08-31 09:37:22+00:00,NAC810,23.211830268471928,-74.66969807942706,11277.6,118.32498230981123,247.20787315876728
2024-08-31 09:37:23+00:00,NAC810,23.210723876953125,-74.66748046875,11277.6,118.32498230981123,247.20787315876728
2024-08-31 09:37:25+00:00,NAC810,23.20857161182468,-74.66313680013019,11277.6,118.32498230981123,247.20787315876728
2024-08-31 09:37:26+00:00,NAC810,23.20750091035487,-74.66100056966144,11277.6,118.32498230981123,247.20787315876728
2024-08-31 09:37:27+00:00,NAC810,23.206283569335938,-74.65854159268463,11277.6,118.32498230981123,247.20787315876728
2024-08-31 09:37:28+00:00,NAC810,23.20475432832362,-74.65550740559894,11277.6,118.32498230981123,247.20787315876728
2024-08-31 09:37:29+00:00,NAC810,23.204242253707623,-74.65443929036456,11277.6,118.32498230981123,247.20787315876728
2024-08-31 09:37:30+00:00,NAC810,23.202519820908368,-74.65103149414062,11277.6,118.32498230981123,247.20787315876728
2024-08-31 09:37:31+00:00,NAC810,23.20200774629237,-74.64996337890625,11277.6,118.32498230981123,247.20787315876728
2024-08-31 09:37:32+00:00,NAC810,23.201076701536017,-74.6480814615885,11277.6,118.32498230981123,247.20787315876728
2024-08-31 09:37:33+00:00,NAC810,23.199966430664062,-74.64580743963069,11277.6,118.32498230981123,247.20787315876728
2024-08-31 09:37:34+00:00,NAC810,23.198776245117188,-74.64351029829544,11277.6,118.32498230981123,247.20787315876728
2024-08-31 09:37:35+00:00,NAC810,23.19777149265095,-74.64146931966144,11277.6,118.32498230981123,247.20787315876728
2024-08-31 09:37:36+00:00,NAC810,23.196654238943324,-74.63918050130206,11277.6,118.32498230981123,247.20787315876728
2024-08-31 09:37:37+00:00,NAC810,23.19549043299788,-74.6368408203125,11277.6,118.32498230981123,247.20787315876728
2024-08-31 09:37:38+00:00,NAC810,23.19447326660156,-74.63482111150569,11277.6,118.32498230981123,247.20787315876728
2024-08-31 09:37:39+00:00,NAC810,23.19358179124735,-74.63302612304688,11277.6,118.32498230981123,247.20787315876728
2024-08-31 09:37:40+00:00,NAC810,23.19251108977754,-74.63088989257812,11277.6,118.32498230981123,247.20787315876728
2024-08-31 09:37:41+00:00,NAC810,23.19149780273437,-74.62887850674713,11277.6,118.32498230981123,247.20787315876728
2024-08-31 09:37:42+00:00,NAC810,23.190509343551376,-74.62687174479163,11277.6,118.32498230981123,247.20787315876728
2024-08-31 09:37:43+00:00,NAC810,23.18957829879502,-74.62493896484375,11277.6,118.32498230981123,247.20787315876728
2024-08-31 09:37:44+00:00,NAC810,23.18841449284957,-74.62259928385413,11277.6,118.32498230981123,247.20787315876728
2024-08-31 09:37:45+00:00,NAC810,23.187343791379767,-74.62051391601562,11285.22,118.21992091626286,246.96419903586084
2024-08-31 09:37:46+00:00,NAC810,23.18623352050781,-74.61824174360794,11285.22,118.21992091626286,246.96419903586084
2024-08-31 09:37:47+00:00,NAC810,23.185248940677965,-74.61624145507812,11277.6,118.21992091626286,246.96419903586084
2024-08-31 09:37:48+00:00,NAC810,23.18408513473252,-74.6139017740885,11277.6,118.21992091626286,246.96419903586084
2024-08-31 09:37:49+00:00,NAC810,23.18306098550053,-74.61176554361975,11277.6,118.21992091626286,246.96419903586084
2024-08-31 09:37:50+00:00,NAC810,23.18206787109375,-74.60975230823863,11277.6,118.21992091626286,246.96419903586084
2024-08-31 09:37:51+00:00,NAC810,23.180877685546875,-74.60745516690338,11285.22,118.16358826975396,247.4176153435775
2024-08-31 09:37:52+00:00,NAC810,23.179802328853285,-74.60520426432288,11277.6,118.16358826975396,247.4176153435775
2024-08-31 09:37:53+00:00,NAC810,23.17882473185911,-74.603271484375,11277.6,118.21992091626286,246.96419903586084
2024-08-31 09:37:54+00:00,NAC810,23.177536010742188,-74.60061368075282,11277.6,118.21992091626286,246.96419903586084
2024-08-31 09:37:55+00:00,NAC810,23.17654367220604,-74.598642985026,11277.6,118.21992091626286,246.96419903586084
2024-08-31 09:37:56+00:00,NAC810,23.175201416015625,-74.59596946022725,11277.6,118.21992091626286,246.96419903586084
2024-08-31 09:37:57+00:00,NAC810,23.174148559570312,-74.5938720703125,11277.6,118.21992091626286,246.96419903586084
2024-08-31 09:37:58+00:00,NAC810,23.173507690429688,-74.5925736860795,11277.6,118.21992091626286,246.96419903586084
2024-08-31 09:37:59+00:00,NAC810,23.17245483398437,-74.59042635830963,11277.6,118.21992091626286,246.96419903586084
2024-08-31 09:38:00+00:00,NAC810,23.17137637380826,-74.58821614583331,11277.6,118.21992091626286,246.96419903586084
2024-08-31 09:38:01+00:00,NAC810,23.17025756835937,-74.5859818892045,11277.6,118.21992091626286,246.96419903586084
2024-08-31 09:38:02+00:00,NAC810,23.16914186639301,-74.58379109700519,11277.6,118.21992091626286,246.96419903586084
2024-08-31 09:38:03+00:00,NAC810,23.167978060447563,-74.58145141601562,11277.6,118.32498230981123,247.20787315876728
2024-08-31 09:38:04+00:00,NAC810,23.16645812988281,-74.57834139737213,11277.6,118.32498230981123,247.20787315876728
2024-08-31 09:38:05+00:00,NAC810,23.16590881347656,-74.57729270241475,11277.6,118.32498230981123,247.20787315876728
2024-08-31 09:38:06+00:00,NAC810,23.16485595703125,-74.5751953125,11277.6,118.32498230981123,247.20787315876728
2024-08-31 09:38:07+00:00,NAC810,23.163894653320312,-74.57329767400569,11277.6,118.32498230981123,247.20787315876728
2024-08-31 09:38:08+00:00,NAC810,23.162750244140625,-74.57095059481532,11277.6,118.32498230981123,247.20787315876728
2024-08-31 09:38:09+00:00,NAC810,23.16183316505561,-74.56914265950519,11277.6,118.32498230981123,247.20787315876728
2024-08-31 09:38:10+00:00,NAC810,23.160250388969807,-74.56598917643225,11277.6,118.32498230981123,247.20787315876728
2024-08-31 09:38:11+00:00,NAC810,23.15927124023437,-74.56395929509944,11277.6,118.32498230981123,247.20787315876728
2024-08-31 09:38:13+00:00,NAC810,23.15757751464844,-74.56056352095169,11277.6,118.32498230981123,247.20787315876728
2024-08-31 09:38:14+00:00,NAC810,23.15606689453125,-74.5576171875,11277.6,118.32498230981123,247.20787315876728
2024-08-31 09:38:15+00:00,NAC810,23.1549899860964,-74.55535888671875,11285.22,118.32498230981123,247.20787315876728
2024-08-31 09:38:16+00:00,NAC810,23.153961181640625,-74.55337246981532,11285.22,118.32498230981123,247.20787315876728
2024-08-31 09:38:17+00:00,NAC810,23.15345764160156,-74.55232377485794,11285.22,118.32498230981123,247.20787315876728
2024-08-31 09:38:18+00:00,NAC810,23.152336508540785,-74.55006917317706,11285.22,118.32498230981123,247.20787315876728
2024-08-31 09:38:19+00:00,NAC810,23.15126580707097,-74.54793294270831,11285.22,118.32498230981123,247.20787315876728
2024-08-31 09:38:20+00:00,NAC810,23.150148553363348,-74.54564412434894,11285.22,118.21992091626286,246.96419903586084
2024-08-31 09:38:21+00:00,NAC810,23.14856577727754,-74.54243977864581,11285.22,118.21992091626286,246.96419903586084
2024-08-31 09:38:22+00:00,NAC810,23.14755249023437,-74.54043856534088,11285.22,118.21992091626286,246.96419903586084
2024-08-31 09:38:23+00:00,NAC810,23.14698300119173,-74.53928629557288,11285.22,118.21992091626286,246.96419903586084
2024-08-31 09:38:24+00:00,NAC810,23.146564031051376,-74.53842163085938,11285.22,118.21992091626286,246.96419903586084
2024-08-31 09:38:25+00:00,NAC810,23.1448974609375,-74.53514515269887,11285.22,118.21992091626286,246.96419903586084
2024-08-31 09:38:26+00:00,NAC810,23.1434915833554,-74.53226725260413,11285.22,118.21992091626286,246.96419903586084
2024-08-31 09:38:27+00:00,NAC810,23.14228820800781,-74.52985174005681,11285.22,118.21992091626286,246.96419903586084
2024-08-31 09:38:28+00:00,NAC810,23.1412353515625,-74.52770441228694,11277.6,118.21992091626286,246.96419903586084
2024-08-31 09:38:29+00:00,NAC810,23.140594482421875,-74.52645596590907,11277.6,118.21992091626286,246.96419903586084
2024-08-31 09:38:30+00:00,NAC810,23.139581195378707,-74.52443440755206,11285.22,118.21992091626286,246.96419903586084
2024-08-31 09:38:31+00:00,NAC810,23.13865015062235,-74.52250162760413,11277.6,118.21992091626286,246.96419903586084
2024-08-31 09:38:32+00:00,NAC810,23.137067374536542,-74.51934814453125,11277.6,118.21992091626286,246.96419903586084
2024-08-31 09:38:33+00:00,NAC810,23.136062622070312,-74.51731733842325,11285.22,118.21992091626286,246.96419903586084
2024-08-31 09:38:34+00:00,NAC810,23.135421752929688,-74.51606889204544,11277.6,118.21992091626286,246.96419903586084
2024-08-31 09:38:35+00:00,NAC810,23.134553553694385,-74.51426188151038,11277.6,118.21992091626286,246.96419903586084
2024-08-31 09:38:36+00:00,NAC810,23.13338974774894,-74.51192220052081,11277.6,118.21992091626286,246.96419903586084
2024-08-31 09:38:37+00:00,NAC810,23.132412150754767,-74.51004028320312,11277.6,118.21992091626286,246.96419903586084
2024-08-31 09:38:38+00:00,NAC810,23.13121032714844,-74.50757945667613,11277.6,118.21992091626286,246.96419903586084
2024-08-31 09:38:39+00:00,NAC810,23.13006591796875,-74.50523237748575,11277.6,118.21992091626286,246.96419903586084
2024-08-31 09:38:40+00:00,NAC810,23.12896728515625,-74.50302124023438,11285.22,118.21992091626286,246.96419903586084
2024-08-31 09:38:41+00:00,NAC810,23.127803479210804,-74.50068155924475,11277.6,118.21992091626286,246.96419903586084
2024-08-31 09:38:43+00:00,NAC810,23.125762939453125,-74.496543190696,11277.6,118.21992091626286,246.96419903586084
2024-08-31 09:38:44+00:00,NAC810,23.12457275390625,-74.49424604936075,11277.6,118.21992091626286,246.96419903586084
2024-08-31 09:38:45+00:00,NAC810,23.123567225569385,-74.49223836263019,11277.6,118.21992091626286,246.96419903586084
2024-08-31 09:38:46+00:00,NAC810,23.123055150953387,-74.49117024739581,11277.6,118.21992091626286,246.96419903586084
2024-08-31 09:38:47+00:00,NAC810,23.121891345007946,-74.48883056640625,11277.6,118.21992091626286,246.96419903586084
2024-08-31 09:38:48+00:00,NAC810,23.120773315429688,-74.48660555752838,11277.6,118.21992091626286,246.96419903586084
2024-08-31 09:38:49+00:00,NAC810,23.11956373311705,-74.48415120442706,11277.6,118.21992091626286,246.96419903586084
2024-08-31 09:38:50+00:00,NAC810,23.118484497070312,-74.48191139914769,11277.6,118.21992091626286,246.96419903586084
2024-08-31 09:38:51+00:00,NAC810,23.117375777939618,-74.47972615559894,11277.6,118.32498230981123,247.20787315876728
2024-08-31 09:38:53+00:00,NAC810,23.115280927237816,-74.47550455729163,11277.6,118.32498230981123,247.20787315876728
2024-08-31 09:38:54+00:00,NAC810,23.11411712129237,-74.47316487630206,11277.6,118.32498230981123,247.20787315876728
2024-08-31 09:38:55+00:00,NAC810,23.112953315346928,-74.4708251953125,11277.6,118.21992091626286,246.96419903586084
2024-08-31 09:38:56+00:00,NAC810,23.11188261387712,-74.46868896484375,11277.6,118.21992091626286,246.96419903586084
2024-08-31 09:38:57+00:00,NAC810,23.110811912407307,-74.46660359700519,11277.6,118.21992091626286,246.96419903586084
2024-08-31 09:38:59+00:00,NAC810,23.10978776317532,-74.46446736653644,11277.6,118.21992091626286,246.96419903586084
2024-08-31 09:39:00+00:00,NAC810,23.10820498708951,-74.46126302083331,11277.6,118.21992091626286,246.96419903586084
2024-08-31 09:39:01+00:00,NAC810,23.106622211003707,-74.45810953776038,11277.6,118.21992091626286,246.96419903586084
2024-08-31 09:39:02+00:00,NAC810,23.105551509533896,-74.45597330729163,11277.6,118.27646073728025,246.51102233734773
2024-08-31 09:39:03+00:00,NAC810,23.104660034179688,-74.45419588955963,11277.6,118.27646073728025,246.51102233734773
2024-08-31 09:39:04+00:00,NAC810,23.10360717773437,-74.45209849964488,11277.6,118.27646073728025,246.51102233734773
2024-08-31 09:39:05+00:00,NAC810,23.102618718551376,-74.4500732421875,11277.6,118.27646073728025,246.51102233734773
2024-08-31 09:39:06+00:00,NAC810,23.1016411215572,-74.44814046223956,11277.6,118.27646073728025,246.51102233734773
2024-08-31 09:39:07+00:00,NAC810,23.10061697232521,-74.446055094401,11277.6,118.27646073728025,246.51102233734773
2024-08-31 09:39:08+00:00,NAC810,23.0995462708554,-74.44391886393225,11277.6,118.27646073728025,246.51102233734773
2024-08-31 09:39:09+00:00,NAC810,23.0980224609375,-74.44086248224431,11277.6,118.27646073728025,246.51102233734773
2024-08-31 09:39:10+00:00,NAC810,23.0974514201536,-74.439697265625,11277.6,118.27646073728025,246.51102233734773
2024-08-31 09:39:11+00:00,NAC810,23.096287614208155,-74.43735758463538,11277.6,118.27646073728025,246.51102233734773
2024-08-31 09:39:12+00:00,NAC810,23.09512380826271,-74.435068766276,11277.6,118.27646073728025,246.51102233734773
2024-08-31 09:39:13+00:00,NAC810,23.09419276350636,-74.43313598632812,11285.22,118.27646073728025,246.51102233734773
2024-08-31 09:39:14+00:00,NAC810,23.093170166015625,-74.43112460049713,11277.6,118.27646073728025,246.51102233734773
2024-08-31 09:39:15+00:00,NAC810,23.092025756835938,-74.42882745916194,11277.6,118.38165910042292,246.75514397892752
2024-08-31 09:39:17+00:00,NAC810,23.090103149414062,-74.42498224431819,11277.6,118.38165910042292,246.75514397892752
2024-08-31 09:39:18+00:00,NAC810,23.089118569584212,-74.42301432291663,11285.22,118.38165910042292,246.75514397892752
2024-08-31 09:39:19+00:00,NAC810,23.08758544921875,-74.41993852095169,11285.22,118.38165910042292,246.75514397892752
2024-08-31 09:39:20+00:00,NAC810,23.086395263671875,-74.41759144176137,11277.6,118.38165910042292,246.75514397892752
2024-08-31 09:39:21+00:00,NAC810,23.08539439055879,-74.41558837890625,11285.22,118.38165910042292,246.75514397892752
2024-08-31 09:39:22+00:00,NAC810,23.08478921146716,-74.414316813151,11285.22,118.38165910042292,246.75514397892752
2024-08-31 09:39:23+00:00,NAC810,23.08369445800781,-74.41209827769887,11285.22,118.38165910042292,246.75514397892752
2024-08-31 09:39:24+00:00,NAC810,23.082554704051905,-74.40989176432288,11285.22,118.27646073728025,246.51102233734773
2024-08-31 09:39:25+00:00,NAC810,23.081451416015625,-74.40765380859375,11277.6,118.38165910042292,246.75514397892752
2024-08-31 09:39:26+00:00,NAC810,23.08055295782574,-74.40587361653644,11285.22,118.38165910042292,246.75514397892752
2024-08-31 09:39:27+00:00,NAC810,23.07943725585937,-74.40365878018463,11285.22,118.27646073728025,246.51102233734773
2024-08-31 09:39:28+00:00,NAC810,23.077946032507946,-74.40058390299475,11285.22,118.27646073728025,246.51102233734773
2024-08-31 09:39:29+00:00,NAC810,23.077468872070312,-74.39961381392044,11277.6,118.27646073728025,246.51102233734773
2024-08-31 09:39:30+00:00,NAC810,23.07650756835937,-74.39771617542613,11277.6,118.27646073728025,246.51102233734773
2024-08-31 09:39:31+00:00,NAC810,23.075385659427965,-74.39549763997394,11285.22,118.27646073728025,246.51102233734773
2024-08-31 09:39:32+00:00,NAC810,23.07380288334216,-74.392344156901,11285.22,118.27646073728025,246.51102233734773
2024-08-31 09:39:33+00:00,NAC810,23.07270812988281,-74.39012562144887,11285.22,118.27646073728025,246.51102233734773
2024-08-31 09:39:34+00:00,NAC810,23.07220458984375,-74.38907692649144,11285.22,118.27646073728025,246.51102233734773
2024-08-31 09:39:35+00:00,NAC810,23.07096319683528,-74.38664754231769,11277.6,118.27646073728025,246.51102233734773
2024-08-31 09:39:36+00:00,NAC810,23.069869995117188,-74.38443270596588,11285.22,118.27646073728025,246.51102233734773
2024-08-31 09:39:37+00:00,NAC810,23.068868346133478,-74.38242594401038,11277.6,118.33320876707457,246.0580865719368
2024-08-31 09:39:38+00:00,NAC810,23.067855834960938,-74.38043767755681,11285.22,118.33320876707457,246.0580865719368
2024-08-31 09:39:39+00:00,NAC810,23.06671142578125,-74.37809059836644,11277.6,118.43854419067792,246.30265713893465
2024-08-31 09:39:40+00:00,NAC810,23.065702793961865,-74.37606811523438,11277.6,118.43854419067792,246.30265713893465
2024-08-31 09:39:41+00:00,NAC810,23.06463209249205,-74.37398274739581,11277.6,118.43854419067792,246.30265713893465
2024-08-31 09:39:42+00:00,NAC810,23.06346828654661,-74.37164306640625,11277.6,118.43854419067792,246.30265713893465
2024-08-31 09:39:43+00:00,NAC810,23.06245422363281,-74.36965110085225,11277.6,118.43854419067792,246.30265713893465
2024-08-31 09:39:44+00:00,NAC810,23.061309814453125,-74.36730402166194,11277.6,118.43854419067792,246.30265713893465
2024-08-31 09:39:45+00:00,NAC810,23.06016540527344,-74.36500688032669,11277.6,118.43854419067792,246.30265713893465
2024-08-31 09:39:46+00:00,NAC810,23.059138928429554,-74.36299641927081,11277.6,118.43854419067792,246.30265713893465
2024-08-31 09:39:48+00:00,NAC810,23.05718994140625,-74.35911421342325,11277.6,118.43854419067792,246.30265713893465
2024-08-31 09:39:49+00:00,NAC810,23.056206137447035,-74.35709635416663,11277.6,118.33320876707457,246.0580865719368
2024-08-31 09:39:50+00:00,NAC810,23.055221557617188,-74.35506924715907,11277.6,118.33320876707457,246.0580865719368
2024-08-31 09:39:51+00:00,NAC810,23.054204391220868,-74.35307820638019,11277.6,118.33320876707457,246.0580865719368
2024-08-31 09:39:52+00:00,NAC810,23.052528510659428,-74.34972127278644,11277.6,118.33320876707457,246.0580865719368
2024-08-31 09:39:53+00:00,NAC810,23.05196988380561,-74.34865315755206,11277.6,118.33320876707457,246.0580865719368
2024-08-31 09:39:54+00:00,NAC810,23.05094573457362,-74.3465677897135,11277.6,118.33320876707457,246.0580865719368
2024-08-31 09:39:55+00:00,NAC810,23.049875033103813,-74.34443155924475,11277.6,118.33320876707457,246.0580865719368
2024-08-31 09:39:56+00:00,NAC810,23.04876708984375,-74.34223521839488,11277.6,118.33320876707457,246.0580865719368
2024-08-31 09:39:57+00:00,NAC810,23.04771423339844,-74.34013782848012,11277.6,118.33320876707457,246.0580865719368
2024-08-31 09:39:58+00:00,NAC810,23.047128451072563,-74.33893839518225,11277.6,118.33320876707457,246.0580865719368
2024-08-31 09:39:59+00:00,NAC810,23.04554567498676,-74.33578491210938,11277.6,118.33320876707457,246.0580865719368
2024-08-31 09:40:00+00:00,NAC810,23.044940495895126,-74.33451334635413,11277.6,118.33320876707457,246.0580865719368
2024-08-31 09:40:01+00:00,NAC810,23.043502807617188,-74.33169833096588,11277.6,118.33320876707457,246.0580865719368
2024-08-31 09:40:02+00:00,NAC810,23.04219391386388,-74.32907104492188,11277.6,118.33320876707457,246.0580865719368
2024-08-31 09:40:03+00:00,NAC810,23.041168212890625,-74.32705411044032,11277.6,118.33320876707457,246.0580865719368
2024-08-31 09:40:04+00:00,NAC810,23.040756225585938,-74.32620516690338,11277.6,118.33320876707457,246.0580865719368
2024-08-31 09:40:05+00:00,NAC810,23.039447331832623,-74.32357788085938,11277.6,118.33320876707457,246.0580865719368
2024-08-31 09:40:06+00:00,NAC810,23.038190421411542,-74.32103474934894,11277.6,118.33320876707457,246.0580865719368
2024-08-31 09:40:07+00:00,NAC810,23.03711971994173,-74.31894938151038,11285.22,118.33320876707457,246.0580865719368
2024-08-31 09:40:08+00:00,NAC810,23.036041259765625,-74.31671697443181,11277.6,118.33320876707457,246.0580865719368
2024-08-31 09:40:09+00:00,NAC810,23.0349317647643,-74.31452433268225,11277.6,118.33320876707457,246.0580865719368
2024-08-31 09:40:10+00:00,NAC810,23.034419690148304,-74.31345621744788,11277.6,118.33320876707457,246.0580865719368
2024-08-31 09:40:11+00:00,NAC810,23.03329467773437,-74.31127374822444,11277.6,118.3901660459116,245.6053930725857
2024-08-31 09:40:12+00:00,NAC810,23.03218518273305,-74.30903116861975,11277.6,118.3901660459116,245.6053930725857
2024-08-31 09:40:13+00:00,NAC810,23.03111448126324,-74.30694580078125,11277.6,118.3901660459116,245.6053930725857
2024-08-31 09:40:14+00:00,NAC810,23.02953170517744,-74.30379231770831,11277.6,118.3901660459116,245.6053930725857
2024-08-31 09:40:15+00:00,NAC810,23.02860066042108,-74.30191040039062,11277.6,118.3901660459116,245.6053930725857
2024-08-31 09:40:16+00:00,NAC810,23.028088585805083,-74.30084228515625,11277.6,118.3901660459116,245.6053930725857
2024-08-31 09:40:17+00:00,NAC810,23.02701788433528,-74.2987060546875,11277.6,118.3901660459116,245.6053930725857
2024-08-31 09:40:18+00:00,NAC810,23.025924682617188,-74.29654208096588,11277.6,118.3901660459116,245.6053930725857
2024-08-31 09:40:19+00:00,NAC810,23.024504063493115,-74.29367065429688,11277.6,118.3901660459116,245.6053930725857
2024-08-31 09:40:20+00:00,NAC810,23.023433362023304,-74.29158528645831,11277.6,118.3901660459116,245.6053930725857
2024-08-31 09:40:21+00:00,NAC810,23.02226955607786,-74.28924560546875,11277.6,118.3901660459116,245.6053930725857
2024-08-31 09:40:22+00:00,NAC810,23.021757481461865,-74.28822835286456,11277.6,118.3901660459116,245.6053930725857
2024-08-31 09:40:23+00:00,NAC810,23.020248413085938,-74.28515625,11277.6,118.3901660459116,245.6053930725857
2024-08-31 09:40:24+00:00,NAC810,23.019195556640625,-74.28305886008519,11277.6,118.3901660459116,245.6053930725857
2024-08-31 09:40:25+00:00,NAC810,23.018142700195312,-74.28096147017044,11285.22,118.3901660459116,245.6053930725857
2024-08-31 09:40:26+00:00,NAC810,23.017009153204448,-74.27871704101562,11277.6,118.3901660459116,245.6053930725857
2024-08-31 09:40:27+00:00,NAC810,23.016036987304688,-74.27671675248575,11277.6,118.3901660459116,245.6053930725857
2024-08-31 09:40:28+00:00,NAC810,23.01548767089844,-74.27566805752838,11277.6,118.3901660459116,245.6053930725857
2024-08-31 09:40:29+00:00,NAC810,23.01434326171875,-74.27337091619319,11277.6,118.3901660459116,245.6053930725857
2024-08-31 09:40:30+00:00,NAC810,23.01329040527344,-74.27127352627838,11277.6,118.3901660459116,245.6053930725857
2024-08-31 09:40:31+00:00,NAC810,23.01230737718485,-74.26925659179688,11285.22,118.3901660459116,245.6053930725857
2024-08-31 09:40:32+00:00,NAC810,23.01081770557468,-74.26630655924475,11277.6,118.3901660459116,245.6053930725857
2024-08-31 09:40:33+00:00,NAC810,23.00958251953125,-74.26388272372157,11277.6,118.3901660459116,245.6053930725857
2024-08-31 09:40:34+00:00,NAC810,23.0086669921875,-74.26198508522725,11277.6,118.3901660459116,245.6053930725857
2024-08-31 09:40:35+00:00,NAC810,23.007614135742188,-74.2598876953125,11277.6,118.3901660459116,245.6053930725857
2024-08-31 09:40:36+00:00,NAC810,23.006561279296875,-74.25779030539769,11277.6,118.3901660459116,245.6053930725857
2024-08-31 09:40:37+00:00,NAC810,23.00592041015625,-74.25654185901988,11277.6,118.3901660459116,245.6053930725857
2024-08-31 09:40:38+00:00,NAC810,23.004318237304688,-74.25339577414769,11277.6,118.3901660459116,245.6053930725857
2024-08-31 09:40:39+00:00,NAC810,23.003322795286017,-74.25140380859375,11277.6,118.3901660459116,245.6053930725857
2024-08-31 09:40:40+00:00,NAC810,23.00239175052966,-74.24947102864581,11277.6,118.3901660459116,245.6053930725857
2024-08-31 09:40:41+00:00,NAC810,23.00174001920021,-74.24825032552081,11277.6,118.3901660459116,245.6053930725857
2024-08-31 09:40:42+00:00,NAC810,23.000157243114405,-74.24509684244788,11277.6,118.3901660459116,245.6053930725857
2024-08-31 09:40:43+00:00,NAC810,22.999282836914062,-74.24325838955963,11277.6,118.3901660459116,245.6053930725857
2024-08-31 09:40:44+00:00,NAC810,22.99871412374205,-74.24214680989581,11277.6,118.3901660459116,245.6053930725857
2024-08-31 09:40:45+00:00,NAC810,22.99717712402344,-74.23906360973012,11277.6,118.3901660459116,245.6053930725857
2024-08-31 09:40:46+00:00,NAC810,22.99653625488281,-74.23781516335225,11277.6,118.3901660459116,245.6053930725857
2024-08-31 09:40:47+00:00,NAC810,22.995391845703125,-74.235518022017,11277.6,118.3901660459116,245.6053930725857
2024-08-31 09:40:48+00:00,NAC810,22.994291661149365,-74.23329671223956,11277.6,118.3901660459116,245.6053930725857
2024-08-31 09:40:49+00:00,NAC810,22.99312785520392,-74.23095703125,11277.6,118.3901660459116,245.6053930725857
2024-08-31 09:40:50+00:00,NAC810,22.991964049258478,-74.22866821289062,11277.6,118.3901660459116,245.6053930725857
2024-08-31 09:40:51+00:00,NAC810,22.990951538085938,-74.22667902166194,11277.6,118.3901660459116,245.6053930725857
2024-08-31 09:40:52+00:00,NAC810,22.989898681640625,-74.22458163174713,11277.6,118.3901660459116,245.6053930725857
2024-08-31 09:40:53+00:00,NAC810,22.988845825195312,-74.22243430397725,11277.6,118.3901660459116,245.6053930725857
2024-08-31 09:40:54+00:00,NAC810,22.988296508789062,-74.22138560901988,11277.6,118.3901660459116,245.6053930725857
2024-08-31 09:40:55+00:00,NAC810,22.986648559570312,-74.21803977272725,11277.6,118.3901660459116,245.6053930725857
2024-08-31 09:40:56+00:00,NAC810,22.985539840439618,-74.21585083007812,11277.6,118.3901660459116,245.6053930725857
2024-08-31 09:40:57+00:00,NAC810,22.98431396484375,-74.21344549005681,11277.6,118.3901660459116,245.6053930725857
2024-08-31 09:40:58+00:00,NAC810,22.983673095703125,-74.21214710582387,11277.6,118.3901660459116,245.6053930725857
2024-08-31 09:40:59+00:00,NAC810,22.98262023925781,-74.21004971590907,11277.6,118.3901660459116,245.6053930725857
2024-08-31 09:41:00+00:00,NAC810,22.9815673828125,-74.20795232599431,11277.6,118.3901660459116,245.6053930725857
2024-08-31 09:41:01+00:00,NAC810,22.98042297363281,-74.20565518465907,11277.6,118.3901660459116,245.6053930725857
2024-08-31 09:41:02+00:00,NAC810,22.9793701171875,-74.20355779474431,11277.6,118.3901660459116,245.6053930725857
2024-08-31 09:41:03+00:00,NAC810,22.97827769134004,-74.20135498046875,11277.6,118.3901660459116,245.6053930725857
2024-08-31 09:41:04+00:00,NAC810,22.9771138853946,-74.19901529947913,11277.6,118.3901660459116,245.6053930725857
2024-08-31 09:41:05+00:00,NAC810,22.97618284063824,-74.19713338216144,11277.6,118.28448317924904,245.3612061132337
2024-08-31 09:41:06+00:00,NAC810,22.97511213916843,-74.19504801432288,11277.6,118.28448317924904,245.3612061132337
2024-08-31 09:41:07+00:00,NAC810,22.97408798993644,-74.19291178385413,11277.6,118.28448317924904,245.3612061132337
2024-08-31 09:41:08+00:00,NAC810,22.972924183990997,-74.19062296549475,11277.6,118.28448317924904,245.3612061132337
2024-08-31 09:41:09+00:00,NAC810,22.971853482521187,-74.18853759765625,11277.6,118.28448317924904,245.3612061132337
2024-08-31 09:41:10+00:00,NAC810,22.971405029296875,-74.18757768110794,11277.6,118.28448317924904,245.3612061132337
2024-08-31 09:41:11+00:00,NAC810,22.969940185546875,-74.18463134765625,11277.6,118.3901660459116,245.6053930725857
2024-08-31 09:41:12+00:00,NAC810,22.96882758706303,-74.18243408203125,11277.6,118.3901660459116,245.6053930725857
2024-08-31 09:41:13+00:00,NAC810,22.967926025390625,-74.18063631924713,11277.6,118.3901660459116,245.6053930725857
2024-08-31 09:41:14+00:00,NAC810,22.966406870696503,-74.17760213216144,11277.6,118.44733362008876,245.15294318138268
2024-08-31 09:41:15+00:00,NAC810,22.965408325195312,-74.17559259588069,11277.6,118.44733362008876,245.15294318138268
2024-08-31 09:41:16+00:00,NAC810,22.964824094610695,-74.1744486490885,11277.6,118.44733362008876,245.15294318138268
2024-08-31 09:41:17+00:00,NAC810,22.96380615234375,-74.1724465110085,11277.6,118.44733362008876,245.15294318138268
2024-08-31 09:41:18+00:00,NAC810,22.96282234838453,-74.17043050130206,11277.6,118.44733362008876,245.15294318138268
2024-08-31 09:41:19+00:00,NAC810,22.96160888671875,-74.1680519797585,11285.22,118.44733362008876,245.15294318138268
2024-08-31 09:41:20+00:00,NAC810,22.960464477539062,-74.16575483842325,11277.6,118.44733362008876,245.15294318138268
2024-08-31 09:41:21+00:00,NAC810,22.958999633789062,-74.16280850497157,11277.6,118.44733362008876,245.15294318138268
2024-08-31 09:41:22+00:00,NAC810,22.95839988579184,-74.161631266276,11277.6,118.44733362008876,245.15294318138268
2024-08-31 09:41:23+00:00,NAC810,22.9573974609375,-74.15966242009944,11277.6,118.44733362008876,245.15294318138268
2024-08-31 09:41:24+00:00,NAC810,22.95639813956568,-74.15766398111975,11277.6,118.44733362008876,245.15294318138268
2024-08-31 09:41:25+00:00,NAC810,22.95490846795551,-74.15471394856769,11277.6,118.44733362008876,245.15294318138268
2024-08-31 09:41:26+00:00,NAC810,22.95391845703125,-74.15272105823863,11277.6,118.44733362008876,245.15294318138268
2024-08-31 09:41:27+00:00,NAC810,22.952813617253707,-74.15054321289062,11277.6,118.44733362008876,245.15294318138268
2024-08-31 09:41:28+00:00,NAC810,22.951812744140625,-74.14852627840907,11277.6,118.55294342678114,245.398415839938
2024-08-31 09:41:29+00:00,NAC810,22.951230841167902,-74.14738972981769,11277.6,118.55294342678114,245.398415839938
2024-08-31 09:41:30+00:00,NAC810,22.94956970214844,-74.14413174715907,11277.6,118.55294342678114,245.398415839938
2024-08-31 09:41:31+00:00,NAC810,22.948974609375,-74.14288330078125,11277.6,118.55294342678114,245.398415839938
2024-08-31 09:41:32+00:00,NAC810,22.947921752929688,-74.14078591086644,11277.6,118.55294342678114,245.398415839938
2024-08-31 09:41:33+00:00,NAC810,22.946823120117188,-74.13868852095169,11277.6,118.55294342678114,245.398415839938
2024-08-31 09:41:34+00:00,NAC810,22.94531870696504,-74.13564046223956,11277.6,118.55294342678114,245.398415839938
2024-08-31 09:41:36+00:00,NAC810,22.943735930879235,-74.13248697916663,11277.6,118.55294342678114,245.398415839938
2024-08-31 09:41:37+00:00,NAC810,22.942703247070312,-74.13049871271306,11277.6,118.55294342678114,245.398415839938
2024-08-31 09:41:38+00:00,NAC810,22.94131521451271,-74.12770589192706,11277.6,118.55294342678114,245.398415839938
2024-08-31 09:41:39+00:00,NAC810,22.940185546875,-74.12545498934657,11277.6,118.55294342678114,245.398415839938
2024-08-31 09:41:40+00:00,NAC810,22.939080707097457,-74.12328084309894,11277.6,118.55294342678114,245.398415839938
2024-08-31 09:41:41+00:00,NAC810,22.938629150390625,-74.12230890447444,11277.6,118.55294342678114,245.398415839938
2024-08-31 09:41:42+00:00,NAC810,22.93743896484375,-74.12001176313919,11277.6,118.44733362008876,245.15294318138268
2024-08-31 09:41:43+00:00,NAC810,22.936935424804688,-74.11896306818181,11277.6,118.44733362008876,245.15294318138268
2024-08-31 09:41:44+00:00,NAC810,22.93517031912076,-74.11549886067706,11277.6,118.44733362008876,245.15294318138268
2024-08-31 09:41:45+00:00,NAC810,22.933639526367188,-74.112471147017,11277.6,118.44733362008876,245.15294318138268
2024-08-31 09:41:46+00:00,NAC810,22.932586669921875,-74.11037375710225,11277.6,118.44733362008876,245.15294318138268
2024-08-31 09:41:47+00:00,NAC810,22.932004766949152,-74.10924275716144,11277.6,118.44733362008876,245.15294318138268
2024-08-31 09:41:48+00:00,NAC810,22.93098061771716,-74.10715738932288,11277.6,118.44733362008876,245.15294318138268
2024-08-31 09:41:49+00:00,NAC810,22.92990991624735,-74.10502115885413,11277.6,118.44733362008876,245.15294318138268
2024-08-31 09:41:50+00:00,NAC810,22.92888576701536,-74.10293579101562,11277.6,118.44733362008876,245.15294318138268
2024-08-31 09:41:51+00:00,NAC810,22.927721961069917,-74.10064697265625,11277.6,118.44733362008876,245.15294318138268
2024-08-31 09:41:52+00:00,NAC810,22.926727294921875,-74.09863836115056,11277.6,118.44733362008876,245.15294318138268
2024-08-31 09:41:53+00:00,NAC810,22.92613918498411,-74.09749348958331,11277.6,118.44733362008876,245.15294318138268
2024-08-31 09:41:54+00:00,NAC810,22.92446330442267,-74.09413655598956,11285.22,118.44733362008876,245.15294318138268
2024-08-31 09:41:55+00:00,NAC810,22.923568725585938,-74.09234619140625,11285.22,118.44733362008876,245.15294318138268
2024-08-31 09:41:56+00:00,NAC810,22.922607421875,-74.09044855291194,11277.6,118.44733362008876,245.15294318138268
2024-08-31 09:41:57+00:00,NAC810,22.921463012695312,-74.08815141157669,11285.22,118.44733362008876,245.15294318138268
2024-08-31 09:41:58+00:00,NAC810,22.920040841829977,-74.0853373209635,11285.22,118.44733362008876,245.15294318138268
2024-08-31 09:41:59+00:00,NAC810,22.91954040527344,-74.08435613458806,11285.22,118.44733362008876,245.15294318138268
2024-08-31 09:42:00+00:00,NAC810,22.91845806574417,-74.08218383789062,11277.6,118.44733362008876,245.15294318138268
2024-08-31 09:42:01+00:00,NAC810,22.91734313964844,-74.07996160333806,11285.22,118.44733362008876,245.15294318138268
2024-08-31 09:42:02+00:00,NAC810,22.91622355832892,-74.0777587890625,11277.6,118.44733362008876,245.15294318138268
2024-08-31 09:42:03+00:00,NAC810,22.91468811035156,-74.07471812855113,11277.6,118.44733362008876,245.15294318138268
2024-08-31 09:42:04+00:00,NAC810,22.913543701171875,-74.07242098721588,11277.6,118.44733362008876,245.15294318138268
2024-08-31 09:42:05+00:00,NAC810,22.913058006157307,-74.07150268554688,11277.6,118.44733362008876,245.15294318138268
2024-08-31 09:42:06+00:00,NAC810,22.9119873046875,-74.06927490234375,11277.6,118.44733362008876,245.15294318138268
2024-08-31 09:42:07+00:00,NAC810,22.91102600097656,-74.06737726384944,11277.6,118.44733362008876,245.15294318138268
2024-08-31 09:42:08+00:00,NAC810,22.909744262695312,-74.06488037109375,11277.6,118.44733362008876,245.15294318138268
2024-08-31 09:42:09+00:00,NAC810,22.908775200278072,-74.06290690104163,11277.6,118.44733362008876,245.15294318138268
2024-08-31 09:42:10+00:00,NAC810,22.907455444335938,-74.06028608842325,11277.6,118.44733362008876,245.15294318138268
2024-08-31 09:42:11+00:00,NAC810,22.90704345703125,-74.05943714488637,11277.6,118.44733362008876,245.15294318138268
2024-08-31 09:42:12+00:00,NAC810,22.905532836914062,-74.05649081143463,11277.6,118.44733362008876,245.15294318138268
2024-08-31 09:42:13+00:00,NAC810,22.904632051112287,-74.05471801757812,11277.6,118.44733362008876,245.15294318138268
2024-08-31 09:42:14+00:00,NAC810,22.90365600585937,-74.052695534446,11277.6,118.44733362008876,245.15294318138268
2024-08-31 09:42:15+00:00,NAC810,22.902374267578125,-74.05019864169032,11277.6,118.44733362008876,245.15294318138268
2024-08-31 09:42:16+00:00,NAC810,22.90137339446504,-74.04820760091144,11277.6,118.44733362008876,245.15294318138268
2024-08-31 09:42:17+00:00,NAC810,22.90081787109375,-74.04705255681819,11277.6,118.44733362008876,245.15294318138268
2024-08-31 09:42:18+00:00,NAC810,22.899215698242188,-74.043906471946,11277.6,118.44733362008876,245.15294318138268
2024-08-31 09:42:19+00:00,NAC810,22.8981147378178,-74.04169718424475,11277.6,118.44733362008876,245.15294318138268
2024-08-31 09:42:20+00:00,NAC810,22.897018432617188,-74.039511940696,11277.6,118.44733362008876,245.15294318138268
2024-08-31 09:42:21+00:00,NAC810,22.89592678264036,-74.03732299804688,11277.6,118.44733362008876,245.15294318138268
2024-08-31 09:42:22+00:00,NAC810,22.894949185646187,-74.03539021809894,11277.6,118.44733362008876,245.15294318138268
2024-08-31 09:42:23+00:00,NAC810,22.8939250364142,-74.03330485026038,11277.6,118.44733362008876,245.15294318138268
2024-08-31 09:42:24+00:00,NAC810,22.892898559570312,-74.03132213245738,11277.6,118.44733362008876,245.15294318138268
2024-08-31 09:42:25+00:00,NAC810,22.891845703125,-74.02922474254262,11277.6,118.44733362008876,245.15294318138268
2024-08-31 09:42:26+00:00,NAC810,22.890759484242583,-74.02699788411456,11277.6,118.44733362008876,245.15294318138268
2024-08-31 09:42:27+00:00,NAC810,22.88978188724841,-74.02511596679688,11277.6,118.44733362008876,245.15294318138268
2024-08-31 09:42:28+00:00,NAC810,22.88877868652344,-74.02313232421875,11277.6,118.44733362008876,245.15294318138268
2024-08-31 09:42:29+00:00,NAC810,22.88827514648437,-74.02208362926137,11277.6,118.44733362008876,245.15294318138268
2024-08-31 09:42:30+00:00,NAC810,22.88658142089844,-74.01873779296875,11277.6,118.44733362008876,245.15294318138268
2024-08-31 09:42:31+00:00,NAC810,22.8856201171875,-74.01684015447444,11277.6,118.55294342678114,245.398415839938
2024-08-31 09:42:32+00:00,NAC810,22.884521484375,-74.01463826497394,11277.6,118.55294342678114,245.398415839938
2024-08-31 09:42:33+00:00,NAC810,22.883514404296875,-74.01264537464488,11277.6,118.55294342678114,245.398415839938
2024-08-31 09:42:34+00:00,NAC810,22.8824266336732,-74.01046752929688,11277.6,118.55294342678114,245.398415839938
2024-08-31 09:42:35+00:00,NAC810,22.881355932203387,-74.00838216145831,11277.6,118.55294342678114,245.398415839938
2024-08-31 09:42:36+00:00,NAC810,22.88028523073358,-74.00624593098956,11277.6,118.55294342678114,245.398415839938
2024-08-31 09:42:37+00:00,NAC810,22.87912142478813,-74.00395711263019,11277.6,118.55294342678114,245.398415839938
2024-08-31 09:42:38+00:00,NAC810,22.878097275556144,-74.00187174479163,11277.6,118.55294342678114,245.398415839938
2024-08-31 09:42:39+00:00,NAC810,22.87705993652344,-73.99986128373575,11277.6,118.55294342678114,245.398415839938
2024-08-31 09:42:40+00:00,NAC810,22.876095529329977,-73.99790445963538,11277.6,118.55294342678114,245.398415839938
2024-08-31 09:42:42+00:00,NAC810,22.87395412639036,-73.99368286132812,11277.6,118.55294342678114,245.398415839938
2024-08-31 09:42:43+00:00,NAC810,22.87298583984375,-73.99167147549713,11277.6,118.55294342678114,245.398415839938
2024-08-31 09:42:44+00:00,NAC810,22.871795654296875,-73.98937433416194,11277.6,118.55294342678114,245.398415839938
2024-08-31 09:42:45+00:00,NAC810,22.870695469743115,-73.98717244466144,11277.6,118.55294342678114,245.398415839938
2024-08-31 09:42:46+00:00,NAC810,22.869624768273304,-73.98508707682288,11277.6,118.55294342678114,245.398415839938
2024-08-31 09:42:47+00:00,NAC810,22.868693723516948,-73.98320515950519,11277.6,118.55294342678114,245.398415839938
2024-08-31 09:42:48+00:00,NAC810,22.867584228515625,-73.98098477450282,11277.6,118.55294342678114,245.398415839938
2024-08-31 09:42:49+00:00,NAC810,22.866531372070312,-73.97888738458806,11277.6,118.44733362008876,245.15294318138268
2024-08-31 09:42:50+00:00,NAC810,22.86557006835937,-73.97703968394887,11277.6,118.44733362008876,245.15294318138268
2024-08-31 09:42:51+00:00,NAC810,22.864517211914062,-73.97494229403407,11277.6,118.44733362008876,245.15294318138268
2024-08-31 09:42:52+00:00,NAC810,22.86346435546875,-73.97284490411931,11277.6,118.44733362008876,245.15294318138268
2024-08-31 09:42:53+00:00,NAC810,22.86241149902344,-73.9707475142045,11277.6,118.44733362008876,245.15294318138268
2024-08-31 09:42:54+00:00,NAC810,22.861943649033368,-73.96977742513019,11277.6,118.44733362008876,245.15294318138268
2024-08-31 09:42:55+00:00,NAC810,22.86017466399629,-73.96621704101562,11277.6,118.44733362008876,245.15294318138268
2024-08-31 09:42:56+00:00,NAC810,22.85906982421875,-73.96405584161931,11277.6,118.44733362008876,245.15294318138268
2024-08-31 09:42:57+00:00,NAC810,22.857879638671875,-73.96170876242894,11277.6,118.44733362008876,245.15294318138268
2024-08-31 09:42:58+00:00,NAC810,22.856735229492188,-73.95941162109375,11277.6,118.44733362008876,245.15294318138268
2024-08-31 09:42:59+00:00,NAC810,22.8557522014036,-73.95746866861975,11277.6,118.44733362008876,245.15294318138268
2024-08-31 09:43:00+00:00,NAC810,22.855193574549787,-73.95640055338538,11277.6,118.44733362008876,245.15294318138268
2024-08-31 09:43:01+00:00,NAC810,22.8541259765625,-73.95421808416194,11277.6,118.44733362008876,245.15294318138268
2024-08-31 09:43:02+00:00,NAC810,22.853098723847985,-73.95222981770831,11277.6,118.44733362008876,245.15294318138268
2024-08-31 09:43:03+00:00,NAC810,22.85193491790254,-73.94989013671875,11277.6,118.50471254196891,244.70073824961668
2024-08-31 09:43:04+00:00,NAC810,22.850771111957098,-73.94760131835938,11277.6,118.50471254196891,244.70073824961668
2024-08-31 09:43:05+00:00,NAC810,22.850326538085938,-73.94667746803975,11277.6,118.50471254196891,244.70073824961668
2024-08-31 09:43:06+00:00,NAC810,22.84909523139565,-73.94424438476562,11277.6,118.50471254196891,244.70073824961668
2024-08-31 09:43:07+00:00,NAC810,22.84799194335937,-73.94203324751419,11277.6,118.50471254196891,244.70073824961668
2024-08-31 09:43:08+00:00,NAC810,22.846348649364405,-73.93880208333331,11277.6,118.50471254196891,244.70073824961668
2024-08-31 09:43:09+00:00,NAC810,22.84518484341896,-73.93651326497394,11277.6,118.50471254196891,244.70073824961668
2024-08-31 09:43:10+00:00,NAC810,22.844160694186968,-73.93442789713538,11277.6,118.50471254196891,244.70073824961668
2024-08-31 09:43:11+00:00,NAC810,22.84359741210937,-73.93324418501419,11277.6,118.50471254196891,244.70073824961668
2024-08-31 09:43:12+00:00,NAC810,22.84248481362553,-73.93107096354163,11277.6,118.50471254196891,244.70073824961668
2024-08-31 09:43:13+00:00,NAC810,22.841354370117188,-73.92884965376419,11277.6,118.50471254196891,244.70073824961668
2024-08-31 09:43:14+00:00,NAC810,22.840389962923727,-73.92690022786456,11277.6,118.50471254196891,244.70073824961668
2024-08-31 09:43:15+00:00,NAC810,22.83931926145392,-73.924814860026,11277.6,118.50471254196891,244.70073824961668
2024-08-31 09:43:16+00:00,NAC810,22.83819580078125,-73.922607421875,11277.6,118.50471254196891,244.70073824961668
2024-08-31 09:43:17+00:00,NAC810,22.837142944335938,-73.92051003196019,11277.6,118.50471254196891,244.70073824961668
2024-08-31 09:43:18+00:00,NAC810,22.836153709282307,-73.91850789388019,11277.6,118.50471254196891,244.70073824961668
2024-08-31 09:43:19+00:00,NAC810,22.8350830078125,-73.91642252604163,11277.6,118.50471254196891,244.70073824961668
2024-08-31 09:43:20+00:00,NAC810,22.834151963056144,-73.91454060872394,11277.6,118.50471254196891,244.70073824961668
2024-08-31 09:43:21+00:00,NAC810,22.83266229144597,-73.91164143880206,11277.6,118.50471254196891,244.70073824961668
2024-08-31 09:43:22+00:00,NAC810,22.83164978027344,-73.90962357954544,11277.6,118.50471254196891,244.70073824961668
2024-08-31 09:43:23+00:00,NAC810,22.83114624023437,-73.90857488458806,11277.6,118.50471254196891,244.70073824961668
2024-08-31 09:43:24+00:00,NAC810,22.830148470603813,-73.90660603841144,11277.6,118.6104596659652,244.94666408458045
2024-08-31 09:43:25+00:00,NAC810,22.829077769134003,-73.90452067057288,11277.6,118.6104596659652,244.94666408458045
2024-08-31 09:43:26+00:00,NAC810,22.82757568359375,-73.90148370916194,11277.6,118.6104596659652,244.94666408458045
2024-08-31 09:43:27+00:00,NAC810,22.826331187102756,-73.89907836914062,11277.6,118.6104596659652,244.94666408458045
2024-08-31 09:43:28+00:00,NAC810,22.825167381157307,-73.89678955078125,11277.6,118.50471254196891,244.70073824961668
2024-08-31 09:43:29+00:00,NAC810,22.824655306541317,-73.89572143554688,11277.6,118.50471254196891,244.70073824961668
2024-08-31 09:43:30+00:00,NAC810,22.82313537597656,-73.89269464666194,11277.6,118.50471254196891,244.70073824961668
2024-08-31 09:43:31+00:00,NAC810,22.822723388671875,-73.89189564098012,11277.6,118.50471254196891,244.70073824961668
2024-08-31 09:43:32+00:00,NAC810,22.821121215820312,-73.88874955610794,11277.6,118.50471254196891,244.70073824961668
2024-08-31 09:43:33+00:00,NAC810,22.820068359375,-73.88665216619319,11277.6,118.50471254196891,244.70073824961668
2024-08-31 09:43:34+00:00,NAC810,22.819656372070312,-73.88580322265625,11277.6,118.5623038700148,244.24877963784968
2024-08-31 09:43:35+00:00,NAC810,22.818137993246825,-73.88280232747394,11277.6,118.5623038700148,244.24877963784968
2024-08-31 09:43:36+00:00,NAC810,22.817138671875,-73.88080943714488,11277.6,118.5623038700148,244.24877963784968
2024-08-31 09:43:37+00:00,NAC810,22.815948486328125,-73.87851229580963,11277.6,118.5623038700148,244.24877963784968
2024-08-31 09:43:38+00:00,NAC810,22.81489562988281,-73.87641490589488,11277.6,118.5623038700148,244.24877963784968
2024-08-31 09:43:39+00:00,NAC810,22.81371553065413,-73.87405395507812,11277.6,118.5623038700148,244.24877963784968
2024-08-31 09:43:40+00:00,NAC810,22.81264482918432,-73.87196858723956,11277.6,118.5623038700148,244.24877963784968
2024-08-31 09:43:41+00:00,NAC810,22.812132754568324,-73.87090047200519,11277.6,118.5623038700148,244.24877963784968
2024-08-31 09:43:42+00:00,NAC810,22.811004638671875,-73.86872447620738,11285.22,118.5623038700148,244.24877963784968
2024-08-31 09:43:43+00:00,NAC810,22.809618933726163,-73.86591593424475,11277.6,118.5623038700148,244.24877963784968
2024-08-31 09:43:44+00:00,NAC810,22.80848693847656,-73.86368075284088,11277.6,118.5623038700148,244.24877963784968
2024-08-31 09:43:45+00:00,NAC810,22.807477530786542,-73.8616943359375,11277.6,118.5623038700148,244.24877963784968
2024-08-31 09:43:46+00:00,NAC810,22.80654648603019,-73.85986328125,11277.6,118.5623038700148,244.24877963784968
2024-08-31 09:43:47+00:00,NAC810,22.80547578456038,-73.85772705078125,11277.6,118.5623038700148,244.24877963784968
2024-08-31 09:43:48+00:00,NAC810,22.804451635328387,-73.85564168294269,11277.6,118.5623038700148,244.24877963784968
2024-08-31 09:43:49+00:00,NAC810,22.80338093385858,-73.85355631510413,11277.6,118.5623038700148,244.24877963784968
2024-08-31 09:43:50+00:00,NAC810,22.80221712791313,-73.85126749674475,11277.6,118.5623038700148,244.24877963784968
2024-08-31 09:43:51+00:00,NAC810,22.80111694335937,-73.84909889914769,11277.6,118.5623038700148,244.24877963784968
2024-08-31 09:43:52+00:00,NAC810,22.799972534179688,-73.8468017578125,11277.6,118.5623038700148,244.24877963784968
2024-08-31 09:43:53+00:00,NAC810,22.79937744140625,-73.84562174479163,11277.6,118.5623038700148,244.24877963784968
2024-08-31 09:43:54+00:00,NAC810,22.79802742650953,-73.84292602539062,11277.6,118.5623038700148,244.24877963784968
2024-08-31 09:43:55+00:00,NAC810,22.797375695180083,-73.84170532226562,11277.6,118.5623038700148,244.24877963784968
2024-08-31 09:43:56+00:00,NAC810,22.79576110839844,-73.8384621360085,11277.6,118.5623038700148,244.24877963784968
2024-08-31 09:43:57+00:00,NAC810,22.794708251953125,-73.83636474609375,11277.6,118.5623038700148,244.24877963784968
2024-08-31 09:43:58+00:00,NAC810,22.79365539550781,-73.83426735617894,11277.6,118.5623038700148,244.24877963784968
2024-08-31 09:43:59+00:00,NAC810,22.793092889300848,-73.83310953776038,11277.6,118.5623038700148,244.24877963784968
2024-08-31 09:44:00+00:00,NAC810,22.79205322265625,-73.83112127130681,11277.6,118.5623038700148,244.24877963784968
2024-08-31 09:44:01+00:00,NAC810,22.79090881347656,-73.82882412997157,11277.6,118.5623038700148,244.24877963784968
2024-08-31 09:44:02+00:00,NAC810,22.789764404296875,-73.82652698863637,11277.6,118.5623038700148,244.24877963784968
2024-08-31 09:44:03+00:00,NAC810,22.78834456104343,-73.82375081380206,11277.6,118.5623038700148,244.24877963784968
2024-08-31 09:44:04+00:00,NAC810,22.78736696404926,-73.82186889648438,11277.6,118.5623038700148,244.24877963784968
2024-08-31 09:44:05+00:00,NAC810,22.78624971034163,-73.819580078125,11277.6,118.5623038700148,244.24877963784968
2024-08-31 09:44:06+00:00,NAC810,22.78583074020127,-73.81871541341144,11277.6,118.5623038700148,244.24877963784968
2024-08-31 09:44:07+00:00,NAC810,22.784820556640625,-73.81673916903407,11277.6,118.5623038700148,244.24877963784968
2024-08-31 09:44:08+00:00,NAC810,22.783218383789062,-73.813643022017,11285.22,118.5623038700148,244.24877963784968
2024-08-31 09:44:09+00:00,NAC810,22.782106561175848,-73.81144205729163,11277.6,118.5623038700148,244.24877963784968
2024-08-31 09:44:10+00:00,NAC810,22.781021118164062,-73.809248490767,11277.6,118.5623038700148,244.24877963784968
2024-08-31 09:44:11+00:00,NAC810,22.780059814453125,-73.80735085227269,11277.6,118.5623038700148,244.24877963784968
2024-08-31 09:44:12+00:00,NAC810,22.77949963585805,-73.80620320638019,11277.6,118.5623038700148,244.24877963784968
2024-08-31 09:44:13+00:00,NAC810,22.778335829912606,-73.80391438802081,11285.22,118.5623038700148,244.24877963784968
2024-08-31 09:44:14+00:00,NAC810,22.7767530538268,-73.80081176757812,11277.6,118.5623038700148,244.24877963784968
2024-08-31 09:44:15+00:00,NAC810,22.77630615234375,-73.79986017400569,11277.6,118.5623038700148,244.24877963784968
2024-08-31 09:44:16+00:00,NAC810,22.775170277740997,-73.79770914713538,11277.6,118.5623038700148,244.24877963784968
2024-08-31 09:44:17+00:00,NAC810,22.77406311035156,-73.79551558061075,11277.6,118.5623038700148,244.24877963784968
2024-08-31 09:44:18+00:00,NAC810,22.77314758300781,-73.79361794211644,11277.6,118.62010866882336,243.7970687159888
2024-08-31 09:44:19+00:00,NAC810,22.771818516618115,-73.79104614257812,11277.6,118.62010866882336,243.7970687159888
2024-08-31 09:44:20+00:00,NAC810,22.77081298828125,-73.789023659446,11277.6,118.62010866882336,243.7970687159888
2024-08-31 09:44:21+00:00,NAC810,22.769439697265625,-73.78632701526988,11277.6,118.62010866882336,243.7970687159888
2024-08-31 09:44:22+00:00,NAC810,22.769027709960938,-73.78552800958806,11277.6,118.62010866882336,243.7970687159888
2024-08-31 09:44:23+00:00,NAC810,22.767815024165785,-73.78311157226562,11277.6,118.62010866882336,243.7970687159888
2024-08-31 09:44:24+00:00,NAC810,22.76673889160156,-73.78093372691762,11277.6,118.62010866882336,243.7970687159888
2024-08-31 09:44:25+00:00,NAC810,22.765627068988348,-73.77873738606769,11277.6,118.62010866882336,243.7970687159888
2024-08-31 09:44:26+00:00,NAC810,22.764556367518537,-73.77665201822913,11277.6,118.62010866882336,243.7970687159888
2024-08-31 09:44:27+00:00,NAC810,22.763442993164062,-73.77449174360794,11277.6,118.62010866882336,243.7970687159888
2024-08-31 09:44:28+00:00,NAC810,22.76229858398437,-73.77219460227269,11277.6,118.62010866882336,243.7970687159888
2024-08-31 09:44:29+00:00,NAC810,22.76120460639565,-73.77003987630206,11277.6,118.62010866882336,243.7970687159888
2024-08-31 09:44:30+00:00,NAC810,22.760227009401483,-73.76815795898438,11277.6,118.62010866882336,243.7970687159888
2024-08-31 09:44:31+00:00,NAC810,22.75920286016949,-73.76607259114581,11277.6,118.62010866882336,243.7970687159888
2024-08-31 09:44:32+00:00,NAC810,22.758224487304688,-73.76410466974431,11277.6,118.62010866882336,243.7970687159888
2024-08-31 09:44:33+00:00,NAC810,22.75710800946769,-73.76190185546875,11277.6,118.62010866882336,243.7970687159888
2024-08-31 09:44:34+00:00,NAC810,22.75556945800781,-73.7589111328125,11277.6,118.51387213184812,243.551068717651
2024-08-31 09:44:35+00:00,NAC810,22.75510626324153,-73.75798543294269,11277.6,118.51387213184812,243.551068717651
2024-08-31 09:44:36+00:00,NAC810,22.75361659163136,-73.75508626302081,11277.6,118.57175284563296,243.09915001640368
2024-08-31 09:44:37+00:00,NAC810,22.75310451701536,-73.75401814778644,11277.6,118.57175284563296,243.09915001640368
2024-08-31 09:44:38+00:00,NAC810,22.751940711069917,-73.75172932942706,11277.6,118.57175284563296,243.09915001640368
2024-08-31 09:44:39+00:00,NAC810,22.750946044921875,-73.74977250532669,11277.6,118.57175284563296,243.09915001640368
2024-08-31 09:44:40+00:00,NAC810,22.7493896484375,-73.74667635830963,11277.6,118.57175284563296,243.09915001640368
2024-08-31 09:44:41+00:00,NAC810,22.74840274099576,-73.74465942382812,11277.6,118.57175284563296,243.09915001640368
2024-08-31 09:44:42+00:00,NAC810,22.747833251953125,-73.7435302734375,11277.6,118.57175284563296,243.09915001640368
2024-08-31 09:44:43+00:00,NAC810,22.74672686043432,-73.74135335286456,11277.6,118.57175284563296,243.09915001640368
2024-08-31 09:44:44+00:00,NAC810,22.74623107910156,-73.74043412642044,11277.6,118.57175284563296,243.09915001640368
2024-08-31 09:44:45+00:00,NAC810,22.74458312988281,-73.73708829012782,11277.6,118.57175284563296,243.09915001640368
2024-08-31 09:44:46+00:00,NAC810,22.74356130826271,-73.73514811197913,11277.6,118.57175284563296,243.09915001640368
2024-08-31 09:44:47+00:00,NAC810,22.74302673339844,-73.73399214311075,11277.6,118.57175284563296,243.09915001640368
2024-08-31 09:44:48+00:00,NAC810,22.741424560546875,-73.73089599609375,11277.6,118.57175284563296,243.09915001640368
2024-08-31 09:44:49+00:00,NAC810,22.741012573242188,-73.73004705255681,11277.6,118.57175284563296,243.09915001640368
2024-08-31 09:44:50+00:00,NAC810,22.73931884765625,-73.72675115411931,11277.6,118.57175284563296,243.09915001640368
2024-08-31 09:44:51+00:00,NAC810,22.73792848748676,-73.72395833333331,11277.6,118.57175284563296,243.09915001640368
2024-08-31 09:44:52+00:00,NAC810,22.736764681541317,-73.72166951497394,11277.6,118.57175284563296,243.09915001640368
2024-08-31 09:44:53+00:00,NAC810,22.736297607421875,-73.72070867365056,11277.6,118.57175284563296,243.09915001640368
2024-08-31 09:44:54+00:00,NAC810,22.73565673828125,-73.71946022727269,11277.6,118.57175284563296,243.09915001640368
2024-08-31 09:44:55+00:00,NAC810,22.734100341796875,-73.71636408025569,11277.6,118.57175284563296,243.09915001640368
2024-08-31 09:44:56+00:00,NAC810,22.73313360699153,-73.71439615885413,11277.6,118.57175284563296,243.09915001640368
2024-08-31 09:44:57+00:00,NAC810,22.73215600999735,-73.71256510416663,11277.6,118.62984909991648,242.6474803272109
2024-08-31 09:44:58+00:00,NAC810,22.730619786149365,-73.70946248372394,11277.6,118.62984909991648,242.6474803272109
2024-08-31 09:44:59+00:00,NAC810,22.729968054819917,-73.70819091796875,11277.6,118.62984909991648,242.6474803272109
2024-08-31 09:45:00+00:00,NAC810,22.729549084679554,-73.70737711588538,11277.6,118.62984909991648,242.6474803272109
2024-08-31 09:45:01+00:00,NAC810,22.72792053222656,-73.70412930575282,11277.6,118.62984909991648,242.6474803272109
2024-08-31 09:45:02+00:00,NAC810,22.72700500488281,-73.70228160511363,11277.6,118.62984909991648,242.6474803272109
2024-08-31 09:45:03+00:00,NAC810,22.725778353416317,-73.69990030924475,11277.6,118.62984909991648,242.6474803272109
2024-08-31 09:45:04+00:00,NAC810,22.724661099708687,-73.69766235351562,11277.6,118.62984909991648,242.6474803272109
2024-08-31 09:45:05+00:00,NAC810,22.72410247285487,-73.69659423828125,11277.6,118.62984909991648,242.6474803272109
2024-08-31 09:45:06+00:00,NAC810,22.722985219147244,-73.69430541992188,11277.6,118.62984909991648,242.6474803272109
2024-08-31 09:45:07+00:00,NAC810,22.7218214132018,-73.69206746419269,11277.6,118.62984909991648,242.6474803272109
2024-08-31 09:45:08+00:00,NAC810,22.7208251953125,-73.69009676846588,11277.6,118.62984909991648,242.6474803272109
2024-08-31 09:45:09+00:00,NAC810,22.719214487884003,-73.68687947591144,11277.6,118.62984909991648,242.6474803272109
2024-08-31 09:45:10+00:00,NAC810,22.71821594238281,-73.68490323153407,11277.6,118.68816198078125,242.196061043215
2024-08-31 09:45:11+00:00,NAC810,22.717071533203125,-73.68265602805394,11277.6,118.68816198078125,242.196061043215
2024-08-31 09:45:12+00:00,NAC810,22.716522216796875,-73.68160733309657,11277.6,118.68816198078125,242.196061043215
2024-08-31 09:45:13+00:00,NAC810,22.71544375662076,-73.679453531901,11277.6,118.68816198078125,242.196061043215
2024-08-31 09:45:14+00:00,NAC810,22.7142333984375,-73.67706298828125,11277.6,118.68816198078125,242.196061043215
2024-08-31 09:45:15+00:00,NAC810,22.71311614472987,-73.6749267578125,11277.6,118.68816198078125,242.196061043215
2024-08-31 09:45:16+00:00,NAC810,22.7120361328125,-73.67276833274144,11277.6,118.68816198078125,242.196061043215
2024-08-31 09:45:17+00:00,NAC810,22.71148681640625,-73.67171963778407,11277.6,118.68816198078125,242.196061043215
2024-08-31 09:45:18+00:00,NAC810,22.70990404032045,-73.66851806640625,11277.6,118.68816198078125,242.196061043215
2024-08-31 09:45:19+00:00,NAC810,22.708740234375,-73.66622924804688,11277.6,118.68816198078125,242.196061043215
2024-08-31 09:45:20+00:00,NAC810,22.7076416015625,-73.66407914595169,11277.6,118.68816198078125,242.196061043215
2024-08-31 09:45:21+00:00,NAC810,22.706552279197563,-73.66190592447913,11277.6,118.68816198078125,242.196061043215
2024-08-31 09:45:22+00:00,NAC810,22.705535888671875,-73.65998424183238,11277.6,118.5812916151099,241.94952706940427
2024-08-31 09:45:23+00:00,NAC810,22.705062607587397,-73.6590576171875,11277.6,118.5812916151099,241.94952706940427
2024-08-31 09:45:24+00:00,NAC810,22.7040384583554,-73.65697224934894,11277.6,118.5812916151099,241.94952706940427
2024-08-31 09:45:25+00:00,NAC810,22.70287465240996,-73.65468343098956,11277.6,118.5812916151099,241.94952706940427
2024-08-31 09:45:26+00:00,NAC810,22.70137023925781,-73.6516945578835,11277.6,118.5812916151099,241.94952706940427
2024-08-31 09:45:27+00:00,NAC810,22.7003173828125,-73.64964710582387,11277.6,118.5812916151099,241.94952706940427
2024-08-31 09:45:28+00:00,NAC810,22.69940185546875,-73.64779940518463,11277.6,118.63968226433909,241.49789901792357
2024-08-31 09:45:29+00:00,NAC810,22.698824607719807,-73.64664713541663,11277.6,118.63968226433909,241.49789901792357
2024-08-31 09:45:30+00:00,NAC810,22.6973876953125,-73.64390425248575,11277.6,118.63968226433909,241.49789901792357
2024-08-31 09:45:31+00:00,NAC810,22.696403891353285,-73.64191691080725,11277.6,118.63968226433909,241.49789901792357
2024-08-31 09:45:32+00:00,NAC810,22.69541931152344,-73.63995916193181,11277.6,118.63968226433909,241.49789901792357
2024-08-31 09:45:33+00:00,NAC810,22.694366455078125,-73.63791170987213,11285.22,118.63968226433909,241.49789901792357
2024-08-31 09:45:34+00:00,NAC810,22.69286592127913,-73.63494873046875,11277.6,118.63968226433909,241.49789901792357
2024-08-31 09:45:35+00:00,NAC810,22.692306518554688,-73.63381680575282,11285.22,118.63968226433909,241.49789901792357
2024-08-31 09:45:36+00:00,NAC810,22.691162109375,-73.63151966441762,11285.22,118.63968226433909,241.49789901792357
2024-08-31 09:45:37+00:00,NAC810,22.690017700195312,-73.6292724609375,11285.22,118.63968226433909,241.49789901792357
2024-08-31 09:45:38+00:00,NAC810,22.68905639648437,-73.62742476029825,11277.6,118.63968226433909,241.49789901792357
2024-08-31 09:45:39+00:00,NAC810,22.688071040783896,-73.62548828125,11285.22,118.63968226433909,241.49789901792357
2024-08-31 09:45:40+00:00,NAC810,22.68690723483845,-73.62319946289062,11277.6,118.63968226433909,241.49789901792357
2024-08-31 09:45:41+00:00,NAC810,22.685943603515625,-73.62123246626419,11277.6,118.63968226433909,241.49789901792357
2024-08-31 09:45:42+00:00,NAC810,22.68504514532574,-73.61948649088538,11285.22,118.63968226433909,241.49789901792357
2024-08-31 09:45:43+00:00,NAC810,22.684066772460938,-73.61753706498575,11277.6,118.63968226433909,241.49789901792357
2024-08-31 09:45:44+00:00,NAC810,22.68253132448358,-73.61455281575519,11277.6,118.63968226433909,241.49789901792357
2024-08-31 09:45:45+00:00,NAC810,22.68141407077595,-73.612314860026,11277.6,118.63968226433909,241.49789901792357
2024-08-31 09:45:46+00:00,NAC810,22.68099510063559,-73.61150105794269,11277.6,118.63968226433909,241.49789901792357
2024-08-31 09:45:47+00:00,NAC810,22.679763793945312,-73.60909756747157,11277.6,118.63968226433909,241.49789901792357
2024-08-31 09:45:48+00:00,NAC810,22.6786674887447,-73.60697428385413,11277.6,118.63968226433909,241.49789901792357
2024-08-31 09:45:49+00:00,NAC810,22.6776123046875,-73.60480291193181,11277.6,118.69829165569264,241.0465227218436
2024-08-31 09:45:50+00:00,NAC810,22.676479533567267,-73.60265096028644,11277.6,118.69829165569264,241.0465227218436
2024-08-31 09:45:51+00:00,NAC810,22.676107115664724,-73.60183715820312,11277.6,118.69829165569264,241.0465227218436
2024-08-31 09:45:52+00:00,NAC810,22.67452433957892,-73.59873453776038,11277.6,118.69829165569264,241.0465227218436
2024-08-31 09:45:53+00:00,NAC810,22.67344665527344,-73.59656316583806,11277.6,118.69829165569264,241.0465227218436
2024-08-31 09:45:54+00:00,NAC810,22.672522593352756,-73.59481811523438,11277.6,118.69829165569264,241.0465227218436
2024-08-31 09:45:55+00:00,NAC810,22.6715915485964,-73.59298706054688,11277.6,118.69829165569264,241.0465227218436
2024-08-31 09:45:56+00:00,NAC810,22.67051696777344,-73.5908203125,11277.6,118.69829165569264,241.0465227218436
2024-08-31 09:45:57+00:00,NAC810,22.668960571289062,-73.58772416548294,11277.6,118.5324532069973,241.25174859384776
2024-08-31 09:45:58+00:00,NAC810,22.668379444186968,-73.58662923177081,11277.6,118.5324532069973,241.25174859384776
2024-08-31 09:45:59+00:00,NAC810,22.667312622070312,-73.58442826704544,11277.6,118.59092146399006,240.7999108924465
2024-08-31 09:46:00+00:00,NAC810,22.666168212890625,-73.58218106356532,11277.6,118.59092146399006,240.7999108924465
2024-08-31 09:46:01+00:00,NAC810,22.66497802734375,-73.57993386008519,11277.6,118.59092146399006,240.7999108924465
2024-08-31 09:46:02+00:00,NAC810,22.6640625,-73.578086159446,11277.6,118.69829165569264,241.0465227218436
2024-08-31 09:46:03+00:00,NAC810,22.663009643554688,-73.57603870738637,11277.6,118.69829165569264,241.0465227218436
2024-08-31 09:46:04+00:00,NAC810,22.66246730998411,-73.57487996419269,11277.6,118.69829165569264,241.0465227218436
2024-08-31 09:46:05+00:00,NAC810,22.66094970703125,-73.571943803267,11277.6,118.59092146399006,240.7999108924465
2024-08-31 09:46:06+00:00,NAC810,22.659896850585938,-73.56984641335225,11277.6,118.59092146399006,240.7999108924465
2024-08-31 09:46:07+00:00,NAC810,22.65875244140625,-73.56759920987213,11277.6,118.69829165569264,241.0465227218436
2024-08-31 09:46:08+00:00,NAC810,22.65776553396451,-73.565673828125,11277.6,118.69829165569264,241.0465227218436
2024-08-31 09:46:09+00:00,NAC810,22.656601728019066,-73.56338500976562,11277.6,118.69829165569264,241.0465227218436
2024-08-31 09:46:10+00:00,NAC810,22.656051635742188,-73.562255859375,11277.6,118.69829165569264,241.0465227218436
2024-08-31 09:46:11+00:00,NAC810,22.65449523925781,-73.55920965021306,11277.6,118.69829165569264,241.0465227218436
2024-08-31 09:46:12+00:00,NAC810,22.653533935546875,-73.55736194957387,11277.6,118.69829165569264,241.0465227218436
2024-08-31 09:46:13+00:00,NAC810,22.65255168332892,-73.55539957682288,11277.6,118.69829165569264,241.0465227218436
2024-08-31 09:46:14+00:00,NAC810,22.65156555175781,-73.553466796875,11277.6,118.69829165569264,241.0465227218436
2024-08-31 09:46:15+00:00,NAC810,22.65010070800781,-73.55057040127838,11277.6,118.69829165569264,241.0465227218436
2024-08-31 09:46:16+00:00,NAC810,22.64959716796875,-73.54957164417613,11277.6,118.69829165569264,241.0465227218436
2024-08-31 09:46:17+00:00,NAC810,22.64850163863877,-73.54741414388019,11277.6,118.69829165569264,241.0465227218436
2024-08-31 09:46:18+00:00,NAC810,22.64739990234375,-73.54522705078125,11277.6,118.69829165569264,241.0465227218436
2024-08-31 09:46:19+00:00,NAC810,22.64634704589844,-73.54317959872157,11277.6,118.69829165569264,241.0465227218436
2024-08-31 09:46:20+00:00,NAC810,22.645339965820312,-73.54113214666194,11277.6,118.59092146399006,240.7999108924465
2024-08-31 09:46:21+00:00,NAC810,22.644195556640625,-73.53888494318181,11277.6,118.59092146399006,240.7999108924465
2024-08-31 09:46:22+00:00,NAC810,22.643706758143537,-73.53795369466144,11277.6,118.59092146399006,240.7999108924465
2024-08-31 09:46:23+00:00,NAC810,22.64217053429555,-73.53490193684894,11277.6,118.59092146399006,240.7999108924465
2024-08-31 09:46:24+00:00,NAC810,22.641082763671875,-73.53274258700282,11277.6,118.59092146399006,240.7999108924465
2024-08-31 09:46:25+00:00,NAC810,22.639982579118115,-73.53057861328125,11277.6,118.69829165569264,241.0465227218436
2024-08-31 09:46:26+00:00,NAC810,22.63905153436176,-73.52874755859375,11277.6,118.69829165569264,241.0465227218436
2024-08-31 09:46:27+00:00,NAC810,22.638153076171875,-73.52699973366475,11285.22,118.69829165569264,241.0465227218436
2024-08-31 09:46:28+00:00,NAC810,22.637191772460938,-73.52515203302556,11277.6,118.7571208973024,240.59539959810456
2024-08-31 09:46:29+00:00,NAC810,22.6358642578125,-73.5225053267045,11277.6,118.7571208973024,240.59539959810456
2024-08-31 09:46:30+00:00,NAC810,22.63495493743379,-73.520762125651,11277.6,118.7571208973024,240.59539959810456
2024-08-31 09:46:31+00:00,NAC810,22.633758544921875,-73.51841042258519,11277.6,118.86441133869448,240.8433196987451
2024-08-31 09:46:32+00:00,NAC810,22.63267387778072,-73.5162353515625,11277.6,118.86441133869448,240.8433196987451
2024-08-31 09:46:33+00:00,NAC810,22.631561279296875,-73.51411576704544,11277.6,118.86441133869448,240.8433196987451
2024-08-31 09:46:34+00:00,NAC810,22.63050842285156,-73.51201837713069,11277.6,118.86441133869448,240.8433196987451
2024-08-31 09:46:35+00:00,NAC810,22.6300048828125,-73.51101962002838,11277.6,118.86441133869448,240.8433196987451
2024-08-31 09:46:36+00:00,NAC810,22.62890314651748,-73.50886027018225,11277.6,118.7571208973024,240.59539959810456
2024-08-31 09:46:37+00:00,NAC810,22.6278076171875,-73.50672496448863,11277.6,118.7571208973024,240.59539959810456
2024-08-31 09:46:38+00:00,NAC810,22.62671519134004,-73.50458780924475,11277.6,118.7571208973024,240.59539959810456
2024-08-31 09:46:39+00:00,NAC810,22.625784146583687,-73.50270589192706,11277.6,118.69829165569264,241.0465227218436
2024-08-31 09:46:40+00:00,NAC810,22.62471344511388,-73.50067138671875,11277.6,118.69829165569264,241.0465227218436
2024-08-31 09:46:41+00:00,NAC810,22.62373352050781,-73.49873490767044,11277.6,118.69829165569264,241.0465227218436
2024-08-31 09:46:42+00:00,NAC810,22.6226806640625,-73.49668745561075,11277.6,118.69829165569264,241.0465227218436
2024-08-31 09:46:43+00:00,NAC810,22.621594445180083,-73.4945170084635,11277.6,118.69829165569264,241.0465227218436
2024-08-31 09:46:44+00:00,NAC810,22.62020874023437,-73.4917436079545,11277.6,118.69829165569264,241.0465227218436
2024-08-31 09:46:45+00:00,NAC810,22.619155883789062,-73.48969615589488,11277.6,118.69829165569264,241.0465227218436
2024-08-31 09:46:46+00:00,NAC810,22.618568549721928,-73.48856608072913,11277.6,118.69829165569264,241.0465227218436
2024-08-31 09:46:47+00:00,NAC810,22.617462158203125,-73.48640025745738,11277.6,118.69829165569264,241.0465227218436
2024-08-31 09:46:48+00:00,NAC810,22.61654663085937,-73.48455255681819,11277.6,118.69829165569264,241.0465227218436
2024-08-31 09:46:49+00:00,NAC810,22.614937475172137,-73.48139444986975,11277.6,118.69829165569264,241.0465227218436
2024-08-31 09:46:50+00:00,NAC810,22.61386677370233,-73.47935994466144,11277.6,118.7571208973024,240.59539959810456
2024-08-31 09:46:51+00:00,NAC810,22.61279296875,-73.47721169211644,11277.6,118.7571208973024,240.59539959810456
2024-08-31 09:46:52+00:00,NAC810,22.61233054985434,-73.47625732421875,11277.6,118.7571208973024,240.59539959810456
2024-08-31 09:46:53+00:00,NAC810,22.61125984838453,-73.47422281901038,11277.6,118.7571208973024,240.59539959810456
2024-08-31 09:46:54+00:00,NAC810,22.610142594676905,-73.47198486328125,11277.6,118.7571208973024,240.59539959810456
2024-08-31 09:46:55+00:00,NAC810,22.609071893207098,-73.46989949544269,11277.6,118.7571208973024,240.59539959810456
2024-08-31 09:46:56+00:00,NAC810,22.60753566935911,-73.46684773763019,11277.6,118.7571208973024,240.59539959810456
2024-08-31 09:46:57+00:00,NAC810,22.606613159179688,-73.46507679332387,11277.6,118.7571208973024,240.59539959810456
2024-08-31 09:46:58+00:00,NAC810,22.60604599774894,-73.46394856770831,11277.6,118.7571208973024,240.59539959810456
2024-08-31 09:46:59+00:00,NAC810,22.60446322166313,-73.46089680989581,11277.6,118.7571208973024,240.59539959810456
2024-08-31 09:47:01+00:00,NAC810,22.602414923199152,-73.45682779947913,11277.6,118.7571208973024,240.59539959810456
2024-08-31 09:47:02+00:00,NAC810,22.6017631918697,-73.45555623372394,11277.6,118.7571208973024,240.59539959810456
2024-08-31 09:47:03+00:00,NAC810,22.600180415783896,-73.45250447591144,11277.6,118.7571208973024,240.59539959810456
2024-08-31 09:47:04+00:00,NAC810,22.599761445643537,-73.45169067382812,11277.6,118.7571208973024,240.59539959810456
2024-08-31 09:47:05+00:00,NAC810,22.59869384765625,-73.4495461203835,11277.6,118.7571208973024,240.59539959810456
2024-08-31 09:47:06+00:00,NAC810,22.59715452032574,-73.44655354817706,11277.6,118.7571208973024,240.59539959810456
2024-08-31 09:47:07+00:00,NAC810,22.59608459472656,-73.44440252130681,11277.6,118.7571208973024,240.59539959810456
2024-08-31 09:47:08+00:00,NAC810,22.595123291015625,-73.44255482066762,11277.6,118.7571208973024,240.59539959810456
2024-08-31 09:47:09+00:00,NAC810,22.593978881835938,-73.4403076171875,11277.6,118.7571208973024,240.59539959810456
2024-08-31 09:47:10+00:00,NAC810,22.59310447563559,-73.43856811523438,11277.6,118.7571208973024,240.59539959810456
2024-08-31 09:47:11+00:00,NAC810,22.592452744306144,-73.43734741210938,11277.6,118.7571208973024,240.59539959810456
2024-08-31 09:47:12+00:00,NAC810,22.59133549059852,-73.43510945638019,11277.6,118.7571208973024,240.59539959810456
2024-08-31 09:47:13+00:00,NAC810,22.59022521972656,-73.43296675248575,11277.6,118.7571208973024,240.59539959810456
2024-08-31 09:47:14+00:00,NAC810,22.589080810546875,-73.43071954900569,11277.6,118.7571208973024,240.59539959810456
2024-08-31 09:47:15+00:00,NAC810,22.587936401367188,-73.42847234552556,11277.6,118.7571208973024,240.59539959810456
2024-08-31 09:47:16+00:00,NAC810,22.586959580243644,-73.426513671875,11277.6,118.7571208973024,240.59539959810456
2024-08-31 09:47:17+00:00,NAC810,22.585888878773837,-73.42447916666663,11277.6,118.7571208973024,240.59539959810456
2024-08-31 09:47:18+00:00,NAC810,22.58482360839844,-73.42232998934657,11277.6,118.7571208973024,240.59539959810456
2024-08-31 09:47:19+00:00,NAC810,22.583770751953125,-73.42028253728694,11277.6,118.7571208973024,240.59539959810456
2024-08-31 09:47:20+00:00,NAC810,22.58262634277344,-73.41798539595169,11277.6,118.7571208973024,240.59539959810456
2024-08-31 09:47:21+00:00,NAC810,22.581573486328125,-73.415937943892,11277.6,118.7571208973024,240.59539959810456
2024-08-31 09:47:22+00:00,NAC810,22.5809326171875,-73.41473943536931,11277.6,118.7571208973024,240.59539959810456
2024-08-31 09:47:23+00:00,NAC810,22.579743983381885,-73.41237386067706,11277.6,118.7571208973024,240.59539959810456
2024-08-31 09:47:24+00:00,NAC810,22.578719834149894,-73.41033935546875,11277.6,118.7571208973024,240.59539959810456
2024-08-31 09:47:25+00:00,NAC810,22.577649132680083,-73.40830485026038,11277.6,118.7571208973024,240.59539959810456
2024-08-31 09:47:26+00:00,NAC810,22.57708740234375,-73.407148881392,11277.6,118.7571208973024,240.59539959810456
2024-08-31 09:47:27+00:00,NAC810,22.57603454589844,-73.40510142933238,11277.6,118.7571208973024,240.59539959810456
2024-08-31 09:47:28+00:00,NAC810,22.57489013671875,-73.40285422585225,11277.6,118.7571208973024,240.59539959810456
2024-08-31 09:47:29+00:00,NAC810,22.573785296941207,-73.40072631835938,11285.22,118.7571208973024,240.59539959810456
2024-08-31 09:47:30+00:00,NAC810,22.572280883789062,-73.39776056463069,11285.22,118.7571208973024,240.59539959810456
2024-08-31 09:47:31+00:00,NAC810,22.571736998477224,-73.3966064453125,11285.22,118.7571208973024,240.59539959810456
2024-08-31 09:47:32+00:00,NAC810,22.57015422239142,-73.3935546875,11285.22,118.64960949213273,240.3483248897099
2024-08-31 09:47:33+00:00,NAC810,22.569076538085938,-73.39141845703125,11285.22,118.64960949213273,240.3483248897099
2024-08-31 09:47:34+00:00,NAC810,22.567966267213983,-73.38923136393225,11285.22,118.64960949213273,240.3483248897099
2024-08-31 09:47:35+00:00,NAC810,22.56694211798199,-73.38719685872394,11285.22,118.64960949213273,240.3483248897099
2024-08-31 09:47:36+00:00,NAC810,22.56610417770127,-73.38556925455725,11285.22,118.64960949213273,240.3483248897099
2024-08-31 09:47:37+00:00,NAC810,22.56500244140625,-73.38342840021306,11285.22,118.59092146399006,240.7999108924465
2024-08-31 09:47:38+00:00,NAC810,22.56414898371292,-73.38165283203125,11285.22,118.59092146399006,240.7999108924465
2024-08-31 09:47:39+00:00,NAC810,22.5626220703125,-73.37868430397725,11285.22,118.59092146399006,240.7999108924465
2024-08-31 09:47:40+00:00,NAC810,22.56214723748676,-73.37778727213538,11285.22,118.59092146399006,240.7999108924465
2024-08-31 09:47:41+00:00,NAC810,22.561065673828125,-73.37558815696019,11285.22,118.59092146399006,240.7999108924465
2024-08-31 09:47:42+00:00,NAC810,22.560098939022776,-73.3736673990885,11285.22,118.59092146399006,240.7999108924465
2024-08-31 09:47:43+00:00,NAC810,22.559097290039062,-73.37169300426137,11285.22,118.59092146399006,240.7999108924465
2024-08-31 09:47:44+00:00,NAC810,22.55791098384534,-73.36934407552081,11277.6,118.59092146399006,240.7999108924465
2024-08-31 09:47:45+00:00,NAC810,22.556747177899894,-73.36710611979163,11277.6,118.59092146399006,240.7999108924465
2024-08-31 09:47:46+00:00,NAC810,22.55575561523437,-73.36515114524144,11277.6,118.59092146399006,240.7999108924465
2024-08-31 09:47:47+00:00,NAC810,22.55474853515625,-73.36310369318181,11285.22,118.59092146399006,240.7999108924465
2024-08-31 09:47:48+00:00,NAC810,22.553767834679554,-73.36115519205725,11285.22,118.59092146399006,240.7999108924465
2024-08-31 09:47:49+00:00,NAC810,22.552734375,-73.35920854048294,11285.22,118.59092146399006,240.7999108924465
2024-08-31 09:47:50+00:00,NAC810,22.551254013837397,-73.35622151692706,11277.6,118.59092146399006,240.7999108924465
2024-08-31 09:47:51+00:00,NAC810,22.55032296908104,-73.35439046223956,11277.6,118.59092146399006,240.7999108924465
2024-08-31 09:47:52+00:00,NAC810,22.54981089446504,-73.35337320963538,11277.6,118.59092146399006,240.7999108924465
2024-08-31 09:47:53+00:00,NAC810,22.548228118379235,-73.35032145182288,11285.22,118.59092146399006,240.7999108924465
2024-08-31 09:47:54+00:00,NAC810,22.547653198242188,-73.34917103160512,11285.22,118.59092146399006,240.7999108924465
2024-08-31 09:47:55+00:00,NAC810,22.546600341796875,-73.34712357954544,11285.22,118.69829165569264,241.0465227218436
2024-08-31 09:47:56+00:00,NAC810,22.5460401632018,-73.34599812825519,11285.22,118.69829165569264,241.0465227218436
2024-08-31 09:47:57+00:00,NAC810,22.54436428264036,-73.34269205729163,11285.22,118.69829165569264,241.0465227218436
2024-08-31 09:47:58+00:00,NAC810,22.543340133408368,-73.34065755208331,11285.22,118.7571208973024,240.59539959810456
2024-08-31 09:47:59+00:00,NAC810,22.54226943193856,-73.338623046875,11285.22,118.7571208973024,240.59539959810456
2024-08-31 09:48:00+00:00,NAC810,22.541290283203125,-73.33668656782669,11285.22,118.7571208973024,240.59539959810456
2024-08-31 09:48:01+00:00,NAC810,22.54023742675781,-73.334639115767,11285.22,118.7571208973024,240.59539959810456
2024-08-31 09:48:02+00:00,NAC810,22.53877258300781,-73.33174272017044,11285.22,118.7571208973024,240.59539959810456
2024-08-31 09:48:03+00:00,NAC810,22.53780041710805,-73.32982381184894,11285.22,118.7571208973024,240.59539959810456
2024-08-31 09:48:04+00:00,NAC810,22.53728834249205,-73.32880655924475,11285.22,118.7571208973024,240.59539959810456
2024-08-31 09:48:05+00:00,NAC810,22.536163330078125,-73.32664905894887,11285.22,118.7571208973024,240.59539959810456
2024-08-31 09:48:06+00:00,NAC810,22.535659790039062,-73.32560036399144,11285.22,118.7571208973024,240.59539959810456
2024-08-31 09:48:07+00:00,NAC810,22.534029685844807,-73.32244873046875,11285.22,118.69829165569264,241.0465227218436
2024-08-31 09:48:08+00:00,NAC810,22.532958984375,-73.32025701349431,11285.22,118.69829165569264,241.0465227218436
2024-08-31 09:48:09+00:00,NAC810,22.531814575195312,-73.31800981001419,11277.6,118.69829165569264,241.0465227218436
2024-08-31 09:48:10+00:00,NAC810,22.53081758143538,-73.31609090169269,11277.6,118.69829165569264,241.0465227218436
2024-08-31 09:48:11+00:00,NAC810,22.529839984441207,-73.31425984700519,11277.6,118.69829165569264,241.0465227218436
2024-08-31 09:48:12+00:00,NAC810,22.52865600585937,-73.31186745383519,11277.6,118.7571208973024,240.59539959810456
2024-08-31 09:48:13+00:00,NAC810,22.527603149414062,-73.30982000177556,11277.6,118.7571208973024,240.59539959810456
2024-08-31 09:48:14+00:00,NAC810,22.52655029296875,-73.30777254971588,11277.6,118.7571208973024,240.59539959810456
2024-08-31 09:48:15+00:00,NAC810,22.525543212890625,-73.30572509765625,11277.6,118.86441133869448,240.8433196987451
2024-08-31 09:48:16+00:00,NAC810,22.523941040039062,-73.30267888849431,11277.6,118.86441133869448,240.8433196987451
2024-08-31 09:48:17+00:00,NAC810,22.52336922338453,-73.30154418945312,11277.6,118.86441133869448,240.8433196987451
2024-08-31 09:48:18+00:00,NAC810,22.52215576171875,-73.29918323863637,11277.6,118.86441133869448,240.8433196987451
2024-08-31 09:48:19+00:00,NAC810,22.52110290527344,-73.29713578657669,11277.6,118.86441133869448,240.8433196987451
2024-08-31 09:48:20+00:00,NAC810,22.520187377929688,-73.2952880859375,11277.6,118.86441133869448,240.8433196987451
2024-08-31 09:48:21+00:00,NAC810,22.51927262645657,-73.29355875651038,11277.6,118.86441133869448,240.8433196987451
2024-08-31 09:48:22+00:00,NAC810,22.51773640260858,-73.29050699869788,11277.6,118.86441133869448,240.8433196987451
2024-08-31 09:48:23+00:00,NAC810,22.517177775754767,-73.2894388834635,11277.6,118.86441133869448,240.8433196987451
2024-08-31 09:48:24+00:00,NAC810,22.51624673099841,-73.287607828776,11277.6,118.86441133869448,240.8433196987451
2024-08-31 09:48:25+00:00,NAC810,22.515151977539062,-73.28545032848012,11277.6,118.86441133869448,240.8433196987451
2024-08-31 09:48:26+00:00,NAC810,22.51405877582097,-73.2833353678385,11277.6,118.86441133869448,240.8433196987451
2024-08-31 09:48:27+00:00,NAC810,22.512954711914062,-73.28115567294032,11277.6,118.86441133869448,240.8433196987451
2024-08-31 09:48:28+00:00,NAC810,22.511451850503175,-73.2781982421875,11277.6,118.8054419982181,241.2939793116119
2024-08-31 09:48:29+00:00,NAC810,22.51084899902344,-73.277060768821,11277.6,118.8054419982181,241.2939793116119
2024-08-31 09:48:30+00:00,NAC810,22.509841918945312,-73.27501331676137,11277.6,118.69829165569264,241.0465227218436
2024-08-31 09:48:31+00:00,NAC810,22.508751820709744,-73.27285766601562,11277.6,118.69829165569264,241.0465227218436
2024-08-31 09:48:32+00:00,NAC810,22.507736206054688,-73.270918412642,11277.6,118.69829165569264,241.0465227218436
2024-08-31 09:48:33+00:00,NAC810,22.506563865532307,-73.26853434244788,11277.6,118.69829165569264,241.0465227218436
2024-08-31 09:48:34+00:00,NAC810,22.50600523867849,-73.26751708984375,11277.6,118.69829165569264,241.0465227218436
2024-08-31 09:48:35+00:00,NAC810,22.50465522378178,-73.26487223307288,11277.6,118.69829165569264,241.0465227218436
2024-08-31 09:48:36+00:00,NAC810,22.50379943847656,-73.26312810724431,11277.6,118.69829165569264,241.0465227218436
2024-08-31 09:48:37+00:00,NAC810,22.502374164128707,-73.26034545898438,11277.6,118.69829165569264,241.0465227218436
2024-08-31 09:48:38+00:00,NAC810,22.50146484375,-73.25863370028407,11277.6,118.69829165569264,241.0465227218436
2024-08-31 09:48:39+00:00,NAC810,22.500457763671875,-73.25653631036931,11277.6,118.69829165569264,241.0465227218436
2024-08-31 09:48:40+00:00,NAC810,22.499255164194917,-73.25419108072913,11277.6,118.69829165569264,241.0465227218436
2024-08-31 09:48:41+00:00,NAC810,22.498764038085938,-73.25329034978694,11277.6,118.69829165569264,241.0465227218436
2024-08-31 09:48:42+00:00,NAC810,22.497160313493115,-73.2501220703125,11277.6,118.69829165569264,241.0465227218436
2024-08-31 09:48:43+00:00,NAC810,22.496063232421875,-73.24794699928975,11277.6,118.69829165569264,241.0465227218436
2024-08-31 09:48:44+00:00,NAC810,22.49497235831568,-73.24579874674475,11277.6,118.69829165569264,241.0465227218436
2024-08-31 09:48:45+00:00,NAC810,22.493865966796875,-73.24365234375,11277.6,118.69829165569264,241.0465227218436
2024-08-31 09:48:46+00:00,NAC810,22.493296477754235,-73.24254353841144,11277.6,118.69829165569264,241.0465227218436
2024-08-31 09:48:47+00:00,NAC810,22.49189758300781,-73.23975719105113,11277.6,118.69829165569264,241.0465227218436
2024-08-31 09:48:48+00:00,NAC810,22.491256713867188,-73.23850874467325,11277.6,118.7571208973024,240.59539959810456
2024-08-31 09:48:49+00:00,NAC810,22.489791870117188,-73.23566228693181,11277.6,118.7571208973024,240.59539959810456
2024-08-31 09:48:50+00:00,NAC810,22.488739013671875,-73.23361483487213,11277.6,118.86441133869448,240.8433196987451
2024-08-31 09:48:51+00:00,NAC810,22.487663656978285,-73.231455485026,11277.6,118.7571208973024,240.59539959810456
2024-08-31 09:48:52+00:00,NAC810,22.4871826171875,-73.23056862571019,11277.6,118.7571208973024,240.59539959810456
2024-08-31 09:48:53+00:00,NAC810,22.48580156746557,-73.227793375651,11277.6,118.7571208973024,240.59539959810456
2024-08-31 09:48:54+00:00,NAC810,22.484637761520126,-73.22555541992188,11277.6,118.69829165569264,241.0465227218436
2024-08-31 09:48:55+00:00,NAC810,22.48361361228813,-73.22347005208331,11277.6,118.69829165569264,241.0465227218436
2024-08-31 09:48:56+00:00,NAC810,22.48268256753178,-73.22163899739581,11277.6,118.69829165569264,241.0465227218436
2024-08-31 09:48:57+00:00,NAC810,22.48155212402344,-73.219482421875,11277.6,118.69829165569264,241.0465227218436
2024-08-31 09:48:58+00:00,NAC810,22.48100668697034,-73.2183837890625,11277.6,118.69829165569264,241.0465227218436
2024-08-31 09:48:59+00:00,NAC810,22.47942391088453,-73.21528116861975,11277.6,118.69829165569264,241.0465227218436
2024-08-31 09:49:00+00:00,NAC810,22.47839976165254,-73.21324666341144,11277.6,118.69829165569264,241.0465227218436
2024-08-31 09:49:01+00:00,NAC810,22.477329060182733,-73.21121215820312,11277.6,118.69829165569264,241.0465227218436
2024-08-31 09:49:02+00:00,NAC810,22.476242065429688,-73.20904541015625,11277.6,118.7571208973024,240.59539959810456
2024-08-31 09:49:03+00:00,NAC810,22.47518920898437,-73.20699795809657,11277.6,118.7571208973024,240.59539959810456
2024-08-31 09:49:04+00:00,NAC810,22.474136352539062,-73.20495050603694,11277.6,118.7571208973024,240.59539959810456
2024-08-31 09:49:05+00:00,NAC810,22.47313935877913,-73.20302327473956,11277.6,118.86441133869448,240.8433196987451
2024-08-31 09:49:06+00:00,NAC810,22.472115209547137,-73.20098876953125,11277.6,118.86441133869448,240.8433196987451
2024-08-31 09:49:07+00:00,NAC810,22.471115112304688,-73.19900790127838,11277.6,118.86441133869448,240.8433196987451
2024-08-31 09:49:08+00:00,NAC810,22.47011346332097,-73.19707234700519,11277.6,118.86441133869448,240.8433196987451
2024-08-31 09:49:09+00:00,NAC810,22.46894965737553,-73.194834391276,11277.6,118.86441133869448,240.8433196987451
2024-08-31 09:49:10+00:00,NAC810,22.46843758275953,-73.19381713867188,11277.6,118.86441133869448,240.8433196987451
2024-08-31 09:49:11+00:00,NAC810,22.46722412109375,-73.19146728515625,11277.6,118.86441133869448,240.8433196987451
2024-08-31 09:49:12+00:00,NAC810,22.46583065744173,-73.18868001302081,11277.6,118.86441133869448,240.8433196987451
2024-08-31 09:49:13+00:00,NAC810,22.464759955971928,-73.1866455078125,11277.6,118.86441133869448,240.8433196987451
2024-08-31 09:49:14+00:00,NAC810,22.463735806739937,-73.18461100260413,11285.22,118.86441133869448,240.8433196987451
2024-08-31 09:49:15+00:00,NAC810,22.46273803710937,-73.18267822265625,11285.22,118.86441133869448,240.8433196987451
2024-08-31 09:49:16+00:00,NAC810,22.46215303065413,-73.18155924479163,11285.22,118.86441133869448,240.8433196987451
2024-08-31 09:49:17+00:00,NAC810,22.46063232421875,-73.17858331853694,11285.22,118.86441133869448,240.8433196987451
2024-08-31 09:49:18+00:00,NAC810,22.45957946777344,-73.17653586647725,11285.22,118.86441133869448,240.8433196987451
2024-08-31 09:49:19+00:00,NAC810,22.458526611328125,-73.17448841441762,11285.22,118.86441133869448,240.8433196987451
2024-08-31 09:49:20+00:00,NAC810,22.45738220214844,-73.1722412109375,11285.22,118.86441133869448,240.8433196987451
2024-08-31 09:49:21+00:00,NAC810,22.45623779296875,-73.16999400745738,11285.22,118.86441133869448,240.8433196987451
2024-08-31 09:49:22+00:00,NAC810,22.45563571735964,-73.16889444986975,11285.22,118.86441133869448,240.8433196987451
2024-08-31 09:49:23+00:00,NAC810,22.4544719114142,-73.16660563151038,11285.22,118.86441133869448,240.8433196987451
2024-08-31 09:49:24+00:00,NAC810,22.453399658203125,-73.16450084339488,11285.22,118.86441133869448,240.8433196987451
2024-08-31 09:49:25+00:00,NAC810,22.452438354492188,-73.16265314275569,11285.22,118.97148074670268,241.09208258362725
2024-08-31 09:49:26+00:00,NAC810,22.4512939453125,-73.16040593927556,11285.22,118.97148074670268,241.09208258362725
2024-08-31 09:49:27+00:00,NAC810,22.4497701353946,-73.15745035807288,11285.22,118.97148074670268,241.09208258362725
2024-08-31 09:49:28+00:00,NAC810,22.449118404065143,-73.15622965494788,11277.6,119.03081017207576,240.64214464895412
2024-08-31 09:49:29+00:00,NAC810,22.4479545981197,-73.1539408365885,11277.6,119.03081017207576,240.64214464895412
2024-08-31 09:49:30+00:00,NAC810,22.44693044888771,-73.15190633138019,11277.6,118.97148074670268,241.09208258362725
2024-08-31 09:49:31+00:00,NAC810,22.445709228515625,-73.14956942471588,11277.6,118.97148074670268,241.09208258362725
2024-08-31 09:49:32+00:00,NAC810,22.444602836996825,-73.14743041992188,11285.22,118.97148074670268,241.09208258362725
2024-08-31 09:49:33+00:00,NAC810,22.443603515625,-73.14547452059657,11277.6,118.97148074670268,241.09208258362725
2024-08-31 09:49:34+00:00,NAC810,22.44296264648437,-73.14427601207387,11277.6,118.86441133869448,240.8433196987451
2024-08-31 09:49:35+00:00,NAC810,22.441995911679022,-73.14229329427081,11285.22,118.86441133869448,240.8433196987451
2024-08-31 09:49:36+00:00,NAC810,22.44083210573358,-73.14005533854163,11285.22,118.86441133869448,240.8433196987451
2024-08-31 09:49:37+00:00,NAC810,22.439712524414062,-73.13793390447444,11285.22,118.86441133869448,240.8433196987451
2024-08-31 09:49:38+00:00,NAC810,22.438644150556144,-73.13578287760413,11285.22,118.86441133869448,240.8433196987451
2024-08-31 09:49:39+00:00,NAC810,22.43715447894597,-73.13288370768225,11277.6,118.7571208973024,240.59539959810456
2024-08-31 09:49:40+00:00,NAC810,22.436599731445312,-73.13179154829544,11285.22,118.7571208973024,240.59539959810456
2024-08-31 09:49:41+00:00,NAC810,22.43547859838453,-73.12962849934894,11285.22,118.7571208973024,240.59539959810456
2024-08-31 09:49:42+00:00,NAC810,22.434402465820312,-73.12749689275569,11285.22,118.7571208973024,240.59539959810456
2024-08-31 09:49:43+00:00,NAC810,22.433383747682733,-73.12550862630206,11277.6,118.7571208973024,240.59539959810456
2024-08-31 09:49:44+00:00,NAC810,22.43235959845074,-73.12347412109375,11277.6,118.7571208973024,240.59539959810456
2024-08-31 09:49:45+00:00,NAC810,22.430916479078387,-73.12062581380206,11277.6,118.7571208973024,240.59539959810456
2024-08-31 09:49:46+00:00,NAC810,22.430419921875,-73.11970658735794,11277.6,118.86441133869448,240.8433196987451
2024-08-31 09:49:47+00:00,NAC810,22.429426807468214,-73.11777750651038,11277.6,118.86441133869448,240.8433196987451
2024-08-31 09:49:48+00:00,NAC810,22.428495762711865,-73.11589558919269,11277.6,118.86441133869448,240.8433196987451
2024-08-31 09:49:49+00:00,NAC810,22.42684936523437,-73.11276522549713,11277.6,118.86441133869448,240.8433196987451
2024-08-31 09:49:50+00:00,NAC810,22.425888837394066,-73.11080932617188,11277.6,118.86441133869448,240.8433196987451
2024-08-31 09:49:51+00:00,NAC810,22.424880981445312,-73.10887007279825,11277.6,118.86441133869448,240.8433196987451
2024-08-31 09:49:52+00:00,NAC810,22.42430606130826,-73.10775756835938,11277.6,118.86441133869448,240.8433196987451
2024-08-31 09:49:53+00:00,NAC810,22.423142255362816,-73.10546875,11277.6,118.86441133869448,240.8433196987451
2024-08-31 09:49:54+00:00,NAC810,22.422042846679688,-73.10332697088069,11277.6,118.86441133869448,240.8433196987451
2024-08-31 09:49:55+00:00,NAC810,22.421047404661017,-73.10139973958331,11277.6,118.86441133869448,240.8433196987451
2024-08-31 09:49:56+00:00,NAC810,22.41946462857521,-73.09834798177081,11277.6,118.92360171363164,240.39291616070875
2024-08-31 09:49:57+00:00,NAC810,22.418472290039062,-73.09638560901988,11277.6,118.92360171363164,240.39291616070875
2024-08-31 09:49:58+00:00,NAC810,22.41796875,-73.09538685191762,11277.6,118.92360171363164,240.39291616070875
2024-08-31 09:49:59+00:00,NAC810,22.41653183759269,-73.0926513671875,11277.6,118.92360171363164,240.39291616070875
2024-08-31 09:50:00+00:00,NAC810,22.415507688360695,-73.09056599934894,11277.6,119.03081017207576,240.64214464895412
2024-08-31 09:50:01+00:00,NAC810,22.41453009136653,-73.08873494466144,11277.6,119.03081017207576,240.64214464895412
2024-08-31 09:50:02+00:00,NAC810,22.41336628542108,-73.08649698893225,11277.6,119.03081017207576,240.64214464895412
2024-08-31 09:50:03+00:00,NAC810,22.41234213618909,-73.08446248372394,11277.6,119.03081017207576,240.64214464895412
2024-08-31 09:50:04+00:00,NAC810,22.411148071289062,-73.08210338245738,11277.6,118.92360171363164,240.39291616070875
2024-08-31 09:50:05+00:00,NAC810,22.41059875488281,-73.08110462535512,11277.6,118.92360171363164,240.39291616070875
2024-08-31 09:50:06+00:00,NAC810,22.4095024496822,-73.07896931966144,11277.6,118.92360171363164,240.39291616070875
2024-08-31 09:50:07+00:00,NAC810,22.40840148925781,-73.07680996981532,11277.6,118.92360171363164,240.39291616070875
2024-08-31 09:50:08+00:00,NAC810,22.40698862884004,-73.07408650716144,11277.6,118.92360171363164,240.39291616070875
2024-08-31 09:50:09+00:00,NAC810,22.405917927370236,-73.07200113932288,11277.6,118.92360171363164,240.39291616070875
2024-08-31 09:50:10+00:00,NAC810,22.40489377813824,-73.06996663411456,11285.22,118.92360171363164,240.39291616070875
2024-08-31 09:50:11+00:00,NAC810,22.40400695800781,-73.06822065873575,11277.6,118.92360171363164,240.39291616070875
2024-08-31 09:50:12+00:00,NAC810,22.4029541015625,-73.06617320667613,11277.6,118.92360171363164,240.39291616070875
2024-08-31 09:50:13+00:00,NAC810,22.401867882680083,-73.06406656901038,11277.6,118.86441133869448,240.8433196987451
2024-08-31 09:50:14+00:00,NAC810,22.40079718121028,-73.06203206380206,11277.6,118.7571208973024,240.59539959810456
2024-08-31 09:50:15+00:00,NAC810,22.399703979492188,-73.05988103693181,11277.6,118.7571208973024,240.59539959810456
2024-08-31 09:50:16+00:00,NAC810,22.39860922603284,-73.05770874023438,11285.22,118.7571208973024,240.59539959810456
2024-08-31 09:50:17+00:00,NAC810,22.398004046941207,-73.05648803710938,11285.22,118.7571208973024,240.59539959810456
2024-08-31 09:50:18+00:00,NAC810,22.39691162109375,-73.05433793501419,11277.6,118.7571208973024,240.59539959810456
2024-08-31 09:50:19+00:00,NAC810,22.395538330078125,-73.05169122869319,11277.6,118.7571208973024,240.59539959810456
2024-08-31 09:50:20+00:00,NAC810,22.3948974609375,-73.05049272017044,11277.6,118.7571208973024,240.59539959810456
2024-08-31 09:50:21+00:00,NAC810,22.39324951171875,-73.04719682173294,11285.22,118.86441133869448,240.8433196987451
2024-08-31 09:50:22+00:00,NAC810,22.39279019630561,-73.04631551106769,11277.6,118.86441133869448,240.8433196987451
2024-08-31 09:50:23+00:00,NAC810,22.391719494835804,-73.04423014322913,11277.6,118.86441133869448,240.8433196987451
2024-08-31 09:50:24+00:00,NAC810,22.39055568889036,-73.0419921875,11277.6,118.92360171363164,240.39291616070875
2024-08-31 09:50:25+00:00,NAC810,22.38958740234375,-73.04005570845169,11277.6,118.92360171363164,240.39291616070875
2024-08-31 09:50:26+00:00,NAC810,22.388442993164062,-73.03780850497157,11277.6,118.92360171363164,240.39291616070875
2024-08-31 09:50:27+00:00,NAC810,22.387252807617188,-73.03556130149144,11277.6,118.92360171363164,240.39291616070875
2024-08-31 09:50:28+00:00,NAC810,22.38627288301112,-73.03365071614581,11277.6,118.92360171363164,240.39291616070875
2024-08-31 09:50:29+00:00,NAC810,22.385341838254767,-73.03181966145831,11285.22,118.92360171363164,240.39291616070875
2024-08-31 09:50:30+00:00,NAC810,22.384323120117188,-73.0298683860085,11277.6,118.92360171363164,240.39291616070875
2024-08-31 09:50:31+00:00,NAC810,22.3833400920286,-73.02790323893225,11277.6,118.92360171363164,240.39291616070875
2024-08-31 09:50:32+00:00,NAC810,22.38185042041843,-73.02505493164062,11277.6,118.92360171363164,240.39291616070875
2024-08-31 09:50:33+00:00,NAC810,22.38075256347656,-73.02292702414769,11277.6,118.92360171363164,240.39291616070875
2024-08-31 09:50:34+00:00,NAC810,22.3802490234375,-73.02192826704544,11277.6,118.92360171363164,240.39291616070875
2024-08-31 09:50:35+00:00,NAC810,22.379150390625,-73.01976521809894,11277.6,118.92360171363164,240.39291616070875
2024-08-31 09:50:36+00:00,NAC810,22.37807968915519,-73.01773071289062,11277.6,118.92360171363164,240.39291616070875
2024-08-31 09:50:37+00:00,NAC810,22.3770555399232,-73.01569620768225,11277.6,118.92360171363164,240.39291616070875
2024-08-31 09:50:38+00:00,NAC810,22.37544250488281,-73.01253995028407,11277.6,118.92360171363164,240.39291616070875
2024-08-31 09:50:39+00:00,NAC810,22.374308957891948,-73.01040649414062,11277.6,118.92360171363164,240.39291616070875
2024-08-31 09:50:40+00:00,NAC810,22.37384033203125,-73.009443803267,11277.6,118.92360171363164,240.39291616070875
2024-08-31 09:50:41+00:00,NAC810,22.37277273404396,-73.00730387369788,11277.6,118.92360171363164,240.39291616070875
2024-08-31 09:50:42+00:00,NAC810,22.37164306640625,-73.00519908558238,11277.6,118.92360171363164,240.39291616070875
2024-08-31 09:50:43+00:00,NAC810,22.3707275390625,-73.00335138494319,11277.6,118.92360171363164,240.39291616070875
2024-08-31 09:50:44+00:00,NAC810,22.36983994306144,-73.00160725911456,11277.6,118.92360171363164,240.39291616070875
2024-08-31 09:50:45+00:00,NAC810,22.368392944335938,-72.99885697798294,11277.6,118.92360171363164,240.39291616070875
2024-08-31 09:50:46+00:00,NAC810,22.3670654296875,-72.99621027166194,11277.6,118.92360171363164,240.39291616070875
2024-08-31 09:50:47+00:00,NAC810,22.36665344238281,-72.995361328125,11277.6,118.92360171363164,240.39291616070875
2024-08-31 09:50:48+00:00,NAC810,22.36541748046875,-72.99301147460938,11277.6,118.92360171363164,240.39291616070875
2024-08-31 09:50:49+00:00,NAC810,22.36431884765625,-72.99086692116475,11277.6,118.92360171363164,240.39291616070875
2024-08-31 09:50:50+00:00,NAC810,22.363229525291317,-72.98873901367188,11277.6,118.92360171363164,240.39291616070875
2024-08-31 09:50:51+00:00,NAC810,22.362158823821503,-72.9867045084635,11277.6,118.92360171363164,240.39291616070875
2024-08-31 09:50:52+00:00,NAC810,22.361068725585938,-72.98457475142044,11277.6,118.92360171363164,240.39291616070875
2024-08-31 09:50:53+00:00,NAC810,22.360565185546875,-72.98352605646306,11277.6,118.92360171363164,240.39291616070875
2024-08-31 09:50:54+00:00,NAC810,22.359458794028072,-72.98141479492188,11277.6,118.92360171363164,240.39291616070875
2024-08-31 09:50:55+00:00,NAC810,22.357876017942267,-72.97836303710938,11277.6,118.92360171363164,240.39291616070875
2024-08-31 09:50:56+00:00,NAC810,22.35685186871028,-72.97627766927081,11277.6,118.92360171363164,240.39291616070875
2024-08-31 09:50:57+00:00,NAC810,22.35585021972656,-72.97433749112213,11277.6,118.92360171363164,240.39291616070875
2024-08-31 09:50:58+00:00,NAC810,22.354757018008478,-72.97220865885413,11277.6,118.81617110377502,240.14453107349587
2024-08-31 09:50:59+00:00,NAC810,22.35382597325212,-72.97037760416663,11277.6,118.81617110377502,240.14453107349587
2024-08-31 09:51:00+00:00,NAC810,22.352755271782307,-72.96834309895831,11277.6,118.7571208973024,240.59539959810456
2024-08-31 09:51:01+00:00,NAC810,22.351824227025958,-72.96651204427081,11277.6,118.7571208973024,240.59539959810456
2024-08-31 09:51:02+00:00,NAC810,22.35080007779396,-72.9644775390625,11277.6,118.7571208973024,240.59539959810456
2024-08-31 09:51:03+00:00,NAC810,22.34963627184852,-72.96223958333331,11277.6,118.7571208973024,240.59539959810456
2024-08-31 09:51:04+00:00,NAC810,22.348663330078125,-72.96025501598012,11277.6,118.7571208973024,240.59539959810456
2024-08-31 09:51:05+00:00,NAC810,22.34761047363281,-72.95820756392044,11277.6,118.7571208973024,240.59539959810456
2024-08-31 09:51:06+00:00,NAC810,22.3465576171875,-72.95621004971588,11277.6,118.7571208973024,240.59539959810456
2024-08-31 09:51:07+00:00,NAC810,22.345504760742188,-72.95416259765625,11277.6,118.7571208973024,240.59539959810456
2024-08-31 09:51:08+00:00,NAC810,22.34442242121292,-72.95201619466144,11277.6,118.7571208973024,240.59539959810456
2024-08-31 09:51:09+00:00,NAC810,22.34344482421875,-72.95006769353694,11277.6,118.7571208973024,240.59539959810456
2024-08-31 09:51:10+00:00,NAC810,22.342300415039062,-72.94782049005681,11277.6,118.7571208973024,240.59539959810456
2024-08-31 09:51:11+00:00,NAC810,22.34130342127913,-72.94591267903644,11277.6,118.81617110377502,240.14453107349587
2024-08-31 09:51:12+00:00,NAC810,22.340139615333687,-72.94362386067706,11277.6,118.81617110377502,240.14453107349587
2024-08-31 09:51:13+00:00,NAC810,22.339141845703125,-72.94167813387782,11277.6,118.81617110377502,240.14453107349587
2024-08-31 09:51:14+00:00,NAC810,22.33827752582097,-72.93996175130206,11277.6,118.81617110377502,240.14453107349587
2024-08-31 09:51:15+00:00,NAC810,22.3370361328125,-72.93763316761363,11277.6,118.81617110377502,240.14453107349587
2024-08-31 09:51:16+00:00,NAC810,22.33612060546875,-72.93578546697444,11277.6,118.81617110377502,240.14453107349587
2024-08-31 09:51:17+00:00,NAC810,22.33506774902344,-72.93373801491475,11277.6,118.81617110377502,240.14453107349587
2024-08-31 09:51:18+00:00,NAC810,22.334014892578125,-72.93169056285512,11277.6,118.81617110377502,240.14453107349587
2024-08-31 09:51:19+00:00,NAC810,22.33283091399629,-72.92938232421875,11277.6,118.92360171363164,240.39291616070875
2024-08-31 09:51:20+00:00,NAC810,22.331817626953125,-72.92744584517044,11277.6,118.92360171363164,240.39291616070875
2024-08-31 09:51:21+00:00,NAC810,22.330829167770126,-72.92551676432288,11277.6,118.92360171363164,240.39291616070875
2024-08-31 09:51:22+00:00,NAC810,22.32989812301377,-72.92368570963538,11277.6,118.92360171363164,240.39291616070875
2024-08-31 09:51:23+00:00,NAC810,22.32924639168432,-72.92246500651038,11277.6,118.92360171363164,240.39291616070875
2024-08-31 09:51:24+00:00,NAC810,22.327710167836333,-72.91941324869788,11277.6,118.92360171363164,240.39291616070875
2024-08-31 09:51:25+00:00,NAC810,22.3267822265625,-72.91765802556819,11277.6,118.92360171363164,240.39291616070875
2024-08-31 09:51:26+00:00,NAC810,22.32563781738281,-72.91541082208806,11277.6,118.92360171363164,240.39291616070875
2024-08-31 09:51:27+00:00,NAC810,22.32408142089844,-72.91236461292613,11277.6,118.92360171363164,240.39291616070875
2024-08-31 09:51:28+00:00,NAC810,22.323520466432733,-72.91122436523438,11277.6,118.92360171363164,240.39291616070875
2024-08-31 09:51:29+00:00,NAC810,22.322356660487287,-72.90898640950519,11277.6,118.98301424106415,239.9427701395594
2024-08-31 09:51:30+00:00,NAC810,22.32124328613281,-72.90687144886363,11277.6,118.98301424106415,239.9427701395594
2024-08-31 09:51:31+00:00,NAC810,22.320098876953125,-72.9046242453835,11277.6,119.09036180996192,240.1924657087396
2024-08-31 09:51:32+00:00,NAC810,22.319004899364405,-72.90252685546875,11277.6,119.09036180996192,240.1924657087396
2024-08-31 09:51:33+00:00,NAC810,22.3179931640625,-72.90057927911931,11277.6,118.98301424106415,239.9427701395594
2024-08-31 09:51:34+00:00,NAC810,22.31744384765625,-72.89953058416194,11277.6,118.98301424106415,239.9427701395594
2024-08-31 09:51:35+00:00,NAC810,22.316436767578125,-72.89753306995738,11277.6,118.98301424106415,239.9427701395594
2024-08-31 09:51:36+00:00,NAC810,22.31538391113281,-72.89548561789769,11277.6,118.98301424106415,239.9427701395594
2024-08-31 09:51:37+00:00,NAC810,22.314239501953125,-72.89323841441762,11277.6,118.98301424106415,239.9427701395594
2024-08-31 09:51:38+00:00,NAC810,22.313139317399365,-72.89113362630206,11277.6,118.98301424106415,239.9427701395594
2024-08-31 09:51:39+00:00,NAC810,22.31190490722656,-72.88874400745738,11277.6,118.8754433962281,239.69391858473404
2024-08-31 09:51:40+00:00,NAC810,22.311309814453125,-72.88754549893463,11277.6,118.81617110377502,240.14453107349587
2024-08-31 09:51:41+00:00,NAC810,22.30970764160156,-72.88449928977269,11277.6,118.81617110377502,240.14453107349587
2024-08-31 09:51:42+00:00,NAC810,22.3092041015625,-72.88345059481532,11277.6,118.81617110377502,240.14453107349587
2024-08-31 09:51:43+00:00,NAC810,22.30759960109905,-72.88029988606769,11285.22,118.81617110377502,240.14453107349587
2024-08-31 09:51:44+00:00,NAC810,22.3064357951536,-72.8780619303385,11285.22,118.81617110377502,240.14453107349587
2024-08-31 09:51:45+00:00,NAC810,22.305923720537606,-72.87704467773438,11285.22,118.81617110377502,240.14453107349587
2024-08-31 09:51:46+00:00,NAC810,22.30475991459216,-72.87480672200519,11285.22,118.81617110377502,240.14453107349587
2024-08-31 09:51:47+00:00,NAC810,22.303253173828125,-72.87186501242894,11277.6,118.81617110377502,240.14453107349587
2024-08-31 09:51:48+00:00,NAC810,22.302804720603813,-72.87094116210938,11285.22,118.81617110377502,240.14453107349587
2024-08-31 09:51:49+00:00,NAC810,22.301734019134003,-72.868906656901,11285.22,118.81617110377502,240.14453107349587
2024-08-31 09:51:50+00:00,NAC810,22.300616765426376,-72.86666870117188,11277.6,118.81617110377502,240.14453107349587
2024-08-31 09:51:51+00:00,NAC810,22.299087524414062,-72.86372514204544,11285.22,118.81617110377502,240.14453107349587
2024-08-31 09:51:52+00:00,NAC810,22.29844665527344,-72.86247669566762,11285.22,118.81617110377502,240.14453107349587
2024-08-31 09:51:53+00:00,NAC810,22.297622680664062,-72.86087868430394,11277.6,118.81617110377502,240.14453107349587
2024-08-31 09:51:54+00:00,NAC810,22.29652016849841,-72.85873413085938,11277.6,118.81617110377502,240.14453107349587
2024-08-31 09:51:55+00:00,NAC810,22.29510498046875,-72.85598477450282,11277.6,118.81617110377502,240.14453107349587
2024-08-31 09:51:56+00:00,NAC810,22.294146004369704,-72.85405476888019,11277.6,118.81617110377502,240.14453107349587
2024-08-31 09:51:57+00:00,NAC810,22.293136596679688,-72.85208962180394,11277.6,118.81617110377502,240.14453107349587
2024-08-31 09:51:58+00:00,NAC810,22.292563228283896,-72.85100301106769,11277.6,118.81617110377502,240.14453107349587
2024-08-31 09:51:59+00:00,NAC810,22.291120108911542,-72.848154703776,11277.6,118.8754433962281,239.69391858473404
2024-08-31 09:52:00+00:00,NAC810,22.290023803710938,-72.84599720348012,11277.6,118.8754433962281,239.69391858473404
2024-08-31 09:52:01+00:00,NAC810,22.288833618164062,-72.84375,11277.6,118.8754433962281,239.69391858473404
2024-08-31 09:52:02+00:00,NAC810,22.28768920898437,-72.84150279651988,11277.6,118.81617110377502,240.14453107349587
2024-08-31 09:52:03+00:00,NAC810,22.286773681640625,-72.83970503373575,11277.6,118.81617110377502,240.14453107349587
2024-08-31 09:52:04+00:00,NAC810,22.28618557170286,-72.83859252929688,11277.6,118.81617110377502,240.14453107349587
2024-08-31 09:52:05+00:00,NAC810,22.28464934785487,-72.83554077148438,11277.6,118.81617110377502,240.14453107349587
2024-08-31 09:52:06+00:00,NAC810,22.283615112304688,-72.83361261541194,11277.6,118.81617110377502,240.14453107349587
2024-08-31 09:52:07+00:00,NAC810,22.28274070610434,-72.83187866210938,11277.6,118.81617110377502,240.14453107349587
2024-08-31 09:52:08+00:00,NAC810,22.28173828125,-72.8299172141335,11277.6,118.81617110377502,240.14453107349587
2024-08-31 09:52:09+00:00,NAC810,22.28022688526218,-72.82699584960938,11277.6,118.81617110377502,240.14453107349587
2024-08-31 09:52:10+00:00,NAC810,22.27967834472656,-72.82587224786931,11277.6,118.8754433962281,239.69391858473404
2024-08-31 09:52:11+00:00,NAC810,22.2786906614142,-72.82394409179688,11277.6,118.8754433962281,239.69391858473404
2024-08-31 09:52:12+00:00,NAC810,22.27748107910156,-72.8215775923295,11277.6,118.98301424106415,239.9427701395594
2024-08-31 09:52:13+00:00,NAC810,22.276363049523304,-72.8194681803385,11277.6,118.98301424106415,239.9427701395594
2024-08-31 09:52:14+00:00,NAC810,22.27528381347656,-72.81733287464488,11277.6,118.98301424106415,239.9427701395594
2024-08-31 09:52:15+00:00,NAC810,22.274175094345868,-72.815195719401,11277.6,118.98301424106415,239.9427701395594
2024-08-31 09:52:16+00:00,NAC810,22.27375612420551,-72.81438191731769,11277.6,118.98301424106415,239.9427701395594
2024-08-31 09:52:17+00:00,NAC810,22.272173348119704,-72.81133015950519,11277.6,118.98301424106415,239.9427701395594
2024-08-31 09:52:18+00:00,NAC810,22.271072387695312,-72.80919300426137,11277.6,118.98301424106415,239.9427701395594
2024-08-31 09:52:19+00:00,NAC810,22.270171601893537,-72.80746459960938,11277.6,118.98301424106415,239.9427701395594
2024-08-31 09:52:20+00:00,NAC810,22.26924055713718,-72.80563354492188,11277.6,118.98301424106415,239.9427701395594
2024-08-31 09:52:21+00:00,NAC810,22.268142700195312,-72.80350008877838,11277.6,118.98301424106415,239.9427701395594
2024-08-31 09:52:22+00:00,NAC810,22.267593383789062,-72.80250133167613,11277.6,118.98301424106415,239.9427701395594
2024-08-31 09:52:23+00:00,NAC810,22.265981900489937,-72.799326578776,11277.6,118.98301424106415,239.9427701395594
2024-08-31 09:52:24+00:00,NAC810,22.264892578125,-72.79720791903407,11277.6,118.98301424106415,239.9427701395594
2024-08-31 09:52:25+00:00,NAC810,22.263748168945312,-72.79496071555394,11277.6,118.98301424106415,239.9427701395594
2024-08-31 09:52:26+00:00,NAC810,22.262603759765625,-72.79276344992894,11277.6,118.98301424106415,239.9427701395594
2024-08-31 09:52:27+00:00,NAC810,22.261642456054688,-72.79091574928975,11277.6,118.98301424106415,239.9427701395594
2024-08-31 09:52:28+00:00,NAC810,22.26058959960937,-72.78886829723012,11277.6,118.98301424106415,239.9427701395594
2024-08-31 09:52:29+00:00,NAC810,22.259445190429688,-72.78667103160512,11277.6,118.98301424106415,239.9427701395594
2024-08-31 09:52:30+00:00,NAC810,22.25848388671875,-72.78482333096588,11277.6,118.98301424106415,239.9427701395594
2024-08-31 09:52:31+00:00,NAC810,22.257476806640625,-72.78277587890625,11277.6,118.98301424106415,239.9427701395594
2024-08-31 09:52:32+00:00,NAC810,22.25628662109375,-72.78052867542613,11277.6,118.98301424106415,239.9427701395594
2024-08-31 09:52:33+00:00,NAC810,22.25532143802966,-72.77862548828125,11277.6,118.98301424106415,239.9427701395594
2024-08-31 09:52:34+00:00,NAC810,22.25473022460937,-72.77748246626419,11277.6,118.98301424106415,239.9427701395594
2024-08-31 09:52:35+00:00,NAC810,22.253585815429688,-72.77528520063919,11277.6,118.98301424106415,239.9427701395594
2024-08-31 09:52:36+00:00,NAC810,22.252481751522776,-72.77313232421875,11277.6,118.98301424106415,239.9427701395594
2024-08-31 09:52:37+00:00,NAC810,22.25106811523437,-72.77039129083806,11277.6,118.98301424106415,239.9427701395594
2024-08-31 09:52:38+00:00,NAC810,22.250107587394066,-72.76845296223956,11277.6,118.98301424106415,239.9427701395594
2024-08-31 09:52:39+00:00,NAC810,22.249099731445312,-72.76654607599431,11277.6,118.98301424106415,239.9427701395594
2024-08-31 09:52:40+00:00,NAC810,22.248105841167902,-72.76463826497394,11277.6,118.98301424106415,239.9427701395594
2024-08-31 09:52:41+00:00,NAC810,22.247085571289062,-72.76270086115056,11277.6,118.8754433962281,239.69391858473404
2024-08-31 09:52:42+00:00,NAC810,22.2460109904661,-72.76056925455725,11277.6,118.8754433962281,239.69391858473404
2024-08-31 09:52:43+00:00,NAC810,22.24493408203125,-72.75840620561075,11277.6,118.8754433962281,239.69391858473404
2024-08-31 09:52:44+00:00,NAC810,22.243881225585938,-72.75640869140625,11277.6,118.98301424106415,239.9427701395594
2024-08-31 09:52:45+00:00,NAC810,22.242828369140625,-72.75436123934657,11277.6,118.98301424106415,239.9427701395594
2024-08-31 09:52:46+00:00,NAC810,22.24227905273437,-72.75336248224431,11277.6,118.98301424106415,239.9427701395594
2024-08-31 09:52:47+00:00,NAC810,22.240631103515625,-72.75011652166194,11277.6,118.98301424106415,239.9427701395594
2024-08-31 09:52:48+00:00,NAC810,22.24008178710937,-72.7490678267045,11277.6,118.98301424106415,239.9427701395594
2024-08-31 09:52:49+00:00,NAC810,22.238525390625,-72.74602161754262,11277.6,118.98301424106415,239.9427701395594
2024-08-31 09:52:50+00:00,NAC810,22.237445378707623,-72.74388631184894,11277.6,118.98301424106415,239.9427701395594
2024-08-31 09:52:51+00:00,NAC810,22.23651433395127,-72.74210611979163,11277.6,118.98301424106415,239.9427701395594
2024-08-31 09:52:52+00:00,NAC810,22.235595703125,-72.74032870205963,11277.6,118.98301424106415,239.9427701395594
2024-08-31 09:52:53+00:00,NAC810,22.23468017578125,-72.73853093927556,11277.6,118.98301424106415,239.9427701395594
2024-08-31 09:52:54+00:00,NAC810,22.233718872070312,-72.73668323863637,11277.6,119.04265004552369,239.49288308736772
2024-08-31 09:52:55+00:00,NAC810,22.232417737023304,-72.73417154947913,11277.6,119.04265004552369,239.49288308736772
2024-08-31 09:52:56+00:00,NAC810,22.231842041015625,-72.73303777521306,11277.6,119.04265004552369,239.49288308736772
2024-08-31 09:52:57+00:00,NAC810,22.230136677370236,-72.72969563802081,11277.6,119.04265004552369,239.49288308736772
2024-08-31 09:52:58+00:00,NAC810,22.22957805051642,-72.72867838541663,11277.6,119.04265004552369,239.49288308736772
2024-08-31 09:52:59+00:00,NAC810,22.228500366210938,-72.72654585404825,11277.6,119.04265004552369,239.49288308736772
2024-08-31 09:53:00+00:00,NAC810,22.227447509765625,-72.72454833984375,11277.6,119.04265004552369,239.49288308736772
2024-08-31 09:53:01+00:00,NAC810,22.22636594610699,-72.722422281901,11277.6,119.04265004552369,239.49288308736772
2024-08-31 09:53:02+00:00,NAC810,22.225250244140625,-72.72025368430394,11277.6,119.04265004552369,239.49288308736772
2024-08-31 09:53:04+00:00,NAC810,22.22320039393538,-72.716318766276,11277.6,119.04265004552369,239.49288308736772
2024-08-31 09:53:05+00:00,NAC810,22.222176244703387,-72.71428426106769,11277.6,118.9349389023268,239.24356357854077
2024-08-31 09:53:06+00:00,NAC810,22.221176147460938,-72.712363503196,11277.6,118.9349389023268,239.24356357854077
2024-08-31 09:53:07+00:00,NAC810,22.220123291015625,-72.71031605113637,11277.6,118.9349389023268,239.24356357854077
2024-08-31 09:53:08+00:00,NAC810,22.21856689453125,-72.70726984197444,11277.6,118.9349389023268,239.24356357854077
2024-08-31 09:53:09+00:00,NAC810,22.217605590820312,-72.70547207919032,11277.6,118.9349389023268,239.24356357854077
2024-08-31 09:53:10+00:00,NAC810,22.21710205078125,-72.70447332208806,11277.6,118.9349389023268,239.24356357854077
2024-08-31 09:53:11+00:00,NAC810,22.21598479707362,-72.70233154296875,11277.6,118.9349389023268,239.24356357854077
2024-08-31 09:53:12+00:00,NAC810,22.21490478515625,-72.70017866654825,11277.6,118.9349389023268,239.24356357854077
2024-08-31 09:53:13+00:00,NAC810,22.213377871755824,-72.69724527994788,11277.6,118.9349389023268,239.24356357854077
2024-08-31 09:53:14+00:00,NAC810,22.212353722523837,-72.69521077473956,11277.6,118.9349389023268,239.24356357854077
2024-08-31 09:53:15+00:00,NAC810,22.211283021054022,-72.69322713216144,11277.6,118.9349389023268,239.24356357854077
2024-08-31 09:53:16+00:00,NAC810,22.21077094643803,-72.69220987955725,11277.6,118.9349389023268,239.24356357854077
2024-08-31 09:53:17+00:00,NAC810,22.20974679720604,-72.69017537434894,11277.6,118.9349389023268,239.24356357854077
2024-08-31 09:53:18+00:00,NAC810,22.208676095736227,-72.68814086914062,11277.6,119.04265004552369,239.49288308736772
2024-08-31 09:53:19+00:00,NAC810,22.207512289790785,-72.68590291341144,11277.6,119.04265004552369,239.49288308736772
2024-08-31 09:53:20+00:00,NAC810,22.20648814055879,-72.68386840820312,11277.6,119.04265004552369,239.49288308736772
2024-08-31 09:53:21+00:00,NAC810,22.204905364472985,-72.68086751302081,11277.6,119.04265004552369,239.49288308736772
2024-08-31 09:53:22+00:00,NAC810,22.204486394332623,-72.6800537109375,11277.6,119.04265004552369,239.49288308736772
2024-08-31 09:53:23+00:00,NAC810,22.203462245100635,-72.67801920572913,11277.6,119.10251025807491,239.04325646629735
2024-08-31 09:53:24+00:00,NAC810,22.202391543630824,-72.67598470052081,11277.6,119.10251025807491,239.04325646629735
2024-08-31 09:53:25+00:00,NAC810,22.20080876754502,-72.6729838053385,11277.6,119.10251025807491,239.04325646629735
2024-08-31 09:53:26+00:00,NAC810,22.19978461831303,-72.67094930013019,11277.6,119.10251025807491,239.04325646629735
2024-08-31 09:53:27+00:00,NAC810,22.19913288698358,-72.66972859700519,11277.6,119.10251025807491,239.04325646629735
2024-08-31 09:53:28+00:00,NAC810,22.19810873775159,-72.66769409179688,11277.6,119.10251025807491,239.04325646629735
2024-08-31 09:53:29+00:00,NAC810,22.197131140757413,-72.66586303710938,11277.6,119.10251025807491,239.04325646629735
2024-08-31 09:53:30+00:00,NAC810,22.196044921875,-72.66377397017044,11277.6,119.10251025807491,239.04325646629735
2024-08-31 09:53:31+00:00,NAC810,22.194580078125,-72.66092751242894,11277.6,119.10251025807491,239.04325646629735
2024-08-31 09:53:32+00:00,NAC810,22.194076538085938,-72.65992875532669,11277.6,119.10251025807491,239.04325646629735
2024-08-31 09:53:33+00:00,NAC810,22.193023681640625,-72.657881303267,11277.6,119.10251025807491,239.04325646629735
2024-08-31 09:53:34+00:00,NAC810,22.191970825195312,-72.6558837890625,11277.6,119.10251025807491,239.04325646629735
2024-08-31 09:53:35+00:00,NAC810,22.19091796875,-72.65383633700282,11277.6,119.10251025807491,239.04325646629735
2024-08-31 09:53:36+00:00,NAC810,22.18982243942002,-72.65172322591144,11277.6,119.10251025807491,239.04325646629735
2024-08-31 09:53:37+00:00,NAC810,22.18865863347457,-72.64948527018225,11277.6,119.10251025807491,239.04325646629735
2024-08-31 09:53:38+00:00,NAC810,22.187576293945312,-72.64739435369319,11277.6,119.10251025807491,239.04325646629735
2024-08-31 09:53:39+00:00,NAC810,22.18638610839844,-72.64514715021306,11277.6,119.10251025807491,239.04325646629735
2024-08-31 09:53:40+00:00,NAC810,22.18581894696769,-72.64404296875,11277.6,119.10251025807491,239.04325646629735
2024-08-31 09:53:41+00:00,NAC810,22.184236170881885,-72.6409912109375,11277.6,119.10251025807491,239.04325646629735
2024-08-31 09:53:42+00:00,NAC810,22.183212021649894,-72.63900756835938,11277.6,119.10251025807491,239.04325646629735
2024-08-31 09:53:43+00:00,NAC810,22.182187872417902,-72.636973063151,11277.6,119.10251025807491,239.04325646629735
2024-08-31 09:53:44+00:00,NAC810,22.18111717094809,-72.63493855794269,11277.6,119.10251025807491,239.04325646629735
2024-08-31 09:53:45+00:00,NAC810,22.17995336500265,-72.6327006022135,11277.6,119.10251025807491,239.04325646629735
2024-08-31 09:53:46+00:00,NAC810,22.179348185911017,-72.63153076171875,11277.6,119.10251025807491,239.04325646629735
2024-08-31 09:53:47+00:00,NAC810,22.178277484441207,-72.62949625651038,11277.6,119.10251025807491,239.04325646629735
2024-08-31 09:53:48+00:00,NAC810,22.177020574020126,-72.62705485026038,11277.6,119.10251025807491,239.04325646629735
2024-08-31 09:53:49+00:00,NAC810,22.17599642478813,-72.62502034505206,11277.6,118.99465875632,238.79346751172173
2024-08-31 09:53:50+00:00,NAC810,22.174972275556144,-72.62303670247394,11277.6,118.99465875632,238.79346751172173
2024-08-31 09:53:51+00:00,NAC810,22.173808469610695,-72.62079874674475,11277.6,118.99465875632,238.79346751172173
2024-08-31 09:53:52+00:00,NAC810,22.172737768140887,-72.61876424153644,11277.6,118.99465875632,238.79346751172173
2024-08-31 09:53:53+00:00,NAC810,22.171646118164062,-72.61663263494319,11277.6,118.99465875632,238.79346751172173
2024-08-31 09:53:54+00:00,NAC810,22.171108439817267,-72.61555989583331,11277.6,118.99465875632,238.79346751172173
2024-08-31 09:53:55+00:00,NAC810,22.169586181640625,-72.61258766867894,11277.6,119.10251025807491,239.04325646629735
2024-08-31 09:53:56+00:00,NAC810,22.169013589115465,-72.61149088541663,11277.6,119.10251025807491,239.04325646629735
2024-08-31 09:53:57+00:00,NAC810,22.16748046875,-72.60854270241475,11277.6,119.10251025807491,239.04325646629735
2024-08-31 09:53:58+00:00,NAC810,22.16683959960937,-72.607344193892,11277.6,119.10251025807491,239.04325646629735
2024-08-31 09:53:59+00:00,NAC810,22.165786743164062,-72.6053466796875,11277.6,119.10251025807491,239.04325646629735
2024-08-31 09:54:00+00:00,NAC810,22.164823887711865,-72.6034037272135,11277.6,119.10251025807491,239.04325646629735
2024-08-31 09:54:01+00:00,NAC810,22.16375318624205,-72.60136922200519,11277.6,119.10251025807491,239.04325646629735
2024-08-31 09:54:02+00:00,NAC810,22.162822141485695,-72.59958902994788,11285.22,119.10251025807491,239.04325646629735
2024-08-31 09:54:03+00:00,NAC810,22.161379022113348,-72.59674072265625,11277.6,119.10251025807491,239.04325646629735
2024-08-31 09:54:04+00:00,NAC810,22.160385131835938,-72.5948097922585,11285.22,118.99465875632,238.79346751172173
2024-08-31 09:54:05+00:00,NAC810,22.159835815429688,-72.59381103515625,11285.22,118.99465875632,238.79346751172173
2024-08-31 09:54:06+00:00,NAC810,22.158865201271187,-72.59190877278644,11285.22,118.99465875632,238.79346751172173
2024-08-31 09:54:07+00:00,NAC810,22.157794499801376,-72.58987426757812,11277.6,118.99465875632,238.79346751172173
2024-08-31 09:54:08+00:00,NAC810,22.156814575195312,-72.58796830610794,11285.22,118.99465875632,238.79346751172173
2024-08-31 09:54:09+00:00,NAC810,22.155746201337397,-72.58585611979163,11277.6,118.99465875632,238.79346751172173
2024-08-31 09:54:11+00:00,NAC810,22.153418589446503,-72.58138020833331,11277.6,118.99465875632,238.79346751172173
2024-08-31 09:54:13+00:00,NAC810,22.15150451660156,-72.57763117009944,11277.6,118.99465875632,238.79346751172173
2024-08-31 09:54:14+00:00,NAC810,22.150360107421875,-72.57543390447444,11277.6,118.99465875632,238.79346751172173
2024-08-31 09:54:16+00:00,NAC810,22.148483276367188,-72.57178844105113,11277.6,118.99465875632,238.79346751172173
2024-08-31 09:54:17+00:00,NAC810,22.147459903005824,-72.56988525390625,11277.6,118.99465875632,238.79346751172173
2024-08-31 09:54:19+00:00,NAC810,22.1444091796875,-72.56389825994319,11277.6,118.99465875632,238.79346751172173
2024-08-31 09:54:20+00:00,NAC810,22.14317709712659,-72.56159464518225,11277.6,118.99465875632,238.79346751172173
2024-08-31 09:54:22+00:00,NAC810,22.142074584960938,-72.55945379083806,11277.6,118.99465875632,238.79346751172173
2024-08-31 09:54:23+00:00,NAC810,22.140477067333155,-72.55635579427081,11277.6,119.10251025807491,239.04325646629735
2024-08-31 09:54:24+00:00,NAC810,22.13946533203125,-72.55441006747157,11277.6,119.10251025807491,239.04325646629735
2024-08-31 09:54:25+00:00,NAC810,22.13847532110699,-72.552490234375,11277.6,119.10251025807491,239.04325646629735
2024-08-31 09:54:26+00:00,NAC810,22.13740539550781,-72.55036510120738,11277.6,119.10251025807491,239.04325646629735
2024-08-31 09:54:27+00:00,NAC810,22.13594055175781,-72.547568581321,11277.6,119.10251025807491,239.04325646629735
2024-08-31 09:54:28+00:00,NAC810,22.134979248046875,-72.54572088068181,11277.6,119.10251025807491,239.04325646629735
2024-08-31 09:54:29+00:00,NAC810,22.13442527641684,-72.54460652669269,11277.6,118.99465875632,238.79346751172173
2024-08-31 09:54:30+00:00,NAC810,22.133354574947035,-72.54262288411456,11277.6,118.99465875632,238.79346751172173
2024-08-31 09:54:31+00:00,NAC810,22.132781982421875,-72.54147616299713,11277.6,118.99465875632,238.79346751172173
2024-08-31 09:54:32+00:00,NAC810,22.1311666197696,-72.53835042317706,11277.6,118.99465875632,238.79346751172173
2024-08-31 09:54:33+00:00,NAC810,22.13008117675781,-72.53623268821019,11277.6,118.99465875632,238.79346751172173
2024-08-31 09:54:34+00:00,NAC810,22.128936767578125,-72.53403542258519,11277.6,118.99465875632,238.79346751172173
2024-08-31 09:54:35+00:00,NAC810,22.12790796312235,-72.53209431966144,11277.6,118.99465875632,238.79346751172173
2024-08-31 09:54:36+00:00,NAC810,22.126976918365997,-72.53026326497394,11277.6,118.99465875632,238.79346751172173
2024-08-31 09:54:37+00:00,NAC810,22.125778198242188,-72.52794300426137,11277.6,118.99465875632,238.79346751172173
2024-08-31 09:54:38+00:00,NAC810,22.124725341796875,-72.52594549005681,11277.6,118.99465875632,238.79346751172173
2024-08-31 09:54:39+00:00,NAC810,22.12371826171875,-72.52389803799713,11277.6,118.99465875632,238.79346751172173
2024-08-31 09:54:40+00:00,NAC810,22.12266540527344,-72.52190052379262,11277.6,118.99465875632,238.79346751172173
2024-08-31 09:54:41+00:00,NAC810,22.12152099609375,-72.51970325816762,11277.6,119.05460409907714,238.34363185124624
2024-08-31 09:54:42+00:00,NAC810,22.12050615730932,-72.51775105794269,11277.6,119.16259601635116,238.593891748684
2024-08-31 09:54:43+00:00,NAC810,22.11934235136388,-72.51556396484375,11277.6,119.16259601635116,238.593891748684
2024-08-31 09:54:44+00:00,NAC810,22.11827087402344,-72.51341108842325,11277.6,119.16259601635116,238.593891748684
2024-08-31 09:54:45+00:00,NAC810,22.11738715737553,-72.51169840494788,11277.6,119.16259601635116,238.593891748684
2024-08-31 09:54:46+00:00,NAC810,22.11640956038136,-72.50991821289062,11277.6,119.16259601635116,238.593891748684
2024-08-31 09:54:47+00:00,NAC810,22.115292306673727,-72.50768025716144,11277.6,119.16259601635116,238.593891748684
2024-08-31 09:54:48+00:00,NAC810,22.114314709679554,-72.50590006510413,11277.6,119.16259601635116,238.593891748684
2024-08-31 09:54:49+00:00,NAC810,22.1133836649232,-72.50406901041663,11277.6,119.16259601635116,238.593891748684
2024-08-31 09:54:50+00:00,NAC810,22.112319946289062,-72.50192538174713,11285.22,119.16259601635116,238.593891748684
2024-08-31 09:54:51+00:00,NAC810,22.11119570974576,-72.49984741210938,11285.22,119.16259601635116,238.593891748684
2024-08-31 09:54:52+00:00,NAC810,22.110122680664062,-72.49773060191762,11277.6,119.16259601635116,238.593891748684
2024-08-31 09:54:53+00:00,NAC810,22.109161376953125,-72.49588290127838,11285.22,119.16259601635116,238.593891748684
2024-08-31 09:54:54+00:00,NAC810,22.108588784427965,-72.49481201171875,11285.22,119.16259601635116,238.593891748684
2024-08-31 09:54:55+00:00,NAC810,22.106964111328125,-72.49168812144887,11285.22,119.16259601635116,238.593891748684
2024-08-31 09:54:56+00:00,NAC810,22.105842202396715,-72.48957316080725,11285.22,119.16259601635116,238.593891748684
2024-08-31 09:54:57+00:00,NAC810,22.10540771484375,-72.48864191228694,11285.22,119.16259601635116,238.593891748684
2024-08-31 09:54:58+00:00,NAC810,22.104305978548727,-72.48652140299475,11285.22,119.16259601635116,238.593891748684
2024-08-31 09:54:59+00:00,NAC810,22.10321044921875,-72.48439719460225,11285.22,119.16259601635116,238.593891748684
2024-08-31 09:55:00+00:00,NAC810,22.10224914550781,-72.48259943181819,11285.22,119.16259601635116,238.593891748684
2024-08-31 09:55:01+00:00,NAC810,22.10044214280985,-72.47904459635413,11285.22,119.16259601635116,238.593891748684
2024-08-31 09:55:02+00:00,NAC810,22.09946454581568,-72.47726440429688,11285.22,119.16259601635116,238.593891748684
2024-08-31 09:55:03+00:00,NAC810,22.09858703613281,-72.475508256392,11285.22,119.16259601635116,238.593891748684
2024-08-31 09:55:06+00:00,NAC810,22.096345545881885,-72.47121175130206,11277.6,119.16259601635116,238.593891748684
2024-08-31 09:55:08+00:00,NAC810,22.09322654594809,-72.46515909830725,11277.6,119.16259601635116,238.593891748684
2024-08-31 09:55:10+00:00,NAC810,22.09103859077065,-72.4609375,11277.6,119.05460409907714,238.34363185124624
2024-08-31 09:55:12+00:00,NAC810,22.08897399902344,-72.45698131214488,11285.22,119.05460409907714,238.34363185124624
2024-08-31 09:55:13+00:00,NAC810,22.087921142578125,-72.45498379794032,11285.22,119.05460409907714,238.34363185124624
2024-08-31 09:55:14+00:00,NAC810,22.08694199384269,-72.45305379231769,11277.6,119.05460409907714,238.34363185124624
2024-08-31 09:55:15+00:00,NAC810,22.086336814751057,-72.45183308919269,11277.6,119.05460409907714,238.34363185124624
2024-08-31 09:55:16+00:00,NAC810,22.085359217756885,-72.45000203450519,11285.22,119.05460409907714,238.34363185124624
2024-08-31 09:55:17+00:00,NAC810,22.08480834960937,-72.44889137961644,11277.6,119.05460409907714,238.34363185124624
2024-08-31 09:55:18+00:00,NAC810,22.082845396914724,-72.44517008463538,11285.22,119.16259601635116,238.593891748684
2024-08-31 09:55:22+00:00,NAC810,22.078628540039062,-72.43700617009944,11285.22,119.16259601635116,238.593891748684
2024-08-31 09:55:23+00:00,NAC810,22.07763154627913,-72.43509928385413,11277.6,119.16259601635116,238.593891748684
2024-08-31 09:55:24+00:00,NAC810,22.07652282714844,-72.43296120383519,11277.6,119.16259601635116,238.593891748684
2024-08-31 09:55:25+00:00,NAC810,22.075515747070312,-72.43096368963069,11277.6,118.99465875632,238.79346751172173
2024-08-31 09:55:26+00:00,NAC810,22.074462890625,-72.428916237571,11277.6,118.99465875632,238.79346751172173
2024-08-31 09:55:27+00:00,NAC810,22.07382202148437,-72.42771772904825,11277.6,118.99465875632,238.79346751172173
2024-08-31 09:55:28+00:00,NAC810,22.073318481445312,-72.426718971946,11277.6,118.99465875632,238.79346751172173
2024-08-31 09:55:29+00:00,NAC810,22.07167285983845,-72.42360432942706,11277.6,118.99465875632,238.79346751172173
2024-08-31 09:55:30+00:00,NAC810,22.070297241210938,-72.42087624289769,11277.6,118.99465875632,238.79346751172173
2024-08-31 09:55:31+00:00,NAC810,22.069244384765625,-72.41882879083806,11277.6,118.99465875632,238.79346751172173
2024-08-31 09:55:32+00:00,NAC810,22.068191528320312,-72.4168312766335,11277.6,118.99465875632,238.79346751172173
2024-08-31 09:55:33+00:00,NAC810,22.067203845007946,-72.41490681966144,11277.6,118.99465875632,238.79346751172173
2024-08-31 09:55:34+00:00,NAC810,22.0660400390625,-72.41266886393225,11277.6,118.99465875632,238.79346751172173
2024-08-31 09:55:38+00:00,NAC810,22.061850337658896,-72.40463256835938,11277.6,119.10251025807491,239.04325646629735
2024-08-31 09:55:39+00:00,NAC810,22.061431367518537,-72.403818766276,11277.6,119.10251025807491,239.04325646629735
2024-08-31 09:55:40+00:00,NAC810,22.060826188426905,-72.402598063151,11277.6,119.10251025807491,239.04325646629735
2024-08-31 09:55:41+00:00,NAC810,22.05882444220074,-72.39878336588538,11277.6,119.10251025807491,239.04325646629735
2024-08-31 09:55:43+00:00,NAC810,22.05672959149894,-72.39476521809897,11277.6,119.10251025807491,239.04325646629735
2024-08-31 09:55:44+00:00,NAC810,22.055648803710938,-72.39261141690338,11277.6,119.16259601635116,238.593891748684
2024-08-31 09:55:45+00:00,NAC810,22.05450439453125,-72.39041415127838,11277.6,119.16259601635116,238.593891748684
2024-08-31 09:55:47+00:00,NAC810,22.052810668945312,-72.387168190696,11277.6,119.16259601635116,238.593891748684
2024-08-31 09:55:48+00:00,NAC810,22.05226057666843,-72.38606770833331,11277.6,119.16259601635116,238.593891748684
2024-08-31 09:55:49+00:00,NAC810,22.051096770722985,-72.38382975260413,11277.6,119.16259601635116,238.593891748684
2024-08-31 09:55:50+00:00,NAC810,22.049057006835938,-72.3799272017045,11277.6,119.16259601635116,238.593891748684
2024-08-31 09:55:53+00:00,NAC810,22.046951293945312,-72.37588223544032,11277.6,119.16259601635116,238.593891748684
2024-08-31 09:55:58+00:00,NAC810,22.04132080078125,-72.36499578302556,11277.6,119.16259601635116,238.593891748684
2024-08-31 09:56:00+00:00,NAC810,22.03917939784163,-72.36089070638019,11277.6,119.16259601635116,238.593891748684
2024-08-31 09:56:01+00:00,NAC810,22.038015591896187,-72.358652750651,11277.6,119.16259601635116,238.593891748684
2024-08-31 09:56:02+00:00,NAC810,22.03692626953125,-72.35655628551137,11277.6,119.16259601635116,238.593891748684
2024-08-31 09:56:04+00:00,NAC810,22.034820556640625,-72.35251131924713,11277.6,119.16259601635116,238.593891748684
2024-08-31 09:56:06+00:00,NAC810,22.032662084547137,-72.34842936197913,11277.6,119.16259601635116,238.593891748684
2024-08-31 09:56:07+00:00,NAC810,22.031637935315143,-72.34639485677081,11277.6,119.16259601635116,238.593891748684
2024-08-31 09:56:08+00:00,NAC810,22.03065490722656,-72.34447132457387,11277.6,119.16259601635116,238.593891748684
2024-08-31 09:56:09+00:00,NAC810,22.02960205078125,-72.34247381036931,11277.6,119.16259601635116,238.593891748684
2024-08-31 09:56:10+00:00,NAC810,22.028640747070312,-72.34067604758519,11277.6,119.22290846459052,238.1447904171152
2024-08-31 09:56:11+00:00,NAC810,22.027587890625,-72.33862859552556,11277.6,119.22290846459052,238.1447904171152
2024-08-31 09:56:12+00:00,NAC810,22.026191323490465,-72.33591715494788,11277.6,119.22290846459052,238.1447904171152
2024-08-31 09:56:13+00:00,NAC810,22.025679248874468,-72.33489990234375,11277.6,119.22290846459052,238.1447904171152
2024-08-31 09:56:14+00:00,NAC810,22.024658203125,-72.33303555575282,11277.6,119.22290846459052,238.1447904171152
2024-08-31 09:56:15+00:00,NAC810,22.023651123046875,-72.33098810369319,11277.6,119.22290846459052,238.1447904171152
2024-08-31 09:56:16+00:00,NAC810,22.022653353416317,-72.3291015625,11277.6,119.11477607812452,237.89405807432723
2024-08-31 09:56:17+00:00,NAC810,22.02154541015625,-72.32699307528407,11277.6,119.11477607812452,237.89405807432723
2024-08-31 09:56:18+00:00,NAC810,22.02040100097656,-72.32474587180394,11277.6,119.11477607812452,237.89405807432723
2024-08-31 09:56:19+00:00,NAC810,22.01878951767744,-72.32167561848956,11277.6,119.11477607812452,237.89405807432723
2024-08-31 09:56:20+00:00,NAC810,22.018295288085938,-72.32075084339488,11277.6,119.11477607812452,237.89405807432723
2024-08-31 09:56:21+00:00,NAC810,22.017299846067267,-72.31882731119788,11277.6,119.11477607812452,237.89405807432723
2024-08-31 09:56:22+00:00,NAC810,22.01618259235964,-72.31664021809894,11277.6,119.11477607812452,237.89405807432723
2024-08-31 09:56:23+00:00,NAC810,22.015182495117188,-72.31470836292613,11277.6,119.11477607812452,237.89405807432723
2024-08-31 09:56:24+00:00,NAC810,22.013761875993115,-72.31201171875,11277.6,119.11477607812452,237.89405807432723
2024-08-31 09:56:25+00:00,NAC810,22.0133056640625,-72.31111283735794,11277.6,119.11477607812452,237.89405807432723
2024-08-31 09:56:26+00:00,NAC810,22.011760129766948,-72.30819702148438,11277.6,119.11477607812452,237.89405807432723
2024-08-31 09:56:27+00:00,NAC810,22.011199951171875,-72.30706787109375,11277.6,119.11477607812452,237.89405807432723
2024-08-31 09:56:28+00:00,NAC810,22.01022390591896,-72.30519612630206,11277.6,119.11477607812452,237.89405807432723
2024-08-31 09:56:29+00:00,NAC810,22.009002685546875,-72.30287309126419,11277.6,119.11477607812452,237.89405807432723
2024-08-31 09:56:30+00:00,NAC810,22.007896294028072,-72.30077107747394,11277.6,119.11477607812452,237.89405807432723
2024-08-31 09:56:31+00:00,NAC810,22.006805419921875,-72.2986283735795,11277.6,119.11477607812452,237.89405807432723
2024-08-31 09:56:33+00:00,NAC810,22.00477729409428,-72.29471842447913,11277.6,119.11477607812452,237.89405807432723
2024-08-31 09:56:34+00:00,NAC810,22.003753144862287,-72.292734781901,11277.6,119.11477607812452,237.89405807432723
2024-08-31 09:56:35+00:00,NAC810,22.00263977050781,-72.29058837890625,11277.6,119.11477607812452,237.89405807432723
2024-08-31 09:56:36+00:00,NAC810,22.00175139863612,-72.28892008463538,11277.6,119.11477607812452,237.89405807432723
2024-08-31 09:56:37+00:00,NAC810,22.000259399414062,-72.28599409623575,11277.6,119.11477607812452,237.89405807432723
2024-08-31 09:56:38+00:00,NAC810,21.99971008300781,-72.2849953391335,11277.6,119.11477607812452,237.89405807432723
2024-08-31 09:56:39+00:00,NAC810,21.99863239870233,-72.28286743164062,11277.6,119.11477607812452,237.89405807432723
2024-08-31 09:56:40+00:00,NAC810,21.99756169723252,-72.2808837890625,11277.6,119.11477607812452,237.89405807432723
2024-08-31 09:56:41+00:00,NAC810,21.996505737304688,-72.27875310724431,11277.6,119.11477607812452,237.89405807432723
2024-08-31 09:56:42+00:00,NAC810,21.99531555175781,-72.27655584161931,11277.6,119.11477607812452,237.89405807432723
2024-08-31 09:56:43+00:00,NAC810,21.99375915527344,-72.2735595703125,11277.6,119.22290846459052,238.1447904171152
2024-08-31 09:56:44+00:00,NAC810,21.99325561523437,-72.27256081321019,11277.6,119.22290846459052,238.1447904171152
2024-08-31 09:56:45+00:00,NAC810,21.992202758789062,-72.27051336115056,11285.22,119.28344875367168,237.69595396451103
2024-08-31 09:56:46+00:00,NAC810,21.99105834960937,-72.26831609552556,11285.22,119.28344875367168,237.69595396451103
2024-08-31 09:56:47+00:00,NAC810,21.99009704589844,-72.26651833274144,11277.6,119.28344875367168,237.69595396451103
2024-08-31 09:56:48+00:00,NAC810,21.989044189453125,-72.26452081853694,11285.22,119.28344875367168,237.69595396451103
2024-08-31 09:56:49+00:00,NAC810,21.98789978027344,-72.26232355291194,11285.22,119.28344875367168,237.69595396451103
2024-08-31 09:56:50+00:00,NAC810,21.986901234772244,-72.2603861490885,11285.22,119.28344875367168,237.69595396451103
2024-08-31 09:56:51+00:00,NAC810,21.9857374288268,-72.25819905598956,11285.22,119.22290846459052,238.1447904171152
2024-08-31 09:56:52+00:00,NAC810,21.98462017511917,-72.25601196289062,11285.22,119.22290846459052,238.1447904171152
2024-08-31 09:56:53+00:00,NAC810,21.98359680175781,-72.25408380681819,11277.6,119.22290846459052,238.1447904171152
2024-08-31 09:56:54+00:00,NAC810,21.98226928710937,-72.25148703835225,11277.6,119.22290846459052,238.1447904171152
2024-08-31 09:56:55+00:00,NAC810,21.981124877929688,-72.24928977272725,11277.6,119.22290846459052,238.1447904171152
2024-08-31 09:56:56+00:00,NAC810,21.98066711425781,-72.24844082919032,11285.22,119.22290846459052,238.1447904171152
2024-08-31 09:56:57+00:00,NAC810,21.97920227050781,-72.24564430930394,11277.6,119.22290846459052,238.1447904171152
2024-08-31 09:56:58+00:00,NAC810,21.97869873046875,-72.24464555220169,11277.6,119.22290846459052,238.1447904171152
2024-08-31 09:56:59+00:00,NAC810,21.977590787208687,-72.24253336588538,11277.6,119.22290846459052,238.1447904171152
2024-08-31 09:57:00+00:00,NAC810,21.97650146484375,-72.24045077237213,11277.6,119.22290846459052,238.1447904171152
2024-08-31 09:57:01+00:00,NAC810,21.974983861890887,-72.237548828125,11277.6,119.22290846459052,238.1447904171152
2024-08-31 09:57:02+00:00,NAC810,21.974395751953125,-72.23640580610794,11277.6,119.22290846459052,238.1447904171152
2024-08-31 09:57:03+00:00,NAC810,21.97325134277344,-72.23420854048294,11277.6,119.22290846459052,238.1447904171152
2024-08-31 09:57:04+00:00,NAC810,21.972198486328125,-72.23221102627838,11277.6,119.22290846459052,238.1447904171152
2024-08-31 09:57:05+00:00,NAC810,21.97121313062765,-72.23032633463538,11277.6,119.22290846459052,238.1447904171152
2024-08-31 09:57:06+00:00,NAC810,21.9700927734375,-72.22821599786931,11277.6,119.22290846459052,238.1447904171152
2024-08-31 09:57:07+00:00,NAC810,21.96902517545021,-72.22610473632812,11277.6,119.22290846459052,238.1447904171152
2024-08-31 09:57:08+00:00,NAC810,21.968094130693856,-72.22427368164062,11277.6,119.22290846459052,238.1447904171152
2024-08-31 09:57:09+00:00,NAC810,21.9671630859375,-72.22257302024144,11277.6,119.22290846459052,238.1447904171152
2024-08-31 09:57:10+00:00,NAC810,21.965766518802965,-72.21989949544269,11277.6,119.22290846459052,238.1447904171152
2024-08-31 09:57:11+00:00,NAC810,21.964874267578125,-72.21817848899144,11277.6,119.11477607812452,237.89405807432723
2024-08-31 09:57:12+00:00,NAC810,21.96339235467426,-72.21527099609375,11277.6,119.11477607812452,237.89405807432723
2024-08-31 09:57:13+00:00,NAC810,21.962814331054688,-72.21413352272725,11277.6,119.11477607812452,237.89405807432723
2024-08-31 09:57:14+00:00,NAC810,21.961716474112816,-72.21206665039062,11277.6,119.11477607812452,237.89405807432723
2024-08-31 09:57:15+00:00,NAC810,21.960617065429688,-72.20993874289769,11277.6,119.11477607812452,237.89405807432723
2024-08-31 09:57:16+00:00,NAC810,21.95956420898437,-72.20794122869319,11277.6,119.11477607812452,237.89405807432723
2024-08-31 09:57:17+00:00,NAC810,21.95845781746557,-72.205810546875,11277.6,119.11477607812452,237.89405807432723
2024-08-31 09:57:18+00:00,NAC810,21.957340563757946,-72.203623453776,11277.6,119.11477607812452,237.89405807432723
2024-08-31 09:57:19+00:00,NAC810,21.956222534179688,-72.2014992453835,11277.6,119.11477607812452,237.89405807432723
2024-08-31 09:57:20+00:00,NAC810,21.955757787672137,-72.2005716959635,11277.6,119.11477607812452,237.89405807432723
2024-08-31 09:57:21+00:00,NAC810,21.954826742915785,-72.19879150390625,11277.6,119.11477607812452,237.89405807432723
2024-08-31 09:57:22+00:00,NAC810,21.953243966829977,-72.19579060872394,11277.6,119.11477607812452,237.89405807432723
2024-08-31 09:57:23+00:00,NAC810,21.9521484375,-72.19365900213069,11277.6,119.11477607812452,237.89405807432723
2024-08-31 09:57:24+00:00,NAC810,21.95123291015625,-72.19186123934657,11277.6,119.11477607812452,237.89405807432723
2024-08-31 09:57:25+00:00,NAC810,21.950124966896187,-72.18973795572913,11277.6,119.11477607812452,237.89405807432723
2024-08-31 09:57:26+00:00,NAC810,21.94921875,-72.18806596235794,11277.6,119.11477607812452,237.89405807432723
2024-08-31 09:57:27+00:00,NAC810,21.948211669921875,-72.18601851029825,11277.6,119.11477607812452,237.89405807432723
2024-08-31 09:57:28+00:00,NAC810,21.947005966962397,-72.18373616536456,11277.6,119.22290846459052,238.1447904171152
2024-08-31 09:57:29+00:00,NAC810,21.946028369968214,-72.18195597330725,11277.6,119.22290846459052,238.1447904171152
2024-08-31 09:57:30+00:00,NAC810,21.945004220736227,-72.17992146809894,11277.6,119.22290846459052,238.1447904171152
2024-08-31 09:57:31+00:00,NAC810,21.94349670410156,-72.17702969637782,11277.6,119.28344875367168,237.69595396451103
2024-08-31 09:57:32+00:00,NAC810,21.942909370034428,-72.1759033203125,11277.6,119.28344875367168,237.69595396451103
2024-08-31 09:57:33+00:00,NAC810,21.941802978515625,-72.17383367365056,11277.6,119.28344875367168,237.69595396451103
2024-08-31 09:57:34+00:00,NAC810,21.940750122070312,-72.17178622159088,11277.6,119.28344875367168,237.69595396451103
2024-08-31 09:57:35+00:00,NAC810,21.93965071338718,-72.16969807942706,11277.6,119.28344875367168,237.69595396451103
2024-08-31 09:57:36+00:00,NAC810,21.938644409179688,-72.16779119318181,11277.6,119.28344875367168,237.69595396451103
2024-08-31 09:57:37+00:00,NAC810,21.9381144895392,-72.16669718424475,11277.6,119.28344875367168,237.69595396451103
2024-08-31 09:57:38+00:00,NAC810,21.936531713453387,-72.1636962890625,11277.6,119.28344875367168,237.69595396451103
2024-08-31 09:57:39+00:00,NAC810,21.935623168945312,-72.16199840198863,11277.6,119.28344875367168,237.69595396451103
2024-08-31 09:57:40+00:00,NAC810,21.93443686275159,-72.159678141276,11277.6,119.28344875367168,237.69595396451103
2024-08-31 09:57:41+00:00,NAC810,21.933505817995236,-72.15789794921875,11277.6,119.28344875367168,237.69595396451103
2024-08-31 09:57:42+00:00,NAC810,21.932435116525426,-72.15586344401038,11277.6,119.28344875367168,237.69595396451103
2024-08-31 09:57:43+00:00,NAC810,21.93141096729343,-72.15387980143225,11277.6,119.28344875367168,237.69595396451103
2024-08-31 09:57:44+00:00,NAC810,21.930759235963983,-72.15265909830725,11277.6,119.28344875367168,237.69595396451103
2024-08-31 09:57:45+00:00,NAC810,21.929176459878175,-72.149658203125,11277.6,119.28344875367168,237.69595396451103
2024-08-31 09:57:46+00:00,NAC810,21.928207397460938,-72.14776611328125,11277.6,119.28344875367168,237.69595396451103
2024-08-31 09:57:47+00:00,NAC810,21.92724609375,-72.14596835049713,11277.6,119.28344875367168,237.69595396451103
2024-08-31 09:57:48+00:00,NAC810,21.92615056442002,-72.14385986328125,11277.6,119.28344875367168,237.69595396451103
2024-08-31 09:57:49+00:00,NAC810,21.925048828125,-72.1417236328125,11277.6,119.28344875367168,237.69595396451103
2024-08-31 09:57:50+00:00,NAC810,21.924087524414062,-72.13992587002838,11285.22,119.28344875367168,237.69595396451103
2024-08-31 09:57:51+00:00,NAC810,21.92294311523437,-72.13772860440338,11277.6,119.28344875367168,237.69595396451103
2024-08-31 09:57:52+00:00,NAC810,21.92205396749205,-72.13602701822913,11277.6,119.28344875367168,237.69595396451103
2024-08-31 09:57:53+00:00,NAC810,21.92079705707097,-72.13363647460938,11285.22,119.28344875367168,237.69595396451103
2024-08-31 09:57:54+00:00,NAC810,21.91973876953125,-72.13153631036931,11285.22,119.28344875367168,237.69595396451103
2024-08-31 09:57:55+00:00,NAC810,21.918609101893537,-72.12941487630206,11285.22,119.28344875367168,237.69595396451103
2024-08-31 09:57:56+00:00,NAC810,21.918045043945312,-72.12829034978694,11277.6,119.28344875367168,237.69595396451103
2024-08-31 09:57:57+00:00,NAC810,21.916900634765625,-72.12609308416194,11277.6,119.28344875367168,237.69595396451103
2024-08-31 09:57:58+00:00,NAC810,21.915909072100103,-72.12422688802081,11277.6,119.28344875367168,237.69595396451103
2024-08-31 09:57:59+00:00,NAC810,21.914838370630296,-72.1221923828125,11277.6,119.28344875367168,237.69595396451103
2024-08-31 09:58:00+00:00,NAC810,21.913238525390625,-72.119101784446,11277.6,119.28344875367168,237.69595396451103
2024-08-31 09:58:01+00:00,NAC810,21.91268920898437,-72.11810302734375,11277.6,119.28344875367168,237.69595396451103
2024-08-31 09:58:02+00:00,NAC810,21.911544799804688,-72.11590576171875,11277.6,119.28344875367168,237.69595396451103
2024-08-31 09:58:03+00:00,NAC810,21.91049194335937,-72.11385830965907,11277.6,119.28344875367168,237.69595396451103
2024-08-31 09:58:04+00:00,NAC810,21.909896850585938,-72.11265980113637,11277.6,119.22290846459052,238.1447904171152
2024-08-31 09:58:05+00:00,NAC810,21.908203125,-72.10946377840907,11277.6,119.22290846459052,238.1447904171152
2024-08-31 09:58:06+00:00,NAC810,21.90711069915254,-72.10739135742188,11277.6,119.11477607812452,237.89405807432723
2024-08-31 09:58:07+00:00,NAC810,21.906598624536542,-72.10637410481769,11277.6,119.11477607812452,237.89405807432723
2024-08-31 09:58:08+00:00,NAC810,21.9054348185911,-72.1041361490885,11285.22,119.11477607812452,237.89405807432723
2024-08-31 09:58:09+00:00,NAC810,21.90441066935911,-72.10215250651038,11285.22,119.11477607812452,237.89405807432723
2024-08-31 09:58:10+00:00,NAC810,21.903246863413663,-72.09996541341144,11285.22,119.11477607812452,237.89405807432723
2024-08-31 09:58:11+00:00,NAC810,21.90216064453125,-72.09782825816762,11285.22,119.11477607812452,237.89405807432723
2024-08-31 09:58:12+00:00,NAC810,21.900639938095868,-72.09493001302081,11285.22,119.11477607812452,237.89405807432723
2024-08-31 09:58:13+00:00,NAC810,21.900146484375,-72.09403298117894,11277.6,119.11477607812452,237.89405807432723
2024-08-31 09:58:14+00:00,NAC810,21.899057162010063,-72.0919291178385,11277.6,119.11477607812452,237.89405807432723
2024-08-31 09:58:15+00:00,NAC810,21.89794921875,-72.08983820134944,11277.6,119.11477607812452,237.89405807432723
2024-08-31 09:58:16+00:00,NAC810,21.896869206832623,-72.08770751953125,11277.6,119.11477607812452,237.89405807432723
2024-08-31 09:58:17+00:00,NAC810,21.895845057600635,-72.08572387695312,11277.6,119.11477607812452,237.89405807432723
2024-08-31 09:58:18+00:00,NAC810,21.8944484904661,-72.08307902018225,11277.6,119.22290846459052,238.1447904171152
2024-08-31 09:58:19+00:00,NAC810,21.893875122070312,-72.08199795809657,11277.6,119.28344875367168,237.69595396451103
2024-08-31 09:58:20+00:00,NAC810,21.892493296477756,-72.07931518554688,11277.6,119.28344875367168,237.69595396451103
2024-08-31 09:58:21+00:00,NAC810,21.89149475097656,-72.07740367542613,11277.6,119.28344875367168,237.69595396451103
2024-08-31 09:58:22+00:00,NAC810,21.89049155025159,-72.07550048828125,11277.6,119.28344875367168,237.69595396451103
2024-08-31 09:58:23+00:00,NAC810,21.88942084878178,-72.07346598307288,11277.6,119.28344875367168,237.69595396451103
2024-08-31 09:58:24+00:00,NAC810,21.888908774165785,-72.07249959309894,11277.6,119.28344875367168,237.69595396451103
2024-08-31 09:58:25+00:00,NAC810,21.887283325195312,-72.06936368075282,11277.6,119.28344875367168,237.69595396451103
2024-08-31 09:58:26+00:00,NAC810,21.886720818988348,-72.06827799479163,11277.6,119.28344875367168,237.69595396451103
2024-08-31 09:58:27+00:00,NAC810,21.885557013042902,-72.0660400390625,11277.6,119.28344875367168,237.69595396451103
2024-08-31 09:58:28+00:00,NAC810,21.884033203125,-72.06317138671875,11277.6,119.28344875367168,237.69595396451103
2024-08-31 09:58:29+00:00,NAC810,21.88311767578125,-72.06137362393463,11277.6,119.28344875367168,237.69595396451103
2024-08-31 09:58:30+00:00,NAC810,21.88197326660156,-72.0591264204545,11277.6,119.28344875367168,237.69595396451103
2024-08-31 09:58:31+00:00,NAC810,21.881515502929688,-72.05832741477269,11277.6,119.28344875367168,237.69595396451103
2024-08-31 09:58:32+00:00,NAC810,21.880017296742583,-72.05546061197913,11277.6,119.28344875367168,237.69595396451103
2024-08-31 09:58:33+00:00,NAC810,21.879086251986227,-72.05362955729163,11277.6,119.28344875367168,237.69595396451103
2024-08-31 09:58:34+00:00,NAC810,21.87799072265625,-72.05153586647725,11277.6,119.28344875367168,237.69595396451103
2024-08-31 09:58:35+00:00,NAC810,21.876991401284428,-72.04966227213538,11277.6,119.28344875367168,237.69595396451103
2024-08-31 09:58:36+00:00,NAC810,21.875920699814618,-72.04762776692706,11277.6,119.28344875367168,237.69595396451103
2024-08-31 09:58:37+00:00,NAC810,21.87475689386917,-72.04544067382812,11277.6,119.28344875367168,237.69595396451103
2024-08-31 09:58:38+00:00,NAC810,21.873687744140625,-72.04334605823863,11277.6,119.28344875367168,237.69595396451103
2024-08-31 09:58:40+00:00,NAC810,21.87205686407574,-72.04025268554688,11277.6,119.28344875367168,237.69595396451103
2024-08-31 09:58:41+00:00,NAC810,21.870529174804688,-72.03730357776988,11285.22,119.28344875367168,237.69595396451103
2024-08-31 09:58:42+00:00,NAC810,21.86947631835937,-72.03530606356532,11285.22,119.28344875367168,237.69595396451103
2024-08-31 09:58:44+00:00,NAC810,21.867507934570312,-72.03151078657669,11277.6,119.28344875367168,237.69595396451103
2024-08-31 09:58:45+00:00,NAC810,21.866517147775426,-72.02962239583331,11277.6,119.28344875367168,237.69595396451103
2024-08-31 09:58:46+00:00,NAC810,21.865402221679688,-72.02751575816762,11285.22,119.17517584768204,237.4447476685021
2024-08-31 09:58:47+00:00,NAC810,21.864898681640625,-72.02651700106532,11277.6,119.17517584768204,237.4447476685021
2024-08-31 09:58:48+00:00,NAC810,21.863258491128175,-72.02341715494788,11277.6,119.17517584768204,237.4447476685021
2024-08-31 09:58:49+00:00,NAC810,21.86274641651218,-72.02239990234375,11277.6,119.17517584768204,237.4447476685021
2024-08-31 09:58:50+00:00,NAC810,21.86107053595074,-72.01919555664062,11277.6,119.17517584768204,237.4447476685021
2024-08-31 09:58:51+00:00,NAC810,21.860504150390625,-72.01807750355113,11277.6,119.17517584768204,237.4447476685021
2024-08-31 09:58:52+00:00,NAC810,21.85897568524894,-72.01517740885413,11277.6,119.17517584768204,237.4447476685021
2024-08-31 09:58:53+00:00,NAC810,21.857951536016948,-72.013193766276,11277.6,119.17517584768204,237.4447476685021
2024-08-31 09:58:54+00:00,NAC810,21.856787730071503,-72.01100667317706,11277.6,119.28344875367168,237.69595396451103
2024-08-31 09:58:55+00:00,NAC810,21.85629272460937,-72.01008744673294,11277.6,119.28344875367168,237.69595396451103
2024-08-31 09:58:56+00:00,NAC810,21.85478598384534,-72.00719197591144,11277.6,119.28344875367168,237.69595396451103
2024-08-31 09:58:57+00:00,NAC810,21.854232788085938,-72.00609241832387,11277.6,119.28344875367168,237.69595396451103
2024-08-31 09:58:58+00:00,NAC810,21.85263061523437,-72.003096147017,11277.6,119.28344875367168,237.69595396451103
2024-08-31 09:58:59+00:00,NAC810,21.852085954051905,-72.00200398763019,11277.6,119.28344875367168,237.69595396451103
2024-08-31 09:59:00+00:00,NAC810,21.85089111328125,-71.99970037286931,11277.6,119.28344875367168,237.69595396451103
2024-08-31 09:59:01+00:00,NAC810,21.849838256835938,-71.99770285866475,11277.6,119.28344875367168,237.69595396451103
2024-08-31 09:59:02+00:00,NAC810,21.848876953125,-71.99585515802556,11277.6,119.28344875367168,237.69595396451103
2024-08-31 09:59:03+00:00,NAC810,21.84798935712394,-71.99417114257812,11277.6,119.28344875367168,237.69595396451103
2024-08-31 09:59:04+00:00,NAC810,21.84640658103813,-71.99117024739581,11277.6,119.28344875367168,237.69595396451103
2024-08-31 09:59:05+00:00,NAC810,21.845443725585938,-71.98926336115056,11277.6,119.28344875367168,237.69595396451103
2024-08-31 09:59:06+00:00,NAC810,21.844963461665785,-71.98837280273438,11277.6,119.28344875367168,237.69595396451103
2024-08-31 09:59:07+00:00,NAC810,21.84384155273437,-71.98626708984375,11277.6,119.28344875367168,237.69595396451103
2024-08-31 09:59:08+00:00,NAC810,21.842775506488348,-71.98420206705725,11277.6,119.28344875367168,237.69595396451103
2024-08-31 09:59:09+00:00,NAC810,21.84169006347656,-71.98207231001419,11277.6,119.28344875367168,237.69595396451103
2024-08-31 09:59:10+00:00,NAC810,21.84016858117055,-71.97916666666663,11277.6,119.28344875367168,237.69595396451103
2024-08-31 09:59:11+00:00,NAC810,21.839004775225103,-71.97697957356769,11277.6,119.28344875367168,237.69595396451103
2024-08-31 09:59:12+00:00,NAC810,21.837934073755296,-71.97499593098956,11277.6,119.28344875367168,237.69595396451103
2024-08-31 09:59:13+00:00,NAC810,21.8374219991393,-71.97397867838538,11277.6,119.28344875367168,237.69595396451103
2024-08-31 09:59:14+00:00,NAC810,21.83642578125,-71.97208473899144,11277.6,119.28344875367168,237.69595396451103
2024-08-31 09:59:15+00:00,NAC810,21.835234043961865,-71.96975708007812,11277.6,119.17517584768204,237.4447476685021
2024-08-31 09:59:16+00:00,NAC810,21.833816528320312,-71.96709095348012,11277.6,119.17517584768204,237.4447476685021
2024-08-31 09:59:17+00:00,NAC810,21.83295298430879,-71.96538289388019,11277.6,119.17517584768204,237.4447476685021
2024-08-31 09:59:18+00:00,NAC810,21.831975387314618,-71.96360270182288,11277.6,119.17517584768204,237.4447476685021
2024-08-31 09:59:19+00:00,NAC810,21.83104434255826,-71.96177164713538,11277.6,119.17517584768204,237.4447476685021
2024-08-31 09:59:20+00:00,NAC810,21.830154418945312,-71.96009965376419,11277.6,119.17517584768204,237.4447476685021
2024-08-31 09:59:21+00:00,NAC810,21.8291015625,-71.95810213955963,11277.6,119.17517584768204,237.4447476685021
2024-08-31 09:59:22+00:00,NAC810,21.827925342624468,-71.95576985677081,11277.6,119.17517584768204,237.4447476685021
2024-08-31 09:59:23+00:00,NAC810,21.826342566538663,-71.9527689615885,11277.6,119.17517584768204,237.4447476685021
2024-08-31 09:59:24+00:00,NAC810,21.825318417306672,-71.95078531901038,11277.6,119.28344875367168,237.69595396451103
2024-08-31 09:59:25+00:00,NAC810,21.824752807617188,-71.94966264204544,11277.6,119.28344875367168,237.69595396451103
2024-08-31 09:59:26+00:00,NAC810,21.823642536745236,-71.94758097330725,11277.6,119.28344875367168,237.69595396451103
2024-08-31 09:59:27+00:00,NAC810,21.822571835275426,-71.94559733072913,11277.6,119.28344875367168,237.69595396451103
2024-08-31 09:59:28+00:00,NAC810,21.821502685546875,-71.94347034801137,11277.6,119.28344875367168,237.69595396451103
2024-08-31 09:59:29+00:00,NAC810,21.82103561142744,-71.94259643554688,11277.6,119.28344875367168,237.69595396451103
2024-08-31 09:59:30+00:00,NAC810,21.819488525390625,-71.93967507102269,11277.6,119.28344875367168,237.69595396451103
2024-08-31 09:59:31+00:00,NAC810,21.81852179058528,-71.93781534830725,11277.6,119.28344875367168,237.69595396451103
2024-08-31 09:59:32+00:00,NAC810,21.817428588867188,-71.93568004261363,11277.6,119.28344875367168,237.69595396451103
2024-08-31 09:59:33+00:00,NAC810,21.816375732421875,-71.93368252840907,11277.6,119.34421804115006,237.24738389420543
2024-08-31 09:59:34+00:00,NAC810,21.814937268273304,-71.93099975585938,11277.6,119.34421804115006,237.24738389420543
2024-08-31 09:59:35+00:00,NAC810,21.813913119041317,-71.92901611328125,11277.6,119.34421804115006,237.24738389420543
2024-08-31 09:59:36+00:00,NAC810,21.8133544921875,-71.92788973721588,11277.6,119.34421804115006,237.24738389420543
2024-08-31 09:59:37+00:00,NAC810,21.81223723847987,-71.92581176757812,11277.6,119.34421804115006,237.24738389420543
2024-08-31 09:59:38+00:00,NAC810,21.81130619372352,-71.92398071289062,11277.6,119.34421804115006,237.24738389420543
2024-08-31 09:59:39+00:00,NAC810,21.81019592285156,-71.92189719460225,11285.22,119.34421804115006,237.24738389420543
2024-08-31 09:59:40+00:00,NAC810,21.809211343021715,-71.92001342773438,11285.22,119.34421804115006,237.24738389420543
2024-08-31 09:59:41+00:00,NAC810,21.80753546246028,-71.91680908203125,11277.6,119.34421804115006,237.24738389420543
2024-08-31 09:59:42+00:00,NAC810,21.807037353515625,-71.91590465198863,11285.22,119.34421804115006,237.24738389420543
2024-08-31 09:59:43+00:00,NAC810,21.805952686374468,-71.91380818684894,11285.22,119.34421804115006,237.24738389420543
2024-08-31 09:59:44+00:00,NAC810,21.804840087890625,-71.91170987215907,11277.6,119.34421804115006,237.24738389420543
2024-08-31 09:59:45+00:00,NAC810,21.8038330078125,-71.9097123579545,11285.22,119.34421804115006,237.24738389420543
2024-08-31 09:59:46+00:00,NAC810,21.802780151367188,-71.90771484375,11285.22,119.34421804115006,237.24738389420543
2024-08-31 09:59:47+00:00,NAC810,21.80134401483051,-71.90505981445312,11277.6,119.34421804115006,237.24738389420543
2024-08-31 09:59:48+00:00,NAC810,21.800125122070312,-71.90272105823863,11277.6,119.34421804115006,237.24738389420543
2024-08-31 09:59:49+00:00,NAC810,21.799713134765625,-71.90192205255681,11285.22,119.34421804115006,237.24738389420543
2024-08-31 09:59:50+00:00,NAC810,21.79873708951271,-71.9000244140625,11285.22,119.34421804115006,237.24738389420543
2024-08-31 09:59:51+00:00,NAC810,21.797573283567267,-71.8978373209635,11277.6,119.34421804115006,237.24738389420543
2024-08-31 09:59:52+00:00,NAC810,21.796463012695312,-71.89577969637782,11285.22,119.34421804115006,237.24738389420543
2024-08-31 09:59:53+00:00,NAC810,21.795455932617188,-71.89378218217325,11277.6,119.34421804115006,237.24738389420543
2024-08-31 09:59:54+00:00,NAC810,21.79389565677966,-71.890869140625,11277.6,119.34421804115006,237.24738389420543
2024-08-31 09:59:55+00:00,NAC810,21.793383582163663,-71.88985188802081,11277.6,119.34421804115006,237.24738389420543
2024-08-31 09:59:56+00:00,NAC810,21.792359432931672,-71.88786824544269,11277.6,119.34421804115006,237.24738389420543
2024-08-31 09:59:57+00:00,NAC810,21.79142838817532,-71.88608805338538,11277.6,119.34421804115006,237.24738389420543
2024-08-31 09:59:58+00:00,NAC810,21.79035768670551,-71.88405354817706,11277.6,119.34421804115006,237.24738389420543
2024-08-31 09:59:59+00:00,NAC810,21.789276123046875,-71.88199684836644,11277.6,119.34421804115006,237.24738389420543
2024-08-31 10:00:03+00:00,NAC810,21.784911074880824,-71.87367757161456,11277.6,119.34421804115006,237.24738389420543
2024-08-31 10:00:04+00:00,NAC810,21.78374726893538,-71.87149047851562,11277.6,119.34421804115006,237.24738389420543
2024-08-31 10:00:05+00:00,NAC810,21.782630015227756,-71.86930338541663,11277.6,119.34421804115006,237.24738389420543
2024-08-31 10:00:06+00:00,NAC810,21.78163146972656,-71.86741499467325,11277.6,119.34421804115006,237.24738389420543
2024-08-31 10:00:07+00:00,NAC810,21.781082153320312,-71.866416237571,11277.6,119.34421804115006,237.24738389420543
2024-08-31 10:00:08+00:00,NAC810,21.78057861328125,-71.86541748046875,11277.6,119.34421804115006,237.24738389420543
2024-08-31 10:00:09+00:00,NAC810,21.778440313824152,-71.86131795247394,11277.6,119.34421804115006,237.24738389420543
2024-08-31 10:00:10+00:00,NAC810,21.777276507878707,-71.859130859375,11277.6,119.34421804115006,237.24738389420543
2024-08-31 10:00:11+00:00,NAC810,21.776205806408896,-71.85709635416663,11285.22,119.34421804115006,237.24738389420543
2024-08-31 10:00:12+00:00,NAC810,21.775600627317267,-71.85592651367188,11277.6,119.34421804115006,237.24738389420543
2024-08-31 10:00:13+00:00,NAC810,21.77499389648437,-71.85483065518463,11277.6,119.34421804115006,237.24738389420543
2024-08-31 10:00:14+00:00,NAC810,21.773924746755824,-71.85272216796875,11285.22,119.34421804115006,237.24738389420543
2024-08-31 10:00:15+00:00,NAC810,21.772293090820312,-71.84963711825282,11285.22,119.34421804115006,237.24738389420543
2024-08-31 10:00:16+00:00,NAC810,21.77169023934057,-71.84855143229163,11285.22,119.34421804115006,237.24738389420543
2024-08-31 10:00:17+00:00,NAC810,21.77066609010858,-71.84651692708331,11285.22,119.34421804115006,237.24738389420543
2024-08-31 10:00:18+00:00,NAC810,21.76950228416313,-71.84432983398438,11285.22,119.34421804115006,237.24738389420543
2024-08-31 10:00:19+00:00,NAC810,21.76840209960937,-71.842246315696,11285.22,119.34421804115006,237.24738389420543
2024-08-31 10:00:20+00:00,NAC810,21.767314328985695,-71.84015909830725,11285.22,119.34421804115006,237.24738389420543
2024-08-31 10:00:21+00:00,NAC810,21.76629638671875,-71.83825128728694,11277.6,119.34421804115006,237.24738389420543
2024-08-31 10:00:22+00:00,NAC810,21.76524353027344,-71.83625377308238,11285.22,119.34421804115006,237.24738389420543
2024-08-31 10:00:25+00:00,NAC810,21.762053926112287,-71.83019002278644,11285.22,119.34421804115006,237.24738389420543
2024-08-31 10:00:26+00:00,NAC810,21.761032104492188,-71.82826371626419,11285.22,119.34421804115006,237.24738389420543
2024-08-31 10:00:29+00:00,NAC810,21.7576314635196,-71.82179768880206,11277.6,119.34421804115006,237.24738389420543
2024-08-31 10:00:31+00:00,NAC810,21.75609523967161,-71.81879679361975,11277.6,119.34421804115006,237.24738389420543
2024-08-31 10:00:33+00:00,NAC810,21.75409349344545,-71.81498209635413,11277.6,119.34421804115006,237.24738389420543
2024-08-31 10:00:34+00:00,NAC810,21.7529296875,-71.81279500325519,11277.6,119.34421804115006,237.24738389420543
2024-08-31 10:00:35+00:00,NAC810,21.751765881554554,-71.81060791015625,11277.6,119.34421804115006,237.24738389420543
2024-08-31 10:00:36+00:00,NAC810,21.75068664550781,-71.80848832563919,11277.6,119.34421804115006,237.24738389420543
2024-08-31 10:00:37+00:00,NAC810,21.749671030852756,-71.80658976236975,11277.6,119.34421804115006,237.24738389420543
2024-08-31 10:00:38+00:00,NAC810,21.74867248535156,-71.80469304865056,11277.6,119.34421804115006,237.24738389420543
2024-08-31 10:00:39+00:00,NAC810,21.747576180150958,-71.8026224772135,11277.6,119.34421804115006,237.24738389420543
2024-08-31 10:00:40+00:00,NAC810,21.746566772460938,-71.80069802024144,11277.6,119.34421804115006,237.24738389420543
2024-08-31 10:00:41+00:00,NAC810,21.74464338916843,-71.79702758789062,11277.6,119.34421804115006,237.24738389420543
2024-08-31 10:00:43+00:00,NAC810,21.74361923993644,-71.7950439453125,11277.6,119.34421804115006,237.24738389420543
2024-08-31 10:00:44+00:00,NAC810,21.74254853846663,-71.79300944010413,11277.6,119.34421804115006,237.24738389420543
2024-08-31 10:00:45+00:00,NAC810,21.7415771484375,-71.79110995205963,11277.6,119.34421804115006,237.24738389420543
2024-08-31 10:00:46+00:00,NAC810,21.7403605832892,-71.78883870442706,11277.6,119.34421804115006,237.24738389420543
2024-08-31 10:00:47+00:00,NAC810,21.739289881819385,-71.78685506184894,11277.6,119.34421804115006,237.24738389420543
2024-08-31 10:00:48+00:00,NAC810,21.73817262811176,-71.78461710611975,11277.6,119.34421804115006,237.24738389420543
2024-08-31 10:00:49+00:00,NAC810,21.73663330078125,-71.78172163529825,11277.6,119.34421804115006,237.24738389420543
2024-08-31 10:00:50+00:00,NAC810,21.7356588072696,-71.77983601888019,11277.6,119.34421804115006,237.24738389420543
2024-08-31 10:00:51+00:00,NAC810,21.734588105799787,-71.77785237630206,11277.6,119.34421804115006,237.24738389420543
2024-08-31 10:00:52+00:00,NAC810,21.7335639565678,-71.77586873372394,11277.6,119.34421804115006,237.24738389420543
2024-08-31 10:00:53+00:00,NAC810,21.732147216796875,-71.77313232421875,11277.6,119.34421804115006,237.24738389420543
2024-08-31 10:00:54+00:00,NAC810,21.731597900390625,-71.77213356711644,11277.6,119.34421804115006,237.24738389420543
2024-08-31 10:00:55+00:00,NAC810,21.731050135725635,-71.77103678385413,11277.6,119.34421804115006,237.24738389420543
2024-08-31 10:00:56+00:00,NAC810,21.729979434255824,-71.769053141276,11277.6,119.34421804115006,237.24738389420543
2024-08-31 10:00:57+00:00,NAC810,21.72889709472656,-71.76694003018463,11277.6,119.34421804115006,237.24738389420543
2024-08-31 10:00:58+00:00,NAC810,21.72784423828125,-71.76499245383519,11277.6,119.34421804115006,237.24738389420543
2024-08-31 10:00:59+00:00,NAC810,21.726627673132946,-71.7626953125,11277.6,119.34421804115006,237.24738389420543
2024-08-31 10:01:00+00:00,NAC810,21.725555419921875,-71.76059792258519,11277.6,119.34421804115006,237.24738389420543
2024-08-31 10:01:01+00:00,NAC810,21.724594116210938,-71.75880015980113,11277.6,119.34421804115006,237.24738389420543
2024-08-31 10:01:02+00:00,NAC810,21.722946166992188,-71.75560413707387,11277.6,119.34421804115006,237.24738389420543
2024-08-31 10:01:03+00:00,NAC810,21.722396850585938,-71.75460537997157,11277.6,119.34421804115006,237.24738389420543
2024-08-31 10:01:04+00:00,NAC810,21.721481323242188,-71.7528076171875,11277.6,119.34421804115006,237.24738389420543
2024-08-31 10:01:05+00:00,NAC810,21.72038967326536,-71.75069173177081,11277.6,119.34421804115006,237.24738389420543
2024-08-31 10:01:07+00:00,NAC810,21.71829482256356,-71.74672444661456,11277.6,119.34421804115006,237.24738389420543
2024-08-31 10:01:08+00:00,NAC810,21.717086791992188,-71.74441805752838,11277.6,119.34421804115006,237.24738389420543
2024-08-31 10:01:09+00:00,NAC810,21.7159423828125,-71.74222079190338,11277.6,119.34421804115006,237.24738389420543
2024-08-31 10:01:10+00:00,NAC810,21.71498107910156,-71.74042302911931,11277.6,119.34421804115006,237.24738389420543
2024-08-31 10:01:14+00:00,NAC810,21.7110792257018,-71.73294067382812,11277.6,119.34421804115006,237.24738389420543
2024-08-31 10:01:16+00:00,NAC810,21.708892822265625,-71.72888738458806,11277.6,119.34421804115006,237.24738389420543
2024-08-31 10:01:17+00:00,NAC810,21.7078857421875,-71.7268898703835,11277.6,119.34421804115006,237.24738389420543
2024-08-31 10:01:18+00:00,NAC810,21.706749867584744,-71.72480265299475,11277.6,119.34421804115006,237.24738389420543
2024-08-31 10:01:19+00:00,NAC810,21.705780029296875,-71.72289484197444,11277.6,119.34421804115006,237.24738389420543
2024-08-31 10:01:20+00:00,NAC810,21.704142942266948,-71.71981811523438,11277.6,119.34421804115006,237.24738389420543
2024-08-31 10:01:21+00:00,NAC810,21.703582763671875,-71.71870006214488,11277.6,119.34421804115006,237.24738389420543
2024-08-31 10:01:23+00:00,NAC810,21.700836181640625,-71.71350652521306,11277.6,119.34421804115006,237.24738389420543
2024-08-31 10:01:24+00:00,NAC810,21.69986013638771,-71.71162923177081,11277.6,119.34421804115006,237.24738389420543
2024-08-31 10:01:25+00:00,NAC810,21.699371337890625,-71.71071000532669,11277.6,119.45240135205955,237.4999132750223
2024-08-31 10:01:26+00:00,NAC810,21.698044599112816,-71.70822143554688,11277.6,119.45240135205955,237.4999132750223
2024-08-31 10:01:27+00:00,NAC810,21.697586059570312,-71.70736416903407,11277.6,119.45240135205955,237.4999132750223
2024-08-31 10:01:28+00:00,NAC810,21.695763539459744,-71.70384724934894,11277.6,119.45240135205955,237.4999132750223
2024-08-31 10:01:29+00:00,NAC810,21.694692837989937,-71.70186360677081,11277.6,119.34421804115006,237.24738389420543
2024-08-31 10:01:31+00:00,NAC810,21.69301695742849,-71.69865926106769,11277.6,119.34421804115006,237.24738389420543
2024-08-31 10:01:32+00:00,NAC810,21.691909790039062,-71.6965775923295,11277.6,119.34421804115006,237.24738389420543
2024-08-31 10:01:33+00:00,NAC810,21.690829002251057,-71.69448852539062,11277.6,119.34421804115006,237.24738389420543
2024-08-31 10:01:34+00:00,NAC810,21.68975830078125,-71.6925048828125,11277.6,119.34421804115006,237.24738389420543
2024-08-31 10:01:35+00:00,NAC810,21.689208984375,-71.69138405539769,11285.22,119.34421804115006,237.24738389420543
2024-08-31 10:01:36+00:00,NAC810,21.68701171875,-71.68731689453125,11285.22,119.34421804115006,237.24738389420543
2024-08-31 10:01:37+00:00,NAC810,21.686499644134003,-71.68629964192706,11285.22,119.34421804115006,237.24738389420543
2024-08-31 10:01:38+00:00,NAC810,21.68550109863281,-71.68444269353694,11285.22,119.45240135205955,237.4999132750223
2024-08-31 10:01:39+00:00,NAC810,21.68449789790784,-71.68253580729163,11285.22,119.45240135205955,237.4999132750223
2024-08-31 10:01:40+00:00,NAC810,21.683395385742188,-71.68044766512782,11285.22,119.45240135205955,237.4999132750223
2024-08-31 10:01:41+00:00,NAC810,21.68183898925781,-71.677451393821,11285.22,119.45240135205955,237.4999132750223
2024-08-31 10:01:42+00:00,NAC810,21.680877685546875,-71.67565363103694,11285.22,119.45240135205955,237.4999132750223
2024-08-31 10:01:44+00:00,NAC810,21.679412841796875,-71.67285711115056,11285.22,119.45240135205955,237.4999132750223
2024-08-31 10:01:45+00:00,NAC810,21.67821334580244,-71.67058308919269,11285.22,119.45240135205955,237.4999132750223
2024-08-31 10:01:46+00:00,NAC810,21.676803588867188,-71.66786332563919,11285.22,119.45240135205955,237.4999132750223
2024-08-31 10:01:47+00:00,NAC810,21.67569952496028,-71.66580200195312,11285.22,119.45240135205955,237.4999132750223
2024-08-31 10:01:48+00:00,NAC810,21.67514089810646,-71.66478474934894,11277.6,119.45240135205955,237.4999132750223
2024-08-31 10:01:49+00:00,NAC810,21.67469787597656,-71.66391823508519,11285.22,119.45240135205955,237.4999132750223
2024-08-31 10:01:50+00:00,NAC810,21.673004150390625,-71.66072221235794,11285.22,119.45240135205955,237.4999132750223
2024-08-31 10:01:51+00:00,NAC810,21.671951293945312,-71.65872469815338,11277.6,119.45240135205955,237.4999132750223
2024-08-31 10:01:52+00:00,NAC810,21.670858092227224,-71.65659586588538,11285.22,119.45240135205955,237.4999132750223
2024-08-31 10:01:53+00:00,NAC810,21.66927531614142,-71.65364583333331,11277.6,119.45240135205955,237.4999132750223
2024-08-31 10:01:54+00:00,NAC810,21.668623584811968,-71.65242513020831,11277.6,119.45240135205955,237.4999132750223
2024-08-31 10:01:55+00:00,NAC810,21.66769254005561,-71.650644938151,11277.6,119.45240135205955,237.4999132750223
2024-08-31 10:01:56+00:00,NAC810,21.666778564453125,-71.64893687855113,11277.6,119.45240135205955,237.4999132750223
2024-08-31 10:01:57+00:00,NAC810,21.666183471679688,-71.64773837002838,11277.6,119.45240135205955,237.4999132750223
2024-08-31 10:01:58+00:00,NAC810,21.66416931152344,-71.64394309303975,11277.6,119.45240135205955,237.4999132750223
2024-08-31 10:01:59+00:00,NAC810,21.66302490234375,-71.64174582741475,11277.6,119.45240135205955,237.4999132750223
2024-08-31 10:02:00+00:00,NAC810,21.661920062566207,-71.639658610026,11277.6,119.45240135205955,237.4999132750223
2024-08-31 10:02:02+00:00,NAC810,21.66078186035156,-71.63755104758519,11285.22,119.45240135205955,237.4999132750223
2024-08-31 10:02:03+00:00,NAC810,21.65986633300781,-71.63575328480113,11277.6,119.45240135205955,237.4999132750223
2024-08-31 10:02:04+00:00,NAC810,21.657760620117188,-71.631758256392,11277.6,119.45240135205955,237.4999132750223
2024-08-31 10:02:05+00:00,NAC810,21.65675276416843,-71.629892985026,11277.6,119.45240135205955,237.4999132750223
2024-08-31 10:02:06+00:00,NAC810,21.656158447265625,-71.62876198508519,11277.6,119.45240135205955,237.4999132750223
2024-08-31 10:02:07+00:00,NAC810,21.655242919921875,-71.62696422230113,11277.6,119.45240135205955,237.4999132750223
2024-08-31 10:02:08+00:00,NAC810,21.654098510742188,-71.62476695667613,11277.6,119.39149266238292,237.9480072875114
2024-08-31 10:02:09+00:00,NAC810,21.65256306276483,-71.62190755208331,11277.6,119.39149266238292,237.9480072875114
2024-08-31 10:02:11+00:00,NAC810,21.65023545087394,-71.61748250325519,11277.6,119.39149266238292,237.9480072875114
2024-08-31 10:02:12+00:00,NAC810,21.649154663085938,-71.61537863991475,11277.6,119.28344875367168,237.69595396451103
2024-08-31 10:02:14+00:00,NAC810,21.647964477539062,-71.61318137428975,11277.6,119.28344875367168,237.69595396451103
2024-08-31 10:02:15+00:00,NAC810,21.646976794226696,-71.61127726236975,11277.6,119.28344875367168,237.69595396451103
2024-08-31 10:02:16+00:00,NAC810,21.645952644994704,-71.60929361979163,11277.6,119.28344875367168,237.69595396451103
2024-08-31 10:02:17+00:00,NAC810,21.644302368164062,-71.60619007457387,11277.6,119.28344875367168,237.69595396451103
2024-08-31 10:02:18+00:00,NAC810,21.64315795898437,-71.60399280894887,11277.6,119.28344875367168,237.69595396451103
2024-08-31 10:02:19+00:00,NAC810,21.642608642578125,-71.60299405184657,11277.6,119.28344875367168,237.69595396451103
2024-08-31 10:02:20+00:00,NAC810,21.6416015625,-71.600996537642,11277.6,119.39149266238292,237.9480072875114
2024-08-31 10:02:21+00:00,NAC810,21.64036637645657,-71.59871419270831,11277.6,119.39149266238292,237.9480072875114
2024-08-31 10:02:22+00:00,NAC810,21.63920257051112,-71.59652709960938,11277.6,119.45240135205955,237.4999132750223
2024-08-31 10:02:23+00:00,NAC810,21.63817842127913,-71.59454345703125,11277.6,119.45240135205955,237.4999132750223
2024-08-31 10:02:24+00:00,NAC810,21.63706970214844,-71.5924072265625,11277.6,119.45240135205955,237.4999132750223
2024-08-31 10:02:25+00:00,NAC810,21.636016845703125,-71.59040971235794,11277.6,119.45240135205955,237.4999132750223
2024-08-31 10:02:26+00:00,NAC810,21.63487243652344,-71.58826238458806,11277.6,119.45240135205955,237.4999132750223
2024-08-31 10:02:27+00:00,NAC810,21.63375595868644,-71.58615112304688,11277.6,119.45240135205955,237.4999132750223
2024-08-31 10:02:28+00:00,NAC810,21.63262939453125,-71.5840676047585,11277.6,119.45240135205955,237.4999132750223
2024-08-31 10:02:29+00:00,NAC810,21.63166110798464,-71.58213297526038,11277.6,119.45240135205955,237.4999132750223
2024-08-31 10:02:30+00:00,NAC810,21.63059040651483,-71.58014933268225,11277.6,119.45240135205955,237.4999132750223
2024-08-31 10:02:31+00:00,NAC810,21.630078331898837,-71.57918294270831,11277.6,119.45240135205955,237.4999132750223
2024-08-31 10:02:32+00:00,NAC810,21.629470825195312,-71.57807506214488,11277.6,119.45240135205955,237.4999132750223
2024-08-31 10:02:33+00:00,NAC810,21.627365112304688,-71.57408003373575,11277.6,119.45240135205955,237.4999132750223
2024-08-31 10:02:34+00:00,NAC810,21.626400705111227,-71.57216389973956,11277.6,119.45240135205955,237.4999132750223
2024-08-31 10:02:35+00:00,NAC810,21.62542310811705,-71.57038370768225,11277.6,119.45240135205955,237.4999132750223
2024-08-31 10:02:36+00:00,NAC810,21.624352406647244,-71.56840006510413,11277.6,119.45240135205955,237.4999132750223
2024-08-31 10:02:37+00:00,NAC810,21.62338256835937,-71.5664894797585,11277.6,119.45240135205955,237.4999132750223
2024-08-31 10:02:38+00:00,NAC810,21.62242126464844,-71.56469171697444,11277.6,119.45240135205955,237.4999132750223
2024-08-31 10:02:39+00:00,NAC810,21.62193169028072,-71.56382242838538,11277.6,119.45240135205955,237.4999132750223
2024-08-31 10:02:40+00:00,NAC810,21.620395466432733,-71.56082153320312,11285.22,119.45240135205955,237.4999132750223
2024-08-31 10:02:41+00:00,NAC810,21.61885070800781,-71.55790016867894,11285.22,119.45240135205955,237.4999132750223
2024-08-31 10:02:42+00:00,NAC810,21.618209838867188,-71.55670166015625,11285.22,119.45240135205955,237.4999132750223
2024-08-31 10:02:43+00:00,NAC810,21.6170654296875,-71.55450439453125,11285.22,119.45240135205955,237.4999132750223
2024-08-31 10:02:44+00:00,NAC810,21.61597300384004,-71.55242919921875,11285.22,119.45240135205955,237.4999132750223
2024-08-31 10:02:45+00:00,NAC810,21.614959716796875,-71.55050936612213,11285.22,119.39149266238292,237.9480072875114
2024-08-31 10:02:46+00:00,NAC810,21.61397125761388,-71.54861450195312,11285.22,119.45240135205955,237.4999132750223
2024-08-31 10:02:47+00:00,NAC810,21.61285400390625,-71.54651433771306,11285.22,119.45240135205955,237.4999132750223
2024-08-31 10:02:48+00:00,NAC810,21.61138916015625,-71.54376775568181,11285.22,119.45240135205955,237.4999132750223
2024-08-31 10:02:49+00:00,NAC810,21.610898809917902,-71.54286702473956,11285.22,119.45240135205955,237.4999132750223
2024-08-31 10:02:50+00:00,NAC810,21.60992431640625,-71.54097123579544,11285.22,119.45240135205955,237.4999132750223
2024-08-31 10:02:51+00:00,NAC810,21.608871459960938,-71.53897372159088,11285.22,119.45240135205955,237.4999132750223
2024-08-31 10:02:52+00:00,NAC810,21.607818603515625,-71.53697620738637,11285.22,119.45240135205955,237.4999132750223
2024-08-31 10:02:53+00:00,NAC810,21.606216430664062,-71.5339799360795,11285.22,119.45240135205955,237.4999132750223
2024-08-31 10:02:54+00:00,NAC810,21.60503322795286,-71.53167724609375,11285.22,119.45240135205955,237.4999132750223
2024-08-31 10:02:55+00:00,NAC810,21.604522705078125,-71.53078391335225,11285.22,119.45240135205955,237.4999132750223
2024-08-31 10:02:56+00:00,NAC810,21.60337829589844,-71.52858664772725,11285.22,119.56035446468074,237.7532875732741
2024-08-31 10:02:57+00:00,NAC810,21.60228664592161,-71.5264892578125,11285.22,119.56035446468074,237.7532875732741
2024-08-31 10:02:58+00:00,NAC810,21.601364135742188,-71.52479137073863,11285.22,119.56035446468074,237.7532875732741
2024-08-31 10:02:59+00:00,NAC810,21.60028489969545,-71.52267456054688,11277.6,119.56035446468074,237.7532875732741
2024-08-31 10:03:00+00:00,NAC810,21.599166870117188,-71.52059659090907,11277.6,119.56035446468074,237.7532875732741
2024-08-31 10:03:01+00:00,NAC810,21.59823660123146,-71.51891072591144,11277.6,119.56035446468074,237.7532875732741
2024-08-31 10:03:02+00:00,NAC810,21.597305556475103,-71.51713053385413,11277.6,119.56035446468074,237.7532875732741
2024-08-31 10:03:03+00:00,NAC810,21.59619140625,-71.51500355113637,11277.6,119.56035446468074,237.7532875732741
2024-08-31 10:03:04+00:00,NAC810,21.595138549804688,-71.51300603693181,11277.6,119.39149266238292,237.9480072875114
2024-08-31 10:03:05+00:00,NAC810,21.59404689982786,-71.51092529296875,11277.6,119.39149266238292,237.9480072875114
2024-08-31 10:03:06+00:00,NAC810,21.59297619835805,-71.50894165039062,11277.6,119.39149266238292,237.9480072875114
2024-08-31 10:03:07+00:00,NAC810,21.591796875,-71.50661399147725,11277.6,119.39149266238292,237.9480072875114
2024-08-31 10:03:08+00:00,NAC810,21.59064858646716,-71.5045166015625,11277.6,119.39149266238292,237.9480072875114
2024-08-31 10:03:09+00:00,NAC810,21.589717541710804,-71.50273640950519,11277.6,119.39149266238292,237.9480072875114
2024-08-31 10:03:10+00:00,NAC810,21.588646840240997,-71.50075276692706,11277.6,119.39149266238292,237.9480072875114
2024-08-31 10:03:11+00:00,NAC810,21.587529586533368,-71.49856567382812,11277.6,119.39149266238292,237.9480072875114
2024-08-31 10:03:12+00:00,NAC810,21.5865519895392,-71.49673461914062,11277.6,119.39149266238292,237.9480072875114
2024-08-31 10:03:13+00:00,NAC810,21.585433959960938,-71.49467884410512,11277.6,119.39149266238292,237.9480072875114
2024-08-31 10:03:14+00:00,NAC810,21.58428955078125,-71.49248157848012,11277.6,119.39149266238292,237.9480072875114
2024-08-31 10:03:15+00:00,NAC810,21.583328247070312,-71.490683815696,11277.6,119.39149266238292,237.9480072875114
2024-08-31 10:03:17+00:00,NAC810,21.580965721001057,-71.48615519205725,11277.6,119.39149266238292,237.9480072875114
2024-08-31 10:03:18+00:00,NAC810,21.580034676244704,-71.484375,11277.6,119.39149266238292,237.9480072875114
2024-08-31 10:03:19+00:00,NAC810,21.579103631488348,-71.48259480794269,11277.6,119.39149266238292,237.9480072875114
2024-08-31 10:03:20+00:00,NAC810,21.578032930018537,-71.48056030273438,11277.6,119.39149266238292,237.9480072875114
2024-08-31 10:03:21+00:00,NAC810,21.577056884765625,-71.47869873046875,11277.6,119.39149266238292,237.9480072875114
2024-08-31 10:03:22+00:00,NAC810,21.576095581054688,-71.47690096768463,11277.6,119.39149266238292,237.9480072875114
2024-08-31 10:03:23+00:00,NAC810,21.574493408203125,-71.47390469637782,11277.6,119.39149266238292,237.9480072875114
2024-08-31 10:03:24+00:00,NAC810,21.57342425847457,-71.4718119303385,11277.6,119.39149266238292,237.9480072875114
2024-08-31 10:03:25+00:00,NAC810,21.57286563162076,-71.47079467773438,11277.6,119.39149266238292,237.9480072875114
2024-08-31 10:03:26+00:00,NAC810,21.571792602539062,-71.468711159446,11277.6,119.39149266238292,237.9480072875114
2024-08-31 10:03:27+00:00,NAC810,21.57077078091896,-71.46682739257812,11277.6,119.39149266238292,237.9480072875114
2024-08-31 10:03:28+00:00,NAC810,21.56960697497352,-71.46458943684894,11277.6,119.39149266238292,237.9480072875114
2024-08-31 10:03:29+00:00,NAC810,21.56858282574153,-71.46260579427081,11277.6,119.39149266238292,237.9480072875114
2024-08-31 10:03:30+00:00,NAC810,21.56703186035156,-71.45972234552556,11277.6,119.39149266238292,237.9480072875114
2024-08-31 10:03:31+00:00,NAC810,21.566436767578125,-71.45852383700282,11277.6,119.39149266238292,237.9480072875114
2024-08-31 10:03:32+00:00,NAC810,21.56532416909428,-71.45645141601562,11277.6,119.39149266238292,237.9480072875114
2024-08-31 10:03:33+00:00,NAC810,21.564346572100103,-71.45462036132812,11277.6,119.39149266238292,237.9480072875114
2024-08-31 10:03:34+00:00,NAC810,21.56304931640625,-71.45213179154825,11277.6,119.39149266238292,237.9480072875114
2024-08-31 10:03:35+00:00,NAC810,21.562088012695312,-71.45033402876419,11277.6,119.39149266238292,237.9480072875114
2024-08-31 10:03:36+00:00,NAC810,21.560714721679688,-71.44773726029825,11285.22,119.39149266238292,237.9480072875114
2024-08-31 10:03:37+00:00,NAC810,21.560302734375,-71.44693825461644,11277.6,119.39149266238292,237.9480072875114
2024-08-31 10:03:38+00:00,NAC810,21.559086169226696,-71.44465128580725,11277.6,119.45240135205955,237.4999132750223
2024-08-31 10:03:39+00:00,NAC810,21.55796813964844,-71.44254372336644,11277.6,119.45240135205955,237.4999132750223
2024-08-31 10:03:40+00:00,NAC810,21.55689821404926,-71.44048055013019,11277.6,119.56035446468074,237.7532875732741
2024-08-31 10:03:41+00:00,NAC810,21.55577087402344,-71.43834894353694,11277.6,119.56035446468074,237.7532875732741
2024-08-31 10:03:42+00:00,NAC810,21.554718017578125,-71.4364013671875,11277.6,119.56035446468074,237.7532875732741
2024-08-31 10:03:43+00:00,NAC810,21.55415163201801,-71.43529256184894,11277.6,119.56035446468074,237.7532875732741
2024-08-31 10:03:44+00:00,NAC810,21.553024291992188,-71.43320534446019,11277.6,119.56035446468074,237.7532875732741
2024-08-31 10:03:45+00:00,NAC810,21.551971435546875,-71.43120783025569,11277.6,119.56035446468074,237.7532875732741
2024-08-31 10:03:46+00:00,NAC810,21.550427452992583,-71.42832438151038,11277.6,119.56035446468074,237.7532875732741
2024-08-31 10:03:47+00:00,NAC810,21.54945373535156,-71.42641379616475,11277.6,119.56035446468074,237.7532875732741
2024-08-31 10:03:48+00:00,NAC810,21.548332602290785,-71.42430623372394,11277.6,119.56035446468074,237.7532875732741
2024-08-31 10:03:49+00:00,NAC810,21.5478515625,-71.42341752485794,11277.6,119.56035446468074,237.7532875732741
2024-08-31 10:03:50+00:00,NAC810,21.546749826204977,-71.42130533854163,11277.6,119.56035446468074,237.7532875732741
2024-08-31 10:03:51+00:00,NAC810,21.54581878144862,-71.41952514648438,11277.6,119.56035446468074,237.7532875732741
2024-08-31 10:03:52+00:00,NAC810,21.54432910983845,-71.41672770182288,11277.6,119.56035446468074,237.7532875732741
2024-08-31 10:03:53+00:00,NAC810,21.5430908203125,-71.4144287109375,11277.6,119.56035446468074,237.7532875732741
2024-08-31 10:03:54+00:00,NAC810,21.5426066770392,-71.41352335611975,11277.6,119.56035446468074,237.7532875732741
2024-08-31 10:03:55+00:00,NAC810,21.54167563228284,-71.4117431640625,11277.6,119.56035446468074,237.7532875732741
2024-08-31 10:03:56+00:00,NAC810,21.540573120117188,-71.40963467684657,11277.6,119.56035446468074,237.7532875732741
2024-08-31 10:03:57+00:00,NAC810,21.53958078158104,-71.40777587890625,11277.6,119.56035446468074,237.7532875732741
2024-08-31 10:03:58+00:00,NAC810,21.53785834878178,-71.40457153320312,11277.6,119.56035446468074,237.7532875732741
2024-08-31 10:03:59+00:00,NAC810,21.53741455078125,-71.40369207208806,11277.6,119.56035446468074,237.7532875732741
2024-08-31 10:04:00+00:00,NAC810,21.53627557269597,-71.40157063802081,11277.6,119.45240135205955,237.4999132750223
2024-08-31 10:04:01+00:00,NAC810,21.535171508789062,-71.3994972922585,11277.6,119.45240135205955,237.4999132750223
2024-08-31 10:04:02+00:00,NAC810,21.53411865234375,-71.39749977805394,11277.6,119.45240135205955,237.4999132750223
2024-08-31 10:04:03+00:00,NAC810,21.53306579589844,-71.39550226384944,11277.6,119.45240135205955,237.4999132750223
2024-08-31 10:04:04+00:00,NAC810,21.53160095214844,-71.39270574396306,11277.6,119.45240135205955,237.4999132750223
2024-08-31 10:04:05+00:00,NAC810,21.53045654296875,-71.39050847833806,11277.6,119.45240135205955,237.4999132750223
2024-08-31 10:04:06+00:00,NAC810,21.52949523925781,-71.38871071555394,11277.6,119.45240135205955,237.4999132750223
2024-08-31 10:04:07+00:00,NAC810,21.5290134235964,-71.38783772786456,11277.6,119.45240135205955,237.4999132750223
2024-08-31 10:04:08+00:00,NAC810,21.52733754303496,-71.38463338216144,11277.6,119.45240135205955,237.4999132750223
2024-08-31 10:04:09+00:00,NAC810,21.526107788085938,-71.38231867009944,11277.6,119.45240135205955,237.4999132750223
2024-08-31 10:04:10+00:00,NAC810,21.52566166247352,-71.38142903645831,11277.6,119.56035446468074,237.7532875732741
2024-08-31 10:04:11+00:00,NAC810,21.524171990863348,-71.37868245442706,11277.6,119.56035446468074,237.7532875732741
2024-08-31 10:04:12+00:00,NAC810,21.523178100585938,-71.37677556818181,11277.6,119.56035446468074,237.7532875732741
2024-08-31 10:04:13+00:00,NAC810,21.522125244140625,-71.37477805397725,11277.6,119.56035446468074,237.7532875732741
2024-08-31 10:04:14+00:00,NAC810,21.52100643869173,-71.3726806640625,11277.6,119.56035446468074,237.7532875732741
2024-08-31 10:04:15+00:00,NAC810,21.52007539393538,-71.37090047200519,11277.6,119.56035446468074,237.7532875732741
2024-08-31 10:04:16+00:00,NAC810,21.518911587989937,-71.36871337890625,11277.6,119.56035446468074,237.7532875732741
2024-08-31 10:04:17+00:00,NAC810,21.51841735839844,-71.36778675426137,11277.6,119.56035446468074,237.7532875732741
2024-08-31 10:04:18+00:00,NAC810,21.517364501953125,-71.36578924005681,11277.6,119.56035446468074,237.7532875732741
2024-08-31 10:04:19+00:00,NAC810,21.51622009277344,-71.36364191228694,11277.6,119.56035446468074,237.7532875732741
2024-08-31 10:04:20+00:00,NAC810,21.51502990722656,-71.36144464666194,11277.6,119.56035446468074,237.7532875732741
2024-08-31 10:04:21+00:00,NAC810,21.51393049854343,-71.35935465494788,11277.6,119.56035446468074,237.7532875732741
2024-08-31 10:04:22+00:00,NAC810,21.512741088867188,-71.35705011541194,11277.6,119.56035446468074,237.7532875732741
2024-08-31 10:04:23+00:00,NAC810,21.51177978515625,-71.35525235262782,11277.6,119.56035446468074,237.7532875732741
2024-08-31 10:04:24+00:00,NAC810,21.510726928710938,-71.35325483842325,11277.6,119.56035446468074,237.7532875732741
2024-08-31 10:04:25+00:00,NAC810,21.509601140426376,-71.35116577148438,11277.6,119.45240135205955,237.4999132750223
2024-08-31 10:04:26+00:00,NAC810,21.508576991194385,-71.34918212890625,11277.6,119.45240135205955,237.4999132750223
2024-08-31 10:04:27+00:00,NAC810,21.50741318524894,-71.34699503580725,11277.6,119.45240135205955,237.4999132750223
2024-08-31 10:04:28+00:00,NAC810,21.50628662109375,-71.34491521661931,11277.6,119.45240135205955,237.4999132750223
2024-08-31 10:04:29+00:00,NAC810,21.505142211914062,-71.34271795099431,11277.6,119.45240135205955,237.4999132750223
2024-08-31 10:04:31+00:00,NAC810,21.503952026367188,-71.34052068536931,11277.6,119.45240135205955,237.4999132750223
2024-08-31 10:04:33+00:00,NAC810,21.501251220703125,-71.33537708629262,11277.6,119.45240135205955,237.4999132750223
2024-08-31 10:04:34+00:00,NAC810,21.50019836425781,-71.33337957208806,11277.6,119.45240135205955,237.4999132750223
2024-08-31 10:04:35+00:00,NAC810,21.499008178710938,-71.33118230646306,11277.6,119.45240135205955,237.4999132750223
2024-08-31 10:04:36+00:00,NAC810,21.49791652873411,-71.32909138997394,11277.6,119.45240135205955,237.4999132750223
2024-08-31 10:04:37+00:00,NAC810,21.496985483977756,-71.32731119791663,11277.6,119.45240135205955,237.4999132750223
2024-08-31 10:04:38+00:00,NAC810,21.495914782507946,-71.3253275553385,11277.6,119.45240135205955,237.4999132750223
2024-08-31 10:04:39+00:00,NAC810,21.494796752929688,-71.3232421875,11277.6,119.45240135205955,237.4999132750223
2024-08-31 10:04:40+00:00,NAC810,21.494238901946503,-71.32212320963538,11277.6,119.45240135205955,237.4999132750223
2024-08-31 10:04:41+00:00,NAC810,21.492599487304688,-71.31904740767044,11277.6,119.45240135205955,237.4999132750223
2024-08-31 10:04:42+00:00,NAC810,21.492097499006885,-71.31815592447913,11277.6,119.45240135205955,237.4999132750223
2024-08-31 10:04:43+00:00,NAC810,21.49065437963453,-71.31535847981769,11277.6,119.45240135205955,237.4999132750223
2024-08-31 10:04:44+00:00,NAC810,21.489583678164724,-71.31337483723956,11277.6,119.45240135205955,237.4999132750223
2024-08-31 10:04:45+00:00,NAC810,21.488652633408368,-71.31159464518225,11277.6,119.45240135205955,237.4999132750223
2024-08-31 10:04:46+00:00,NAC810,21.4871629617982,-71.30879720052081,11277.6,119.45240135205955,237.4999132750223
2024-08-31 10:04:47+00:00,NAC810,21.486650887182204,-71.30777994791663,11277.6,119.45240135205955,237.4999132750223
2024-08-31 10:04:48+00:00,NAC810,21.4850681110964,-71.30482991536456,11277.6,119.45240135205955,237.4999132750223
2024-08-31 10:04:49+00:00,NAC810,21.4845560364804,-71.30381266276038,11277.6,119.45240135205955,237.4999132750223
2024-08-31 10:04:50+00:00,NAC810,21.4829732603946,-71.30086263020831,11277.6,119.45240135205955,237.4999132750223
2024-08-31 10:04:51+00:00,NAC810,21.482321529065143,-71.29964192708331,11277.6,119.45240135205955,237.4999132750223
2024-08-31 10:04:52+00:00,NAC810,21.480645648503707,-71.29648844401038,11277.6,119.45240135205955,237.4999132750223
2024-08-31 10:04:53+00:00,NAC810,21.480226678363348,-71.29567464192706,11277.6,119.45240135205955,237.4999132750223
2024-08-31 10:04:54+00:00,NAC810,21.47909545898437,-71.2935791015625,11277.6,119.45240135205955,237.4999132750223
2024-08-31 10:04:55+00:00,NAC810,21.478131827661542,-71.29170735677081,11277.6,119.45240135205955,237.4999132750223
2024-08-31 10:04:56+00:00,NAC810,21.477127075195312,-71.28978382457387,11277.6,119.45240135205955,237.4999132750223
2024-08-31 10:04:57+00:00,NAC810,21.475616455078125,-71.28703724254262,11277.6,119.45240135205955,237.4999132750223
2024-08-31 10:05:00+00:00,NAC810,21.47254555912341,-71.28117879231769,11277.6,119.62163162522744,237.30594111969415
2024-08-31 10:05:01+00:00,NAC810,21.47154235839844,-71.27924693714488,11277.6,119.62163162522744,237.30594111969415
2024-08-31 10:05:02+00:00,NAC810,21.470311051708155,-71.27695719401038,11277.6,119.62163162522744,237.30594111969415
2024-08-31 10:05:03+00:00,NAC810,21.469207763671875,-71.27490234375,11277.6,119.62163162522744,237.30594111969415
2024-08-31 10:05:04+00:00,NAC810,21.468076544292902,-71.27278645833331,11277.6,119.62163162522744,237.30594111969415
2024-08-31 10:05:06+00:00,NAC810,21.466964721679688,-71.27070756392044,11277.6,119.62163162522744,237.30594111969415
2024-08-31 10:05:07+00:00,NAC810,21.46607479806673,-71.26902262369788,11277.6,119.62163162522744,237.30594111969415
2024-08-31 10:05:08+00:00,NAC810,21.46495056152344,-71.26696222478694,11277.6,119.62163162522744,237.30594111969415
2024-08-31 10:05:09+00:00,NAC810,21.46298217773437,-71.26316694779825,11277.6,119.62163162522744,237.30594111969415
2024-08-31 10:05:10+00:00,NAC810,21.46202087402344,-71.26136918501419,11277.6,119.62163162522744,237.30594111969415
2024-08-31 10:05:12+00:00,NAC810,21.459836798199152,-71.25732421875,11277.6,119.62163162522744,237.30594111969415
2024-08-31 10:05:14+00:00,NAC810,21.457672119140625,-71.25322931463069,11277.6,119.51354024114008,237.05208867345357
2024-08-31 10:05:15+00:00,NAC810,21.45648503707627,-71.25096638997394,11277.6,119.51354024114008,237.05208867345357
2024-08-31 10:05:16+00:00,NAC810,21.45538330078125,-71.24888472123575,11277.6,119.51354024114008,237.05208867345357
2024-08-31 10:05:17+00:00,NAC810,21.45497131347656,-71.24808571555394,11277.6,119.51354024114008,237.05208867345357
2024-08-31 10:05:18+00:00,NAC810,21.45397121623411,-71.24618530273438,11277.6,119.51354024114008,237.05208867345357
2024-08-31 10:05:19+00:00,NAC810,21.45272827148437,-71.24389093572444,11277.6,119.51354024114008,237.05208867345357
2024-08-31 10:05:20+00:00,NAC810,21.451675415039062,-71.24189342151988,11277.6,119.51354024114008,237.05208867345357
2024-08-31 10:05:21+00:00,NAC810,21.45015393273305,-71.239013671875,11277.6,119.51354024114008,237.05208867345357
2024-08-31 10:05:22+00:00,NAC810,21.448990126787606,-71.236826578776,11277.6,119.51354024114008,237.05208867345357
2024-08-31 10:05:23+00:00,NAC810,21.44842529296875,-71.23575106534088,11277.6,119.51354024114008,237.05208867345357
2024-08-31 10:05:24+00:00,NAC810,21.44746398925781,-71.23395330255681,11277.6,119.51354024114008,237.05208867345357
2024-08-31 10:05:25+00:00,NAC810,21.44686889648437,-71.23275479403407,11277.6,119.51354024114008,237.05208867345357
2024-08-31 10:05:26+00:00,NAC810,21.4456787109375,-71.23055752840907,11277.6,119.51354024114008,237.05208867345357
2024-08-31 10:05:27+00:00,NAC810,21.444707320908368,-71.22868855794269,11277.6,119.51354024114008,237.05208867345357
2024-08-31 10:05:28+00:00,NAC810,21.4427490234375,-71.22501442649144,11277.6,119.51354024114008,237.05208867345357
2024-08-31 10:05:29+00:00,NAC810,21.442146947828387,-71.22390747070312,11277.6,119.51354024114008,237.05208867345357
2024-08-31 10:05:30+00:00,NAC810,21.4412841796875,-71.22221790660512,11277.6,119.51354024114008,237.05208867345357
2024-08-31 10:05:31+00:00,NAC810,21.44032287597656,-71.220420143821,11277.6,119.51354024114008,237.05208867345357
2024-08-31 10:05:32+00:00,NAC810,21.438629150390625,-71.21727405894887,11277.6,119.51354024114008,237.05208867345357
2024-08-31 10:05:33+00:00,NAC810,21.437538276284428,-71.2152099609375,11277.6,119.51354024114008,237.05208867345357
2024-08-31 10:05:34+00:00,NAC810,21.436467574814618,-71.21317545572913,11277.6,119.51354024114008,237.05208867345357
2024-08-31 10:05:36+00:00,NAC810,21.434884798728813,-71.21022542317706,11277.6,119.51354024114008,237.05208867345357
2024-08-31 10:05:37+00:00,NAC810,21.43427961963718,-71.20900472005206,11277.6,119.51354024114008,237.05208867345357
2024-08-31 10:05:38+00:00,NAC810,21.43320891816737,-71.20702107747394,11277.6,119.51354024114008,237.05208867345357
2024-08-31 10:05:39+00:00,NAC810,21.431719246557204,-71.20427449544269,11277.6,119.51354024114008,237.05208867345357
2024-08-31 10:05:40+00:00,NAC810,21.43111406746557,-71.20305379231769,11277.6,119.51354024114008,237.05208867345357
2024-08-31 10:05:41+00:00,NAC810,21.429473876953125,-71.1999955610795,11277.6,119.51354024114008,237.05208867345357
2024-08-31 10:05:42+00:00,NAC810,21.42906188964844,-71.19919655539769,11277.6,119.51354024114008,237.05208867345357
2024-08-31 10:05:43+00:00,NAC810,21.42720367948888,-71.19572957356769,11277.6,119.51354024114008,237.05208867345357
2024-08-31 10:05:44+00:00,NAC810,21.42627263473252,-71.19394938151038,11277.6,119.51354024114008,237.05208867345357
2024-08-31 10:05:45+00:00,NAC810,21.42535400390625,-71.19220525568181,11277.6,119.51354024114008,237.05208867345357
2024-08-31 10:05:46+00:00,NAC810,21.42371226165254,-71.18916829427081,11277.6,119.51354024114008,237.05208867345357
2024-08-31 10:05:47+00:00,NAC810,21.42310708256091,-71.18794759114581,11277.6,119.51354024114008,237.05208867345357
2024-08-31 10:05:48+00:00,NAC810,21.422103881835938,-71.18606289950282,11277.6,119.51354024114008,237.05208867345357
2024-08-31 10:05:49+00:00,NAC810,21.42096567962129,-71.18398030598956,11277.6,119.62163162522744,237.30594111969415
2024-08-31 10:05:50+00:00,NAC810,21.4199415303893,-71.18199666341144,11277.6,119.62163162522744,237.30594111969415
2024-08-31 10:05:51+00:00,NAC810,21.41880798339844,-71.17992054332387,11277.6,119.62163162522744,237.30594111969415
2024-08-31 10:05:52+00:00,NAC810,21.41770702297405,-71.17782592773438,11277.6,119.62163162522744,237.30594111969415
2024-08-31 10:05:53+00:00,NAC810,21.41661071777344,-71.17577570134944,11277.6,119.62163162522744,237.30594111969415
2024-08-31 10:05:54+00:00,NAC810,21.4156494140625,-71.17397793856532,11277.6,119.62163162522744,237.30594111969415
2024-08-31 10:05:55+00:00,NAC810,21.414596557617188,-71.17198042436075,11277.6,119.62163162522744,237.30594111969415
2024-08-31 10:05:56+00:00,NAC810,21.41361042604608,-71.17009480794269,11277.6,119.62163162522744,237.30594111969415
2024-08-31 10:05:57+00:00,NAC810,21.41253972457627,-71.16811116536456,11277.6,119.62163162522744,237.30594111969415
2024-08-31 10:05:58+00:00,NAC810,21.41143798828125,-71.16603781960225,11285.22,119.62163162522744,237.30594111969415
2024-08-31 10:05:59+00:00,NAC810,21.410476684570312,-71.16424005681819,11277.6,119.62163162522744,237.30594111969415
2024-08-31 10:06:00+00:00,NAC810,21.409467276880296,-71.162363688151,11277.6,119.62163162522744,237.30594111969415
2024-08-31 10:06:01+00:00,NAC810,21.408370971679688,-71.16029496626419,11277.6,119.62163162522744,237.30594111969415
2024-08-31 10:06:02+00:00,NAC810,21.40723276946504,-71.15819295247394,11277.6,119.68314017912331,236.8588671229469
2024-08-31 10:06:03+00:00,NAC810,21.406301724708687,-71.15641276041663,11277.6,119.68314017912331,236.8588671229469
2024-08-31 10:06:04+00:00,NAC810,21.40521240234375,-71.15430242365056,11277.6,119.68314017912331,236.8588671229469
2024-08-31 10:06:05+00:00,NAC810,21.404206874006885,-71.15244547526038,11277.6,119.68314017912331,236.8588671229469
2024-08-31 10:06:07+00:00,NAC810,21.402008056640625,-71.148359818892,11277.6,119.68314017912331,236.8588671229469
2024-08-31 10:06:08+00:00,NAC810,21.400955200195312,-71.14641224254262,11277.6,119.68314017912331,236.8588671229469
2024-08-31 10:06:09+00:00,NAC810,21.399810791015625,-71.14421497691762,11277.6,119.62163162522744,237.30594111969415
2024-08-31 10:06:10+00:00,NAC810,21.398757934570312,-71.14221746271306,11277.6,119.62163162522744,237.30594111969415
2024-08-31 10:06:13+00:00,NAC810,21.39569091796875,-71.136474609375,11277.6,119.62163162522744,237.30594111969415
2024-08-31 10:06:14+00:00,NAC810,21.39463806152344,-71.13447709517044,11277.6,119.51354024114008,237.05208867345357
2024-08-31 10:06:15+00:00,NAC810,21.393639516022244,-71.13260904947913,11277.6,119.51354024114008,237.05208867345357
2024-08-31 10:06:16+00:00,NAC810,21.3924757100768,-71.13042195638019,11277.6,119.51354024114008,237.05208867345357
2024-08-31 10:06:17+00:00,NAC810,21.391387939453125,-71.12833473899144,11277.6,119.51354024114008,237.05208867345357
2024-08-31 10:06:18+00:00,NAC810,21.39033508300781,-71.12633722478694,11277.6,119.51354024114008,237.05208867345357
2024-08-31 10:06:19+00:00,NAC810,21.389373779296875,-71.12458939985794,11277.6,119.51354024114008,237.05208867345357
2024-08-31 10:06:20+00:00,NAC810,21.38823945643538,-71.12248738606769,11277.6,119.51354024114008,237.05208867345357
2024-08-31 10:06:21+00:00,NAC810,21.387215307203387,-71.12050374348956,11277.6,119.51354024114008,237.05208867345357
2024-08-31 10:06:22+00:00,NAC810,21.386237710209212,-71.11872355143225,11277.6,119.51354024114008,237.05208867345357
2024-08-31 10:06:23+00:00,NAC810,21.385213560977224,-71.11673990885413,11277.6,119.51354024114008,237.05208867345357
2024-08-31 10:06:24+00:00,NAC810,21.384142859507413,-71.114756266276,11277.6,119.51354024114008,237.05208867345357
2024-08-31 10:06:25+00:00,NAC810,21.383072158037606,-71.11277262369788,11277.6,119.51354024114008,237.05208867345357
2024-08-31 10:06:26+00:00,NAC810,21.382003784179688,-71.11070667613637,11277.6,119.51354024114008,237.05208867345357
2024-08-31 10:06:27+00:00,NAC810,21.38081359863281,-71.10850941051137,11277.6,119.51354024114008,237.05208867345357
2024-08-31 10:06:29+00:00,NAC810,21.379720396914724,-71.10641479492188,11277.6,119.51354024114008,237.05208867345357
2024-08-31 10:06:30+00:00,NAC810,21.37855659096928,-71.10422770182288,11277.6,119.51354024114008,237.05208867345357
2024-08-31 10:06:31+00:00,NAC810,21.377392785023837,-71.10204060872394,11285.22,119.51354024114008,237.05208867345357
2024-08-31 10:06:35+00:00,NAC810,21.373214721679688,-71.09422718394887,11285.22,119.51354024114008,237.05208867345357
2024-08-31 10:06:36+00:00,NAC810,21.3720703125,-71.09202991832387,11285.22,119.57491049710111,236.6045350125584
2024-08-31 10:06:38+00:00,NAC810,21.36973571777344,-71.08768532492894,11285.22,119.57491049710111,236.6045350125584
2024-08-31 10:06:39+00:00,NAC810,21.36864096431409,-71.08561197916663,11285.22,119.57491049710111,236.6045350125584
2024-08-31 10:06:48+00:00,NAC810,21.35881844213453,-71.06714884440105,11277.6,119.68314017912331,236.8588671229469
2024-08-31 10:06:50+00:00,NAC810,21.35678100585937,-71.0633156516335,11277.6,119.68314017912331,236.8588671229469
2024-08-31 10:06:51+00:00,NAC810,21.355728149414062,-71.06131813742894,11277.6,119.68314017912331,236.8588671229469
2024-08-31 10:06:52+00:00,NAC810,21.354766845703125,-71.05952037464488,11277.6,119.68314017912331,236.8588671229469
2024-08-31 10:06:53+00:00,NAC810,21.35371398925781,-71.05757279829544,11277.6,119.68314017912331,236.8588671229469
2024-08-31 10:06:56+00:00,NAC810,21.350738525390625,-71.05202969637782,11277.6,119.68314017912331,236.8588671229469
2024-08-31 10:06:57+00:00,NAC810,21.349685668945312,-71.05003218217325,11277.6,119.68314017912331,236.8588671229469
2024-08-31 10:06:58+00:00,NAC810,21.348670054290253,-71.04812622070312,11277.6,119.68314017912331,236.8588671229469
2024-08-31 10:06:59+00:00,NAC810,21.347579956054688,-71.04608709161931,11277.6,119.68314017912331,236.8588671229469
2024-08-31 10:07:00+00:00,NAC810,21.346435546875,-71.04388982599431,11277.6,119.68314017912331,236.8588671229469
2024-08-31 10:07:01+00:00,NAC810,21.345245361328125,-71.04169256036931,11277.6,119.68314017912331,236.8588671229469
2024-08-31 10:07:02+00:00,NAC810,21.34432983398437,-71.03994473544032,11277.6,119.68314017912331,236.8588671229469
2024-08-31 10:07:03+00:00,NAC810,21.343316546941207,-71.03805541992188,11277.6,119.68314017912331,236.8588671229469
2024-08-31 10:07:04+00:00,NAC810,21.34215274099576,-71.03586832682288,11277.6,119.68314017912331,236.8588671229469
2024-08-31 10:07:05+00:00,NAC810,21.34117126464844,-71.03400213068181,11277.6,119.68314017912331,236.8588671229469
2024-08-31 10:07:06+00:00,NAC810,21.340244099245236,-71.03230794270831,11277.6,119.68314017912331,236.8588671229469
2024-08-31 10:07:07+00:00,NAC810,21.33924865722656,-71.03040660511363,11285.22,119.68314017912331,236.8588671229469
2024-08-31 10:07:08+00:00,NAC810,21.33814924854343,-71.02834065755206,11285.22,119.68314017912331,236.8588671229469
2024-08-31 10:07:09+00:00,NAC810,21.336147502317267,-71.02457682291663,11285.22,119.68314017912331,236.8588671229469
2024-08-31 10:07:11+00:00,NAC810,21.33489990234375,-71.02231667258519,11285.22,119.68314017912331,236.8588671229469
2024-08-31 10:07:12+00:00,NAC810,21.333819890426376,-71.02025349934894,11285.22,119.68314017912331,236.8588671229469
2024-08-31 10:07:13+00:00,NAC810,21.33270263671875,-71.01817183061075,11277.6,119.68314017912331,236.8588671229469
2024-08-31 10:07:14+00:00,NAC810,21.33158538301112,-71.01608276367188,11285.22,119.74488129694222,236.41206712874487
2024-08-31 10:07:15+00:00,NAC810,21.330607786016948,-71.01430257161456,11285.22,119.74488129694222,236.41206712874487
2024-08-31 10:07:16+00:00,NAC810,21.32958363678496,-71.01231892903644,11285.22,119.74488129694222,236.41206712874487
2024-08-31 10:07:17+00:00,NAC810,21.328445434570312,-71.01028164950282,11285.22,119.74488129694222,236.41206712874487
2024-08-31 10:07:19+00:00,NAC810,21.326604293564618,-71.00682576497394,11285.22,119.68314017912331,236.8588671229469
2024-08-31 10:07:20+00:00,NAC810,21.325515747070312,-71.00473854758519,11277.6,119.68314017912331,236.8588671229469
2024-08-31 10:07:21+00:00,NAC810,21.324369786149365,-71.00265502929688,11285.22,119.68314017912331,236.8588671229469
2024-08-31 10:07:22+00:00,NAC810,21.32334563691737,-71.00067138671875,11277.6,119.68314017912331,236.8588671229469
2024-08-31 10:07:23+00:00,NAC810,21.32221984863281,-70.99859619140625,11285.22,119.68314017912331,236.8588671229469
2024-08-31 10:07:24+00:00,NAC810,21.321075439453125,-70.99639892578125,11277.6,119.68314017912331,236.8588671229469
2024-08-31 10:07:25+00:00,NAC810,21.31988525390625,-70.99425159801137,11277.6,119.68314017912331,236.8588671229469
2024-08-31 10:07:26+00:00,NAC810,21.3189697265625,-70.99245383522725,11277.6,119.68314017912331,236.8588671229469
2024-08-31 10:07:27+00:00,NAC810,21.317916870117188,-70.99045632102269,11285.22,119.68314017912331,236.8588671229469
2024-08-31 10:07:28+00:00,NAC810,21.316726684570312,-70.98830899325282,11277.6,119.68314017912331,236.8588671229469
2024-08-31 10:07:29+00:00,NAC810,21.31576538085937,-70.98651123046875,11277.6,119.68314017912331,236.8588671229469
2024-08-31 10:07:30+00:00,NAC810,21.314712524414062,-70.98451371626419,11285.22,119.68314017912331,236.8588671229469
2024-08-31 10:07:31+00:00,NAC810,21.31356811523437,-70.98236638849431,11277.6,119.68314017912331,236.8588671229469
2024-08-31 10:07:32+00:00,NAC810,21.312545517743644,-70.980478922526,11277.6,119.68314017912331,236.8588671229469
2024-08-31 10:07:33+00:00,NAC810,21.311428264036017,-70.97829182942706,11277.6,119.57491049710111,236.6045350125584
2024-08-31 10:07:34+00:00,NAC810,21.31026445809057,-70.97610473632812,11277.6,119.57491049710111,236.6045350125584
2024-08-31 10:07:35+00:00,NAC810,21.30926513671875,-70.97422651811075,11277.6,119.57491049710111,236.6045350125584
2024-08-31 10:07:36+00:00,NAC810,21.30830383300781,-70.97247869318181,11277.6,119.57491049710111,236.6045350125584
2024-08-31 10:07:37+00:00,NAC810,21.307285114870236,-70.97056070963538,11277.6,119.57491049710111,236.6045350125584
2024-08-31 10:07:38+00:00,NAC810,21.30628967285156,-70.96868341619319,11277.6,119.57491049710111,236.6045350125584
2024-08-31 10:07:39+00:00,NAC810,21.305283368644066,-70.96684773763019,11277.6,119.68314017912331,236.8588671229469
2024-08-31 10:07:40+00:00,NAC810,21.304275512695312,-70.96493807705963,11277.6,119.68314017912331,236.8588671229469
2024-08-31 10:07:41+00:00,NAC810,21.303188517942267,-70.96288045247394,11277.6,119.68314017912331,236.8588671229469
2024-08-31 10:07:42+00:00,NAC810,21.302078247070312,-70.96079323508519,11285.22,119.68314017912331,236.8588671229469
2024-08-31 10:07:43+00:00,NAC810,21.301025390625,-70.95879572088069,11277.6,119.68314017912331,236.8588671229469
2024-08-31 10:07:44+00:00,NAC810,21.299972534179688,-70.95684814453125,11277.6,119.68314017912331,236.8588671229469
2024-08-31 10:07:45+00:00,NAC810,21.29878234863281,-70.95465087890625,11285.22,119.68314017912331,236.8588671229469
2024-08-31 10:07:46+00:00,NAC810,21.2977294921875,-70.95270330255681,11285.22,119.68314017912331,236.8588671229469
2024-08-31 10:07:47+00:00,NAC810,21.29671775688559,-70.95082600911456,11285.22,119.68314017912331,236.8588671229469
2024-08-31 10:07:48+00:00,NAC810,21.295623779296875,-70.94870827414769,11285.22,119.68314017912331,236.8588671229469
2024-08-31 10:07:49+00:00,NAC810,21.294529801708155,-70.9466552734375,11285.22,119.68314017912331,236.8588671229469
2024-08-31 10:07:50+00:00,NAC810,21.293552204713983,-70.94487508138019,11277.6,119.68314017912331,236.8588671229469
2024-08-31 10:07:51+00:00,NAC810,21.292648315429688,-70.94316517223012,11285.22,119.68314017912331,236.8588671229469
2024-08-31 10:07:52+00:00,NAC810,21.291732788085938,-70.94141734730113,11285.22,119.68314017912331,236.8588671229469
2024-08-31 10:07:53+00:00,NAC810,21.290771484375,-70.939619584517,11285.22,119.68314017912331,236.8588671229469
2024-08-31 10:07:54+00:00,NAC810,21.288848876953125,-70.93607399680394,11285.22,119.68314017912331,236.8588671229469
2024-08-31 10:07:55+00:00,NAC810,21.287612915039062,-70.9336769797585,11277.6,119.68314017912331,236.8588671229469
2024-08-31 10:07:56+00:00,NAC810,21.286569369041317,-70.93180338541663,11277.6,119.68314017912331,236.8588671229469
2024-08-31 10:07:58+00:00,NAC810,21.28546142578125,-70.9297318892045,11285.22,119.68314017912331,236.8588671229469
2024-08-31 10:07:59+00:00,NAC810,21.284408569335938,-70.92778431285512,11277.6,119.68314017912331,236.8588671229469
2024-08-31 10:08:00+00:00,NAC810,21.283310712394066,-70.92569986979163,11277.6,119.68314017912331,236.8588671229469
2024-08-31 10:08:01+00:00,NAC810,21.282211303710938,-70.92358953302556,11277.6,119.68314017912331,236.8588671229469
2024-08-31 10:08:02+00:00,NAC810,21.280145160222457,-70.91974894205725,11277.6,119.68314017912331,236.8588671229469
2024-08-31 10:08:04+00:00,NAC810,21.27907445875265,-70.91776529947913,11277.6,119.68314017912331,236.8588671229469
2024-08-31 10:08:05+00:00,NAC810,21.278045654296875,-70.91589910333806,11277.6,119.68314017912331,236.8588671229469
2024-08-31 10:08:06+00:00,NAC810,21.27699279785156,-70.9139015891335,11277.6,119.68314017912331,236.8588671229469
2024-08-31 10:08:07+00:00,NAC810,21.274931309586865,-70.9100341796875,11277.6,119.68314017912331,236.8588671229469
2024-08-31 10:08:08+00:00,NAC810,21.27392578125,-70.90815873579544,11277.6,119.68314017912331,236.8588671229469
2024-08-31 10:08:10+00:00,NAC810,21.272836458885063,-70.90611775716144,11277.6,119.68314017912331,236.8588671229469
2024-08-31 10:08:11+00:00,NAC810,21.271728515625,-70.904013893821,11277.6,119.68314017912331,236.8588671229469
2024-08-31 10:08:12+00:00,NAC810,21.270767211914062,-70.90221613103694,11277.6,119.68314017912331,236.8588671229469
2024-08-31 10:08:13+00:00,NAC810,21.26866149902344,-70.89827104048294,11277.6,119.68314017912331,236.8588671229469
2024-08-31 10:08:14+00:00,NAC810,21.267529503773837,-70.89619954427081,11277.6,119.68314017912331,236.8588671229469
2024-08-31 10:08:16+00:00,NAC810,21.26650535454184,-70.89421590169269,11277.6,119.68314017912331,236.8588671229469
2024-08-31 10:08:17+00:00,NAC810,21.265434653072035,-70.89223225911456,11277.6,119.68314017912331,236.8588671229469
2024-08-31 10:08:18+00:00,NAC810,21.26427084712659,-70.89009602864581,11277.6,119.68314017912331,236.8588671229469
2024-08-31 10:08:19+00:00,NAC810,21.26220703125,-70.88623601740056,11277.6,119.68314017912331,236.8588671229469
2024-08-31 10:08:20+00:00,NAC810,21.26119839943061,-70.88434855143225,11277.6,119.68314017912331,236.8588671229469
2024-08-31 10:08:22+00:00,NAC810,21.260127697960804,-70.88236490885413,11277.6,119.68314017912331,236.8588671229469
2024-08-31 10:08:23+00:00,NAC810,21.259056996490997,-70.880381266276,11277.6,119.68314017912331,236.8588671229469
2024-08-31 10:08:24+00:00,NAC810,21.258087158203125,-70.87849564985794,11277.6,119.68314017912331,236.8588671229469
2024-08-31 10:08:25+00:00,NAC810,21.25579833984375,-70.874277750651,11277.6,119.68314017912331,236.8588671229469
2024-08-31 10:08:26+00:00,NAC810,21.25472763837394,-70.87229410807288,11277.6,119.68314017912331,236.8588671229469
2024-08-31 10:08:28+00:00,NAC810,21.253796593617583,-70.87051391601562,11277.6,119.68314017912331,236.8588671229469
2024-08-31 10:08:29+00:00,NAC810,21.252685546875,-70.868408203125,11277.6,119.68314017912331,236.8588671229469
2024-08-31 10:08:30+00:00,NAC810,21.25067138671875,-70.86466286399144,11285.22,119.68314017912331,236.8588671229469
2024-08-31 10:08:31+00:00,NAC810,21.24961853027344,-70.862715287642,11277.6,119.68314017912331,236.8588671229469
2024-08-31 10:08:33+00:00,NAC810,21.248565673828125,-70.8607177734375,11277.6,119.68314017912331,236.8588671229469
2024-08-31 10:08:34+00:00,NAC810,21.24751281738281,-70.85877019708806,11277.6,119.68314017912331,236.8588671229469
2024-08-31 10:08:35+00:00,NAC810,21.246394787804554,-70.85667928059894,11277.6,119.68314017912331,236.8588671229469
2024-08-31 10:08:36+00:00,NAC810,21.24523098185911,-70.8544921875,11277.6,119.68314017912331,236.8588671229469
2024-08-31 10:08:37+00:00,NAC810,21.244125366210938,-70.85242808948863,11277.6,119.68314017912331,236.8588671229469
2024-08-31 10:08:38+00:00,NAC810,21.24298095703125,-70.85023082386363,11277.6,119.68314017912331,236.8588671229469
2024-08-31 10:08:39+00:00,NAC810,21.24179077148437,-70.84808349609375,11277.6,119.68314017912331,236.8588671229469
2024-08-31 10:08:40+00:00,NAC810,21.24080851926642,-70.846201578776,11277.6,119.68314017912331,236.8588671229469
2024-08-31 10:08:41+00:00,NAC810,21.23973781779661,-70.84421793619788,11277.6,119.68314017912331,236.8588671229469
2024-08-31 10:08:42+00:00,NAC810,21.2386671163268,-70.84223429361975,11277.6,119.68314017912331,236.8588671229469
2024-08-31 10:08:43+00:00,NAC810,21.237642967094807,-70.84025065104163,11277.6,119.74488129694222,236.41206712874487
2024-08-31 10:08:44+00:00,NAC810,21.236479161149365,-70.83811442057288,11277.6,119.74488129694222,236.41206712874487
2024-08-31 10:08:45+00:00,NAC810,21.235382080078125,-70.83599853515625,11277.6,119.74488129694222,236.41206712874487
2024-08-31 10:08:46+00:00,NAC810,21.234151549258478,-70.833740234375,11277.6,119.74488129694222,236.41206712874487
2024-08-31 10:08:47+00:00,NAC810,21.23304748535156,-70.83170387961644,11277.6,119.74488129694222,236.41206712874487
2024-08-31 10:08:48+00:00,NAC810,21.231917041843214,-70.82962036132812,11277.6,119.74488129694222,236.41206712874487
2024-08-31 10:08:49+00:00,NAC810,21.23080444335937,-70.827559037642,11277.6,119.74488129694222,236.41206712874487
2024-08-31 10:08:51+00:00,NAC810,21.229751586914062,-70.8255615234375,11277.6,119.74488129694222,236.41206712874487
2024-08-31 10:08:52+00:00,NAC810,21.228057861328125,-70.82241543856532,11277.6,119.74488129694222,236.41206712874487
2024-08-31 10:08:53+00:00,NAC810,21.226364135742188,-70.81926935369319,11277.6,119.74488129694222,236.41206712874487
2024-08-31 10:08:54+00:00,NAC810,21.22535317631091,-70.81736246744788,11277.6,119.74488129694222,236.41206712874487
2024-08-31 10:08:55+00:00,NAC810,21.2242824748411,-70.8154296875,11277.6,119.74488129694222,236.41206712874487
2024-08-31 10:08:57+00:00,NAC810,21.22320556640625,-70.81332674893463,11277.6,119.74488129694222,236.41206712874487
2024-08-31 10:08:58+00:00,NAC810,21.222152709960938,-70.81137917258519,11277.6,119.74488129694222,236.41206712874487
2024-08-31 10:08:59+00:00,NAC810,21.22111692266949,-70.80947875976562,11277.6,119.74488129694222,236.41206712874487
2024-08-31 10:09:00+00:00,NAC810,21.219115176443324,-70.80576578776038,11277.6,119.74488129694222,236.41206712874487
2024-08-31 10:09:01+00:00,NAC810,21.218091027211333,-70.80378214518225,11277.6,119.74488129694222,236.41206712874487
2024-08-31 10:09:02+00:00,NAC810,21.21711343021716,-70.802001953125,11277.6,119.74488129694222,236.41206712874487
2024-08-31 10:09:03+00:00,NAC810,21.216110229492188,-70.80014315518463,11277.6,119.74488129694222,236.41206712874487
2024-08-31 10:09:04+00:00,NAC810,21.215111683990997,-70.79828898111975,11277.6,119.74488129694222,236.41206712874487
2024-08-31 10:09:05+00:00,NAC810,21.214040982521187,-70.79630533854163,11277.6,119.74488129694222,236.41206712874487
2024-08-31 10:09:06+00:00,NAC810,21.213043212890625,-70.79440030184657,11277.6,119.74488129694222,236.41206712874487
2024-08-31 10:09:07+00:00,NAC810,21.211946131819385,-70.79233805338538,11277.6,119.80685615596629,235.9655426935568
2024-08-31 10:09:08+00:00,NAC810,21.211294400489937,-70.79116821289062,11277.6,119.80685615596629,235.9655426935568
2024-08-31 10:09:09+00:00,NAC810,21.21078232587394,-70.79020182291663,11277.6,119.80685615596629,235.9655426935568
2024-08-31 10:09:10+00:00,NAC810,21.208687475172137,-70.78623453776038,11277.6,119.80685615596629,235.9655426935568
2024-08-31 10:09:11+00:00,NAC810,21.2076416015625,-70.78436279296875,11277.6,119.80685615596629,235.9655426935568
2024-08-31 10:09:12+00:00,NAC810,21.20649719238281,-70.78221546519887,11277.6,119.80685615596629,235.9655426935568
2024-08-31 10:09:13+00:00,NAC810,21.20547537076271,-70.78033447265625,11277.6,119.80685615596629,235.9655426935568
2024-08-31 10:09:14+00:00,NAC810,21.204620361328125,-70.77866987748575,11277.6,119.80685615596629,235.9655426935568
2024-08-31 10:09:15+00:00,NAC810,21.20361328125,-70.77677408854163,11277.6,119.80685615596629,235.9655426935568
2024-08-31 10:09:16+00:00,NAC810,21.2025146484375,-70.77472478693181,11277.6,119.80685615596629,235.9655426935568
2024-08-31 10:09:17+00:00,NAC810,21.20147187831038,-70.77285766601562,11277.6,119.69834981325252,235.7102466852213
2024-08-31 10:09:18+00:00,NAC810,21.20050048828125,-70.77097944779825,11277.6,119.69834981325252,235.7102466852213
2024-08-31 10:09:19+00:00,NAC810,21.199283923132946,-70.76873779296875,11277.6,119.69834981325252,235.7102466852213
2024-08-31 10:09:20+00:00,NAC810,21.198165893554688,-70.76663485440338,11277.6,119.69834981325252,235.7102466852213
2024-08-31 10:09:21+00:00,NAC810,21.19704941571769,-70.76456705729163,11277.6,119.69834981325252,235.7102466852213
2024-08-31 10:09:22+00:00,NAC810,21.195968627929688,-70.76253995028407,11277.6,119.69834981325252,235.7102466852213
2024-08-31 10:09:23+00:00,NAC810,21.19500732421875,-70.7607421875,11277.6,119.69834981325252,235.7102466852213
2024-08-31 10:09:24+00:00,NAC810,21.19395446777344,-70.75879461115056,11285.22,119.69834981325252,235.7102466852213
2024-08-31 10:09:25+00:00,NAC810,21.19285971431409,-70.75673421223956,11277.6,119.80685615596629,235.9655426935568
2024-08-31 10:09:26+00:00,NAC810,21.191940307617188,-70.755049272017,11277.6,119.80685615596629,235.9655426935568
2024-08-31 10:09:27+00:00,NAC810,21.19097900390625,-70.75325150923294,11285.22,119.80685615596629,235.9655426935568
2024-08-31 10:09:28+00:00,NAC810,21.18988037109375,-70.75119018554688,11277.6,119.80685615596629,235.9655426935568
2024-08-31 10:09:29+00:00,NAC810,21.18878173828125,-70.7491066672585,11277.6,119.80685615596629,235.9655426935568
2024-08-31 10:09:30+00:00,NAC810,21.187728881835938,-70.74715909090907,11277.6,119.80685615596629,235.9655426935568
2024-08-31 10:09:31+00:00,NAC810,21.186621714446503,-70.74508666992188,11277.6,119.80685615596629,235.9655426935568
2024-08-31 10:09:32+00:00,NAC810,21.185457908501057,-70.74295043945312,11277.6,119.80685615596629,235.9655426935568
2024-08-31 10:09:33+00:00,NAC810,21.18429410255561,-70.74076334635413,11277.6,119.80685615596629,235.9655426935568
2024-08-31 10:09:34+00:00,NAC810,21.18331650556144,-70.73903401692706,11277.6,119.80685615596629,235.9655426935568
2024-08-31 10:09:35+00:00,NAC810,21.182292356329448,-70.73705037434894,11277.6,119.80685615596629,235.9655426935568
2024-08-31 10:09:36+00:00,NAC810,21.181128550384003,-70.73486328125,11277.6,119.80685615596629,235.9655426935568
2024-08-31 10:09:37+00:00,NAC810,21.18015095338983,-70.73313395182288,11277.6,119.80685615596629,235.9655426935568
2024-08-31 10:09:38+00:00,NAC810,21.17912680415784,-70.73115030924475,11277.6,119.80685615596629,235.9655426935568
2024-08-31 10:09:40+00:00,NAC810,21.176925659179688,-70.7271340110085,11277.6,119.80685615596629,235.9655426935568
2024-08-31 10:09:41+00:00,NAC810,21.17578125,-70.7249367453835,11277.6,119.80685615596629,235.9655426935568
2024-08-31 10:09:42+00:00,NAC810,21.174636840820312,-70.72278941761363,11277.6,119.80685615596629,235.9655426935568
2024-08-31 10:09:43+00:00,NAC810,21.17363364009534,-70.72092692057288,11277.6,119.69834981325252,235.7102466852213
2024-08-31 10:09:44+00:00,NAC810,21.172656043101163,-70.71914672851562,11277.6,119.69834981325252,235.7102466852213
2024-08-31 10:09:46+00:00,NAC810,21.170654296875,-70.71543375651038,11277.6,119.69834981325252,235.7102466852213
2024-08-31 10:09:47+00:00,NAC810,21.169692993164062,-70.71355091441762,11277.6,119.69834981325252,235.7102466852213
2024-08-31 10:09:48+00:00,NAC810,21.168652550648837,-70.711669921875,11277.6,119.69834981325252,235.7102466852213
2024-08-31 10:09:49+00:00,NAC810,21.16754150390625,-70.70960582386363,11277.6,119.69834981325252,235.7102466852213
2024-08-31 10:09:50+00:00,NAC810,21.1664645954714,-70.70755004882812,11277.6,119.69834981325252,235.7102466852213
2024-08-31 10:09:51+00:00,NAC810,21.16539389400159,-70.70556640625,11277.6,119.86906594022052,235.51929538469167
2024-08-31 10:09:52+00:00,NAC810,21.16432319253178,-70.70363362630206,11277.6,119.86906594022052,235.51929538469167
2024-08-31 10:09:53+00:00,NAC810,21.163159386586333,-70.70144653320312,11277.6,119.86906594022052,235.51929538469167
2024-08-31 10:09:54+00:00,NAC810,21.16213523735434,-70.699462890625,11277.6,119.86906594022052,235.51929538469167
2024-08-31 10:09:55+00:00,NAC810,21.1611328125,-70.69762073863637,11277.6,119.69834981325252,235.7102466852213
2024-08-31 10:09:57+00:00,NAC810,21.159993834414724,-70.69554646809894,11277.6,119.69834981325252,235.7102466852213
2024-08-31 10:09:58+00:00,NAC810,21.15888977050781,-70.69347589666194,11277.6,119.76042124218448,235.26351513195743
2024-08-31 10:09:59+00:00,NAC810,21.157061043432204,-70.69005330403644,11277.6,119.76042124218448,235.26351513195743
2024-08-31 10:10:00+00:00,NAC810,21.156129998675848,-70.68827311197913,11277.6,119.86906594022052,235.51929538469167
2024-08-31 10:10:01+00:00,NAC810,21.155152401681672,-70.68649291992188,11277.6,119.86906594022052,235.51929538469167
2024-08-31 10:10:02+00:00,NAC810,21.154266357421875,-70.68483664772725,11277.6,119.86906594022052,235.51929538469167
2024-08-31 10:10:04+00:00,NAC810,21.151986849510063,-70.68064371744788,11277.6,119.86906594022052,235.51929538469167
2024-08-31 10:10:05+00:00,NAC810,21.15101623535156,-70.67874422940338,11277.6,119.76042124218448,235.26351513195743
2024-08-31 10:10:06+00:00,NAC810,21.14989199880826,-70.67672729492188,11277.6,119.76042124218448,235.26351513195743
2024-08-31 10:10:07+00:00,NAC810,21.14882129733845,-70.67474365234375,11277.6,119.76042124218448,235.26351513195743
2024-08-31 10:10:08+00:00,NAC810,21.147720336914062,-70.6726518110795,11277.6,119.86906594022052,235.51929538469167
2024-08-31 10:10:09+00:00,NAC810,21.146633342161017,-70.67062377929688,11277.6,119.86906594022052,235.51929538469167
2024-08-31 10:10:10+00:00,NAC810,21.145523071289062,-70.66855690696019,11277.6,119.76042124218448,235.26351513195743
2024-08-31 10:10:11+00:00,NAC810,21.144561767578125,-70.66680908203125,11277.6,119.76042124218448,235.26351513195743
2024-08-31 10:10:12+00:00,NAC810,21.14350891113281,-70.66481156782669,11277.6,119.76042124218448,235.26351513195743
2024-08-31 10:10:13+00:00,NAC810,21.142490192995236,-70.66294352213538,11277.6,119.76042124218448,235.26351513195743
2024-08-31 10:10:14+00:00,NAC810,21.14146604376324,-70.6610107421875,11277.6,119.76042124218448,235.26351513195743
2024-08-31 10:10:15+00:00,NAC810,21.140350341796875,-70.65891890092325,11277.6,119.76042124218448,235.26351513195743
2024-08-31 10:10:16+00:00,NAC810,21.139389038085938,-70.65717107599431,11277.6,119.76042124218448,235.26351513195743
2024-08-31 10:10:17+00:00,NAC810,21.138393596067267,-70.65531412760413,11277.6,119.76042124218448,235.26351513195743
2024-08-31 10:10:18+00:00,NAC810,21.137283325195312,-70.65327592329544,11277.6,119.76042124218448,235.26351513195743
2024-08-31 10:10:19+00:00,NAC810,21.13615908865201,-70.65119425455725,11285.22,119.86906594022052,235.51929538469167
2024-08-31 10:10:20+00:00,NAC810,21.13522804389565,-70.64946492513019,11277.6,119.86906594022052,235.51929538469167
2024-08-31 10:10:21+00:00,NAC810,21.13412475585937,-70.647383256392,11277.6,119.9315118405078,235.0733267803832
2024-08-31 10:10:22+00:00,NAC810,21.133133193193856,-70.64549763997394,11277.6,119.9315118405078,235.0733267803832
2024-08-31 10:10:23+00:00,NAC810,21.1314107603946,-70.64239501953125,11277.6,119.9315118405078,235.0733267803832
2024-08-31 10:10:24+00:00,NAC810,21.13096618652344,-70.64149058948863,11277.6,119.9315118405078,235.0733267803832
2024-08-31 10:10:25+00:00,NAC810,21.129913330078125,-70.63954301313919,11277.6,119.9315118405078,235.0733267803832
2024-08-31 10:10:26+00:00,NAC810,21.12872314453125,-70.63739568536931,11277.6,119.9315118405078,235.0733267803832
2024-08-31 10:10:27+00:00,NAC810,21.127670288085938,-70.63544810901988,11277.6,119.86906594022052,235.51929538469167
2024-08-31 10:10:28+00:00,NAC810,21.12666243213718,-70.633544921875,11277.6,119.76042124218448,235.26351513195743
2024-08-31 10:10:29+00:00,NAC810,21.125701904296875,-70.63170276988637,11277.6,119.76042124218448,235.26351513195743
2024-08-31 10:10:30+00:00,NAC810,21.12464904785156,-70.62975519353694,11277.6,119.76042124218448,235.26351513195743
2024-08-31 10:10:31+00:00,NAC810,21.12359619140625,-70.62775767933238,11277.6,119.76042124218448,235.26351513195743
2024-08-31 10:10:32+00:00,NAC810,21.122565835209212,-70.62591552734375,11277.6,119.76042124218448,235.26351513195743
2024-08-31 10:10:33+00:00,NAC810,21.12140202926377,-70.623779296875,11277.6,119.76042124218448,235.26351513195743
2024-08-31 10:10:34+00:00,NAC810,21.12030029296875,-70.62171519886363,11277.6,119.76042124218448,235.26351513195743
2024-08-31 10:10:35+00:00,NAC810,21.11924743652344,-70.61971768465907,11277.6,119.76042124218448,235.26351513195743
2024-08-31 10:10:36+00:00,NAC810,21.117724402476163,-70.61691284179688,11277.6,119.76042124218448,235.26351513195743
2024-08-31 10:10:37+00:00,NAC810,21.11721232786017,-70.61589558919269,11277.6,119.76042124218448,235.26351513195743
2024-08-31 10:10:38+00:00,NAC810,21.11614162639036,-70.61396280924475,11277.6,119.76042124218448,235.26351513195743
2024-08-31 10:10:39+00:00,NAC810,21.115210581634003,-70.6121826171875,11277.6,119.76042124218448,235.26351513195743
2024-08-31 10:10:40+00:00,NAC810,21.11370849609375,-70.60933061079544,11277.6,119.76042124218448,235.26351513195743
2024-08-31 10:10:41+00:00,NAC810,21.112518310546875,-70.60718328302556,11277.6,119.76042124218448,235.26351513195743
2024-08-31 10:10:42+00:00,NAC810,21.111602783203125,-70.60543545809657,11277.6,119.76042124218448,235.26351513195743
2024-08-31 10:10:43+00:00,NAC810,21.110369148900958,-70.60317993164062,11277.6,119.76042124218448,235.26351513195743
2024-08-31 10:10:44+00:00,NAC810,21.109771728515625,-70.60208962180394,11277.6,119.76042124218448,235.26351513195743
2024-08-31 10:10:45+00:00,NAC810,21.10869326833951,-70.60002644856769,11277.6,119.76042124218448,235.26351513195743
2024-08-31 10:10:46+00:00,NAC810,21.107529462394066,-70.59789021809894,11277.6,119.76042124218448,235.26351513195743
2024-08-31 10:10:47+00:00,NAC810,21.10636565644862,-70.595703125,11277.6,119.76042124218448,235.26351513195743
2024-08-31 10:10:48+00:00,NAC810,21.105377197265625,-70.59384987571019,11277.6,119.76042124218448,235.26351513195743
2024-08-31 10:10:49+00:00,NAC810,21.104324340820312,-70.59190229936075,11277.6,119.76042124218448,235.26351513195743
2024-08-31 10:10:50+00:00,NAC810,21.103271484375,-70.58990478515625,11277.6,119.76042124218448,235.26351513195743
2024-08-31 10:10:51+00:00,NAC810,21.102218627929688,-70.58795720880681,11277.6,119.76042124218448,235.26351513195743
2024-08-31 10:10:52+00:00,NAC810,21.10107421875,-70.58580988103694,11277.6,119.76042124218448,235.26351513195743
2024-08-31 10:10:53+00:00,NAC810,21.099941447629767,-70.583750406901,11277.6,119.76042124218448,235.26351513195743
2024-08-31 10:10:58+00:00,NAC810,21.09542588056144,-70.57530721028644,11277.6,119.76042124218448,235.26351513195743
2024-08-31 10:10:59+00:00,NAC810,21.09435517909163,-70.5733744303385,11277.6,119.76042124218448,235.26351513195743
2024-08-31 10:11:00+00:00,NAC810,21.093237925384003,-70.57118733723956,11277.6,119.76042124218448,235.26351513195743
2024-08-31 10:11:02+00:00,NAC810,21.09100341796875,-70.56706746419269,11277.6,119.76042124218448,235.26351513195743
2024-08-31 10:11:03+00:00,NAC810,21.089996337890625,-70.565185546875,11277.6,119.76042124218448,235.26351513195743
2024-08-31 10:11:04+00:00,NAC810,21.088943481445312,-70.56323797052556,11277.6,119.76042124218448,235.26351513195743
2024-08-31 10:11:05+00:00,NAC810,21.087837865797137,-70.5611673990885,11277.6,119.76042124218448,235.26351513195743
2024-08-31 10:11:07+00:00,NAC810,21.08578491210937,-70.55734530362213,11277.6,119.76042124218448,235.26351513195743
2024-08-31 10:11:09+00:00,NAC810,21.083770751953125,-70.55364990234375,11277.6,119.76042124218448,235.26351513195743
2024-08-31 10:11:11+00:00,NAC810,21.081802368164062,-70.54990456321019,11277.6,119.76042124218448,235.26351513195743
2024-08-31 10:11:12+00:00,NAC810,21.07978820800781,-70.54620916193181,11277.6,119.76042124218448,235.26351513195743
2024-08-31 10:11:16+00:00,NAC810,21.076572224245236,-70.54021199544269,11277.6,119.76042124218448,235.26351513195743
2024-08-31 10:11:21+00:00,NAC810,21.071172164658368,-70.53024291992188,11277.6,119.86906594022052,235.51929538469167
2024-08-31 10:11:22+00:00,NAC810,21.07017517089844,-70.52833140980113,11277.6,119.86906594022052,235.51929538469167
2024-08-31 10:11:40+00:00,NAC810,21.051315307617188,-70.49327503551137,11277.6,119.76042124218448,235.26351513195743
2024-08-31 10:11:41+00:00,NAC810,21.0501708984375,-70.49112770774148,11277.6,119.76042124218448,235.26351513195743
2024-08-31 10:11:42+00:00,NAC810,21.048019409179688,-70.4871826171875,11277.6,119.76042124218448,235.26351513195743
2024-08-31 10:11:44+00:00,NAC810,21.04696655273437,-70.48523504083808,11277.6,119.86906594022052,235.51929538469167
2024-08-31 10:11:45+00:00,NAC810,21.045822143554688,-70.48308771306819,11277.6,119.86906594022052,235.51929538469167
2024-08-31 10:11:46+00:00,NAC810,21.04486083984375,-70.4813398881392,11277.6,119.86906594022052,235.51929538469167
2024-08-31 10:11:47+00:00,NAC810,21.04380798339844,-70.47934237393466,11285.22,119.86906594022052,235.51929538469167
2024-08-31 10:11:48+00:00,NAC810,21.041658045881885,-70.47536214192706,11277.6,119.76042124218448,235.26351513195743
2024-08-31 10:11:51+00:00,NAC810,21.039330433990997,-70.47103881835938,11285.22,119.76042124218448,235.26351513195743
2024-08-31 10:11:52+00:00,NAC810,21.038360595703125,-70.46915505149144,11285.22,119.76042124218448,235.26351513195743
2024-08-31 10:11:53+00:00,NAC810,21.037399291992188,-70.4674072265625,11285.22,119.76042124218448,235.26351513195743
2024-08-31 10:11:57+00:00,NAC810,21.033370971679688,-70.45996648615056,11285.22,119.76042124218448,235.26351513195743
2024-08-31 10:11:58+00:00,NAC810,21.0322265625,-70.45776922052556,11285.22,119.76042124218448,235.26351513195743
2024-08-31 10:11:59+00:00,NAC810,21.031173706054688,-70.45582164417613,11285.22,119.76042124218448,235.26351513195743
2024-08-31 10:12:00+00:00,NAC810,21.03012084960937,-70.45387406782669,11285.22,119.86906594022052,235.51929538469167
2024-08-31 10:12:04+00:00,NAC810,21.025830285023837,-70.44593394886364,11285.22,119.86906594022052,235.51929538469167
2024-08-31 10:12:05+00:00,NAC810,21.02471923828125,-70.44384547642301,11285.22,119.86906594022052,235.51929538469167
2024-08-31 10:12:06+00:00,NAC810,21.02357482910156,-70.44168744768416,11285.22,119.86906594022052,235.51929538469167
2024-08-31 10:12:07+00:00,NAC810,21.022664732852224,-70.44004128196019,11285.22,119.86906594022052,235.51929538469167
2024-08-31 10:12:10+00:00,NAC810,21.018987106064618,-70.43319979580963,11285.22,119.86906594022052,235.51929538469167
2024-08-31 10:12:12+00:00,NAC810,21.01670837402344,-70.4289354596819,11285.22,119.86906594022052,235.51929538469167
2024-08-31 10:12:13+00:00,NAC810,21.015681897179554,-70.42710737748575,11277.6,119.86906594022052,235.51929538469167
2024-08-31 10:12:18+00:00,NAC810,21.01018873311705,-70.4168701171875,11277.6,119.86906594022052,235.51929538469167
2024-08-31 10:12:21+00:00,NAC810,21.00718688964844,-70.41127886090959,11277.6,119.86906594022052,235.51929538469167
2024-08-31 10:12:22+00:00,NAC810,21.00609213618909,-70.40922962535512,11277.6,119.86906594022052,235.51929538469167
2024-08-31 10:12:23+00:00,NAC810,21.00502143471928,-70.40728204900569,11277.6,119.86906594022052,235.51929538469167
2024-08-31 10:12:24+00:00,NAC810,21.0040283203125,-70.40539332798551,11277.6,119.97747452335892,235.7759206323173
2024-08-31 10:12:26+00:00,NAC810,21.001948987023304,-70.40158913352269,11277.6,119.97747452335892,235.7759206323173
2024-08-31 10:12:29+00:00,NAC810,20.998783434851696,-70.39569646661931,11277.6,119.97747452335892,235.7759206323173
2024-08-31 10:12:30+00:00,NAC810,20.99775695800781,-70.39381844656805,11277.6,119.97747452335892,235.7759206323173
2024-08-31 10:12:31+00:00,NAC810,20.996642031912074,-70.39180131392044,11277.6,119.97747452335892,235.7759206323173
2024-08-31 10:12:34+00:00,NAC810,20.99333682302701,-70.38570889559657,11277.6,119.97747452335892,235.7759206323173
2024-08-31 10:12:35+00:00,NAC810,20.992266121557204,-70.38376131924713,11277.6,119.97747452335892,235.7759206323173
2024-08-31 10:12:36+00:00,NAC810,20.991195420087397,-70.38176380504262,11277.6,119.97747452335892,235.7759206323173
2024-08-31 10:12:39+00:00,NAC810,20.98812297239142,-70.37612082741475,11277.6,119.97747452335892,235.7759206323173
2024-08-31 10:12:41+00:00,NAC810,20.98594665527344,-70.3720910208566,11277.6,119.97747452335892,235.7759206323173
2024-08-31 10:12:42+00:00,NAC810,20.98486431574417,-70.37002840909088,11277.6,119.97747452335892,235.7759206323173
2024-08-31 10:12:44+00:00,NAC810,20.98281601728019,-70.36628306995738,11277.6,119.86906594022052,235.51929538469167
2024-08-31 10:12:45+00:00,NAC810,20.981735229492188,-70.36424364362443,11277.6,119.86906594022052,235.51929538469167
2024-08-31 10:12:46+00:00,NAC810,20.980682373046875,-70.3622817993164,11277.6,119.86906594022052,235.51929538469167
2024-08-31 10:12:47+00:00,NAC810,20.979721069335938,-70.36051613943914,11277.6,119.86906594022052,235.51929538469167
2024-08-31 10:12:48+00:00,NAC810,20.978668212890625,-70.35855429513111,11277.6,119.86906594022052,235.51929538469167
2024-08-31 10:12:49+00:00,NAC810,20.97755561440678,-70.35649525035512,11277.6,119.86906594022052,235.51929538469167
2024-08-31 10:12:50+00:00,NAC810,20.9765625,-70.35463060651506,11277.6,119.86906594022052,235.51929538469167
2024-08-31 10:12:51+00:00,NAC810,20.97541421146716,-70.35260009765625,11277.6,119.86906594022052,235.51929538469167
2024-08-31 10:12:52+00:00,NAC810,20.97429695775953,-70.35040283203125,11277.6,119.86906594022052,235.51929538469167
2024-08-31 10:12:53+00:00,NAC810,20.973175048828125,-70.34835270472934,11277.6,119.86906594022052,235.51929538469167
2024-08-31 10:12:54+00:00,NAC810,20.97198486328125,-70.34619467599049,11277.6,119.86906594022052,235.51929538469167
2024-08-31 10:12:56+00:00,NAC810,20.97084045410156,-70.34403664725164,11277.6,119.86906594022052,235.51929538469167
2024-08-31 10:12:57+00:00,NAC810,20.969827942929022,-70.3421630859375,11277.6,119.86906594022052,235.51929538469167
2024-08-31 10:12:58+00:00,NAC810,20.968803793697035,-70.34021550958806,11277.6,119.86906594022052,235.51929538469167
2024-08-31 10:12:59+00:00,NAC810,20.966629028320312,-70.33618927001953,11277.6,119.86906594022052,235.51929538469167
2024-08-31 10:13:02+00:00,NAC810,20.964385986328125,-70.33211844308033,11277.6,119.86906594022052,235.51929538469167
2024-08-31 10:13:03+00:00,NAC810,20.96317097292108,-70.32982843572444,11277.6,119.86906594022052,235.51929538469167
2024-08-31 10:13:04+00:00,NAC810,20.96205139160156,-70.3278023856027,11277.6,119.86906594022052,235.51929538469167
2024-08-31 10:13:05+00:00,NAC810,20.960936465505824,-70.32573353160512,11277.6,120.04005759295713,235.33043835235583
2024-08-31 10:13:06+00:00,NAC810,20.95985412597656,-70.32368251255582,11277.6,120.04005759295713,235.33043835235583
2024-08-31 10:13:07+00:00,NAC810,20.958755493164062,-70.32172066824774,11277.6,120.04005759295713,235.33043835235583
2024-08-31 10:13:08+00:00,NAC810,20.95761108398437,-70.31956263950894,11277.6,120.04005759295713,235.33043835235583
2024-08-31 10:13:09+00:00,NAC810,20.95651400291313,-70.31754372336644,11277.6,120.04005759295713,235.33043835235583
2024-08-31 10:13:10+00:00,NAC810,20.955368041992188,-70.31549181256975,11277.6,120.04005759295713,235.33043835235583
2024-08-31 10:13:11+00:00,NAC810,20.95437259997352,-70.3135986328125,11277.6,120.04005759295713,235.33043835235583
2024-08-31 10:13:12+00:00,NAC810,20.953301898503707,-70.31165105646306,11277.6,120.04005759295713,235.33043835235583
2024-08-31 10:13:13+00:00,NAC810,20.95220947265625,-70.30960627964566,11277.6,120.04005759295713,235.33043835235583
2024-08-31 10:13:14+00:00,NAC810,20.951156616210938,-70.30764443533758,11277.6,120.04005759295713,235.33043835235583
2024-08-31 10:13:15+00:00,NAC810,20.950136346332098,-70.30580832741475,11277.6,120.04005759295713,235.33043835235583
2024-08-31 10:13:16+00:00,NAC810,20.949065644862287,-70.30386075106532,11277.6,120.04005759295713,235.33043835235583
2024-08-31 10:13:17+00:00,NAC810,20.94813460010593,-70.30206298828125,11277.6,120.04005759295713,235.33043835235583
2024-08-31 10:13:18+00:00,NAC810,20.947063898636124,-70.30011541193181,11277.6,120.04005759295713,235.33043835235583
2024-08-31 10:13:19+00:00,NAC810,20.946086301641948,-70.29836758700282,11277.6,120.04005759295713,235.33043835235583
2024-08-31 10:13:21+00:00,NAC810,20.944084555415785,-70.29467218572444,11277.6,120.04005759295713,235.33043835235583
2024-08-31 10:13:22+00:00,NAC810,20.94301385394597,-70.292724609375,11277.6,120.04005759295713,235.33043835235583
2024-08-31 10:13:23+00:00,NAC810,20.942047119140625,-70.2908706665039,11277.6,120.04005759295713,235.33043835235583
2024-08-31 10:13:24+00:00,NAC810,20.94085693359375,-70.28871263776506,11277.6,120.04005759295713,235.33043835235583
2024-08-31 10:13:25+00:00,NAC810,20.939712524414062,-70.28655460902621,11277.6,120.04005759295713,235.33043835235583
2024-08-31 10:13:26+00:00,NAC810,20.938591391353285,-70.28448486328125,11277.6,120.04005759295713,235.33043835235583
2024-08-31 10:13:27+00:00,NAC810,20.93756103515625,-70.28263092041016,11277.6,120.04005759295713,235.33043835235583
2024-08-31 10:13:28+00:00,NAC810,20.936599731445312,-70.28091430664062,11277.6,120.04005759295713,235.33043835235583
2024-08-31 10:13:29+00:00,NAC810,20.935455322265625,-70.27875627790178,11277.6,120.04005759295713,235.33043835235583
2024-08-31 10:13:30+00:00,NAC810,20.9344482421875,-70.27689430930394,11277.6,120.04005759295713,235.33043835235583
2024-08-31 10:13:31+00:00,NAC810,20.933470645193324,-70.275146484375,11277.6,120.04005759295713,235.33043835235583
2024-08-31 10:13:32+00:00,NAC810,20.932539600436968,-70.273398659446,11277.6,120.04005759295713,235.33043835235583
2024-08-31 10:13:33+00:00,NAC810,20.93101501464844,-70.2705655779157,11277.6,120.04005759295713,235.33043835235583
2024-08-31 10:13:34+00:00,NAC810,20.92982482910156,-70.26840754917691,11277.6,119.9315118405078,235.0733267803832
2024-08-31 10:13:35+00:00,NAC810,20.92937404826536,-70.26750599254262,11277.6,119.9315118405078,235.0733267803832
2024-08-31 10:13:36+00:00,NAC810,20.928210242319917,-70.26535866477269,11277.6,119.9315118405078,235.0733267803832
2024-08-31 10:13:37+00:00,NAC810,20.927078247070312,-70.263306753976,11277.6,119.9315118405078,235.0733267803832
2024-08-31 10:13:38+00:00,NAC810,20.92597573490466,-70.26126376065338,11277.6,119.9315118405078,235.0733267803832
2024-08-31 10:13:39+00:00,NAC810,20.924392958818856,-70.25831742720169,11277.6,119.9315118405078,235.0733267803832
2024-08-31 10:13:40+00:00,NAC810,20.92391967773437,-70.25747026715959,11277.6,119.9315118405078,235.0733267803832
2024-08-31 10:13:41+00:00,NAC810,20.922866821289062,-70.25550842285156,11277.6,119.9315118405078,235.0733267803832
2024-08-31 10:13:42+00:00,NAC810,20.92173948126324,-70.25342351740056,11277.6,119.9315118405078,235.0733267803832
2024-08-31 10:13:43+00:00,NAC810,20.92085266113281,-70.25178091866627,11277.6,119.9315118405078,235.0733267803832
2024-08-31 10:13:44+00:00,NAC810,20.91983083951271,-70.24992786754262,11277.6,119.9315118405078,235.0733267803832
2024-08-31 10:13:45+00:00,NAC810,20.918746948242188,-70.24790627615789,11277.6,119.9315118405078,235.0733267803832
2024-08-31 10:13:46+00:00,NAC810,20.917694091796875,-70.24594443184986,11277.6,119.9315118405078,235.0733267803832
2024-08-31 10:13:47+00:00,NAC810,20.916572182865465,-70.24388538707387,11277.6,119.82272877555106,234.817060745892
2024-08-31 10:13:48+00:00,NAC810,20.91550148139565,-70.24193781072444,11277.6,119.82272877555106,234.817060745892
2024-08-31 10:13:49+00:00,NAC810,20.91438422768803,-70.2397904829545,11277.6,119.82272877555106,234.817060745892
2024-08-31 10:13:50+00:00,NAC810,20.913220421742583,-70.23764315518463,11277.6,119.82272877555106,234.817060745892
2024-08-31 10:13:51+00:00,NAC810,20.91224282474841,-70.23584539240056,11277.6,119.82272877555106,234.817060745892
2024-08-31 10:13:52+00:00,NAC810,20.91121867551642,-70.23389781605113,11277.6,119.82272877555106,234.817060745892
2024-08-31 10:13:53+00:00,NAC810,20.91005486957097,-70.23175048828125,11277.6,119.82272877555106,234.817060745892
2024-08-31 10:13:54+00:00,NAC810,20.9090772725768,-70.23000266335225,11277.6,119.82272877555106,234.817060745892
2024-08-31 10:13:55+00:00,NAC810,20.908053123344807,-70.22805508700282,11277.6,119.82272877555106,234.817060745892
2024-08-31 10:13:57+00:00,NAC810,20.9058837890625,-70.22406986781527,11277.6,119.88527361483062,234.3708851109569
2024-08-31 10:13:58+00:00,NAC810,20.90465480998411,-70.22181285511363,11277.6,119.88527361483062,234.3708851109569
2024-08-31 10:13:59+00:00,NAC810,20.903549194335938,-70.21975381033758,11277.6,119.99419505444378,234.6276384698747
2024-08-31 10:14:00+00:00,NAC810,20.902559959282307,-70.21791770241475,11285.22,119.99419505444378,234.6276384698747
2024-08-31 10:14:01+00:00,NAC810,20.901628914525958,-70.21616987748575,11277.6,119.99419505444378,234.6276384698747
2024-08-31 10:14:02+00:00,NAC810,20.900619506835938,-70.21430969238281,11277.6,119.99419505444378,234.6276384698747
2024-08-31 10:14:03+00:00,NAC810,20.89906854144597,-70.21147571910512,11285.22,119.99419505444378,234.6276384698747
2024-08-31 10:14:04+00:00,NAC810,20.898137496689618,-70.20972789417613,11277.6,119.99419505444378,234.6276384698747
2024-08-31 10:14:05+00:00,NAC810,20.897578869835804,-70.20877907492894,11277.6,119.99419505444378,234.6276384698747
2024-08-31 10:14:06+00:00,NAC810,20.89641506389036,-70.20663174715907,11277.6,119.99419505444378,234.6276384698747
2024-08-31 10:14:07+00:00,NAC810,20.895390914658368,-70.20468417080963,11277.6,119.99419505444378,234.6276384698747
2024-08-31 10:14:08+00:00,NAC810,20.89432021318856,-70.20273659446019,11277.6,119.99419505444378,234.6276384698747
2024-08-31 10:14:09+00:00,NAC810,20.892654418945312,-70.19969395228793,11277.6,119.99419505444378,234.6276384698747
2024-08-31 10:14:10+00:00,NAC810,20.8916015625,-70.1977321079799,11277.6,119.99419505444378,234.6276384698747
2024-08-31 10:14:11+00:00,NAC810,20.89101500430349,-70.19669411399144,11277.6,119.99419505444378,234.6276384698747
2024-08-31 10:14:12+00:00,NAC810,20.890045166015625,-70.19483838762557,11277.6,119.99419505444378,234.6276384698747
2024-08-31 10:14:13+00:00,NAC810,20.888920153601696,-70.19279896129262,11277.6,119.99419505444378,234.6276384698747
2024-08-31 10:14:14+00:00,NAC810,20.88775634765625,-70.19065163352269,11277.6,119.99419505444378,234.6276384698747
2024-08-31 10:14:15+00:00,NAC810,20.8868408203125,-70.18895285470143,11277.6,119.99419505444378,234.6276384698747
2024-08-31 10:14:16+00:00,NAC810,20.88594081038136,-70.18730579723012,11277.6,119.99419505444378,234.6276384698747
2024-08-31 10:14:17+00:00,NAC810,20.884078720868644,-70.18381014737213,11277.6,119.99419505444378,234.6276384698747
2024-08-31 10:14:19+00:00,NAC810,20.8831787109375,-70.18213544573103,11277.6,119.99419505444378,234.6276384698747
2024-08-31 10:14:20+00:00,NAC810,20.882125854492188,-70.18022264753068,11277.6,119.99419505444378,234.6276384698747
2024-08-31 10:14:22+00:00,NAC810,20.8798828125,-70.17610277448381,11277.6,119.99419505444378,234.6276384698747
2024-08-31 10:14:23+00:00,NAC810,20.877685546875,-70.17203194754461,11277.6,119.99419505444378,234.6276384698747
2024-08-31 10:14:25+00:00,NAC810,20.876583810579977,-70.16997736150569,11277.6,119.88527361483062,234.3708851109569
2024-08-31 10:14:26+00:00,NAC810,20.87551310911017,-70.16802978515625,11277.6,119.88527361483062,234.3708851109569
2024-08-31 10:14:27+00:00,NAC810,20.8743896484375,-70.16599927629744,11277.6,119.99419505444378,234.6276384698747
2024-08-31 10:14:28+00:00,NAC810,20.87347412109375,-70.16423361642018,11277.6,119.99419505444378,234.6276384698747
2024-08-31 10:14:29+00:00,NAC810,20.871416512182204,-70.16043923117894,11277.6,119.99419505444378,234.6276384698747
2024-08-31 10:14:31+00:00,NAC810,20.870269775390625,-70.15839712960377,11277.6,119.99419505444378,234.6276384698747
2024-08-31 10:14:32+00:00,NAC810,20.869216918945312,-70.15643528529574,11277.6,119.99419505444378,234.6276384698747
2024-08-31 10:14:33+00:00,NAC810,20.86825096001059,-70.15459650213069,11277.6,119.99419505444378,234.6276384698747
2024-08-31 10:14:34+00:00,NAC810,20.86727336301642,-70.15284867720169,11277.6,119.99419505444378,234.6276384698747
2024-08-31 10:14:35+00:00,NAC810,20.865038855601163,-70.14875377308238,11277.6,119.99419505444378,234.6276384698747
2024-08-31 10:14:38+00:00,NAC810,20.86299133300781,-70.14495849609375,11277.6,120.0571167864916,234.1822320535056
2024-08-31 10:14:41+00:00,NAC810,20.858707751257946,-70.13706831498575,11277.6,120.0571167864916,234.1822320535056
2024-08-31 10:14:43+00:00,NAC810,20.857589721679688,-70.13505118233815,11277.6,120.0571167864916,234.1822320535056
2024-08-31 10:14:45+00:00,NAC810,20.855484008789062,-70.13112749372209,11277.6,120.0571167864916,234.1822320535056
2024-08-31 10:14:46+00:00,NAC810,20.85447149761653,-70.12927800958806,11277.6,120.0571167864916,234.1822320535056
2024-08-31 10:14:47+00:00,NAC810,20.85346984863281,-70.12744903564453,11277.6,120.0571167864916,234.1822320535056
2024-08-31 10:14:48+00:00,NAC810,20.8524169921875,-70.1254871913365,11277.6,120.0571167864916,234.1822320535056
2024-08-31 10:14:49+00:00,NAC810,20.851445602158368,-70.12363503196019,11277.6,120.0571167864916,234.1822320535056
2024-08-31 10:14:50+00:00,NAC810,20.85028179621292,-70.12148770419032,11277.6,120.0571167864916,234.1822320535056
2024-08-31 10:14:51+00:00,NAC810,20.849166870117188,-70.11945452008928,11277.6,120.0571167864916,234.1822320535056
2024-08-31 10:14:52+00:00,NAC810,20.847152709960938,-70.11577606201172,11277.6,120.0571167864916,234.1822320535056
2024-08-31 10:14:54+00:00,NAC810,20.846045542571503,-70.11374733664769,11277.6,120.0571167864916,234.1822320535056
2024-08-31 10:14:55+00:00,NAC810,20.844974841101696,-70.11179976029825,11277.6,120.0571167864916,234.1822320535056
2024-08-31 10:14:56+00:00,NAC810,20.84404379634534,-70.11005193536931,11277.6,120.0571167864916,234.1822320535056
2024-08-31 10:14:57+00:00,NAC810,20.84297309487553,-70.10810435901988,11277.6,120.0571167864916,234.1822320535056
2024-08-31 10:14:58+00:00,NAC810,20.840878244173727,-70.104209206321,11277.6,120.0571167864916,234.1822320535056
2024-08-31 10:15:01+00:00,NAC810,20.838592529296875,-70.10003226143971,11277.6,120.0571167864916,234.1822320535056
2024-08-31 10:15:02+00:00,NAC810,20.83747993081303,-70.09796697443181,11277.6,120.0571167864916,234.1822320535056
2024-08-31 10:15:03+00:00,NAC810,20.836316124867583,-70.09581964666194,11277.6,120.0571167864916,234.1822320535056
2024-08-31 10:15:04+00:00,NAC810,20.835152318922137,-70.09372225674713,11277.6,120.0571167864916,234.1822320535056
2024-08-31 10:15:06+00:00,NAC810,20.83309936523437,-70.08992876325334,11277.6,120.0571167864916,234.1822320535056
2024-08-31 10:15:08+00:00,NAC810,20.830962617518537,-70.08593195134944,11277.6,120.0571167864916,234.1822320535056
2024-08-31 10:15:09+00:00,NAC810,20.82979881157309,-70.0837846235795,11277.6,120.0571167864916,234.1822320535056
2024-08-31 10:15:10+00:00,NAC810,20.828728110103285,-70.08183704723012,11277.6,120.0571167864916,234.1822320535056
2024-08-31 10:15:15+00:00,NAC810,20.823141841565143,-70.07154984907669,11277.6,120.0571167864916,234.1822320535056
2024-08-31 10:15:17+00:00,NAC810,20.820877075195312,-70.06736755371094,11285.22,120.0571167864916,234.1822320535056
2024-08-31 10:15:19+00:00,NAC810,20.818771362304688,-70.06349291120256,11285.22,119.9480569684086,233.92498982217575
2024-08-31 10:15:21+00:00,NAC810,20.81771850585937,-70.06153106689453,11285.22,119.9480569684086,233.92498982217575
2024-08-31 10:15:29+00:00,NAC810,20.80852443889036,-70.04448353160512,11285.22,119.88527361483062,234.3708851109569
2024-08-31 10:15:30+00:00,NAC810,20.80751037597656,-70.04264831542969,11277.6,119.88527361483062,234.3708851109569
2024-08-31 10:15:34+00:00,NAC810,20.80311584472656,-70.03445761544361,11277.6,119.88527361483062,234.3708851109569
2024-08-31 10:15:37+00:00,NAC810,20.800005379369704,-70.02875310724431,11277.6,119.88527361483062,234.3708851109569
2024-08-31 10:15:39+00:00,NAC810,20.79803466796875,-70.02513885498047,11277.6,119.88527361483062,234.3708851109569
2024-08-31 10:15:40+00:00,NAC810,20.797026036149365,-70.02325994318181,11277.6,119.9480569684086,233.92498982217575
2024-08-31 10:15:41+00:00,NAC810,20.796001886917374,-70.0213623046875,11277.6,119.9480569684086,233.92498982217575
2024-08-31 10:15:42+00:00,NAC810,20.794931185447563,-70.01941472833806,11277.6,119.9480569684086,233.92498982217575
2024-08-31 10:15:43+00:00,NAC810,20.793914794921875,-70.0175367082868,11277.6,119.9480569684086,233.92498982217575
2024-08-31 10:15:44+00:00,NAC810,20.792696678032307,-70.01531982421875,11277.6,120.0571167864916,234.1822320535056
2024-08-31 10:15:45+00:00,NAC810,20.79167252880032,-70.01337224786931,11277.6,120.0571167864916,234.1822320535056
2024-08-31 10:15:46+00:00,NAC810,20.790508722854877,-70.01122492009944,11277.6,120.0571167864916,234.1822320535056
2024-08-31 10:15:47+00:00,NAC810,20.789382934570312,-70.0091988699777,11277.6,120.0571167864916,234.1822320535056
2024-08-31 10:15:48+00:00,NAC810,20.788506976628707,-70.007529518821,11277.6,120.0571167864916,234.1822320535056
2024-08-31 10:15:49+00:00,NAC810,20.787368774414062,-70.0054713657924,11277.6,120.0571167864916,234.1822320535056
2024-08-31 10:15:50+00:00,NAC810,20.78627246921345,-70.00343461470169,11277.6,120.0571167864916,234.1822320535056
2024-08-31 10:15:51+00:00,NAC810,20.785400390625,-70.00179290771484,11277.6,120.0571167864916,234.1822320535056
2024-08-31 10:15:52+00:00,NAC810,20.784439086914062,-70.00002724783758,11277.6,120.0571167864916,234.1822320535056
2024-08-31 10:15:53+00:00,NAC810,20.78333967823093,-69.99799138849431,11277.6,120.0571167864916,234.1822320535056
2024-08-31 10:15:54+00:00,NAC810,20.782268976761124,-69.99604381214488,11277.6,120.0571167864916,234.1822320535056
2024-08-31 10:15:55+00:00,NAC810,20.78114318847656,-69.99404362269809,11277.6,120.0571167864916,234.1822320535056
2024-08-31 10:15:56+00:00,NAC810,20.78009033203125,-69.99208177839006,11277.6,120.0571167864916,234.1822320535056
2024-08-31 10:15:58+00:00,NAC810,20.777801513671875,-69.9878147670201,11277.6,119.9480569684086,233.92498982217575
2024-08-31 10:16:00+00:00,NAC810,20.775787353515625,-69.9840872628348,11277.6,119.9480569684086,233.92498982217575
2024-08-31 10:16:01+00:00,NAC810,20.77459716796875,-69.98197828020369,11277.6,120.0571167864916,234.1822320535056
2024-08-31 10:16:02+00:00,NAC810,20.773681640625,-69.98021262032643,11277.6,120.0571167864916,234.1822320535056
2024-08-31 10:16:03+00:00,NAC810,20.772539559057204,-69.97816606001419,11277.6,120.0571167864916,234.1822320535056
2024-08-31 10:16:04+00:00,NAC810,20.77142230534957,-69.97601873224431,11277.6,120.0571167864916,234.1822320535056
2024-08-31 10:16:05+00:00,NAC810,20.7704447083554,-69.97427090731532,11277.6,120.0571167864916,234.1822320535056
2024-08-31 10:16:06+00:00,NAC810,20.76924133300781,-69.97207096644809,11277.6,120.0571167864916,234.1822320535056
2024-08-31 10:16:08+00:00,NAC810,20.768096923828125,-69.96991293770924,11277.6,120.0571167864916,234.1822320535056
2024-08-31 10:16:09+00:00,NAC810,20.76617431640625,-69.9664306640625,11277.6,120.0571167864916,234.1822320535056
2024-08-31 10:16:10+00:00,NAC810,20.765121459960938,-69.96446881975447,11277.6,120.0571167864916,234.1822320535056
2024-08-31 10:16:11+00:00,NAC810,20.76411360401218,-69.96263538707387,11277.6,120.0571167864916,234.1822320535056
2024-08-31 10:16:12+00:00,NAC810,20.763182559255824,-69.96088756214488,11277.6,120.0571167864916,234.1822320535056
2024-08-31 10:16:13+00:00,NAC810,20.76214599609375,-69.95902470179965,11277.6,120.0571167864916,234.1822320535056
2024-08-31 10:16:14+00:00,NAC810,20.761001586914062,-69.95691571916853,11277.6,120.0571167864916,234.1822320535056
2024-08-31 10:16:15+00:00,NAC810,20.75994873046875,-69.95495387486051,11277.6,120.0571167864916,234.1822320535056
2024-08-31 10:16:16+00:00,NAC810,20.75885320113877,-69.95289750532669,11277.6,120.0571167864916,234.1822320535056
2024-08-31 10:16:17+00:00,NAC810,20.757843017578125,-69.95107923235213,11277.6,120.0571167864916,234.1822320535056
2024-08-31 10:16:19+00:00,NAC810,20.75665283203125,-69.94892120361328,11277.6,120.0571167864916,234.1822320535056
2024-08-31 10:16:20+00:00,NAC810,20.75461694749735,-69.94515713778407,11277.6,120.0571167864916,234.1822320535056
2024-08-31 10:16:21+00:00,NAC810,20.753453141551905,-69.94300981001419,11277.6,120.0571167864916,234.1822320535056
2024-08-31 10:16:22+00:00,NAC810,20.75230407714844,-69.9409757341657,11285.22,120.0571167864916,234.1822320535056
2024-08-31 10:16:23+00:00,NAC810,20.751388549804688,-69.9392100742885,11285.22,120.0571167864916,234.1822320535056
2024-08-31 10:16:24+00:00,NAC810,20.75047379833157,-69.93756658380681,11285.22,120.0571167864916,234.1822320535056
2024-08-31 10:16:25+00:00,NAC810,20.749557495117188,-69.93592398507252,11277.6,120.0571167864916,234.1822320535056
2024-08-31 10:16:26+00:00,NAC810,20.74864196777344,-69.93415832519531,11285.22,120.0571167864916,234.1822320535056
2024-08-31 10:16:27+00:00,NAC810,20.74772721630032,-69.93252286044032,11285.22,120.0571167864916,234.1822320535056
2024-08-31 10:16:28+00:00,NAC810,20.74665651483051,-69.93057528409088,11285.22,120.0571167864916,234.1822320535056
2024-08-31 10:16:29+00:00,NAC810,20.745437622070312,-69.92837088448658,11277.6,120.0571167864916,234.1822320535056
2024-08-31 10:16:30+00:00,NAC810,20.744422007415253,-69.92653031782669,11277.6,120.0571167864916,234.1822320535056
2024-08-31 10:16:31+00:00,NAC810,20.743331909179688,-69.92444719587053,11277.6,120.0571167864916,234.1822320535056
2024-08-31 10:16:32+00:00,NAC810,20.742234052237816,-69.92243541370738,11277.6,120.0571167864916,234.1822320535056
2024-08-31 10:16:33+00:00,NAC810,20.7410888671875,-69.92037636893133,11277.6,120.0571167864916,234.1822320535056
2024-08-31 10:16:34+00:00,NAC810,20.739999544822563,-69.91834050958806,11277.6,120.0571167864916,234.1822320535056
2024-08-31 10:16:35+00:00,NAC810,20.738928843352756,-69.91639293323863,11277.6,120.0571167864916,234.1822320535056
2024-08-31 10:16:36+00:00,NAC810,20.7379977985964,-69.91464510830963,11277.6,120.0571167864916,234.1822320535056
2024-08-31 10:16:37+00:00,NAC810,20.73687744140625,-69.91262708391463,11277.6,120.0571167864916,234.1822320535056
2024-08-31 10:16:38+00:00,NAC810,20.73585639565678,-69.91074995561075,11277.6,120.0571167864916,234.1822320535056
2024-08-31 10:16:39+00:00,NAC810,20.734785694186968,-69.90885231711644,11277.6,120.0571167864916,234.1822320535056
2024-08-31 10:16:40+00:00,NAC810,20.733718872070312,-69.90679059709822,11277.6,120.0571167864916,234.1822320535056
2024-08-31 10:16:41+00:00,NAC810,20.73275756835937,-69.90502493722096,11277.6,120.0571167864916,234.1822320535056
2024-08-31 10:16:42+00:00,NAC810,20.73179626464844,-69.90330832345143,11277.6,120.0571167864916,234.1822320535056
2024-08-31 10:16:43+00:00,NAC810,20.73060607910156,-69.90115029471258,11277.6,120.0571167864916,234.1822320535056
2024-08-31 10:16:44+00:00,NAC810,20.72955322265625,-69.89923749651228,11277.6,120.0571167864916,234.1822320535056
2024-08-31 10:16:45+00:00,NAC810,20.728591918945312,-69.89747183663502,11277.6,120.0571167864916,234.1822320535056
2024-08-31 10:16:46+00:00,NAC810,20.727523545087397,-69.89541903409088,11277.6,120.0571167864916,234.1822320535056
2024-08-31 10:16:47+00:00,NAC810,20.726486206054688,-69.89359719412664,11277.6,120.0571167864916,234.1822320535056
2024-08-31 10:16:48+00:00,NAC810,20.725382142147776,-69.891523881392,11277.6,120.0571167864916,234.1822320535056
2024-08-31 10:16:49+00:00,NAC810,20.724311440677965,-69.88957630504262,11277.6,120.0571167864916,234.1822320535056
2024-08-31 10:16:51+00:00,NAC810,20.72212348550053,-69.88553133877838,11277.6,120.0571167864916,234.1822320535056
2024-08-31 10:16:52+00:00,NAC810,20.72105278403072,-69.88358376242894,11277.6,120.0571167864916,234.1822320535056
2024-08-31 10:16:57+00:00,NAC810,20.71591186523437,-69.87417493547713,11277.6,120.0571167864916,234.1822320535056
2024-08-31 10:16:58+00:00,NAC810,20.714767456054688,-69.87201690673828,11277.6,120.0571167864916,234.1822320535056
2024-08-31 10:17:01+00:00,NAC810,20.71156311035156,-69.86618041992188,11277.6,120.0571167864916,234.1822320535056
2024-08-31 10:17:04+00:00,NAC810,20.708483679819917,-69.86046253551137,11277.6,120.0571167864916,234.1822320535056
2024-08-31 10:17:07+00:00,NAC810,20.705271575410485,-69.85466974431819,11277.6,120.0571167864916,234.1822320535056
2024-08-31 10:17:09+00:00,NAC810,20.70308362023305,-69.85057484019887,11277.6,120.0571167864916,234.1822320535056
2024-08-31 10:17:10+00:00,NAC810,20.701919814287606,-69.84842751242894,11277.6,120.0571167864916,234.1822320535056
2024-08-31 10:17:12+00:00,NAC810,20.7008056640625,-69.8464148385184,11277.6,120.0571167864916,234.1822320535056
2024-08-31 10:17:13+00:00,NAC810,20.69861460540254,-69.84243496981532,11277.6,120.0571167864916,234.1822320535056
2024-08-31 10:17:16+00:00,NAC810,20.69540405273437,-69.83650752476285,11277.6,120.0571167864916,234.1822320535056
2024-08-31 10:17:18+00:00,NAC810,20.6942138671875,-69.83439854213168,11277.6,120.12027824799682,233.7371091427972
2024-08-31 10:17:19+00:00,NAC810,20.693161010742188,-69.83243669782365,11277.6,120.12027824799682,233.7371091427972
2024-08-31 10:17:20+00:00,NAC810,20.6919576353946,-69.8302001953125,11277.6,120.12027824799682,233.7371091427972
2024-08-31 10:17:21+00:00,NAC810,20.690793829449152,-69.82810280539769,11277.6,120.12027824799682,233.7371091427972
2024-08-31 10:17:22+00:00,NAC810,20.68972312797934,-69.82615522904825,11277.6,120.12027824799682,233.7371091427972
2024-08-31 10:17:23+00:00,NAC810,20.688629150390625,-69.82409885951449,11277.6,120.12027824799682,233.7371091427972
2024-08-31 10:17:24+00:00,NAC810,20.687576293945312,-69.82218606131414,11277.6,120.12027824799682,233.7371091427972
2024-08-31 10:17:25+00:00,NAC810,20.68638610839844,-69.82002803257535,11277.6,120.12027824799682,233.7371091427972
2024-08-31 10:17:26+00:00,NAC810,20.68530066538665,-69.81801535866475,11277.6,120.0571167864916,234.1822320535056
2024-08-31 10:17:28+00:00,NAC810,20.683159262447035,-69.81412020596588,11277.6,120.0571167864916,234.1822320535056
2024-08-31 10:17:31+00:00,NAC810,20.679900605799787,-69.80812766335225,11277.6,120.0571167864916,234.1822320535056
2024-08-31 10:17:33+00:00,NAC810,20.677898859573624,-69.80443226207387,11285.22,120.0571167864916,234.1822320535056
2024-08-31 10:17:34+00:00,NAC810,20.676921262579448,-69.80268443714488,11285.22,120.0571167864916,234.1822320535056
2024-08-31 10:17:35+00:00,NAC810,20.67585056110964,-69.80073686079545,11285.22,120.0571167864916,234.1822320535056
2024-08-31 10:17:39+00:00,NAC810,20.671847068657307,-69.79334605823864,11285.22,120.0571167864916,234.1822320535056
2024-08-31 10:17:40+00:00,NAC810,20.669677734375,-69.78937421526228,11285.22,120.0571167864916,234.1822320535056
2024-08-31 10:17:42+00:00,NAC810,20.668533325195312,-69.78726523263111,11285.22,120.12027824799682,233.7371091427972
2024-08-31 10:17:43+00:00,NAC810,20.667424606064618,-69.78520618785512,11277.6,120.12027824799682,233.7371091427972
2024-08-31 10:17:44+00:00,NAC810,20.666427612304688,-69.78339059012274,11285.22,120.12027824799682,233.7371091427972
2024-08-31 10:17:48+00:00,NAC810,20.66230385990466,-69.77591774680394,11277.6,120.22923549781872,233.9956889388073
2024-08-31 10:17:49+00:00,NAC810,20.661300659179688,-69.77407182965959,11277.6,120.22923549781872,233.9956889388073
2024-08-31 10:18:21+00:00,NAC810,20.626318980071503,-69.70999977805398,11277.6,120.22923549781872,233.9956889388073
2024-08-31 10:18:22+00:00,NAC810,20.625155174126057,-69.7079023881392,11277.6,120.22923549781872,233.9956889388073
2024-08-31 10:18:32+00:00,NAC810,20.615518860897776,-69.6902743252841,11277.6,120.12027824799682,233.7371091427972
2024-08-31 10:18:33+00:00,NAC810,20.61370332362288,-69.6869784268466,11277.6,120.12027824799682,233.7371091427972
2024-08-31 10:18:34+00:00,NAC810,20.61277227886653,-69.68523060191762,11277.6,120.12027824799682,233.7371091427972
2024-08-31 10:18:36+00:00,NAC810,20.610809326171875,-69.68166896275113,11277.6,120.12027824799682,233.7371091427972
2024-08-31 10:18:37+00:00,NAC810,20.609606726694917,-69.67943781072444,11277.6,120.12027824799682,233.7371091427972
2024-08-31 10:18:38+00:00,NAC810,20.608612060546875,-69.67759813581193,11277.6,120.12027824799682,233.7371091427972
2024-08-31 10:18:39+00:00,NAC810,20.607465323755296,-69.67554265802556,11277.6,120.12027824799682,233.7371091427972
2024-08-31 10:18:40+00:00,NAC810,20.606369018554688,-69.67352730887274,11277.6,120.12027824799682,233.7371091427972
2024-08-31 10:18:42+00:00,NAC810,20.60527736857786,-69.67149769176137,11277.6,120.12027824799682,233.7371091427972
2024-08-31 10:18:43+00:00,NAC810,20.604171752929688,-69.6694564819336,11277.6,120.12027824799682,233.7371091427972
2024-08-31 10:18:44+00:00,NAC810,20.60215759277344,-69.66577802385603,11277.6,120.12027824799682,233.7371091427972
2024-08-31 10:19:46+00:00,NAC810,20.537124892412606,-69.54700261896308,11285.22,120.12027824799682,233.7371091427972
2024-08-31 10:19:49+00:00,NAC810,20.533959340240997,-69.54120982776989,11285.22,120.12027824799682,233.7371091427972
2024-08-31 10:19:52+00:00,NAC810,20.53070068359375,-69.53521728515625,11285.22,120.18368065722235,233.29227136054064
2024-08-31 10:19:53+00:00,NAC810,20.529693603515625,-69.53340257917131,11285.22,120.18368065722235,233.29227136054064
2024-08-31 10:19:54+00:00,NAC810,20.52855928065413,-69.5313720703125,11285.22,120.18368065722235,233.29227136054064
2024-08-31 10:19:55+00:00,NAC810,20.52754211425781,-69.52952793666293,11277.6,120.18368065722235,233.29227136054064
2024-08-31 10:19:56+00:00,NAC810,20.526626586914062,-69.5278113228934,11285.22,120.18368065722235,233.29227136054064
2024-08-31 10:19:57+00:00,NAC810,20.52562648967161,-69.52597878196019,11277.6,120.18368065722235,233.29227136054064
2024-08-31 10:19:58+00:00,NAC810,20.5245557882018,-69.52403120561075,11285.22,120.18368065722235,233.29227136054064
2024-08-31 10:19:59+00:00,NAC810,20.52348508673199,-69.52213356711644,11277.6,120.18368065722235,233.29227136054064
2024-08-31 10:20:00+00:00,NAC810,20.5224609375,-69.52025822230746,11277.6,120.18368065722235,233.29227136054064
2024-08-31 10:20:01+00:00,NAC810,20.52125057931673,-69.51803866299713,11277.6,120.18368065722235,233.29227136054064
2024-08-31 10:20:02+00:00,NAC810,20.520226430084744,-69.51614102450282,11277.6,120.18368065722235,233.29227136054064
2024-08-31 10:20:03+00:00,NAC810,20.5190626241393,-69.51399369673294,11277.6,120.18368065722235,233.29227136054064
2024-08-31 10:20:04+00:00,NAC810,20.51792907714844,-69.51196943010603,11277.6,120.18368065722235,233.29227136054064
2024-08-31 10:20:05+00:00,NAC810,20.51706087791313,-69.51034823330963,11277.6,120.18368065722235,233.29227136054064
2024-08-31 10:20:06+00:00,NAC810,20.515914916992188,-69.50834001813615,11277.6,120.18368065722235,233.29227136054064
2024-08-31 10:20:07+00:00,NAC810,20.51482637049788,-69.50630326704544,11277.6,120.18368065722235,233.29227136054064
2024-08-31 10:20:23+00:00,NAC810,20.497787475585938,-69.47513580322266,11277.6,120.18368065722235,233.29227136054064
2024-08-31 10:20:37+00:00,NAC810,20.48312429654396,-69.44842529296875,11285.22,120.29277505592252,233.55134366574572
2024-08-31 10:20:38+00:00,NAC810,20.481913938360695,-69.44632790305398,11285.22,120.29277505592252,233.55134366574572
2024-08-31 10:20:39+00:00,NAC810,20.48080444335937,-69.44428580147877,11285.22,120.29277505592252,233.55134366574572
2024-08-31 10:20:51+00:00,NAC810,20.46846034163136,-69.4218583540483,11277.6,120.29277505592252,233.55134366574572
2024-08-31 10:20:53+00:00,NAC810,20.46645859540519,-69.41816295276989,11277.6,120.29277505592252,233.55134366574572
2024-08-31 10:21:03+00:00,NAC810,20.455984341896187,-69.39908669211648,11277.6,120.29277505592252,233.55134366574572
2024-08-31 10:21:06+00:00,NAC810,20.45274353027344,-69.39317975725447,11277.6,120.29277505592252,233.55134366574572
2024-08-31 10:21:11+00:00,NAC810,20.447479248046875,-69.38351767403736,11277.6,120.29277505592252,233.55134366574572
2024-08-31 10:21:12+00:00,NAC810,20.44638061523437,-69.38160487583707,11277.6,120.29277505592252,233.55134366574572
2024-08-31 10:21:13+00:00,NAC810,20.445416983911542,-69.3797607421875,11277.6,120.12027824799682,233.7371091427972
2024-08-31 10:21:14+00:00,NAC810,20.444412231445312,-69.37792641775945,11277.6,120.12027824799682,233.7371091427972
2024-08-31 10:21:16+00:00,NAC810,20.442111775026483,-69.37376819957387,11277.6,120.12027824799682,233.7371091427972
2024-08-31 10:21:18+00:00,NAC810,20.4400634765625,-69.36998094831193,11277.6,120.12027824799682,233.7371091427972
2024-08-31 10:21:21+00:00,NAC810,20.435873775158896,-69.36238236860794,11277.6,120.18368065722235,233.29227136054064
2024-08-31 10:21:23+00:00,NAC810,20.43480307368909,-69.3604347922585,11277.6,120.29277505592252,233.55134366574572
2024-08-31 10:21:26+00:00,NAC810,20.431497864804022,-69.35444224964488,11277.6,120.29277505592252,233.55134366574572
2024-08-31 10:21:29+00:00,NAC810,20.42800644696769,-69.34810014204545,11277.6,120.29277505592252,233.55134366574572
2024-08-31 10:21:30+00:00,NAC810,20.427075402211333,-69.34635231711648,11277.6,120.29277505592252,233.55134366574572
2024-08-31 10:21:43+00:00,NAC810,20.413668357719807,-69.32208251953125,11277.6,120.29277505592252,233.55134366574572
2024-08-31 10:21:45+00:00,NAC810,20.41045625331038,-69.31628972833808,11277.6,120.40162729814706,233.8112608170289
2024-08-31 10:21:47+00:00,NAC810,20.409347534179688,-69.31426456996371,11277.6,120.40162729814706,233.8112608170289
2024-08-31 10:21:48+00:00,NAC810,20.408221745895126,-69.31224476207387,11277.6,120.40162729814706,233.8112608170289
2024-08-31 10:21:49+00:00,NAC810,20.407196044921875,-69.31038992745533,11277.6,120.40162729814706,233.8112608170289
2024-08-31 10:21:50+00:00,NAC810,20.405242402674787,-69.30685147372157,11277.6,120.40162729814706,233.8112608170289
2024-08-31 10:21:51+00:00,NAC810,20.404171701204977,-69.30490389737213,11277.6,120.40162729814706,233.8112608170289
2024-08-31 10:21:53+00:00,NAC810,20.40220642089844,-69.30131639753068,11277.6,120.40162729814706,233.8112608170289
2024-08-31 10:21:54+00:00,NAC810,20.401153564453125,-69.29940359933033,11277.6,120.40162729814706,233.8112608170289
2024-08-31 10:21:55+00:00,NAC810,20.400054931640625,-69.29749080113004,11277.6,120.40162729814706,233.8112608170289
2024-08-31 10:21:57+00:00,NAC810,20.39794921875,-69.29361615862166,11277.6,120.40162729814706,233.8112608170289
2024-08-31 10:22:01+00:00,NAC810,20.393650895458155,-69.28582763671875,11277.6,120.29277505592252,233.55134366574572
2024-08-31 10:22:39+00:00,NAC810,20.353290105270126,-69.21246892755683,11277.6,120.29277505592252,233.55134366574572
2024-08-31 10:22:41+00:00,NAC810,20.35221940380032,-69.21052135120739,11277.6,120.33795181223388,234.25511306846747
2024-08-31 10:22:42+00:00,NAC810,20.350078000860695,-69.20667613636363,11285.22,120.33795181223388,234.25511306846747
2024-08-31 10:22:44+00:00,NAC810,20.34784349344545,-69.20258123224431,11285.22,120.33795181223388,234.25511306846747
2024-08-31 10:22:45+00:00,NAC810,20.34686279296875,-69.20077187674383,11285.22,120.40162729814706,233.8112608170289
2024-08-31 10:22:46+00:00,NAC810,20.3463134765625,-69.19979095458984,11285.22,120.40162729814706,233.8112608170289
2024-08-31 10:22:47+00:00,NAC810,20.345672607421875,-69.19866289411272,11285.22,120.40162729814706,233.8112608170289
2024-08-31 10:22:48+00:00,NAC810,20.34453828456038,-69.19663862748575,11285.22,120.40162729814706,233.8112608170289
2024-08-31 10:22:49+00:00,NAC810,20.343607239804022,-69.19489080255681,11285.22,120.40162729814706,233.8112608170289
2024-08-31 10:22:50+00:00,NAC810,20.34179170252913,-69.19159490411931,11285.22,120.40162729814706,233.8112608170289
2024-08-31 10:22:51+00:00,NAC810,20.34081410553496,-69.18984707919032,11285.22,120.40162729814706,233.8112608170289
2024-08-31 10:23:22+00:00,NAC810,20.30785512115996,-69.13007146661933,11277.6,120.27451724482032,234.699253551967
2024-08-31 10:23:25+00:00,NAC810,20.30445680779926,-69.12387917258523,11277.6,120.38285790607506,234.95902723641456
2024-08-31 10:23:26+00:00,NAC810,20.303479210805083,-69.12213134765625,11277.6,120.38285790607506,234.95902723641456
2024-08-31 10:25:49+00:00,NAC810,20.14961242675781,-68.84410858154297,11277.6,120.38285790607506,234.95902723641456
2024-08-31 10:51:28+00:00,,18.55430603027344,-66.37885502406527,1821.18,125.01257842498646,117.45782884448222
2024-08-31 10:51:29+00:00,,18.5537109375,-66.37797219412664,1821.18,125.01257842498646,117.45782884448222
2024-08-31 10:51:30+00:00,,18.55311584472656,-66.37708936418807,1813.56,125.01257842498646,117.45782884448222
2024-08-31 10:51:33+00:00,NAC810,18.5511474609375,-66.3741956438337,1805.94,124.90741962583982,114.1706439626028
2024-08-31 10:52:00+00:00,NAC810,18.535675048828125,-66.35119301932198,1714.5,125.2050938890906,113.32840526249782
2024-08-31 10:52:01+00:00,NAC810,18.53519245729608,-66.35053045099431,1714.5,125.2050938890906,113.32840526249782
2024-08-31 10:52:05+00:00,NAC810,18.53305105435646,-66.34728449041194,1691.64,125.15098548888297,106.33197835998442
2024-08-31 10:52:16+00:00,NAC810,18.52695271120233,-66.33829567649148,1638.3000000000002,125.3112134396332,105.91176368057216
2024-08-31 10:52:18+00:00,NAC810,18.52583312988281,-66.3366263253348,1630.68,125.40686573726964,104.77495433814934
2024-08-31 10:52:35+00:00,NAC810,18.516632080078125,-66.32294246128627,1539.24,125.10838027317784,103.76094451132188
2024-08-31 10:52:37+00:00,NAC810,18.51548767089844,-66.32127489362445,1524.0,125.10838027317784,103.76094451132188
2024-08-31 10:52:38+00:00,NAC810,18.514938354492188,-66.32044110979353,1516.38,125.10838027317784,103.76094451132188
2024-08-31 10:52:39+00:00,NAC810,18.51470947265625,-66.32011829723007,1516.38,125.10838027317784,103.76094451132188
2024-08-31 10:52:45+00:00,NAC810,18.511171502582098,-66.31477494673294,1478.28,125.10838027317784,103.76094451132188
2024-08-31 10:52:46+00:00,NAC810,18.51068115234375,-66.31411416190008,1470.66,125.10838027317784,103.76094451132188
2024-08-31 10:52:47+00:00,NAC810,18.510223388671875,-66.31337847028459,1470.66,125.10838027317784,103.76094451132188
2024-08-31 10:52:48+00:00,NAC810,18.50971984863281,-66.31269182477678,1463.04,125.10838027317784,103.76094451132188
2024-08-31 10:52:49+00:00,NAC810,18.50926286083157,-66.31197842684657,1455.42,125.10838027317784,103.76094451132188
2024-08-31 10:52:50+00:00,NAC810,18.508758544921875,-66.31122044154574,1447.8000000000002,125.10838027317784,103.76094451132188
2024-08-31 10:52:51+00:00,NAC810,18.50811767578125,-66.31023951939176,1447.8000000000002,125.10838027317784,103.76094451132188
2024-08-31 10:52:52+00:00,NAC810,18.507586980270126,-66.30948153409088,1440.18,125.34010692155768,104.05766511156352
2024-08-31 10:52:56+00:00,NAC810,18.50532531738281,-66.30616869245256,1417.3200000000002,125.34010692155768,104.05766511156352
2024-08-31 10:52:57+00:00,NAC810,18.504793846001057,-66.30533669211644,1409.7,125.34010692155768,104.05766511156352
2024-08-31 10:52:58+00:00,NAC810,18.50399780273437,-66.3041578020368,1402.0800000000002,125.34010692155768,104.05766511156352
2024-08-31 10:52:59+00:00,NAC810,18.50349038334216,-66.303389115767,1394.46,125.34010692155768,104.05766511156352
2024-08-31 10:53:00+00:00,NAC810,18.503219604492188,-66.30302974155973,1386.84,125.34010692155768,104.05766511156352
2024-08-31 10:53:07+00:00,NAC810,18.49920757746292,-66.29704700816757,1348.74,125.10838027317784,103.76094451132188
2024-08-31 10:53:08+00:00,NAC810,18.498928264036017,-66.29664750532669,1348.74,125.10838027317784,103.76094451132188
2024-08-31 10:53:10+00:00,NAC810,18.497589111328125,-66.29459381103516,1333.5,125.10838027317784,103.76094451132188
2024-08-31 10:53:11+00:00,NAC810,18.49734548795021,-66.29420055042613,1325.88,125.10838027317784,103.76094451132188
2024-08-31 10:53:12+00:00,NAC810,18.4967868610964,-66.29340154474431,1325.88,125.10838027317784,103.76094451132188
2024-08-31 10:53:13+00:00,NAC810,18.496181682004767,-66.29255260120738,1318.26,125.10838027317784,103.76094451132188
2024-08-31 10:53:14+00:00,NAC810,18.49566960738877,-66.29170365767044,1310.64,125.10838027317784,103.76094451132188
2024-08-31 10:53:15+00:00,NAC810,18.495162963867188,-66.29096439906527,1310.64,125.10838027317784,103.76094451132188
2024-08-31 10:53:16+00:00,NAC810,18.49464545815678,-66.290205522017,1303.02,125.10838027317784,103.76094451132188
2024-08-31 10:53:17+00:00,NAC810,18.494086831302965,-66.28940651633519,1295.4,125.10838027317784,103.76094451132188
2024-08-31 10:53:19+00:00,NAC810,18.49305725097656,-66.28782544817244,1287.78,125.10838027317784,103.76094451132188
2024-08-31 10:53:20+00:00,NAC810,18.492224741790253,-66.28660999644882,1280.16,125.10838027317784,103.76094451132188
2024-08-31 10:53:21+00:00,NAC810,18.49189887612553,-66.28611061789769,1272.54,124.87532834460218,103.46593085915384
2024-08-31 10:53:22+00:00,NAC810,18.491107488082623,-66.284912109375,1264.92,124.87532834460218,103.46593085915384
2024-08-31 10:53:23+00:00,NAC810,18.49058532714844,-66.28414699009488,1257.3,124.87532834460218,103.46593085915384
2024-08-31 10:53:24+00:00,NAC810,18.490310668945312,-66.28375462123324,1257.3,124.87532834460218,103.46593085915384
2024-08-31 10:53:25+00:00,NAC810,18.489761352539062,-66.28292083740234,1249.68,125.03888790140849,103.04430180056274
2024-08-31 10:53:26+00:00,NAC810,18.489303588867188,-66.28223419189453,1249.68,125.03888790140849,103.04430180056274
2024-08-31 10:53:28+00:00,NAC810,18.488204956054688,-66.28061567034041,1234.44,125.03888790140849,103.04430180056274
2024-08-31 10:53:29+00:00,NAC810,18.48742986129502,-66.27946888316757,1226.8200000000002,125.03888790140849,103.04430180056274
2024-08-31 10:53:30+00:00,NAC810,18.487150547868115,-66.27896950461644,1226.8200000000002,125.03888790140849,103.04430180056274
2024-08-31 10:53:31+00:00,NAC810,18.486545368776483,-66.2781205610795,1219.2,125.03888790140849,103.04430180056274
2024-08-31 10:53:32+00:00,NAC810,18.48570742849576,-66.27682217684657,1211.5800000000002,125.03888790140849,103.04430180056274
2024-08-31 10:53:33+00:00,NAC810,18.48541259765625,-66.27639770507812,1203.96,125.03888790140849,103.04430180056274
2024-08-31 10:53:34+00:00,NAC810,18.48481750488281,-66.27551487513949,1203.96,125.03888790140849,103.04430180056274
2024-08-31 10:53:37+00:00,NAC810,18.48324015989142,-66.27317671342325,1188.72,125.20379008252549,102.62351935028336
2024-08-31 10:53:38+00:00,NAC810,18.482681533037606,-66.27237770774144,1181.1,125.20379008252549,102.62351935028336
2024-08-31 10:53:39+00:00,NAC810,18.482122906183797,-66.2715287642045,1173.48,125.20379008252549,102.62351935028336
2024-08-31 10:53:40+00:00,NAC810,18.4815673828125,-66.27065931047713,1165.86,125.20379008252549,102.62351935028336
2024-08-31 10:53:41+00:00,NAC810,18.480959100238348,-66.26978093927556,1165.86,125.20379008252549,102.62351935028336
2024-08-31 10:53:42+00:00,NAC810,18.480377197265625,-66.2689426967076,1158.24,124.96842226763884,102.32781279674572
2024-08-31 10:53:43+00:00,NAC810,18.480074607719807,-66.26848255504257,1158.24,124.96842226763884,102.32781279674572
2024-08-31 10:53:44+00:00,NAC810,18.479562533103813,-66.26768354936075,1150.62,124.96842226763884,102.32781279674572
2024-08-31 10:53:45+00:00,NAC810,18.47900390625,-66.26683460582382,1150.62,124.96842226763884,102.32781279674572
2024-08-31 10:53:46+00:00,NAC810,18.478445279396187,-66.266035600142,1143.0,125.13419305691563,101.90666890491828
2024-08-31 10:53:47+00:00,NAC810,18.4779052734375,-66.2652151925223,1143.0,124.89696299914849,101.61148075135392
2024-08-31 10:53:48+00:00,NAC810,18.477607339115465,-66.26478715376419,1135.38,124.89696299914849,101.61148075135392
2024-08-31 10:53:49+00:00,NAC810,18.476852416992188,-66.26364571707586,1135.38,124.89696299914849,101.61148075135392
2024-08-31 10:53:50+00:00,NAC810,18.476348876953125,-66.2628609793527,1127.76,124.89696299914849,101.61148075135392
2024-08-31 10:53:51+00:00,NAC810,18.475799560546875,-66.26207624162947,1127.76,125.06361005657166,101.18997095202587
2024-08-31 10:53:52+00:00,NAC810,18.475250244140625,-66.26119341169084,1120.14,124.8244891569568,100.89530900748676
2024-08-31 10:53:53+00:00,NAC810,18.47470092773437,-66.26045772007535,1120.14,124.99202019855868,100.47342875488816
2024-08-31 10:53:54+00:00,NAC810,18.474162473516948,-66.2596435546875,1112.52,124.99202019855868,100.47342875488816
2024-08-31 10:53:55+00:00,NAC810,18.473790055614405,-66.258994362571,1112.52,124.75097921624403,100.17930100308274
2024-08-31 10:53:56+00:00,NAC810,18.47323608398437,-66.2582015991211,1112.52,124.5085229876684,99.8869566981956
2024-08-31 10:53:57+00:00,NAC810,18.472812458620236,-66.25749622691757,1104.9,124.01934998982648,99.30768133494963
2024-08-31 10:53:58+00:00,NAC810,18.472091674804688,-66.25638689313615,1104.9,123.77262622894744,99.02078194429524
2024-08-31 10:53:59+00:00,NAC810,18.471648652674787,-66.25564852627838,1104.9,123.11134196037204,98.8830422067336
2024-08-31 10:54:00+00:00,NAC810,18.47118313029661,-66.25484952059657,1097.28,122.6091433393191,98.32477074643032
2024-08-31 10:54:01+00:00,NAC810,18.47076416015625,-66.25408172607422,1097.28,122.10124889583558,97.77413906371456
2024-08-31 10:54:02+00:00,NAC810,18.470252085540253,-66.25330144708806,1097.28,121.5876423581316,97.23127695343814
2024-08-31 10:54:03+00:00,NAC810,18.470019324351163,-66.25280206853694,1097.28,121.06831075819704,96.69631527299724
2024-08-31 10:54:04+00:00,NAC810,18.46950724973517,-66.251953125,1089.66,120.80649495211186,96.4318382586977
2024-08-31 10:54:05+00:00,NAC810,18.4691162109375,-66.25118800571988,1089.66,120.27855908502193,95.90897471498668
2024-08-31 10:54:06+00:00,NAC810,18.468521118164062,-66.25010899135043,1089.66,119.74488129694222,95.39434287651108
2024-08-31 10:54:07+00:00,NAC810,18.468296891551905,-66.24965598366475,1089.66,119.62905440719284,94.69263819197782
2024-08-31 10:54:08+00:00,NAC810,18.46769171246028,-66.24850741299713,1089.66,119.35775354279129,94.43936468381816
2024-08-31 10:54:09+00:00,NAC810,18.46746826171875,-66.2481471470424,1089.66,119.23785223602744,93.73898117951504
2024-08-31 10:54:10+00:00,NAC810,18.46694687665519,-66.24715909090907,1089.66,119.39217575523928,93.29041595543114
2024-08-31 10:54:11+00:00,NAC810,18.46650695800781,-66.24633244105746,1089.66,119.2710469208559,92.58991638187416
2024-08-31 10:54:12+00:00,NAC810,18.466108936374468,-66.24561101740056,1089.66,119.14807184571303,91.8898369384998
2024-08-31 10:54:13+00:00,NAC810,18.465728759765625,-66.24491010393416,1082.04,119.14807184571303,91.8898369384998
2024-08-31 10:54:14+00:00,NAC810,18.46527099609375,-66.244062943892,1082.04,119.30507585658002,91.44088344347284
2024-08-31 10:54:15+00:00,NAC810,18.464859008789062,-66.2432425362723,1074.42,119.18080605249986,90.74068876573084
2024-08-31 10:54:16+00:00,NAC810,18.46443305581303,-66.24246493252838,1074.42,119.18080605249986,90.74068876573084
2024-08-31 10:54:17+00:00,NAC810,18.46424684686176,-66.24211536754257,1066.8,119.33997086815646,90.29188358061027
2024-08-31 10:54:18+00:00,NAC810,18.463668823242188,-66.24103546142578,1066.8,119.05460409907714,90.04092758824858
2024-08-31 10:54:19+00:00,NAC810,18.463302612304688,-66.24029976981024,1059.18,119.21437998026845,89.59157097107821
2024-08-31 10:54:20+00:00,NAC810,18.462850279727224,-66.23951859907669,1059.18,119.21437998026845,89.59157097107821
2024-08-31 10:54:21+00:00,NAC810,18.4625244140625,-66.23887743268693,1051.56,119.37576541881316,89.14291807225932
2024-08-31 10:54:22+00:00,NAC810,18.462203979492188,-66.2382398332868,1051.56,119.37576541881316,89.14291807225932
2024-08-31 10:54:23+00:00,NAC810,18.461779578257413,-66.237471147017,1043.94,119.37576541881316,89.14291807225932
2024-08-31 10:54:24+00:00,NAC810,18.461334228515625,-66.23671940394809,1036.3200000000002,119.5387822595581,88.69497957081674
2024-08-31 10:54:25+00:00,NAC810,18.460968017578125,-66.2359837123326,1036.3200000000002,119.5387822595581,88.69497957081674
2024-08-31 10:54:26+00:00,NAC810,18.460569220074152,-66.23522394353694,1028.7,119.5387822595581,88.69497957081674
2024-08-31 10:54:27+00:00,NAC810,18.46010369769597,-66.23442493785507,1021.08,119.70345268556991,88.24776634542053
2024-08-31 10:54:28+00:00,NAC810,18.45991516113281,-66.23402186802457,1021.08,119.70345268556991,88.24776634542053
2024-08-31 10:54:29+00:00,NAC810,18.45954507084216,-66.23332630504257,1013.46,119.70345268556991,88.24776634542053
2024-08-31 10:54:30+00:00,NAC810,18.459172652939618,-66.23267711292613,1013.46,119.70345268556991,88.24776634542053
2024-08-31 10:54:31+00:00,NAC810,18.458724975585938,-66.23186383928572,1005.84,119.70345268556991,88.24776634542053
