Timestamp,Callsign,lat,lon,Altitude,Speed,Direction
2024-11-21 19:54:49+00:00,NKS3010,29.897232055664062,-95.25162330040564,1013.46,127.33605124675626,139.1102616454065
2024-11-21 19:54:50+00:00,NKS3010,29.896408081054688,-95.25035564716046,1021.08,127.16720443376536,138.79885981277363
2024-11-21 19:54:51+00:00,NKS3010,29.895675659179688,-95.24929926945612,1028.7,127.16720443376536,138.79885981277363
2024-11-21 19:54:52+00:00,NKS3010,29.894869529594807,-95.24807200712314,1036.3200000000002,127.16720443376536,138.79885981277363
2024-11-21 19:54:53+00:00,NKS3010,29.894073486328125,-95.24686960073616,1043.94,127.0392860053038,139.2091547581681
2024-11-21 19:54:54+00:00,NKS3010,29.89375227588718,-95.24634866153492,1051.56,127.20792192178156,139.51964083314962
2024-11-21 19:54:55+00:00,NKS3010,29.89244881322828,-95.24440989774814,1059.18,127.20792192178156,139.51964083314962
2024-11-21 19:54:56+00:00,NKS3010,29.89169311523437,-95.24327791654144,1066.8,127.20792192178156,139.51964083314962
2024-11-21 19:54:57+00:00,NKS3010,29.891372680664062,-95.24274972768929,1066.8,127.0805429449994,139.92971366592215
2024-11-21 19:55:00+00:00,NKS3010,29.888671875,-95.23868267352763,1082.04,127.0805429449994,139.92971366592215
2024-11-21 19:55:03+00:00,NKS3010,29.8868408203125,-95.23588327261116,1089.66,127.24822084570329,140.24049159074104
2024-11-21 19:55:20+00:00,NKS3010,29.87322273900953,-95.21522073184742,1112.52,127.40535663140857,143.1245709177312
2024-11-21 19:55:28+00:00,NKS3010,29.867431640625,-95.20609342134912,1120.14,127.40535663140857,143.1245709177312
2024-11-21 19:55:59+00:00,NKS3010,29.84408103813559,-95.16799029181983,1379.22,125.12216371014443,148.43470174063165
2024-11-21 19:56:04+00:00,NKS3010,29.83978271484375,-95.1609860933744,1470.66,125.17010766536256,149.15150250639076
2024-11-21 19:56:10+00:00,NKS3010,29.835113525390625,-95.1532745361328,1569.72,125.05659698667031,149.5723259789507
2024-11-21 19:56:11+00:00,NKS3010,29.834305068193853,-95.1519416360294,1584.96,124.94372368329356,149.99373321192908
2024-11-21 19:56:12+00:00,NKS3010,29.833932650291317,-95.15134923598345,1592.5800000000002,124.94372368329356,149.99373321192908
2024-11-21 19:56:13+00:00,NKS3010,29.832733154296875,-95.14936593862676,1615.44,124.67031791098056,150.1224809504067
2024-11-21 19:56:14+00:00,NKS3010,29.832163665254235,-95.14838723575366,1623.0600000000002,124.5589416472285,150.5458641123018
2024-11-21 19:56:20+00:00,NKS3010,29.82769775390625,-95.14006981482872,1714.5,118.65711745655815,151.2544099378974
2024-11-21 19:56:25+00:00,NKS3010,29.82490539550781,-95.13278080866888,1790.7,118.65711745655815,151.2544099378974
2024-11-21 19:56:28+00:00,NKS3010,29.82411012811176,-95.12975356158093,1821.18,105.2723091554412,150.3840454222409
2024-11-21 19:56:34+00:00,NKS3010,29.82257390426377,-95.11935963350186,1920.24,105.2723091554412,150.3840454222409
2024-11-21 19:56:36+00:00,NKS3010,29.8223876953125,-95.1160372220553,1958.34,94.14177533049202,149.57940339427276
2024-11-21 19:56:38+00:00,NKS3010,29.822341918945312,-95.11434701772832,1973.58,91.96815264276202,149.79157035954734
2024-11-21 19:56:39+00:00,NKS3010,29.82229459083686,-95.1126816693474,1988.82,91.96815264276202,149.79157035954734
2024-11-21 19:56:40+00:00,NKS3010,29.822250366210938,-95.11117788461536,2004.06,91.37798324630496,149.74651003176427
2024-11-21 19:56:41+00:00,NKS3010,29.82220458984375,-95.10827284592848,2034.54,91.37798324630496,149.74651003176427
2024-11-21 19:56:47+00:00,NKS3010,29.82210838188559,-95.09889490464155,2118.36,91.37798324630496,149.74651003176427
2024-11-21 19:56:49+00:00,NKS3010,29.82210838188559,-95.09598675896144,2133.6,90.77684431897556,151.77493038254562
2024-11-21 19:56:51+00:00,NKS3010,29.822067260742188,-95.09417020357569,2148.84,90.77684431897556,151.77493038254562
2024-11-21 19:57:01+00:00,NKS3010,29.821792602539062,-95.07668715256912,2278.38,90.9548412538722,154.35463367832014
2024-11-21 19:57:02+00:00,NKS3010,29.821746826171875,-95.07541949932391,2293.62,90.9548412538722,154.35463367832014
2024-11-21 19:57:03+00:00,NKS3010,29.821701049804688,-95.07357083834135,2308.86,91.51741412501214,155.41658906302266
2024-11-21 19:57:04+00:00,NKS3010,29.8216552734375,-95.07203909067007,2316.48,91.51741412501214,155.41658906302266
2024-11-21 19:57:06+00:00,NKS3010,29.8215963072696,-95.0687363568474,2346.96,91.70135460532612,155.9452791568473
2024-11-21 19:57:07+00:00,NKS3010,29.821563720703125,-95.0673382098858,2362.2000000000003,91.70135460532612,155.9452791568473
2024-11-21 19:57:10+00:00,NKS3010,29.821410098318324,-95.06270464728864,2392.6800000000003,91.8840502310918,156.47556562334637
2024-11-21 19:57:11+00:00,NKS3010,29.82136354608051,-95.06119671989892,2407.92,91.87787744728536,156.98973242951274
2024-11-21 19:57:12+00:00,NKS3010,29.82131699384269,-95.05947337431064,2423.1600000000003,91.87787744728536,156.98973242951274
2024-11-21 19:57:13+00:00,NKS3010,29.82127044160487,-95.05780388327209,2430.78,92.0655099193032,157.00743228746165
2024-11-21 19:57:14+00:00,NKS3010,29.82122388936705,-95.05624210133271,2446.02,92.05876570499052,157.52154312951595
2024-11-21 19:57:15+00:00,NKS3010,29.821177337129235,-95.05462646484376,2453.6400000000003,92.05876570499052,157.52154312951595
2024-11-21 19:57:16+00:00,NKS3010,29.82113078489142,-95.05290311925552,2468.88,92.0520653704087,158.0356561398861
2024-11-21 19:57:17+00:00,NKS3010,29.821060180664062,-95.05133408766528,2476.5,92.23117460803124,158.56896603356245
2024-11-21 19:57:18+00:00,NKS3010,29.821014404296875,-95.04959106445312,2491.74,92.23117460803124,158.56896603356245
2024-11-21 19:57:19+00:00,NKS3010,29.820968627929688,-95.04790086012622,2506.98,92.23117460803124,158.56896603356245
2024-11-21 19:57:20+00:00,NKS3010,29.82089802370233,-95.04644057329966,2514.6,92.22396124038548,159.08302128489387
2024-11-21 19:57:21+00:00,NKS3010,29.820831298828125,-95.04489018366888,2529.84,92.40908137447224,159.10381509209137
2024-11-21 19:57:22+00:00,NKS3010,29.82080491922669,-95.04320930032168,2537.46,92.40908137447224,159.10381509209137
2024-11-21 19:57:24+00:00,NKS3010,29.82064819335937,-95.03971393291766,2567.94,92.40908137447224,159.10381509209137
2024-11-21 19:57:26+00:00,NKS3010,29.820525605799787,-95.03642362706802,2590.8,92.38594403038884,160.6457961632945
2024-11-21 19:57:27+00:00,NKS3010,29.820479053561968,-95.03486184512866,2598.42,92.38594403038884,160.6457961632945
2024-11-21 19:57:28+00:00,NKS3010,29.82041931152344,-95.03332284780646,2613.6600000000003,92.56104352896038,161.1819634423636
2024-11-21 19:57:29+00:00,NKS3010,29.82033939684852,-95.03179213579966,2621.28,92.56104352896038,161.1819634423636
2024-11-21 19:57:30+00:00,NKS3010,29.820292844610695,-95.03033806295956,2628.9,92.56104352896038,161.1819634423636
2024-11-21 19:57:31+00:00,NKS3010,29.820236206054688,-95.02856914813702,2644.1400000000003,92.55289814717176,161.69589524042874
2024-11-21 19:57:32+00:00,NKS3010,29.8201904296875,-95.02709021935097,2659.38,92.55289814717176,161.69589524042874
2024-11-21 19:57:33+00:00,NKS3010,29.820098876953125,-95.02540001502403,2667.0,92.55289814717176,161.69589524042874
2024-11-21 19:57:34+00:00,NKS3010,29.820053100585938,-95.02355135404144,2682.24,92.55289814717176,161.69589524042874
2024-11-21 19:59:12+00:00,NKS3010,29.7967529296875,-94.84544607309196,3489.96,100.33110484433968,200.80193217358345
2024-11-21 19:59:13+00:00,NKS3010,29.79638671875,-94.84317486102763,3497.5800000000004,100.33110484433968,200.80193217358345
2024-11-21 19:59:15+00:00,NKS3010,29.795700073242188,-94.83873807466948,3512.82,100.2527238727164,202.3204327195748
2024-11-21 19:59:17+00:00,NKS3010,29.795014979475635,-94.8346306295956,3535.6800000000003,100.22685770634136,202.8266828684441
2024-11-21 19:59:18+00:00,NKS3010,29.79468911381091,-94.83253030215992,3543.3,100.22685770634136,202.8266828684441
2024-11-21 19:59:19+00:00,NKS3010,29.79437255859375,-94.83044550969048,3558.54,100.20112034626028,203.33297414894383
2024-11-21 19:59:20+00:00,NKS3010,29.79403738248146,-94.82832964728864,3566.1600000000003,100.20112034626028,203.33297414894383
2024-11-21 19:59:21+00:00,NKS3010,29.79371151681673,-94.82622931985291,3573.78,100.20112034626028,203.33297414894383
2024-11-21 19:59:22+00:00,NKS3010,29.793365478515625,-94.8240016056941,3589.02,100.34372620460776,203.42471432194083
2024-11-21 19:59:23+00:00,NKS3010,29.793045043945312,-94.8221001258263,3604.26,100.31777421663172,203.93081864951208
2024-11-21 19:59:25+00:00,NKS3010,29.79236150192002,-94.8178280101103,3627.12,100.31777421663172,203.93081864951208
2024-11-21 19:59:26+00:00,NKS3010,29.79208218849311,-94.81588924632354,3634.74,100.31777421663172,203.93081864951208
2024-11-21 19:59:27+00:00,NKS3010,29.791763305664062,-94.81380756084737,3649.98,100.31777421663172,203.93081864951208
2024-11-21 19:59:28+00:00,NKS3010,29.791430457163663,-94.81179630055146,3657.6,100.31777421663172,203.93081864951208
2024-11-21 19:59:29+00:00,NKS3010,29.791168212890625,-94.810057419997,3672.84,100.1500282564655,204.3456788819064
2024-11-21 19:59:30+00:00,NKS3010,29.790778725834212,-94.80754179113052,3688.08,100.1500282564655,204.3456788819064
2024-11-21 19:59:34+00:00,NKS3010,29.789474487304688,-94.7993351862981,3733.8,100.1500282564655,204.3456788819064
2024-11-21 20:00:23+00:00,,29.77690615896451,-94.6963321461397,4320.54,91.99953925694868,206.41773018083643
2024-11-21 20:00:24+00:00,,29.77685960672669,-94.69401640050552,4328.16,91.99953925694868,206.41773018083643
2024-11-21 20:00:25+00:00,,29.77679443359375,-94.69179593599756,4343.400000000001,91.99953925694868,206.41773018083643
2024-11-21 20:00:26+00:00,,29.77670288085937,-94.6894719050481,4358.64,91.99953925694868,206.41773018083643
2024-11-21 20:00:28+00:00,,29.776580293299787,-94.68550738166364,4396.74,91.86611964332296,205.3720757683584
2024-11-21 20:00:31+00:00,,29.77642822265625,-94.67943631685694,4442.46,91.87080505847422,204.85790529043035
2024-11-21 20:00:35+00:00,,29.776153564453125,-94.67082683856673,4526.280000000001,91.87080505847422,204.85790529043035
2024-11-21 20:00:38+00:00,,29.77597045898437,-94.6646470289964,4579.62,92.1858008067756,202.323702909426
2024-11-21 20:01:29+00:00,,29.771896362304688,-94.56043536846455,5265.42,92.66988976200764,198.7911733015013
2024-11-21 20:16:53+00:00,,29.64977199748411,-92.3074520335478,10668.0,103.67728665414376,258.90489993977394
2024-11-21 20:17:04+00:00,,29.6429443359375,-92.27596576397237,10668.0,103.8983145588421,259.15011185567647
2024-11-21 20:17:05+00:00,,29.64239501953125,-92.27337763859676,10668.0,103.8983145588421,259.15011185567647
2024-11-21 20:17:27+00:00,,29.63021850585937,-92.21554095928488,10668.0,103.2664808465837,260.04622626915915
2024-11-21 20:17:29+00:00,,29.629623413085938,-92.21268873948316,10668.0,103.2664808465837,260.04622626915915
2024-11-21 20:17:30+00:00,,29.62863728151483,-92.20782111672791,10668.0,103.2664808465837,260.04622626915915
2024-11-21 20:17:31+00:00,,29.62806701660156,-92.20503000112676,10668.0,103.2664808465837,260.04622626915915
2024-11-21 20:17:32+00:00,,29.62779235839844,-92.2037623478816,10668.0,103.2664808465837,260.04622626915915
2024-11-21 20:17:33+00:00,,29.62701416015625,-92.199959388146,10668.0,103.2664808465837,260.04622626915915
2024-11-21 20:17:34+00:00,,29.62677519200212,-92.19871969784008,10668.0,103.2664808465837,260.04622626915915
2024-11-21 20:17:37+00:00,,29.625285520391948,-92.19155704273896,10668.0,103.2664808465837,260.04622626915915
2024-11-21 20:17:38+00:00,,29.62477344577595,-92.18907973345593,10668.0,103.2664808465837,260.04622626915915
2024-11-21 20:17:40+00:00,,29.62339782714844,-92.1824763371394,10668.0,103.2664808465837,260.04622626915915
2024-11-21 20:17:41+00:00,,29.622818251787603,-92.17954747817096,10668.0,103.2664808465837,260.04622626915915
2024-11-21 20:17:42+00:00,,29.622482299804688,-92.17803955078124,10668.0,103.2664808465837,260.04622626915915
2024-11-21 20:17:43+00:00,,29.6220268637447,-92.17572380514709,10668.0,103.2664808465837,260.04622626915915
2024-11-21 20:17:44+00:00,,29.62115478515625,-92.17154282789966,10668.0,103.2664808465837,260.04622626915915
2024-11-21 20:17:45+00:00,,29.620956162274894,-92.17044605928312,10668.0,103.2664808465837,260.04622626915915
2024-11-21 20:17:46+00:00,,29.62069702148437,-92.16921879695012,10668.0,103.2664808465837,260.04622626915915
2024-11-21 20:17:47+00:00,,29.61973571777344,-92.16446509728064,10668.0,103.2664808465837,260.04622626915915
2024-11-21 20:17:48+00:00,,29.619140625,-92.16172162224268,10668.0,103.2664808465837,260.04622626915915
2024-11-21 20:17:49+00:00,,29.618628550384003,-92.15924431295956,10668.0,103.2664808465837,260.04622626915915
2024-11-21 20:17:50+00:00,NKS3010,29.618133544921875,-92.15685917780952,10668.0,103.2664808465837,260.04622626915915
2024-11-21 20:17:51+00:00,NKS3010,29.617584228515625,-92.15411259577826,10668.0,103.2664808465837,260.04622626915915
2024-11-21 20:17:53+00:00,NKS3010,29.61644059520657,-92.14852725758271,10668.0,103.2664808465837,260.04622626915915
2024-11-21 20:17:54+00:00,NKS3010,29.61611472954184,-92.1469654756434,10668.0,103.2664808465837,260.04622626915915
2024-11-21 20:17:55+00:00,NKS3010,29.61557006835937,-92.14418264535756,10668.0,103.2664808465837,260.04622626915915
2024-11-21 20:17:56+00:00,NKS3010,29.61474609375,-92.14016841008112,10668.0,103.2664808465837,260.04622626915915
2024-11-21 20:17:57+00:00,NKS3010,29.61415100097656,-92.13736900916469,10668.0,103.2664808465837,260.04622626915915
2024-11-21 20:17:58+00:00,NKS3010,29.613926774364405,-92.13624842026655,10668.0,103.2664808465837,260.04622626915915
2024-11-21 20:17:59+00:00,NKS3010,29.61314392089844,-92.13240403395434,10668.0,103.2664808465837,260.04622626915915
2024-11-21 20:18:00+00:00,NKS3010,29.61264038085937,-92.13008000300482,10668.0,103.2664808465837,260.04622626915915
2024-11-21 20:18:01+00:00,NKS3010,29.61211123708951,-92.12741627412686,10668.0,103.2664808465837,260.04622626915915
2024-11-21 20:18:02+00:00,NKS3010,29.61150605799788,-92.1243465647978,10668.0,103.2405199151872,260.5469681967719
2024-11-21 20:18:03+00:00,NKS3010,29.610993983381885,-92.1218692555147,10668.0,103.2405199151872,260.5469681967719
2024-11-21 20:18:04+00:00,NKS3010,29.61044311523437,-92.11930495042066,10668.0,103.2405199151872,260.5469681967719
2024-11-21 20:18:05+00:00,NKS3010,29.609939575195312,-92.1167696439303,10668.0,103.2405199151872,260.5469681967719
2024-11-21 20:18:06+00:00,NKS3010,29.60943603515625,-92.11439279409552,10668.0,103.2405199151872,260.5469681967719
2024-11-21 20:18:07+00:00,NKS3010,29.608932495117188,-92.11185748760516,10668.0,103.2405199151872,260.5469681967719
2024-11-21 20:18:08+00:00,NKS3010,29.60870361328125,-92.11080110990082,10668.0,103.2405199151872,260.5469681967719
2024-11-21 20:18:09+00:00,NKS3010,29.60792153568591,-92.10695154526655,10668.0,103.2405199151872,260.5469681967719
2024-11-21 20:18:10+00:00,NKS3010,29.607362908832098,-92.1042049632353,10668.0,103.2405199151872,260.5469681967719
2024-11-21 20:18:11+00:00,NKS3010,29.60680428197828,-92.10161994485291,10668.0,103.2405199151872,260.5469681967719
2024-11-21 20:18:12+00:00,NKS3010,29.606231689453125,-92.09875840407152,10668.0,103.2405199151872,260.5469681967719
2024-11-21 20:18:13+00:00,NKS3010,29.60595703125,-92.09733229417066,10668.0,103.2405199151872,260.5469681967719
2024-11-21 20:18:15+00:00,NKS3010,29.604895640227756,-92.09230310776655,10668.0,103.2405199151872,260.5469681967719
2024-11-21 20:18:16+00:00,NKS3010,29.604080200195312,-92.08824744591344,10668.0,103.2405199151872,260.5469681967719
2024-11-21 20:18:17+00:00,NKS3010,29.603592177568853,-92.08600212545956,10668.0,103.2405199151872,260.5469681967719
2024-11-21 20:18:18+00:00,NKS3010,29.603073120117188,-92.08333528958832,10668.0,103.2664808465837,260.04622626915915
2024-11-21 20:18:19+00:00,NKS3010,29.60233526714777,-92.0797549977022,10668.0,103.2664808465837,260.04622626915915
2024-11-21 20:18:20+00:00,NKS3010,29.60211181640625,-92.07868722768929,10668.0,103.2664808465837,260.04622626915915
2024-11-21 20:18:21+00:00,NKS3010,29.601264565677965,-92.07463881548716,10668.0,103.2664808465837,260.04622626915915
2024-11-21 20:18:22+00:00,NKS3010,29.600705938824152,-92.07183837890624,10668.0,103.2664808465837,260.04622626915915
2024-11-21 20:18:23+00:00,NKS3010,29.600143432617188,-92.06912700946516,10668.0,103.2664808465837,260.04622626915915
2024-11-21 20:18:24+00:00,NKS3010,29.59991455078125,-92.06817626953124,10668.0,103.2664808465837,260.04622626915915
2024-11-21 20:18:25+00:00,NKS3010,29.599123162738348,-92.06424488740812,10668.0,103.2664808465837,260.04622626915915
2024-11-21 20:18:26+00:00,NKS3010,29.59858703613281,-92.0616267277644,10668.0,103.2664808465837,260.04622626915915
2024-11-21 20:18:27+00:00,NKS3010,29.59803771972656,-92.0589857835036,10668.0,103.37675282985144,260.1647629088525
2024-11-21 20:18:28+00:00,NKS3010,29.597442626953125,-92.05602792593146,10668.0,103.37675282985144,260.1647629088525
2024-11-21 20:18:29+00:00,NKS3010,29.59716796875,-92.05486591045673,10668.0,103.37675282985144,260.1647629088525
2024-11-21 20:18:30+00:00,NKS3010,29.596423132944917,-92.0511582318474,10668.0,103.37675282985144,260.1647629088525
2024-11-21 20:18:31+00:00,NKS3010,29.59614381951801,-92.04997343175552,10668.0,103.37675282985144,260.1647629088525
2024-11-21 20:18:32+00:00,NKS3010,29.595291137695312,-92.04578106219952,10668.0,103.37675282985144,260.1647629088525
2024-11-21 20:18:34+00:00,NKS3010,29.594284057617188,-92.0408160869892,10668.0,103.37675282985144,260.1647629088525
2024-11-21 20:18:35+00:00,NKS3010,29.593676550913663,-92.03801772173716,10668.0,103.37675282985144,260.1647629088525
2024-11-21 20:18:36+00:00,NKS3010,29.59336853027344,-92.03643211951623,10668.0,103.37675282985144,260.1647629088525
2024-11-21 20:18:37+00:00,NKS3010,29.592745506157307,-92.03354779411768,10668.0,103.37675282985144,260.1647629088525
2024-11-21 20:18:38+00:00,NKS3010,29.592233431541317,-92.03107048483456,10668.0,103.37675282985144,260.1647629088525
2024-11-21 20:18:39+00:00,NKS3010,29.59162825244968,-92.02805463005518,10668.0,103.37675282985144,260.1647629088525
2024-11-21 20:18:40+00:00,NKS3010,29.591033935546875,-92.02518169696516,10668.0,103.37675282985144,260.1647629088525
2024-11-21 20:18:41+00:00,NKS3010,29.590697207693324,-92.0236385569853,10668.0,103.37675282985144,260.1647629088525
2024-11-21 20:18:42+00:00,NKS3010,29.589998924126057,-92.02024572035845,10668.0,103.37675282985144,260.1647629088525
2024-11-21 20:18:43+00:00,NKS3010,29.5894775390625,-92.0176285963792,10668.0,103.37675282985144,260.1647629088525
2024-11-21 20:18:45+00:00,NKS3010,29.58860235699152,-92.01356775620404,10668.0,103.37675282985144,260.1647629088525
2024-11-21 20:18:46+00:00,NKS3010,29.587997177899894,-92.01060575597428,10668.0,103.35059190676152,260.66527712589254
2024-11-21 20:18:47+00:00,NKS3010,29.587234497070312,-92.00685354379505,10668.0,103.35059190676152,260.66527712589254
2024-11-21 20:18:48+00:00,NKS3010,29.586685180664062,-92.00426541841944,10668.0,103.35059190676152,260.66527712589254
2024-11-21 20:18:49+00:00,NKS3010,29.586090087890625,-92.00157165527344,10668.0,103.35059190676152,260.66527712589254
2024-11-21 20:18:50+00:00,NKS3010,29.58554077148437,-91.99887789212738,10668.0,103.46056362081453,260.78454721659665
2024-11-21 20:18:51+00:00,NKS3010,29.58526611328125,-91.9976102388822,10668.0,103.46056362081453,260.78454721659665
2024-11-21 20:18:52+00:00,NKS3010,29.584487915039062,-91.9937544602614,10668.0,103.46056362081453,260.78454721659665
2024-11-21 20:18:53+00:00,NKS3010,29.58416748046875,-91.99227553147534,10668.0,103.46056362081453,260.78454721659665
2024-11-21 20:18:54+00:00,NKS3010,29.583528163069385,-91.98911779067096,10668.0,103.46056362081453,260.78454721659665
2024-11-21 20:18:55+00:00,NKS3010,29.58296953621557,-91.98653277228864,10668.0,103.46056362081453,260.78454721659665
2024-11-21 20:18:57+00:00,NKS3010,29.58187866210937,-91.98128920335034,10668.0,103.46056362081453,260.78454721659665
2024-11-21 20:18:58+00:00,NKS3010,29.581283569335938,-91.9784898024339,10668.0,103.46056362081453,260.78454721659665
2024-11-21 20:18:59+00:00,NKS3010,29.58073502880032,-91.97586957146144,10668.0,103.46056362081453,260.78454721659665
2024-11-21 20:19:00+00:00,NKS3010,29.58045959472656,-91.97463402381312,10668.0,103.46056362081453,260.78454721659665
2024-11-21 20:19:01+00:00,NKS3010,29.57958984375,-91.97030287522534,10668.0,103.46056362081453,260.78454721659665
2024-11-21 20:19:02+00:00,NKS3010,29.57933846166578,-91.96924546185664,10668.0,103.46056362081453,260.78454721659665
2024-11-21 20:19:03+00:00,NKS3010,29.578536987304688,-91.9653907189002,10668.0,103.46056362081453,260.78454721659665
2024-11-21 20:19:04+00:00,NKS3010,29.578034999006885,-91.96299833409928,10668.0,103.46056362081453,260.78454721659665
2024-11-21 20:19:05+00:00,NKS3010,29.577438354492188,-91.9600560114934,10668.0,103.46056362081453,260.78454721659665
2024-11-21 20:19:06+00:00,NKS3010,29.577150506488348,-91.95874382467832,10668.0,103.46056362081453,260.78454721659665
2024-11-21 20:19:07+00:00,NKS3010,29.576266013969807,-91.95448931525738,10668.0,103.46056362081453,260.78454721659665
2024-11-21 20:19:08+00:00,NKS3010,29.575973510742188,-91.95303109975958,10668.0,103.46056362081453,260.78454721659665
2024-11-21 20:19:09+00:00,NKS3010,29.575653076171875,-91.95165780874396,10668.0,103.46056362081453,260.78454721659665
2024-11-21 20:19:10+00:00,NKS3010,29.574737548828125,-91.94732666015624,10668.0,103.48692396667197,260.28426235035107
2024-11-21 20:19:11+00:00,NKS3010,29.57417116326801,-91.944580078125,10668.0,103.48692396667197,260.28426235035107
2024-11-21 20:19:12+00:00,NKS3010,29.573638916015625,-91.94209759051984,10668.0,103.48692396667197,260.28426235035107
2024-11-21 20:19:13+00:00,NKS3010,29.573043823242188,-91.9391397329477,10668.0,103.48692396667197,260.28426235035107
2024-11-21 20:19:14+00:00,NKS3010,29.57249528270657,-91.93650189568018,10668.0,103.48692396667197,260.28426235035107
2024-11-21 20:19:15+00:00,NKS3010,29.571990966796875,-91.93406911996692,10668.0,103.48692396667197,260.28426235035107
2024-11-21 20:19:16+00:00,NKS3010,29.57142458123676,-91.93154727711396,10668.0,103.48692396667197,260.28426235035107
2024-11-21 20:19:17+00:00,NKS3010,29.57098388671875,-91.92926260141223,10668.0,103.48692396667197,260.28426235035107
2024-11-21 20:19:18+00:00,NKS3010,29.570353879766948,-91.92637724034928,10668.0,103.48692396667197,260.28426235035107
2024-11-21 20:19:19+00:00,NKS3010,29.56993490962659,-91.92427691291364,10668.0,103.48692396667197,260.28426235035107
2024-11-21 20:19:20+00:00,NKS3010,29.569381713867188,-91.9217095008263,10668.0,103.48692396667197,260.28426235035107
2024-11-21 20:19:21+00:00,NKS3010,29.56878662109375,-91.91896291879505,10668.0,103.59699358176204,260.4047232681688
2024-11-21 20:19:22+00:00,NKS3010,29.56853834249205,-91.91770665785845,10668.0,103.48692396667197,260.28426235035107
2024-11-21 20:19:23+00:00,NKS3010,29.56773376464844,-91.91394512469952,10668.0,103.59699358176204,260.4047232681688
2024-11-21 20:19:24+00:00,NKS3010,29.56714177535752,-91.91119025735291,10668.0,103.59699358176204,260.4047232681688
2024-11-21 20:19:25+00:00,NKS3010,29.566680908203125,-91.9088216928335,10668.0,103.59699358176204,260.4047232681688
2024-11-21 20:19:26+00:00,NKS3010,29.56639693955244,-91.9076358570772,10668.0,103.59699358176204,260.4047232681688
2024-11-21 20:19:27+00:00,NKS3010,29.5653076171875,-91.90243060772237,10668.0,103.59699358176204,260.4047232681688
2024-11-21 20:19:28+00:00,NKS3010,29.56503295898437,-91.90111013559192,10668.0,103.59699358176204,260.4047232681688
2024-11-21 20:19:29+00:00,NKS3010,29.564254760742188,-91.89730717585638,10668.0,103.59699358176204,260.4047232681688
2024-11-21 20:19:30+00:00,NKS3010,29.56365966796875,-91.89445495605467,10668.0,103.59699358176204,260.4047232681688
2024-11-21 20:19:32+00:00,NKS3010,29.562515258789062,-91.88917306753302,10668.0,103.59699358176204,260.4047232681688
2024-11-21 20:19:33+00:00,NKS3010,29.56201171875,-91.8868490365835,10668.0,103.59699358176204,260.4047232681688
2024-11-21 20:19:34+00:00,NKS3010,29.561508178710938,-91.88436654897832,10668.0,103.59699358176204,260.4047232681688
2024-11-21 20:19:36+00:00,NKS3010,29.56062446206303,-91.88027774586396,10668.0,103.59699358176204,260.4047232681688
2024-11-21 20:19:37+00:00,NKS3010,29.560089111328125,-91.87760573167066,10668.0,103.59699358176204,260.4047232681688
2024-11-21 20:19:38+00:00,NKS3010,29.559494018554688,-91.8748591496394,10668.0,103.59699358176204,260.4047232681688
2024-11-21 20:19:39+00:00,NKS3010,29.5587158203125,-91.87116182767426,10668.0,103.59699358176204,260.4047232681688
2024-11-21 20:19:40+00:00,NKS3010,29.55838995464777,-91.86972225413604,10668.0,103.59699358176204,260.4047232681688
2024-11-21 20:19:41+00:00,NKS3010,29.557784775556144,-91.86665254480698,10668.0,103.59699358176204,260.4047232681688
2024-11-21 20:19:42+00:00,NKS3010,29.55713304422669,-91.8636366900276,10668.0,103.48692396667197,260.28426235035107
2024-11-21 20:19:43+00:00,NKS3010,29.556900283037603,-91.86255959903492,10668.0,103.48692396667197,260.28426235035107
2024-11-21 20:19:44+00:00,NKS3010,29.556060791015625,-91.85848529522237,10668.0,103.48692396667197,260.28426235035107
2024-11-21 20:19:45+00:00,NKS3010,29.5557861328125,-91.85721764197716,10668.0,103.48692396667197,260.28426235035107
2024-11-21 20:19:46+00:00,NKS3010,29.55489853681144,-91.85291963465072,10668.0,103.48692396667197,260.28426235035107
2024-11-21 20:19:47+00:00,NKS3010,29.55466577562235,-91.85178868910845,10668.0,103.48692396667197,260.28426235035107
2024-11-21 20:19:48+00:00,NKS3010,29.553874387579448,-91.84796501608456,10668.0,103.48692396667197,260.28426235035107
2024-11-21 20:19:49+00:00,NKS3010,29.55322265625,-91.84494916130518,10668.0,103.48692396667197,260.28426235035107
2024-11-21 20:19:50+00:00,NKS3010,29.552902221679688,-91.84348473182092,10668.0,103.48692396667197,260.28426235035107
2024-11-21 20:19:51+00:00,NKS3010,29.552398681640625,-91.84100224421576,10668.0,103.48692396667197,260.28426235035107
2024-11-21 20:19:52+00:00,NKS3010,29.551593327926376,-91.83708639705884,10668.0,103.37675282985144,260.1647629088525
2024-11-21 20:19:53+00:00,NKS3010,29.551254272460938,-91.83550908015326,10668.0,103.37675282985144,260.1647629088525
2024-11-21 20:19:54+00:00,NKS3010,29.550750732421875,-91.83318504920372,10668.0,103.37675282985144,260.1647629088525
2024-11-21 20:19:55+00:00,NKS3010,29.55047607421875,-91.83170612041766,10668.0,103.37675282985144,260.1647629088525
2024-11-21 20:19:56+00:00,NKS3010,29.549468994140625,-91.82695242074816,10668.0,103.37675282985144,260.1647629088525
2024-11-21 20:19:57+00:00,NKS3010,29.54921916379767,-91.82566923253675,10668.0,103.37675282985144,260.1647629088525
2024-11-21 20:19:58+00:00,NKS3010,29.548324584960938,-91.82145925668569,10668.0,103.37675282985144,260.1647629088525
2024-11-21 20:19:59+00:00,NKS3010,29.54810191009004,-91.8203914866728,10668.0,103.37675282985144,260.1647629088525
2024-11-21 20:20:00+00:00,NKS3010,29.54731750488281,-91.8165471003606,10668.0,103.37675282985144,260.1647629088525
2024-11-21 20:20:02+00:00,NKS3010,29.54614671610169,-91.81102079503675,10668.0,103.37675282985144,260.1647629088525
2024-11-21 20:20:03+00:00,NKS3010,29.5458984375,-91.80973346416766,10668.0,103.37675282985144,260.1647629088525
2024-11-21 20:20:04+00:00,NKS3010,29.545541537010063,-91.80822035845593,10668.0,103.48692396667197,260.28426235035107
2024-11-21 20:20:06+00:00,NKS3010,29.54409841763771,-91.80127312155332,10668.0,103.48692396667197,260.28426235035107
2024-11-21 20:20:07+00:00,NKS3010,29.543586343021715,-91.79863424862134,10668.0,103.48692396667197,260.28426235035107
2024-11-21 20:20:08+00:00,NKS3010,29.542981163930083,-91.79599537568936,10668.0,103.48692396667197,260.28426235035107
2024-11-21 20:20:09+00:00,NKS3010,29.542465209960938,-91.793465247521,10668.0,103.48692396667197,260.28426235035107
2024-11-21 20:20:10+00:00,NKS3010,29.5418701171875,-91.79050738994891,10668.0,103.48692396667197,260.28426235035107
2024-11-21 20:20:11+00:00,NKS3010,29.541275024414062,-91.78776080791766,10668.0,103.48692396667197,260.28426235035107
2024-11-21 20:20:12+00:00,NKS3010,29.540771484375,-91.78522550142723,10668.0,103.48692396667197,260.28426235035107
2024-11-21 20:20:13+00:00,NKS3010,29.540313720703125,-91.78305992713342,10668.0,103.48692396667197,260.28426235035107
2024-11-21 20:20:14+00:00,NKS3010,29.5396294028072,-91.77994671989892,10668.0,103.48692396667197,260.28426235035107
2024-11-21 20:20:15+00:00,NKS3010,29.539350089380296,-91.77854650160845,10668.0,103.48692396667197,260.28426235035107
2024-11-21 20:20:16+00:00,NKS3010,29.53846559686176,-91.77439970128675,10668.0,103.48692396667197,260.28426235035107
2024-11-21 20:20:17+00:00,NKS3010,29.538162231445312,-91.77297152005708,10668.0,103.48692396667197,260.28426235035107
2024-11-21 20:20:18+00:00,NKS3010,29.53762765658104,-91.77041446461396,10668.0,103.59699358176204,260.4047232681688
2024-11-21 20:20:19+00:00,NKS3010,29.53706359863281,-91.76774245042066,10668.0,103.59699358176204,260.4047232681688
2024-11-21 20:20:20+00:00,NKS3010,29.53627764168432,-91.76400577320771,10668.0,103.59699358176204,260.4047232681688
2024-11-21 20:20:21+00:00,NKS3010,29.53573608398437,-91.76129854642426,10668.0,103.59699358176204,260.4047232681688
2024-11-21 20:20:22+00:00,NKS3010,29.53539314916578,-91.75985897288604,10668.0,103.59699358176204,260.4047232681688
2024-11-21 20:20:23+00:00,NKS3010,29.53460176112288,-91.75608915441175,10668.0,103.59699358176204,260.4047232681688
2024-11-21 20:20:24+00:00,NKS3010,29.534275895458155,-91.75458122702209,10668.0,103.59699358176204,260.4047232681688
2024-11-21 20:20:25+00:00,NKS3010,29.533493041992188,-91.75084040715144,10668.0,103.59699358176204,260.4047232681688
2024-11-21 20:20:26+00:00,NKS3010,29.53292588056144,-91.74817253561582,10668.0,103.59699358176204,260.4047232681688
2024-11-21 20:20:27+00:00,NKS3010,29.53246035818326,-91.74585678998164,10668.0,103.59699358176204,260.4047232681688
2024-11-21 20:20:28+00:00,NKS3010,29.531890869140625,-91.74312884990984,10668.0,103.59699358176204,260.4047232681688
2024-11-21 20:20:29+00:00,NKS3010,29.531575865664724,-91.74181769875918,10668.0,103.59699358176204,260.4047232681688
2024-11-21 20:20:30+00:00,NKS3010,29.530838012695312,-91.73816387469952,10668.0,103.59699358176204,260.4047232681688
2024-11-21 20:20:31+00:00,NKS3010,29.53033447265625,-91.73583984375,10668.0,103.59699358176204,260.4047232681688
2024-11-21 20:20:32+00:00,NKS3010,29.52976032838983,-91.7331471162684,10668.0,103.59699358176204,260.4047232681688
2024-11-21 20:20:33+00:00,NKS3010,29.529201701536017,-91.73050824333644,10668.0,103.59699358176204,260.4047232681688
2024-11-21 20:20:34+00:00,NKS3010,29.528640747070312,-91.72775855431188,10668.0,103.59699358176204,260.4047232681688
2024-11-21 20:20:35+00:00,NKS3010,29.528045654296875,-91.72501197228064,10668.0,103.59699358176204,260.4047232681688
2024-11-21 20:20:36+00:00,NKS3010,29.527496337890625,-91.72231820913458,10668.0,103.59699358176204,260.4047232681688
2024-11-21 20:20:37+00:00,NKS3010,29.526920641882946,-91.71957576976104,10668.0,103.59699358176204,260.4047232681688
2024-11-21 20:20:38+00:00,NKS3010,29.526594776218214,-91.71812169692096,10668.0,103.59699358176204,260.4047232681688
2024-11-21 20:20:39+00:00,NKS3010,29.52612925384004,-91.71591366038604,10668.0,103.59699358176204,260.4047232681688
2024-11-21 20:20:40+00:00,NKS3010,29.525619506835938,-91.71344463641827,10668.0,103.59699358176204,260.4047232681688
2024-11-21 20:20:41+00:00,NKS3010,29.52484130859375,-91.70985295222356,10668.0,103.59699358176204,260.4047232681688
2024-11-21 20:20:42+00:00,NKS3010,29.524360268802965,-91.7075123506434,10668.0,103.59699358176204,260.4047232681688
2024-11-21 20:20:43+00:00,NKS3010,29.523651123046875,-91.70409569373498,10668.0,103.59699358176204,260.4047232681688
2024-11-21 20:20:44+00:00,NKS3010,29.52333611957097,-91.70266544117646,10668.0,103.59699358176204,260.4047232681688
2024-11-21 20:20:46+00:00,NKS3010,29.522032656912074,-91.6965260225184,10668.0,103.59699358176204,260.4047232681688
2024-11-21 20:20:48+00:00,NKS3010,29.52128782110699,-91.69297162224268,10668.0,103.59699358176204,260.4047232681688
2024-11-21 20:20:49+00:00,NKS3010,29.520492553710938,-91.68914794921876,10668.0,103.59699358176204,260.4047232681688
2024-11-21 20:20:50+00:00,NKS3010,29.51998435844809,-91.68677834903492,10668.0,103.59699358176204,260.4047232681688
2024-11-21 20:20:51+00:00,NKS3010,29.51942573159428,-91.6841933306526,10668.0,103.59699358176204,260.4047232681688
2024-11-21 20:20:52+00:00,NKS3010,29.51891365697828,-91.68176987591914,10668.0,103.59699358176204,260.4047232681688
2024-11-21 20:20:53+00:00,NKS3010,29.518401582362287,-91.6794002757353,10668.0,103.59699358176204,260.4047232681688
2024-11-21 20:20:54+00:00,NKS3010,29.51788330078125,-91.67678833007812,10668.0,103.59699358176204,260.4047232681688
2024-11-21 20:20:55+00:00,NKS3010,29.51733088089248,-91.67412252987134,10668.0,103.59699358176204,260.4047232681688
2024-11-21 20:20:57+00:00,NKS3010,29.5162353515625,-91.6690239539513,10668.0,103.59699358176204,260.4047232681688
2024-11-21 20:20:58+00:00,NKS3010,29.515365600585938,-91.66500971867488,10668.0,103.59699358176204,260.4047232681688
2024-11-21 20:20:59+00:00,NKS3010,29.51513671875,-91.66374206542967,10668.0,103.48692396667197,260.28426235035107
2024-11-21 20:21:00+00:00,NKS3010,29.51454162597656,-91.6609426645132,10668.0,103.48692396667197,260.28426235035107
2024-11-21 20:21:01+00:00,NKS3010,29.514025672007413,-91.6586124195772,10668.0,103.48692396667197,260.28426235035107
2024-11-21 20:21:02+00:00,NKS3010,29.51323428396451,-91.65468103745404,10668.0,103.48692396667197,260.28426235035107
2024-11-21 20:21:07+00:00,NKS3010,29.51055908203125,-91.64208632249095,10668.0,103.59699358176204,260.4047232681688
2024-11-21 20:21:08+00:00,NKS3010,29.510022179555083,-91.63960176355698,10668.0,103.59699358176204,260.4047232681688
2024-11-21 20:21:09+00:00,NKS3010,29.509780883789062,-91.63838900052582,10668.0,103.59699358176204,260.4047232681688
2024-11-21 20:21:11+00:00,NKS3010,29.508672164658368,-91.63308536305146,10668.0,103.59699358176204,260.4047232681688
2024-11-21 20:21:15+00:00,NKS3010,29.506118774414062,-91.62117004394533,10668.0,103.62365497184445,259.90472555521364
2024-11-21 20:21:16+00:00,NKS3010,29.505615234375,-91.6185819185697,10668.0,103.62365497184445,259.90472555521364
2024-11-21 20:21:17+00:00,NKS3010,29.505340576171875,-91.61731426532452,10668.0,103.62365497184445,259.90472555521364
2024-11-21 20:21:19+00:00,NKS3010,29.50401694087659,-91.61105885225186,10668.0,103.62365497184445,259.90472555521364
2024-11-21 20:21:20+00:00,NKS3010,29.50341796875,-91.60817659818208,10668.0,103.62365497184445,259.90472555521364
2024-11-21 20:21:22+00:00,NKS3010,29.5023193359375,-91.6030531663161,10668.0,103.62365497184445,259.90472555521364
2024-11-21 20:21:23+00:00,NKS3010,29.501998901367188,-91.60157423753004,10668.0,103.62365497184445,259.90472555521364
2024-11-21 20:21:26+00:00,NKS3010,29.49996689618644,-91.59204819623164,10668.0,103.62365497184445,259.90472555521364
2024-11-21 20:21:27+00:00,NKS3010,29.49971008300781,-91.59074636606069,10668.0,103.62365497184445,259.90472555521364
2024-11-21 20:21:28+00:00,NKS3010,29.498931884765625,-91.58720750075122,10668.0,103.62365497184445,259.90472555521364
2024-11-21 20:21:29+00:00,NKS3010,29.49838256835937,-91.58456655649036,10668.0,103.62365497184445,259.90472555521364
2024-11-21 20:21:30+00:00,NKS3010,29.497879028320312,-91.58213688777045,10668.0,103.62365497184445,259.90472555521364
2024-11-21 20:21:31+00:00,NKS3010,29.497329711914062,-91.57960158128004,10668.0,103.62365497184445,259.90472555521364
2024-11-21 20:21:32+00:00,NKS3010,29.49678039550781,-91.57685499924878,10668.0,103.62365497184445,259.90472555521364
2024-11-21 20:21:33+00:00,NKS3010,29.496242717161017,-91.5743839039522,10668.0,103.62365497184445,259.90472555521364
2024-11-21 20:21:34+00:00,NKS3010,29.49559098583157,-91.5714219037224,10668.0,103.51338583496673,259.7840327903655
2024-11-21 20:21:35+00:00,NKS3010,29.49507891121557,-91.5688907398897,10668.0,103.51338583496673,259.7840327903655
2024-11-21 20:21:36+00:00,NKS3010,29.49449157714844,-91.56618558443506,10668.0,103.51338583496673,259.7840327903655
2024-11-21 20:21:37+00:00,NKS3010,29.494216918945312,-91.56470665564903,10668.0,103.51338583496673,259.7840327903655
2024-11-21 20:21:38+00:00,NKS3010,29.493449582891948,-91.56118953929229,10668.0,103.51338583496673,259.7840327903655
2024-11-21 20:21:39+00:00,NKS3010,29.49293750827595,-91.55876608455884,10668.0,103.51338583496673,259.7840327903655
2024-11-21 20:21:40+00:00,NKS3010,29.492378881422137,-91.5560733570772,10668.0,103.51338583496673,259.7840327903655
2024-11-21 20:21:41+00:00,NKS3010,29.491866806806144,-91.55364990234376,10668.0,103.51338583496673,259.7840327903655
2024-11-21 20:21:42+00:00,NKS3010,29.491195678710938,-91.55033991887018,10668.0,103.51338583496673,259.7840327903655
2024-11-21 20:21:43+00:00,NKS3010,29.490889209811968,-91.5490184110754,10668.0,103.51338583496673,259.7840327903655
2024-11-21 20:21:45+00:00,NKS3010,29.489501953125,-91.54241708608772,10668.0,103.51338583496673,259.7840327903655
2024-11-21 20:21:47+00:00,NKS3010,29.48863220214844,-91.53840285081128,10675.62,103.51338583496673,259.7840327903655
2024-11-21 20:21:48+00:00,NKS3010,29.48814262778072,-91.53587790096508,10668.0,103.51338583496673,259.7840327903655
2024-11-21 20:21:49+00:00,NKS3010,29.487630553164724,-91.53356215533093,10668.0,103.51338583496673,259.7840327903655
2024-11-21 20:21:50+00:00,NKS3010,29.48707192631091,-91.53097713694854,10675.62,103.62365497184445,259.90472555521364
2024-11-21 20:21:51+00:00,NKS3010,29.486792612884003,-91.52946920955884,10675.62,103.62365497184445,259.90472555521364
2024-11-21 20:21:52+00:00,NKS3010,29.48597717285156,-91.52577913724456,10668.0,103.62365497184445,259.90472555521364
2024-11-21 20:21:53+00:00,NKS3010,29.48534949351165,-91.52268353630518,10675.62,103.62365497184445,259.90472555521364
2024-11-21 20:21:54+00:00,NKS3010,29.484832763671875,-91.52023315429688,10675.62,103.650419134757,259.40478433665885
2024-11-21 20:21:55+00:00,NKS3010,29.48427879204184,-91.51778277228864,10675.62,103.650419134757,259.40478433665885
2024-11-21 20:21:56+00:00,NKS3010,29.48395292637712,-91.51627484489892,10668.0,103.650419134757,259.40478433665885
2024-11-21 20:21:57+00:00,NKS3010,29.483184814453125,-91.51257441594048,10675.62,103.650419134757,259.40478433665885
2024-11-21 20:21:58+00:00,NKS3010,29.482635498046875,-91.51003910945012,10675.62,103.650419134757,259.40478433665885
2024-11-21 20:21:59+00:00,NKS3010,29.482086181640625,-91.50745098407452,10675.62,103.650419134757,259.40478433665885
2024-11-21 20:22:00+00:00,NKS3010,29.48134600105932,-91.50383444393384,10675.62,103.650419134757,259.40478433665885
2024-11-21 20:22:01+00:00,NKS3010,29.481113239870236,-91.50281120749082,10675.62,103.650419134757,259.40478433665885
2024-11-21 20:22:02+00:00,NKS3010,29.480484008789062,-91.49979224571814,10675.62,103.650419134757,259.40478433665885
2024-11-21 20:22:03+00:00,NKS3010,29.479888916015625,-91.49709848257208,10675.62,103.650419134757,259.40478433665885
2024-11-21 20:22:04+00:00,NKS3010,29.479111493644066,-91.4934405158548,10675.62,103.650419134757,259.40478433665885
2024-11-21 20:22:05+00:00,NKS3010,29.478790283203125,-91.49192223182092,10675.62,103.650419134757,259.40478433665885
2024-11-21 20:22:06+00:00,NKS3010,29.478459762314618,-91.49037080652572,10668.0,103.650419134757,259.40478433665885
2024-11-21 20:22:07+00:00,NKS3010,29.477554321289062,-91.48605933556188,10675.62,103.650419134757,259.40478433665885
2024-11-21 20:22:08+00:00,NKS3010,29.477016642942267,-91.48342356962314,10668.0,103.650419134757,259.40478433665885
2024-11-21 20:22:09+00:00,NKS3010,29.47645801608845,-91.48083855124082,10668.0,103.650419134757,259.40478433665885
2024-11-21 20:22:10+00:00,NKS3010,29.475992493710272,-91.47868436925552,10668.0,103.650419134757,259.40478433665885
2024-11-21 20:22:11+00:00,NKS3010,29.475357055664062,-91.47570683405952,10675.62,103.650419134757,259.40478433665885
2024-11-21 20:22:12+00:00,NKS3010,29.474899291992188,-91.47348844088036,10675.62,103.650419134757,259.40478433665885
2024-11-21 20:22:13+00:00,NKS3010,29.4742235086732,-91.47049847771144,10668.0,103.76078511179124,259.5266732247612
2024-11-21 20:22:14+00:00,NKS3010,29.47361832958157,-91.46764418658093,10668.0,103.76078511179124,259.5266732247612
2024-11-21 20:22:15+00:00,NKS3010,29.473114013671875,-91.46530151367188,10668.0,103.650419134757,259.40478433665885
2024-11-21 20:22:16+00:00,NKS3010,29.47283935546875,-91.46392822265624,10668.0,103.650419134757,259.40478433665885
2024-11-21 20:22:17+00:00,NKS3010,29.471942449020126,-91.4596737132353,10668.0,103.650419134757,259.40478433665885
2024-11-21 20:22:18+00:00,NKS3010,29.47137451171875,-91.45716740534856,10668.0,103.650419134757,259.40478433665885
2024-11-21 20:22:19+00:00,NKS3010,29.4708251953125,-91.45447364220252,10668.0,103.650419134757,259.40478433665885
2024-11-21 20:22:20+00:00,NKS3010,29.47032165527344,-91.45225524902344,10668.0,103.650419134757,259.40478433665885
2024-11-21 20:22:21+00:00,NKS3010,29.46980104608051,-91.44965676700366,10668.0,103.650419134757,259.40478433665885
2024-11-21 20:22:22+00:00,NKS3010,29.46917724609375,-91.44681490384612,10668.0,103.650419134757,259.40478433665885
2024-11-21 20:22:23+00:00,NKS3010,29.46868379237288,-91.44454058478864,10668.0,103.650419134757,259.40478433665885
2024-11-21 20:22:24+00:00,NKS3010,29.468171717756885,-91.44200942095593,10668.0,103.76078511179124,259.5266732247612
2024-11-21 20:22:25+00:00,NKS3010,29.467575073242188,-91.43931462214545,10668.0,103.76078511179124,259.5266732247612
2024-11-21 20:22:26+00:00,NKS3010,29.467025756835938,-91.43667367788458,10668.0,103.76078511179124,259.5266732247612
2024-11-21 20:22:27+00:00,NKS3010,29.466449284957623,-91.43414665670956,10668.0,103.76078511179124,259.5266732247612
2024-11-21 20:22:28+00:00,NKS3010,29.46593721034163,-91.43161549287686,10668.0,103.76078511179124,259.5266732247612
2024-11-21 20:22:29+00:00,NKS3010,29.465378583487816,-91.42903047449448,10668.0,103.76078511179124,259.5266732247612
2024-11-21 20:22:30+00:00,NKS3010,29.464726852158368,-91.42601461971508,10668.0,103.76078511179124,259.5266732247612
2024-11-21 20:22:31+00:00,NKS3010,29.464168225304554,-91.42342960133271,10668.0,103.76078511179124,259.5266732247612
2024-11-21 20:22:32+00:00,NKS3010,29.4638671875,-91.42199002779444,10668.0,103.76078511179124,259.5266732247612
2024-11-21 20:22:33+00:00,NKS3010,29.463283732786017,-91.41922894646144,10668.0,103.76078511179124,259.5266732247612
2024-11-21 20:22:34+00:00,NKS3010,29.462448120117188,-91.41544048602763,10668.0,103.78785291632678,259.02702405576883
2024-11-21 20:22:35+00:00,NKS3010,29.4619337178893,-91.41298181870404,10668.0,103.78785291632678,259.02702405576883
2024-11-21 20:22:36+00:00,NKS3010,29.461654404462397,-91.41152774586396,10668.0,103.78785291632678,259.02702405576883
2024-11-21 20:22:37+00:00,NKS3010,29.460845947265625,-91.40788738544173,10668.0,103.78785291632678,259.02702405576883
2024-11-21 20:22:38+00:00,NKS3010,29.4605712890625,-91.40656691331128,10668.0,103.78785291632678,259.02702405576883
2024-11-21 20:22:39+00:00,NKS3010,29.45993197166313,-91.40366498161768,10668.0,103.78785291632678,259.02702405576883
2024-11-21 20:22:40+00:00,NKS3010,29.459419897047137,-91.40129538143384,10668.0,103.78785291632678,259.02702405576883
2024-11-21 20:22:41+00:00,NKS3010,29.45883178710937,-91.39843280498798,10668.0,103.78785291632678,259.02702405576883
2024-11-21 20:22:42+00:00,NKS3010,29.45825609110169,-91.39580221737134,10668.0,103.78785291632678,259.02702405576883
2024-11-21 20:22:43+00:00,NKS3010,29.457504272460938,-91.39230581430286,10668.0,103.78785291632678,259.02702405576883
2024-11-21 20:22:44+00:00,NKS3010,29.45727849410752,-91.39117072610291,10668.0,103.78785291632678,259.02702405576883
2024-11-21 20:22:45+00:00,NKS3010,29.456451416015625,-91.38739365797778,10668.0,103.78785291632678,259.02702405576883
2024-11-21 20:22:46+00:00,NKS3010,29.45594787597656,-91.38512244591344,10668.0,103.78785291632678,259.02702405576883
2024-11-21 20:22:47+00:00,NKS3010,29.455398559570312,-91.3824286827674,10668.0,103.78785291632678,259.02702405576883
2024-11-21 20:22:48+00:00,NKS3010,29.454904329978813,-91.3802921070772,10668.0,103.78785291632678,259.02702405576883
2024-11-21 20:22:49+00:00,NKS3010,29.454345703125,-91.37762216421272,10668.0,103.78785291632678,259.02702405576883
2024-11-21 20:22:50+00:00,NKS3010,29.45370483398437,-91.37471712552582,10668.0,103.78785291632678,259.02702405576883
2024-11-21 20:22:51+00:00,NKS3010,29.453181897179554,-91.37226777918198,10668.0,103.78785291632678,259.02702405576883
2024-11-21 20:22:52+00:00,NKS3010,29.45290258375265,-91.37081370634188,10668.0,103.78785291632678,259.02702405576883
2024-11-21 20:22:53+00:00,NKS3010,29.452377319335938,-91.36837885929988,10668.0,103.78785291632678,259.02702405576883
2024-11-21 20:22:54+00:00,NKS3010,29.451273255429022,-91.36343563304229,10668.0,103.78785291632678,259.02702405576883
2024-11-21 20:22:55+00:00,NKS3010,29.4510498046875,-91.3623575063852,10668.0,103.78785291632678,259.02702405576883
2024-11-21 20:22:56+00:00,NKS3010,29.450454711914062,-91.35955810546876,10668.0,103.78785291632678,259.02702405576883
2024-11-21 20:22:57+00:00,NKS3010,29.44987668829449,-91.3568115234375,10668.0,103.78785291632678,259.02702405576883
2024-11-21 20:22:58+00:00,NKS3010,29.44931030273437,-91.35422339806188,10668.0,103.78785291632678,259.02702405576883
2024-11-21 20:22:59+00:00,NKS3010,29.4488525390625,-91.35195218599756,10668.0,103.78785291632678,259.02702405576883
2024-11-21 20:23:00+00:00,NKS3010,29.44820080773305,-91.34894875919116,10668.0,103.78785291632678,259.02702405576883
2024-11-21 20:23:01+00:00,NKS3010,29.44757080078125,-91.3460892897386,10668.0,103.78785291632678,259.02702405576883
2024-11-21 20:23:02+00:00,NKS3010,29.44726976297669,-91.34474810431988,10668.0,103.78785291632678,259.02702405576883
2024-11-21 20:23:03+00:00,NKS3010,29.44638061523437,-91.34054330679083,10668.0,103.78785291632678,259.02702405576883
2024-11-21 20:23:04+00:00,NKS3010,29.44615173339844,-91.3393812913161,10668.0,103.78785291632678,259.02702405576883
2024-11-21 20:23:05+00:00,NKS3010,29.445556640625,-91.3367403470553,10668.0,103.78785291632678,259.02702405576883
2024-11-21 20:23:06+00:00,NKS3010,29.44500732421875,-91.33425785945012,10668.0,103.78785291632678,259.02702405576883
2024-11-21 20:23:07+00:00,NKS3010,29.44418334960937,-91.33024362417363,10668.0,103.78785291632678,259.02702405576883
2024-11-21 20:23:08+00:00,NKS3010,29.443862915039062,-91.32887033315802,10668.0,103.78785291632678,259.02702405576883
2024-11-21 20:23:09+00:00,NKS3010,29.443038940429688,-91.32506737342248,10660.38,103.78785291632678,259.02702405576883
2024-11-21 20:23:10+00:00,NKS3010,29.44248962402344,-91.32237361027644,10668.0,103.78785291632678,259.02702405576883
2024-11-21 20:23:11+00:00,NKS3010,29.44198608398437,-91.31994394155646,10668.0,103.78785291632678,259.02702405576883
2024-11-21 20:23:12+00:00,NKS3010,29.44134521484375,-91.31709172175482,10660.38,103.78785291632678,259.02702405576883
2024-11-21 20:23:13+00:00,NKS3010,29.44111633300781,-91.31603534405048,10660.38,103.78785291632678,259.02702405576883
2024-11-21 20:23:14+00:00,NKS3010,29.44029235839844,-91.31217956542967,10660.38,103.78785291632678,259.02702405576883
2024-11-21 20:23:15+00:00,NKS3010,29.439697265625,-91.30948580228365,10660.38,103.78785291632678,259.02702405576883
2024-11-21 20:23:16+00:00,NKS3010,29.4391696735964,-91.30694221047791,10660.38,103.78785291632678,259.02702405576883
2024-11-21 20:23:17+00:00,NKS3010,29.438564494504767,-91.30414177389709,10660.38,103.78785291632678,259.02702405576883
2024-11-21 20:23:18+00:00,NKS3010,29.43804931640625,-91.30177424504204,10660.38,103.78785291632678,259.02702405576883
2024-11-21 20:23:19+00:00,NKS3010,29.437820434570312,-91.30061222956732,10660.38,103.78785291632678,259.02702405576883
2024-11-21 20:23:20+00:00,NKS3010,29.437179565429688,-91.29776000976562,10660.38,103.78785291632678,259.02702405576883
2024-11-21 20:23:21+00:00,NKS3010,29.436888613943324,-91.29638671875,10660.38,103.78785291632678,259.02702405576883
2024-11-21 20:23:22+00:00,NKS3010,29.435864464711333,-91.29153980928312,10660.38,103.78785291632678,259.02702405576883
2024-11-21 20:23:23+00:00,NKS3010,29.435302734375,-91.28893925593452,10660.38,103.78785291632678,259.02702405576883
2024-11-21 20:23:24+00:00,NKS3010,29.434700658765887,-91.2861004997702,10660.38,103.78785291632678,259.02702405576883
2024-11-21 20:23:25+00:00,NKS3010,29.434421345338983,-91.28486184512866,10660.38,103.78785291632678,259.02702405576883
2024-11-21 20:23:26+00:00,NKS3010,29.43358340505826,-91.28087660845593,10660.38,103.78785291632678,259.02702405576883
2024-11-21 20:23:27+00:00,NKS3010,29.43310546875,-91.27863957331732,10660.38,103.78785291632678,259.02702405576883
2024-11-21 20:23:28+00:00,NKS3010,29.43251037597656,-91.27584017240082,10660.38,103.78785291632678,259.02702405576883
2024-11-21 20:23:29+00:00,NKS3010,29.43195407673464,-91.27344468060664,10660.38,103.78785291632678,259.02702405576883
2024-11-21 20:23:30+00:00,NKS3010,29.431674763307733,-91.27209831686582,10660.38,103.78785291632678,259.02702405576883
2024-11-21 20:23:31+00:00,NKS3010,29.431182861328125,-91.2696603628305,10660.38,103.78785291632678,259.02702405576883
2024-11-21 20:23:32+00:00,NKS3010,29.4302781961732,-91.26547420726104,10660.38,103.78785291632678,259.02702405576883
2024-11-21 20:23:33+00:00,NKS3010,29.429718017578125,-91.26300518329327,10660.38,103.78785291632678,259.02702405576883
2024-11-21 20:23:34+00:00,NKS3010,29.429122924804688,-91.26015296349158,10660.38,103.78785291632678,259.02702405576883
2024-11-21 20:23:35+00:00,NKS3010,29.42860231561176,-91.2576114430147,10660.38,103.78785291632678,259.02702405576883
2024-11-21 20:23:36+00:00,NKS3010,29.42832300218485,-91.2564804974724,10660.38,103.78785291632678,259.02702405576883
2024-11-21 20:23:37+00:00,NKS3010,29.427658081054688,-91.2533921461839,10660.38,103.78785291632678,259.02702405576883
2024-11-21 20:23:38+00:00,NKS3010,29.42710876464844,-91.25085683969348,10660.38,103.78785291632678,259.02702405576883
2024-11-21 20:23:39+00:00,NKS3010,29.426321255958687,-91.24710980583644,10660.38,103.78785291632678,259.02702405576883
2024-11-21 20:23:40+00:00,NKS3010,29.42596435546875,-91.24552213228662,10660.38,103.78785291632678,259.02702405576883
2024-11-21 20:23:41+00:00,NKS3010,29.42539021120233,-91.24274758731616,10660.38,103.78785291632678,259.02702405576883
2024-11-21 20:23:42+00:00,NKS3010,29.424774169921875,-91.23987051156848,10660.38,103.78785291632678,259.02702405576883
2024-11-21 20:23:43+00:00,NKS3010,29.42449951171875,-91.23849722055286,10660.38,103.78785291632678,259.02702405576883
2024-11-21 20:23:44+00:00,NKS3010,29.423583984375,-91.23437734750598,10660.38,103.78785291632678,259.02702405576883
2024-11-21 20:23:45+00:00,NKS3010,29.423080444335938,-91.23194767878609,10660.38,103.78785291632678,259.02702405576883
2024-11-21 20:23:46+00:00,NKS3010,29.422736733646715,-91.23046875,10660.38,103.78785291632678,259.02702405576883
2024-11-21 20:23:47+00:00,NKS3010,29.421898793365997,-91.22653736787686,10660.38,103.78785291632678,259.02702405576883
2024-11-21 20:23:48+00:00,NKS3010,29.421433270987816,-91.22427547679229,10660.38,103.78785291632678,259.02702405576883
2024-11-21 20:23:49+00:00,NKS3010,29.420874644134003,-91.22179816750918,10660.38,103.78785291632678,259.02702405576883
2024-11-21 20:23:50+00:00,NKS3010,29.420242309570312,-91.21884859525238,10660.38,103.78785291632678,259.02702405576883
2024-11-21 20:23:51+00:00,NKS3010,29.419967651367188,-91.2176337608924,10660.38,103.78785291632678,259.02702405576883
2024-11-21 20:23:52+00:00,NKS3010,29.41937255859375,-91.21467590332033,10660.38,103.78785291632678,259.02702405576883
2024-11-21 20:23:53+00:00,NKS3010,29.4188232421875,-91.2122990534856,10660.38,103.78785291632678,259.02702405576883
2024-11-21 20:23:54+00:00,NKS3010,29.417999267578125,-91.20833763709436,10660.38,103.78785291632678,259.02702405576883
2024-11-21 20:23:55+00:00,NKS3010,29.417709091962397,-91.20693431181064,10660.38,103.78785291632678,259.02702405576883
2024-11-21 20:23:56+00:00,NKS3010,29.416871151681672,-91.20316449333644,10660.38,103.78785291632678,259.02702405576883
2024-11-21 20:23:58+00:00,NKS3010,29.41580045021186,-91.19810216567096,10660.38,103.8710470601983,259.64952416427377
2024-11-21 20:23:59+00:00,NKS3010,29.41548156738281,-91.19671748234674,10660.38,103.8710470601983,259.64952416427377
2024-11-21 20:24:00+00:00,NKS3010,29.414683196504235,-91.19293212890624,10660.38,103.8710470601983,259.64952416427377
2024-11-21 20:24:01+00:00,NKS3010,29.41419982910156,-91.19085458608772,10660.38,103.8710470601983,259.64952416427377
2024-11-21 20:24:02+00:00,NKS3010,29.413604736328125,-91.18805518517128,10660.38,103.8710470601983,259.64952416427377
2024-11-21 20:24:03+00:00,NKS3010,29.413055419921875,-91.18546705979566,10660.38,103.8710470601983,259.64952416427377
2024-11-21 20:24:04+00:00,NKS3010,29.41246032714844,-91.1826676588792,10660.38,103.8710470601983,259.64952416427377
2024-11-21 20:24:05+00:00,NKS3010,29.411911010742188,-91.18018517127403,10660.38,103.8710470601983,259.64952416427377
2024-11-21 20:24:06+00:00,NKS3010,29.411471092094807,-91.17801441865812,10660.38,103.8710470601983,259.64952416427377
2024-11-21 20:24:07+00:00,NKS3010,29.410858154296875,-91.17532583383412,10660.38,103.8710470601983,259.64952416427377
2024-11-21 20:24:08+00:00,NKS3010,29.410308837890625,-91.1726848895733,10660.38,103.76078511179124,259.5266732247612
2024-11-21 20:24:09+00:00,NKS3010,29.409576416015625,-91.16930448091944,10660.38,103.76078511179124,259.5266732247612
2024-11-21 20:24:10+00:00,NKS3010,29.409255981445312,-91.16777273324816,10660.38,103.76078511179124,259.5266732247612
2024-11-21 20:24:11+00:00,NKS3010,29.40879821777344,-91.16571279672472,10660.38,103.76078511179124,259.5266732247612
2024-11-21 20:24:12+00:00,NKS3010,29.40788656978284,-91.16148107192096,10660.38,103.76078511179124,259.5266732247612
2024-11-21 20:24:13+00:00,NKS3010,29.40742104740466,-91.15921918083644,10660.38,103.76078511179124,259.5266732247612
2024-11-21 20:24:14+00:00,NKS3010,29.40676931607521,-91.15620332605698,10660.38,103.76078511179124,259.5266732247612
2024-11-21 20:24:15+00:00,NKS3010,29.406417846679688,-91.15467364971454,10660.38,103.76078511179124,259.5266732247612
2024-11-21 20:24:16+00:00,NKS3010,29.4056396484375,-91.1509763277494,10660.38,103.76078511179124,259.5266732247612
2024-11-21 20:24:17+00:00,NKS3010,29.40509033203125,-91.14844102125905,10660.38,103.76078511179124,259.5266732247612
2024-11-21 20:24:18+00:00,NKS3010,29.404586791992188,-91.14606417142426,10660.38,103.76078511179124,259.5266732247612
2024-11-21 20:24:19+00:00,NKS3010,29.40406928628178,-91.14376292509188,10660.38,103.76078511179124,259.5266732247612
2024-11-21 20:24:20+00:00,NKS3010,29.403488159179688,-91.14104637732872,10660.38,103.76078511179124,259.5266732247612
2024-11-21 20:24:21+00:00,NKS3010,29.40318479376324,-91.1395622702206,10660.38,103.76078511179124,259.5266732247612
2024-11-21 20:24:22+00:00,NKS3010,29.4027099609375,-91.13729623647832,10660.38,103.76078511179124,259.5266732247612
2024-11-21 20:24:23+00:00,NKS3010,29.401840209960938,-91.13333482008716,10660.38,103.76078511179124,259.5266732247612
2024-11-21 20:24:24+00:00,NKS3010,29.4012451171875,-91.13053541917066,10660.38,103.76078511179124,259.5266732247612
2024-11-21 20:24:25+00:00,NKS3010,29.40074157714844,-91.12821138822112,10660.38,103.76078511179124,259.5266732247612
2024-11-21 20:24:26+00:00,NKS3010,29.40025200278072,-91.12588321461396,10660.38,103.76078511179124,259.5266732247612
2024-11-21 20:24:27+00:00,NKS3010,29.39960027145127,-91.12297506893384,10660.38,103.76078511179124,259.5266732247612
2024-11-21 20:24:28+00:00,NKS3010,29.399093627929688,-91.12049983097955,10660.38,103.76078511179124,259.5266732247612
2024-11-21 20:24:29+00:00,NKS3010,29.398436465505824,-91.11753575942096,10660.38,103.76078511179124,259.5266732247612
2024-11-21 20:24:30+00:00,NKS3010,29.39815715207892,-91.11613554113052,10660.38,103.76078511179124,259.5266732247612
2024-11-21 20:24:31+00:00,NKS3010,29.3975830078125,-91.1134749192458,10660.38,103.76078511179124,259.5266732247612
2024-11-21 20:24:32+00:00,NKS3010,29.39703989837129,-91.11091164981616,10660.38,103.76078511179124,259.5266732247612
2024-11-21 20:24:33+00:00,NKS3010,29.39620195809057,-91.10719568589155,10660.38,103.8710470601983,259.64952416427377
2024-11-21 20:24:34+00:00,NKS3010,29.395751953125,-91.10497107872597,10660.38,103.8710470601983,259.64952416427377
2024-11-21 20:24:35+00:00,NKS3010,29.39517780885858,-91.10234877642466,10660.38,103.8710470601983,259.64952416427377
2024-11-21 20:24:36+00:00,NKS3010,29.3946533203125,-91.09990046574518,10660.38,103.8710470601983,259.64952416427377
2024-11-21 20:24:37+00:00,NKS3010,29.394012451171875,-91.0969426081731,10660.38,103.8710470601983,259.64952416427377
2024-11-21 20:24:38+00:00,NKS3010,29.393463134765625,-91.09440730168268,10660.38,103.8710470601983,259.64952416427377
2024-11-21 20:24:39+00:00,NKS3010,29.39289674920551,-91.09173943014709,10660.38,103.8710470601983,259.64952416427377
2024-11-21 20:24:40+00:00,NKS3010,29.39238467458951,-91.08926212086396,10660.38,103.8710470601983,259.64952416427377
2024-11-21 20:24:41+00:00,NKS3010,29.391815185546875,-91.0866957444411,10660.38,103.8710470601983,259.64952416427377
2024-11-21 20:24:42+00:00,NKS3010,29.39122009277344,-91.0840548001803,10660.38,103.84388425943467,260.148995054596
2024-11-21 20:24:43+00:00,NKS3010,29.390755346265887,-91.0818301930147,10660.38,103.84388425943467,260.148995054596
2024-11-21 20:24:44+00:00,NKS3010,29.390304565429688,-91.07972365159252,10660.38,103.84388425943467,260.148995054596
2024-11-21 20:24:45+00:00,NKS3010,29.38963809255826,-91.07671401079966,10660.38,103.84388425943467,260.148995054596
2024-11-21 20:24:46+00:00,NKS3010,29.38902282714844,-91.07370229867786,10660.38,103.84388425943467,260.148995054596
2024-11-21 20:24:47+00:00,NKS3010,29.388474286612816,-91.07122084673716,10660.38,103.84388425943467,260.148995054596
2024-11-21 20:24:48+00:00,NKS3010,29.388198852539062,-91.06989933894232,10668.0,103.84388425943467,260.148995054596
2024-11-21 20:24:49+00:00,NKS3010,29.38758979409428,-91.06723561006436,10660.38,103.84388425943467,260.148995054596
2024-11-21 20:24:50+00:00,NKS3010,29.38675185381356,-91.06325037339155,10660.38,103.84388425943467,260.148995054596
2024-11-21 20:24:51+00:00,NKS3010,29.38623046875,-91.06081449068506,10660.38,103.84388425943467,260.148995054596
2024-11-21 20:24:52+00:00,NKS3010,29.38558959960937,-91.05801508976862,10668.0,103.84388425943467,260.148995054596
2024-11-21 20:24:53+00:00,NKS3010,29.38507597325212,-91.05560302734376,10660.38,103.84388425943467,260.148995054596
2024-11-21 20:24:54+00:00,NKS3010,29.38461045087394,-91.05334113625918,10660.38,103.84388425943467,260.148995054596
2024-11-21 20:24:55+00:00,NKS3010,29.38398742675781,-91.05062044583832,10668.0,103.95384307481316,260.2725690824837
2024-11-21 20:24:56+00:00,NKS3010,29.38344664492849,-91.0480633903952,10660.38,103.95384307481316,260.2725690824837
2024-11-21 20:24:57+00:00,NKS3010,29.38312077926377,-91.04655546300552,10660.38,103.95384307481316,260.2725690824837
2024-11-21 20:24:58+00:00,NKS3010,29.382293701171875,-91.0426976130559,10668.0,103.95384307481316,260.2725690824837
2024-11-21 20:24:59+00:00,NKS3010,29.38167765989142,-91.03993135340072,10668.0,103.95384307481316,260.2725690824837
2024-11-21 20:25:00+00:00,NKS3010,29.38135179422669,-91.03847728056064,10660.38,103.95384307481316,260.2725690824837
2024-11-21 20:25:01+00:00,NKS3010,29.3807373046875,-91.03567270132208,10668.0,103.95384307481316,260.2725690824837
2024-11-21 20:25:02+00:00,NKS3010,29.37986212261652,-91.03153004365812,10668.0,103.95384307481316,260.2725690824837
2024-11-21 20:25:03+00:00,NKS3010,29.37959289550781,-91.03028517503004,10668.0,103.95384307481316,260.2725690824837
2024-11-21 20:25:04+00:00,NKS3010,29.378977630097985,-91.0275448069853,10668.0,103.95384307481316,260.2725690824837
2024-11-21 20:25:05+00:00,NKS3010,29.378494262695312,-91.0253201998197,10668.0,103.95384307481316,260.2725690824837
2024-11-21 20:25:06+00:00,NKS3010,29.377906928628175,-91.02264404296876,10668.0,103.95384307481316,260.2725690824837
2024-11-21 20:25:07+00:00,NKS3010,29.377115540585272,-91.01892807904414,10668.0,103.95384307481316,260.2725690824837
2024-11-21 20:25:08+00:00,NKS3010,29.376650018207098,-91.01682775160845,10660.38,103.95384307481316,260.2725690824837
2024-11-21 20:25:09+00:00,NKS3010,29.37615966796875,-91.01449232835034,10668.0,103.95384307481316,260.2725690824837
2024-11-21 20:25:10+00:00,NKS3010,29.3756103515625,-91.01190420297472,10668.0,103.95384307481316,260.2725690824837
2024-11-21 20:25:11+00:00,NKS3010,29.3748344809322,-91.00831873276655,10668.0,103.95384307481316,260.2725690824837
2024-11-21 20:25:12+00:00,NKS3010,29.374555167505296,-91.0070262235754,10668.0,103.95384307481316,260.2725690824837
2024-11-21 20:25:13+00:00,NKS3010,29.37391662597656,-91.0042454646184,10668.0,103.95384307481316,260.2725690824837
2024-11-21 20:25:14+00:00,NKS3010,29.3734130859375,-91.00181579589844,10668.0,103.95384307481316,260.2725690824837
2024-11-21 20:25:15+00:00,NKS3010,29.372599973516948,-90.99803251378675,10668.0,103.95384307481316,260.2725690824837
2024-11-21 20:25:16+00:00,NKS3010,29.372314453125,-90.99685082068812,10668.0,103.95384307481316,260.2725690824837
2024-11-21 20:25:17+00:00,NKS3010,29.37148271980932,-90.99297018612134,10668.0,103.95384307481316,260.2725690824837
2024-11-21 20:25:18+00:00,NKS3010,29.37092409295551,-90.99038516773896,10668.0,103.95384307481316,260.2725690824837
2024-11-21 20:25:19+00:00,NKS3010,29.370391845703125,-90.98792442908656,10668.0,103.95384307481316,260.2725690824837
2024-11-21 20:25:20+00:00,NKS3010,29.369842529296875,-90.98533630371094,10668.0,103.95384307481316,260.2725690824837
2024-11-21 20:25:21+00:00,NKS3010,29.36920166015625,-90.98252240349268,10668.0,103.95384307481316,260.2725690824837
2024-11-21 20:25:22+00:00,NKS3010,29.368736137778072,-90.98036822150738,10668.0,103.95384307481316,260.2725690824837
2024-11-21 20:25:23+00:00,NKS3010,29.368194580078125,-90.9778360220102,10668.0,103.95384307481316,260.2725690824837
2024-11-21 20:25:24+00:00,NKS3010,29.367572331832623,-90.97503662109376,10668.0,103.95384307481316,260.2725690824837
2024-11-21 20:25:25+00:00,NKS3010,29.366967152740997,-90.9722361845129,10668.0,103.95384307481316,260.2725690824837
2024-11-21 20:25:26+00:00,NKS3010,29.36668783931409,-90.97099752987134,10668.0,103.95384307481316,260.2725690824837
2024-11-21 20:25:27+00:00,NKS3010,29.36585998535156,-90.96721942608173,10668.0,103.95384307481316,260.2725690824837
2024-11-21 20:25:28+00:00,NKS3010,29.365264892578125,-90.96436720628004,10668.0,103.95384307481316,260.2725690824837
2024-11-21 20:25:29+00:00,NKS3010,29.364761352539062,-90.96214881310097,10668.0,103.95384307481316,260.2725690824837
2024-11-21 20:25:30+00:00,NKS3010,29.3642578125,-90.95987760103662,10668.0,103.95384307481316,260.2725690824837
2024-11-21 20:25:31+00:00,NKS3010,29.36370849609375,-90.95723665677582,10668.0,103.95384307481316,260.2725690824837
2024-11-21 20:25:32+00:00,NKS3010,29.363149869239937,-90.95462574678312,10668.0,103.95384307481316,260.2725690824837
2024-11-21 20:25:33+00:00,NKS3010,29.36260986328125,-90.95211322490984,10668.0,103.95384307481316,260.2725690824837
2024-11-21 20:25:34+00:00,NKS3010,29.36198606329449,-90.94940185546876,10668.0,103.95384307481316,260.2725690824837
2024-11-21 20:25:35+00:00,NKS3010,29.36142743644068,-90.94670912798716,10668.0,103.95384307481316,260.2725690824837
2024-11-21 20:25:36+00:00,NKS3010,29.36086880958686,-90.94428567325366,10668.0,103.95384307481316,260.2725690824837
2024-11-21 20:25:37+00:00,NKS3010,29.36031018273305,-90.94159294577209,10668.0,103.95384307481316,260.2725690824837
2024-11-21 20:25:38+00:00,NKS3010,29.35972595214844,-90.9390669602614,10668.0,103.95384307481316,260.2725690824837
2024-11-21 20:25:39+00:00,NKS3010,29.359146376787603,-90.93636905445771,10668.0,103.95384307481316,260.2725690824837
2024-11-21 20:25:40+00:00,NKS3010,29.35858774993379,-90.93373018152572,10668.0,103.92658660753104,260.7718615020358
2024-11-21 20:25:41+00:00,NKS3010,29.357986450195312,-90.93093285193812,10668.0,103.92658660753104,260.7718615020358
2024-11-21 20:25:42+00:00,NKS3010,29.35737739175053,-90.92818316291364,10668.0,103.92658660753104,260.7718615020358
2024-11-21 20:25:43+00:00,NKS3010,29.35702514648437,-90.92660170335034,10668.0,103.92658660753104,260.7718615020358
2024-11-21 20:25:44+00:00,NKS3010,29.356521606445312,-90.92427767240082,10668.0,103.92658660753104,260.7718615020358
2024-11-21 20:25:45+00:00,NKS3010,29.355697631835938,-90.92042189378004,10668.0,103.92658660753104,260.7718615020358
2024-11-21 20:25:46+00:00,NKS3010,29.355096332097457,-90.91762767118564,10668.0,103.92658660753104,260.7718615020358
2024-11-21 20:25:47+00:00,NKS3010,29.354782104492188,-90.91614356407752,10668.0,103.92658660753104,260.7718615020358
2024-11-21 20:25:48+00:00,NKS3010,29.35409545898437,-90.91318570650536,10668.0,103.92658660753104,260.7718615020358
2024-11-21 20:25:49+00:00,NKS3010,29.353591918945312,-90.9107032189002,10668.0,103.92658660753104,260.7718615020358
2024-11-21 20:25:50+00:00,NKS3010,29.35276872020657,-90.90691061580884,10668.0,103.92658660753104,260.7718615020358
2024-11-21 20:25:51+00:00,NKS3010,29.35249328613281,-90.90573824368988,10668.0,103.92658660753104,260.7718615020358
2024-11-21 20:25:52+00:00,NKS3010,29.35183767545021,-90.90287152458644,10668.0,103.92658660753104,260.7718615020358
2024-11-21 20:25:53+00:00,NKS3010,29.351303100585938,-90.90029789851263,10668.0,103.92658660753104,260.7718615020358
2024-11-21 20:25:54+00:00,NKS3010,29.3507669739804,-90.89780919692096,10668.0,103.92658660753104,260.7718615020358
2024-11-21 20:25:55+00:00,NKS3010,29.35011524265095,-90.89479334214155,10668.0,103.92658660753104,260.7718615020358
2024-11-21 20:25:56+00:00,NKS3010,29.34960316803496,-90.89247759650738,10668.0,103.92658660753104,260.7718615020358
2024-11-21 20:25:57+00:00,NKS3010,29.34883117675781,-90.8888890193059,10668.0,103.92658660753104,260.7718615020358
2024-11-21 20:25:58+00:00,NKS3010,29.34848591432733,-90.88741526884188,10668.0,103.92658660753104,260.7718615020358
2024-11-21 20:25:59+00:00,NKS3010,29.34792728747352,-90.88477639590992,10668.0,103.92658660753104,260.7718615020358
2024-11-21 20:26:00+00:00,NKS3010,29.347320556640625,-90.88212820199816,10668.0,103.92658660753104,260.7718615020358
2024-11-21 20:26:01+00:00,NKS3010,29.346810033765887,-90.87966021369488,10668.0,103.92658660753104,260.7718615020358
2024-11-21 20:26:02+00:00,NKS3010,29.34597209348517,-90.87578268612134,10668.0,103.92658660753104,260.7718615020358
2024-11-21 20:26:03+00:00,NKS3010,29.34576416015625,-90.87478637695312,10668.0,103.92658660753104,260.7718615020358
2024-11-21 20:26:04+00:00,NKS3010,29.344894409179688,-90.87093059833234,10668.0,103.92658660753104,260.7718615020358
2024-11-21 20:26:05+00:00,NKS3010,29.344342765161542,-90.86835075827209,10668.0,103.92658660753104,260.7718615020358
2024-11-21 20:26:06+00:00,NKS3010,29.34406345173464,-90.86695053998164,10668.0,103.92658660753104,260.7718615020358
2024-11-21 20:26:07+00:00,NKS3010,29.34313240697828,-90.86285759420956,10668.0,103.92658660753104,260.7718615020358
2024-11-21 20:26:08+00:00,NKS3010,29.34280654131356,-90.8612958122702,10668.0,103.92658660753104,260.7718615020358
2024-11-21 20:26:09+00:00,NKS3010,29.342559814453125,-90.86010272686298,10668.0,103.92658660753104,260.7718615020358
2024-11-21 20:26:10+00:00,NKS3010,29.34145652641684,-90.85515639361216,10668.0,103.92658660753104,260.7718615020358
2024-11-21 20:26:11+00:00,NKS3010,29.34113066075212,-90.8535946116728,10668.0,103.92658660753104,260.7718615020358
2024-11-21 20:26:12+00:00,NKS3010,29.34063720703125,-90.8511763352614,10668.0,103.92658660753104,260.7718615020358
2024-11-21 20:26:13+00:00,NKS3010,29.3397216796875,-90.84705646221454,10668.0,103.92658660753104,260.7718615020358
2024-11-21 20:26:14+00:00,NKS3010,29.33936167571504,-90.84551642922791,10668.0,103.92658660753104,260.7718615020358
2024-11-21 20:26:15+00:00,NKS3010,29.33884960109905,-90.8429852653952,10668.0,103.92658660753104,260.7718615020358
2024-11-21 20:26:16+00:00,NKS3010,29.33810476529396,-90.8395924287684,10668.0,103.92658660753104,260.7718615020358
2024-11-21 20:26:17+00:00,NKS3010,29.337592690677965,-90.83727668313418,10668.0,103.92658660753104,260.7718615020358
2024-11-21 20:26:18+00:00,NKS3010,29.33697509765625,-90.83437992976263,10668.0,103.92658660753104,260.7718615020358
2024-11-21 20:26:19+00:00,NKS3010,29.336471557617188,-90.8321087176983,10668.0,103.92658660753104,260.7718615020358
2024-11-21 20:26:20+00:00,NKS3010,29.335870257878707,-90.82936006433825,10668.0,103.92658660753104,260.7718615020358
2024-11-21 20:26:21+00:00,NKS3010,29.335311631024894,-90.82688275505518,10668.0,103.92658660753104,260.7718615020358
2024-11-21 20:26:22+00:00,NKS3010,29.33475300417108,-90.82424388212314,10668.0,103.92658660753104,260.7718615020358
2024-11-21 20:26:23+00:00,NKS3010,29.334194377317267,-90.82155115464155,10668.0,103.92658660753104,260.7718615020358
2024-11-21 20:26:24+00:00,NKS3010,29.333541870117188,-90.81869272085332,10668.0,103.92658660753104,260.7718615020358
2024-11-21 20:26:25+00:00,NKS3010,29.33326333256091,-90.81745820886948,10668.0,103.92658660753104,260.7718615020358
2024-11-21 20:26:26+00:00,NKS3010,29.33265815346928,-90.81460391773896,10668.0,103.92658660753104,260.7718615020358
2024-11-21 20:26:27+00:00,NKS3010,29.33203125,-90.81172062800482,10668.0,103.92658660753104,260.7718615020358
2024-11-21 20:26:28+00:00,NKS3010,29.33143615722656,-90.80902686485877,10668.0,104.03624346792648,260.89615490722593
2024-11-21 20:26:29+00:00,NKS3010,29.330886840820312,-90.8065971961388,10668.0,104.03624346792648,260.89615490722593
2024-11-21 20:26:30+00:00,NKS3010,29.33014433262712,-90.80318675321688,10668.0,104.03624346792648,260.89615490722593
2024-11-21 20:26:31+00:00,NKS3010,29.32963225801112,-90.80070944393384,10668.0,104.03624346792648,260.89615490722593
2024-11-21 20:26:32+00:00,NKS3010,29.32905578613281,-90.79809335561896,10668.0,104.03624346792648,260.89615490722593
2024-11-21 20:26:33+00:00,NKS3010,29.32851500430349,-90.79553940716914,10668.0,104.03624346792648,260.89615490722593
2024-11-21 20:26:34+00:00,NKS3010,29.327911376953125,-90.79281146709737,10668.0,104.03624346792648,260.89615490722593
2024-11-21 20:26:35+00:00,NKS3010,29.32735119835805,-90.79026166130518,10668.0,104.03624346792648,260.89615490722593
2024-11-21 20:26:36+00:00,NKS3010,29.326792571504235,-90.78778435202209,10668.0,104.03624346792648,260.89615490722593
2024-11-21 20:26:37+00:00,NKS3010,29.326233944650426,-90.78514547909008,10668.0,104.03624346792648,260.89615490722593
2024-11-21 20:26:38+00:00,NKS3010,29.325668334960938,-90.78256460336536,10668.0,104.03624346792648,260.89615490722593
2024-11-21 20:26:39+00:00,NKS3010,29.325349452131885,-90.78121409696688,10668.0,104.03624346792648,260.89615490722593
2024-11-21 20:26:40+00:00,NKS3010,29.324432373046875,-90.77691298264722,10668.0,104.03624346792648,260.89615490722593
2024-11-21 20:26:41+00:00,NKS3010,29.324045989472985,-90.77534395105698,10668.0,104.03624346792648,260.89615490722593
2024-11-21 20:26:42+00:00,NKS3010,29.323580467094807,-90.7730282054228,10668.0,104.03624346792648,260.89615490722593
2024-11-21 20:26:43+00:00,NKS3010,29.322789079051905,-90.76952765969668,10668.0,104.03624346792648,260.89615490722593
2024-11-21 20:26:44+00:00,NKS3010,29.32246321338718,-90.76796587775738,10668.0,104.03624346792648,260.89615490722593
2024-11-21 20:26:45+00:00,NKS3010,29.321578720868644,-90.76398064108456,10668.0,104.03624346792648,260.89615490722593
2024-11-21 20:26:46+00:00,NKS3010,29.32122802734375,-90.76238778921272,10668.0,104.03624346792648,260.89615490722593
2024-11-21 20:26:47+00:00,NKS3010,29.320694228350103,-90.75999540441175,10668.0,104.145795494103,261.02140303962017
2024-11-21 20:26:48+00:00,NKS3010,29.319854736328125,-90.7561551607572,10668.0,104.145795494103,261.02140303962017
2024-11-21 20:26:49+00:00,NKS3010,29.319259643554688,-90.7535142164964,10668.0,104.145795494103,261.02140303962017
2024-11-21 20:26:50+00:00,NKS3010,29.31869248212394,-90.75094784007354,10668.0,104.145795494103,261.02140303962017
2024-11-21 20:26:51+00:00,NKS3010,29.318133855270126,-90.74830896714155,10668.0,104.145795494103,261.02140303962017
2024-11-21 20:26:52+00:00,NKS3010,29.317761437367583,-90.7467471852022,10668.0,104.145795494103,261.02140303962017
2024-11-21 20:26:53+00:00,NKS3010,29.31715625827595,-90.74383903952209,10668.0,104.145795494103,261.02140303962017
2024-11-21 20:26:54+00:00,NKS3010,29.316830392611227,-90.74238496668198,10668.0,104.145795494103,261.02140303962017
2024-11-21 20:26:55+00:00,NKS3010,29.31589934785487,-90.73818431181064,10668.0,104.145795494103,261.02140303962017
2024-11-21 20:26:56+00:00,NKS3010,29.315573482190143,-90.7367302389706,10668.0,104.145795494103,261.02140303962017
2024-11-21 20:26:57+00:00,NKS3010,29.31500244140625,-90.7342353233924,10668.0,104.145795494103,261.02140303962017
2024-11-21 20:26:58+00:00,NKS3010,29.31440734863281,-90.7315943791316,10668.0,104.145795494103,261.02140303962017
2024-11-21 20:26:59+00:00,NKS3010,29.313766479492188,-90.72853088378906,10668.0,104.145795494103,261.02140303962017
2024-11-21 20:27:00+00:00,NKS3010,29.31315276582362,-90.72590547449448,10668.0,104.145795494103,261.02140303962017
2024-11-21 20:27:01+00:00,NKS3010,29.3126220703125,-90.72346027080827,10668.0,104.145795494103,261.02140303962017
2024-11-21 20:27:02+00:00,NKS3010,29.311981201171875,-90.72044959435097,10668.0,104.145795494103,261.02140303962017
2024-11-21 20:27:03+00:00,NKS3010,29.31143033302436,-90.71804271024814,10668.0,104.145795494103,261.02140303962017
2024-11-21 20:27:04+00:00,NKS3010,29.31087170617055,-90.71545769186582,10668.0,104.145795494103,261.02140303962017
2024-11-21 20:27:05+00:00,NKS3010,29.310359631554554,-90.71324965533093,10668.0,104.145795494103,261.02140303962017
2024-11-21 20:27:06+00:00,NKS3010,29.309783935546875,-90.71062528170069,10668.0,104.145795494103,261.02140303962017
2024-11-21 20:27:07+00:00,NKS3010,29.309234619140625,-90.70808997521031,10668.0,104.145795494103,261.02140303962017
2024-11-21 20:27:08+00:00,NKS3010,29.308364868164062,-90.70423419658954,10668.0,104.145795494103,261.02140303962017
2024-11-21 20:27:09+00:00,NKS3010,29.30779925847457,-90.70167092715992,10668.0,104.145795494103,261.02140303962017
2024-11-21 20:27:10+00:00,NKS3010,29.307540893554688,-90.70037841796876,10668.0,104.145795494103,261.02140303962017
2024-11-21 20:27:11+00:00,NKS3010,29.306682004766948,-90.69639318129596,10668.0,104.145795494103,261.02140303962017
2024-11-21 20:27:12+00:00,NKS3010,29.306121826171875,-90.69398733285756,10668.0,104.145795494103,261.02140303962017
2024-11-21 20:27:13+00:00,NKS3010,29.305572509765625,-90.69155766413763,10668.0,104.145795494103,261.02140303962017
2024-11-21 20:27:14+00:00,NKS3010,29.304931640625,-90.6885469876803,10668.0,104.145795494103,261.02140303962017
2024-11-21 20:27:15+00:00,NKS3010,29.304656982421875,-90.68733215332033,10668.0,104.145795494103,261.02140303962017
2024-11-21 20:27:16+00:00,NKS3010,29.3038330078125,-90.68363483135516,10668.0,104.145795494103,261.02140303962017
2024-11-21 20:27:17+00:00,NKS3010,29.303237915039062,-90.68088824932391,10668.0,104.145795494103,261.02140303962017
2024-11-21 20:27:18+00:00,NKS3010,29.302585407838983,-90.67792107077209,10668.0,104.145795494103,261.02140303962017
2024-11-21 20:27:19+00:00,NKS3010,29.302073333222985,-90.67555147058825,10668.0,104.145795494103,261.02140303962017
2024-11-21 20:27:20+00:00,NKS3010,29.30151470636917,-90.67307416130518,10668.0,104.145795494103,261.02140303962017
2024-11-21 20:27:21+00:00,NKS3010,29.301235392942267,-90.67172779756436,10668.0,104.145795494103,261.02140303962017
2024-11-21 20:27:22+00:00,NKS3010,29.300630213850635,-90.66908892463238,10668.0,104.145795494103,261.02140303962017
2024-11-21 20:27:23+00:00,NKS3010,29.300071586996825,-90.66661161534928,10668.0,104.145795494103,261.02140303962017
2024-11-21 20:27:24+00:00,NKS3010,29.2994384765625,-90.6637221116286,10668.0,104.145795494103,261.02140303962017
2024-11-21 20:27:25+00:00,NKS3010,29.298797607421875,-90.66071143517128,10668.0,104.145795494103,261.02140303962017
2024-11-21 20:27:26+00:00,NKS3010,29.29820949748411,-90.65810259650738,10668.0,104.145795494103,261.02140303962017
2024-11-21 20:27:27+00:00,NKS3010,29.29769897460937,-90.65574645996094,10668.0,104.145795494103,261.02140303962017
2024-11-21 20:27:28+00:00,NKS3010,29.297092243776483,-90.65287870519302,10668.0,104.145795494103,261.02140303962017
2024-11-21 20:27:29+00:00,NKS3010,29.296554565429688,-90.65051739032452,10668.0,104.03624346792648,260.89615490722593
2024-11-21 20:27:30+00:00,NKS3010,29.29595947265625,-90.64777080829327,10668.0,104.03624346792648,260.89615490722593
2024-11-21 20:27:31+00:00,NKS3010,29.29541636321504,-90.6452313591452,10668.0,104.03624346792648,260.89615490722593
2024-11-21 20:27:32+00:00,NKS3010,29.29476928710937,-90.64238328200122,10668.0,104.03624346792648,260.89615490722593
2024-11-21 20:27:33+00:00,NKS3010,29.294265747070312,-90.6400592510517,10668.0,104.03624346792648,260.89615490722593
2024-11-21 20:27:34+00:00,NKS3010,29.293600825940143,-90.63699161305146,10668.0,104.03624346792648,260.89615490722593
2024-11-21 20:27:35+00:00,NKS3010,29.292984008789062,-90.63419635479266,10668.0,104.03624346792648,260.89615490722593
2024-11-21 20:27:36+00:00,NKS3010,29.29243469238281,-90.63160822941704,10668.0,104.03624346792648,260.89615490722593
2024-11-21 20:27:37+00:00,NKS3010,29.29188537597656,-90.62912574181188,10668.0,104.03624346792648,260.89615490722593
2024-11-21 20:27:38+00:00,NKS3010,29.291366318524894,-90.62675924862134,10668.0,104.03624346792648,260.89615490722593
2024-11-21 20:27:39+00:00,NKS3010,29.29083251953125,-90.6243192232572,10668.0,104.00889464923358,261.39526867385
2024-11-21 20:27:40+00:00,NKS3010,29.290295617055083,-90.62196619370404,10668.0,104.00889464923358,261.39526867385
2024-11-21 20:27:41+00:00,NKS3010,29.28950500488281,-90.61845632699816,10668.0,104.00889464923358,261.39526867385
2024-11-21 20:27:42+00:00,NKS3010,29.28900146484375,-90.61607947716344,10668.0,104.00889464923358,261.39526867385
2024-11-21 20:27:43+00:00,NKS3010,29.2884521484375,-90.61343853290263,10668.0,104.00889464923358,261.39526867385
2024-11-21 20:27:44+00:00,NKS3010,29.287857055664062,-90.6107447697566,10668.0,104.00889464923358,261.39526867385
2024-11-21 20:27:45+00:00,NKS3010,29.287269721596928,-90.60812557444854,10668.0,104.00889464923358,261.39526867385
2024-11-21 20:27:46+00:00,NKS3010,29.28675842285156,-90.60583261343146,10668.0,104.00889464923358,261.39526867385
2024-11-21 20:27:47+00:00,NKS3010,29.286209106445312,-90.60319166917066,10668.0,104.00889464923358,261.39526867385
2024-11-21 20:27:48+00:00,NKS3010,29.285614013671875,-90.6004450871394,10668.0,104.00889464923358,261.39526867385
2024-11-21 20:27:49+00:00,NKS3010,29.285128318657307,-90.59821633731616,10668.0,104.00889464923358,261.39526867385
2024-11-21 20:27:50+00:00,NKS3010,29.28456115722656,-90.59563856858472,10668.0,104.03624346792648,260.89615490722593
2024-11-21 20:27:51+00:00,NKS3010,29.284011840820312,-90.59320889986476,10668.0,104.03624346792648,260.89615490722593
2024-11-21 20:27:52+00:00,NKS3010,29.283462524414062,-90.59072641225958,10668.0,104.03624346792648,260.89615490722593
2024-11-21 20:27:53+00:00,NKS3010,29.282638549804688,-90.58692345252403,10668.0,104.03624346792648,260.89615490722593
2024-11-21 20:27:54+00:00,NKS3010,29.282381736626057,-90.58572208180146,10668.0,104.03624346792648,260.89615490722593
2024-11-21 20:27:55+00:00,NKS3010,29.281776557534428,-90.5829216452206,10668.0,104.03624346792648,260.89615490722593
2024-11-21 20:27:56+00:00,NKS3010,29.2811279296875,-90.58010981633112,10668.0,104.03624346792648,260.89615490722593
2024-11-21 20:27:57+00:00,NKS3010,29.28057861328125,-90.5775216909555,10668.0,104.03624346792648,260.89615490722593
2024-11-21 20:27:58+00:00,NKS3010,29.280029296875,-90.57498638446516,10668.0,104.03624346792648,260.89615490722593
2024-11-21 20:27:59+00:00,NKS3010,29.279495497881356,-90.57252771714155,10668.0,104.03624346792648,260.89615490722593
2024-11-21 20:28:00+00:00,NKS3010,29.278793334960938,-90.56949322040263,10668.0,104.03624346792648,260.89615490722593
2024-11-21 20:28:01+00:00,NKS3010,29.278335571289062,-90.56727482722356,10668.0,104.03624346792648,260.89615490722593
2024-11-21 20:28:02+00:00,NKS3010,29.277773065082098,-90.56477266199448,10668.0,104.145795494103,261.02140303962017
2024-11-21 20:28:03+00:00,NKS3010,29.27723693847656,-90.56241548978365,10668.0,104.145795494103,261.02140303962017
2024-11-21 20:28:04+00:00,NKS3010,29.276702363612287,-90.55981804342832,10668.0,104.145795494103,261.02140303962017
2024-11-21 20:28:06+00:00,NKS3010,29.275445453191207,-90.55416331571688,10668.0,104.145795494103,261.02140303962017
2024-11-21 20:28:07+00:00,NKS3010,29.274948120117188,-90.552010169396,10668.0,104.145795494103,261.02140303962017
2024-11-21 20:28:08+00:00,NKS3010,29.274398803710938,-90.54942204402045,10668.0,104.145795494103,261.02140303962017
2024-11-21 20:28:09+00:00,NKS3010,29.27353681144068,-90.54554658777572,10668.0,104.145795494103,261.02140303962017
2024-11-21 20:28:10+00:00,NKS3010,29.27321094577595,-90.5441463694853,10668.0,104.145795494103,261.02140303962017
2024-11-21 20:28:11+00:00,NKS3010,29.272613525390625,-90.54144639235278,10668.0,104.145795494103,261.02140303962017
2024-11-21 20:28:12+00:00,NKS3010,29.27183532714844,-90.53780188927284,10668.0,104.145795494103,261.02140303962017
2024-11-21 20:28:13+00:00,NKS3010,29.271302304025426,-90.53547578699448,10668.0,104.1182507299315,261.52027776918334
2024-11-21 20:28:14+00:00,NKS3010,29.270782470703125,-90.53299537071814,10668.0,104.1182507299315,261.52027776918334
2024-11-21 20:28:15+00:00,NKS3010,29.270278930664062,-90.53067133976862,10668.0,104.1182507299315,261.52027776918334
2024-11-21 20:28:16+00:00,NKS3010,29.269683837890625,-90.5280303955078,10668.0,104.1182507299315,261.52027776918334
2024-11-21 20:28:17+00:00,NKS3010,29.269160901085804,-90.52567425896144,10668.0,104.1182507299315,261.52027776918334
2024-11-21 20:28:18+00:00,NKS3010,29.268539428710938,-90.52295978252704,10668.0,104.1182507299315,261.52027776918334
2024-11-21 20:28:19+00:00,NKS3010,29.2679443359375,-90.52010756272534,10668.0,104.1182507299315,261.52027776918334
2024-11-21 20:28:20+00:00,NKS3010,29.26766967773437,-90.5189983661358,10668.0,104.1182507299315,261.52027776918334
2024-11-21 20:28:21+00:00,NKS3010,29.266786736957098,-90.51501105813418,10668.0,104.1182507299315,261.52027776918334
2024-11-21 20:28:22+00:00,NKS3010,29.26620483398437,-90.51218472994287,10668.0,104.1182507299315,261.52027776918334
2024-11-21 20:28:23+00:00,NKS3010,29.26556396484375,-90.50938532902644,10668.0,104.1182507299315,261.52027776918334
2024-11-21 20:28:24+00:00,NKS3010,29.264968872070312,-90.50674438476562,10668.0,104.1182507299315,261.52027776918334
2024-11-21 20:28:25+00:00,NKS3010,29.264419555664062,-90.50426189716046,10668.0,104.1182507299315,261.52027776918334
2024-11-21 20:28:26+00:00,NKS3010,29.26387023925781,-90.50162095289966,10668.0,104.1182507299315,261.52027776918334
2024-11-21 20:28:27+00:00,NKS3010,29.26334187135858,-90.49923167509188,10668.0,104.1182507299315,261.52027776918334
2024-11-21 20:28:28+00:00,NKS3010,29.2628173828125,-90.49686725323016,10668.0,104.1182507299315,261.52027776918334
2024-11-21 20:28:29+00:00,NKS3010,29.26222461765095,-90.4943309110754,10668.0,104.1182507299315,261.52027776918334
2024-11-21 20:28:30+00:00,NKS3010,29.261489868164062,-90.4907930814303,10668.0,104.1182507299315,261.52027776918334
2024-11-21 20:28:31+00:00,NKS3010,29.260986328125,-90.48852186936595,10668.0,104.1182507299315,261.52027776918334
2024-11-21 20:28:32+00:00,NKS3010,29.26036252813824,-90.48582189223345,10668.0,104.1182507299315,261.52027776918334
2024-11-21 20:28:33+00:00,NKS3010,29.259841918945312,-90.48334561861476,10668.0,104.1182507299315,261.52027776918334
2024-11-21 20:28:34+00:00,NKS3010,29.259246826171875,-90.48065185546876,10668.0,104.1182507299315,261.52027776918334
2024-11-21 20:28:35+00:00,NKS3010,29.258640095338983,-90.4779052734375,10668.0,104.1182507299315,261.52027776918334
2024-11-21 20:28:36+00:00,NKS3010,29.258174572960804,-90.47580494600186,10668.0,104.1182507299315,261.52027776918334
2024-11-21 20:28:37+00:00,NKS3010,29.257522841631356,-90.47289680032168,10668.0,104.1182507299315,261.52027776918334
2024-11-21 20:28:38+00:00,NKS3010,29.25719697596663,-90.47155043658093,10668.0,104.1182507299315,261.52027776918334
2024-11-21 20:28:39+00:00,NKS3010,29.256265931210272,-90.46729592715992,10668.0,104.1182507299315,261.52027776918334
2024-11-21 20:28:40+00:00,NKS3010,29.25599670410156,-90.46607384314903,10668.0,104.1182507299315,261.52027776918334
2024-11-21 20:28:41+00:00,NKS3010,29.25538143869173,-90.4632568359375,10668.0,104.1182507299315,261.52027776918334
2024-11-21 20:28:42+00:00,NKS3010,29.254543498411017,-90.45937930836396,10668.0,104.1182507299315,261.52027776918334
2024-11-21 20:28:43+00:00,NKS3010,29.254302978515625,-90.45841510479266,10668.0,104.1182507299315,261.52027776918334
2024-11-21 20:28:44+00:00,NKS3010,29.25347900390625,-90.45455932617188,10668.0,104.1182507299315,261.52027776918334
2024-11-21 20:28:46+00:00,NKS3010,29.25228881835937,-90.4492774376502,10668.0,104.22750191661612,261.64623862980653
2024-11-21 20:28:47+00:00,NKS3010,29.251968383789062,-90.44774568997894,10668.0,104.22750191661612,261.64623862980653
2024-11-21 20:28:48+00:00,NKS3010,29.251377946239405,-90.44516170726104,10668.0,104.22750191661612,261.64623862980653
2024-11-21 20:28:49+00:00,NKS3010,29.25081931938559,-90.44268439797791,10668.0,104.22750191661612,261.64623862980653
2024-11-21 20:28:50+00:00,NKS3010,29.250228881835938,-90.43998131385216,10668.0,104.22750191661612,261.64623862980653
2024-11-21 20:28:51+00:00,NKS3010,29.24960896120233,-90.43724508846508,10668.0,104.22750191661612,261.64623862980653
2024-11-21 20:28:52+00:00,NKS3010,29.24905033434852,-90.43460621553312,10668.0,104.22750191661612,261.64623862980653
2024-11-21 20:28:53+00:00,NKS3010,29.24839782714844,-90.43179438664362,10668.0,104.22750191661612,261.64623862980653
2024-11-21 20:28:54+00:00,NKS3010,29.248123168945312,-90.43052673339844,10668.0,104.22750191661612,261.64623862980653
2024-11-21 20:28:55+00:00,NKS3010,29.247188244835804,-90.42620490579044,10668.0,104.22750191661612,261.64623862980653
2024-11-21 20:28:56+00:00,NKS3010,29.24662961798199,-90.42383530560664,10668.0,104.22750191661612,261.64623862980653
2024-11-21 20:28:57+00:00,NKS3010,29.24597788665254,-90.42098101447613,10668.0,104.22750191661612,261.64623862980653
2024-11-21 20:28:58+00:00,NKS3010,29.24537270756091,-90.4181267233456,10668.0,104.22750191661612,261.64623862980653
2024-11-21 20:28:59+00:00,NKS3010,29.245101928710938,-90.41700509878302,10668.0,104.22750191661612,261.64623862980653
2024-11-21 20:29:00+00:00,NKS3010,29.244552612304688,-90.41441697340748,10668.0,104.22750191661612,261.64623862980653
2024-11-21 20:29:01+00:00,NKS3010,29.24354553222656,-90.40998018704926,10668.0,104.22750191661612,261.64623862980653
2024-11-21 20:29:02+00:00,NKS3010,29.24327087402344,-90.40871253380408,10668.0,104.22750191661612,261.64623862980653
2024-11-21 20:29:03+00:00,NKS3010,29.24263000488281,-90.4058074951172,10668.0,104.22750191661612,261.64623862980653
2024-11-21 20:29:04+00:00,NKS3010,29.24208068847656,-90.40348346416766,10668.0,104.22750191661612,261.64623862980653
2024-11-21 20:29:05+00:00,NKS3010,29.241485595703125,-90.40068406325122,10668.0,104.22750191661612,261.64623862980653
2024-11-21 20:29:06+00:00,NKS3010,29.240670931541317,-90.39717730353864,10668.0,104.22750191661612,261.64623862980653
2024-11-21 20:29:07+00:00,NKS3010,29.240438170352224,-90.39599250344668,10668.0,104.22750191661612,261.64623862980653
2024-11-21 20:29:08+00:00,NKS3010,29.23964678230932,-90.39238424862134,10668.0,104.22750191661612,261.64623862980653
2024-11-21 20:29:09+00:00,NKS3010,29.239367468882413,-90.39125330307904,10668.0,104.22750191661612,261.64623862980653
2024-11-21 20:29:10+00:00,NKS3010,29.238436424126057,-90.38699879365812,10668.0,104.22750191661612,261.64623862980653
2024-11-21 20:29:11+00:00,NKS3010,29.237831245034428,-90.38430606617646,10668.0,104.22750191661612,261.64623862980653
2024-11-21 20:29:12+00:00,NKS3010,29.2375053793697,-90.38274428423716,10675.62,104.22750191661612,261.64623862980653
2024-11-21 20:29:13+00:00,NKS3010,29.236900200278072,-90.38010541130518,10668.0,104.22750191661612,261.64623862980653
2024-11-21 20:29:14+00:00,NKS3010,29.235969155521715,-90.37601246553312,10675.62,104.22750191661612,261.64623862980653
2024-11-21 20:29:15+00:00,NKS3010,29.23548889160156,-90.37385206956128,10668.0,104.22750191661612,261.64623862980653
2024-11-21 20:29:16+00:00,NKS3010,29.234898454051905,-90.37127326516544,10668.0,104.22750191661612,261.64623862980653
2024-11-21 20:29:17+00:00,NKS3010,29.234619140625,-90.36983783428484,10675.62,104.22750191661612,261.64623862980653
2024-11-21 20:29:18+00:00,NKS3010,29.23397827148437,-90.3670912522536,10668.0,104.22750191661612,261.64623862980653
2024-11-21 20:29:19+00:00,NKS3010,29.233428955078125,-90.364503126878,10668.0,104.22750191661612,261.64623862980653
2024-11-21 20:29:20+00:00,NKS3010,29.23255920410156,-90.360594529372,10668.0,104.22750191661612,261.64623862980653
2024-11-21 20:29:21+00:00,NKS3010,29.231965663069385,-90.35807890050552,10668.0,104.22750191661612,261.64623862980653
2024-11-21 20:29:22+00:00,NKS3010,29.231369018554688,-90.3553654597356,10675.62,104.22750191661612,261.64623862980653
2024-11-21 20:29:23+00:00,NKS3010,29.231081170550848,-90.35398595473345,10675.62,104.22750191661612,261.64623862980653
2024-11-21 20:29:24+00:00,NKS3010,29.230475991459212,-90.3512393727022,10668.0,104.22750191661612,261.64623862980653
2024-11-21 20:29:25+00:00,NKS3010,29.229870812367583,-90.3485466452206,10675.62,104.22750191661612,261.64623862980653
2024-11-21 20:29:26+00:00,NKS3010,29.22935485839844,-90.34622779259314,10668.0,104.22750191661612,261.64623862980653
2024-11-21 20:29:27+00:00,NKS3010,29.22871398925781,-90.34348121056188,10675.62,104.22750191661612,261.64623862980653
2024-11-21 20:29:28+00:00,NKS3010,29.22810182733051,-90.34063002642466,10668.0,104.22750191661612,261.64623862980653
2024-11-21 20:29:29+00:00,NKS3010,29.227569580078125,-90.33819932204028,10675.62,104.22750191661612,261.64623862980653
2024-11-21 20:29:30+00:00,NKS3010,29.2269287109375,-90.33539992112378,10668.0,104.22750191661612,261.64623862980653
2024-11-21 20:29:31+00:00,NKS3010,29.226287841796875,-90.3324420635517,10668.0,104.22750191661612,261.64623862980653
2024-11-21 20:29:32+00:00,NKS3010,29.2257276632018,-90.3299668255974,10668.0,104.22750191661612,261.64623862980653
2024-11-21 20:29:33+00:00,NKS3010,29.22509765625,-90.32710735614484,10668.0,104.22750191661612,261.64623862980653
2024-11-21 20:29:34+00:00,NKS3010,29.224777221679688,-90.32568124624396,10675.62,104.22750191661612,261.64623862980653
2024-11-21 20:29:35+00:00,NKS3010,29.223912125926905,-90.32172707950366,10668.0,104.22750191661612,261.64623862980653
2024-11-21 20:29:36+00:00,NKS3010,29.223358154296875,-90.3192901611328,10668.0,104.22750191661612,261.64623862980653
2024-11-21 20:29:37+00:00,NKS3010,29.222655215505824,-90.31623391544116,10668.0,104.22750191661612,261.64623862980653
2024-11-21 20:29:38+00:00,NKS3010,29.222442626953125,-90.31527592585638,10668.0,104.22750191661612,261.64623862980653
2024-11-21 20:29:39+00:00,NKS3010,29.221631066273837,-90.3116562787224,10668.0,104.22750191661612,261.64623862980653
2024-11-21 20:29:40+00:00,NKS3010,29.2210258871822,-90.30885584214155,10668.0,104.22750191661612,261.64623862980653
2024-11-21 20:29:41+00:00,NKS3010,29.220513812566207,-90.30654009650738,10668.0,104.22750191661612,261.64623862980653
2024-11-21 20:29:42+00:00,NKS3010,29.21990863347457,-90.3039012235754,10668.0,104.22750191661612,261.64623862980653
2024-11-21 20:29:43+00:00,NKS3010,29.21932983398437,-90.30133174015924,10668.0,104.22750191661612,261.64623862980653
2024-11-21 20:29:44+00:00,NKS3010,29.218780517578125,-90.29869079589844,10668.0,104.22750191661612,261.64623862980653
2024-11-21 20:29:45+00:00,NKS3010,29.218185424804688,-90.29620830829327,10668.0,104.22750191661612,261.64623862980653
2024-11-21 20:29:46+00:00,NKS3010,29.217581021583687,-90.29350729549634,10668.0,104.22750191661612,261.64623862980653
2024-11-21 20:29:47+00:00,NKS3010,29.21711549920551,-90.29129925896144,10668.0,104.22750191661612,261.64623862980653
2024-11-21 20:29:48+00:00,NKS3010,29.216463767876057,-90.28833725873164,10668.0,104.22750191661612,261.64623862980653
2024-11-21 20:29:49+00:00,NKS3010,29.215850830078125,-90.28553889347955,10668.0,104.22750191661612,261.64623862980653
2024-11-21 20:29:50+00:00,NKS3010,29.21529996193061,-90.28311336741729,10668.0,104.22750191661612,261.64623862980653
2024-11-21 20:29:51+00:00,NKS3010,29.214752197265625,-90.28057391826924,10668.0,104.22750191661612,261.64623862980653
2024-11-21 20:29:52+00:00,NKS3010,29.21406555175781,-90.2775104229267,10668.0,104.22750191661612,261.64623862980653
2024-11-21 20:29:53+00:00,NKS3010,29.213717185844807,-90.27595071231616,10668.0,104.22750191661612,261.64623862980653
2024-11-21 20:29:54+00:00,NKS3010,29.213104248046875,-90.27333773099456,10668.0,104.22750191661612,261.64623862980653
2024-11-21 20:29:55+00:00,NKS3010,29.2122802734375,-90.26958759014424,10668.0,104.22750191661612,261.64623862980653
2024-11-21 20:29:56+00:00,NKS3010,29.21200561523437,-90.26831993689903,10668.0,104.22750191661612,261.64623862980653
2024-11-21 20:29:57+00:00,NKS3010,29.211063708289192,-90.26415656594668,10668.0,104.22750191661612,261.64623862980653
2024-11-21 20:29:58+00:00,NKS3010,29.210784394862287,-90.26286405675552,10668.0,104.22750191661612,261.64623862980653
2024-11-21 20:29:59+00:00,NKS3010,29.21027232024629,-90.26049445657168,10668.0,104.22750191661612,261.64623862980653
2024-11-21 20:30:00+00:00,NKS3010,29.20962058891684,-90.25753245634188,10668.0,104.22750191661612,261.64623862980653
2024-11-21 20:30:01+00:00,NKS3010,29.20901540982521,-90.25478587431064,10668.0,104.22750191661612,261.64623862980653
2024-11-21 20:30:03+00:00,NKS3010,29.20803781283104,-90.25058521943936,10668.0,104.22750191661612,261.64623862980653
2024-11-21 20:30:04+00:00,NKS3010,29.2071533203125,-90.24659998276655,10668.0,104.22750191661612,261.64623862980653
2024-11-21 20:30:05+00:00,NKS3010,29.206512451171875,-90.24375915527344,10668.0,104.22750191661612,261.64623862980653
2024-11-21 20:30:06+00:00,NKS3010,29.20600891113281,-90.24143512432391,10675.62,104.22750191661612,261.64623862980653
2024-11-21 20:30:07+00:00,NKS3010,29.20541381835937,-90.23879418006312,10668.0,104.22750191661612,261.64623862980653
2024-11-21 20:30:08+00:00,NKS3010,29.204872260659428,-90.23631376378675,10675.62,104.33664756683976,261.773149881799
2024-11-21 20:30:09+00:00,NKS3010,29.204360961914062,-90.23404048039362,10668.0,104.33664756683976,261.773149881799
2024-11-21 20:30:10+00:00,NKS3010,29.203765869140625,-90.231452355018,10668.0,104.33664756683976,261.773149881799
2024-11-21 20:30:11+00:00,NKS3010,29.203242932335804,-90.22898954503675,10668.0,104.33664756683976,261.773149881799
2024-11-21 20:30:12+00:00,NKS3010,29.202392578125,-90.2252197265625,10668.0,104.33664756683976,261.773149881799
2024-11-21 20:30:13+00:00,NKS3010,29.202117919921875,-90.22400489220252,10675.62,104.33664756683976,261.773149881799
2024-11-21 20:30:14+00:00,NKS3010,29.201520499536542,-90.22128834443936,10668.0,104.33664756683976,261.773149881799
2024-11-21 20:30:15+00:00,NKS3010,29.20088195800781,-90.2185645470252,10668.0,104.33664756683976,261.773149881799
2024-11-21 20:30:16+00:00,NKS3010,29.20028686523437,-90.2158707838792,10668.0,104.33664756683976,261.773149881799
2024-11-21 20:30:17+00:00,NKS3010,29.199658410023837,-90.21315630744488,10668.0,104.33664756683976,261.773149881799
2024-11-21 20:30:18+00:00,NKS3010,29.1990966796875,-90.21058889535756,10668.0,104.33664756683976,261.773149881799
2024-11-21 20:30:19+00:00,NKS3010,29.19844805184057,-90.20766314338238,10668.0,104.3645824496972,261.2747579835064
2024-11-21 20:30:20+00:00,NKS3010,29.19781494140625,-90.2049372746394,10668.0,104.3645824496972,261.2747579835064
2024-11-21 20:30:21+00:00,NKS3010,29.197237693657307,-90.20222383386948,10668.0,104.3645824496972,261.2747579835064
2024-11-21 20:30:22+00:00,NKS3010,29.19667053222656,-90.1997610238882,10668.0,104.3645824496972,261.2747579835064
2024-11-21 20:30:23+00:00,NKS3010,29.1961669921875,-90.19753848805146,10668.0,104.3645824496972,261.2747579835064
2024-11-21 20:30:24+00:00,NKS3010,29.1954345703125,-90.19421504094048,10668.0,104.3645824496972,261.2747579835064
2024-11-21 20:30:25+00:00,NKS3010,29.19515991210937,-90.19305302546576,10668.0,104.3645824496972,261.2747579835064
2024-11-21 20:30:26+00:00,NKS3010,29.1943359375,-90.1893557035006,10668.0,104.3645824496972,261.2747579835064
2024-11-21 20:30:27+00:00,NKS3010,29.19378662109375,-90.18697885366583,10668.0,104.3645824496972,261.2747579835064
2024-11-21 20:30:28+00:00,NKS3010,29.193191528320312,-90.18433790940504,10668.0,104.3645824496972,261.2747579835064
2024-11-21 20:30:29+00:00,NKS3010,29.192675574351163,-90.18208223230698,10668.0,104.3645824496972,261.2747579835064
2024-11-21 20:30:30+00:00,NKS3010,29.19211694749735,-90.17949721392466,10668.0,104.3645824496972,261.2747579835064
2024-11-21 20:30:31+00:00,NKS3010,29.19151176840572,-90.17691219554229,10668.0,104.3645824496972,261.2747579835064
2024-11-21 20:30:32+00:00,NKS3010,29.190719604492188,-90.1731931246244,10668.0,104.3645824496972,261.2747579835064
2024-11-21 20:30:33+00:00,NKS3010,29.190353393554688,-90.17171419583832,10668.0,104.3645824496972,261.2747579835064
2024-11-21 20:30:34+00:00,NKS3010,29.189742783368644,-90.16899557674634,10668.0,104.3645824496972,261.2747579835064
2024-11-21 20:30:35+00:00,NKS3010,29.18913760427701,-90.16635670381436,10668.0,104.3645824496972,261.2747579835064
2024-11-21 20:30:36+00:00,NKS3010,29.1884765625,-90.16331599308891,10668.0,104.3645824496972,261.2747579835064
2024-11-21 20:30:37+00:00,NKS3010,29.18788069385593,-90.16064812155332,10668.0,104.3645824496972,261.2747579835064
2024-11-21 20:30:38+00:00,NKS3010,29.187228962526483,-90.15773997587314,10675.62,104.47381609290096,261.40286202433066
2024-11-21 20:30:39+00:00,NKS3010,29.186691284179688,-90.15555161696216,10675.62,104.47381609290096,261.40286202433066
2024-11-21 20:30:40+00:00,NKS3010,29.18637084960937,-90.15401986929083,10668.0,104.6113729888824,261.0340766269803
2024-11-21 20:30:41+00:00,NKS3010,29.18568420410156,-90.15111483060394,10668.0,104.82968730238956,261.29552219112827
2024-11-21 20:30:42+00:00,NKS3010,29.185043334960938,-90.1483154296875,10675.62,104.93867992109688,261.4276654322165
2024-11-21 20:30:43+00:00,NKS3010,29.1843892760196,-90.14562270220593,10675.62,105.07687454402148,261.0639838538041
2024-11-21 20:30:44+00:00,NKS3010,29.183761596679688,-90.14308636005109,10675.62,105.29468760527064,261.3335012284487
2024-11-21 20:30:45+00:00,NKS3010,29.18313236559852,-90.14039881089155,10675.62,105.54223874752456,261.1111187983555
2024-11-21 20:30:46+00:00,NKS3010,29.182480634269066,-90.13775993795956,10675.62,105.65093817126724,261.24943354557354
2024-11-21 20:30:47+00:00,NKS3010,29.1817823507018,-90.13495950137866,10675.62,105.89886441723316,261.0340766269803
2024-11-21 20:30:48+00:00,NKS3010,29.18117717161017,-90.13258990119488,10675.62,106.11582632704464,261.3178038955945
2024-11-21 20:30:49+00:00,NKS3010,29.180432335805083,-90.12973561006436,10675.62,106.2556868263222,260.9671531312979
2024-11-21 20:30:50+00:00,NKS3010,29.18005991790254,-90.12828153722428,10675.62,106.50436138175505,260.76374232084254
2024-11-21 20:30:51+00:00,NKS3010,29.17904663085937,-90.12438847468452,10675.62,106.7208734438054,261.05790130557176
2024-11-21 20:30:52+00:00,NKS3010,29.17866335076801,-90.12305764590992,10668.0,106.96981163866408,260.8636921403792
2024-11-21 20:30:53+00:00,NKS3010,29.1775926492982,-90.11907240923716,10668.0,107.18570614422478,261.165845477688
2024-11-21 20:30:54+00:00,NKS3010,29.17722023139565,-90.11761833639709,10668.0,107.4348746947993,260.98084342426546
2024-11-21 20:30:55+00:00,NKS3010,29.176521947828387,-90.11524873621325,10668.0,107.57664929289052,260.6449703983427
2024-11-21 20:30:56+00:00,NKS3010,29.17584228515625,-90.1127155010517,10668.0,107.79200571677764,260.95751879089573
2024-11-21 20:30:57+00:00,NKS3010,29.175032276218214,-90.10991713579966,10668.0,108.04178370609156,260.78454721659665
2024-11-21 20:30:58+00:00,NKS3010,29.1741943359375,-90.1070110614483,10675.62,108.2918884972162,260.61653832157566
2024-11-21 20:30:59+00:00,NKS3010,29.173416137695312,-90.1044229360727,10675.62,108.50638990748588,260.94129172932435
2024-11-21 20:31:00+00:00,NKS3010,29.172683715820312,-90.10183481069708,10668.0,108.64953875405142,260.61755380629984
2024-11-21 20:31:01+00:00,NKS3010,29.17186672404661,-90.0992539349724,10668.0,108.90017603361171,260.46163056165267
2024-11-21 20:31:02+00:00,NKS3010,29.171173095703125,-90.096922654372,10668.0,109.11403106596411,260.79672492204463
2024-11-21 20:31:03+00:00,NKS3010,29.17037705243644,-90.09424546185664,10668.0,109.36476123954168,260.650047228548
2024-11-21 20:31:04+00:00,NKS3010,29.169662475585938,-90.09195767916162,10668.0,109.50911882129463,260.3361131219375
2024-11-21 20:31:05+00:00,NKS3010,29.16856384277344,-90.088630089393,10668.0,109.72227776444706,260.6815213689891
2024-11-21 20:31:06+00:00,NKS3010,29.168095992783368,-90.08708280675552,10668.0,109.97344124204682,260.5469681967719
2024-11-21 20:31:07+00:00,NKS3010,29.16725805250265,-90.08449778837314,10668.0,110.11858016120854,260.2400285285328
2024-11-21 20:31:08+00:00,NKS3010,29.16637355998411,-90.08180506089155,10668.0,110.33099363859732,260.5957200126793
2024-11-21 20:31:09+00:00,NKS3010,29.165582171941207,-90.07943546070771,10668.0,110.58253425122052,260.4733153420998
2024-11-21 20:31:10+00:00,NKS3010,29.1646728515625,-90.07669302133412,10668.0,110.7284226522085,260.17340939095743
2024-11-21 20:31:11+00:00,NKS3010,29.16381318690413,-90.07399615119488,10668.0,110.94004169016344,260.5393499014931
2024-11-21 20:31:12+00:00,NKS3010,29.163070678710938,-90.07188650277942,10668.0,111.08630106146845,260.243587849798
2024-11-21 20:31:13+00:00,NKS3010,29.162276963056144,-90.069580078125,10675.62,111.33850837594962,260.1362783469229
2024-11-21 20:31:14+00:00,NKS3010,29.161345918299787,-90.06694120519302,10668.0,111.59091895824946,260.03401341695945
2024-11-21 20:31:15+00:00,NKS3010,29.16046142578125,-90.06438622107873,10675.62,111.69624113986434,260.2237567256287
2024-11-21 20:31:16+00:00,NKS3010,29.159637451171875,-90.06200937124396,10675.62,111.84352324540724,259.9367990138497
2024-11-21 20:31:17+00:00,NKS3010,29.158721923828125,-90.0594740647536,10668.0,112.0963116296604,259.84464080618034
2024-11-21 20:31:18+00:00,NKS3010,29.15785217285156,-90.05699157714844,10668.0,112.30620505490764,260.23341823131165
2024-11-21 20:31:19+00:00,NKS3010,29.15706311242055,-90.0548777860754,10675.62,112.45414462911364,259.95359781762585
2024-11-21 20:31:20+00:00,NKS3010,29.15617861990201,-90.05245433134189,10668.0,112.70711290788064,259.8736665296305
2024-11-21 20:31:21+00:00,NKS3010,29.155294127383478,-90.05003087660845,10675.62,112.855684660159,259.5985557275313
2024-11-21 20:31:22+00:00,NKS3010,29.15436308262712,-90.047607421875,10675.62,113.06461777376096,259.9999161684083
2024-11-21 20:31:23+00:00,NKS3010,29.1530130677304,-90.04405302159927,10668.0,113.21349188639756,259.7290149538149
2024-11-21 20:31:24+00:00,NKS3010,29.152500993114405,-90.04265280330884,10675.62,113.31770838675509,259.9322173334892
2024-11-21 20:31:25+00:00,NKS3010,29.15121459960937,-90.03929725060095,10668.0,113.36267586944888,259.4598709255348
2024-11-21 20:31:26+00:00,NKS3010,29.150299072265625,-90.03686758188098,10675.62,113.46688304575125,259.66430313960893
2024-11-21 20:31:27+00:00,NKS3010,29.14989406779661,-90.03581327550552,10675.62,113.46688304575125,259.66430313960893
2024-11-21 20:31:28+00:00,NKS3010,29.1488233663268,-90.03301283892466,10675.62,113.57092592418162,259.8695929394598
2024-11-21 20:31:29+00:00,NKS3010,29.14789232157044,-90.03053552964155,10675.62,113.57092592418162,259.8695929394598
2024-11-21 20:31:30+00:00,NKS3010,29.14691162109375,-90.02794119027942,10675.62,113.61636483523829,259.3981527547367
2024-11-21 20:31:31+00:00,NKS3010,29.145797470868644,-90.02504236557905,10675.62,113.61636483523829,259.3981527547367
2024-11-21 20:31:32+00:00,NKS3010,29.1448974609375,-90.022712120643,10675.62,113.61636483523829,259.3981527547367
2024-11-21 20:31:33+00:00,NKS3010,29.14393538135593,-90.0201416015625,10675.62,113.61636483523829,259.3981527547367
2024-11-21 20:31:34+00:00,NKS3010,29.14300433659957,-90.01782585592832,10675.62,113.61636483523829,259.3981527547367
2024-11-21 20:31:35+00:00,NKS3010,29.14211984408104,-90.01551011029414,10675.62,113.46688304575125,259.66430313960893
2024-11-21 20:31:36+00:00,NKS3010,29.141098022460938,-90.01278217022235,10675.62,113.46688304575125,259.66430313960893
2024-11-21 20:31:37+00:00,NKS3010,29.140304306806144,-90.01071705537686,10675.62,113.46688304575125,259.66430313960893
2024-11-21 20:31:38+00:00,NKS3010,29.139233605336333,-90.00786276424634,10675.62,113.46688304575125,259.66430313960893
2024-11-21 20:31:39+00:00,NKS3010,29.138302560579977,-90.0054393095129,10675.62,113.46688304575125,259.66430313960893
2024-11-21 20:31:40+00:00,NKS3010,29.13741806806144,-90.00317741842832,10675.62,113.46688304575125,259.66430313960893
2024-11-21 20:31:41+00:00,NKS3010,29.136626680018537,-90.00096938189341,10675.62,113.36267586944888,259.4598709255348
2024-11-21 20:31:42+00:00,NKS3010,29.13569563526218,-89.99859978170957,10675.62,113.36267586944888,259.4598709255348
2024-11-21 20:31:43+00:00,NKS3010,29.134735107421875,-89.99614422137921,10668.0,113.36267586944888,259.4598709255348
2024-11-21 20:31:44+00:00,NKS3010,29.13397320246292,-89.99407599954043,10668.0,113.36267586944888,259.4598709255348
2024-11-21 20:31:45+00:00,NKS3010,29.13294982910156,-89.99133770282452,10675.62,113.36267586944888,259.4598709255348
2024-11-21 20:31:46+00:00,NKS3010,29.13197145623676,-89.98874439912686,10675.62,113.36267586944888,259.4598709255348
2024-11-21 20:31:47+00:00,NKS3010,29.131086963718214,-89.98642865349268,10668.0,113.25830469683548,259.25629832594217
2024-11-21 20:31:48+00:00,NKS3010,29.129690396583687,-89.98271268956802,10668.0,113.25830469683548,259.25629832594217
2024-11-21 20:31:49+00:00,NKS3010,29.12928771972656,-89.9816718468299,10668.0,113.21349188639756,259.7290149538149
2024-11-21 20:31:50+00:00,NKS3010,29.12823486328125,-89.97881962702826,10668.0,113.21349188639756,259.7290149538149
2024-11-21 20:31:51+00:00,NKS3010,29.1273193359375,-89.97644277719348,10668.0,113.21349188639756,259.7290149538149
2024-11-21 20:31:52+00:00,NKS3010,29.12617492675781,-89.97332646296576,10668.0,113.21349188639756,259.7290149538149
2024-11-21 20:31:53+00:00,NKS3010,29.125396728515625,-89.97131934532752,10668.0,113.10911253405278,259.5266732247612
2024-11-21 20:31:54+00:00,NKS3010,29.124429993710272,-89.96876436121323,10668.0,113.10911253405278,259.5266732247612
2024-11-21 20:31:55+00:00,NKS3010,29.12354550119173,-89.96644861557905,10668.0,113.10911253405278,259.5266732247612
2024-11-21 20:31:56+00:00,NKS3010,29.122521351959744,-89.96364817899814,10668.0,113.10911253405278,259.5266732247612
2024-11-21 20:31:57+00:00,NKS3010,29.12168884277344,-89.96144221379205,10668.0,113.10911253405278,259.5266732247612
2024-11-21 20:31:58+00:00,NKS3010,29.120845471398304,-89.95912439682905,10668.0,113.10911253405278,259.5266732247612
2024-11-21 20:31:59+00:00,NKS3010,29.119914426641948,-89.95670094209561,10668.0,113.10911253405278,259.5266732247612
2024-11-21 20:32:00+00:00,NKS3010,29.119125366210938,-89.95457575871393,10668.0,113.10911253405278,259.5266732247612
2024-11-21 20:32:01+00:00,NKS3010,29.118072509765625,-89.95177635779748,10668.0,113.00457064216111,259.3251941609285
2024-11-21 20:32:02+00:00,NKS3010,29.117167844610695,-89.94932286879595,10668.0,113.00457064216111,259.3251941609285
2024-11-21 20:32:03+00:00,NKS3010,29.11614990234375,-89.94660010704627,10668.0,113.00457064216111,259.3251941609285
2024-11-21 20:32:04+00:00,NKS3010,29.115142822265625,-89.94385352501502,10668.0,113.00457064216111,259.3251941609285
2024-11-21 20:32:05+00:00,NKS3010,29.114181518554688,-89.9412653996394,10668.0,113.00457064216111,259.3251941609285
2024-11-21 20:32:06+00:00,NKS3010,29.113629874536542,-89.93984446806064,10668.0,113.00457064216111,259.3251941609285
2024-11-21 20:32:07+00:00,NKS3010,29.112762451171875,-89.93751525878906,10668.0,113.00457064216111,259.3251941609285
2024-11-21 20:32:08+00:00,NKS3010,29.111860889499468,-89.93515912224268,10668.0,113.00457064216111,259.3251941609285
2024-11-21 20:32:09+00:00,NKS3010,29.110565185546875,-89.93165236253003,10668.0,113.00457064216111,259.3251941609285
2024-11-21 20:32:10+00:00,NKS3010,29.109603881835938,-89.92906423715442,10668.0,113.00457064216111,259.3251941609285
2024-11-21 20:32:11+00:00,NKS3010,29.10873413085937,-89.9266873873197,10668.0,113.00457064216111,259.3251941609285
2024-11-21 20:32:12+00:00,NKS3010,29.108184814453125,-89.92526127741888,10668.0,113.00457064216111,259.3251941609285
2024-11-21 20:32:13+00:00,NKS3010,29.1068115234375,-89.92156395545373,10668.0,113.00457064216111,259.3251941609285
2024-11-21 20:32:14+00:00,NKS3010,29.106367725436968,-89.92034912109375,10668.0,113.00457064216111,259.3251941609285
2024-11-21 20:32:15+00:00,NKS3010,29.105484008789062,-89.91802509014423,10668.0,113.00457064216111,259.3251941609285
2024-11-21 20:32:16+00:00,NKS3010,29.10411071777344,-89.91427494929388,10668.0,113.00457064216111,259.3251941609285
2024-11-21 20:32:17+00:00,NKS3010,29.103561401367188,-89.91279602050781,10668.0,113.00457064216111,259.3251941609285
2024-11-21 20:32:18+00:00,NKS3010,29.102596994173727,-89.9102783203125,10668.0,113.00457064216111,259.3251941609285
2024-11-21 20:32:19+00:00,NKS3010,29.101619397179554,-89.90763944738052,10668.0,113.00457064216111,259.3251941609285
2024-11-21 20:32:20+00:00,NKS3010,29.10076904296875,-89.90540137657752,10668.0,113.00457064216111,259.3251941609285
2024-11-21 20:32:21+00:00,NKS3010,29.09999006885593,-89.90333108340991,10668.0,113.00457064216111,259.3251941609285
2024-11-21 20:32:22+00:00,NKS3010,29.098663330078125,-89.89969693697412,10668.0,113.00457064216111,259.3251941609285
2024-11-21 20:32:23+00:00,NKS3010,29.097848665916317,-89.89762250114893,10668.0,113.00457064216111,259.3251941609285
2024-11-21 20:32:24+00:00,NKS3010,29.09696417339777,-89.89519904641543,10668.0,113.00457064216111,259.3251941609285
2024-11-21 20:32:25+00:00,NKS3010,29.0959865764036,-89.89256017348345,10668.0,113.00457064216111,259.3251941609285
2024-11-21 20:32:26+00:00,NKS3010,29.09514863612288,-89.89035213694854,10668.0,113.00457064216111,259.3251941609285
2024-11-21 20:32:27+00:00,NKS3010,29.09431069584216,-89.88809024586396,10668.0,113.00457064216111,259.3251941609285
2024-11-21 20:32:28+00:00,NKS3010,29.093379651085804,-89.88555908203125,10668.0,113.00457064216111,259.3251941609285
2024-11-21 20:32:29+00:00,NKS3010,29.092495158567267,-89.88324333639707,10668.0,113.10911253405278,259.5266732247612
2024-11-21 20:32:30+00:00,NKS3010,29.09161376953125,-89.8808405949519,10668.0,113.10911253405278,259.5266732247612
2024-11-21 20:32:31+00:00,NKS3010,29.09077272576801,-89.87866569967832,10660.38,113.10911253405278,259.5266732247612
2024-11-21 20:32:32+00:00,NKS3010,29.08969116210937,-89.87576998197113,10660.38,113.10911253405278,259.5266732247612
2024-11-21 20:32:33+00:00,NKS3010,29.088910636255296,-89.8736572265625,10660.38,113.10911253405278,259.5266732247612
2024-11-21 20:32:34+00:00,NKS3010,29.088043212890625,-89.87128037672778,10660.38,113.10911253405278,259.5266732247612
2024-11-21 20:32:35+00:00,NKS3010,29.0870361328125,-89.86858661358173,10668.0,113.10911253405278,259.5266732247612
2024-11-21 20:32:36+00:00,NKS3010,29.086166381835938,-89.86636822040265,10668.0,113.15376983477532,259.0535873673687
2024-11-21 20:32:37+00:00,NKS3010,29.08534240722656,-89.86409700833832,10668.0,113.15376983477532,259.0535873673687
2024-11-21 20:32:38+00:00,NKS3010,29.084395069186968,-89.86159380744488,10668.0,113.15376983477532,259.0535873673687
2024-11-21 20:32:39+00:00,NKS3010,29.083465576171875,-89.8590792142428,10660.38,113.15376983477532,259.0535873673687
2024-11-21 20:32:40+00:00,NKS3010,29.082595825195312,-89.85686082106372,10660.38,113.15376983477532,259.0535873673687
2024-11-21 20:32:41+00:00,NKS3010,29.081601934917902,-89.85416187959561,10668.0,113.15376983477532,259.0535873673687
2024-11-21 20:32:42+00:00,NKS3010,29.08062744140625,-89.85157893254205,10660.38,113.15376983477532,259.0535873673687
2024-11-21 20:32:43+00:00,NKS3010,29.079666137695312,-89.84893798828125,10660.38,113.15376983477532,259.0535873673687
2024-11-21 20:32:44+00:00,NKS3010,29.07861328125,-89.84619140625,10660.38,113.15376983477532,259.0535873673687
2024-11-21 20:32:45+00:00,NKS3010,29.077651977539062,-89.84360328087439,10660.38,113.15376983477532,259.0535873673687
2024-11-21 20:32:46+00:00,NKS3010,29.076644897460938,-89.84101515549878,10660.38,113.15376983477532,259.0535873673687
2024-11-21 20:32:47+00:00,NKS3010,29.07573635295286,-89.8385440602022,10660.38,113.15376983477532,259.0535873673687
2024-11-21 20:32:48+00:00,NKS3010,29.075225830078125,-89.83721219576319,10660.38,113.15376983477532,259.0535873673687
2024-11-21 20:32:49+00:00,NKS3010,29.07431030273437,-89.83467688927283,10660.38,113.15376983477532,259.0535873673687
2024-11-21 20:32:50+00:00,NKS3010,29.07294321868379,-89.83111213235293,10660.38,113.15376983477532,259.0535873673687
2024-11-21 20:32:51+00:00,NKS3010,29.072479248046875,-89.82981755183295,10660.38,113.10911253405278,259.5266732247612
2024-11-21 20:32:52+00:00,NKS3010,29.071174233646715,-89.82631907743564,10660.38,113.10911253405278,259.5266732247612
2024-11-21 20:32:53+00:00,NKS3010,29.07024318889036,-89.82384176815259,10660.38,113.10911253405278,259.5266732247612
2024-11-21 20:32:54+00:00,NKS3010,29.06977844238281,-89.82263418344348,10660.38,113.10911253405278,259.5266732247612
2024-11-21 20:32:55+00:00,NKS3010,29.068862915039062,-89.82020451472357,10660.38,113.00457064216111,259.3251941609285
2024-11-21 20:32:56+00:00,NKS3010,29.067962129237287,-89.81775620404414,10660.38,113.00457064216111,259.3251941609285
2024-11-21 20:32:57+00:00,NKS3010,29.06703108448093,-89.81522504021143,10660.38,113.00457064216111,259.3251941609285
2024-11-21 20:32:58+00:00,NKS3010,29.06572762182203,-89.8117244944853,10660.38,113.00457064216111,259.3251941609285
2024-11-21 20:32:59+00:00,NKS3010,29.06483459472656,-89.80932382436896,10660.38,113.00457064216111,259.3251941609285
2024-11-21 20:33:00+00:00,NKS3010,29.06391906738281,-89.80694697453424,10660.38,113.00457064216111,259.3251941609285
2024-11-21 20:33:01+00:00,NKS3010,29.062957763671875,-89.80441166804388,10660.38,113.00457064216111,259.3251941609285
2024-11-21 20:33:02+00:00,NKS3010,29.062143099510063,-89.8021922392004,10660.38,113.00457064216111,259.3251941609285
2024-11-21 20:33:03+00:00,NKS3010,29.06117248535156,-89.7996051494892,10660.38,113.00457064216111,259.3251941609285
2024-11-21 20:33:04+00:00,NKS3010,29.060623168945312,-89.79817903958832,10660.38,113.00457064216111,259.3251941609285
2024-11-21 20:33:05+00:00,NKS3010,29.05970764160156,-89.79564373309796,10660.38,113.00457064216111,259.3251941609285
2024-11-21 20:33:06+00:00,NKS3010,29.05879211425781,-89.7931612454928,10660.38,113.00457064216111,259.3251941609285
2024-11-21 20:33:07+00:00,NKS3010,29.05795339810646,-89.7909366383272,10660.38,113.00457064216111,259.3251941609285
2024-11-21 20:33:08+00:00,NKS3010,29.05659484863281,-89.78729834923377,10660.38,113.00457064216111,259.3251941609285
2024-11-21 20:33:09+00:00,NKS3010,29.055672338453387,-89.78490492876841,10660.38,113.00457064216111,259.3251941609285
2024-11-21 20:33:10+00:00,NKS3010,29.05474129369703,-89.78237376493564,10660.38,113.00457064216111,259.3251941609285
2024-11-21 20:33:11+00:00,NKS3010,29.05422921908104,-89.78097354664521,10660.38,113.00457064216111,259.3251941609285
2024-11-21 20:33:12+00:00,NKS3010,29.052886962890625,-89.77731557992786,10660.38,113.00457064216111,259.3251941609285
2024-11-21 20:33:13+00:00,NKS3010,29.051971435546875,-89.77488591120795,10660.38,113.00457064216111,259.3251941609285
2024-11-21 20:33:14+00:00,NKS3010,29.051110219147244,-89.77257223690259,10660.38,113.00457064216111,259.3251941609285
2024-11-21 20:33:15+00:00,NKS3010,29.050552368164062,-89.77108295147235,10660.38,113.00457064216111,259.3251941609285
2024-11-21 20:33:16+00:00,NKS3010,29.050094604492188,-89.76992093599756,10660.38,113.00457064216111,259.3251941609285
2024-11-21 20:33:17+00:00,NKS3010,29.048629760742188,-89.76595951960638,10660.38,113.00457064216111,259.3251941609285
2024-11-21 20:33:18+00:00,NKS3010,29.04766845703125,-89.76331857534552,10660.38,113.00457064216111,259.3251941609285
2024-11-21 20:33:19+00:00,NKS3010,29.04682741326801,-89.76115507238052,10660.38,113.00457064216111,259.3251941609285
2024-11-21 20:33:20+00:00,NKS3010,29.04583740234375,-89.75851205679083,10660.38,113.00457064216111,259.3251941609285
2024-11-21 20:33:21+00:00,NKS3010,29.04501187599311,-89.75620045381436,10660.38,113.00457064216111,259.3251941609285
2024-11-21 20:33:22+00:00,NKS3010,29.043960571289062,-89.75349426269531,10660.38,113.00457064216111,259.3251941609285
2024-11-21 20:33:23+00:00,NKS3010,29.043056682004767,-89.7509765625,10660.38,113.00457064216111,259.3251941609285
2024-11-21 20:33:24+00:00,NKS3010,29.042266845703125,-89.74884620079627,10660.38,113.00457064216111,259.3251941609285
2024-11-21 20:33:25+00:00,NKS3010,29.04119459249205,-89.74607579848345,10660.38,113.10911253405278,259.5266732247612
2024-11-21 20:33:26+00:00,NKS3010,29.040356652211333,-89.74376005284927,10660.38,113.10911253405278,259.5266732247612
2024-11-21 20:33:27+00:00,NKS3010,29.039382934570312,-89.74124028132513,10660.38,113.10911253405278,259.5266732247612
2024-11-21 20:33:28+00:00,NKS3010,29.03851318359375,-89.73881061260516,10660.38,113.10911253405278,259.5266732247612
2024-11-21 20:33:29+00:00,NKS3010,29.03755187988281,-89.736328125,10660.38,113.10911253405278,259.5266732247612
2024-11-21 20:33:30+00:00,NKS3010,29.036544799804688,-89.7336871807392,10660.38,113.15376983477532,259.0535873673687
2024-11-21 20:33:31+00:00,NKS3010,29.03558349609375,-89.73104623647833,10660.38,113.15376983477532,259.0535873673687
2024-11-21 20:33:32+00:00,NKS3010,29.034988403320312,-89.72956730769232,10660.38,113.15376983477532,259.0535873673687
2024-11-21 20:33:33+00:00,NKS3010,29.033978995630296,-89.72679586971509,10660.38,113.25830469683548,259.25629832594217
2024-11-21 20:33:34+00:00,NKS3010,29.03302001953125,-89.72428541917066,10660.38,113.25830469683548,259.25629832594217
2024-11-21 20:33:35+00:00,NKS3010,29.032116906117583,-89.72189510569854,10660.38,113.25830469683548,259.25629832594217
2024-11-21 20:33:36+00:00,NKS3010,29.03123241359905,-89.71957936006436,10660.38,113.25830469683548,259.25629832594217
2024-11-21 20:33:37+00:00,NKS3010,29.03025481660487,-89.71694048713238,10660.38,113.25830469683548,259.25629832594217
2024-11-21 20:33:38+00:00,NKS3010,29.02932377184852,-89.71440932329966,10660.38,113.25830469683548,259.25629832594217
2024-11-21 20:33:39+00:00,NKS3010,29.02834617485434,-89.71193201401655,10660.38,113.25830469683548,259.25629832594217
2024-11-21 20:33:40+00:00,NKS3010,29.027461682335804,-89.70961626838238,10660.38,113.25830469683548,259.25629832594217
2024-11-21 20:33:41+00:00,NKS3010,29.026530637579448,-89.70713895909927,10660.38,113.25830469683548,259.25629832594217
2024-11-21 20:33:42+00:00,NKS3010,29.02574157714844,-89.70500652606671,10660.38,113.25830469683548,259.25629832594217
2024-11-21 20:33:43+00:00,NKS3010,29.0244140625,-89.7015204796424,10660.38,113.25830469683548,259.25629832594217
2024-11-21 20:33:44+00:00,NKS3010,29.02363586425781,-89.69946054311896,10660.38,113.25830469683548,259.25629832594217
2024-11-21 20:33:45+00:00,NKS3010,29.022674560546875,-89.6968724177434,10660.38,113.25830469683548,259.25629832594217
2024-11-21 20:33:46+00:00,NKS3010,29.021735757084212,-89.69442928538604,10660.38,113.25830469683548,259.25629832594217
2024-11-21 20:33:47+00:00,NKS3010,29.02093505859375,-89.69227717472955,10660.38,113.25830469683548,259.25629832594217
2024-11-21 20:33:48+00:00,NKS3010,29.019966772047137,-89.68979779411768,10660.38,113.25830469683548,259.25629832594217
2024-11-21 20:33:49+00:00,NKS3010,29.0189208984375,-89.68699528620795,10660.38,113.25830469683548,259.25629832594217
2024-11-21 20:33:50+00:00,NKS3010,29.018104682534428,-89.68478932100186,10660.38,113.25830469683548,259.25629832594217
2024-11-21 20:33:51+00:00,NKS3010,29.017127085540253,-89.68220430261948,10660.38,113.25830469683548,259.25629832594217
2024-11-21 20:33:52+00:00,NKS3010,29.01661501092426,-89.68080408432905,10660.38,113.25830469683548,259.25629832594217
2024-11-21 20:33:53+00:00,NKS3010,29.015358100503175,-89.67751895680146,10660.38,113.25830469683548,259.25629832594217
2024-11-21 20:33:54+00:00,NKS3010,29.014434814453125,-89.67505821814905,10660.38,113.25830469683548,259.25629832594217
2024-11-21 20:33:55+00:00,NKS3010,29.013427734375,-89.67247009277344,10660.38,113.25830469683548,259.25629832594217
2024-11-21 20:33:56+00:00,NKS3010,29.01251220703125,-89.66998760516827,10660.38,113.25830469683548,259.25629832594217
2024-11-21 20:33:57+00:00,NKS3010,29.01195978714248,-89.6685791015625,10660.38,113.25830469683548,259.25629832594217
2024-11-21 20:33:58+00:00,NKS3010,29.010982190148304,-89.66594022863052,10660.38,113.25830469683548,259.25629832594217
2024-11-21 20:33:59+00:00,NKS3010,29.009958040916317,-89.66330135569854,10660.38,113.25830469683548,259.25629832594217
2024-11-21 20:34:00+00:00,NKS3010,29.00907354839777,-89.6609317555147,10660.38,113.25830469683548,259.25629832594217
2024-11-21 20:34:01+00:00,NKS3010,29.00814250364142,-89.65850830078125,10660.38,113.25830469683548,259.25629832594217
2024-11-21 20:34:02+00:00,NKS3010,29.0072021484375,-89.65599060058594,10660.38,113.25830469683548,259.25629832594217
2024-11-21 20:34:03+00:00,NKS3010,29.00596618652344,-89.65276864858771,10660.38,113.25830469683548,259.25629832594217
2024-11-21 20:34:04+00:00,NKS3010,29.005489026085804,-89.65145335477939,10660.38,113.25830469683548,259.25629832594217
2024-11-21 20:34:05+00:00,NKS3010,29.00445556640625,-89.64875441331128,10660.38,113.25830469683548,259.25629832594217
2024-11-21 20:34:06+00:00,NKS3010,29.003494262695312,-89.64621910682092,10660.38,113.25830469683548,259.25629832594217
2024-11-21 20:34:07+00:00,NKS3010,29.00246313062765,-89.64348288143384,10660.38,113.25830469683548,259.25629832594217
2024-11-21 20:34:08+00:00,NKS3010,29.001625190346928,-89.64132869944854,10660.38,113.25830469683548,259.25629832594217
2024-11-21 20:34:09+00:00,NKS3010,29.000740697828387,-89.63890524471509,10660.38,113.25830469683548,259.25629832594217
2024-11-21 20:34:10+00:00,NKS3010,28.9998779296875,-89.63660606971155,10660.38,113.25830469683548,259.25629832594217
2024-11-21 20:34:11+00:00,NKS3010,28.99887084960937,-89.63401794433594,10660.38,113.25830469683548,259.25629832594217
2024-11-21 20:34:12+00:00,NKS3010,28.997807906845868,-89.63125789866729,10668.0,113.25830469683548,259.25629832594217
2024-11-21 20:34:13+00:00,NKS3010,28.99676513671875,-89.62847196138819,10668.0,113.25830469683548,259.25629832594217
2024-11-21 20:34:14+00:00,NKS3010,28.99580383300781,-89.62588383601263,10668.0,113.25830469683548,259.25629832594217
2024-11-21 20:34:15+00:00,NKS3010,28.994921668101163,-89.62361055261948,10660.38,113.25830469683548,259.25629832594217
2024-11-21 20:34:16+00:00,NKS3010,28.99440959348517,-89.62221033432905,10668.0,113.25830469683548,259.25629832594217
2024-11-21 20:34:17+00:00,NKS3010,28.99305725097656,-89.61859482985278,10668.0,113.25830469683548,259.25629832594217
2024-11-21 20:34:18+00:00,NKS3010,28.992594056210272,-89.61741727941177,10668.0,113.25830469683548,259.25629832594217
2024-11-21 20:34:19+00:00,NKS3010,28.99127197265625,-89.61389394906848,10668.0,113.25830469683548,259.25629832594217
2024-11-21 20:34:20+00:00,NKS3010,28.990731966697563,-89.61251651539521,10668.0,113.25830469683548,259.25629832594217
2024-11-21 20:34:21+00:00,NKS3010,28.98933539956303,-89.60874669692095,10668.0,113.25830469683548,259.25629832594217
2024-11-21 20:34:22+00:00,NKS3010,28.98845090704449,-89.60648480583643,10668.0,113.25830469683548,259.25629832594217
2024-11-21 20:34:23+00:00,NKS3010,28.98760986328125,-89.60428091195911,10668.0,113.25830469683548,259.25629832594217
2024-11-21 20:34:24+00:00,NKS3010,28.986728474245236,-89.60190716911768,10668.0,113.25830469683548,259.25629832594217
2024-11-21 20:34:25+00:00,NKS3010,28.98579742948888,-89.59942985983457,10668.0,113.25830469683548,259.25629832594217
2024-11-21 20:34:26+00:00,NKS3010,28.984909057617188,-89.59704472468451,10668.0,113.25830469683548,259.25629832594217
2024-11-21 20:34:27+00:00,NKS3010,28.984074996689618,-89.59490607766543,10668.0,113.25830469683548,259.25629832594217
2024-11-21 20:34:28+00:00,NKS3010,28.982986450195312,-89.59207974947412,10668.0,113.25830469683548,259.25629832594217
2024-11-21 20:34:29+00:00,NKS3010,28.98252868652344,-89.59075927734375,10668.0,113.25830469683548,259.25629832594217
2024-11-21 20:34:30+00:00,NKS3010,28.981561175847457,-89.58822811351104,10668.0,113.25830469683548,259.25629832594217
2024-11-21 20:34:31+00:00,NKS3010,28.98056030273437,-89.58558302659253,10668.0,113.25830469683548,259.25629832594217
2024-11-21 20:34:32+00:00,NKS3010,28.9793266684322,-89.58235796760113,10668.0,113.25830469683548,259.25629832594217
2024-11-21 20:34:33+00:00,NKS3010,28.978488728151483,-89.58014993106616,10668.0,113.25830469683548,259.25629832594217
2024-11-21 20:34:34+00:00,NKS3010,28.977584838867188,-89.5777658315805,10668.0,113.25830469683548,259.25629832594217
2024-11-21 20:34:35+00:00,NKS3010,28.97658008640095,-89.5751414579504,10668.0,113.25830469683548,259.25629832594217
2024-11-21 20:34:36+00:00,NKS3010,28.97606801178496,-89.57379509420957,10668.0,113.25830469683548,259.25629832594217
2024-11-21 20:34:37+00:00,NKS3010,28.974624892412606,-89.56997142118564,10668.0,113.25830469683548,259.25629832594217
2024-11-21 20:34:38+00:00,NKS3010,28.974205922272244,-89.56878662109375,10668.0,113.25830469683548,259.25629832594217
2024-11-21 20:34:39+00:00,NKS3010,28.972762802899894,-89.56501680261948,10668.0,113.25830469683548,259.25629832594217
2024-11-21 20:34:40+00:00,NKS3010,28.97236633300781,-89.56392728365381,10668.0,113.25830469683548,259.25629832594217
2024-11-21 20:34:43+00:00,NKS3010,28.96934509277344,-89.55595163198615,10668.0,113.25830469683548,259.25629832594217
2024-11-21 20:34:44+00:00,NKS3010,28.968475341796875,-89.55373323880707,10668.0,113.25830469683548,259.25629832594217
2024-11-21 20:34:45+00:00,NKS3010,28.967605590820312,-89.55135638897235,10668.0,113.25830469683548,259.25629832594217
2024-11-21 20:34:46+00:00,NKS3010,28.96664428710937,-89.54876826359674,10668.0,113.25830469683548,259.25629832594217
2024-11-21 20:34:47+00:00,NKS3010,28.965591430664062,-89.54607450045069,10668.0,113.25830469683548,259.25629832594217
2024-11-21 20:34:48+00:00,NKS3010,28.96453857421875,-89.54327509953424,10668.0,113.25830469683548,259.25629832594217
2024-11-21 20:34:49+00:00,NKS3010,28.963638564287606,-89.54083610983457,10668.0,113.25830469683548,259.25629832594217
2024-11-21 20:34:50+00:00,NKS3010,28.962754071769066,-89.5385203642004,10668.0,113.21349188639756,259.7290149538149
2024-11-21 20:34:51+00:00,NKS3010,28.961700439453125,-89.5357748178335,10668.0,113.21349188639756,259.7290149538149
2024-11-21 20:34:52+00:00,NKS3010,28.96089198225636,-89.53351189108457,10668.0,113.21349188639756,259.7290149538149
2024-11-21 20:34:53+00:00,NKS3010,28.95991438526218,-89.5309268727022,10668.0,113.21349188639756,259.7290149538149
2024-11-21 20:34:54+00:00,NKS3010,28.95904541015625,-89.52864426832934,10668.0,113.21349188639756,259.7290149538149
2024-11-21 20:34:55+00:00,NKS3010,28.9581298828125,-89.52621459960938,10668.0,113.21349188639756,259.7290149538149
2024-11-21 20:34:56+00:00,NKS3010,28.95716780323093,-89.52365650850186,10668.0,113.21349188639756,259.7290149538149
2024-11-21 20:34:57+00:00,NKS3010,28.95625305175781,-89.52124962439905,10668.0,113.21349188639756,259.7290149538149
2024-11-21 20:34:58+00:00,NKS3010,28.95538330078125,-89.51892559344952,10668.0,113.21349188639756,259.7290149538149
2024-11-21 20:34:59+00:00,NKS3010,28.95497984805349,-89.51789407169116,10668.0,113.21349188639756,259.7290149538149
2024-11-21 20:35:01+00:00,NKS3010,28.952545166015625,-89.51142531174878,10668.0,113.21349188639756,259.7290149538149
2024-11-21 20:35:02+00:00,NKS3010,28.951492309570312,-89.50873154860278,10668.0,113.21349188639756,259.7290149538149
2024-11-21 20:35:03+00:00,NKS3010,28.95112609863281,-89.50767517089844,10668.0,113.21349188639756,259.7290149538149
2024-11-21 20:35:05+00:00,NKS3010,28.948788400423727,-89.50152228860293,10668.0,113.21349188639756,259.7290149538149
2024-11-21 20:35:06+00:00,NKS3010,28.948013305664062,-89.49938260591944,10668.0,113.21349188639756,259.7290149538149
2024-11-21 20:35:07+00:00,NKS3010,28.947097778320312,-89.49695293719952,10668.0,113.21349188639756,259.7290149538149
2024-11-21 20:35:08+00:00,NKS3010,28.94618225097656,-89.49457608736475,10668.0,113.21349188639756,259.7290149538149
2024-11-21 20:35:09+00:00,NKS3010,28.94526672363281,-89.49214641864484,10668.0,113.21349188639756,259.7290149538149
2024-11-21 20:35:10+00:00,NKS3010,28.9442728333554,-89.48951272403491,10668.0,113.21349188639756,259.7290149538149
2024-11-21 20:35:11+00:00,NKS3010,28.943389892578125,-89.48712862454926,10668.0,113.21349188639756,259.7290149538149
2024-11-21 20:35:12+00:00,NKS3010,28.94259695279396,-89.48504279641543,10668.0,113.21349188639756,259.7290149538149
2024-11-21 20:35:13+00:00,NKS3010,28.941558837890625,-89.48232210599457,10668.0,113.21349188639756,259.7290149538149
2024-11-21 20:35:14+00:00,NKS3010,28.940643310546875,-89.47989243727466,10668.0,113.21349188639756,259.7290149538149
2024-11-21 20:35:15+00:00,NKS3010,28.93989692300053,-89.47793399586396,10668.0,113.21349188639756,259.7290149538149
2024-11-21 20:35:16+00:00,NKS3010,28.93891932600636,-89.47529512293198,10668.0,113.21349188639756,259.7290149538149
2024-11-21 20:35:17+00:00,NKS3010,28.93770896782309,-89.47211770450366,10668.0,113.21349188639756,259.7290149538149
2024-11-21 20:35:18+00:00,NKS3010,28.937164306640625,-89.47064913236176,10668.0,113.21349188639756,259.7290149538149
2024-11-21 20:35:19+00:00,NKS3010,28.93588256835937,-89.46726872370795,10668.0,113.21349188639756,259.7290149538149
2024-11-21 20:35:20+00:00,NKS3010,28.935333251953125,-89.46584261380707,10668.0,113.21349188639756,259.7290149538149
2024-11-21 20:35:21+00:00,NKS3010,28.93428039550781,-89.46304321289062,10668.0,113.25830469683548,259.25629832594217
2024-11-21 20:35:22+00:00,NKS3010,28.933426161943856,-89.46075439453125,10668.0,113.25830469683548,259.25629832594217
2024-11-21 20:35:23+00:00,NKS3010,28.9324951171875,-89.45828951322113,10668.0,113.25830469683548,259.25629832594217
2024-11-21 20:35:24+00:00,NKS3010,28.93161062466896,-89.45596133961396,10668.0,113.25830469683548,259.25629832594217
2024-11-21 20:35:25+00:00,NKS3010,28.93121337890625,-89.45485628568207,10668.0,113.25830469683548,259.25629832594217
2024-11-21 20:35:26+00:00,NKS3010,28.930252075195312,-89.4523737980769,10668.0,113.25830469683548,259.25629832594217
2024-11-21 20:35:27+00:00,NKS3010,28.928817490399894,-89.4485294117647,10668.0,113.25830469683548,259.25629832594217
2024-11-21 20:35:28+00:00,NKS3010,28.92793299788136,-89.44621366613052,10668.0,113.25830469683548,259.25629832594217
2024-11-21 20:35:29+00:00,NKS3010,28.92690884864936,-89.44357479319854,10668.0,113.25830469683548,259.25629832594217
2024-11-21 20:35:30+00:00,NKS3010,28.92593125165519,-89.44098977481616,10668.0,113.25830469683548,259.25629832594217
2024-11-21 20:35:31+00:00,NKS3010,28.92494201660156,-89.43832397460938,10675.62,113.25830469683548,259.25629832594217
2024-11-21 20:35:32+00:00,NKS3010,28.923929505429022,-89.43565817440259,10675.62,113.25830469683548,259.25629832594217
2024-11-21 20:35:33+00:00,NKS3010,28.923045012910485,-89.43334242876841,10668.0,113.25830469683548,259.25629832594217
2024-11-21 20:35:34+00:00,NKS3010,28.922207072629767,-89.43102668313418,10675.62,113.25830469683548,259.25629832594217
2024-11-21 20:35:35+00:00,NKS3010,28.92164844577595,-89.42962646484375,10668.0,113.25830469683548,259.25629832594217
2024-11-21 20:35:36+00:00,NKS3010,28.920181274414062,-89.42580589881311,10668.0,113.25830469683548,259.25629832594217
2024-11-21 20:35:37+00:00,NKS3010,28.919265747070312,-89.42332341120795,10675.62,113.25830469683548,259.25629832594217
2024-11-21 20:35:38+00:00,NKS3010,28.91876220703125,-89.42197911879595,10675.62,113.25830469683548,259.25629832594217
2024-11-21 20:35:39+00:00,NKS3010,28.917800903320312,-89.4194148137019,10668.0,113.25830469683548,259.25629832594217
2024-11-21 20:35:40+00:00,NKS3010,28.916527699615997,-89.41610897288604,10675.62,113.25830469683548,259.25629832594217
2024-11-21 20:35:41+00:00,NKS3010,28.91596984863281,-89.41466111403247,10668.0,113.25830469683548,259.25629832594217
2024-11-21 20:35:42+00:00,NKS3010,28.9149169921875,-89.41186171311597,10675.62,113.25830469683548,259.25629832594217
2024-11-21 20:35:43+00:00,NKS3010,28.91390991210937,-89.40916794996997,10675.62,113.25830469683548,259.25629832594217
2024-11-21 20:35:44+00:00,NKS3010,28.91350180415784,-89.40813849954043,10668.0,113.25830469683548,259.25629832594217
2024-11-21 20:35:45+00:00,NKS3010,28.91221618652344,-89.40473116361176,10668.0,113.25830469683548,259.25629832594217
2024-11-21 20:35:46+00:00,NKS3010,28.911639714645126,-89.40323773552393,10668.0,113.36267586944888,259.4598709255348
2024-11-21 20:35:51+00:00,NKS3010,28.906814575195312,-89.39041724571814,10668.0,113.36267586944888,259.4598709255348
2024-11-21 20:35:52+00:00,NKS3010,28.905820684917902,-89.38778147977939,10668.0,113.36267586944888,259.4598709255348
2024-11-21 20:35:53+00:00,NKS3010,28.90489196777344,-89.38539945162256,10668.0,113.36267586944888,259.4598709255348
2024-11-21 20:35:54+00:00,NKS3010,28.904051699880824,-89.38314998851104,10668.0,113.36267586944888,259.4598709255348
2024-11-21 20:35:56+00:00,NKS3010,28.90223693847656,-89.3783217210036,10668.0,113.36267586944888,259.4598709255348
2024-11-21 20:35:57+00:00,NKS3010,28.90132141113281,-89.37599769005408,10668.0,113.36267586944888,259.4598709255348
2024-11-21 20:35:58+00:00,NKS3010,28.900360107421875,-89.37340956467847,10668.0,113.36267586944888,259.4598709255348
2024-11-21 20:35:59+00:00,NKS3010,28.899444580078125,-89.3709798959585,10675.62,113.36267586944888,259.4598709255348
2024-11-21 20:36:00+00:00,NKS3010,28.89857482910156,-89.36870868389423,10668.0,113.36267586944888,259.4598709255348
2024-11-21 20:36:02+00:00,NKS3010,28.89637756347656,-89.36289860652045,10668.0,113.36267586944888,259.4598709255348
2024-11-21 20:36:03+00:00,NKS3010,28.89532470703125,-89.3601520244892,10668.0,113.36267586944888,259.4598709255348
2024-11-21 20:36:04+00:00,NKS3010,28.894834356792902,-89.35891544117646,10668.0,113.36267586944888,259.4598709255348
2024-11-21 20:36:06+00:00,NKS3010,28.892990112304688,-89.35402503380408,10668.0,113.36267586944888,259.4598709255348
2024-11-21 20:36:12+00:00,NKS3010,28.887153237552965,-89.33871998506436,10668.0,113.36267586944888,259.4598709255348
2024-11-21 20:36:20+00:00,NKS3010,28.87948608398437,-89.31858356182391,10668.0,113.46688304575125,259.66430313960893
2024-11-21 20:36:21+00:00,NKS3010,28.87847900390625,-89.3159954364483,10668.0,113.46688304575125,259.66430313960893
2024-11-21 20:36:22+00:00,NKS3010,28.8775634765625,-89.31356991038604,10668.0,113.46688304575125,259.66430313960893
2024-11-21 20:36:23+00:00,NKS3010,28.87701416015625,-89.31219247671271,10668.0,113.46688304575125,259.66430313960893
2024-11-21 20:36:24+00:00,NKS3010,28.87568664550781,-89.308600792518,10668.0,113.46688304575125,259.66430313960893
2024-11-21 20:36:26+00:00,NKS3010,28.873947143554688,-89.3040583683894,10668.0,113.46688304575125,259.66430313960893
2024-11-21 20:36:27+00:00,NKS3010,28.872954805018537,-89.30145263671875,10668.0,113.46688304575125,259.66430313960893
2024-11-21 20:36:29+00:00,NKS3010,28.871063232421875,-89.29655808668872,10668.0,113.46688304575125,259.66430313960893
2024-11-21 20:36:30+00:00,NKS3010,28.870161670749468,-89.29423612706802,10668.0,113.46688304575125,259.66430313960893
2024-11-21 20:36:32+00:00,NKS3010,28.86871855137712,-89.29046630859375,10668.0,113.46688304575125,259.66430313960893
2024-11-21 20:36:33+00:00,NKS3010,28.86746164095604,-89.28712732651655,10668.0,113.46688304575125,259.66430313960893
2024-11-21 20:36:34+00:00,NKS3010,28.8665771484375,-89.28477947528546,10675.62,113.46688304575125,259.66430313960893
2024-11-21 20:36:35+00:00,NKS3010,28.86561584472656,-89.28224416879505,10668.0,113.46688304575125,259.66430313960893
2024-11-21 20:36:36+00:00,NKS3010,28.86460876464844,-89.27960322453424,10668.0,113.46688304575125,259.66430313960893
2024-11-21 20:36:37+00:00,NKS3010,28.86415643207097,-89.278564453125,10668.0,113.46688304575125,259.66430313960893
2024-11-21 20:36:39+00:00,NKS3010,28.86199951171875,-89.27284240722656,10668.0,113.46688304575125,259.66430313960893
2024-11-21 20:36:44+00:00,NKS3010,28.857127044160485,-89.26009234260113,10675.62,113.46688304575125,259.66430313960893
2024-11-21 20:36:45+00:00,NKS3010,28.856149447166317,-89.25750732421875,10668.0,113.46688304575125,259.66430313960893
2024-11-21 20:36:54+00:00,NKS3010,28.84814246226165,-89.23661175896143,10668.0,113.46688304575125,259.66430313960893
2024-11-21 20:36:55+00:00,NKS3010,28.846792447364937,-89.23305735868564,10668.0,113.46688304575125,259.66430313960893
2024-11-21 20:36:56+00:00,NKS3010,28.84588623046875,-89.23069293682391,10668.0,113.42176172796955,260.1362783469229
2024-11-21 20:36:57+00:00,NKS3010,28.844879150390625,-89.22805199256311,10668.0,113.42176172796955,260.1362783469229
2024-11-21 20:36:59+00:00,NKS3010,28.844009399414062,-89.22567514272833,10668.0,113.42176172796955,260.1362783469229
2024-11-21 20:37:00+00:00,NKS3010,28.84302171610169,-89.22314812155332,10675.62,113.42176172796955,260.1362783469229
2024-11-21 20:37:01+00:00,NKS3010,28.842086791992188,-89.22076298640326,10668.0,113.42176172796955,260.1362783469229
2024-11-21 20:37:03+00:00,NKS3010,28.839437193789724,-89.21377742991729,10668.0,113.42176172796955,260.1362783469229
2024-11-21 20:37:04+00:00,NKS3010,28.838413044557733,-89.2111385569853,10668.0,113.46688304575125,259.66430313960893
2024-11-21 20:37:09+00:00,NKS3010,28.834304809570312,-89.20032207782452,10675.62,113.46688304575125,259.66430313960893
2024-11-21 20:37:14+00:00,NKS3010,28.82956811937235,-89.18798110064341,10668.0,113.46688304575125,259.66430313960893
2024-11-21 20:37:15+00:00,NKS3010,28.828637074615997,-89.18555764590991,10668.0,113.46688304575125,259.66430313960893
2024-11-21 20:38:16+00:00,NKS3010,28.771796792240465,-89.03681137982537,10668.0,113.46688304575125,259.66430313960893
2024-11-21 20:38:18+00:00,NKS3010,28.76998125496557,-89.03196447035846,10668.0,113.46688304575125,259.66430313960893
2024-11-21 20:38:20+00:00,NKS3010,28.76811916545286,-89.02711756089154,10668.0,113.46688304575125,259.66430313960893
2024-11-21 20:39:31+00:00,NKS3010,28.70154946537341,-88.85386747472427,10675.62,113.55761941970212,258.720838484911
2024-11-21 20:39:32+00:00,NKS3010,28.70061842061705,-88.85149787454044,10675.62,113.55761941970212,258.720838484911
2024-11-21 20:39:33+00:00,NKS3010,28.69964082362288,-88.84896671070771,10675.62,113.55761941970212,258.720838484911
2024-11-21 20:39:34+00:00,NKS3010,28.698570122153072,-88.84616627412683,10675.62,113.55761941970212,258.720838484911
2024-11-21 20:39:46+00:00,NKS3010,28.688142420881885,-88.81902358111213,10675.62,113.66196918306493,258.92687631043094
2024-11-21 20:39:48+00:00,NKS3010,28.686094122417902,-88.81374583524816,10675.62,113.66196918306493,258.92687631043094
2024-11-21 20:39:50+00:00,NKS3010,28.684295654296875,-88.80909259502704,10675.62,113.66196918306493,258.92687631043094
2024-11-21 20:39:52+00:00,NKS3010,28.68250960010593,-88.80453670726104,10675.62,113.70773981470757,258.4557645022508
2024-11-21 20:39:53+00:00,NKS3010,28.68077087402344,-88.80006056565503,10675.62,113.70773981470757,258.4557645022508
2024-11-21 20:39:55+00:00,NKS3010,28.679763793945312,-88.79741962139423,10675.62,113.70773981470757,258.4557645022508
2024-11-21 20:39:57+00:00,NKS3010,28.677807824086333,-88.79241943359375,10668.0,113.70773981470757,258.4557645022508
2024-11-21 20:39:58+00:00,NKS3010,28.6769233315678,-88.79010368795957,10675.62,113.70773981470757,258.4557645022508
2024-11-21 20:39:59+00:00,NKS3010,28.676055908203125,-88.78780658428485,10675.62,113.70773981470757,258.4557645022508
2024-11-21 20:40:00+00:00,NKS3010,28.675107794292902,-88.78547219669116,10668.0,113.70773981470757,258.4557645022508
2024-11-21 20:40:26+00:00,NKS3010,28.65069580078125,-88.72225834773137,10668.0,113.60323616545216,258.2493508121582
2024-11-21 20:41:23+00:00,NKS3010,28.597137451171875,-88.58392568734976,10660.38,113.70773981470757,258.4557645022508
2024-11-21 20:41:30+00:00,NKS3010,28.59066203489142,-88.56719970703125,10660.38,113.70773981470757,258.4557645022508
2024-11-21 20:41:37+00:00,NKS3010,28.58395851264565,-88.54991239659927,10660.38,113.70773981470757,258.4557645022508
2024-11-21 20:45:02+00:00,NKS3010,28.389633178710938,-88.05309589092549,10668.0,113.70773981470757,258.4557645022508
2024-11-21 20:45:07+00:00,NKS3010,28.38496398925781,-88.04031372070312,10668.0,113.70773981470757,258.4557645022508
2024-11-21 20:45:23+00:00,NKS3010,28.3721923828125,-88.00108068129596,10675.62,108.57659446640382,263.2194339178435
2024-11-21 20:45:24+00:00,NKS3010,28.371505737304688,-87.9986396202674,10675.62,108.57659446640382,263.2194339178435
2024-11-21 20:45:27+00:00,NKS3010,28.3692626953125,-87.99082242525537,10675.62,108.57659446640382,263.2194339178435
2024-11-21 20:45:33+00:00,NKS3010,28.364883681475103,-87.97528435202207,10675.62,108.57659446640382,263.2194339178435
2024-11-21 20:45:55+00:00,NKS3010,28.34898376464844,-87.91851337139424,10675.62,107.72762945437776,263.5640758821606
2024-11-21 20:46:14+00:00,NKS3010,28.335090249271715,-87.87021412568933,10668.0,107.83408975770612,263.7211754268831
2024-11-21 20:46:15+00:00,NKS3010,28.33428955078125,-87.86733187161957,10675.62,107.83408975770612,263.7211754268831
2024-11-21 20:46:19+00:00,NKS3010,28.33149719238281,-87.85745474008411,10668.0,107.69363999347172,264.0541378473043
2024-11-21 20:46:30+00:00,NKS3010,28.324722290039062,-87.82877408541167,10668.0,107.69363999347172,264.0541378473043
2024-11-21 20:46:39+00:00,NKS3010,28.320556640625,-87.80558659480168,10675.62,100.96110403202124,265.1458549622963
2024-11-21 20:48:03+00:00,NKS3010,28.279953002929688,-87.58147606482873,10668.0,101.87719888387817,264.9521450820549
2024-11-21 20:48:07+00:00,NKS3010,28.27821350097656,-87.57212712214543,10668.0,101.87719888387817,264.9521450820549
2024-11-21 20:48:08+00:00,NKS3010,28.277984619140625,-87.57096510667067,10668.0,101.87719888387817,264.9521450820549
2024-11-21 20:48:09+00:00,NKS3010,28.27713271318856,-87.56631290211396,10668.0,101.87719888387817,264.9521450820549
2024-11-21 20:48:12+00:00,NKS3010,28.275736146054022,-87.5588809742647,10668.0,101.87719888387817,264.9521450820549
2024-11-21 20:48:23+00:00,NKS3010,28.27070617675781,-87.53145658052885,10668.0,101.76828893202064,264.8467433797036
2024-11-21 20:48:26+00:00,NKS3010,28.26926538499735,-87.52371395335479,10668.0,101.76828893202064,264.8467433797036
2024-11-21 20:48:27+00:00,NKS3010,28.26869201660156,-87.5207343468299,10668.0,101.76828893202064,264.8467433797036
2024-11-21 20:48:28+00:00,NKS3010,28.267730712890625,-87.51550527719348,10668.0,101.76828893202064,264.8467433797036
2024-11-21 20:48:30+00:00,NKS3010,28.26727294921875,-87.51302278958832,10668.0,101.76828893202064,264.8467433797036
2024-11-21 20:48:31+00:00,NKS3010,28.26679811639301,-87.51041187959561,10668.0,101.76828893202064,264.8467433797036
2024-11-21 20:48:32+00:00,NKS3010,28.26605328058792,-87.50621122472427,10668.0,101.76828893202064,264.8467433797036
2024-11-21 20:48:33+00:00,NKS3010,28.265541205971928,-87.50346464269302,10668.0,101.76828893202064,264.8467433797036
2024-11-21 20:48:35+00:00,NKS3010,28.264801025390625,-87.49950115497296,10668.0,101.659292653523,264.7422993768566
2024-11-21 20:48:36+00:00,NKS3010,28.264330847788663,-87.49700209673716,10668.0,101.659292653523,264.7422993768566
2024-11-21 20:48:38+00:00,NKS3010,28.26329040527344,-87.49136704664966,10668.0,101.659292653523,264.7422993768566
2024-11-21 20:48:39+00:00,NKS3010,28.26283264160156,-87.4886204646184,10668.0,101.659292653523,264.7422993768566
2024-11-21 20:48:47+00:00,NKS3010,28.258884235963983,-87.46727438534009,10668.0,101.659292653523,264.7422993768566
2024-11-21 20:48:51+00:00,NKS3010,28.256881713867188,-87.45634812575122,10668.0,101.659292653523,264.7422993768566
2024-11-21 20:48:55+00:00,NKS3010,28.2550048828125,-87.44594280536359,10668.0,101.76828893202064,264.8467433797036
2024-11-21 20:49:11+00:00,NKS3010,28.24710651979608,-87.40318747127758,10668.0,101.79103076599073,264.34313359967314
2024-11-21 20:49:16+00:00,NKS3010,28.24473235566737,-87.39042394301471,10668.0,101.79103076599073,264.34313359967314
2024-11-21 20:49:19+00:00,NKS3010,28.243194580078125,-87.38208477313702,10668.0,101.79103076599073,264.34313359967314
2024-11-21 20:49:22+00:00,NKS3010,28.24184611692267,-87.37485997817095,10668.0,101.92316663584464,263.94536952513613
2024-11-21 20:49:28+00:00,NKS3010,28.238845825195312,-87.35884446364184,10668.0,101.92316663584464,263.94536952513613
2024-11-21 20:49:33+00:00,NKS3010,28.236399505097985,-87.34594008501841,10668.0,101.92316663584464,263.94536952513613
2024-11-21 20:49:40+00:00,NKS3010,28.232986450195312,-87.32789259690503,10668.0,102.03238586255463,264.0521333066003
2024-11-21 20:49:42+00:00,NKS3010,28.23202359474311,-87.32278262867646,10668.0,102.03238586255463,264.0521333066003
2024-11-21 20:49:43+00:00,NKS3010,28.231521606445312,-87.32002258300781,10668.0,102.03238586255463,264.0521333066003
2024-11-21 20:49:45+00:00,NKS3010,28.230239868164062,-87.31326176570013,10675.62,102.03238586255463,264.0521333066003
2024-11-21 20:49:47+00:00,NKS3010,28.22941666942532,-87.30888815487134,10668.0,102.03238586255463,264.0521333066003
2024-11-21 20:49:51+00:00,NKS3010,28.22749328613281,-87.29857811560998,10675.62,102.03238586255463,264.0521333066003
2024-11-21 20:49:55+00:00,NKS3010,28.225570678710938,-87.28817279522235,10668.0,101.81385941434908,263.839565624667
2024-11-21 20:49:57+00:00,NKS3010,28.22470092773437,-87.28336627666766,10668.0,101.81385941434908,263.839565624667
2024-11-21 20:49:59+00:00,NKS3010,28.22378384864936,-87.27846033432905,10668.0,101.70446488830636,263.73472276043503
2024-11-21 20:50:00+00:00,NKS3010,28.223364878509003,-87.27609073414521,10668.0,101.70446488830636,263.73472276043503
2024-11-21 20:50:01+00:00,NKS3010,28.22243383375265,-87.27108226102939,10668.0,101.70446488830636,263.73472276043503
2024-11-21 20:50:04+00:00,NKS3010,28.22136313228284,-87.26537367876841,10668.0,101.70446488830636,263.73472276043503
2024-11-21 20:50:05+00:00,NKS3010,28.22094416214248,-87.2628963694853,10668.0,101.70446488830636,263.73472276043503
2024-11-21 20:50:06+00:00,NKS3010,28.219985961914062,-87.25780193622296,10668.0,101.70446488830636,263.73472276043503
2024-11-21 20:50:08+00:00,NKS3010,28.219024658203125,-87.2524672288161,10668.0,101.70446488830636,263.73472276043503
2024-11-21 20:50:10+00:00,NKS3010,28.21801137115996,-87.24711698644302,10668.0,101.70446488830636,263.73472276043503
2024-11-21 20:50:11+00:00,NKS3010,28.2176513671875,-87.24501976600061,10668.0,101.70446488830636,263.73472276043503
2024-11-21 20:50:12+00:00,NKS3010,28.217193603515625,-87.24264291616583,10668.0,101.70446488830636,263.73472276043503
2024-11-21 20:50:13+00:00,NKS3010,28.216964721679688,-87.24137526292066,10668.0,101.70446488830636,263.73472276043503
2024-11-21 20:50:14+00:00,NKS3010,28.216288938360695,-87.23753087660845,10668.0,101.70446488830636,263.73472276043503
2024-11-21 20:50:15+00:00,NKS3010,28.2157768637447,-87.2347842945772,10668.0,101.70446488830636,263.73472276043503
2024-11-21 20:50:17+00:00,NKS3010,28.2147216796875,-87.22912128155048,10668.0,101.70446488830636,263.73472276043503
2024-11-21 20:50:20+00:00,NKS3010,28.213211059570312,-87.22098717322717,10668.0,101.70446488830636,263.73472276043503
2024-11-21 20:50:23+00:00,NKS3010,28.211913028005824,-87.21383487477021,10668.0,101.70446488830636,263.73472276043503
2024-11-21 20:50:25+00:00,NKS3010,28.21124267578125,-87.21010648287256,10668.0,101.70446488830636,263.73472276043503
2024-11-21 20:50:26+00:00,NKS3010,28.21051646087129,-87.20618752872241,10668.0,101.70446488830636,263.73472276043503
2024-11-21 20:50:27+00:00,NKS3010,28.210004386255296,-87.20354865579043,10668.0,101.81385941434908,263.839565624667
2024-11-21 20:50:29+00:00,NKS3010,28.20925955045021,-87.19956341911768,10668.0,101.81385941434908,263.839565624667
2024-11-21 20:50:30+00:00,NKS3010,28.20858764648437,-87.19573974609375,10668.0,101.81385941434908,263.839565624667
2024-11-21 20:50:31+00:00,NKS3010,28.208084106445312,-87.1929931640625,10668.0,101.81385941434908,263.839565624667
2024-11-21 20:50:32+00:00,NKS3010,28.207534790039062,-87.19003530649036,10668.0,101.81385941434908,263.839565624667
2024-11-21 20:50:33+00:00,NKS3010,28.20698547363281,-87.18723590557391,10668.0,101.81385941434908,263.839565624667
2024-11-21 20:50:34+00:00,NKS3010,28.206756591796875,-87.18602107121393,10668.0,101.81385941434908,263.839565624667
2024-11-21 20:50:35+00:00,NKS3010,28.20604744604078,-87.18211454503677,10660.38,101.81385941434908,263.839565624667
2024-11-21 20:50:37+00:00,NKS3010,28.205062866210938,-87.17688340407153,10668.0,101.81385941434908,263.839565624667
2024-11-21 20:50:39+00:00,NKS3010,28.204147338867188,-87.17191842886115,10668.0,101.81385941434908,263.839565624667
2024-11-21 20:50:40+00:00,NKS3010,28.203906043101163,-87.17048196231616,10668.0,101.81385941434908,263.839565624667
2024-11-21 20:50:41+00:00,NKS3010,28.20318603515625,-87.1665309025691,10660.38,101.81385941434908,263.839565624667
2024-11-21 20:50:45+00:00,NKS3010,28.201171875,-87.15570303109973,10660.38,101.81385941434908,263.839565624667
2024-11-21 20:50:46+00:00,NKS3010,28.20062255859375,-87.15279799241284,10660.38,101.81385941434908,263.839565624667
2024-11-21 20:50:48+00:00,NKS3010,28.199623237221928,-87.14737836052393,10660.38,101.92316663584464,263.94536952513613
2024-11-21 20:51:04+00:00,NKS3010,28.191709356792902,-87.10521024816177,10660.38,101.92316663584464,263.94536952513613
2024-11-21 20:51:06+00:00,NKS3010,28.191197282176905,-87.10251752068018,10660.38,101.92316663584464,263.94536952513613
2024-11-21 20:51:07+00:00,NKS3010,28.190545550847457,-87.09907082950366,10660.38,101.92316663584464,263.94536952513613
2024-11-21 20:51:15+00:00,NKS3010,28.18668171510858,-87.07833682789521,10660.38,101.90013900921944,264.4487360265545
2024-11-21 20:51:21+00:00,NKS3010,28.18373107910156,-87.06263615534857,10660.38,101.90013900921944,264.4487360265545
2024-11-21 20:51:22+00:00,NKS3010,28.183190297272244,-87.05981086282168,10660.38,101.90013900921944,264.4487360265545
2024-11-21 20:51:24+00:00,NKS3010,28.18226623535156,-87.05481896033655,10660.38,101.90013900921944,264.4487360265545
2024-11-21 20:51:30+00:00,NKS3010,28.179186804819917,-87.03843060661768,10660.38,101.90013900921944,264.4487360265545
2024-11-21 20:51:33+00:00,NKS3010,28.17768859863281,-87.03046945425177,10660.38,102.00915975177026,264.55529666980453
2024-11-21 20:51:34+00:00,NKS3010,28.17695229740466,-87.02663646024814,10660.38,102.00915975177026,264.55529666980453
2024-11-21 20:51:36+00:00,NKS3010,28.176177978515625,-87.02249380258411,10660.38,102.00915975177026,264.55529666980453
2024-11-21 20:51:37+00:00,NKS3010,28.1757419392214,-87.02017391429229,10660.38,102.00915975177026,264.55529666980453
2024-11-21 20:51:39+00:00,NKS3010,28.17462468551377,-87.01408835018384,10660.38,102.00915975177026,264.55529666980453
2024-11-21 20:51:40+00:00,NKS3010,28.17411261089777,-87.0113956227022,10660.38,102.00915975177026,264.55529666980453
2024-11-21 20:51:41+00:00,NKS3010,28.173843383789062,-87.00997572678784,10660.38,102.00915975177026,264.55529666980453
2024-11-21 20:51:44+00:00,NKS3010,28.172203969147244,-87.00143253102021,10660.38,102.00915975177026,264.55529666980453
2024-11-21 20:51:46+00:00,NKS3010,28.17100524902344,-86.99513362004205,10660.38,102.00915975177026,264.55529666980453
2024-11-21 20:51:47+00:00,NKS3010,28.1707763671875,-86.99370751014123,10668.0,102.00915975177026,264.55529666980453
2024-11-21 20:51:48+00:00,NKS3010,28.170481536347985,-86.99227725758271,10660.38,102.00915975177026,264.55529666980453
2024-11-21 20:51:50+00:00,NKS3010,28.16917807368909,-86.98533002068018,10660.38,102.00915975177026,264.55529666980453
2024-11-21 20:51:51+00:00,NKS3010,28.1689453125,-86.98414522058823,10668.0,102.00915975177026,264.55529666980453
2024-11-21 20:51:54+00:00,NKS3010,28.16748046875,-86.97633009690503,10660.38,102.00915975177026,264.55529666980453
2024-11-21 20:51:55+00:00,NKS3010,28.166976928710938,-86.97363633375903,10668.0,102.00915975177026,264.55529666980453
2024-11-21 20:51:57+00:00,NKS3010,28.1655469991393,-86.96615780101104,10660.38,102.00915975177026,264.55529666980453
2024-11-21 20:51:59+00:00,NKS3010,28.164802163334212,-86.96211870978863,10660.38,102.00915975177026,264.55529666980453
2024-11-21 20:52:09+00:00,NKS3010,28.16001892089844,-86.93703284630408,10668.0,102.00915975177026,264.55529666980453
2024-11-21 20:52:13+00:00,NKS3010,28.157958984375,-86.92603616153491,10668.0,102.03238586255463,264.0521333066003
2024-11-21 20:52:14+00:00,NKS3010,28.15736389160156,-86.9229302039513,10668.0,102.03238586255463,264.0521333066003
2024-11-21 20:52:16+00:00,NKS3010,28.156402587890625,-86.91775395320013,10668.0,102.03238586255463,264.0521333066003
2024-11-21 20:52:19+00:00,NKS3010,28.154839984441207,-86.90971823299634,10668.0,102.03238586255463,264.0521333066003
2024-11-21 20:52:23+00:00,NKS3010,28.15283823821504,-86.89916274126841,10668.0,102.03238586255463,264.0521333066003
2024-11-21 20:52:25+00:00,NKS3010,28.151641845703125,-86.89282343937799,10668.0,102.14151640790948,264.1598558052129
2024-11-21 20:52:26+00:00,NKS3010,28.151138305664062,-86.89012967623194,10668.0,102.14151640790948,264.1598558052129
2024-11-21 20:52:27+00:00,NKS3010,28.150909423828125,-86.8890204796424,10668.0,102.14151640790948,264.1598558052129
2024-11-21 20:52:28+00:00,NKS3010,28.150231312897244,-86.88548368566177,10668.0,102.14151640790948,264.1598558052129
2024-11-21 20:52:32+00:00,NKS3010,28.14813646219544,-86.87444350298716,10668.0,102.14151640790948,264.1598558052129
2024-11-21 20:52:33+00:00,NKS3010,28.147624387579448,-86.87169692095591,10668.0,102.14151640790948,264.1598558052129
2024-11-21 20:52:34+00:00,NKS3010,28.14711231296345,-86.868896484375,10668.0,102.14151640790948,264.1598558052129
2024-11-21 20:52:35+00:00,NKS3010,28.146646790585272,-86.86641917509189,10668.0,102.14151640790948,264.1598558052129
2024-11-21 20:52:37+00:00,NKS3010,28.145808850304554,-86.86221852022058,10668.0,102.14151640790948,264.1598558052129
2024-11-21 20:52:38+00:00,NKS3010,28.145110566737287,-86.85861026539521,10668.0,102.14151640790948,264.1598558052129
2024-11-21 20:52:40+00:00,NKS3010,28.1443657309322,-86.85451731962314,10668.0,102.2505575890278,264.26853584858213
2024-11-21 20:52:41+00:00,NKS3010,28.14362089512712,-86.85074750114893,10668.0,102.2505575890278,264.26853584858213
2024-11-21 20:52:42+00:00,NKS3010,28.14334158170021,-86.84929342830884,10668.0,102.2505575890278,264.26853584858213
2024-11-21 20:52:43+00:00,NKS3010,28.14276123046875,-86.84629000150238,10668.0,102.2505575890278,264.26853584858213
2024-11-21 20:52:44+00:00,NKS3010,28.142257690429688,-86.84364905724158,10668.0,102.2505575890278,264.26853584858213
2024-11-21 20:52:45+00:00,NKS3010,28.14171225337659,-86.84089211856616,10668.0,102.2505575890278,264.26853584858213
2024-11-21 20:52:46+00:00,NKS3010,28.1414794921875,-86.83963482196515,10668.0,102.2505575890278,264.26853584858213
2024-11-21 20:52:48+00:00,NKS3010,28.140269134004235,-86.83324477251841,10668.0,102.2505575890278,264.26853584858213
2024-11-21 20:52:49+00:00,NKS3010,28.139694213867188,-86.83012742262622,10668.0,102.2505575890278,264.26853584858213
2024-11-21 20:52:50+00:00,NKS3010,28.139198432534428,-86.82769775390625,10668.0,102.2505575890278,264.26853584858213
2024-11-21 20:52:51+00:00,NKS3010,28.13863980568061,-86.82468189912686,10668.0,102.2505575890278,264.26853584858213
2024-11-21 20:52:53+00:00,NKS3010,28.13761565644862,-86.81935029871323,10668.0,102.14151640790948,264.1598558052129
2024-11-21 20:52:54+00:00,NKS3010,28.137103581832623,-86.81676528033091,10668.0,102.14151640790948,264.1598558052129
2024-11-21 20:52:55+00:00,NKS3010,28.13659150721663,-86.81401869829966,10668.0,102.14151640790948,264.1598558052129
2024-11-21 20:52:56+00:00,NKS3010,28.13612598483845,-86.81164909811582,10668.0,102.14151640790948,264.1598558052129
2024-11-21 20:52:57+00:00,NKS3010,28.135660462460272,-86.80906407973345,10668.0,102.14151640790948,264.1598558052129
2024-11-21 20:52:58+00:00,NKS3010,28.135162353515625,-86.80635892427881,10675.62,102.14151640790948,264.1598558052129
2024-11-21 20:53:00+00:00,NKS3010,28.13421734308792,-86.80168600643384,10668.0,102.14151640790948,264.1598558052129
2024-11-21 20:53:01+00:00,NKS3010,28.133938029661017,-86.80012422449448,10675.62,102.14151640790948,264.1598558052129
2024-11-21 20:53:02+00:00,NKS3010,28.13323974609375,-86.79646211511948,10675.62,102.14151640790948,264.1598558052129
2024-11-21 20:53:04+00:00,NKS3010,28.132232666015625,-86.7910942664513,10675.62,102.14151640790948,264.1598558052129
2024-11-21 20:53:06+00:00,NKS3010,28.131144895391948,-86.78542193244488,10675.62,102.16502987028694,263.6569415585477
2024-11-21 20:53:19+00:00,NKS3010,28.12486267089844,-86.75258929912862,10675.62,102.14151640790948,264.1598558052129
2024-11-21 20:53:22+00:00,NKS3010,28.12327756720074,-86.74427705652573,10675.62,102.03238586255463,264.0521333066003
2024-11-21 20:53:23+00:00,NKS3010,28.122812044822563,-86.74163818359375,10675.62,102.03238586255463,264.0521333066003
2024-11-21 20:53:24+00:00,NKS3010,28.122344970703125,-86.73917330228363,10675.62,102.03238586255463,264.0521333066003
2024-11-21 20:53:26+00:00,NKS3010,28.121322373212397,-86.73377541934741,10675.62,102.03238586255463,264.0521333066003
2024-11-21 20:53:27+00:00,NKS3010,28.12060546875,-86.73008845402643,10675.62,102.03238586255463,264.0521333066003
2024-11-21 20:53:28+00:00,NKS3010,28.120330810546875,-86.72855670635516,10675.62,102.03238586255463,264.0521333066003
2024-11-21 20:53:33+00:00,NKS3010,28.11792405985169,-86.71589570886948,10668.0,102.14151640790948,264.1598558052129
2024-11-21 20:53:34+00:00,NKS3010,28.11736543299788,-86.71298756318936,10668.0,102.14151640790948,264.1598558052129
2024-11-21 20:53:39+00:00,NKS3010,28.114525746490997,-86.69817756204043,10668.0,102.03238586255463,264.0521333066003
2024-11-21 20:53:40+00:00,NKS3010,28.114334106445312,-86.69702383188098,10668.0,102.03238586255463,264.0521333066003
2024-11-21 20:53:42+00:00,NKS3010,28.113510131835938,-86.69274550217847,10668.0,102.14151640790948,264.1598558052129
2024-11-21 20:53:45+00:00,NKS3010,28.112045288085938,-86.6849811260517,10668.0,102.14151640790948,264.1598558052129
2024-11-21 20:53:48+00:00,NKS3010,28.11042914956303,-86.67652803308823,10675.62,102.03238586255463,264.0521333066003
2024-11-21 20:53:59+00:00,NKS3010,28.104812622070312,-86.64695152869592,10668.0,102.05570065530888,263.5490134998483
2024-11-21 20:54:03+00:00,NKS3010,28.10321355270127,-86.63839901194854,10668.0,102.05570065530888,263.5490134998483
2024-11-21 20:54:06+00:00,NKS3010,28.1017238810911,-86.63042853860293,10668.0,102.05570065530888,263.5490134998483
2024-11-21 20:54:07+00:00,NKS3010,28.101165254237287,-86.6275203929228,10675.62,102.05570065530888,263.5490134998483
2024-11-21 20:54:08+00:00,NKS3010,28.10064697265625,-86.62482041579028,10675.62,102.05570065530888,263.5490134998483
2024-11-21 20:54:12+00:00,NKS3010,28.098651433395126,-86.61427217371323,10668.0,102.05570065530888,263.5490134998483
2024-11-21 20:54:14+00:00,NKS3010,28.097396850585938,-86.60775991586536,10668.0,102.05570065530888,263.5490134998483
2024-11-21 20:54:18+00:00,NKS3010,28.095382690429688,-86.5970905010517,10668.0,102.05570065530888,263.5490134998483
2024-11-21 20:54:19+00:00,NKS3010,28.09511346332097,-86.59558464499082,10675.62,102.05570065530888,263.5490134998483
2024-11-21 20:54:20+00:00,NKS3010,28.094601388704977,-86.59294577205884,10668.0,102.05570065530888,263.5490134998483
2024-11-21 20:54:22+00:00,NKS3010,28.09329792604608,-86.58594468060664,10668.0,102.05570065530888,263.5490134998483
2024-11-21 20:54:23+00:00,NKS3010,28.092819213867188,-86.58356886643628,10668.0,102.05570065530888,263.5490134998483
2024-11-21 20:54:24+00:00,NKS3010,28.092315673828125,-86.58087510329028,10668.0,102.05570065530888,263.5490134998483
2024-11-21 20:54:26+00:00,NKS3010,28.09126281738281,-86.57538193922778,10668.0,102.05570065530888,263.5490134998483
2024-11-21 20:54:27+00:00,NKS3010,28.091033935546875,-86.5741671048678,10668.0,102.18863320193188,263.1540718861145
2024-11-21 20:54:33+00:00,NKS3010,28.0880126953125,-86.55832143930286,10668.0,102.18863320193188,263.1540718861145
2024-11-21 20:54:34+00:00,NKS3010,28.087525448556672,-86.55594769646143,10668.0,102.18863320193188,263.1540718861145
2024-11-21 20:54:39+00:00,NKS3010,28.085151284427965,-86.54361500459561,10668.0,102.29807139592388,263.26316713654575
2024-11-21 20:54:40+00:00,NKS3010,28.084213256835938,-86.53872563288763,10668.0,102.29807139592388,263.26316713654575
2024-11-21 20:54:46+00:00,NKS3010,28.081334000926905,-86.52390423943018,10668.0,102.29807139592388,263.26316713654575
2024-11-21 20:54:54+00:00,NKS3010,28.0776563741393,-86.50489358340992,10668.0,102.29807139592388,263.26316713654575
2024-11-21 20:54:57+00:00,NKS3010,28.07593394134004,-86.49606143727021,10668.0,102.4315107880085,262.87081640995973
2024-11-21 20:54:58+00:00,NKS3010,28.07537841796875,-86.49324857271631,10668.0,102.4315107880085,262.87081640995973
2024-11-21 20:54:59+00:00,NKS3010,28.07490979210805,-86.49078369140625,10668.0,102.4315107880085,262.87081640995973
2024-11-21 20:55:02+00:00,NKS3010,28.073094254833155,-86.48152070886948,10668.0,102.4315107880085,262.87081640995973
2024-11-21 20:55:03+00:00,NKS3010,28.07258218021716,-86.4788818359375,10668.0,102.4315107880085,262.87081640995973
2024-11-21 20:55:06+00:00,NKS3010,28.071139060844807,-86.47128834443936,10668.0,102.4315107880085,262.87081640995973
2024-11-21 20:55:07+00:00,NKS3010,28.070571899414062,-86.46837087777942,10668.0,102.4315107880085,262.87081640995973
2024-11-21 20:55:10+00:00,NKS3010,28.06951904296875,-86.46308898925781,10668.0,102.3219646383742,262.76055106171844
2024-11-21 20:55:12+00:00,NKS3010,28.068283081054688,-86.45669790414661,10668.0,102.29807139592388,263.26316713654575
2024-11-21 20:55:14+00:00,NKS3010,28.06727600097656,-86.4514688345102,10668.0,102.29807139592388,263.26316713654575
2024-11-21 20:55:18+00:00,NKS3010,28.06503295898437,-86.43990149864784,10668.0,102.29807139592388,263.26316713654575
2024-11-21 20:55:21+00:00,NKS3010,28.06365966796875,-86.43271813025842,10668.0,102.29807139592388,263.26316713654575
2024-11-21 20:55:23+00:00,NKS3010,28.06285276251324,-86.42868939568018,10668.0,102.29807139592388,263.26316713654575
2024-11-21 20:55:24+00:00,NKS3010,28.06243379237288,-86.42637365004595,10668.0,102.29807139592388,263.26316713654575
2024-11-21 20:55:25+00:00,NKS3010,28.06150274761652,-86.42158059512866,10668.0,102.29807139592388,263.26316713654575
2024-11-21 20:55:26+00:00,NKS3010,28.061037225238348,-86.41921099494488,10668.0,102.29807139592388,263.26316713654575
2024-11-21 20:55:27+00:00,NKS3010,28.060546875,-86.4167668269231,10668.0,102.29807139592388,263.26316713654575
2024-11-21 20:55:30+00:00,NKS3010,28.05908203125,-86.40908633961396,10668.0,102.29807139592388,263.26316713654575
2024-11-21 20:55:32+00:00,NKS3010,28.05796477754237,-86.40321619370405,10668.0,102.29807139592388,263.26316713654575
2024-11-21 20:55:36+00:00,NKS3010,28.05605613579184,-86.39341466567095,10668.0,102.29807139592388,263.26316713654575
2024-11-21 20:55:39+00:00,NKS3010,28.05484577760858,-86.38716753791363,10668.0,102.29807139592388,263.26316713654575
2024-11-21 20:55:40+00:00,NKS3010,28.054367065429688,-86.3846001258263,10668.0,102.29807139592388,263.26316713654575
2024-11-21 20:55:43+00:00,NKS3010,28.052378509004235,-86.37435015510113,10660.38,102.29807139592388,263.26316713654575
2024-11-21 20:55:46+00:00,NKS3010,28.05102849410752,-86.36724135454966,10660.38,102.29807139592388,263.26316713654575
2024-11-21 20:55:47+00:00,NKS3010,28.050521850585938,-86.36468740609973,10660.38,102.18863320193188,263.1540718861145
2024-11-21 20:55:49+00:00,NKS3010,28.04937744140625,-86.35861323429987,10660.38,102.18863320193188,263.1540718861145
2024-11-21 20:55:50+00:00,NKS3010,28.048873901367188,-86.35607792780951,10660.38,102.18863320193188,263.1540718861145
2024-11-21 20:55:52+00:00,NKS3010,28.048141479492188,-86.35227496807391,10660.38,102.18863320193188,263.1540718861145
2024-11-21 20:55:53+00:00,NKS3010,28.047583628509003,-86.34936164407168,10660.38,102.18863320193188,263.1540718861145
2024-11-21 20:55:54+00:00,NKS3010,28.04681396484375,-86.34540851299579,10660.38,102.18863320193188,263.1540718861145
2024-11-21 20:55:55+00:00,NKS3010,28.046539306640625,-86.34398240309497,10668.0,102.18863320193188,263.1540718861145
2024-11-21 20:55:56+00:00,NKS3010,28.04598999023437,-86.34113018329327,10660.38,102.18863320193188,263.1540718861145
2024-11-21 20:56:04+00:00,NKS3010,28.041915893554688,-86.31994981032152,10668.0,102.29807139592388,263.26316713654575
2024-11-21 20:56:05+00:00,NKS3010,28.041392180879235,-86.31721047794116,10660.38,102.29807139592388,263.26316713654575
2024-11-21 20:56:06+00:00,NKS3010,28.041159419690143,-86.31591796875,10660.38,102.29807139592388,263.26316713654575
2024-11-21 20:56:08+00:00,NKS3010,28.03985595703125,-86.30924000459561,10668.0,102.3219646383742,262.76055106171844
2024-11-21 20:56:10+00:00,NKS3010,28.038803100585938,-86.30389286921576,10668.0,102.3219646383742,262.76055106171844
2024-11-21 20:56:11+00:00,NKS3010,28.038299560546875,-86.3011991060697,10660.38,102.3219646383742,262.76055106171844
2024-11-21 20:56:12+00:00,NKS3010,28.03804041975636,-86.29992316750918,10668.0,102.3219646383742,262.76055106171844
2024-11-21 20:56:13+00:00,NKS3010,28.037761106329448,-86.29841524011948,10660.38,102.3219646383742,262.76055106171844
2024-11-21 20:56:14+00:00,NKS3010,28.03687661381091,-86.29399916704966,10668.0,102.3219646383742,262.76055106171844
2024-11-21 20:56:15+00:00,NKS3010,28.036364539194917,-86.29125258501841,10668.0,102.3219646383742,262.76055106171844
2024-11-21 20:56:17+00:00,NKS3010,28.03538694220074,-86.2862979664522,10668.0,102.3219646383742,262.76055106171844
2024-11-21 20:56:19+00:00,NKS3010,28.03426968849311,-86.28058938419116,10668.0,102.4315107880085,262.87081640995973
2024-11-21 20:56:22+00:00,NKS3010,28.03305933030985,-86.27434225643383,10668.0,102.4315107880085,262.87081640995973
2024-11-21 20:56:25+00:00,NKS3010,28.031478881835938,-86.26618018517127,10668.0,102.4315107880085,262.87081640995973
2024-11-21 20:56:26+00:00,NKS3010,28.03106689453125,-86.26396179199219,10668.0,102.4315107880085,262.87081640995973
2024-11-21 20:56:27+00:00,NKS3010,28.030219643802965,-86.25980152803311,10668.0,102.4315107880085,262.87081640995973
2024-11-21 20:56:29+00:00,NKS3010,28.02919006347656,-86.25456003042365,10668.0,102.4315107880085,262.87081640995973
2024-11-21 20:56:30+00:00,NKS3010,28.028916181144066,-86.25306970932905,10660.38,102.4315107880085,262.87081640995973
2024-11-21 20:56:31+00:00,NKS3010,28.02813720703125,-86.2491196852464,10660.38,102.4315107880085,262.87081640995973
2024-11-21 20:56:34+00:00,NKS3010,28.02680969238281,-86.24230604905347,10668.0,102.40741852740076,263.37322205673377
2024-11-21 20:56:35+00:00,NKS3010,28.026123046875,-86.23879825367646,10668.0,102.40741852740076,263.37322205673377
2024-11-21 20:56:36+00:00,NKS3010,28.025894165039062,-86.23755234938403,10660.38,102.40741852740076,263.37322205673377
2024-11-21 20:56:39+00:00,NKS3010,28.024307509600103,-86.22964298023896,10668.0,102.40741852740076,263.37322205673377
2024-11-21 20:56:41+00:00,NKS3010,28.02337646484375,-86.2246883616728,10668.0,102.40741852740076,263.37322205673377
2024-11-21 20:56:42+00:00,NKS3010,28.022864390227756,-86.2222110523897,10660.38,102.40741852740076,263.37322205673377
2024-11-21 20:56:44+00:00,NKS3010,28.021774291992188,-86.21668888972357,10668.0,102.40741852740076,263.37322205673377
2024-11-21 20:56:51+00:00,NKS3010,28.01783674854343,-86.19641472311582,10668.0,102.40741852740076,263.37322205673377
2024-11-21 20:56:52+00:00,NKS3010,28.017608642578125,-86.19524442232569,10668.0,102.40741852740076,263.37322205673377
2024-11-21 20:56:53+00:00,NKS3010,28.01685915154926,-86.19146010454966,10668.0,102.40741852740076,263.37322205673377
2024-11-21 20:56:55+00:00,NKS3010,28.01611431574417,-86.18763643152573,10668.0,102.40741852740076,263.37322205673377
2024-11-21 20:56:57+00:00,NKS3010,28.015045166015625,-86.18198688213641,10668.0,102.40741852740076,263.37322205673377
2024-11-21 20:56:58+00:00,NKS3010,28.014578091896187,-86.17971981272979,10668.0,102.40741852740076,263.37322205673377
2024-11-21 20:57:00+00:00,NKS3010,28.013671875,-86.17501478928784,10668.0,102.40741852740076,263.37322205673377
2024-11-21 20:57:01+00:00,NKS3010,28.013088420286017,-86.17201861213238,10660.38,102.40741852740076,263.37322205673377
2024-11-21 20:57:02+00:00,NKS3010,28.01257634567002,-86.16943359375,10668.0,102.40741852740076,263.37322205673377
2024-11-21 20:57:03+00:00,NKS3010,28.011831509864937,-86.16555606617646,10668.0,102.40741852740076,263.37322205673377
2024-11-21 20:57:04+00:00,NKS3010,28.01161193847656,-86.16445101224457,10660.38,102.40741852740076,263.37322205673377
2024-11-21 20:57:07+00:00,NKS3010,28.00982976363877,-86.15526984719668,10668.0,102.40741852740076,263.37322205673377
2024-11-21 20:57:08+00:00,NKS3010,28.00936889648437,-86.15298931415265,10668.0,102.40741852740076,263.37322205673377
2024-11-21 20:57:09+00:00,NKS3010,28.009131480071503,-86.15176930147061,10660.38,102.40741852740076,263.37322205673377
2024-11-21 20:57:10+00:00,NKS3010,28.00857285321769,-86.1489688648897,10668.0,102.40741852740076,263.37322205673377
2024-11-21 20:57:11+00:00,NKS3010,28.008041381835938,-86.14612285907452,10660.38,102.40741852740076,263.37322205673377
2024-11-21 20:57:12+00:00,NKS3010,28.00731594279661,-86.14256017348345,10660.38,102.40741852740076,263.37322205673377
2024-11-21 20:57:14+00:00,NKS3010,28.006198689088983,-86.13674388212314,10668.0,102.40741852740076,263.37322205673377
2024-11-21 20:57:15+00:00,NKS3010,28.00570678710937,-86.13429142878607,10668.0,102.40741852740076,263.37322205673377
2024-11-21 20:57:16+00:00,NKS3010,28.00540730104608,-86.1328125,10668.0,102.40741852740076,263.37322205673377
2024-11-21 20:57:20+00:00,NKS3010,28.003452107057733,-86.12279555376841,10660.38,102.40741852740076,263.37322205673377
2024-11-21 20:57:21+00:00,NKS3010,28.002753823490465,-86.11924115349268,10660.38,102.40741852740076,263.37322205673377
2024-11-21 20:57:22+00:00,NKS3010,28.002273559570312,-86.11664992112378,10660.38,102.40741852740076,263.37322205673377
2024-11-21 20:57:23+00:00,NKS3010,28.00182277873411,-86.11423268037686,10668.0,102.40741852740076,263.37322205673377
2024-11-21 20:57:24+00:00,NKS3010,28.001264151880296,-86.11164766199448,10668.0,102.40741852740076,263.37322205673377
2024-11-21 20:57:26+00:00,NKS3010,28.000193450410485,-86.10615449793198,10668.0,102.40741852740076,263.37322205673377
2024-11-21 20:57:27+00:00,NKS3010,27.9999606892214,-86.10475427964155,10660.38,102.40741852740076,263.37322205673377
2024-11-21 20:57:28+00:00,NKS3010,27.999355510129767,-86.10173842486216,10668.0,102.40741852740076,263.37322205673377
2024-11-21 20:57:29+00:00,NKS3010,27.99884343551377,-86.09915340647979,10668.0,102.40741852740076,263.37322205673377
2024-11-21 20:57:31+00:00,NKS3010,27.99777273404396,-86.09355253331802,10668.0,102.40741852740076,263.37322205673377
2024-11-21 20:57:32+00:00,NKS3010,27.997214107190143,-86.09091366038604,10668.0,102.40741852740076,263.37322205673377
2024-11-21 20:57:33+00:00,NKS3010,27.996702032574152,-86.08827478745404,10668.0,102.40741852740076,263.37322205673377
2024-11-21 20:57:35+00:00,NKS3010,27.995724435579977,-86.08310475068933,10668.0,102.40741852740076,263.37322205673377
2024-11-21 20:57:36+00:00,NKS3010,27.99545288085937,-86.08173663799579,10660.38,102.40741852740076,263.37322205673377
2024-11-21 20:57:37+00:00,NKS3010,27.994933047537074,-86.07917336856616,10668.0,102.40741852740076,263.37322205673377
2024-11-21 20:57:40+00:00,NKS3010,27.99302673339844,-86.06942983774036,10668.0,102.51667391443392,263.4842354441432
2024-11-21 20:57:42+00:00,NKS3010,27.99204680879237,-86.06457878561582,10668.0,102.51667391443392,263.4842354441432
2024-11-21 20:57:44+00:00,NKS3010,27.991287231445312,-86.06066190279444,10668.0,102.51667391443392,263.4842354441432
2024-11-21 20:57:51+00:00,NKS3010,27.9876708984375,-86.0422809307392,10668.0,102.51667391443392,263.4842354441432
2024-11-21 20:57:53+00:00,NKS3010,27.986251831054688,-86.03504474346455,10668.0,102.51667391443392,263.4842354441432
2024-11-21 20:57:54+00:00,NKS3010,27.98597717285156,-86.03367145244893,10668.0,102.51667391443392,263.4842354441432
2024-11-21 20:57:57+00:00,NKS3010,27.984420776367188,-86.02569580078125,10668.0,102.51667391443392,263.4842354441432
2024-11-21 20:57:59+00:00,NKS3010,27.98338809255826,-86.02047190946689,10668.0,102.51667391443392,263.4842354441432
2024-11-21 20:58:00+00:00,NKS3010,27.982635498046875,-86.01661095252405,10668.0,102.51667391443392,263.4842354441432
2024-11-21 20:58:01+00:00,NKS3010,27.98236083984375,-86.01518484262317,10668.0,102.51667391443392,263.4842354441432
2024-11-21 20:58:02+00:00,NKS3010,27.981765747070312,-86.01227980393628,10668.0,102.51667391443392,263.4842354441432
2024-11-21 20:58:04+00:00,NKS3010,27.981013928429554,-86.0082469267004,10668.0,102.49247557736108,263.9864761864702
2024-11-21 20:58:05+00:00,NKS3010,27.980175988148837,-86.00420783547793,10668.0,102.49247557736108,263.9864761864702
2024-11-21 20:58:06+00:00,NKS3010,27.979896674721928,-86.0027537626379,10668.0,102.49247557736108,263.9864761864702
2024-11-21 20:58:07+00:00,NKS3010,27.97938460010593,-86.00022259880518,10668.0,102.49247557736108,263.9864761864702
2024-11-21 20:58:08+00:00,NKS3010,27.97860717773437,-85.99611722506006,10668.0,102.49247557736108,263.9864761864702
2024-11-21 20:58:09+00:00,NKS3010,27.97808113744703,-85.99354463465073,10668.0,102.49247557736108,263.9864761864702
2024-11-21 20:58:13+00:00,NKS3010,27.97645568847656,-85.98528935359076,10668.0,102.49247557736108,263.9864761864702
2024-11-21 20:58:16+00:00,NKS3010,27.97467041015625,-85.9761516864483,10668.0,102.49247557736108,263.9864761864702
2024-11-21 20:58:17+00:00,NKS3010,27.97393798828125,-85.97245436448316,10668.0,102.49247557736108,263.9864761864702
2024-11-21 20:58:19+00:00,NKS3010,27.97305349576271,-85.96780215992646,10668.0,102.49247557736108,263.9864761864702
2024-11-21 20:58:22+00:00,NKS3010,27.97156382415254,-85.96020866842832,10668.0,102.49247557736108,263.9864761864702
2024-11-21 20:58:24+00:00,NKS3010,27.970504760742188,-85.95476003793567,10668.0,102.49247557736108,263.9864761864702
2024-11-21 20:58:29+00:00,NKS3010,27.968118958554022,-85.94281364889707,10668.0,102.49247557736108,263.9864761864702
2024-11-21 20:58:34+00:00,NKS3010,27.96533203125,-85.9286675086388,10668.0,102.49247557736108,263.9864761864702
2024-11-21 20:58:36+00:00,NKS3010,27.964279174804688,-85.92333280123194,10668.0,102.49247557736108,263.9864761864702
2024-11-21 20:58:37+00:00,NKS3010,27.964096069335938,-85.92227642352765,10668.0,102.49247557736108,263.9864761864702
2024-11-21 20:58:42+00:00,NKS3010,27.9613037109375,-85.9082266000601,10668.0,102.49247557736108,263.9864761864702
2024-11-21 20:58:44+00:00,NKS3010,27.96002197265625,-85.9017826960637,10668.0,102.49247557736108,263.9864761864702
2024-11-21 20:58:45+00:00,NKS3010,27.959739555746825,-85.90016084558823,10668.0,102.49247557736108,263.9864761864702
2024-11-21 20:58:46+00:00,NKS3010,27.95942687988281,-85.89871920072113,10668.0,102.49247557736108,263.9864761864702
2024-11-21 20:58:47+00:00,NKS3010,27.958969116210938,-85.89639516977161,10668.0,102.49247557736108,263.9864761864702
2024-11-21 20:58:48+00:00,NKS3010,27.958282470703125,-85.8928034855769,10668.0,102.49247557736108,263.9864761864702
2024-11-21 20:58:49+00:00,NKS3010,27.957504272460938,-85.88884206918567,10668.0,102.49247557736108,263.9864761864702
2024-11-21 20:58:51+00:00,NKS3010,27.9569091796875,-85.88593703049878,10668.0,102.49247557736108,263.9864761864702
2024-11-21 20:58:54+00:00,NKS3010,27.95494467525159,-85.87603400735293,10668.0,102.49247557736108,263.9864761864702
2024-11-21 20:58:55+00:00,NKS3010,27.9547119140625,-85.8746866079477,10668.0,102.49247557736108,263.9864761864702
2024-11-21 20:58:56+00:00,NKS3010,27.95420837402344,-85.87225693922778,10668.0,102.49247557736108,263.9864761864702
2024-11-21 20:58:57+00:00,NKS3010,27.95364121259269,-85.86930218864893,10668.0,102.49247557736108,263.9864761864702
2024-11-21 20:58:59+00:00,NKS3010,27.952477406647244,-85.86353975183823,10668.0,102.49247557736108,263.9864761864702
2024-11-21 20:59:00+00:00,NKS3010,27.95196533203125,-85.860848060021,10668.0,102.49247557736108,263.9864761864702
2024-11-21 20:59:01+00:00,NKS3010,27.951416015625,-85.85804865910455,10668.0,102.60144123818684,264.09823389346457
2024-11-21 20:59:02+00:00,NKS3010,27.95084807832362,-85.85508458754595,10668.0,102.60144123818684,264.09823389346457
2024-11-21 20:59:03+00:00,NKS3010,27.950271606445312,-85.85234421950122,10668.0,102.60144123818684,264.09823389346457
2024-11-21 20:59:05+00:00,NKS3010,27.94940495895127,-85.84792193244488,10668.0,102.60144123818684,264.09823389346457
2024-11-21 20:59:13+00:00,NKS3010,27.94521525754767,-85.8267032398897,10668.0,102.60144123818684,264.09823389346457
2024-11-21 20:59:19+00:00,NKS3010,27.942049705376057,-85.81076229319852,10668.0,102.60144123818684,264.09823389346457
2024-11-21 20:59:35+00:00,NKS3010,27.933903063757946,-85.76989393967848,10668.0,102.57713817387,264.60030939639984
2024-11-21 20:59:36+00:00,NKS3010,27.933065123477224,-85.76566842886118,10668.0,102.68581514365104,264.71280772608293
2024-11-21 20:59:37+00:00,NKS3010,27.932601928710938,-85.76316401643572,10668.0,102.68581514365104,264.71280772608293
2024-11-21 20:59:39+00:00,NKS3010,27.931808213056144,-85.75927734375,10668.0,102.68581514365104,264.71280772608293
2024-11-21 20:59:52+00:00,NKS3010,27.92491149902344,-85.72471186799824,10668.0,102.68581514365104,264.71280772608293
2024-11-21 20:59:54+00:00,NKS3010,27.92389433262712,-85.71945190429688,10668.0,102.68581514365104,264.71280772608293
2024-11-21 20:59:56+00:00,NKS3010,27.922823631157307,-85.71422283466046,10668.0,102.57713817387,264.60030939639984
2024-11-21 21:01:02+00:00,,27.888607736361227,-85.54213890662561,10668.0,102.68581514365104,264.71280772608293
2024-11-21 21:01:08+00:00,,27.885498046875,-85.52654338332843,10668.0,102.68581514365104,264.71280772608293
2024-11-21 21:06:31+00:00,,27.712921142578125,-84.67997425007371,10668.0,103.17713965396732,266.29124178369034
2024-11-21 21:06:33+00:00,,27.711822509765625,-84.67479201982607,10668.0,103.17713965396732,266.29124178369034
2024-11-21 21:06:39+00:00,,27.7086181640625,-84.65924532908313,10668.0,103.17713965396732,266.29124178369034
2024-11-21 21:06:40+00:00,,27.707566083487816,-84.65430626502405,10668.0,103.17713965396732,266.29124178369034
2024-11-21 21:06:41+00:00,,27.707290649414062,-84.65287118587855,10668.0,103.17713965396732,266.29124178369034
2024-11-21 21:06:42+00:00,,27.70649538201801,-84.64897155761719,10668.0,103.17713965396732,266.29124178369034
2024-11-21 21:06:44+00:00,,27.70587158203125,-84.64597881964914,10668.0,103.17713965396732,266.29124178369034
2024-11-21 21:06:47+00:00,NKS3010,27.704214322364937,-84.63787959172174,10668.0,103.0693178962822,266.17443919890746
2024-11-21 21:06:48+00:00,NKS3010,27.70365569551112,-84.63523864746094,10668.0,103.0693178962822,266.17443919890746
2024-11-21 21:06:50+00:00,NKS3010,27.702117919921875,-84.62784101378242,10668.0,103.04432393344794,266.6755830323637
2024-11-21 21:06:51+00:00,NKS3010,27.70166015625,-84.62556083247347,10668.0,103.04432393344794,266.6755830323637
2024-11-21 21:06:53+00:00,NKS3010,27.700469970703125,-84.61991220150355,10668.0,103.04432393344794,266.6755830323637
2024-11-21 21:06:55+00:00,NKS3010,27.69955444335937,-84.61540366118805,10668.0,103.04432393344794,266.6755830323637
2024-11-21 21:06:57+00:00,NKS3010,27.698501586914062,-84.61042872015037,10668.0,103.04432393344794,266.6755830323637
2024-11-21 21:06:58+00:00,NKS3010,27.698272705078125,-84.60913316258842,10668.0,103.04432393344794,266.6755830323637
2024-11-21 21:06:59+00:00,NKS3010,27.69746424788136,-84.60518470177283,10668.0,103.04432393344794,266.6755830323637
2024-11-21 21:07:00+00:00,NKS3010,27.697174072265625,-84.60384728773585,10668.0,103.04432393344794,266.6755830323637
2024-11-21 21:07:01+00:00,NKS3010,27.696258544921875,-84.59944239202537,10668.0,103.04432393344794,266.6755830323637
2024-11-21 21:07:02+00:00,NKS3010,27.69575500488281,-84.5969549215065,10668.0,103.04432393344794,266.6755830323637
2024-11-21 21:07:03+00:00,NKS3010,27.69518318822828,-84.59425119253302,10668.0,103.04432393344794,266.6755830323637
2024-11-21 21:07:06+00:00,NKS3010,27.693646964380296,-84.58685654860278,10668.0,103.04432393344794,266.6755830323637
2024-11-21 21:07:10+00:00,NKS3010,27.69155211367849,-84.57660968487079,10668.0,103.15195413465196,266.7921662146362
2024-11-21 21:07:11+00:00,NKS3010,27.69099348682468,-84.57391592172473,10668.0,103.15195413465196,266.7921662146362
2024-11-21 21:07:13+00:00,NKS3010,27.690170288085938,-84.5700591465212,10668.0,103.15195413465196,266.7921662146362
2024-11-21 21:07:14+00:00,NKS3010,27.689271054025426,-84.56572899451623,10668.0,103.15195413465196,266.7921662146362
2024-11-21 21:07:15+00:00,NKS3010,27.688705444335938,-84.56295949108193,10668.0,103.15195413465196,266.7921662146362
2024-11-21 21:07:17+00:00,NKS3010,27.68760681152344,-84.55767361622935,10668.0,103.15195413465196,266.7921662146362
2024-11-21 21:07:19+00:00,NKS3010,27.686553955078125,-84.55264685288915,10668.0,103.15195413465196,266.7921662146362
2024-11-21 21:07:23+00:00,NKS3010,27.6842434123411,-84.5414851262019,10668.0,103.15195413465196,266.7921662146362
2024-11-21 21:07:24+00:00,NKS3010,27.683990478515625,-84.5402095002948,10668.0,103.15195413465196,266.7921662146362
2024-11-21 21:07:25+00:00,NKS3010,27.683498576536017,-84.5378934420072,10668.0,103.15195413465196,266.7921662146362
2024-11-21 21:07:26+00:00,NKS3010,27.68298650192002,-84.53541095440204,10668.0,103.15195413465196,266.7921662146362
2024-11-21 21:07:28+00:00,NKS3010,27.681930541992188,-84.53046690742923,10668.0,103.15195413465196,266.7921662146362
2024-11-21 21:07:31+00:00,NKS3010,27.68037414550781,-84.5228490289652,10668.0,103.15195413465196,266.7921662146362
2024-11-21 21:07:33+00:00,NKS3010,27.67921577065678,-84.51729407677283,10668.0,103.15195413465196,266.7921662146362
2024-11-21 21:07:34+00:00,NKS3010,27.67840576171875,-84.51341736991452,10668.0,103.15195413465196,266.7921662146362
2024-11-21 21:07:35+00:00,NKS3010,27.677865755760063,-84.51095581054688,10668.0,103.15195413465196,266.7921662146362
2024-11-21 21:07:37+00:00,NKS3010,27.67674850205244,-84.50556828425482,10668.0,103.15195413465196,266.7921662146362
2024-11-21 21:07:40+00:00,NKS3010,27.674886412539724,-84.49669471153845,10668.0,103.15195413465196,266.7921662146362
2024-11-21 21:07:41+00:00,NKS3010,27.674374337923727,-84.4941594050481,10668.0,103.15195413465196,266.7921662146362
2024-11-21 21:07:43+00:00,NKS3010,27.6732570842161,-84.48877187875598,10668.0,103.15195413465196,266.7921662146362
2024-11-21 21:07:46+00:00,NKS3010,27.67153465141684,-84.48063777043268,10668.0,103.15195413465196,266.7921662146362
2024-11-21 21:07:48+00:00,NKS3010,27.67092947232521,-84.47757427509015,10668.0,103.25948993309456,266.9096900200577
2024-11-21 21:07:49+00:00,NKS3010,27.67012023925781,-84.47377330852004,10668.0,103.25948993309456,266.9096900200577
2024-11-21 21:07:50+00:00,NKS3010,27.66957092285156,-84.47107854879124,10668.0,103.25948993309456,266.9096900200577
2024-11-21 21:07:51+00:00,NKS3010,27.66929626464844,-84.46993845813677,10668.0,103.25948993309456,266.9096900200577
2024-11-21 21:07:53+00:00,NKS3010,27.667739868164062,-84.46232057967273,10668.0,103.25948993309456,266.9096900200577
2024-11-21 21:07:54+00:00,NKS3010,27.66741943359375,-84.46081773290092,10668.0,103.23420841713904,267.4104456349075
2024-11-21 21:07:56+00:00,NKS3010,27.66645812988281,-84.45636101488799,10668.0,103.23420841713904,267.4104456349075
2024-11-21 21:07:57+00:00,NKS3010,27.665948382878707,-84.45375295785755,10668.0,103.23420841713904,267.4104456349075
2024-11-21 21:07:58+00:00,NKS3010,27.6650390625,-84.44952047096109,10668.0,103.23420841713904,267.4104456349075
2024-11-21 21:07:59+00:00,NKS3010,27.664581298828125,-84.44713664504718,10668.0,103.23420841713904,267.4104456349075
2024-11-21 21:08:02+00:00,NKS3010,27.66292248742055,-84.4392277644231,10668.0,103.23420841713904,267.4104456349075
2024-11-21 21:08:03+00:00,NKS3010,27.662429809570312,-84.4368758291568,10668.0,103.23420841713904,267.4104456349075
2024-11-21 21:08:04+00:00,NKS3010,27.66185178595074,-84.43420997032752,10668.0,103.23420841713904,267.4104456349075
2024-11-21 21:08:15+00:00,NKS3010,27.655975341796875,-84.40609338148585,10668.0,103.23420841713904,267.4104456349075
2024-11-21 21:08:18+00:00,NKS3010,27.654098510742188,-84.39697265625,10668.0,103.23420841713904,267.4104456349075
2024-11-21 21:08:19+00:00,NKS3010,27.65350341796875,-84.39427789652123,10668.0,103.23420841713904,267.4104456349075
2024-11-21 21:08:22+00:00,NKS3010,27.652029263771187,-84.38709552471454,10668.0,103.23420841713904,267.4104456349075
2024-11-21 21:08:23+00:00,NKS3010,27.65170339810646,-84.38556377704327,10668.0,103.23420841713904,267.4104456349075
2024-11-21 21:08:24+00:00,NKS3010,27.65109821901483,-84.38271155724158,10668.0,103.23420841713904,267.4104456349075
2024-11-21 21:08:25+00:00,NKS3010,27.650586144398837,-84.38012343186597,10668.0,103.23420841713904,267.4104456349075
2024-11-21 21:08:26+00:00,NKS3010,27.64974820411811,-84.37616201547473,10668.0,103.23420841713904,267.4104456349075
2024-11-21 21:08:27+00:00,NKS3010,27.649154663085938,-84.37339350862322,10668.0,103.23420841713904,267.4104456349075
2024-11-21 21:08:29+00:00,NKS3010,27.648239135742188,-84.3690404352152,10668.0,103.23420841713904,267.4104456349075
2024-11-21 21:08:32+00:00,NKS3010,27.64662920418432,-84.36142554649939,10668.0,103.23420841713904,267.4104456349075
2024-11-21 21:08:33+00:00,NKS3010,27.6457912639036,-84.35730567345252,10668.0,103.23420841713904,267.4104456349075
2024-11-21 21:08:36+00:00,NKS3010,27.644441249006885,-84.35086176945612,10668.0,103.23420841713904,267.4104456349075
2024-11-21 21:08:37+00:00,NKS3010,27.643929174390887,-84.34837928185095,10668.0,103.23420841713904,267.4104456349075
2024-11-21 21:08:39+00:00,NKS3010,27.64285847292108,-84.34325584998498,10668.0,103.23420841713904,267.4104456349075
2024-11-21 21:08:40+00:00,NKS3010,27.64202053264036,-84.33924161470854,10668.0,103.23420841713904,267.4104456349075
2024-11-21 21:08:41+00:00,NKS3010,27.64173889160156,-84.3378952314269,10668.0,103.23420841713904,267.4104456349075
2024-11-21 21:08:42+00:00,NKS3010,27.640903278932733,-84.33395972618689,10668.0,103.23420841713904,267.4104456349075
2024-11-21 21:08:43+00:00,NKS3010,27.640594482421875,-84.33245388966685,10668.0,103.23420841713904,267.4104456349075
2024-11-21 21:08:44+00:00,NKS3010,27.64009094238281,-84.33001824145049,10668.0,103.23420841713904,267.4104456349075
2024-11-21 21:08:45+00:00,NKS3010,27.63954162597656,-84.3274789486291,10668.0,103.23420841713904,267.4104456349075
2024-11-21 21:08:46+00:00,NKS3010,27.6389946371822,-84.32487487792969,10668.0,103.23420841713904,267.4104456349075
2024-11-21 21:08:47+00:00,NKS3010,27.6382032491393,-84.3210719181941,10668.0,103.23420841713904,267.4104456349075
2024-11-21 21:08:48+00:00,NKS3010,27.637644622285485,-84.3183781550481,10668.0,103.23420841713904,267.4104456349075
2024-11-21 21:08:49+00:00,NKS3010,27.6374118610964,-84.3172689584585,10668.0,103.23420841713904,267.4104456349075
2024-11-21 21:08:50+00:00,NKS3010,27.636853234242583,-84.31468083308295,10668.0,103.23420841713904,267.4104456349075
2024-11-21 21:08:52+00:00,NKS3010,27.63583374023437,-84.30965207657721,10668.0,103.23420841713904,267.4104456349075
2024-11-21 21:08:56+00:00,NKS3010,27.63308250297934,-84.29672241210938,10668.0,103.23420841713904,267.4104456349075
2024-11-21 21:08:57+00:00,NKS3010,27.63252387612553,-84.29408146784857,10668.0,103.23420841713904,267.4104456349075
2024-11-21 21:08:58+00:00,NKS3010,27.63201180150953,-84.2916517991286,10668.0,103.23420841713904,267.4104456349075
2024-11-21 21:09:00+00:00,NKS3010,27.630894547801905,-84.28626427283655,10668.0,103.23420841713904,267.4104456349075
2024-11-21 21:09:01+00:00,NKS3010,27.630615234375,-84.28498466059847,10668.0,103.23420841713904,267.4104456349075
2024-11-21 21:09:02+00:00,NKS3010,27.63006591796875,-84.28228990086967,10675.62,103.23420841713904,267.4104456349075
2024-11-21 21:09:03+00:00,NKS3010,27.62949798066737,-84.27966191218451,10668.0,103.23420841713904,267.4104456349075
2024-11-21 21:09:07+00:00,NKS3010,27.62703071206303,-84.26793611966644,10668.0,103.34145930340526,267.52868708425143
2024-11-21 21:09:08+00:00,NKS3010,27.626495361328125,-84.26529218565742,10668.0,103.34145930340526,267.52868708425143
2024-11-21 21:09:09+00:00,NKS3010,27.6259134583554,-84.26270705003003,10668.0,103.34145930340526,267.52868708425143
2024-11-21 21:09:10+00:00,NKS3010,27.62530517578125,-84.25974719929246,10668.0,103.34145930340526,267.52868708425143
2024-11-21 21:09:13+00:00,NKS3010,27.623748779296875,-84.25249207694577,10668.0,103.34145930340526,267.52868708425143
2024-11-21 21:09:17+00:00,NKS3010,27.621734619140625,-84.24290495098762,10668.0,103.34145930340526,267.52868708425143
2024-11-21 21:09:18+00:00,NKS3010,27.62088581667108,-84.23888573279748,10668.0,103.34145930340526,267.52868708425143
2024-11-21 21:09:19+00:00,NKS3010,27.62065305548199,-84.2377237173227,10668.0,103.34145930340526,267.52868708425143
2024-11-21 21:09:26+00:00,NKS3010,27.61656188964844,-84.21834117961379,10668.0,103.34145930340526,267.52868708425143
2024-11-21 21:09:28+00:00,NKS3010,27.615646362304688,-84.21393628390331,10668.0,103.34145930340526,267.52868708425143
2024-11-21 21:09:31+00:00,NKS3010,27.61372375488281,-84.20491920327237,10668.0,103.34145930340526,267.52868708425143
2024-11-21 21:09:33+00:00,NKS3010,27.612925384004235,-84.20117304875299,10668.0,103.34145930340526,267.52868708425143
2024-11-21 21:09:36+00:00,NKS3010,27.6112495034428,-84.19314457820013,10668.0,103.34145930340526,267.52868708425143
2024-11-21 21:09:37+00:00,NKS3010,27.610382080078125,-84.18890611180717,10668.0,103.34145930340526,267.52868708425143
2024-11-21 21:09:38+00:00,NKS3010,27.61006164550781,-84.18740326503536,10668.0,103.34145930340526,267.52868708425143
2024-11-21 21:09:39+00:00,NKS3010,27.609146118164062,-84.1831538362323,10668.0,103.34145930340526,267.52868708425143
2024-11-21 21:09:40+00:00,NKS3010,27.60882568359375,-84.18165098946048,10668.0,103.34145930340526,267.52868708425143
2024-11-21 21:09:43+00:00,NKS3010,27.60710635427701,-84.17354877178485,10668.0,103.34145930340526,267.52868708425143
2024-11-21 21:09:49+00:00,NKS3010,27.603894249867583,-84.15833693284253,10668.0,103.34145930340526,267.52868708425143
2024-11-21 21:10:00+00:00,NKS3010,27.597930908203125,-84.12982868698408,10668.0,103.31608304910728,268.02927363692584
2024-11-21 21:10:14+00:00,NKS3010,27.590161339711333,-84.0932112473708,10668.0,103.31608304910728,268.02927363692584
2024-11-21 21:10:24+00:00,NKS3010,27.584197998046875,-84.06499898658609,10668.0,103.31608304910728,268.02927363692584
2024-11-21 21:10:40+00:00,NKS3010,27.575543937036542,-84.02401850773738,10668.0,103.29080141128588,268.52991257011035
2024-11-21 21:10:43+00:00,NKS3010,27.573898315429688,-84.01644148916569,10668.0,103.29080141128588,268.52991257011035
2024-11-21 21:10:44+00:00,NKS3010,27.57312322067002,-84.01266244741583,10668.0,103.29080141128588,268.52991257011035
2024-11-21 21:10:45+00:00,NKS3010,27.57257080078125,-84.00996370135613,10668.0,103.29080141128588,268.52991257011035
2024-11-21 21:10:46+00:00,NKS3010,27.572005966962397,-84.00727492112378,10668.0,103.29080141128588,268.52991257011035
2024-11-21 21:10:47+00:00,NKS3010,27.57138061523437,-84.00431507038621,10668.0,103.29080141128588,268.52991257011035
2024-11-21 21:10:48+00:00,NKS3010,27.570785522460938,-84.00167213295987,10668.0,103.29080141128588,268.52991257011035
2024-11-21 21:10:49+00:00,NKS3010,27.570556640625,-84.0005838646079,10668.0,103.29080141128588,268.52991257011035
2024-11-21 21:10:50+00:00,NKS3010,27.569631802833687,-83.9960244985727,10668.0,103.29080141128588,268.52991257011035
2024-11-21 21:10:51+00:00,NKS3010,27.569137573242188,-83.993743320681,10668.0,103.29080141128588,268.52991257011035
2024-11-21 21:10:54+00:00,NKS3010,27.567398071289062,-83.98550357458726,10668.0,103.39758032089053,268.64864642974266
2024-11-21 21:10:55+00:00,NKS3010,27.56688522080244,-83.9830838716947,10668.0,103.39758032089053,268.64864642974266
2024-11-21 21:10:56+00:00,NKS3010,27.56625366210937,-83.98016587743217,10668.0,103.39758032089053,268.64864642974266
2024-11-21 21:10:57+00:00,NKS3010,27.565814519332623,-83.97796043982873,10668.0,103.39758032089053,268.64864642974266
2024-11-21 21:10:58+00:00,NKS3010,27.56529235839844,-83.97555369251177,10668.0,103.39758032089053,268.64864642974266
2024-11-21 21:10:59+00:00,NKS3010,27.564976579051905,-83.97410466120795,10668.0,103.39758032089053,268.64864642974266
2024-11-21 21:11:00+00:00,NKS3010,27.56441795219809,-83.97141089806189,10668.0,103.39758032089053,268.64864642974266
2024-11-21 21:11:01+00:00,NKS3010,27.5635986328125,-83.96752123562794,10668.0,103.39758032089053,268.64864642974266
2024-11-21 21:11:02+00:00,NKS3010,27.56297483282574,-83.96465008075421,10668.0,103.3722052879755,269.1491165736276
2024-11-21 21:11:03+00:00,NKS3010,27.562416205971928,-83.9620091364934,10668.0,103.3722052879755,269.1491165736276
2024-11-21 21:11:04+00:00,NKS3010,27.562179565429688,-83.96088798091097,10668.0,103.3722052879755,269.1491165736276
2024-11-21 21:11:05+00:00,NKS3010,27.561538696289062,-83.95783046506483,10668.0,103.3722052879755,269.1491165736276
2024-11-21 21:11:06+00:00,NKS3010,27.560943603515625,-83.95508388303358,10668.0,103.3722052879755,269.1491165736276
2024-11-21 21:11:08+00:00,NKS3010,27.560073852539062,-83.95093809883548,10660.38,103.3722052879755,269.1491165736276
2024-11-21 21:11:10+00:00,NKS3010,27.558609008789062,-83.94414937721109,10660.38,103.47870250786704,269.268560253967
2024-11-21 21:11:11+00:00,NKS3010,27.557830810546875,-83.94036634913027,10652.76,103.47870250786704,269.268560253967
2024-11-21 21:11:12+00:00,NKS3010,27.55748166876324,-83.93882164588342,10652.76,103.4532353064554,269.7688613801337
2024-11-21 21:11:15+00:00,NKS3010,27.555759235963983,-83.93063471867487,10645.14,103.4532353064554,269.7688613801337
2024-11-21 21:11:18+00:00,NKS3010,27.5540771484375,-83.92290223319577,10629.9,103.4532353064554,269.7688613801337
2024-11-21 21:11:19+00:00,NKS3010,27.553338519597457,-83.91943711500903,10622.28,103.4532353064554,269.7688613801337
2024-11-21 21:11:20+00:00,NKS3010,27.55287299721928,-83.91706026517426,10614.66,103.4532353064554,269.7688613801337
2024-11-21 21:11:21+00:00,NKS3010,27.55224609375,-83.91429973098468,10614.66,103.4532353064554,269.7688613801337
2024-11-21 21:11:24+00:00,NKS3010,27.55073547363281,-83.9072000755454,10599.42,103.5338937144057,270.3891432709901
2024-11-21 21:11:25+00:00,NKS3010,27.550172967425848,-83.9044893704928,10591.8,103.5338937144057,270.3891432709901
2024-11-21 21:11:26+00:00,NKS3010,27.54986572265625,-83.90310611364976,10584.18,103.5338937144057,270.3891432709901
2024-11-21 21:11:27+00:00,NKS3010,27.54927062988281,-83.90025588701354,10584.18,103.5338937144057,270.3891432709901
2024-11-21 21:11:29+00:00,NKS3010,27.54807811672405,-83.89477069561298,10568.94,103.5338937144057,270.3891432709901
2024-11-21 21:11:30+00:00,NKS3010,27.54721069335937,-83.89077240566036,10561.32,103.5338937144057,270.3891432709901
2024-11-21 21:11:32+00:00,NKS3010,27.546029818260063,-83.88526329627405,10553.7,103.5338937144057,270.3891432709901
2024-11-21 21:11:33+00:00,NKS3010,27.545750504833155,-83.88389000525842,10546.08,103.5338937144057,270.3891432709901
2024-11-21 21:11:34+00:00,NKS3010,27.54519187797934,-83.88130187988281,10538.46,103.5338937144057,270.3891432709901
2024-11-21 21:11:36+00:00,NKS3010,27.543685913085938,-83.87429291347286,10530.84,103.5338937144057,270.3891432709901
2024-11-21 21:11:38+00:00,NKS3010,27.542770385742188,-83.86999166236734,10515.6,103.5338937144057,270.3891432709901
2024-11-21 21:11:41+00:00,NKS3010,27.540939331054688,-83.86154462706367,10500.36,103.5338937144057,270.3891432709901
2024-11-21 21:11:43+00:00,NKS3010,27.539703369140625,-83.85574052918633,10492.74,103.5338937144057,270.3891432709901
2024-11-21 21:11:44+00:00,NKS3010,27.53914008706303,-83.85304377629205,10485.12,103.55945187053403,269.88901138147907
2024-11-21 21:11:45+00:00,NKS3010,27.5385349079714,-83.85040283203125,10485.12,103.55945187053403,269.88901138147907
2024-11-21 21:11:47+00:00,NKS3010,27.53737110202595,-83.84496248685394,10469.88,103.55945187053403,269.88901138147907
2024-11-21 21:11:49+00:00,NKS3010,27.536590576171875,-83.84117846219044,10469.88,103.55945187053403,269.88901138147907
2024-11-21 21:11:50+00:00,NKS3010,27.53574177370233,-83.83735656738281,10462.26,103.55945187053403,269.88901138147907
2024-11-21 21:11:52+00:00,NKS3010,27.53467107223252,-83.83239159217248,10454.64,103.55945187053403,269.88901138147907
2024-11-21 21:11:54+00:00,NKS3010,27.53388977050781,-83.82863746499112,10447.02,103.55945187053403,269.88901138147907
2024-11-21 21:11:56+00:00,NKS3010,27.53242492675781,-83.82190056566924,10439.4,103.55945187053403,269.88901138147907
2024-11-21 21:11:58+00:00,NKS3010,27.531226206634003,-83.81644028883716,10424.16,103.66557354074963,270.01008807796194
2024-11-21 21:12:00+00:00,NKS3010,27.530108952926376,-83.81115840031549,10416.54,103.63983065458314,270.5099961151465
2024-11-21 21:12:01+00:00,NKS3010,27.529586791992188,-83.8087377008402,10416.54,103.63983065458314,270.5099961151465
2024-11-21 21:12:02+00:00,NKS3010,27.52899169921875,-83.8060429411114,10408.92,103.63983065458314,270.5099961151465
2024-11-21 21:12:03+00:00,NKS3010,27.52867126464844,-83.8045919166421,10408.92,103.63983065458314,270.5099961151465
2024-11-21 21:12:04+00:00,NKS3010,27.527827893273304,-83.80059462327222,10401.3,103.63983065458314,270.5099961151465
2024-11-21 21:12:05+00:00,NKS3010,27.52745547537076,-83.79901005671576,10393.68,103.63983065458314,270.5099961151465
2024-11-21 21:12:06+00:00,NKS3010,27.526570982852224,-83.79494300255408,10393.68,103.63983065458314,270.5099961151465
2024-11-21 21:12:07+00:00,NKS3010,27.52606201171875,-83.79241367556011,10386.06,103.63983065458314,270.5099961151465
2024-11-21 21:12:08+00:00,NKS3010,27.525466918945312,-83.78966709352886,10378.44,103.63983065458314,270.5099961151465
2024-11-21 21:12:09+00:00,NKS3010,27.52496337890625,-83.78733508991746,10378.44,103.63983065458314,270.5099961151465
2024-11-21 21:12:10+00:00,NKS3010,27.524336475436968,-83.7845905010517,10370.82,103.63983065458314,270.5099961151465
2024-11-21 21:12:11+00:00,NKS3010,27.52368474410752,-83.78163264347955,10363.2,103.74567261895842,270.6317728997677
2024-11-21 21:12:12+00:00,NKS3010,27.52321922172934,-83.77936143141528,10363.2,103.74567261895842,270.6317728997677
2024-11-21 21:12:13+00:00,NKS3010,27.52266059487553,-83.77677330603967,10355.58,103.74567261895842,270.6317728997677
2024-11-21 21:12:14+00:00,NKS3010,27.522101968021715,-83.77429081843451,10355.58,103.74567261895842,270.6317728997677
2024-11-21 21:12:15+00:00,NKS3010,27.521484375,-83.77147746535968,10347.96,103.74567261895842,270.6317728997677
2024-11-21 21:12:16+00:00,NKS3010,27.52093505859375,-83.76883452793334,10340.34,103.74567261895842,270.6317728997677
2024-11-21 21:12:17+00:00,NKS3010,27.52033298298464,-83.7662095289964,10340.34,103.74567261895842,270.6317728997677
2024-11-21 21:12:18+00:00,NKS3010,27.52001953125,-83.7647923883402,10332.72,103.74567261895842,270.6317728997677
2024-11-21 21:12:19+00:00,NKS3010,27.51910400390625,-83.76059478183959,10325.1,103.74567261895842,270.6317728997677
2024-11-21 21:12:20+00:00,NKS3010,27.518463134765625,-83.75758908829596,10317.48,103.74567261895842,270.6317728997677
2024-11-21 21:12:21+00:00,NKS3010,27.5181450278072,-83.7561739408053,10317.48,103.74567261895842,270.6317728997677
2024-11-21 21:12:22+00:00,NKS3010,27.51727294921875,-83.75219956883842,10309.86,103.71984109097576,271.13151078854264
2024-11-21 21:12:24+00:00,NKS3010,27.516189833818856,-83.74703627366284,10302.24,103.71984109097576,271.13151078854264
2024-11-21 21:12:25+00:00,NKS3010,27.515538102489405,-83.74413123497595,10294.62,103.71984109097576,271.13151078854264
2024-11-21 21:12:26+00:00,NKS3010,27.51530534130032,-83.74302203838641,10294.62,103.71984109097576,271.13151078854264
2024-11-21 21:12:27+00:00,NKS3010,27.51437429654396,-83.7387965275691,10287.0,103.71984109097576,271.13151078854264
2024-11-21 21:12:28+00:00,NKS3010,27.5137939453125,-83.73603101046581,10279.38,103.61418274482936,271.00995855839454
2024-11-21 21:12:30+00:00,NKS3010,27.512969970703125,-83.73219616008254,10271.76,103.58862929706594,271.50997510715354
2024-11-21 21:12:31+00:00,NKS3010,27.512093236890887,-83.72828556941107,10264.14,103.58862929706594,271.50997510715354
2024-11-21 21:12:32+00:00,NKS3010,27.51141357421875,-83.72509650464326,10256.52,103.58862929706594,271.50997510715354
2024-11-21 21:12:33+00:00,NKS3010,27.510818481445312,-83.72234992261201,10256.52,103.58862929706594,271.50997510715354
2024-11-21 21:12:34+00:00,NKS3010,27.510510460805083,-83.72089092548077,10248.9,103.58862929706594,271.50997510715354
2024-11-21 21:12:35+00:00,NKS3010,27.510277699615997,-83.71972891000598,10248.9,103.58862929706594,271.50997510715354
2024-11-21 21:12:37+00:00,NKS3010,27.50885009765625,-83.7131255527712,10233.66,103.56316980050242,272.01004546304864
2024-11-21 21:12:39+00:00,NKS3010,27.50752258300781,-83.70690687647402,10226.04,103.56316980050242,272.01004546304864
2024-11-21 21:12:40+00:00,NKS3010,27.506879386255296,-83.70404170109674,10218.42,103.56316980050242,272.01004546304864
2024-11-21 21:12:41+00:00,NKS3010,27.5063673116393,-83.70150639460638,10210.8,103.56316980050242,272.01004546304864
2024-11-21 21:12:42+00:00,NKS3010,27.505828857421875,-83.69913353110258,10210.8,103.45778347654137,271.8898593795164
2024-11-21 21:12:43+00:00,NKS3010,27.50529661016949,-83.69664705716644,10203.18,103.45778347654137,271.8898593795164
2024-11-21 21:12:44+00:00,NKS3010,27.50478453555349,-83.69411175067609,10203.18,103.45778347654137,271.8898593795164
2024-11-21 21:12:45+00:00,NKS3010,27.50450134277344,-83.6929666771079,10195.56,103.4325997801078,272.3902039148878
2024-11-21 21:12:46+00:00,NKS3010,27.503631591796875,-83.6888208929098,10187.94,103.4325997801078,272.3902039148878
2024-11-21 21:12:49+00:00,NKS3010,27.5020751953125,-83.68156577056305,10180.32,103.4325997801078,272.3902039148878
2024-11-21 21:12:50+00:00,NKS3010,27.501205444335938,-83.67747180866746,10172.7,103.4325997801078,272.3902039148878
2024-11-21 21:12:51+00:00,NKS3010,27.500548281912074,-83.67441030649036,10165.08,103.4325997801078,272.3902039148878
2024-11-21 21:12:53+00:00,NKS3010,27.49998965505826,-83.67176936222955,10157.46,103.4325997801078,272.3902039148878
2024-11-21 21:12:54+00:00,NKS3010,27.49891662597656,-83.66658912514737,10149.84,103.4325997801078,272.3902039148878
2024-11-21 21:12:55+00:00,NKS3010,27.498406878972457,-83.66421626164362,10149.84,103.4325997801078,272.3902039148878
2024-11-21 21:12:56+00:00,NKS3010,27.497848252118644,-83.661628136268,10142.22,103.4325997801078,272.3902039148878
2024-11-21 21:12:57+00:00,NKS3010,27.497222900390625,-83.6586603128685,10134.6,103.4325997801078,272.3902039148878
2024-11-21 21:12:58+00:00,NKS3010,27.49663789393538,-83.65602933443506,10134.6,103.4325997801078,272.3902039148878
2024-11-21 21:13:00+00:00,NKS3010,27.495520640227756,-83.65080026479865,10126.98,103.4325997801078,272.3902039148878
2024-11-21 21:13:01+00:00,NKS3010,27.49491546113612,-83.64778958834131,10119.36,103.4325997801078,272.3902039148878
2024-11-21 21:13:02+00:00,NKS3010,27.49433898925781,-83.6452901588296,10111.74,103.4325997801078,272.3902039148878
2024-11-21 21:13:03+00:00,NKS3010,27.49374389648437,-83.64249175449584,10104.12,103.53780374794913,272.51016932986323
2024-11-21 21:13:05+00:00,NKS3010,27.492587849245236,-83.6370145357572,10096.5,103.53780374794913,272.51016932986323
2024-11-21 21:13:07+00:00,NKS3010,27.491470595537606,-83.63178546612079,10088.88,103.53780374794913,272.51016932986323
2024-11-21 21:13:09+00:00,NKS3010,27.4903998940678,-83.62687330979566,10081.26,103.53780374794913,272.51016932986323
2024-11-21 21:13:10+00:00,NKS3010,27.4898878194518,-83.62444364107569,10081.26,103.53780374794913,272.51016932986323
2024-11-21 21:13:11+00:00,NKS3010,27.48921203613281,-83.62134825508548,10073.64,103.53780374794913,272.51016932986323
2024-11-21 21:13:12+00:00,NKS3010,27.48872401350636,-83.61889765812799,10073.64,103.53780374794913,272.51016932986323
2024-11-21 21:13:13+00:00,NKS3010,27.488113403320312,-83.61621784714032,10073.64,103.53780374794913,272.51016932986323
2024-11-21 21:13:14+00:00,NKS3010,27.487564086914062,-83.61357490971403,10073.64,103.53780374794913,272.51016932986323
2024-11-21 21:13:15+00:00,NKS3010,27.487106323242188,-83.61134655070754,10066.02,103.56316980050242,272.01004546304864
2024-11-21 21:13:16+00:00,NKS3010,27.48651123046875,-83.6087554355837,10066.02,103.56316980050242,272.01004546304864
2024-11-21 21:13:17+00:00,NKS3010,27.485977431475103,-83.60627394456128,10066.02,103.56316980050242,272.01004546304864
2024-11-21 21:13:18+00:00,NKS3010,27.485183715820312,-83.60243311468162,10066.02,103.56316980050242,272.01004546304864
2024-11-21 21:13:19+00:00,NKS3010,27.484542846679688,-83.59942742113799,10066.02,103.56316980050242,272.01004546304864
2024-11-21 21:13:20+00:00,NKS3010,27.48420844643803,-83.59803419846753,10066.02,103.56316980050242,272.01004546304864
2024-11-21 21:13:21+00:00,NKS3010,27.48358154296875,-83.59491888082249,10066.02,103.56316980050242,272.01004546304864
2024-11-21 21:13:22+00:00,NKS3010,27.482951536016948,-83.5921184833233,10066.02,103.56316980050242,272.01004546304864
2024-11-21 21:13:23+00:00,NKS3010,27.482666015625,-83.59077309662439,10066.02,103.56316980050242,272.01004546304864
2024-11-21 21:13:24+00:00,NKS3010,27.48211669921875,-83.5881301591981,10058.4,103.56316980050242,272.01004546304864
2024-11-21 21:13:25+00:00,NKS3010,27.48122910321769,-83.58414283165564,10058.4,103.53780374794913,272.51016932986323
2024-11-21 21:13:26+00:00,NKS3010,27.48060607910156,-83.58123779296875,10058.4,103.53780374794913,272.51016932986323
2024-11-21 21:13:28+00:00,NKS3010,27.47950667041843,-83.57616717998798,10066.02,103.53780374794913,272.51016932986323
2024-11-21 21:13:29+00:00,NKS3010,27.47895812988281,-83.57351626989976,10058.4,103.53780374794913,272.51016932986323
2024-11-21 21:13:30+00:00,NKS3010,27.47840881347656,-83.57082151017096,10058.4,103.53780374794913,272.51016932986323
2024-11-21 21:13:31+00:00,NKS3010,27.47808837890625,-83.56937048570165,10058.4,103.53780374794913,272.51016932986323
2024-11-21 21:13:32+00:00,NKS3010,27.477132506289724,-83.56502239520734,10058.4,103.51253063578602,273.0103464135195
2024-11-21 21:13:33+00:00,NKS3010,27.47652732719809,-83.5620645376352,10058.4,103.51253063578602,273.0103464135195
2024-11-21 21:13:34+00:00,NKS3010,27.476201461533368,-83.56053278996393,10058.4,103.51253063578602,273.0103464135195
2024-11-21 21:13:35+00:00,NKS3010,27.475616455078125,-83.55791775685435,10058.4,103.51253063578602,273.0103464135195
2024-11-21 21:13:36+00:00,NKS3010,27.47503765558792,-83.55514526367188,10058.4,103.51253063578602,273.0103464135195
2024-11-21 21:13:37+00:00,NKS3010,27.4747117899232,-83.55377197265625,10058.4,103.51253063578602,273.0103464135195
2024-11-21 21:13:38+00:00,NKS3010,27.47387384964248,-83.54986337515021,10058.4,103.51253063578602,273.0103464135195
2024-11-21 21:13:40+00:00,NKS3010,27.472477282507946,-83.54326101449817,10058.4,103.51253063578602,273.0103464135195
2024-11-21 21:13:41+00:00,NKS3010,27.472151416843214,-83.54183490459735,10058.4,103.51253063578602,273.0103464135195
2024-11-21 21:13:42+00:00,NKS3010,27.47154623775159,-83.5390355036809,10058.4,103.51253063578602,273.0103464135195
2024-11-21 21:13:43+00:00,NKS3010,27.47080993652344,-83.53553052218456,10058.4,103.51253063578602,273.0103464135195
2024-11-21 21:13:44+00:00,NKS3010,27.47021484375,-83.53268029554835,10058.4,103.51253063578602,273.0103464135195
2024-11-21 21:13:45+00:00,NKS3010,27.46966552734375,-83.53014100272702,10058.4,103.51253063578602,273.0103464135195
2024-11-21 21:13:46+00:00,NKS3010,27.4691162109375,-83.52765353220815,10058.4,103.51253063578602,273.0103464135195
2024-11-21 21:13:47+00:00,NKS3010,27.468521118164062,-83.52480330557194,10058.4,103.51253063578602,273.0103464135195
2024-11-21 21:13:48+00:00,NKS3010,27.467926025390625,-83.52210854584314,10058.4,103.51253063578602,273.0103464135195
2024-11-21 21:13:49+00:00,NKS3010,27.4676513671875,-83.52076116597874,10058.4,103.51253063578602,273.0103464135195
2024-11-21 21:13:50+00:00,NKS3010,27.46684446173199,-83.5170628474309,10058.4,103.51253063578602,273.0103464135195
2024-11-21 21:13:51+00:00,NKS3010,27.466232299804688,-83.51428337816924,10058.4,103.51253063578602,273.0103464135195
2024-11-21 21:13:52+00:00,NKS3010,27.46563720703125,-83.51153679613799,10058.4,103.51253063578602,273.0103464135195
2024-11-21 21:13:53+00:00,NKS3010,27.465087890625,-83.50889385871164,10058.4,103.61746039478436,273.1310084071101
2024-11-21 21:13:54+00:00,NKS3010,27.464767456054688,-83.50744283424234,10058.4,103.61746039478436,273.1310084071101
2024-11-21 21:13:55+00:00,NKS3010,27.463958222987287,-83.50375248835638,10058.4,103.61746039478436,273.1310084071101
2024-11-21 21:13:56+00:00,NKS3010,27.463399596133478,-83.50111154409552,10058.4,103.61746039478436,273.1310084071101
2024-11-21 21:13:57+00:00,NKS3010,27.462799072265625,-83.49837393130895,10058.4,103.61746039478436,273.1310084071101
2024-11-21 21:13:58+00:00,NKS3010,27.46223579018803,-83.49572401780347,10058.4,103.61746039478436,273.1310084071101
2024-11-21 21:13:59+00:00,NKS3010,27.461654663085938,-83.49308805645637,10058.4,103.61746039478436,273.1310084071101
2024-11-21 21:14:00+00:00,NKS3010,27.4611185364804,-83.49038931039661,10058.4,103.61746039478436,273.1310084071101
2024-11-21 21:14:01+00:00,NKS3010,27.460418701171875,-83.48738760318395,10058.4,103.61746039478436,273.1310084071101
2024-11-21 21:14:02+00:00,NKS3010,27.46009826660156,-83.48588475641213,10058.4,103.61746039478436,273.1310084071101
2024-11-21 21:14:03+00:00,NKS3010,27.459274291992188,-83.48189443912145,10058.4,103.61746039478436,273.1310084071101
2024-11-21 21:14:04+00:00,NKS3010,27.458908081054688,-83.48039159234963,10058.4,103.61746039478436,273.1310084071101
2024-11-21 21:14:06+00:00,NKS3010,27.457627118644066,-83.47449082594653,10058.4,103.72229713313357,273.25258564814703
2024-11-21 21:14:07+00:00,NKS3010,27.45734780521716,-83.4731175349309,10058.4,103.72229713313357,273.25258564814703
2024-11-21 21:14:08+00:00,NKS3010,27.456527709960938,-83.46930161961967,10058.4,103.72229713313357,273.25258564814703
2024-11-21 21:14:09+00:00,NKS3010,27.455951238082623,-83.46667363093451,10058.4,103.72229713313357,273.25258564814703
2024-11-21 21:14:10+00:00,NKS3010,27.45543916346663,-83.46434959998498,10058.4,103.72229713313357,273.25258564814703
2024-11-21 21:14:11+00:00,NKS3010,27.454833984375,-83.46147645194577,10058.4,103.72229713313357,273.25258564814703
2024-11-21 21:14:12+00:00,NKS3010,27.45391845703125,-83.45727884544516,10058.4,103.72229713313357,273.25258564814703
2024-11-21 21:14:13+00:00,NKS3010,27.45329776052701,-83.45463092510516,10058.4,103.72229713313357,273.25258564814703
2024-11-21 21:14:14+00:00,NKS3010,27.4530029296875,-83.45313306124706,10058.4,103.72229713313357,273.25258564814703
2024-11-21 21:14:15+00:00,NKS3010,27.452413268008478,-83.45035259540265,10058.4,103.7479322807705,272.7528527857385
2024-11-21 21:14:16+00:00,NKS3010,27.45208740234375,-83.44883181014148,10058.4,103.7479322807705,272.7528527857385
2024-11-21 21:14:17+00:00,NKS3010,27.45112609863281,-83.44463420364093,10058.4,103.7479322807705,272.7528527857385
2024-11-21 21:14:18+00:00,NKS3010,27.4506442829714,-83.44221848707934,10058.4,103.7479322807705,272.7528527857385
2024-11-21 21:14:19+00:00,NKS3010,27.44979858398437,-83.43836370504124,10058.4,103.7479322807705,272.7528527857385
2024-11-21 21:14:21+00:00,NKS3010,27.44887529793432,-83.43419001652643,10058.4,103.64291477599008,272.63105269364604
2024-11-21 21:14:22+00:00,NKS3010,27.44837951660156,-83.43188591723174,10058.4,103.64291477599008,272.63105269364604
2024-11-21 21:14:23+00:00,NKS3010,27.447509765625,-83.42789559994105,10058.4,103.64291477599008,272.63105269364604
2024-11-21 21:14:25+00:00,NKS3010,27.446640790519066,-83.42383751502405,10058.4,103.64291477599008,272.63105269364604
2024-11-21 21:14:26+00:00,NKS3010,27.445802850238348,-83.42008737417365,10058.4,103.64291477599008,272.63105269364604
2024-11-21 21:14:27+00:00,NKS3010,27.44547698457362,-83.41855562650238,10058.4,103.64291477599008,272.63105269364604
2024-11-21 21:14:28+00:00,NKS3010,27.44517517089844,-83.41716838332843,10058.4,103.66846268104824,272.1311509869178
2024-11-21 21:14:29+00:00,NKS3010,27.444259643554688,-83.41291895452537,10058.4,103.66846268104824,272.1311509869178
2024-11-21 21:14:30+00:00,NKS3010,27.44366455078125,-83.41022419479657,10058.4,103.66846268104824,272.1311509869178
2024-11-21 21:14:31+00:00,NKS3010,27.443149372682733,-83.40767493614783,10058.4,103.66846268104824,272.1311509869178
2024-11-21 21:14:32+00:00,NKS3010,27.44259074582892,-83.40519244854266,10058.4,103.66846268104824,272.1311509869178
2024-11-21 21:14:33+00:00,NKS3010,27.441985566737287,-83.40239304762622,10058.4,103.66846268104824,272.1311509869178
2024-11-21 21:14:34+00:00,NKS3010,27.44133383540784,-83.39938237116888,10058.4,103.66846268104824,272.1311509869178
2024-11-21 21:14:35+00:00,NKS3010,27.4405517578125,-83.39576577240564,10058.4,103.66846268104824,272.1311509869178
2024-11-21 21:14:36+00:00,NKS3010,27.44000244140625,-83.39327830188677,10058.4,103.66846268104824,272.1311509869178
2024-11-21 21:14:37+00:00,NKS3010,27.439727783203125,-83.3921382112323,10058.4,103.66846268104824,272.1311509869178
2024-11-21 21:14:38+00:00,NKS3010,27.439178466796875,-83.389495273806,10058.4,103.66846268104824,272.1311509869178
2024-11-21 21:14:39+00:00,NKS3010,27.43858725337659,-83.38675865760217,10058.4,103.66846268104824,272.1311509869178
2024-11-21 21:14:40+00:00,NKS3010,27.43798828125,-83.38395028744105,10058.4,103.66846268104824,272.1311509869178
2024-11-21 21:14:41+00:00,NKS3010,27.43721008300781,-83.38053001547758,10058.4,103.66846268104824,272.1311509869178
2024-11-21 21:14:42+00:00,NKS3010,27.436569213867188,-83.37752432193395,10058.4,103.66846268104824,272.1311509869178
2024-11-21 21:14:43+00:00,NKS3010,27.436259641485695,-83.37593078613281,10058.4,103.66846268104824,272.1311509869178
2024-11-21 21:14:44+00:00,NKS3010,27.435333251953125,-83.37177204635907,10058.4,103.66846268104824,272.1311509869178
2024-11-21 21:14:45+00:00,NKS3010,27.43501281738281,-83.37042466649467,10058.4,103.66846268104824,272.1311509869178
2024-11-21 21:14:46+00:00,NKS3010,27.434738159179688,-83.36902546432782,10058.4,103.66846268104824,272.1311509869178
2024-11-21 21:14:47+00:00,NKS3010,27.43379237288136,-83.36462754469653,10058.4,103.66846268104824,272.1311509869178
2024-11-21 21:14:48+00:00,NKS3010,27.433140641551905,-83.3616168682392,10058.4,103.66846268104824,272.1311509869178
2024-11-21 21:14:49+00:00,NKS3010,27.432861328125,-83.36042296211673,10058.4,103.66846268104824,272.1311509869178
2024-11-21 21:14:50+00:00,NKS3010,27.431900024414062,-83.35601806640625,10058.4,103.66846268104824,272.1311509869178
2024-11-21 21:14:51+00:00,NKS3010,27.43160441770392,-83.35475041316107,10058.4,103.7736615321707,272.2531747241486
2024-11-21 21:14:52+00:00,NKS3010,27.430813029661017,-83.35105309119592,10058.4,103.7736615321707,272.2531747241486
2024-11-21 21:14:53+00:00,NKS3010,27.4302544028072,-83.34857060359076,10058.4,103.7736615321707,272.2531747241486
2024-11-21 21:14:54+00:00,NKS3010,27.42964922371557,-83.34566556490381,10058.4,103.7736615321707,272.2531747241486
2024-11-21 21:14:55+00:00,NKS3010,27.42904404462394,-83.34297180175781,10058.4,103.7736615321707,272.2531747241486
2024-11-21 21:14:56+00:00,NKS3010,27.428485417770126,-83.34033085749701,10058.4,103.7736615321707,272.2531747241486
2024-11-21 21:14:57+00:00,NKS3010,27.42787170410156,-83.33756932672463,10058.4,103.7736615321707,272.2531747241486
2024-11-21 21:14:58+00:00,NKS3010,27.42727505958686,-83.33483769343451,10058.4,103.7479322807705,272.7528527857385
2024-11-21 21:14:59+00:00,NKS3010,27.426681518554688,-83.3321798072671,10058.4,103.7736615321707,272.2531747241486
2024-11-21 21:15:00+00:00,NKS3010,27.4260647014036,-83.3293973482572,10058.4,103.7736615321707,272.2531747241486
2024-11-21 21:15:01+00:00,NKS3010,27.425506074549787,-83.32665076622595,10058.4,103.7736615321707,272.2531747241486
2024-11-21 21:15:02+00:00,NKS3010,27.42480779098252,-83.32358727088342,10058.4,103.7736615321707,272.2531747241486
2024-11-21 21:15:03+00:00,NKS3010,27.424530029296875,-83.3222299251916,10058.4,103.7479322807705,272.7528527857385
2024-11-21 21:15:04+00:00,NKS3010,27.423923298463983,-83.31946739783655,10058.4,103.7479322807705,272.7528527857385
2024-11-21 21:15:05+00:00,NKS3010,27.42331811937235,-83.3167208158053,10058.4,103.7479322807705,272.7528527857385
2024-11-21 21:15:06+00:00,NKS3010,27.42274475097656,-83.31404200140037,10058.4,103.85285568238154,272.8755683785746
2024-11-21 21:15:07+00:00,NKS3010,27.421920776367188,-83.31025897331955,10058.4,103.82704027343,273.37507691552526
2024-11-21 21:15:08+00:00,NKS3010,27.421316373146187,-83.3076359675481,10058.4,103.82704027343,273.37507691552526
2024-11-21 21:15:09+00:00,NKS3010,27.42075774629237,-83.30510066105768,10058.4,103.80131903699272,273.8746407473077
2024-11-21 21:15:10+00:00,NKS3010,27.42027282714844,-83.30274473946048,10058.4,103.80131903699272,273.8746407473077
2024-11-21 21:15:11+00:00,NKS3010,27.419952392578125,-83.30139735959608,10058.4,103.775691469018,274.3742595718895
2024-11-21 21:15:12+00:00,NKS3010,27.41912841796875,-83.29771797612028,10058.4,103.775691469018,274.3742595718895
2024-11-21 21:15:13+00:00,NKS3010,27.418383582163663,-83.29416715181787,10058.4,103.7501570689688,274.8739330894013
2024-11-21 21:15:14+00:00,NKS3010,27.41782495530985,-83.29157902644232,10058.4,103.7501570689688,274.8739330894013
2024-11-21 21:15:15+00:00,NKS3010,27.41734313964844,-83.28947823002653,10058.4,103.72471533979274,275.3736610021172
2024-11-21 21:15:16+00:00,NKS3010,27.416656494140625,-83.28621342497053,10058.4,103.72471533979274,275.3736610021172
2024-11-21 21:15:17+00:00,NKS3010,27.41628873146186,-83.28460693359375,10058.4,103.82865097228016,275.4961698356959
2024-11-21 21:15:18+00:00,NKS3010,27.4156494140625,-83.28165306235258,10058.4,103.80312449408132,275.9957300051383
2024-11-21 21:15:19+00:00,NKS3010,27.415008544921875,-83.27875101341391,10058.4,103.80312449408132,275.9957300051383
2024-11-21 21:15:20+00:00,NKS3010,27.414426641949152,-83.27610309307391,10058.4,103.77769026126396,276.49534475874646
2024-11-21 21:15:21+00:00,NKS3010,27.413864135742188,-83.27346513856133,10058.4,103.77769026126396,276.49534475874646
2024-11-21 21:15:22+00:00,NKS3010,27.413216283765887,-83.27050429124097,10058.4,103.75234778467733,276.9950138011606
2024-11-21 21:15:23+00:00,NKS3010,27.412890418101163,-83.2691838191106,10058.4,103.85566304082224,277.11776088225224
2024-11-21 21:15:24+00:00,NKS3010,27.412078857421875,-83.26532903707249,10058.4,103.83023705852472,277.61726297026
2024-11-21 21:15:25+00:00,NKS3010,27.41148376464844,-83.2626860996462,10058.4,103.83023705852472,277.61726297026
2024-11-21 21:15:26+00:00,NKS3010,27.411167985301905,-83.26126098632812,10058.4,103.80490241212436,278.11681953283977
2024-11-21 21:15:27+00:00,NKS3010,27.410423149496825,-83.25788057767426,10058.4,103.80490241212436,278.11681953283977
2024-11-21 21:15:28+00:00,NKS3010,27.40977141816737,-83.25497553898737,10058.4,103.80490241212436,278.11681953283977
2024-11-21 21:15:29+00:00,NKS3010,27.408920288085938,-83.25102608158903,10058.4,103.77965862020817,278.6164302769744
2024-11-21 21:15:30+00:00,NKS3010,27.40856105998411,-83.24937673715442,10058.4,103.77965862020817,278.6164302769744
2024-11-21 21:15:31+00:00,NKS3010,27.40767656746557,-83.24536250187799,10058.4,103.75450520466872,279.11609491171293
2024-11-21 21:15:33+00:00,NKS3010,27.406512761520126,-83.23997497558594,10058.4,103.83179909203048,279.7383563143407
2024-11-21 21:15:34+00:00,NKS3010,27.406219482421875,-83.23864055129718,10058.4,103.83179909203048,279.7383563143407
2024-11-21 21:15:35+00:00,NKS3010,27.40558171676377,-83.23569664588342,10058.4,103.83179909203048,279.7383563143407
2024-11-21 21:15:36+00:00,NKS3010,27.404754638671875,-83.23190365197524,10058.4,103.83179909203048,279.7383563143407
2024-11-21 21:15:37+00:00,NKS3010,27.404417910818324,-83.23036193847656,10058.4,103.80665341643838,280.2379093242843
2024-11-21 21:15:38+00:00,NKS3010,27.40374755859375,-83.22729146705484,10058.4,103.80665341643838,280.2379093242843
2024-11-21 21:15:39+00:00,NKS3010,27.403106689453125,-83.22454488502359,10058.4,103.78159723565363,280.7375161190624
2024-11-21 21:15:40+00:00,NKS3010,27.402462716829977,-83.22154118464545,10058.4,103.75663008228238,281.237176412035
2024-11-21 21:15:41+00:00,NKS3010,27.401870727539062,-83.2187407871462,10058.4,103.75663008228238,281.237176412035
2024-11-21 21:15:42+00:00,NKS3010,27.401252358646715,-83.21588956392725,10058.4,103.75663008228238,281.237176412035
2024-11-21 21:15:44+00:00,NKS3010,27.40008855270127,-83.21055485652045,10058.4,103.731751492111,281.7368899185651
2024-11-21 21:15:45+00:00,NKS3010,27.39925061242055,-83.20675189678485,10058.4,103.83333761581152,281.85944986320783
2024-11-21 21:15:46+00:00,NKS3010,27.398941040039062,-83.20552610001471,10058.4,103.83333761581152,281.85944986320783
2024-11-21 21:15:47+00:00,NKS3010,27.398162841796875,-83.2017948942364,10058.4,103.8083781135505,282.358999373528
2024-11-21 21:15:48+00:00,NKS3010,27.39752817962129,-83.19898752065802,10058.4,103.70696100407982,282.2366563560012
2024-11-21 21:15:49+00:00,NKS3010,27.397016105005296,-83.19671630859375,10058.4,103.6822581602569,282.7364754436605
2024-11-21 21:15:50+00:00,NKS3010,27.396364373675848,-83.19354717548077,10058.4,103.6822581602569,282.7364754436605
2024-11-21 21:15:51+00:00,NKS3010,27.39603850801112,-83.1920682466947,10058.4,103.78350677671318,282.8586022777248
2024-11-21 21:15:52+00:00,NKS3010,27.39546203613281,-83.18951300854951,10058.4,103.75872314830154,283.3582582933741
2024-11-21 21:15:53+00:00,NKS3010,27.39459538863877,-83.18541306715747,10058.4,103.75872314830154,283.3582582933741
2024-11-21 21:15:54+00:00,NKS3010,27.39404296875,-83.18293157613499,10058.4,103.8597165367872,283.48105083853005
2024-11-21 21:15:55+00:00,NKS3010,27.39338503045551,-83.18002554086536,10058.4,103.96062215744205,283.6047233937374
2024-11-21 21:15:56+00:00,NKS3010,27.392733299126057,-83.17701486440802,10058.4,104.18761901931758,283.3559233189044
2024-11-21 21:15:57+00:00,NKS3010,27.392074584960938,-83.174225429319,10058.4,104.38913865927825,283.60985580575084
2024-11-21 21:15:58+00:00,NKS3010,27.39179992675781,-83.17303351636201,10058.4,104.81761568603989,283.6308510696076
2024-11-21 21:15:59+00:00,NKS3010,27.3907470703125,-83.16862862065153,10058.4,105.1457061444302,283.5328598705119
2024-11-21 21:16:00+00:00,NKS3010,27.390151977539062,-83.16629661704008,10058.4,105.57418498047252,283.58185970264503
2024-11-21 21:16:01+00:00,NKS3010,27.389373779296875,-83.1633427457989,10058.4,106.00249182573351,283.6467131271938
2024-11-21 21:16:02+00:00,NKS3010,27.388412475585938,-83.1596633623231,10058.4,106.43057894940418,283.7274092728813
2024-11-21 21:16:03+00:00,NKS3010,27.38804626464844,-83.1583159824587,10058.4,106.8583987677383,283.82393462661355
2024-11-21 21:16:04+00:00,NKS3010,27.38719358282574,-83.15530630258411,10058.4,107.41602632130449,283.5986576961526
2024-11-21 21:16:05+00:00,NKS3010,27.38644874702065,-83.1526653583233,10058.4,107.84361429715612,283.7316067102206
2024-11-21 21:16:06+00:00,NKS3010,27.385574340820312,-83.14976530255012,10058.4,108.40207689336,283.553860835402
2024-11-21 21:16:07+00:00,NKS3010,27.38444700079449,-83.14601017878607,10058.4,108.86276691081176,283.2363469028119
2024-11-21 21:16:08+00:00,NKS3010,27.383981478416317,-83.1445840688852,10058.4,109.38814693577868,283.593058475538
2024-11-21 21:16:09+00:00,NKS3010,27.38314353813559,-83.14199594350958,10058.4,109.849778079237,283.31482461838254
2024-11-21 21:16:10+00:00,NKS3010,27.382095336914062,-83.13883079672758,10058.4,110.409882833804,283.2340109233076
2024-11-21 21:16:11+00:00,NKS3010,27.381317138671875,-83.13649879311612,10058.4,110.8729973625078,282.99657490525084
2024-11-21 21:16:12+00:00,NKS3010,27.38031005859375,-83.13359674417745,10058.4,111.43388589418169,282.96524465374034
2024-11-21 21:16:13+00:00,NKS3010,27.3797607421875,-83.13214571970815,10058.4,111.898192805639,282.7687669770373
2024-11-21 21:16:14+00:00,NKS3010,27.37802124023437,-83.12732624557782,10058.4,112.45950774145636,282.78701708220325
2024-11-21 21:16:15+00:00,NKS3010,27.37709174721928,-83.12498826246997,10058.4,112.96540332815724,282.1578787652768
2024-11-21 21:16:16+00:00,NKS3010,27.37620725470074,-83.12266423152045,10058.4,113.52771535412552,282.22774808842223
2024-11-21 21:16:17+00:00,NKS3010,27.37509000099311,-83.11986483060394,10058.4,113.99431406638747,282.11519838546326
2024-11-21 21:16:18+00:00,NKS3010,27.373947143554688,-83.1170654296875,10058.4,114.46125423022691,282.0213726550561
2024-11-21 21:16:19+00:00,NKS3010,27.372848510742188,-83.11447431456367,10058.4,114.97261056138012,281.479857454931
2024-11-21 21:16:20+00:00,NKS3010,27.37178479210805,-83.11199481670673,10058.4,115.53533595159854,281.64669683167165
2024-11-21 21:16:21+00:00,NKS3010,27.370651245117188,-83.10944755122347,10058.4,116.04930931747462,281.152470952986
2024-11-21 21:16:22+00:00,NKS3010,27.369644165039062,-83.10711554761201,10058.4,116.42427558931892,280.911862386552
2024-11-21 21:16:23+00:00,NKS3010,27.368479583222985,-83.10460017277643,10058.4,116.42427558931892,280.911862386552
2024-11-21 21:16:24+00:00,NKS3010,27.367355346679688,-83.10219242887678,10058.4,117.17605765635707,280.4668293177943
2024-11-21 21:16:25+00:00,NKS3010,27.366256713867188,-83.09975678066036,10058.4,117.50424212281358,280.7186613881153
2024-11-21 21:16:26+00:00,NKS3010,27.365158081054688,-83.0974247770489,10058.4,117.69481328872946,280.04518840672534
2024-11-21 21:16:27+00:00,NKS3010,27.36396789550781,-83.09493730653008,10058.4,117.78792807301524,280.2846525101406
2024-11-21 21:16:28+00:00,NKS3010,27.363032971398304,-83.09292719914362,10058.4,117.9300990140894,280.07023072633496
2024-11-21 21:16:29+00:00,NKS3010,27.361724853515625,-83.09016965470221,10058.4,118.07248693585296,279.857536
2024-11-21 21:16:30+00:00,NKS3010,27.36053466796875,-83.08763036188088,10058.4,118.07248693585296,279.857536
2024-11-21 21:16:31+00:00,NKS3010,27.359355344610695,-83.08516282301684,10058.4,118.07248693585296,279.857536
2024-11-21 21:16:32+00:00,NKS3010,27.358191538665253,-83.08278597318207,10058.4,118.07248693585296,279.857536
2024-11-21 21:16:33+00:00,NKS3010,27.356515658103813,-83.07924710787256,10058.4,118.07248693585296,279.857536
2024-11-21 21:16:34+00:00,NKS3010,27.35577392578125,-83.0777323021079,10058.4,118.07248693585296,279.857536
2024-11-21 21:16:35+00:00,NKS3010,27.35462951660156,-83.07529665389148,10058.4,118.07248693585296,279.857536
2024-11-21 21:16:36+00:00,NKS3010,27.35362941935911,-83.07322575495795,10058.4,118.07248693585296,279.857536
2024-11-21 21:16:37+00:00,NKS3010,27.3517673298464,-83.0693171574519,10058.4,118.07248693585296,279.857536
2024-11-21 21:16:38+00:00,NKS3010,27.351208702992583,-83.06820796086237,10058.4,118.07248693585296,279.857536
2024-11-21 21:16:39+00:00,NKS3010,27.349411010742188,-83.06431032576648,10058.4,117.97947438848016,279.615813148153
2024-11-21 21:16:40+00:00,NKS3010,27.348358154296875,-83.0621337890625,10058.4,117.97947438848016,279.615813148153
2024-11-21 21:16:41+00:00,NKS3010,27.34771728515625,-83.0607864091981,10058.4,117.97947438848016,279.615813148153
2024-11-21 21:16:42+00:00,NKS3010,27.346506926972985,-83.05822519155646,10058.4,117.9300990140894,280.07023072633496
2024-11-21 21:16:43+00:00,NKS3010,27.34520346431409,-83.05547860952521,10058.4,117.83703464153338,279.8296373704406
2024-11-21 21:16:44+00:00,NKS3010,27.34405517578125,-83.05301306382665,10058.4,117.83703464153338,279.8296373704406
2024-11-21 21:16:45+00:00,NKS3010,27.342317225569385,-83.04935161884015,10058.4,117.83703464153338,279.8296373704406
2024-11-21 21:16:46+00:00,NKS3010,27.341805150953387,-83.04824242225061,10058.4,117.74381034698924,279.58978355422846
2024-11-21 21:16:47+00:00,NKS3010,27.340164184570312,-83.0447214954304,10058.4,117.74381034698924,279.58978355422846
2024-11-21 21:16:48+00:00,NKS3010,27.33892822265625,-83.0420785580041,10058.4,117.60153937178464,279.80646520773
2024-11-21 21:16:49+00:00,NKS3010,27.337875366210938,-83.03979837669516,10058.4,117.60153937178464,279.80646520773
2024-11-21 21:16:50+00:00,NKS3010,27.33677673339844,-83.0374663730837,10058.4,117.60153937178464,279.80646520773
2024-11-21 21:16:51+00:00,NKS3010,27.33563232421875,-83.03503072486734,10058.4,117.60153937178464,279.80646520773
2024-11-21 21:16:52+00:00,NKS3010,27.334449897378175,-83.03250239445612,10058.4,117.508106409549,279.5684848111268
2024-11-21 21:16:53+00:00,NKS3010,27.333286091432733,-83.02996708796576,10058.4,117.508106409549,279.5684848111268
2024-11-21 21:16:54+00:00,NKS3010,27.332061767578125,-83.02730920179835,10058.4,117.508106409549,279.5684848111268
2024-11-21 21:16:55+00:00,NKS3010,27.330963134765625,-83.02497719818689,10058.4,117.45948944914475,280.0248694075321
2024-11-21 21:16:56+00:00,NKS3010,27.329655016882946,-83.02214989295373,10058.4,117.45948944914475,280.0248694075321
2024-11-21 21:16:57+00:00,NKS3010,27.3284912109375,-83.01961458646332,10058.4,117.36600907341864,279.7880206862122
2024-11-21 21:16:58+00:00,NKS3010,27.327301025390625,-83.01704838590803,10058.4,117.36600907341864,279.7880206862122
2024-11-21 21:16:59+00:00,NKS3010,27.326210151284428,-83.01470243013819,10058.4,117.36600907341864,279.7880206862122
2024-11-21 21:17:00+00:00,NKS3010,27.325653076171875,-83.0135762916421,10058.4,117.36600907341864,279.7880206862122
2024-11-21 21:17:01+00:00,NKS3010,27.323882539393537,-83.00968463604266,10058.4,117.36600907341864,279.7880206862122
2024-11-21 21:17:02+00:00,NKS3010,27.323277360301905,-83.00836416391223,10058.4,117.31766180645256,280.244992126323
2024-11-21 21:17:03+00:00,NKS3010,27.32148742675781,-83.00445556640625,10058.4,117.31766180645256,280.244992126323
2024-11-21 21:17:04+00:00,NKS3010,27.3203911215572,-83.00213153545673,10058.4,117.31766180645256,280.244992126323
2024-11-21 21:17:05+00:00,NKS3010,27.319244384765625,-82.99958426997347,10058.4,117.22413542704028,280.0092747570051
2024-11-21 21:17:06+00:00,NKS3010,27.318203166379767,-82.99732501690204,10058.4,117.22413542704028,280.0092747570051
2024-11-21 21:17:07+00:00,NKS3010,27.317138671875,-82.99502390735552,10058.4,117.22413542704028,280.0092747570051
2024-11-21 21:17:08+00:00,NKS3010,27.31601521120233,-82.99257131723255,10058.4,117.22413542704028,280.0092747570051
2024-11-21 21:17:09+00:00,NKS3010,27.31475830078125,-82.98989349941036,10058.4,117.22413542704028,280.0092747570051
2024-11-21 21:17:10+00:00,NKS3010,27.313780703787074,-82.98776479867786,10058.4,117.22413542704028,280.0092747570051
2024-11-21 21:17:11+00:00,NKS3010,27.312570345603813,-82.98512385441705,10058.4,117.22413542704028,280.0092747570051
2024-11-21 21:17:12+00:00,NKS3010,27.31135998742055,-82.98248291015625,10058.4,117.13045170034678,279.7743047409168
2024-11-21 21:17:13+00:00,NKS3010,27.31024273371292,-82.98000042255109,10058.4,117.13045170034678,279.7743047409168
2024-11-21 21:17:14+00:00,NKS3010,27.308706509864937,-82.97667283278241,10058.4,117.13045170034678,279.7743047409168
2024-11-21 21:17:15+00:00,NKS3010,27.308029174804688,-82.97517596550705,10058.4,117.13045170034678,279.7743047409168
2024-11-21 21:17:16+00:00,NKS3010,27.30665821140095,-82.97218322753906,10058.4,117.08248667827084,280.2322429537617
2024-11-21 21:17:17+00:00,NKS3010,27.305540957693324,-82.9697535588191,10058.4,117.08248667827084,280.2322429537617
2024-11-21 21:17:18+00:00,NKS3010,27.304330599510063,-82.96705979567304,10058.4,117.08248667827084,280.2322429537617
2024-11-21 21:17:19+00:00,NKS3010,27.3031202413268,-82.96441885141223,10058.4,117.08248667827084,280.2322429537617
2024-11-21 21:17:20+00:00,NKS3010,27.302032470703125,-82.96201310067806,10058.4,117.08248667827084,280.2322429537617
2024-11-21 21:17:21+00:00,NKS3010,27.300796508789062,-82.95937016325178,10058.4,117.08248667827084,280.2322429537617
2024-11-21 21:17:22+00:00,NKS3010,27.2997219279661,-82.95697138859674,10058.4,117.08248667827084,280.2322429537617
2024-11-21 21:17:23+00:00,NKS3010,27.29865122649629,-82.95464735764722,10058.4,117.08248667827084,280.2322429537617
2024-11-21 21:17:24+00:00,NKS3010,27.297533972788663,-82.95221768892725,10058.4,117.08248667827084,280.2322429537617
2024-11-21 21:17:25+00:00,NKS3010,27.2962646484375,-82.94942028117629,10058.4,117.08248667827084,280.2322429537617
2024-11-21 21:17:26+00:00,NKS3010,27.295020151946503,-82.94672452486475,10058.4,117.08248667827084,280.2322429537617
2024-11-21 21:17:27+00:00,NKS3010,27.29390289823888,-82.94424203725958,10058.4,116.98875916022963,279.9984052445189
2024-11-21 21:17:28+00:00,NKS3010,27.29278564453125,-82.94181236853967,10058.4,116.98875916022963,279.9984052445189
2024-11-21 21:17:29+00:00,NKS3010,27.29148218187235,-82.93890732985273,10058.4,116.98875916022963,279.9984052445189
2024-11-21 21:17:30+00:00,NKS3010,27.29087700278072,-82.93763967660755,10058.4,116.98875916022963,279.9984052445189
2024-11-21 21:17:31+00:00,NKS3010,27.28916931152344,-82.93382176813088,10058.4,116.98875916022963,279.9984052445189
2024-11-21 21:17:32+00:00,NKS3010,27.288116455078125,-82.93148976451943,10058.4,117.03661073115416,279.5400839626422
2024-11-21 21:17:33+00:00,NKS3010,27.287017822265625,-82.92910593860552,10058.4,117.03661073115416,279.5400839626422
2024-11-21 21:17:34+00:00,NKS3010,27.285895913334212,-82.9267061673678,10058.4,117.03661073115416,279.5400839626422
2024-11-21 21:17:35+00:00,NKS3010,27.28477865962659,-82.92417086087738,10058.4,117.03661073115416,279.5400839626422
2024-11-21 21:17:36+00:00,NKS3010,27.283568301443324,-82.92158273550177,10058.4,117.08461943669388,279.08195830161884
2024-11-21 21:17:37+00:00,NKS3010,27.282394409179688,-82.91900058962261,10058.4,117.08461943669388,279.08195830161884
2024-11-21 21:17:38+00:00,NKS3010,27.28138732910156,-82.91677223061612,10058.4,116.99050706633491,278.8481050738959
2024-11-21 21:17:39+00:00,NKS3010,27.28077516717426,-82.91540292593146,10058.4,116.99050706633491,278.8481050738959
2024-11-21 21:17:40+00:00,NKS3010,27.279098510742188,-82.91179728957843,10058.4,117.03855923581293,278.3897913289678
2024-11-21 21:17:41+00:00,NKS3010,27.27793548066737,-82.90922311636115,10058.4,117.03855923581293,278.3897913289678
2024-11-21 21:17:42+00:00,NKS3010,27.276864779197563,-82.90684626652643,10058.4,117.03855923581293,278.3897913289678
2024-11-21 21:17:43+00:00,NKS3010,27.27570097325212,-82.90425814115082,10058.4,117.03855923581293,278.3897913289678
2024-11-21 21:17:44+00:00,NKS3010,27.274658203125,-82.90200287441036,10058.4,116.94417404423606,278.1563076316632
2024-11-21 21:17:45+00:00,NKS3010,27.273971557617188,-82.90055184994105,10058.4,116.99226945304773,277.6978051649356
2024-11-21 21:17:46+00:00,NKS3010,27.27227783203125,-82.89682064416274,10058.4,116.99226945304773,277.6978051649356
2024-11-21 21:17:47+00:00,NKS3010,27.271092301708155,-82.89416973407452,10058.4,116.99226945304773,277.6978051649356
2024-11-21 21:17:48+00:00,NKS3010,27.27044677734375,-82.89277850456955,10058.4,116.99226945304773,277.6978051649356
2024-11-21 21:17:49+00:00,NKS3010,27.26875305175781,-82.88899547648879,10058.4,116.99226945304773,277.6978051649356
2024-11-21 21:17:50+00:00,NKS3010,27.267654418945312,-82.88666347287733,10058.4,116.99226945304773,277.6978051649356
2024-11-21 21:17:51+00:00,NKS3010,27.26646423339844,-82.88402053545104,10058.4,117.04052390952587,277.2394990199318
2024-11-21 21:17:52+00:00,NKS3010,27.265869140625,-82.88267315558664,10058.4,117.04052390952587,277.2394990199318
2024-11-21 21:17:53+00:00,NKS3010,27.2646680928893,-82.88001427283655,10058.4,116.94574842850476,277.00600116455115
2024-11-21 21:17:54+00:00,NKS3010,27.26345773470604,-82.87742614746094,10058.4,116.94574842850476,277.00600116455115
2024-11-21 21:17:55+00:00,NKS3010,27.26234436035156,-82.8748998102152,10058.4,117.04052390952587,277.2394990199318
2024-11-21 21:17:56+00:00,NKS3010,27.261176675052965,-82.87240835336536,10058.4,117.04052390952587,277.2394990199318
2024-11-21 21:17:57+00:00,NKS3010,27.26019907805879,-82.87024277907148,10058.4,117.0889381351196,276.7813901718853
2024-11-21 21:17:58+00:00,NKS3010,27.259128376588983,-82.86791874812201,10058.4,117.0889381351196,276.7813901718853
2024-11-21 21:17:59+00:00,NKS3010,27.257354736328125,-82.86406894899761,10058.4,117.0889381351196,276.7813901718853
2024-11-21 21:18:00+00:00,NKS3010,27.256805419921875,-82.86282521373818,10058.4,117.0889381351196,276.7813901718853
2024-11-21 21:18:01+00:00,NKS3010,27.25559040651483,-82.86015437199518,10058.4,117.0889381351196,276.7813901718853
2024-11-21 21:18:02+00:00,NKS3010,27.25424194335937,-82.85717658276826,10058.4,117.0889381351196,276.7813901718853
2024-11-21 21:18:03+00:00,NKS3010,27.25303003343485,-82.85455557016223,10058.4,117.0889381351196,276.7813901718853
2024-11-21 21:18:04+00:00,NKS3010,27.251866227489405,-82.85202026367188,10058.4,117.0889381351196,276.7813901718853
2024-11-21 21:18:05+00:00,NKS3010,27.250609317068324,-82.84932650052582,10058.4,117.0889381351196,276.7813901718853
2024-11-21 21:18:06+00:00,NKS3010,27.249352406647244,-82.84652709960938,10058.4,117.18366927538996,277.01603272443845
2024-11-21 21:18:07+00:00,NKS3010,27.248703002929688,-82.84515380859375,10058.4,117.18366927538996,277.01603272443845
2024-11-21 21:18:08+00:00,NKS3010,27.247629973847985,-82.84282977764423,10050.78,117.18366927538996,277.01603272443845
2024-11-21 21:18:09+00:00,NKS3010,27.246505737304688,-82.84038615676593,10050.78,117.18366927538996,277.01603272443845
2024-11-21 21:18:10+00:00,NKS3010,27.244857788085938,-82.83681041789504,10050.78,117.18366927538996,277.01603272443845
2024-11-21 21:18:11+00:00,NKS3010,27.243804931640625,-82.83442659198113,10043.16,117.18366927538996,277.01603272443845
2024-11-21 21:18:12+00:00,NKS3010,27.24325406349311,-82.83326955942005,10043.16,117.27823981209558,277.25143125428804
2024-11-21 21:18:13+00:00,NKS3010,27.241470336914062,-82.82945165094338,10035.54,117.27823981209558,277.25143125428804
2024-11-21 21:18:14+00:00,NKS3010,27.24032592773437,-82.82691235812206,10027.92,117.27823981209558,277.25143125428804
2024-11-21 21:18:15+00:00,NKS3010,27.239669541181144,-82.82550518329327,10027.92,117.27823981209558,277.25143125428804
2024-11-21 21:18:16+00:00,NKS3010,27.237947108381885,-82.82175504244287,10020.3,117.27823981209558,277.25143125428804
2024-11-21 21:18:17+00:00,NKS3010,27.237435033765887,-82.82064584585333,10020.3,117.27823981209558,277.25143125428804
2024-11-21 21:18:18+00:00,NKS3010,27.235759153204448,-82.81705416165863,10005.06,117.3726496393323,277.4875838374999
2024-11-21 21:18:19+00:00,NKS3010,27.234735003972457,-82.81483576847955,9997.44,117.3726496393323,277.4875838374999
2024-11-21 21:18:20+00:00,NKS3010,27.23343154131356,-82.81203636756311,9997.44,117.3726496393323,277.4875838374999
2024-11-21 21:18:21+00:00,NKS3010,27.23231506347656,-82.80960370909492,9982.2,117.3726496393323,277.4875838374999
2024-11-21 21:18:22+00:00,NKS3010,27.231674194335938,-82.80820450692806,9974.58,117.46689865504617,277.7244885505312
2024-11-21 21:18:23+00:00,NKS3010,27.230392456054688,-82.8054061025943,9974.58,117.46689865504617,277.7244885505312
2024-11-21 21:18:24+00:00,NKS3010,27.22920227050781,-82.80286680977298,9959.34,117.46689865504617,277.7244885505312
2024-11-21 21:18:25+00:00,NKS3010,27.22798492948888,-82.80031057504505,9959.34,117.46689865504617,277.7244885505312
2024-11-21 21:18:26+00:00,NKS3010,27.227333198159428,-82.79888446514423,9951.72,117.46689865504617,277.7244885505312
2024-11-21 21:18:27+00:00,NKS3010,27.225936631024894,-82.79587378868689,9944.1,117.46689865504617,277.7244885505312
2024-11-21 21:18:28+00:00,NKS3010,27.22430419921875,-82.79239870467273,9928.86,117.46689865504617,277.7244885505312
2024-11-21 21:18:29+00:00,NKS3010,27.223297119140625,-82.79022216796875,9928.86,117.5159311630145,277.2681355197005
2024-11-21 21:18:30+00:00,NKS3010,27.222119347523837,-82.78768686147833,9921.24,117.5159311630145,277.2681355197005
2024-11-21 21:18:31+00:00,NKS3010,27.2208251953125,-82.78483264851121,9913.62,117.5159311630145,277.2681355197005
2024-11-21 21:18:32+00:00,NKS3010,27.21958923339844,-82.78218971108487,9913.62,117.4215687894789,277.03084055370147
2024-11-21 21:18:33+00:00,NKS3010,27.218302064022776,-82.77949993426984,9906.0,117.4215687894789,277.03084055370147
2024-11-21 21:18:34+00:00,NKS3010,27.2171630859375,-82.7769556585348,9898.38,117.47064947699798,276.57429988533914
2024-11-21 21:18:35+00:00,NKS3010,27.21661376953125,-82.77581556788027,9898.38,117.47064947699798,276.57429988533914
2024-11-21 21:18:36+00:00,NKS3010,27.21485719842426,-82.7719996525691,9898.38,117.37601138300712,276.33736682838094
2024-11-21 21:18:37+00:00,NKS3010,27.21372985839844,-82.76959689158315,9890.76,117.37601138300712,276.33736682838094
2024-11-21 21:18:38+00:00,NKS3010,27.212622691009003,-82.7671931340144,9890.76,117.42514005391844,275.88063786731493
2024-11-21 21:18:39+00:00,NKS3010,27.21201751191737,-82.76587266188398,9890.76,117.42514005391844,275.88063786731493
2024-11-21 21:18:40+00:00,NKS3010,27.21076060149629,-82.76317889873798,9890.76,117.42514005391844,275.88063786731493
2024-11-21 21:18:41+00:00,NKS3010,27.20960998535156,-82.76063163325472,9890.76,117.33022477609144,275.6440686898822
2024-11-21 21:18:42+00:00,NKS3010,27.20855712890625,-82.75840327424822,9890.76,117.33022477609144,275.6440686898822
2024-11-21 21:18:43+00:00,NKS3010,27.20750194484905,-82.75615398700421,9890.76,117.33022477609144,275.6440686898822
2024-11-21 21:18:44+00:00,NKS3010,27.20635986328125,-82.75368744472286,9890.76,117.33022477609144,275.6440686898822
2024-11-21 21:18:45+00:00,NKS3010,27.205174332958155,-82.75113619290863,9890.76,117.33022477609144,275.6440686898822
2024-11-21 21:18:46+00:00,NKS3010,27.203917422537074,-82.74833679199219,9890.76,117.33022477609144,275.6440686898822
2024-11-21 21:18:47+00:00,NKS3010,27.20274353027344,-82.7458622770489,9890.76,117.33022477609144,275.6440686898822
2024-11-21 21:18:48+00:00,NKS3010,27.201682915121825,-82.74347745455225,9890.76,117.33022477609144,275.6440686898822
2024-11-21 21:18:49+00:00,NKS3010,27.20054626464844,-82.74104280291863,9883.14,117.33022477609144,275.6440686898822
2024-11-21 21:18:50+00:00,NKS3010,27.19916909427966,-82.73814274714545,9883.14,117.33022477609144,275.6440686898822
2024-11-21 21:18:51+00:00,NKS3010,27.1979587360964,-82.73544898399939,9883.14,117.2812111225484,276.1011889859932
2024-11-21 21:18:52+00:00,NKS3010,27.19684148238877,-82.73307213416467,9883.14,117.37601138300712,276.33736682838094
2024-11-21 21:18:53+00:00,NKS3010,27.195602416992188,-82.73036740860846,9875.52,117.37601138300712,276.33736682838094
2024-11-21 21:18:54+00:00,NKS3010,27.1944580078125,-82.7279317603921,9875.52,117.37601138300712,276.33736682838094
2024-11-21 21:18:55+00:00,NKS3010,27.193210407838983,-82.7252021202674,9867.9,117.37601138300712,276.33736682838094
2024-11-21 21:18:56+00:00,NKS3010,27.19255867650953,-82.72382882925177,9867.9,117.32704487921238,276.7942982911101
2024-11-21 21:18:57+00:00,NKS3010,27.19134521484375,-82.72114303876765,9867.9,117.4215687894789,277.03084055370147
2024-11-21 21:18:58+00:00,NKS3010,27.18971899000265,-82.71770183856671,9852.66,117.4215687894789,277.03084055370147
2024-11-21 21:18:59+00:00,NKS3010,27.189113810911017,-82.71638136643628,9852.66,117.4215687894789,277.03084055370147
2024-11-21 21:19:00+00:00,NKS3010,27.187856900489937,-82.71363478440503,9845.04,117.4215687894789,277.03084055370147
2024-11-21 21:19:01+00:00,NKS3010,27.18672180175781,-82.71119315669222,9837.42,117.4215687894789,277.03084055370147
2024-11-21 21:19:02+00:00,NKS3010,27.185531616210938,-82.70870568617335,9837.42,117.4215687894789,277.03084055370147
2024-11-21 21:19:03+00:00,NKS3010,27.184341430664062,-82.70611457104951,9829.8,117.4215687894789,277.03084055370147
2024-11-21 21:19:04+00:00,NKS3010,27.18334133342161,-82.70391610952521,9822.18,117.3726496393323,277.4875838374999
2024-11-21 21:19:05+00:00,NKS3010,27.18177795410156,-82.70051776238205,9814.56,117.3726496393323,277.4875838374999
2024-11-21 21:19:06+00:00,NKS3010,27.180734408103813,-82.69831730769232,9814.56,117.3726496393323,277.4875838374999
2024-11-21 21:19:07+00:00,NKS3010,27.17962646484375,-82.69590557746164,9806.94,117.3726496393323,277.4875838374999
2024-11-21 21:19:08+00:00,NKS3010,27.178360243975103,-82.6931410569411,9799.32,117.3726496393323,277.4875838374999
2024-11-21 21:19:09+00:00,NKS3010,27.177658081054688,-82.69160432635613,9799.32,117.3726496393323,277.4875838374999
2024-11-21 21:19:10+00:00,NKS3010,27.17607918432203,-82.68822890061597,9784.08,117.3726496393323,277.4875838374999
2024-11-21 21:19:11+00:00,NKS3010,27.175460815429688,-82.68688849683076,9784.08,117.3726496393323,277.4875838374999
2024-11-21 21:19:12+00:00,NKS3010,27.17367553710937,-82.68310546875,9776.46,117.3726496393323,277.4875838374999
2024-11-21 21:19:13+00:00,NKS3010,27.172531127929688,-82.68061799823113,9768.84,117.4215687894789,277.03084055370147
2024-11-21 21:19:14+00:00,NKS3010,27.17193603515625,-82.67924969012921,9768.84,117.4215687894789,277.03084055370147
2024-11-21 21:19:15+00:00,NKS3010,27.17021360235699,-82.67560518704926,9761.22,117.4215687894789,277.03084055370147
2024-11-21 21:19:16+00:00,NKS3010,27.16956187102754,-82.67417907714844,9761.22,117.4215687894789,277.03084055370147
2024-11-21 21:19:17+00:00,NKS3010,27.168025647179554,-82.67095712515021,9753.6,117.4215687894789,277.03084055370147
2024-11-21 21:19:18+00:00,NKS3010,27.16742046808792,-82.66963665301984,9745.98,117.4215687894789,277.03084055370147
2024-11-21 21:19:19+00:00,NKS3010,27.16625666214248,-82.66710134652942,9745.98,117.4215687894789,277.03084055370147
2024-11-21 21:19:20+00:00,NKS3010,27.16497802734375,-82.66434579525355,9738.36,117.4215687894789,277.03084055370147
2024-11-21 21:19:21+00:00,NKS3010,27.16387939453125,-82.66196196933959,9730.74,117.4215687894789,277.03084055370147
2024-11-21 21:19:22+00:00,NKS3010,27.16268920898437,-82.65937085421581,9730.74,117.4215687894789,277.03084055370147
2024-11-21 21:19:23+00:00,NKS3010,27.161407470703125,-82.65667609448701,9723.12,117.4215687894789,277.03084055370147
2024-11-21 21:19:24+00:00,NKS3010,27.160251423463983,-82.65421353853662,9715.5,117.47064947699798,276.57429988533914
2024-11-21 21:19:25+00:00,NKS3010,27.158981323242188,-82.65144204193689,9715.5,117.47064947699798,276.57429988533914
2024-11-21 21:19:26+00:00,NKS3010,27.157928466796875,-82.64916186062794,9707.88,117.47064947699798,276.57429988533914
2024-11-21 21:19:27+00:00,NKS3010,27.15682983398437,-82.64677803471403,9700.26,117.37601138300712,276.33736682838094
2024-11-21 21:19:28+00:00,NKS3010,27.155549647444385,-82.64407231257513,9700.26,117.37601138300712,276.33736682838094
2024-11-21 21:19:29+00:00,NKS3010,27.15449523925781,-82.64175127137383,9692.64,117.37601138300712,276.33736682838094
2024-11-21 21:19:30+00:00,NKS3010,27.15303039550781,-82.63859011092273,9685.02,117.37601138300712,276.33736682838094
2024-11-21 21:19:31+00:00,NKS3010,27.15247719974841,-82.63736431415265,9685.02,117.42514005391844,275.88063786731493
2024-11-21 21:19:32+00:00,NKS3010,27.151290893554688,-82.63480708284197,9677.4,117.42514005391844,275.88063786731493
2024-11-21 21:19:33+00:00,NKS3010,27.15000915527344,-82.63211232311318,9669.78,117.33022477609144,275.6440686898822
2024-11-21 21:19:34+00:00,NKS3010,27.148406982421875,-82.6285884065448,9662.16,117.33022477609144,275.6440686898822
2024-11-21 21:19:35+00:00,NKS3010,27.147216796875,-82.62599729142096,9654.54,117.23514669930252,275.40825725276784
2024-11-21 21:19:36+00:00,NKS3010,27.14656506554555,-82.62463496281549,9654.54,117.23514669930252,275.40825725276784
2024-11-21 21:19:37+00:00,NKS3010,27.145477294921875,-82.62226608564265,9646.92,117.23514669930252,275.40825725276784
2024-11-21 21:19:38+00:00,NKS3010,27.144332885742188,-82.61972679282133,9646.92,117.1888499237778,274.7155044351354
2024-11-21 21:19:39+00:00,NKS3010,27.143280029296875,-82.61744661151238,9639.3,117.1888499237778,274.7155044351354
2024-11-21 21:19:40+00:00,NKS3010,27.141769409179688,-82.61412998415386,9631.68,117.09332922808557,274.4808236410363
2024-11-21 21:19:41+00:00,NKS3010,27.14060637910487,-82.61158869816705,9624.06,117.09332922808557,274.4808236410363
2024-11-21 21:19:42+00:00,NKS3010,27.13958222987288,-82.60942312387317,9624.06,117.14231909444244,274.02293189003655
2024-11-21 21:19:43+00:00,NKS3010,27.138427734375,-82.60682303950472,9616.44,117.04651698291634,273.7886240815725
2024-11-21 21:19:44+00:00,NKS3010,27.137813244835804,-82.60551452636719,9608.82,117.04651698291634,273.7886240815725
2024-11-21 21:19:45+00:00,NKS3010,27.136138916015625,-82.60184809846697,9608.82,117.0955524937518,273.33054098781
2024-11-21 21:19:46+00:00,NKS3010,27.135532185182733,-82.60054955115686,9601.2,116.9994674654976,273.09660821184906
2024-11-21 21:19:47+00:00,NKS3010,27.134042513572563,-82.59727478027344,9593.58,116.9994674654976,273.09660821184906
2024-11-21 21:19:48+00:00,NKS3010,27.13287870762712,-82.59463383601263,9585.96,117.04854838796828,272.6383331123536
2024-11-21 21:19:49+00:00,NKS3010,27.132293701171875,-82.5934010631633,9585.96,117.04854838796828,272.6383331123536
2024-11-21 21:19:50+00:00,NKS3010,27.13059764797405,-82.58966886080225,9578.34,116.95217893122894,272.4047774317995
2024-11-21 21:19:51+00:00,NKS3010,27.13008557335805,-82.58861248309796,9570.72,117.00130502697846,271.9463096612877
2024-11-21 21:19:52+00:00,NKS3010,27.12835693359375,-82.58479856095221,9570.72,117.00130502697846,271.9463096612877
2024-11-21 21:19:53+00:00,NKS3010,27.12725830078125,-82.58236291273585,9563.1,117.00130502697846,271.9463096612877
2024-11-21 21:19:54+00:00,NKS3010,27.126594155521715,-82.58095374474158,9555.48,117.05059700708614,271.48804248875496
2024-11-21 21:19:55+00:00,NKS3010,27.125337245100635,-82.57815434382513,9555.48,116.95382064410852,271.25447204612107
2024-11-21 21:19:56+00:00,NKS3010,27.124237060546875,-82.57572965801887,9547.86,116.95382064410852,271.25447204612107
2024-11-21 21:19:57+00:00,NKS3010,27.123046875,-82.57313854289504,9540.24,117.00315819979744,270.7960113928216
2024-11-21 21:19:58+00:00,NKS3010,27.122171692929022,-82.57118225097656,9540.24,117.00315819979744,270.7960113928216
2024-11-21 21:19:59+00:00,NKS3010,27.120495812367583,-82.56753774789661,9532.62,117.00315819979744,270.7960113928216
2024-11-21 21:20:00+00:00,NKS3010,27.119430541992188,-82.56520973061612,9525.0,116.95547634026728,270.10416688504245
2024-11-21 21:20:01+00:00,NKS3010,27.118819931806144,-82.56384042593146,9525.0,116.95547634026728,270.10416688504245
2024-11-21 21:20:02+00:00,NKS3010,27.117599487304688,-82.56116759102298,9517.38,116.95547634026728,270.10416688504245
2024-11-21 21:20:03+00:00,NKS3010,27.116538872153072,-82.55887545072113,9509.76,117.00502718374275,269.6457134100609
2024-11-21 21:20:04+00:00,NKS3010,27.1153564453125,-82.55624447228774,9502.14,117.00502718374275,269.6457134100609
2024-11-21 21:20:05+00:00,NKS3010,27.114304364737816,-82.553963294396,9502.14,117.00502718374275,269.6457134100609
2024-11-21 21:20:06+00:00,NKS3010,27.1131591796875,-82.55152864276238,9494.52,117.05474677020725,269.18746229614186
2024-11-21 21:20:07+00:00,NKS3010,27.112106323242188,-82.54914481684847,9486.9,117.05474677020725,269.18746229614186
2024-11-21 21:20:08+00:00,NKS3010,27.11053363347457,-82.5457763671875,9486.9,117.05474677020725,269.18746229614186
2024-11-21 21:20:09+00:00,NKS3010,27.109405517578125,-82.54328889666863,9479.28,117.10463588783578,268.72941457851465
2024-11-21 21:20:10+00:00,NKS3010,27.10885775291313,-82.54213186410755,9479.28,117.10463588783578,268.72941457851465
2024-11-21 21:20:11+00:00,NKS3010,27.10760084249205,-82.5393324631911,9471.66,117.20218927068034,268.9641938322071
2024-11-21 21:20:12+00:00,NKS3010,27.106530141022244,-82.53695561335638,9464.04,117.25237117342245,268.50675088597256
2024-11-21 21:20:13+00:00,NKS3010,27.105505991790253,-82.5347900390625,9464.04,117.25237117342245,268.50675088597256
2024-11-21 21:20:14+00:00,NKS3010,27.104415893554688,-82.53235439084608,9456.42,117.25237117342245,268.50675088597256
2024-11-21 21:20:15+00:00,NKS3010,27.103271484375,-82.52987788273737,9448.8,117.15469532915937,268.2715712990175
2024-11-21 21:20:16+00:00,NKS3010,27.10206112619173,-82.52723693847656,9448.8,117.20492589108947,267.8139335061467
2024-11-21 21:20:17+00:00,NKS3010,27.10102844238281,-82.52504744619694,9441.18,117.20492589108947,267.8139335061467
2024-11-21 21:20:18+00:00,NKS3010,27.099733514300848,-82.52221914438098,9433.56,117.20492589108947,267.8139335061467
2024-11-21 21:20:19+00:00,NKS3010,27.0985107421875,-82.51960610443689,9433.56,117.25532837494308,267.356502255105
2024-11-21 21:20:20+00:00,NKS3010,27.09731279793432,-82.51699007474457,9425.94,117.25532837494308,267.356502255105
2024-11-21 21:20:21+00:00,NKS3010,27.096847275556144,-82.51603933481067,9425.94,117.25532837494308,267.356502255105
2024-11-21 21:20:22+00:00,NKS3010,27.095543812897244,-82.51313429612378,9418.32,117.30590358646737,266.89927860785133
2024-11-21 21:20:23+00:00,NKS3010,27.094333454713983,-82.51054617074817,9410.7,117.30590358646737,266.89927860785133
2024-11-21 21:20:24+00:00,NKS3010,27.09288024902344,-82.50732421875,9403.08,117.25831113195602,266.206254342601
2024-11-21 21:20:25+00:00,NKS3010,27.091912738347457,-82.50526428222656,9395.46,117.25831113195602,266.206254342601
2024-11-21 21:20:26+00:00,NKS3010,27.09084203687765,-82.50294025127704,9395.46,117.3091103799667,265.7490434318468
2024-11-21 21:20:27+00:00,NKS3010,27.089859008789062,-82.50084643094044,9387.84,117.36008468526204,265.29204214228497
2024-11-21 21:20:28+00:00,NKS3010,27.088840290651483,-82.49866192157452,9380.22,117.26131977714996,265.0560071578129
2024-11-21 21:20:29+00:00,NKS3010,27.08767648470604,-82.49607379619891,9372.6,117.31234505390404,264.59880909554965
2024-11-21 21:20:30+00:00,NKS3010,27.08655923099841,-82.49374976524939,9364.98,117.2643546490132,263.905760710256
2024-11-21 21:20:31+00:00,NKS3010,27.0853271484375,-82.49100019346992,9364.98,117.2643546490132,263.905760710256
2024-11-21 21:20:32+00:00,NKS3010,27.08418273925781,-82.48851272295104,9357.36,117.31560797344228,263.4485756099585
2024-11-21 21:20:33+00:00,NKS3010,27.083221435546875,-82.48643983085202,9349.74,117.31560797344228,263.4485756099585
2024-11-21 21:20:34+00:00,NKS3010,27.08255573854608,-82.48498183030347,9349.74,117.31889951014875,262.29834298626486
2024-11-21 21:20:35+00:00,NKS3010,27.080833305746825,-82.48128450833832,9342.12,117.31889951014875,262.29834298626486
2024-11-21 21:20:36+00:00,NKS3010,27.080291748046875,-82.48011750994988,9334.5,117.27050445646375,261.60527006573403
2024-11-21 21:20:37+00:00,NKS3010,27.07915742518538,-82.47764000525842,9334.5,117.32222004213656,261.1481112358576
2024-11-21 21:20:38+00:00,NKS3010,27.078094482421875,-82.47534985812206,9326.88,117.2736200991848,260.4550258886475
2024-11-21 21:20:39+00:00,NKS3010,27.07699584960937,-82.4730178545106,9319.26,117.2736200991848,260.4550258886475
2024-11-21 21:20:40+00:00,NKS3010,27.075942993164062,-82.47068585089914,9319.26,117.32556995420886,259.99788037032687
2024-11-21 21:20:41+00:00,NKS3010,27.07489013671875,-82.46845749189265,9311.64,117.27676338311367,259.3047824885569
2024-11-21 21:20:42+00:00,NKS3010,27.073803917836333,-82.4660198505108,9304.02,117.27676338311367,259.3047824885569
2024-11-21 21:20:43+00:00,NKS3010,27.07260131835937,-82.46343072855245,9304.02,117.22769523761733,258.6118737728982
2024-11-21 21:20:44+00:00,NKS3010,27.07147630594544,-82.46100205641523,9296.4,117.27993467770904,258.15453987584834
2024-11-21 21:20:45+00:00,NKS3010,27.070405604475635,-82.45873084435095,9296.4,117.27993467770904,258.15453987584834
2024-11-21 21:20:46+00:00,NKS3010,27.069334903005824,-82.45645963228662,9288.78,117.23065584788026,257.4616192933956
2024-11-21 21:20:47+00:00,NKS3010,27.06820678710937,-82.45389542489681,9281.16,117.23065584788026,257.4616192933956
2024-11-21 21:20:48+00:00,NKS3010,27.06724548339844,-82.45187435510024,9281.16,117.28313435904307,257.00429806109366
2024-11-21 21:20:49+00:00,NKS3010,27.06600952148437,-82.44917959537145,9273.54,117.18111108547724,256.7688901918617
2024-11-21 21:20:50+00:00,NKS3010,27.06491244041313,-82.44674095740686,9265.92,117.2336430309344,256.311365507495
2024-11-21 21:20:51+00:00,NKS3010,27.063888291181144,-82.44462820199817,9265.92,117.2336430309344,256.311365507495
2024-11-21 21:20:52+00:00,NKS3010,27.062817589711333,-82.44225135216345,9258.3,117.28636280995,255.85405705505497
2024-11-21 21:20:53+00:00,NKS3010,27.061752319335938,-82.43990340322819,9258.3,117.28636280995,255.85405705505497
2024-11-21 21:20:54+00:00,NKS3010,27.060699462890625,-82.43767504422169,9250.68,117.23665714612982,255.1611124245765
2024-11-21 21:20:55+00:00,NKS3010,27.059600830078125,-82.43529121830778,9243.06,117.28962042017888,254.7038168686888
2024-11-21 21:20:56+00:00,NKS3010,27.05868530273437,-82.43332197081367,9243.06,117.28962042017888,254.7038168686888
2024-11-21 21:20:57+00:00,NKS3010,27.05765029131356,-82.43105374849756,9235.44,117.34277417134165,254.2467397361626
2024-11-21 21:20:58+00:00,NKS3010,27.056671142578125,-82.42896889740564,9235.44,117.34277417134165,254.2467397361626
2024-11-21 21:20:59+00:00,NKS3010,27.055788201800848,-82.42703951322113,9227.82,117.39611933702872,253.78988220714345
2024-11-21 21:21:00+00:00,NKS3010,27.05425197795286,-82.42376474233771,9220.2,117.39611933702872,253.78988220714345
2024-11-21 21:21:01+00:00,NKS3010,27.053320933196503,-82.42175762469952,9220.2,117.44965686008707,253.33324546972065
2024-11-21 21:21:02+00:00,NKS3010,27.05268859863281,-82.42041821749706,9212.58,117.34630883868664,253.096514435152
2024-11-21 21:21:03+00:00,NKS3010,27.051589965820312,-82.41798256928064,9212.58,117.34630883868664,253.096514435152
2024-11-21 21:21:04+00:00,NKS3010,27.050108828787074,-82.41478553185095,9197.34,117.39990326599587,252.63967201132007
2024-11-21 21:21:05+00:00,NKS3010,27.049118041992188,-82.41269669442806,9197.34,117.39990326599587,252.63967201132007
2024-11-21 21:21:06+00:00,NKS3010,27.048619157176905,-82.41156357985273,9197.34,117.45369182427518,252.1830514408332
2024-11-21 21:21:07+00:00,NKS3010,27.047378540039062,-82.40896548864976,9189.72,117.45369182427518,252.1830514408332
2024-11-21 21:21:08+00:00,NKS3010,27.046338097523837,-82.40665142352765,9182.1,117.45369182427518,252.1830514408332
2024-11-21 21:21:09+00:00,NKS3010,27.045220843816207,-82.40427457369287,9182.1,117.40372180724088,251.4894629274762
2024-11-21 21:21:10+00:00,NKS3010,27.04428979905985,-82.40226745605469,9174.48,117.40372180724088,251.4894629274762
2024-11-21 21:21:11+00:00,NKS3010,27.0428466796875,-82.39917107348174,9166.86,117.45776376361626,251.0328586740977
2024-11-21 21:21:12+00:00,NKS3010,27.042251586914062,-82.39797916052476,9166.86,117.45776376361626,251.0328586740977
2024-11-21 21:21:13+00:00,NKS3010,27.041170799126057,-82.3956122765174,9159.24,117.45776376361626,251.0328586740977
2024-11-21 21:21:14+00:00,NKS3010,27.039727679753707,-82.39249596228967,9151.62,117.51200262385144,250.5764785647026
2024-11-21 21:21:15+00:00,NKS3010,27.03863525390625,-82.39020581515331,9151.62,117.40757543781842,250.339254970939
2024-11-21 21:21:16+00:00,NKS3010,27.03804016113281,-82.38885843528891,9151.62,117.40757543781842,250.339254970939
2024-11-21 21:21:17+00:00,NKS3010,27.03693454548464,-82.3865274282602,9144.0,117.46187318865118,249.88266718694285
2024-11-21 21:21:18+00:00,NKS3010,27.036375918630824,-82.38525977501502,9144.0,117.46187318865118,249.88266718694285
2024-11-21 21:21:19+00:00,NKS3010,27.03479314254502,-82.38182654747595,9136.38,117.51636968020831,249.4263046408184
2024-11-21 21:21:20+00:00,NKS3010,27.03364562988281,-82.37942677623818,9128.76,117.51636968020831,249.4263046408184
2024-11-21 21:21:21+00:00,NKS3010,27.032512082891948,-82.37696721003607,9121.14,117.51636968020831,249.4263046408184
2024-11-21 21:21:22+00:00,NKS3010,27.031951904296875,-82.37574739276238,9121.14,117.51636968020831,249.4263046408184
2024-11-21 21:21:23+00:00,NKS3010,27.03085327148437,-82.37346721145343,9113.52,117.57106590649065,248.97016857114932
2024-11-21 21:21:24+00:00,NKS3010,27.02929997848252,-82.37015357384314,9105.9,117.57106590649065,248.97016857114932
2024-11-21 21:21:25+00:00,NKS3010,27.028741351628707,-82.36888592059796,9105.9,117.46602061936264,248.7324769971198
2024-11-21 21:21:26+00:00,NKS3010,27.02753099344544,-82.36635061410755,9098.28,117.52077719853888,248.2761321793804
2024-11-21 21:21:27+00:00,NKS3010,27.0267333984375,-82.36455377542745,9098.28,117.52077719853888,248.2761321793804
2024-11-21 21:21:28+00:00,NKS3010,27.02549743652344,-82.36196266030362,9090.66,117.52077719853888,248.2761321793804
2024-11-21 21:21:29+00:00,NKS3010,27.0245361328125,-82.3598897682046,9090.66,117.52077719853888,248.2761321793804
2024-11-21 21:21:30+00:00,NKS3010,27.0234375,-82.35755776459314,9083.04,117.52077719853888,248.2761321793804
2024-11-21 21:21:31+00:00,NKS3010,27.02236369504767,-82.35531146709735,9075.42,117.52077719853888,248.2761321793804
2024-11-21 21:21:32+00:00,NKS3010,27.02133178710937,-82.35310104658015,9075.42,117.5757353890151,247.82001495448645
2024-11-21 21:21:33+00:00,NKS3010,27.020268844345868,-82.35076904296875,9067.8,117.5757353890151,247.82001495448645
2024-11-21 21:21:34+00:00,NKS3010,27.019198142876057,-82.34849783090442,9060.18,117.5757353890151,247.82001495448645
2024-11-21 21:21:35+00:00,NKS3010,27.018220545881885,-82.34643789438098,9060.18,117.5757353890151,247.82001495448645
2024-11-21 21:21:36+00:00,NKS3010,27.01702880859375,-82.3438766767394,9052.56,117.5757353890151,247.82001495448645
2024-11-21 21:21:37+00:00,NKS3010,27.01597595214844,-82.34154467312794,9052.56,117.5757353890151,247.82001495448645
2024-11-21 21:21:38+00:00,NKS3010,27.015060424804688,-82.33962724793633,9044.94,117.5757353890151,247.82001495448645
2024-11-21 21:21:39+00:00,NKS3010,27.013916015625,-82.33719159971992,9037.32,117.5757353890151,247.82001495448645
2024-11-21 21:21:40+00:00,NKS3010,27.012863159179688,-82.33496324071342,9037.32,117.5757353890151,247.82001495448645
2024-11-21 21:21:41+00:00,NKS3010,27.01181030273437,-82.33268305940447,9029.7,117.5757353890151,247.82001495448645
2024-11-21 21:21:42+00:00,NKS3010,27.0111911579714,-82.33138451209436,9029.7,117.5757353890151,247.82001495448645
2024-11-21 21:21:43+00:00,NKS3010,27.00965881347656,-82.32812269678652,9022.08,117.5757353890151,247.82001495448645
2024-11-21 21:21:44+00:00,NKS3010,27.009142859507413,-82.32694772573615,9014.46,117.5757353890151,247.82001495448645
2024-11-21 21:21:45+00:00,NKS3010,27.008025605799787,-82.32457087590143,9014.46,117.5757353890151,247.82001495448645
2024-11-21 21:21:46+00:00,NKS3010,27.006591796875,-82.32148944206955,9006.84,117.5757353890151,247.82001495448645
2024-11-21 21:21:47+00:00,NKS3010,27.005511784957623,-82.31918334960938,8999.220000000001,117.5757353890151,247.82001495448645
2024-11-21 21:21:48+00:00,NKS3010,27.00453186035156,-82.31708454635907,8999.220000000001,117.5757353890151,247.82001495448645
2024-11-21 21:21:49+00:00,NKS3010,27.00355659096928,-82.31501065767725,8991.6,117.5757353890151,247.82001495448645
2024-11-21 21:21:50+00:00,NKS3010,27.002609252929688,-82.31293876216097,8983.98,117.5757353890151,247.82001495448645
2024-11-21 21:21:51+00:00,NKS3010,27.00160217285156,-82.31086587006189,8983.98,117.5757353890151,247.82001495448645
2024-11-21 21:21:52+00:00,NKS3010,27.000716904462397,-82.30893648587738,8976.36,117.5757353890151,247.82001495448645
2024-11-21 21:21:53+00:00,NKS3010,26.999599650754767,-82.30661245492786,8976.36,117.5757353890151,247.82001495448645
2024-11-21 21:21:54+00:00,NKS3010,26.998260498046875,-82.30371439232016,8968.74,117.5757353890151,247.82001495448645
2024-11-21 21:21:55+00:00,NKS3010,26.99764445676642,-82.30243976299579,8961.12,117.5757353890151,247.82001495448645
2024-11-21 21:21:56+00:00,NKS3010,26.99675996424788,-82.3004854642428,8953.5,117.5757353890151,247.82001495448645
2024-11-21 21:21:57+00:00,NKS3010,26.995689262778072,-82.29821425217847,8953.5,117.5757353890151,247.82001495448645
2024-11-21 21:21:58+00:00,NKS3010,26.9945068359375,-82.29573375773879,8945.880000000001,117.68106156848528,248.0585808579612
2024-11-21 21:21:59+00:00,NKS3010,26.993408203125,-82.29334993182488,8945.880000000001,117.5757353890151,247.82001495448645
2024-11-21 21:22:00+00:00,NKS3010,26.99233750165519,-82.29103088378906,8938.26,117.5757353890151,247.82001495448645
2024-11-21 21:22:01+00:00,NKS3010,26.9912109375,-82.28873774690447,8938.26,117.5757353890151,247.82001495448645
2024-11-21 21:22:02+00:00,NKS3010,26.990289203191207,-82.28675255408655,8930.640000000001,117.63089620463958,247.3641265814202
2024-11-21 21:22:03+00:00,NKS3010,26.989265053959212,-82.28448134202222,8923.02,117.63089620463958,247.3641265814202
2024-11-21 21:22:04+00:00,NKS3010,26.988189697265625,-82.28220813679246,8923.02,117.63089620463958,247.3641265814202
2024-11-21 21:22:05+00:00,NKS3010,26.9871826171875,-82.28003160008842,8915.4,117.63089620463958,247.3641265814202
2024-11-21 21:22:06+00:00,NKS3010,26.98622131347656,-82.27801053029185,8907.78,117.63089620463958,247.3641265814202
2024-11-21 21:22:07+00:00,NKS3010,26.98512190479343,-82.2757134070763,8907.78,117.63089620463958,247.3641265814202
2024-11-21 21:22:08+00:00,NKS3010,26.98448181152344,-82.27433114681605,8900.16,117.63089620463958,247.3641265814202
2024-11-21 21:22:09+00:00,NKS3010,26.982980501853813,-82.27106534517725,8892.54,117.63089620463958,247.3641265814202
2024-11-21 21:22:10+00:00,NKS3010,26.982009887695312,-82.26909709426593,8892.54,117.63089620463958,247.3641265814202
2024-11-21 21:22:11+00:00,NKS3010,26.98091125488281,-82.26671326835202,8884.92,117.63089620463958,247.3641265814202
2024-11-21 21:22:12+00:00,NKS3010,26.979995727539062,-82.2646921985554,8884.92,117.63089620463958,247.3641265814202
2024-11-21 21:22:13+00:00,NKS3010,26.97894287109375,-82.26256748415386,8877.300000000001,117.63089620463958,247.3641265814202
2024-11-21 21:22:14+00:00,NKS3010,26.977935791015625,-82.26033912514737,8869.68,117.63089620463958,247.3641265814202
2024-11-21 21:22:15+00:00,NKS3010,26.976882934570312,-82.25816258844338,8869.68,117.63089620463958,247.3641265814202
2024-11-21 21:22:16+00:00,NKS3010,26.97585800946769,-82.25590632512018,8862.060000000001,117.63089620463958,247.3641265814202
2024-11-21 21:22:17+00:00,NKS3010,26.9747314453125,-82.25355040352298,8862.060000000001,117.63089620463958,247.3641265814202
2024-11-21 21:22:18+00:00,NKS3010,26.973670054290253,-82.25120544433594,8854.44,117.63089620463958,247.3641265814202
2024-11-21 21:22:19+00:00,NKS3010,26.972506248344807,-82.24882859450116,8846.82,117.63089620463958,247.3641265814202
2024-11-21 21:22:20+00:00,NKS3010,26.971482099112816,-82.24661020132208,8846.82,117.63089620463958,247.3641265814202
2024-11-21 21:22:21+00:00,NKS3010,26.970504502118644,-82.24449744591345,8839.2,117.63089620463958,247.3641265814202
2024-11-21 21:22:22+00:00,NKS3010,26.969387248411017,-82.24212059607873,8831.58,117.63089620463958,247.3641265814202
2024-11-21 21:22:23+00:00,NKS3010,26.968782069319385,-82.2408529428335,8831.58,117.63089620463958,247.3641265814202
2024-11-21 21:22:24+00:00,NKS3010,26.96761826337394,-82.23842327411359,8823.960000000001,117.63089620463958,247.3641265814202
2024-11-21 21:22:25+00:00,NKS3010,26.966720581054688,-82.23644904370576,8823.960000000001,117.63089620463958,247.3641265814202
2024-11-21 21:22:26+00:00,NKS3010,26.965621948242188,-82.2341170400943,8816.34,117.63089620463958,247.3641265814202
2024-11-21 21:22:27+00:00,NKS3010,26.96477857686705,-82.23229628342847,8808.720000000001,117.52522574374436,247.1259612008082
2024-11-21 21:22:28+00:00,NKS3010,26.96361477092161,-82.22976097693811,8808.720000000001,117.52522574374436,247.1259612008082
2024-11-21 21:22:29+00:00,NKS3010,26.962590621689618,-82.22764822152942,8801.1,117.52522574374436,247.1259612008082
2024-11-21 21:22:30+00:00,NKS3010,26.961639404296875,-82.22551453788327,8801.1,117.52522574374436,247.1259612008082
2024-11-21 21:22:31+00:00,NKS3010,26.96058887546345,-82.2233698918269,8793.48,117.47020658539452,247.5822881227096
2024-11-21 21:22:32+00:00,NKS3010,26.95900609937765,-82.21988384540265,8785.86,117.47020658539452,247.5822881227096
2024-11-21 21:22:33+00:00,NKS3010,26.95798195014565,-82.21777108999396,8778.24,117.47020658539452,247.5822881227096
2024-11-21 21:22:34+00:00,NKS3010,26.957427978515625,-82.21654927955484,8778.24,117.47020658539452,247.5822881227096
2024-11-21 21:22:35+00:00,NKS3010,26.955963134765625,-82.21338811910374,8770.62,117.36447529039556,247.34540278195817
2024-11-21 21:22:36+00:00,NKS3010,26.95537502482786,-82.21217228816107,8770.62,117.36447529039556,247.34540278195817
2024-11-21 21:22:37+00:00,NKS3010,26.954864501953125,-82.21105611549234,8770.62,117.36447529039556,247.34540278195817
2024-11-21 21:22:38+00:00,NKS3010,26.953353881835938,-82.20768766583137,8755.380000000001,117.36447529039556,247.34540278195817
2024-11-21 21:22:39+00:00,NKS3010,26.95216292041843,-82.2052001953125,8755.380000000001,117.36447529039556,247.34540278195817
2024-11-21 21:22:40+00:00,NKS3010,26.951231875662074,-82.20314025878906,8747.76,117.36447529039556,247.34540278195817
2024-11-21 21:22:41+00:00,NKS3010,26.950161174192267,-82.20092186560998,8747.76,117.36447529039556,247.34540278195817
2024-11-21 21:22:42+00:00,NKS3010,26.94918357719809,-82.1987562913161,8740.140000000001,117.30980116495776,247.80239360280683
2024-11-21 21:22:43+00:00,NKS3010,26.94808959960937,-82.196442226194,8740.140000000001,117.30980116495776,247.80239360280683
2024-11-21 21:22:44+00:00,NKS3010,26.94708872649629,-82.1942666860727,8732.52,117.30980116495776,247.80239360280683
2024-11-21 21:22:45+00:00,NKS3010,26.946075439453125,-82.19208915278597,8724.9,117.30980116495776,247.80239360280683
2024-11-21 21:22:46+00:00,NKS3010,26.945552502648304,-82.19093909630408,8724.9,117.30980116495776,247.80239360280683
2024-11-21 21:22:47+00:00,NKS3010,26.943923950195312,-82.18747696786556,8717.28,117.36447529039556,247.34540278195817
2024-11-21 21:22:48+00:00,NKS3010,26.94285247285487,-82.1851290189303,8709.66,117.36447529039556,247.34540278195817
2024-11-21 21:22:49+00:00,NKS3010,26.94192142809852,-82.18312190129205,8709.66,117.36447529039556,247.34540278195817
2024-11-21 21:22:50+00:00,NKS3010,26.940804174390887,-82.18069223257208,8702.04,117.36447529039556,247.34540278195817
2024-11-21 21:22:51+00:00,NKS3010,26.9403076171875,-82.17970362249412,8702.04,117.36447529039556,247.34540278195817
2024-11-21 21:22:53+00:00,NKS3010,26.93763862221928,-82.17387859637921,8686.800000000001,117.36447529039556,247.34540278195817
2024-11-21 21:22:54+00:00,NKS3010,26.936614472987287,-82.17171302208533,8686.800000000001,117.36447529039556,247.34540278195817
2024-11-21 21:22:55+00:00,NKS3010,26.93609619140625,-82.17058289725827,8679.18,117.41935176942424,246.88863802272496
2024-11-21 21:22:56+00:00,NKS3010,26.934494018554688,-82.16711080299234,8671.560000000001,117.41935176942424,246.88863802272496
2024-11-21 21:22:57+00:00,NKS3010,26.933542025291317,-82.16505784254804,8671.560000000001,117.41935176942424,246.88863802272496
2024-11-21 21:22:59+00:00,NKS3010,26.93214545815678,-82.16204716609076,8663.94,117.313274418297,246.65215947821568
2024-11-21 21:23:00+00:00,NKS3010,26.93124389648437,-82.16006296985552,8656.32,117.313274418297,246.65215947821568
2024-11-21 21:23:02+00:00,NKS3010,26.92913818359375,-82.15555442954008,8648.7,117.36821042888826,246.19518351883409
2024-11-21 21:23:03+00:00,NKS3010,26.92767333984375,-82.15234144678652,8641.08,117.36821042888826,246.19518351883409
2024-11-21 21:23:04+00:00,NKS3010,26.927078247070312,-82.15109771152709,8641.08,117.36821042888826,246.19518351883409
2024-11-21 21:23:05+00:00,NKS3010,26.925441935911017,-82.1476276104267,8633.460000000001,117.36821042888826,246.19518351883409
2024-11-21 21:23:06+00:00,NKS3010,26.924972534179688,-82.14658917121164,8625.84,117.36821042888826,246.19518351883409
2024-11-21 21:23:07+00:00,NKS3010,26.923553466796875,-82.14347983306305,8625.84,117.4233507071095,245.73843473444677
2024-11-21 21:23:08+00:00,NKS3010,26.92236948821504,-82.1409724308894,8618.220000000001,117.4233507071095,245.73843473444677
2024-11-21 21:23:10+00:00,NKS3010,26.920440673828125,-82.13674293374112,8602.98,117.4233507071095,245.73843473444677
2024-11-21 21:23:11+00:00,NKS3010,26.91943669723252,-82.13463416466345,8602.98,117.31678021763696,245.5019262685025
2024-11-21 21:23:12+00:00,NKS3010,26.918289184570312,-82.13223439342568,8595.36,117.37198063218038,245.04496531181175
2024-11-21 21:23:13+00:00,NKS3010,26.917282104492188,-82.12995421211673,8595.36,117.37198063218038,245.04496531181175
2024-11-21 21:23:14+00:00,NKS3010,26.91664356296345,-82.12866563063398,8587.74,117.37198063218038,245.04496531181175
2024-11-21 21:23:15+00:00,NKS3010,26.91608493610964,-82.1273979773888,8580.12,117.37198063218038,245.04496531181175
2024-11-21 21:23:16+00:00,NKS3010,26.91444396972656,-82.12394282502947,8580.12,117.42738725567096,244.5882326544904
2024-11-21 21:23:17+00:00,NKS3010,26.91399008540784,-82.12290837214545,8572.5,117.42738725567096,244.5882326544904
2024-11-21 21:23:18+00:00,NKS3010,26.912360757084212,-82.11942232572113,8572.5,117.42738725567096,244.5882326544904
2024-11-21 21:23:19+00:00,NKS3010,26.911848682468214,-82.1183131291316,8564.880000000001,117.42738725567096,244.5882326544904
2024-11-21 21:23:22+00:00,NKS3010,26.908035278320312,-82.11010627026826,8549.640000000001,117.48300114154571,244.1317295778766
2024-11-21 21:23:24+00:00,NKS3010,26.90649517511917,-82.10679861215442,8542.02,117.48300114154571,244.1317295778766
2024-11-21 21:23:25+00:00,NKS3010,26.905005503509003,-82.10362947904144,8534.4,117.43146194818266,243.4380317999833
2024-11-21 21:23:26+00:00,NKS3010,26.903934802039192,-82.10130544809192,8534.4,117.43146194818266,243.4380317999833
2024-11-21 21:23:27+00:00,NKS3010,26.90300375728284,-82.09940396822412,8526.78,117.43146194818266,243.4380317999833
2024-11-21 21:23:28+00:00,NKS3010,26.90249168266684,-82.09824195274939,8526.78,117.48734674654372,242.98154615279853
2024-11-21 21:23:29+00:00,NKS3010,26.901002011056672,-82.09507281963641,8519.16,117.48734674654372,242.98154615279853
2024-11-21 21:23:30+00:00,NKS3010,26.9000244140625,-82.09290724534253,8511.54,117.48734674654372,242.98154615279853
2024-11-21 21:23:31+00:00,NKS3010,26.899093369306144,-82.09095294658954,8511.54,117.48734674654372,242.98154615279853
2024-11-21 21:23:33+00:00,NKS3010,26.8970947265625,-82.0866825895489,8503.92,117.54344186633313,242.5252925371243
2024-11-21 21:23:34+00:00,NKS3010,26.89608764648437,-82.08450605284492,8496.300000000001,117.54344186633313,242.5252925371243
2024-11-21 21:23:35+00:00,NKS3010,26.89512634277344,-82.08248498304835,8488.68,117.54344186633313,242.5252925371243
2024-11-21 21:23:36+00:00,NKS3010,26.894019175384003,-82.08017789400537,8488.68,117.54344186633313,242.5252925371243
2024-11-21 21:23:37+00:00,NKS3010,26.89318123510328,-82.07832923302283,8481.060000000001,117.54344186633313,242.5252925371243
2024-11-21 21:23:38+00:00,NKS3010,26.892059326171875,-82.07590355063383,8473.44,117.59974838895356,242.0692722649638
2024-11-21 21:23:39+00:00,NKS3010,26.891510009765625,-82.07476345997935,8473.44,117.59974838895356,242.0692722649638
2024-11-21 21:23:40+00:00,NKS3010,26.89013671875,-82.07180958873818,8465.82,117.59974838895356,242.0692722649638
2024-11-21 21:23:41+00:00,NKS3010,26.8890380859375,-82.06945566030646,8465.82,117.59974838895356,242.0692722649638
2024-11-21 21:23:42+00:00,NKS3010,26.888060488943324,-82.06734290489783,8458.2,117.59974838895356,242.0692722649638
2024-11-21 21:23:43+00:00,NKS3010,26.886932373046875,-82.06496904481133,8450.58,117.59974838895356,242.0692722649638
2024-11-21 21:23:44+00:00,NKS3010,26.88605874271716,-82.06317021296576,8450.58,117.59974838895356,242.0692722649638
2024-11-21 21:23:45+00:00,NKS3010,26.88510131835937,-82.0610305498231,8442.960000000001,117.59974838895356,242.0692722649638
2024-11-21 21:23:47+00:00,NKS3010,26.883172503972457,-82.05699040339545,8435.34,117.59974838895356,242.0692722649638
2024-11-21 21:23:48+00:00,NKS3010,26.88270698159428,-82.0559868445763,8435.34,117.59974838895356,242.0692722649638
2024-11-21 21:23:49+00:00,NKS3010,26.881310414459744,-82.05297616811896,8427.720000000001,117.59974838895356,242.0692722649638
2024-11-21 21:23:50+00:00,NKS3010,26.88070678710937,-82.05170253537733,8427.720000000001,117.6562674023406,241.61348665755165
2024-11-21 21:23:51+00:00,NKS3010,26.8788431458554,-82.0477999173678,8420.1,117.6562674023406,241.61348665755165
2024-11-21 21:23:53+00:00,NKS3010,26.87716726529396,-82.04415541428784,8412.48,117.54810439799746,241.37512929285967
2024-11-21 21:23:56+00:00,NKS3010,26.873908608646715,-82.03723614032452,8397.24,117.60468855444589,240.91912897553965
2024-11-21 21:23:57+00:00,NKS3010,26.87338256835937,-82.03610402233193,8397.24,117.60468855444589,240.91912897553965
2024-11-21 21:23:58+00:00,NKS3010,26.871580996755824,-82.0322711651142,8382.0,117.60468855444589,240.91912897553965
2024-11-21 21:23:59+00:00,NKS3010,26.87102236990201,-82.03100351186896,8382.0,117.60468855444589,240.91912897553965
2024-11-21 21:24:00+00:00,NKS3010,26.86962580276748,-82.02809847318207,8374.380000000001,117.60468855444589,240.91912897553965
2024-11-21 21:24:02+00:00,NKS3010,26.867717161016948,-82.02403141902045,8366.76,117.66148726107104,240.4633645210409
2024-11-21 21:24:03+00:00,NKS3010,26.86683654785156,-82.02216382296581,8366.76,117.66148726107104,240.4633645210409
2024-11-21 21:24:05+00:00,NKS3010,26.86534299688824,-82.01896080603967,8359.140000000001,117.66148726107104,240.4633645210409
2024-11-21 21:24:06+00:00,NKS3010,26.863853325278072,-82.0157916729267,8351.52,117.66148726107104,240.4633645210409
2024-11-21 21:24:09+00:00,NKS3010,26.861297607421875,-82.01034833800117,8336.28,117.66148726107104,240.4633645210409
2024-11-21 21:24:10+00:00,NKS3010,26.86029052734375,-82.00822362359963,8336.28,117.66148726107104,240.4633645210409
2024-11-21 21:24:11+00:00,NKS3010,26.85877913135593,-82.00491098257208,8328.66,117.66148726107104,240.4633645210409
2024-11-21 21:24:13+00:00,NKS3010,26.856777385129767,-82.00063265286957,8321.04,117.66148726107104,240.4633645210409
2024-11-21 21:24:14+00:00,NKS3010,26.855621337890625,-81.99822191922169,8313.42,117.66148726107104,240.4633645210409
2024-11-21 21:24:16+00:00,NKS3010,26.85393769862288,-81.99466411884015,8305.800000000001,117.66148726107104,240.4633645210409
2024-11-21 21:24:17+00:00,NKS3010,26.853057861328125,-81.99278057746164,8298.18,117.66148726107104,240.4633645210409
2024-11-21 21:24:18+00:00,NKS3010,26.85244802701271,-81.99154780461237,8298.18,117.66148726107104,240.4633645210409
2024-11-21 21:24:19+00:00,NKS3010,26.8505859375,-81.98754652491152,8290.560000000001,117.66148726107104,240.4633645210409
2024-11-21 21:24:20+00:00,NKS3010,26.850120415121825,-81.98653001051679,8290.560000000001,117.66148726107104,240.4633645210409
2024-11-21 21:24:21+00:00,NKS3010,26.848617553710938,-81.98334891841097,8282.94,117.76994728606026,240.70262476851624
2024-11-21 21:24:22+00:00,NKS3010,26.8479790121822,-81.98204040527344,8275.32,117.71300000100253,241.15793704542853
2024-11-21 21:24:25+00:00,NKS3010,26.844766907772776,-81.97517395019531,8260.08,117.71300000100253,241.15793704542853
2024-11-21 21:24:26+00:00,NKS3010,26.844223022460938,-81.9740209039652,8260.08,117.71300000100253,241.15793704542853
2024-11-21 21:24:27+00:00,NKS3010,26.842758178710938,-81.9709115658166,8252.460000000001,117.71300000100253,241.15793704542853
2024-11-21 21:24:31+00:00,NKS3010,26.838638305664062,-81.9621535966981,8237.220000000001,117.54810439799746,241.37512929285967
2024-11-21 21:24:32+00:00,NKS3010,26.83806338552701,-81.96096567007208,8229.6,117.54810439799746,241.37512929285967
2024-11-21 21:24:33+00:00,NKS3010,26.83675992286811,-81.95811345027045,8229.6,117.54810439799746,241.37512929285967
2024-11-21 21:24:35+00:00,NKS3010,26.834381103515625,-81.95303287146226,8214.36,117.54810439799746,241.37512929285967
2024-11-21 21:24:36+00:00,NKS3010,26.833408161745236,-81.95093008188098,8206.74,117.54810439799746,241.37512929285967
2024-11-21 21:24:37+00:00,NKS3010,26.83284953489142,-81.94982088529144,8206.74,117.54810439799746,241.37512929285967
2024-11-21 21:24:39+00:00,NKS3010,26.83033571404926,-81.94432772122894,8199.12,117.54810439799746,241.37512929285967
2024-11-21 21:24:40+00:00,NKS3010,26.829730534957623,-81.94311288686896,8191.5,117.54810439799746,241.37512929285967
2024-11-21 21:24:41+00:00,NKS3010,26.82819431110964,-81.93983811598554,8183.88,117.54810439799746,241.37512929285967
2024-11-21 21:24:42+00:00,NKS3010,26.82774353027344,-81.93878173828125,8183.88,117.54810439799746,241.37512929285967
2024-11-21 21:24:43+00:00,NKS3010,26.826611535023837,-81.93640488844648,8176.26,117.54810439799746,241.37512929285967
2024-11-21 21:24:44+00:00,NKS3010,26.82563393802966,-81.93434495192304,8176.26,117.54810439799746,241.37512929285967
2024-11-21 21:24:46+00:00,NKS3010,26.823532104492188,-81.92986830225527,8161.02,117.54810439799746,241.37512929285967
2024-11-21 21:24:47+00:00,NKS3010,26.822608042571503,-81.92779541015625,8161.02,117.54810439799746,241.37512929285967
2024-11-21 21:24:48+00:00,NKS3010,26.8216552734375,-81.92587798496459,8153.400000000001,117.54810439799746,241.37512929285967
2024-11-21 21:24:49+00:00,NKS3010,26.82032698291843,-81.92293607271631,8153.400000000001,117.54810439799746,241.37512929285967
2024-11-21 21:24:50+00:00,NKS3010,26.81982421875,-81.92193948997641,8145.780000000001,117.54810439799746,241.37512929285967
2024-11-21 21:24:51+00:00,NKS3010,26.818418341167902,-81.91892183743988,8138.160000000001,117.54810439799746,241.37512929285967
2024-11-21 21:24:52+00:00,NKS3010,26.81739419193591,-81.9167034442608,8138.160000000001,117.60468855444589,240.91912897553965
2024-11-21 21:24:53+00:00,NKS3010,26.81641659494173,-81.91464350773737,8130.54,117.4961625588288,240.68118355599967
2024-11-21 21:24:54+00:00,NKS3010,26.815438997947563,-81.91258357121393,8122.92,117.4961625588288,240.68118355599967
2024-11-21 21:24:55+00:00,NKS3010,26.814368296477756,-81.91020672137921,8122.92,117.4961625588288,240.68118355599967
2024-11-21 21:24:56+00:00,NKS3010,26.813483803959212,-81.90835806039661,8115.3,117.4961625588288,240.68118355599967
2024-11-21 21:24:57+00:00,NKS3010,26.81263732910156,-81.90654826614093,8115.3,117.4961625588288,240.68118355599967
2024-11-21 21:24:59+00:00,NKS3010,26.81103515625,-81.903076171875,8107.68,117.4961625588288,240.68118355599967
2024-11-21 21:25:00+00:00,NKS3010,26.8092041015625,-81.89918949918928,8100.06,117.4961625588288,240.68118355599967
2024-11-21 21:25:01+00:00,NKS3010,26.80870056152344,-81.89810123083726,8092.44,117.4961625588288,240.68118355599967
2024-11-21 21:25:02+00:00,NKS3010,26.807693481445312,-81.89587287183076,8092.44,117.3874221570762,240.44410334786588
2024-11-21 21:25:03+00:00,NKS3010,26.80659407276218,-81.89351595365082,8084.820000000001,117.3874221570762,240.44410334786588
2024-11-21 21:25:04+00:00,NKS3010,26.80556992353019,-81.89135037935694,8077.200000000001,117.44392037342968,239.9874367653554
2024-11-21 21:25:05+00:00,NKS3010,26.804452669822563,-81.88902634840741,8077.200000000001,117.44392037342968,239.9874367653554
2024-11-21 21:25:06+00:00,NKS3010,26.80357360839844,-81.8870630804098,8069.580000000001,117.44392037342968,239.9874367653554
2024-11-21 21:25:07+00:00,NKS3010,26.8026123046875,-81.88504201061318,8061.96,117.44392037342968,239.9874367653554
2024-11-21 21:25:08+00:00,NKS3010,26.802078505693856,-81.88390291654144,8061.96,117.44392037342968,239.9874367653554
2024-11-21 21:25:09+00:00,NKS3010,26.8011474609375,-81.881842980018,8054.34,117.44392037342968,239.9874367653554
2024-11-21 21:25:10+00:00,NKS3010,26.79956468485169,-81.8784625713642,8054.34,117.50063396264244,239.53100442512653
2024-11-21 21:25:11+00:00,NKS3010,26.79840087890625,-81.87598008375898,8046.72,117.50063396264244,239.53100442512653
2024-11-21 21:25:12+00:00,NKS3010,26.79733017743644,-81.87365605280951,8039.1,117.50063396264244,239.53100442512653
2024-11-21 21:25:13+00:00,NKS3010,26.796295166015625,-81.8714645673644,8039.1,117.50063396264244,239.53100442512653
2024-11-21 21:25:15+00:00,NKS3010,26.79458359540519,-81.86789879432092,8031.48,117.55756404680588,239.0748076687981
2024-11-21 21:25:16+00:00,NKS3010,26.7935594461732,-81.86568040114179,8023.860000000001,117.55756404680588,239.0748076687981
2024-11-21 21:25:17+00:00,NKS3010,26.792488744703387,-81.86330355130707,8023.860000000001,117.55756404680588,239.0748076687981
2024-11-21 21:25:18+00:00,NKS3010,26.7914645954714,-81.86113797701319,8016.240000000001,117.55756404680588,239.0748076687981
2024-11-21 21:25:19+00:00,NKS3010,26.79104562533104,-81.86029287484973,8008.620000000001,117.55756404680588,239.0748076687981
2024-11-21 21:25:20+00:00,NKS3010,26.78993225097656,-81.85788712411556,8008.620000000001,117.61471175488454,238.61884784755344
2024-11-21 21:25:21+00:00,NKS3010,26.78881111791578,-81.8555391751803,8001.0,117.61471175488454,238.61884784755344
2024-11-21 21:25:22+00:00,NKS3010,26.78741455078125,-81.85252849872296,8001.0,117.61471175488454,238.61884784755344
2024-11-21 21:25:23+00:00,NKS3010,26.786407470703125,-81.85032106795398,7993.38,117.61471175488454,238.61884784755344
2024-11-21 21:25:24+00:00,NKS3010,26.78594970703125,-81.84944008881189,7993.38,117.61471175488454,238.61884784755344
2024-11-21 21:25:25+00:00,NKS3010,26.784439086914062,-81.84622710605834,7985.76,117.67207822275878,238.1631263222189
2024-11-21 21:25:27+00:00,NKS3010,26.7828369140625,-81.84285865639737,7978.14,117.94873814444652,238.1881275544277
2024-11-21 21:25:28+00:00,NKS3010,26.78145586434057,-81.8400104229267,7970.52,118.2253335460608,238.21868105269743
2024-11-21 21:25:29+00:00,NKS3010,26.78089723748676,-81.83879558856671,7970.52,118.66975158634524,238.04919859264453
2024-11-21 21:25:30+00:00,NKS3010,26.77972412109375,-81.83648451319277,7962.900000000001,118.66975158634524,238.04919859264453
2024-11-21 21:25:32+00:00,NKS3010,26.7777099609375,-81.83259784050705,7955.280000000001,120.17601581652752,237.4397319778145
2024-11-21 21:25:37+00:00,NKS3010,26.771804809570312,-81.82207791310435,7924.8,121.51793949773314,237.16370563447117
2024-11-21 21:25:39+00:00,NKS3010,26.7694919392214,-81.81830186110273,7909.56,124.97156107444587,236.05356977059068
2024-11-21 21:25:42+00:00,NKS3010,26.766128540039062,-81.81321629938088,7886.700000000001,127.09527323851846,235.4113956326404
2024-11-21 21:25:45+00:00,NKS3010,26.76157805879237,-81.80678734412561,7856.22,128.60104337263107,235.0023887800413
2024-11-21 21:25:46+00:00,NKS3010,26.7600883871822,-81.80488586425781,7848.6,130.01485511054204,234.4250806549726
2024-11-21 21:25:47+00:00,NKS3010,26.75948320809057,-81.80409358097955,7840.98,130.72415888737106,234.19014271819773
2024-11-21 21:25:48+00:00,NKS3010,26.757339477539062,-81.80134899211379,7833.360000000001,131.51827731673785,233.60572933999785
2024-11-21 21:25:49+00:00,NKS3010,26.75619506835937,-81.79994978994694,7825.740000000001,132.23122253038866,233.44706904202985
2024-11-21 21:25:50+00:00,NKS3010,26.754638671875,-81.79808418705778,7810.5,132.23122253038866,233.44706904202985
2024-11-21 21:25:51+00:00,NKS3010,26.75296589479608,-81.79611792931189,7802.88,133.30218228034568,233.27695611777315
2024-11-21 21:25:52+00:00,NKS3010,26.752212524414062,-81.79523396042157,7795.26,133.74685468085698,232.8664733376364
2024-11-21 21:25:53+00:00,NKS3010,26.75049862619173,-81.793212890625,7787.64,133.74685468085698,232.8664733376364
2024-11-21 21:25:55+00:00,NKS3010,26.747634887695312,-81.78999990787145,7772.400000000001,133.74685468085698,232.8664733376364
2024-11-21 21:25:57+00:00,NKS3010,26.74449338751324,-81.78645207331732,7749.54,134.64078351844952,232.08780581506235
2024-11-21 21:25:58+00:00,NKS3010,26.74360656738281,-81.78543954525355,7741.92,134.64078351844952,232.08780581506235
2024-11-21 21:26:06+00:00,NKS3010,26.731272551972985,-81.77155714768628,7665.72,134.7301631589802,231.722047446448
2024-11-21 21:26:13+00:00,NKS3010,26.721267700195312,-81.76025390625,7597.14,134.45778483505364,230.6385046903909
2024-11-21 21:26:16+00:00,NKS3010,26.71673583984375,-81.75507167600236,7566.660000000001,134.27477570094075,229.91906131102127
2024-11-21 21:26:17+00:00,NKS3010,26.716096522444385,-81.75433819110577,7566.660000000001,134.27477570094075,229.91906131102127
2024-11-21 21:26:26+00:00,NKS3010,26.701711880958687,-81.73785869891827,7467.6,134.08772392339577,228.47453660319115
2024-11-21 21:26:30+00:00,NKS3010,26.696823895987816,-81.73225989708534,7437.120000000001,133.9949139947458,228.11690687861343
2024-11-21 21:26:33+00:00,NKS3010,26.692866955773304,-81.72766465407152,7414.26,133.90181284925995,227.75987758371176
2024-11-21 21:26:40+00:00,NKS3010,26.68215994107521,-81.71530503493089,7345.68,133.89475229872366,226.3050792064197
2024-11-21 21:26:41+00:00,NKS3010,26.68157958984375,-81.71459845776826,7338.06,133.89475229872366,226.3050792064197
2024-11-21 21:26:43+00:00,NKS3010,26.67880817995233,-81.71139643742487,7322.820000000001,133.89475229872366,226.3050792064197
2024-11-21 21:26:54+00:00,NKS3010,26.66232868776483,-81.69227600097656,7216.14,133.89475229872366,226.3050792064197
2024-11-21 21:27:05+00:00,NKS3010,26.647013001522776,-81.67437039888823,7117.08,133.51213247117224,224.15594918994324
2024-11-21 21:27:07+00:00,NKS3010,26.644685389631885,-81.67162381685698,7101.84,133.41661742783907,223.8020612782464
2024-11-21 21:27:09+00:00,NKS3010,26.64245088221663,-81.66903569148137,7086.6,133.32080010627698,223.4487972954828
2024-11-21 21:27:17+00:00,NKS3010,26.63123179290254,-81.65530278132512,7010.400000000001,130.97436482142538,222.81127313598063
2024-11-21 21:27:20+00:00,NKS3010,26.627197265625,-81.64997604658015,6979.92,129.56853316767248,222.8985584811161
2024-11-21 21:27:21+00:00,NKS3010,26.62527310646186,-81.64737994854266,6964.68,129.0938588862295,222.71622979885143
2024-11-21 21:27:23+00:00,NKS3010,26.623443603515625,-81.64474199403008,6949.4400000000005,129.0938588862295,222.71622979885143
2024-11-21 21:27:24+00:00,NKS3010,26.62229376324153,-81.64315443772534,6941.820000000001,129.0938588862295,222.71622979885143
2024-11-21 21:27:25+00:00,NKS3010,26.62120056152344,-81.64152901127653,6926.58,127.29391047508804,222.45167699041804
2024-11-21 21:27:26+00:00,NKS3010,26.61996459960937,-81.63971523068983,6918.96,127.29391047508804,222.45167699041804
2024-11-21 21:27:28+00:00,NKS3010,26.617996215820312,-81.63676135944871,6903.72,126.63138745296146,222.4475129720387
2024-11-21 21:27:31+00:00,NKS3010,26.6143798828125,-81.63121736966644,6865.620000000001,126.04689161957704,222.0569384251078
2024-11-21 21:27:32+00:00,NKS3010,26.612091064453125,-81.62774427881777,6858.0,126.04689161957704,222.0569384251078
2024-11-21 21:27:33+00:00,NKS3010,26.611495971679688,-81.62681147737322,6842.76,125.93942154976564,221.75460540823084
2024-11-21 21:27:36+00:00,NKS3010,26.608514300847457,-81.62223815917969,6812.280000000001,125.8316584178372,221.45305471373945
2024-11-21 21:27:38+00:00,NKS3010,26.60618668895657,-81.61864647498498,6797.04,125.90972307917768,221.03617929999308
2024-11-21 21:27:39+00:00,NKS3010,26.604045286016948,-81.61542452298676,6781.8,125.90972307917768,221.03617929999308
2024-11-21 21:27:40+00:00,NKS3010,26.60284423828125,-81.61354496793928,6774.18,125.90972307917768,221.03617929999308
2024-11-21 21:27:43+00:00,NKS3010,26.59945678710937,-81.6083627376916,6743.700000000001,126.17478930213078,220.5069257143902
2024-11-21 21:27:45+00:00,NKS3010,26.59701589810646,-81.60464947040265,6720.84,126.17478930213078,220.5069257143902
2024-11-21 21:27:46+00:00,NKS3010,26.59588623046875,-81.60292139593162,6713.22,126.2538377374448,220.09186564086968
2024-11-21 21:27:47+00:00,NKS3010,26.594696044921875,-81.60110761534492,6705.6,126.2538377374448,220.09186564086968
2024-11-21 21:27:49+00:00,NKS3010,26.59236067432468,-81.59757173978363,6682.740000000001,126.33318473124214,219.67722608364284
2024-11-21 21:27:50+00:00,NKS3010,26.59115031614142,-81.59577589768628,6675.12,126.33318473124214,219.67722608364284
2024-11-21 21:27:51+00:00,NKS3010,26.59003306243379,-81.59408569335938,6659.88,126.41283167208118,219.2630094283746
2024-11-21 21:27:53+00:00,NKS3010,26.587554931640625,-81.5903803987323,6637.02,126.5208648810858,219.5687732501128
2024-11-21 21:27:54+00:00,NKS3010,26.58705139160156,-81.58965488649761,6629.400000000001,126.60090535214756,219.15555921673828
2024-11-21 21:27:55+00:00,NKS3010,26.585331286414192,-81.58706078162561,6621.780000000001,126.60090535214756,219.15555921673828
2024-11-21 21:27:56+00:00,NKS3010,26.58467102050781,-81.58602732532427,6614.160000000001,126.60090535214756,219.15555921673828
2024-11-21 21:27:57+00:00,NKS3010,26.583480834960938,-81.58426536704008,6606.54,126.68124806575683,218.7427744861562
2024-11-21 21:28:02+00:00,NKS3010,26.57695188360699,-81.5744898869441,6545.58,126.76189441935844,218.33042149334065
2024-11-21 21:28:04+00:00,NKS3010,26.574996689618644,-81.5715848482572,6530.34,126.76189441935844,218.33042149334065
2024-11-21 21:28:05+00:00,NKS3010,26.573646674721928,-81.56957773061896,6522.72,126.84284581616716,217.91850268913936
2024-11-21 21:28:06+00:00,NKS3010,26.572436316538663,-81.56783470740686,6515.1,126.84284581616716,217.91850268913936
2024-11-21 21:28:07+00:00,NKS3010,26.571272510593214,-81.56603886530951,6499.860000000001,126.84284581616716,217.91850268913936
2024-11-21 21:28:09+00:00,NKS3010,26.568832397460938,-81.56244817769749,6477.0,126.73444688278244,217.6104200889849
2024-11-21 21:28:11+00:00,NKS3010,26.56657073457362,-81.55906677246094,6461.76,126.73444688278244,217.6104200889849
2024-11-21 21:28:15+00:00,NKS3010,26.562057495117188,-81.5523946510171,6423.660000000001,126.89709070479564,216.78672601594548
2024-11-21 21:28:16+00:00,NKS3010,26.560867309570312,-81.5506326927329,6416.04,126.89709070479564,216.78672601594548
2024-11-21 21:28:17+00:00,NKS3010,26.55976867675781,-81.54897437905362,6400.8,126.89709070479564,216.78672601594548
2024-11-21 21:28:18+00:00,NKS3010,26.55837754071769,-81.54691842886115,6393.18,126.78820219810002,216.47825525673227
2024-11-21 21:28:20+00:00,NKS3010,26.55628967285156,-81.543792148806,6377.9400000000005,126.86989764584402,216.06648
2024-11-21 21:28:21+00:00,NKS3010,26.55488612288136,-81.54179499699518,6362.700000000001,126.86989764584402,216.06648
2024-11-21 21:28:27+00:00,NKS3010,26.54795837402344,-81.53151026311912,6301.740000000001,126.84252269354909,215.3462829792628
2024-11-21 21:28:30+00:00,NKS3010,26.544737735037074,-81.5266887958233,6278.88,126.84252269354909,215.3462829792628
2024-11-21 21:28:34+00:00,NKS3010,26.5396728515625,-81.51922837743217,6233.160000000001,126.81496402939456,214.6261354469572
2024-11-21 21:28:36+00:00,NKS3010,26.53719627251059,-81.51554401104266,6210.3,126.81496402939456,214.6261354469572
2024-11-21 21:28:37+00:00,NKS3010,26.53656005859375,-81.51456437020931,6202.68,126.8974172304296,214.21450630912443
2024-11-21 21:28:39+00:00,NKS3010,26.53472900390625,-81.51181778817806,6187.4400000000005,126.8974172304296,214.21450630912443
2024-11-21 21:28:40+00:00,NKS3010,26.53314622782044,-81.50952265812799,6172.200000000001,126.8974172304296,214.21450630912443
2024-11-21 21:28:41+00:00,NKS3010,26.531478881835938,-81.50699831404773,6164.58,126.8974172304296,214.21450630912443
2024-11-21 21:28:42+00:00,NKS3010,26.53095827264301,-81.50624788724457,6156.96,126.8974172304296,214.21450630912443
2024-11-21 21:28:43+00:00,NKS3010,26.529747914459744,-81.50445204514722,6149.34,126.8974172304296,214.21450630912443
2024-11-21 21:28:45+00:00,NKS3010,26.52686167571504,-81.5001737154447,6126.4800000000005,126.75928817029212,213.18599085368396
2024-11-21 21:28:46+00:00,NKS3010,26.525665283203125,-81.49839581183664,6111.240000000001,126.75928817029212,213.18599085368396
2024-11-21 21:28:47+00:00,NKS3010,26.52520751953125,-81.49772212190447,6103.62,126.75928817029212,213.18599085368396
2024-11-21 21:28:48+00:00,NKS3010,26.524200439453125,-81.49621927513266,6088.38,126.75928817029212,213.18599085368396
2024-11-21 21:28:49+00:00,NKS3010,26.523101806640625,-81.49461278375588,6080.76,126.75928817029212,213.18599085368396
2024-11-21 21:28:50+00:00,NKS3010,26.522066795219807,-81.4929903470553,6080.76,126.73116721595642,212.4659948126465
2024-11-21 21:28:53+00:00,NKS3010,26.5175977803893,-81.486335167518,6042.66,126.73116721595642,212.4659948126465
2024-11-21 21:28:55+00:00,NKS3010,26.515869140625,-81.4837819225383,6027.42,126.70285503016314,211.74605030012856
2024-11-21 21:28:56+00:00,NKS3010,26.5147705078125,-81.48217543116152,6012.18,126.70285503016314,211.74605030012856
2024-11-21 21:28:57+00:00,NKS3010,26.51308221332097,-81.47962716909552,6004.56,126.70285503016314,211.74605030012856
2024-11-21 21:28:58+00:00,NKS3010,26.511778750662074,-81.47772568922773,5996.9400000000005,126.70285503016314,211.74605030012856
2024-11-21 21:28:59+00:00,NKS3010,26.51117357157044,-81.47677494929388,5989.320000000001,126.70285503016314,211.74605030012856
2024-11-21 21:29:00+00:00,NKS3010,26.510650634765625,-81.47600857716685,5981.700000000001,126.78621350937216,211.3338206135117
2024-11-21 21:29:01+00:00,NKS3010,26.508819580078125,-81.47331381743805,5966.46,126.78621350937216,211.3338206135117
2024-11-21 21:29:04+00:00,NKS3010,26.50540109408104,-81.4681654710036,5935.9800000000005,126.75793730077964,210.61377570533185
2024-11-21 21:29:05+00:00,NKS3010,26.504196166992188,-81.4664214512087,5928.360000000001,126.75793730077964,210.61377570533185
2024-11-21 21:29:06+00:00,NKS3010,26.50360107421875,-81.46548864976415,5920.740000000001,126.75793730077964,210.61377570533185
2024-11-21 21:29:07+00:00,NKS3010,26.501724243164062,-81.4627420677329,5905.5,126.75793730077964,210.61377570533185
2024-11-21 21:29:10+00:00,NKS3010,26.498278601694917,-81.45760169396033,5882.64,126.84185272419091,210.20184358081104
2024-11-21 21:29:12+00:00,NKS3010,26.49650961665784,-81.45501356858472,5867.400000000001,126.72946709490672,209.8937824451316
2024-11-21 21:29:13+00:00,NKS3010,26.49492684057203,-81.45258389986475,5852.16,126.72946709490672,209.8937824451316
2024-11-21 21:29:14+00:00,NKS3010,26.494228557004767,-81.45158034104566,5844.54,126.72946709490672,209.8937824451316
2024-11-21 21:29:15+00:00,NKS3010,26.492752075195312,-81.449371913694,5829.3,126.72946709490672,209.8937824451316
2024-11-21 21:29:16+00:00,NKS3010,26.4920654296875,-81.44838728994694,5829.3,126.81361497287358,209.48169786952377
2024-11-21 21:29:18+00:00,NKS3010,26.49005126953125,-81.44538159640331,5798.820000000001,126.81361497287358,209.48169786952377
2024-11-21 21:29:19+00:00,NKS3010,26.488998413085938,-81.44377510502653,5791.200000000001,126.81361497287358,209.48169786952377
2024-11-21 21:29:20+00:00,NKS3010,26.4869384765625,-81.4407175891804,5783.58,126.89809438545409,209.07006691712445
2024-11-21 21:29:21+00:00,NKS3010,26.48583984375,-81.43916292010613,5775.96,126.89809438545409,209.07006691712445
2024-11-21 21:29:22+00:00,NKS3010,26.48524475097656,-81.43828194096403,5760.72,126.89809438545409,209.07006691712445
2024-11-21 21:29:24+00:00,NKS3010,26.48286437988281,-81.43470620209314,5745.4800000000005,126.78518241012068,208.76160339090532
2024-11-21 21:29:25+00:00,NKS3010,26.48231506347656,-81.43387704525355,5737.860000000001,126.78518241012068,208.76160339090532
2024-11-21 21:29:26+00:00,NKS3010,26.480542199086333,-81.43124507023737,5722.62,126.78518241012068,208.76160339090532
2024-11-21 21:29:28+00:00,NKS3010,26.478168034957623,-81.42775902381311,5707.38,126.7565530271057,208.0415606769509
2024-11-21 21:29:32+00:00,NKS3010,26.473931781316207,-81.42147357647235,5669.280000000001,126.84150528963823,207.62962389276356
2024-11-21 21:29:35+00:00,NKS3010,26.46997484110169,-81.41561068021332,5638.8,126.9267951241748,207.2181453735597
2024-11-21 21:29:38+00:00,NKS3010,26.46732136354608,-81.41164926382208,5615.9400000000005,127.0124241665706,206.80712785473156
2024-11-21 21:29:39+00:00,NKS3010,26.46564548298464,-81.40916677621692,5608.320000000001,126.89844561533666,206.4978472324847
2024-11-21 21:29:40+00:00,NKS3010,26.465011596679688,-81.4082250055277,5600.700000000001,126.89844561533666,206.4978472324847
2024-11-21 21:29:41+00:00,NKS3010,26.4639696024232,-81.40673710749701,5593.08,126.89844561533666,206.4978472324847
2024-11-21 21:29:42+00:00,NKS3010,26.462814331054688,-81.40501202277414,5585.46,126.98431742287362,206.0866773383821
2024-11-21 21:29:43+00:00,NKS3010,26.461166381835938,-81.40262819686023,5577.84,126.98431742287362,206.0866773383821
2024-11-21 21:29:44+00:00,NKS3010,26.459930419921875,-81.40076259397108,5570.22,126.98431742287362,206.0866773383821
2024-11-21 21:29:46+00:00,NKS3010,26.4576416015625,-81.39739414431011,5547.360000000001,127.0705323718372,205.67597221444345
2024-11-21 21:29:47+00:00,NKS3010,26.456614348847985,-81.3958564171424,5539.740000000001,127.0705323718372,205.67597221444345
2024-11-21 21:29:48+00:00,NKS3010,26.455636751853813,-81.39443030724158,5532.12,127.1570921303512,205.2657346504693
2024-11-21 21:29:49+00:00,NKS3010,26.45452880859375,-81.39278195938971,5524.5,127.1570921303512,205.2657346504693
2024-11-21 21:29:50+00:00,NKS3010,26.45400742353019,-81.39205345740686,5516.88,127.1570921303512,205.2657346504693
2024-11-21 21:29:51+00:00,NKS3010,26.4529832742982,-81.39057452862079,5509.26,127.1570921303512,205.2657346504693
2024-11-21 21:29:54+00:00,NKS3010,26.44903564453125,-81.38474950250588,5486.400000000001,127.1570921303512,205.2657346504693
2024-11-21 21:29:55+00:00,NKS3010,26.448394775390625,-81.38381670106133,5478.780000000001,127.1570921303512,205.2657346504693
2024-11-21 21:29:56+00:00,NKS3010,26.447341918945312,-81.38226203198701,5463.54,127.1570921303512,205.2657346504693
2024-11-21 21:30:00+00:00,NKS3010,26.442183155124468,-81.37472886305585,5425.4400000000005,127.18470645323312,205.98648685345648
2024-11-21 21:30:02+00:00,NKS3010,26.44056701660156,-81.37231214991152,5402.58,127.18470645323312,205.98648685345648
2024-11-21 21:30:05+00:00,NKS3010,26.436447143554688,-81.36630076282427,5379.72,127.09839405965754,206.39657409038333
2024-11-21 21:30:08+00:00,NKS3010,26.433570991128175,-81.36205233060394,5349.240000000001,127.09839405965754,206.39657409038333
2024-11-21 21:30:11+00:00,NKS3010,26.429946899414062,-81.35676545916863,5318.76,127.12606186827438,207.1172244325764
2024-11-21 21:30:13+00:00,NKS3010,26.42784506587659,-81.35370694673975,5303.52,127.12606186827438,207.1172244325764
2024-11-21 21:30:14+00:00,NKS3010,26.427154541015625,-81.35267149727298,5295.900000000001,127.12606186827438,207.1172244325764
2024-11-21 21:30:15+00:00,NKS3010,26.425377797272244,-81.35006244365985,5280.66,127.12606186827438,207.1172244325764
2024-11-21 21:30:17+00:00,NKS3010,26.423189842094807,-81.34689331054688,5265.42,127.12606186827438,207.1172244325764
2024-11-21 21:30:19+00:00,NKS3010,26.42076912572828,-81.34330162635217,5242.56,127.12606186827438,207.1172244325764
2024-11-21 21:30:20+00:00,NKS3010,26.4202880859375,-81.34256614829008,5234.9400000000005,127.12606186827438,207.1172244325764
2024-11-21 21:30:21+00:00,NKS3010,26.418581170550848,-81.3401324932392,5227.320000000001,127.12606186827438,207.1172244325764
2024-11-21 21:30:22+00:00,NKS3010,26.417603573556672,-81.33870638333832,5219.7,127.12606186827438,207.1172244325764
2024-11-21 21:30:23+00:00,NKS3010,26.41648631984905,-81.33701617901141,5204.46,127.04033575346492,207.52762779251512
2024-11-21 21:30:26+00:00,NKS3010,26.413833618164062,-81.3331344892394,5181.6,127.04033575346492,207.52762779251512
2024-11-21 21:30:27+00:00,NKS3010,26.4122314453125,-81.33080248562794,5173.9800000000005,126.9267951241748,207.2181453735597
2024-11-21 21:30:28+00:00,NKS3010,26.411636352539062,-81.32986968418334,5158.740000000001,126.9267951241748,207.2181453735597
2024-11-21 21:30:29+00:00,NKS3010,26.41049194335937,-81.3282113705041,5158.740000000001,126.9267951241748,207.2181453735597
2024-11-21 21:30:30+00:00,NKS3010,26.409317275225103,-81.32645240196814,5143.5,126.9267951241748,207.2181453735597
2024-11-21 21:30:31+00:00,NKS3010,26.408111572265625,-81.32463563163327,5135.88,126.9267951241748,207.2181453735597
2024-11-21 21:30:33+00:00,NKS3010,26.405914306640625,-81.32142264887972,5113.02,127.0124241665706,206.80712785473156
2024-11-21 21:30:34+00:00,NKS3010,26.404586791992188,-81.31950522368805,5105.400000000001,127.0124241665706,206.80712785473156
2024-11-21 21:30:35+00:00,NKS3010,26.40293884277344,-81.31701775316924,5090.16,127.0124241665706,206.80712785473156
2024-11-21 21:30:36+00:00,NKS3010,26.402380991790253,-81.31620553823615,5090.16,127.0124241665706,206.80712785473156
2024-11-21 21:30:39+00:00,NKS3010,26.39842405157574,-81.310553917518,5059.68,127.69938417612084,206.1078652384132
2024-11-21 21:30:41+00:00,NKS3010,26.39637575311176,-81.30759605994592,5036.820000000001,127.98814172552493,205.6109812991849
2024-11-21 21:30:42+00:00,NKS3010,26.39469987255032,-81.30521921011115,5021.58,128.18944690142692,205.5234363114126
2024-11-21 21:30:46+00:00,NKS3010,26.3902587890625,-81.29903541420987,4983.4800000000005,128.59255971746683,205.3559670174595
2024-11-21 21:30:47+00:00,NKS3010,26.389253260725635,-81.29766610952521,4975.860000000001,128.59255971746683,205.3559670174595
2024-11-21 21:30:48+00:00,NKS3010,26.388554977158368,-81.29671536959131,4968.240000000001,128.59255971746683,205.3559670174595
2024-11-21 21:30:49+00:00,NKS3010,26.386879096596928,-81.29439133864179,4960.62,129.0868775557519,204.7991161375741
2024-11-21 21:30:50+00:00,NKS3010,26.38558959960937,-81.29266127100527,4945.38,129.0868775557519,204.7991161375741
2024-11-21 21:30:52+00:00,NKS3010,26.383941650390625,-81.29043291199883,4930.14,129.38075523782354,204.32754636634635
2024-11-21 21:30:53+00:00,NKS3010,26.381991111626057,-81.287841796875,4922.52,129.38075523782354,204.32754636634635
2024-11-21 21:30:59+00:00,NKS3010,26.37579966399629,-81.279549231896,4869.18,129.97255961414118,203.40064466388796
2024-11-21 21:31:08+00:00,NKS3010,26.364532470703125,-81.26478087227298,4785.360000000001,130.34784524141386,201.82799290169268
2024-11-21 21:31:09+00:00,NKS3010,26.36341676873676,-81.26328101524939,4777.740000000001,130.34784524141386,201.82799290169268
2024-11-21 21:31:13+00:00,NKS3010,26.35885464943061,-81.25736530010516,4739.64,130.44258098028598,201.43619609973652
2024-11-21 21:31:16+00:00,NKS3010,26.3548977092161,-81.25218904935394,4709.16,130.42607874009914,200.71097105495667
2024-11-21 21:31:17+00:00,NKS3010,26.3543701171875,-81.25156618514148,4701.54,130.42607874009914,200.71097105495667
2024-11-21 21:31:18+00:00,NKS3010,26.352709754038663,-81.2493896484375,4693.92,130.52149556078976,200.31963182061315
2024-11-21 21:31:20+00:00,NKS3010,26.35029602050781,-81.24628031028891,4671.06,130.52149556078976,200.31963182061315
2024-11-21 21:31:22+00:00,NKS3010,26.348556518554688,-81.24400012897996,4663.4400000000005,130.50518775245135,199.59432760279776
2024-11-21 21:31:26+00:00,NKS3010,26.34384155273437,-81.23788509728774,4617.72,130.6012946450045,199.20345180907844
2024-11-21 21:31:28+00:00,NKS3010,26.34074582891949,-81.2338608961839,4594.860000000001,130.6012946450045,199.20345180907844
2024-11-21 21:31:29+00:00,NKS3010,26.34018720206568,-81.23312143179083,4594.860000000001,130.6012946450045,199.20345180907844
2024-11-21 21:31:30+00:00,NKS3010,26.3389892578125,-81.2315627763856,4579.62,130.6012946450045,199.20345180907844
2024-11-21 21:31:31+00:00,NKS3010,26.337906142412606,-81.23016357421875,4572.0,130.58518675127277,198.47806893179308
2024-11-21 21:31:32+00:00,NKS3010,26.336700439453125,-81.22860890514443,4564.38,130.58518675127277,198.47806893179308
2024-11-21 21:31:34+00:00,NKS3010,26.33436817233845,-81.22562115009015,4549.14,130.58518675127277,198.47806893179308
2024-11-21 21:31:36+00:00,NKS3010,26.33189392089844,-81.2223902288473,4526.280000000001,130.58518675127277,198.47806893179308
2024-11-21 21:31:41+00:00,NKS3010,26.32589566505561,-81.2145820030799,4480.56,130.4555453789377,197.41851339150807
2024-11-21 21:31:43+00:00,NKS3010,26.32411193847656,-81.21223305756189,4457.7,130.3417458903244,197.08510109349325
2024-11-21 21:31:46+00:00,NKS3010,26.320355948755296,-81.20739863469049,4434.84,130.3417458903244,197.08510109349325
2024-11-21 21:31:47+00:00,NKS3010,26.319797321901483,-81.20665917029748,4427.22,130.2275611683153,196.7524689085505
2024-11-21 21:31:50+00:00,NKS3010,26.315597534179688,-81.20114308483193,4396.74,130.3245055928267,196.35997947347585
2024-11-21 21:31:51+00:00,NKS3010,26.314490366790253,-81.19968707744891,4389.12,130.20986927763678,196.02746693425337
2024-11-21 21:31:56+00:00,NKS3010,26.308764441538663,-81.19218679574817,4343.400000000001,130.09484385912373,195.69574178237508
2024-11-21 21:31:57+00:00,NKS3010,26.3074951171875,-81.1904158682193,4335.780000000001,130.09484385912373,195.69574178237508
2024-11-21 21:31:58+00:00,NKS3010,26.306304931640625,-81.18886119914504,4328.16,129.9794282847703,195.36480802874016
2024-11-21 21:31:59+00:00,NKS3010,26.30569199384269,-81.1880669227013,4320.54,129.9794282847703,195.36480802874016
2024-11-21 21:32:01+00:00,NKS3010,26.30396956104343,-81.18574289175177,4297.68,129.9794282847703,195.36480802874016
2024-11-21 21:32:02+00:00,NKS3010,26.30275920286017,-81.18415832519531,4290.06,129.96068619083326,194.6400760588355
2024-11-21 21:32:04+00:00,NKS3010,26.300537109375,-81.181243320681,4267.2,129.96068619083326,194.6400760588355
2024-11-21 21:32:05+00:00,NKS3010,26.29842984474311,-81.17845388559192,4259.58,129.96068619083326,194.6400760588355
2024-11-21 21:32:06+00:00,NKS3010,26.29747009277344,-81.17714935878536,4251.96,129.84441568259376,194.3100684037199
2024-11-21 21:32:09+00:00,NKS3010,26.294333247815143,-81.17301354041467,4229.1,129.84441568259376,194.3100684037199
2024-11-21 21:32:10+00:00,NKS3010,26.293212890625,-81.17150072781544,4221.4800000000005,129.72775004740268,193.98086365202525
2024-11-21 21:32:16+00:00,NKS3010,26.28651247186176,-81.16255540114179,4168.14,129.70793011740508,193.25641949570905
2024-11-21 21:32:18+00:00,NKS3010,26.284698486328125,-81.1601516435731,4152.900000000001,129.70793011740508,193.25641949570905
2024-11-21 21:32:19+00:00,NKS3010,26.283207262976696,-81.15817143366888,4137.66,129.68796103607426,192.53199863901543
2024-11-21 21:32:21+00:00,NKS3010,26.281539916992188,-81.15590221477004,4122.42,129.68796103607426,192.53199863901543
2024-11-21 21:32:22+00:00,NKS3010,26.27943653171345,-81.15310082068811,4107.18,129.68796103607426,192.53199863901543
2024-11-21 21:32:23+00:00,NKS3010,26.278839111328125,-81.15232647589914,4099.56,129.68796103607426,192.53199863901543
2024-11-21 21:32:24+00:00,NKS3010,26.277145385742188,-81.1500462945902,4091.94,129.7859290705756,192.13639748413277
2024-11-21 21:32:26+00:00,NKS3010,26.275177001953125,-81.14745517946636,4076.7,129.7859290705756,192.13639748413277
2024-11-21 21:32:27+00:00,NKS3010,26.274215698242188,-81.14615962190447,4069.08,129.88430107296213,191.74136038342303
2024-11-21 21:32:29+00:00,NKS3010,26.271708860235695,-81.14285395695612,4046.22,129.76613835278357,191.41188567481345
2024-11-21 21:32:30+00:00,NKS3010,26.27119445800781,-81.14216930461379,4038.6,129.86484256717003,191.0167357232114
2024-11-21 21:32:33+00:00,NKS3010,26.26817321777344,-81.13812716502065,4015.74,129.96395570476113,190.62215500925595
2024-11-21 21:32:34+00:00,NKS3010,26.266525268554688,-81.1359506283166,4008.12,129.96395570476113,190.62215500925595
2024-11-21 21:32:35+00:00,NKS3010,26.2650146484375,-81.13398138082249,3992.88,129.96395570476113,190.62215500925595
2024-11-21 21:32:36+00:00,NKS3010,26.26405334472656,-81.1326858232606,3985.26,129.96395570476113,190.62215500925595
2024-11-21 21:32:40+00:00,NKS3010,26.25979148735434,-81.12711392916162,3954.78,130.0634797151638,190.22814707517043
2024-11-21 21:32:48+00:00,NKS3010,26.2510396666446,-81.11554659329929,3886.2,130.1634165542647,189.834715487423
2024-11-21 21:32:51+00:00,NKS3010,26.247711181640625,-81.1111795677329,3855.72,130.1634165542647,189.834715487423
2024-11-21 21:32:52+00:00,NKS3010,26.246749877929688,-81.10993583247347,3848.1,130.12610357779525,188.38486923482225
2024-11-21 21:32:53+00:00,NKS3010,26.245651245117188,-81.10853663030662,3840.48,130.22715120996162,187.9918033769931
2024-11-21 21:32:54+00:00,NKS3010,26.244598388671875,-81.10713742813971,3832.86,130.10723088572007,187.6599764164191
2024-11-21 21:32:55+00:00,NKS3010,26.24340509964248,-81.10556382399335,3825.24,130.088211827494,186.93510411668925
2024-11-21 21:32:56+00:00,NKS3010,26.242799920550848,-81.10477154071515,3817.62,130.18996497567764,186.54182089265387
2024-11-21 21:32:57+00:00,NKS3010,26.24116516113281,-81.10257706552181,3810.0,130.1711542313273,185.8168594617513
2024-11-21 21:32:58+00:00,NKS3010,26.239974975585938,-81.10107421875,3802.38,130.1711542313273,185.8168594617513
2024-11-21 21:33:00+00:00,NKS3010,26.238144696769066,-81.09864455003003,3787.14,130.1330889512268,184.36699739470848
2024-11-21 21:33:02+00:00,NKS3010,26.23594665527344,-81.09568469929246,3771.9,130.1138309201925,183.64209723854532
2024-11-21 21:33:03+00:00,NKS3010,26.234792935646187,-81.09420776367188,3764.28,130.1138309201925,183.64209723854532
2024-11-21 21:33:04+00:00,NKS3010,26.234344482421875,-81.09361180719338,3756.66,130.1138309201925,183.64209723854532
2024-11-21 21:33:05+00:00,NKS3010,26.232696533203125,-81.0914352704894,3749.04,130.09442025236393,182.91721799360167
2024-11-21 21:33:07+00:00,NKS3010,26.23017883300781,-81.08817046543334,3726.18,130.09442025236393,182.91721799360167
2024-11-21 21:33:08+00:00,NKS3010,26.22962951660156,-81.08744495319871,3718.56,130.17923392190735,181.79900697479133
2024-11-21 21:33:09+00:00,NKS3010,26.22902045815678,-81.08665466308594,3710.94,130.15988751115296,181.07405729054355
2024-11-21 21:33:10+00:00,NKS3010,26.22734457759534,-81.08443626990686,3703.32,130.26509720312504,180.68119924832524
2024-11-21 21:33:11+00:00,NKS3010,26.226242065429688,-81.08298823518572,3695.7,130.1403855690276,180.3491284171188
2024-11-21 21:33:13+00:00,NKS3010,26.22408592094809,-81.08015794020429,3680.46,130.22670117477685,179.23113785600094
2024-11-21 21:33:15+00:00,NKS3010,26.22189796577065,-81.07730572040265,3665.22,130.20726923772693,178.5061377112942
2024-11-21 21:33:18+00:00,NKS3010,26.21882551807468,-81.07329148512616,3634.74,130.27554830282912,176.66339532781038
2024-11-21 21:33:21+00:00,NKS3010,26.21579962261653,-81.06933006873498,3611.88,130.36453657309735,175.54605318612258
2024-11-21 21:33:22+00:00,NKS3010,26.215380652476163,-81.06874906099756,3604.26,130.36453657309735,175.54605318612258
2024-11-21 21:33:23+00:00,NKS3010,26.2137451171875,-81.06661238760319,3596.6400000000003,130.36453657309735,175.54605318612258
2024-11-21 21:33:24+00:00,NKS3010,26.212680622682733,-81.0652630145733,3589.02,130.21651905123255,174.48830264823977
2024-11-21 21:33:25+00:00,NKS3010,26.211639404296875,-81.06391762787439,3581.4,130.21651905123255,174.48830264823977
2024-11-21 21:33:26+00:00,NKS3010,26.21053921974311,-81.06246361365686,3566.1600000000003,130.30624335156293,173.37068105323613
2024-11-21 21:33:28+00:00,NKS3010,26.20907592773437,-81.06054917821342,3558.54,130.28648583761537,172.6455975588199
2024-11-21 21:33:29+00:00,NKS3010,26.20751953125,-81.0584762861144,3543.3,130.28648583761537,172.6455975588199
2024-11-21 21:33:30+00:00,NKS3010,26.206558227539062,-81.05723255085496,3535.6800000000003,130.26656166942453,171.9205347669022
2024-11-21 21:33:31+00:00,NKS3010,26.205596923828125,-81.05598881559553,3528.0600000000004,130.26656166942453,171.9205347669022
2024-11-21 21:33:32+00:00,NKS3010,26.204627085540253,-81.05469923753003,3520.44,130.24646873435208,171.19549294052626
2024-11-21 21:33:34+00:00,NKS3010,26.20321655273437,-81.05282765514443,3505.2000000000003,130.24646873435208,171.19549294052626
2024-11-21 21:33:35+00:00,NKS3010,26.20184326171875,-81.05106569686023,3497.5800000000004,130.22620488398348,170.47047234720296
2024-11-21 21:33:37+00:00,NKS3010,26.199691772460938,-81.04826729252653,3474.7200000000003,130.20576793336943,169.74547325900542
2024-11-21 21:33:38+00:00,NKS3010,26.198638916015625,-81.04686809035968,3467.1000000000004,130.20576793336943,169.74547325900542
2024-11-21 21:33:39+00:00,NKS3010,26.19815632448358,-81.04624821589545,3459.48,130.05166624997565,168.689003761244
2024-11-21 21:33:40+00:00,NKS3010,26.197174072265625,-81.04495066516802,3459.48,130.05166624997565,168.689003761244
2024-11-21 21:33:42+00:00,NKS3010,26.19517698126324,-81.04228679950421,3444.24,130.0302592718897,167.9641934041229
2024-11-21 21:33:47+00:00,NKS3010,26.190719604492188,-81.03639998525944,3398.52,130.00866674247547,167.2394066969587
2024-11-21 21:33:48+00:00,NKS3010,26.18934631347656,-81.03458620467273,3383.28,129.89562332383215,167.6337699101515
2024-11-21 21:33:49+00:00,NKS3010,26.187868279925848,-81.03262094350958,3375.6600000000003,129.89562332383215,167.6337699101515
2024-11-21 21:33:50+00:00,NKS3010,26.186890682931672,-81.03130047137921,3368.04,129.89562332383215,167.6337699101515
2024-11-21 21:33:51+00:00,NKS3010,26.185958862304688,-81.0301294866598,3360.42,129.89562332383215,167.6337699101515
2024-11-21 21:33:52+00:00,NKS3010,26.18499755859375,-81.02883392909786,3352.8,129.89562332383215,167.6337699101515
2024-11-21 21:33:53+00:00,NKS3010,26.184097548662606,-81.02765596829926,3345.1800000000003,129.89562332383215,167.6337699101515
2024-11-21 21:33:57+00:00,NKS3010,26.180466474112816,-81.02279663085938,3314.7000000000003,129.89562332383215,167.6337699101515
2024-11-21 21:33:58+00:00,NKS3010,26.179488877118644,-81.02147615872894,3299.46,129.89562332383215,167.6337699101515
2024-11-21 21:33:59+00:00,NKS3010,26.178371623411017,-81.02005004882812,3299.46,129.89562332383215,167.6337699101515
2024-11-21 21:34:00+00:00,NKS3010,26.177993774414062,-81.0195577369546,3291.84,129.78311096816552,168.0287825983595
2024-11-21 21:34:02+00:00,NKS3010,26.175750732421875,-81.01655204341097,3276.6000000000004,129.78311096816552,168.0287825983595
2024-11-21 21:34:03+00:00,NKS3010,26.17464744438559,-81.01503225473255,3268.98,129.78311096816552,168.0287825983595
2024-11-21 21:34:04+00:00,NKS3010,26.17380950410487,-81.01397587702826,3261.36,129.78311096816552,168.0287825983595
2024-11-21 21:34:06+00:00,NKS3010,26.17176818847656,-81.01126616855834,3246.1200000000003,130.0302592718897,167.9641934041229
2024-11-21 21:34:07+00:00,NKS3010,26.1708984375,-81.01007425560141,3238.5,130.0302592718897,167.9641934041229
2024-11-21 21:34:08+00:00,NKS3010,26.169845581054688,-81.00872687573701,3230.88,130.0302592718897,167.9641934041229
2024-11-21 21:34:09+00:00,NKS3010,26.16943359375,-81.00811298076923,3223.26,130.0302592718897,167.9641934041229
2024-11-21 21:34:10+00:00,NKS3010,26.168037026615465,-81.00631713867188,3215.6400000000003,130.0302592718897,167.9641934041229
2024-11-21 21:34:11+00:00,NKS3010,26.167465209960938,-81.00556571528597,3208.02,130.1643658042441,168.2955407096809
2024-11-21 21:34:12+00:00,NKS3010,26.16561631024894,-81.0031480055589,3200.4,130.1643658042441,168.2955407096809
2024-11-21 21:34:13+00:00,NKS3010,26.164638713254767,-81.00182753342847,3192.78,130.1643658042441,168.2955407096809
2024-11-21 21:34:14+00:00,NKS3010,26.163619995117188,-81.00053895194577,3185.1600000000003,130.1643658042441,168.2955407096809
2024-11-21 21:34:16+00:00,NKS3010,26.162521362304688,-80.99908792747641,3169.92,130.27759312008425,167.90273184443723
2024-11-21 21:34:17+00:00,NKS3010,26.16156626555879,-80.99786611703723,3162.3,130.27759312008425,167.90273184443723
2024-11-21 21:34:18+00:00,NKS3010,26.15989038499735,-80.99559490497296,3154.6800000000003,130.27759312008425,167.90273184443723
2024-11-21 21:34:19+00:00,NKS3010,26.158905029296875,-80.99432027564859,3154.6800000000003,130.27759312008425,167.90273184443723
2024-11-21 21:34:20+00:00,NKS3010,26.157943725585938,-80.99307654038915,3147.06,130.27759312008425,167.90273184443723
2024-11-21 21:34:21+00:00,NKS3010,26.157516220868644,-80.99253140963037,3139.44,129.78311096816552,168.0287825983595
2024-11-21 21:34:23+00:00,NKS3010,26.15551447464248,-80.98978482759912,3124.2000000000003,129.40066066347944,167.76948788889175
2024-11-21 21:34:25+00:00,NKS3010,26.153549194335938,-80.98696150869694,3108.96,127.7826208409708,167.9358293255156
2024-11-21 21:34:29+00:00,NKS3010,26.150436401367188,-80.98188292305423,3070.86,121.6533113746156,168.6128959627193
2024-11-21 21:34:31+00:00,NKS3010,26.148422241210938,-80.97794442806605,3055.6200000000003,118.59651908728338,168.7446897731293
2024-11-21 21:34:32+00:00,NKS3010,26.147781372070312,-80.97659704820165,3048.0,117.0340375336995,168.64428478338732
2024-11-21 21:34:34+00:00,NKS3010,26.14654541015625,-80.97359135465803,3032.76,113.74949449286676,168.6121111673348
2024-11-21 21:34:35+00:00,NKS3010,26.14599609375,-80.97198486328125,3025.1400000000003,112.02851501078722,168.7070449045656
2024-11-21 21:34:36+00:00,NKS3010,26.145309448242188,-80.96991197118217,3017.52,110.31101843316152,168.9539362625475
2024-11-21 21:34:37+00:00,NKS3010,26.145034790039062,-80.96903099204008,3009.9,108.49020028073596,168.70076994310975
2024-11-21 21:34:38+00:00,NKS3010,26.144574698755296,-80.96728398249701,3002.28,106.883798083174,168.2743099875236
2024-11-21 21:34:39+00:00,NKS3010,26.144155728614937,-80.9656465970553,2994.6600000000003,105.39310666630364,168.6128959627193
2024-11-21 21:34:40+00:00,NKS3010,26.14369020623676,-80.96363947941705,2987.04,103.95142372305924,168.56580177244328
2024-11-21 21:34:41+00:00,NKS3010,26.143524169921875,-80.96270867113799,2979.42,102.88963151405996,168.34978483554485
2024-11-21 21:34:42+00:00,NKS3010,26.143341064453125,-80.96182769199584,2971.8,101.99689930792358,168.2978995134855
2024-11-21 21:34:43+00:00,NKS3010,26.142805713718214,-80.95909705528845,2964.1800000000003,101.3099324740202,167.8822396576465
2024-11-21 21:34:44+00:00,NKS3010,26.14251708984375,-80.95721550707549,2956.56,100.79252529133043,167.5864005715901
2024-11-21 21:34:45+00:00,NKS3010,26.142379760742188,-80.9564381725383,2956.56,100.41475876380916,167.90273184443723
2024-11-21 21:34:46+00:00,NKS3010,26.14201432567532,-80.95418489896332,2941.32,100.06906269888944,167.7197899797917
2024-11-21 21:34:47+00:00,NKS3010,26.14169311523437,-80.95224056603774,2941.32,99.72262431194028,167.54296691278623
2024-11-21 21:34:48+00:00,NKS3010,26.14141845703125,-80.95042678545104,2933.7000000000003,99.54913392873593,167.45685601181924
2024-11-21 21:34:49+00:00,NKS3010,26.1411763853946,-80.94858609713037,2918.46,99.37546662092431,167.37228203632046
2024-11-21 21:34:50+00:00,NKS3010,26.140914916992188,-80.94690286888266,2910.84,99.37546662092431,167.37228203632046
2024-11-21 21:34:51+00:00,NKS3010,26.14068603515625,-80.94540002211085,2903.2200000000003,99.05535750808518,166.69970219502235
2024-11-21 21:34:52+00:00,NKS3010,26.140457153320312,-80.94374170843162,2895.6000000000004,98.88065915052024,166.61950905091038
2024-11-21 21:34:53+00:00,NKS3010,26.140365600585938,-80.94291255159197,2895.6000000000004,98.88065915052024,166.61950905091038
2024-11-21 21:34:55+00:00,NKS3010,26.139862060546875,-80.93938863502359,2880.36,98.70579417657645,166.54086641446878
2024-11-21 21:34:56+00:00,NKS3010,26.139633178710938,-80.93767849904185,2865.1200000000003,98.70579417657645,166.54086641446878
2024-11-21 21:34:57+00:00,NKS3010,26.139500504833155,-80.93691312349756,2857.5,98.70579417657645,166.54086641446878
2024-11-21 21:34:58+00:00,NKS3010,26.139267743644066,-80.93511728140021,2857.5,98.70579417657645,166.54086641446878
2024-11-21 21:34:59+00:00,NKS3010,26.1390815346928,-80.93353271484375,2842.26,98.70579417657645,166.54086641446878
2024-11-21 21:35:00+00:00,NKS3010,26.13885498046875,-80.93197804576943,2834.6400000000003,98.70579417657645,166.54086641446878
2024-11-21 21:35:01+00:00,NKS3010,26.13862609863281,-80.93026790978774,2827.02,98.70579417657645,166.54086641446878
2024-11-21 21:35:02+00:00,NKS3010,26.138259887695312,-80.92767679466391,2819.4,98.70579417657645,166.54086641446878
2024-11-21 21:35:03+00:00,NKS3010,26.138010833222985,-80.92592679537256,2811.78,98.73266502381476,166.0323677963548
2024-11-21 21:35:04+00:00,NKS3010,26.137778072033896,-80.9243950477013,2804.1600000000003,98.73266502381476,166.0323677963548
2024-11-21 21:35:05+00:00,NKS3010,26.137591863082623,-80.92281048114484,2796.54,98.73266502381476,166.0323677963548
2024-11-21 21:35:06+00:00,NKS3010,26.13731254965572,-80.92096182016223,2781.3,98.73266502381476,166.0323677963548
2024-11-21 21:35:07+00:00,NKS3010,26.13706970214844,-80.91917793705778,2773.6800000000003,98.90805242607364,166.1112511732679
2024-11-21 21:35:09+00:00,NKS3010,26.13670737056409,-80.91663067157452,2758.44,99.0832716904485,166.1916895692779
2024-11-21 21:35:10+00:00,NKS3010,26.136383056640625,-80.91441028522996,2750.82,99.111357044784,165.68371663241865
2024-11-21 21:35:11+00:00,NKS3010,26.136102191472457,-80.91272207406848,2743.2000000000003,99.111357044784,165.68371663241865
2024-11-21 21:35:12+00:00,NKS3010,26.135915982521187,-80.91124314528241,2735.58,99.111357044784,165.68371663241865
2024-11-21 21:35:13+00:00,NKS3010,26.135787963867188,-80.91036814563677,2727.96,99.111357044784,165.68371663241865
2024-11-21 21:35:14+00:00,NKS3010,26.13540390790519,-80.9079155555138,2720.34,99.286927512497,165.7659590444691
2024-11-21 21:35:15+00:00,NKS3010,26.135284423828125,-80.90705151827831,2712.7200000000003,99.286927512497,165.7659590444691
2024-11-21 21:35:16+00:00,NKS3010,26.13493838552701,-80.90479924128607,2705.1,99.4916295095684,165.34233361269136
2024-11-21 21:35:17+00:00,NKS3010,26.134689331054688,-80.90290573408015,2697.48,99.4916295095684,165.34233361269136
2024-11-21 21:35:18+00:00,NKS3010,26.134565967624468,-80.90221111591046,2689.86,99.4916295095684,165.34233361269136
2024-11-21 21:35:19+00:00,NKS3010,26.134193549721928,-80.89988708496094,2674.6200000000003,99.4916295095684,165.34233361269136
2024-11-21 21:35:20+00:00,NKS3010,26.13409423828125,-80.89896723909197,2667.0,99.4916295095684,165.34233361269136
2024-11-21 21:35:22+00:00,NKS3010,26.13354181839248,-80.89550311748798,2651.76,99.69738049753246,164.9208294957462
2024-11-21 21:35:23+00:00,NKS3010,26.13312284825212,-80.89291499211237,2644.1400000000003,99.72757855140162,164.41375913402192
2024-11-21 21:35:29+00:00,NKS3010,26.131679728879767,-80.88351323054388,2598.42,99.93509769345084,163.9947097483009
2024-11-21 21:35:30+00:00,NKS3010,26.131540072166317,-80.88287940392127,2590.8,99.93509769345084,163.9947097483009
2024-11-21 21:35:31+00:00,NKS3010,26.13130187988281,-80.88119218934258,2583.1800000000003,100.14367733123096,163.5778226679744
2024-11-21 21:35:33+00:00,NKS3010,26.130655579647776,-80.87733342097357,2567.94,100.1755108430432,163.07144500367096
2024-11-21 21:35:34+00:00,NKS3010,26.130376266220868,-80.87548475999097,2560.32,100.35332004392946,163.16311446732576
2024-11-21 21:35:35+00:00,NKS3010,26.13006591796875,-80.873626133181,2552.7000000000003,100.35332004392946,163.16311446732576
2024-11-21 21:35:36+00:00,NKS3010,26.12991074384269,-80.87279099684491,2545.08,100.3858871212475,162.65707280879587
2024-11-21 21:35:37+00:00,NKS3010,26.129584878177965,-80.87099515474756,2537.46,100.3858871212475,162.65707280879587
2024-11-21 21:35:38+00:00,NKS3010,26.12935211698888,-80.86935776930585,2529.84,100.564028323232,162.750601802502
2024-11-21 21:35:39+00:00,NKS3010,26.12910461425781,-80.86787385760613,2522.2200000000003,100.564028323232,162.750601802502
2024-11-21 21:35:40+00:00,NKS3010,26.128829956054688,-80.86642283313677,2514.6,100.564028323232,162.750601802502
2024-11-21 21:35:41+00:00,NKS3010,26.12860107421875,-80.86491998636495,2499.36,100.59733514502358,162.2449047100805
2024-11-21 21:35:42+00:00,NKS3010,26.128326416015625,-80.86326167268572,2491.74,100.41865745886004,162.15108402977904
2024-11-21 21:35:43+00:00,NKS3010,26.128048654329977,-80.86159339317908,2484.1200000000003,100.59733514502358,162.2449047100805
2024-11-21 21:35:44+00:00,NKS3010,26.12763977050781,-80.85916771079008,2476.5,100.63085023097813,161.73926278720305
2024-11-21 21:35:45+00:00,NKS3010,26.12750244140625,-80.85833855395049,2468.88,100.63085023097813,161.73926278720305
2024-11-21 21:35:46+00:00,NKS3010,26.12711760957362,-80.85604741023138,2461.26,100.63085023097813,161.73926278720305
2024-11-21 21:35:47+00:00,NKS3010,26.126953125,-80.8552292158019,2453.6400000000003,100.66457551745177,161.23367655291807
2024-11-21 21:35:49+00:00,NKS3010,26.126266479492188,-80.85123889851121,2438.4,100.69851296458332,160.72814653274753
2024-11-21 21:35:51+00:00,NKS3010,26.12586069915254,-80.84875840407148,2423.1600000000003,100.69851296458332,160.72814653274753
2024-11-21 21:35:52+00:00,NKS3010,26.12572104243909,-80.84791330190802,2415.54,100.7326645566558,160.22267325878695
2024-11-21 21:35:53+00:00,NKS3010,26.12535095214844,-80.84579755675117,2407.92,100.5518095061923,160.12766773372226
2024-11-21 21:35:54+00:00,NKS3010,26.125076293945312,-80.84398377616452,2400.3,100.7326645566558,160.22267325878695
2024-11-21 21:35:56+00:00,NKS3010,26.124481201171875,-80.84051168189859,2385.06,100.76703230246429,159.7172572698076
2024-11-21 21:35:57+00:00,NKS3010,26.1241848185911,-80.83893409142127,2377.44,100.76703230246429,159.7172572698076
2024-11-21 21:35:58+00:00,NKS3010,26.12395205740201,-80.8374551626352,2369.82,100.80161823569073,159.21189911136065
2024-11-21 21:35:59+00:00,NKS3010,26.123703002929688,-80.8360549638856,2362.2000000000003,100.8364244152853,158.70659933588308
2024-11-21 21:36:00+00:00,NKS3010,26.123439982786017,-80.83465576171875,2354.58,100.8364244152853,158.70659933588308
2024-11-21 21:36:02+00:00,NKS3010,26.12292790817002,-80.83169790414661,2339.34,100.87145292585484,158.20135850280568
2024-11-21 21:36:03+00:00,NKS3010,26.12265014648437,-80.8300953991008,2331.7200000000003,100.87145292585484,158.20135850280568
2024-11-21 21:36:04+00:00,NKS3010,26.122415833554022,-80.82858158991888,2324.1,100.87145292585484,158.20135850280568
2024-11-21 21:36:05+00:00,NKS3010,26.12213652012712,-80.82710266113281,2316.48,100.87145292585484,158.20135850280568
2024-11-21 21:36:06+00:00,NKS3010,26.121734619140625,-80.82475770194577,2301.24,100.87145292585484,158.20135850280568
2024-11-21 21:36:07+00:00,NKS3010,26.121505737304688,-80.82341032208137,2293.62,100.68836895040351,158.10513837248493
2024-11-21 21:36:08+00:00,NKS3010,26.12125202760858,-80.82182077261115,2286.0,100.68836895040351,158.10513837248493
2024-11-21 21:36:09+00:00,NKS3010,26.121002197265625,-80.82035280623523,2278.38,100.68836895040351,158.10513837248493
2024-11-21 21:36:10+00:00,NKS3010,26.1207275390625,-80.818694492556,2270.76,100.68836895040351,158.10513837248493
2024-11-21 21:36:11+00:00,NKS3010,26.12054443359375,-80.81781351341391,2263.1400000000003,100.68836895040351,158.10513837248493
2024-11-21 21:36:12+00:00,NKS3010,26.12022399902344,-80.81574062131483,2255.52,100.68836895040351,158.10513837248493
2024-11-21 21:36:13+00:00,NKS3010,26.11994856494968,-80.81426767202521,2247.9,100.68836895040351,158.10513837248493
2024-11-21 21:36:15+00:00,NKS3010,26.11944580078125,-80.81112843639443,2232.6600000000003,100.68836895040351,158.10513837248493
2024-11-21 21:36:16+00:00,NKS3010,26.119171142578125,-80.80967741192512,2225.04,100.68836895040351,158.10513837248493
2024-11-21 21:36:17+00:00,NKS3010,26.11883131124205,-80.80755967360273,2217.42,100.50506386991736,158.01053456238367
2024-11-21 21:36:18+00:00,NKS3010,26.1186916545286,-80.80666175255408,2209.8,100.53918372862825,157.50474118997573
2024-11-21 21:36:19+00:00,NKS3010,26.118484497070312,-80.8053243385171,2202.1800000000003,100.17078229807474,157.31980142026404
2024-11-21 21:36:20+00:00,NKS3010,26.11834716796875,-80.80449518167745,2194.56,99.80152899555829,157.14138080573966
2024-11-21 21:36:22+00:00,NKS3010,26.117760609772244,-80.80058758075421,2186.94,98.84593093201542,157.23229962536695
2024-11-21 21:36:23+00:00,NKS3010,26.117477416992188,-80.79832832768278,2179.32,98.28940438902568,157.00237538880435
2024-11-21 21:36:24+00:00,NKS3010,26.1173881918697,-80.79752408541162,2179.32,97.54492903875683,156.7189286408548
2024-11-21 21:36:25+00:00,NKS3010,26.11724853515625,-80.79667898324817,2179.32,96.98487203928175,156.5237612537053
2024-11-21 21:36:26+00:00,NKS3010,26.116973876953125,-80.79361249815742,2171.7000000000003,96.2360555837448,156.2868679731245
2024-11-21 21:36:27+00:00,NKS3010,26.116829565015887,-80.79203092134912,2171.7000000000003,95.4850943496432,156.07674794415445
2024-11-21 21:36:29+00:00,NKS3010,26.116643356064618,-80.78907306377704,2164.08,93.97774064571227,155.73724730188573
2024-11-21 21:36:30+00:00,NKS3010,26.116607666015625,-80.78832662330484,2164.08,93.2218589254659,155.60804284335708
2024-11-21 21:36:32+00:00,NKS3010,26.116470336914062,-80.78495817364387,2164.08,91.90281440431504,154.93307624669544
2024-11-21 21:36:33+00:00,NKS3010,26.116470336914062,-80.78272981463738,2156.46,91.14195732678904,154.87840503762826
2024-11-21 21:36:34+00:00,NKS3010,26.116470336914062,-80.78184883549528,2156.46,90.57103537311478,154.8553348322652
2024-11-21 21:36:35+00:00,NKS3010,26.116424560546875,-80.77972412109375,2156.46,90.0,154.847644
2024-11-21 21:36:36+00:00,NKS3010,26.116457147113348,-80.77840364896332,2156.46,89.61930274857323,154.85106219483055
2024-11-21 21:36:37+00:00,NKS3010,26.116457147113348,-80.77755854679987,2156.46,89.42706130231652,154.34091646709314
2024-11-21 21:36:38+00:00,NKS3010,26.116470336914062,-80.77599291531544,2156.46,89.42706130231652,154.34091646709314
2024-11-21 21:36:39+00:00,NKS3010,26.116503699351163,-80.77354431152344,2156.46,89.04515874612783,154.35463367832014
2024-11-21 21:36:40+00:00,NKS3010,26.11651611328125,-80.77272811025944,2156.46,89.04515874612783,154.35463367832014
2024-11-21 21:36:41+00:00,NKS3010,26.11656188964844,-80.77049975125294,2156.46,88.8542371618249,154.36406355395317
2024-11-21 21:36:42+00:00,NKS3010,26.116607666015625,-80.7696705944133,2156.46,88.8542371618249,154.36406355395317
2024-11-21 21:36:43+00:00,NKS3010,26.116643356064618,-80.76752295860877,2156.46,88.8542371618249,154.36406355395317
2024-11-21 21:36:45+00:00,NKS3010,26.11668990830244,-80.7650932898888,2156.46,88.8542371618249,154.36406355395317
2024-11-21 21:36:46+00:00,NKS3010,26.116744995117188,-80.7627264058815,2156.46,88.8542371618249,154.36406355395317
2024-11-21 21:36:47+00:00,NKS3010,26.116744995117188,-80.76127538141213,2156.46,88.8542371618249,154.36406355395317
2024-11-21 21:36:48+00:00,NKS3010,26.11679077148437,-80.76044622457249,2156.46,88.8542371618249,154.36406355395317
2024-11-21 21:36:49+00:00,NKS3010,26.11679077148437,-80.7586842662883,2148.84,88.8542371618249,154.36406355395317
2024-11-21 21:36:50+00:00,NKS3010,26.11683654785156,-80.75702595260907,2148.84,88.8542371618249,154.36406355395317
2024-11-21 21:36:51+00:00,NKS3010,26.11683654785156,-80.7554712835348,2148.84,89.04515874612783,154.35463367832014
2024-11-21 21:36:52+00:00,NKS3010,26.11688232421875,-80.75381296985552,2148.84,89.04515874612783,154.35463367832014
2024-11-21 21:36:53+00:00,NKS3010,26.11688232421875,-80.75225830078125,2148.84,89.04515874612783,154.35463367832014
2024-11-21 21:36:54+00:00,NKS3010,26.11692266949153,-80.75072655310998,2148.84,89.04515874612783,154.35463367832014
2024-11-21 21:36:55+00:00,NKS3010,26.11692266949153,-80.74924762432391,2148.84,89.0483303918214,154.86900647992528
2024-11-21 21:36:56+00:00,NKS3010,26.116973876953125,-80.74759429355834,2148.84,89.0483303918214,154.86900647992528
2024-11-21 21:36:57+00:00,NKS3010,26.11696922172934,-80.74581439678485,2148.84,89.2386391084697,154.86131632663114
2024-11-21 21:36:58+00:00,NKS3010,26.117019653320312,-80.74427766619988,2148.84,89.2386391084697,154.86131632663114
2024-11-21 21:36:59+00:00,NKS3010,26.11701577396716,-80.74264526367188,2148.84,89.2386391084697,154.86131632663114
2024-11-21 21:37:00+00:00,NKS3010,26.117019653320312,-80.74101286114387,2148.84,89.42896462688523,154.8553348322652
2024-11-21 21:37:02+00:00,NKS3010,26.1170654296875,-80.73795534529773,2148.84,89.42896462688523,154.8553348322652
2024-11-21 21:37:03+00:00,NKS3010,26.117062326204977,-80.73709928072412,2148.84,89.42896462688523,154.8553348322652
2024-11-21 21:37:04+00:00,NKS3010,26.1170654296875,-80.73551969708137,2148.84,89.43085534790333,155.3697533671917
2024-11-21 21:37:05+00:00,NKS3010,26.1171088784428,-80.73466961200421,2148.84,89.62056329858102,155.3654948765532
2024-11-21 21:37:06+00:00,NKS3010,26.1171088784428,-80.73292658879205,2148.84,89.62056329858102,155.3654948765532
2024-11-21 21:37:07+00:00,NKS3010,26.1171088784428,-80.73070819561298,2148.84,89.62056329858102,155.3654948765532
2024-11-21 21:37:08+00:00,NKS3010,26.117111206054688,-80.73002653301887,2148.84,89.62056329858102,155.3654948765532
2024-11-21 21:37:09+00:00,NKS3010,26.1171088784428,-80.72833134577826,2148.84,89.81027956917468,155.36293972614217
2024-11-21 21:37:10+00:00,NKS3010,26.11715543068061,-80.72674677922174,2148.84,89.81027956917468,155.36293972614217
2024-11-21 21:37:11+00:00,NKS3010,26.117156982421875,-80.72458519125883,2148.84,89.81027956917468,155.36293972614217
2024-11-21 21:37:12+00:00,NKS3010,26.117156982421875,-80.72297869988205,2148.84,89.81027956917468,155.36293972614217
2024-11-21 21:37:13+00:00,NKS3010,26.11715543068061,-80.72135925292969,2148.84,89.81027956917468,155.36293972614217
2024-11-21 21:37:14+00:00,NKS3010,26.11715543068061,-80.72046133188098,2148.84,89.81027956917468,155.36293972614217
2024-11-21 21:37:15+00:00,NKS3010,26.11715543068061,-80.7182957575871,2148.84,89.81027956917468,155.36293972614217
2024-11-21 21:37:16+00:00,NKS3010,26.117156982421875,-80.7174337135171,2148.84,90.0,155.362088
2024-11-21 21:37:17+00:00,NKS3010,26.117156982421875,-80.71499806530068,2148.84,90.0,155.362088
2024-11-21 21:37:18+00:00,NKS3010,26.117156982421875,-80.7143243753685,2148.84,90.0,155.362088
2024-11-21 21:37:19+00:00,NKS3010,26.117156982421875,-80.71276970629424,2148.84,90.0,155.362088
2024-11-21 21:37:20+00:00,NKS3010,26.11715543068061,-80.71121802696814,2148.84,90.0,155.362088
2024-11-21 21:37:22+00:00,NKS3010,26.11715543068061,-80.70831298828125,2148.84,90.0,155.362088
2024-11-21 21:37:23+00:00,NKS3010,26.117156982421875,-80.70587734006483,2148.84,90.0,155.362088
2024-11-21 21:37:24+00:00,NKS3010,26.11715543068061,-80.70382338303784,2156.46,90.0,155.362088
2024-11-21 21:37:26+00:00,NKS3010,26.11715543068061,-80.70075988769531,2148.84,90.0,155.362088
2024-11-21 21:37:28+00:00,NKS3010,26.117156982421875,-80.69908861844044,2156.46,90.0,155.362088
2024-11-21 21:37:29+00:00,NKS3010,26.11715543068061,-80.69611182579627,2156.46,90.0,155.362088
2024-11-21 21:37:30+00:00,NKS3010,26.11715543068061,-80.694580078125,2148.84,90.0,155.362088
2024-11-21 21:37:32+00:00,NKS3010,26.117156982421875,-80.69281811984081,2156.46,90.0,155.362088
2024-11-21 21:37:33+00:00,NKS3010,26.11715543068061,-80.69114685058594,2156.46,90.0,155.362088
2024-11-21 21:37:37+00:00,NKS3010,26.117111206054688,-80.68411197302476,2156.46,90.18972043082532,155.36293972614217
2024-11-21 21:37:38+00:00,NKS3010,26.117111206054688,-80.68349010539504,2156.46,90.19035072662976,154.84849855578153
2024-11-21 21:37:39+00:00,NKS3010,26.1171088784428,-80.68111126239484,2156.46,90.19035072662976,154.84849855578153
2024-11-21 21:37:40+00:00,NKS3010,26.1171088784428,-80.68021334134613,2156.46,90.19035072662976,154.84849855578153
2024-11-21 21:37:41+00:00,NKS3010,26.1171088784428,-80.67804776705225,2156.46,90.19035072662976,154.84849855578153
2024-11-21 21:37:42+00:00,NKS3010,26.1171088784428,-80.67730830265924,2156.46,90.19035072662976,154.84849855578153
2024-11-21 21:37:43+00:00,NKS3010,26.1171088784428,-80.6742976262019,2156.46,90.19035072662976,154.84849855578153
2024-11-21 21:37:44+00:00,NKS3010,26.1171088784428,-80.67350534292365,2156.46,90.19035072662976,154.84849855578153
2024-11-21 21:37:46+00:00,NKS3010,26.117111206054688,-80.66970537293633,2156.46,90.19035072662976,154.84849855578153
2024-11-21 21:37:47+00:00,NKS3010,26.117111206054688,-80.66825434846697,2156.46,90.19035072662976,154.84849855578153
2024-11-21 21:37:48+00:00,NKS3010,26.1171088784428,-80.66674452561597,2156.46,90.19035072662976,154.84849855578153
2024-11-21 21:37:49+00:00,NKS3010,26.1170654296875,-80.66524865492335,2156.46,90.19035072662976,154.84849855578153
2024-11-21 21:37:51+00:00,NKS3010,26.117062326204977,-80.66267747145429,2156.46,90.19035072662976,154.84849855578153
2024-11-21 21:37:52+00:00,NKS3010,26.117062326204977,-80.66088162935694,2156.46,90.19035072662976,154.84849855578153
2024-11-21 21:37:53+00:00,NKS3010,26.117062326204977,-80.65950833834131,2156.46,90.0,154.847644
2024-11-21 21:37:54+00:00,NKS3010,26.1170654296875,-80.65866722250883,2156.46,90.0,154.847644
2024-11-21 21:37:55+00:00,NKS3010,26.1170654296875,-80.65716437573701,2156.46,90.0,154.847644
2024-11-21 21:37:56+00:00,NKS3010,26.1170654296875,-80.65446961600827,2156.46,90.0,154.847644
2024-11-21 21:37:57+00:00,NKS3010,26.117062326204977,-80.65290597768927,2156.46,90.0,154.847644
2024-11-21 21:37:58+00:00,NKS3010,26.117062326204977,-80.65121577336237,2156.46,90.0,154.847644
2024-11-21 21:37:59+00:00,NKS3010,26.117062326204977,-80.64963120680585,2156.46,90.0,154.847644
2024-11-21 21:38:01+00:00,NKS3010,26.117062326204977,-80.64693744365985,2156.46,90.0,154.847644
2024-11-21 21:38:02+00:00,NKS3010,26.1170654296875,-80.64534889077237,2156.46,90.0,154.847644
2024-11-21 21:38:03+00:00,NKS3010,26.1170654296875,-80.64374239939565,2156.46,90.0,154.847644
2024-11-21 21:38:04+00:00,NKS3010,26.1170654296875,-80.64208408571636,2156.46,90.0,154.847644
2024-11-21 21:38:05+00:00,NKS3010,26.1170654296875,-80.64042577203713,2156.46,90.0,154.847644
2024-11-21 21:38:06+00:00,NKS3010,26.1170654296875,-80.63881928066036,2156.46,90.0,154.847644
2024-11-21 21:38:07+00:00,NKS3010,26.117062326204977,-80.63748286320612,2156.46,90.0,154.847644
2024-11-21 21:38:08+00:00,NKS3010,26.1170654296875,-80.63591723172169,2156.46,90.0,154.847644
2024-11-21 21:38:09+00:00,NKS3010,26.1170654296875,-80.63436256264737,2156.46,90.0,154.847644
2024-11-21 21:38:10+00:00,NKS3010,26.1170654296875,-80.63265242666569,2156.46,90.0,154.847644
2024-11-21 21:38:11+00:00,NKS3010,26.1170654296875,-80.63120140219633,2156.46,90.0,154.847644
2024-11-21 21:38:12+00:00,NKS3010,26.1170654296875,-80.62969855542451,2156.46,90.0,154.847644
2024-11-21 21:38:13+00:00,NKS3010,26.1170654296875,-80.62814388635024,2156.46,90.0,154.847644
2024-11-21 21:38:14+00:00,NKS3010,26.1170654296875,-80.62664103957843,2156.46,90.0,154.847644
2024-11-21 21:38:15+00:00,NKS3010,26.1170654296875,-80.6250863705041,2156.46,90.0,154.847644
2024-11-21 21:38:16+00:00,NKS3010,26.1170654296875,-80.62342805682488,2156.46,90.0,154.847644
2024-11-21 21:38:17+00:00,NKS3010,26.1170654296875,-80.62192521005306,2156.46,90.0,154.3332
2024-11-21 21:38:18+00:00,NKS3010,26.1170654296875,-80.62026689637383,2156.46,90.0,154.3332
2024-11-21 21:38:19+00:00,NKS3010,26.1171088784428,-80.6194188044621,2156.46,90.0,154.3332
2024-11-21 21:38:20+00:00,NKS3010,26.1171088784428,-80.61762296236475,2156.46,90.0,154.3332
2024-11-21 21:38:21+00:00,NKS3010,26.117111206054688,-80.61591382296581,2156.46,90.0,154.3332
2024-11-21 21:38:22+00:00,NKS3010,26.1171088784428,-80.61524611253003,2156.46,90.0,154.3332
2024-11-21 21:38:23+00:00,NKS3010,26.117111206054688,-80.61378910856428,2156.46,90.0,154.3332
2024-11-21 21:38:24+00:00,NKS3010,26.117111206054688,-80.61150892725527,2156.46,90.0,154.3332
2024-11-21 21:38:25+00:00,NKS3010,26.117111206054688,-80.60933239055129,2156.46,90.0,154.3332
2024-11-21 21:38:26+00:00,NKS3010,26.117111206054688,-80.60793318838444,2156.46,90.0,154.3332
2024-11-21 21:38:27+00:00,NKS3010,26.117111206054688,-80.60648216391508,2156.46,90.0,154.3332
2024-11-21 21:38:28+00:00,NKS3010,26.1171088784428,-80.60505206768329,2156.46,90.0,154.3332
2024-11-21 21:38:29+00:00,NKS3010,26.117111206054688,-80.60368375958137,2156.46,90.0,154.3332
2024-11-21 21:38:30+00:00,NKS3010,26.1171088784428,-80.60204139122595,2156.46,90.0,154.3332
2024-11-21 21:38:31+00:00,NKS3010,26.1171088784428,-80.60056246243988,2156.46,89.8090147756403,154.334057404285
2024-11-21 21:38:32+00:00,NKS3010,26.1171088784428,-80.59897789588342,2156.46,89.8090147756403,154.334057404285
2024-11-21 21:38:33+00:00,NKS3010,26.117111206054688,-80.59756872788915,2156.46,89.8090147756403,154.334057404285
2024-11-21 21:38:34+00:00,NKS3010,26.117111206054688,-80.59622134802476,2156.46,89.8090147756403,154.334057404285
2024-11-21 21:38:35+00:00,NKS3010,26.117111206054688,-80.59445938974056,2156.46,89.8090147756403,154.334057404285
2024-11-21 21:38:36+00:00,NKS3010,26.117111206054688,-80.59285289836379,2156.46,89.8090147756403,154.334057404285
2024-11-21 21:38:37+00:00,NKS3010,26.117111206054688,-80.59119458468456,2156.46,89.8090147756403,154.334057404285
2024-11-21 21:38:38+00:00,NKS3010,26.117156982421875,-80.58969173791274,2156.46,89.8090147756403,154.334057404285
2024-11-21 21:38:39+00:00,NKS3010,26.11715543068061,-80.58825566218451,2156.46,89.8090147756403,154.334057404285
2024-11-21 21:38:40+00:00,NKS3010,26.117156982421875,-80.58653057746164,2156.46,89.8090147756403,154.334057404285
2024-11-21 21:38:41+00:00,NKS3010,26.11715543068061,-80.58498089130109,2156.46,89.8090147756403,154.334057404285
2024-11-21 21:38:42+00:00,NKS3010,26.117156982421875,-80.58326577240564,2148.84,89.8090147756403,154.334057404285
2024-11-21 21:38:43+00:00,NKS3010,26.11715543068061,-80.58170612041766,2156.46,89.8090147756403,154.334057404285
2024-11-21 21:38:44+00:00,NKS3010,26.117156982421875,-80.58020825655956,2156.46,89.8090147756403,154.334057404285
2024-11-21 21:38:45+00:00,NKS3010,26.117156982421875,-80.57953456662733,2148.84,89.8090147756403,154.334057404285
2024-11-21 21:38:46+00:00,NKS3010,26.117156982421875,-80.576995273806,2148.84,89.8090147756403,154.334057404285
2024-11-21 21:38:47+00:00,NKS3010,26.117156982421875,-80.57616611696636,2156.46,89.8090147756403,154.334057404285
2024-11-21 21:38:48+00:00,NKS3010,26.11715543068061,-80.57526221642127,2148.84,89.8090147756403,154.334057404285
2024-11-21 21:38:49+00:00,NKS3010,26.117156982421875,-80.5727976673054,2148.84,89.8090147756403,154.334057404285
2024-11-21 21:38:51+00:00,NKS3010,26.11720198291843,-80.56976905235877,2156.46,89.8090147756403,154.334057404285
2024-11-21 21:38:52+00:00,NKS3010,26.11720198291843,-80.5682373046875,2156.46,89.8090147756403,154.334057404285
2024-11-21 21:38:53+00:00,NKS3010,26.117202758789062,-80.56668263561318,2156.46,89.8090147756403,154.334057404285
2024-11-21 21:38:54+00:00,NKS3010,26.117202758789062,-80.56502432193395,2156.46,89.8090147756403,154.334057404285
2024-11-21 21:38:55+00:00,NKS3010,26.11720198291843,-80.56438152606671,2156.46,89.8090147756403,154.334057404285
2024-11-21 21:38:56+00:00,NKS3010,26.117202758789062,-80.56165587227298,2156.46,89.8090147756403,154.334057404285
2024-11-21 21:38:57+00:00,NKS3010,26.117202758789062,-80.56020484780362,2156.46,89.8090147756403,154.334057404285
2024-11-21 21:38:58+00:00,NKS3010,26.11720198291843,-80.55931091308594,2148.84,89.8090147756403,154.334057404285
2024-11-21 21:38:59+00:00,NKS3010,26.117202758789062,-80.55714733195754,2156.46,89.8090147756403,154.334057404285
2024-11-21 21:39:00+00:00,NKS3010,26.11724853515625,-80.55550795335034,2156.46,89.8090147756403,154.334057404285
2024-11-21 21:39:01+00:00,NKS3010,26.11724853515625,-80.55387056790863,2156.46,89.8090147756403,154.334057404285
2024-11-21 21:39:02+00:00,NKS3010,26.11724853515625,-80.55305337006189,2148.84,89.8090147756403,154.334057404285
2024-11-21 21:39:03+00:00,NKS3010,26.11724853515625,-80.55077318875294,2156.46,89.8090147756403,154.334057404285
2024-11-21 21:39:04+00:00,NKS3010,26.11724853515625,-80.55001478928784,2156.46,89.8090147756403,154.334057404285
2024-11-21 21:39:05+00:00,NKS3010,26.11724853515625,-80.54828571823407,2156.46,89.8090147756403,154.334057404285
2024-11-21 21:39:06+00:00,NKS3010,26.11724853515625,-80.54679283728967,2148.84,90.0,154.3332
2024-11-21 21:39:07+00:00,NKS3010,26.11724853515625,-80.5453139085036,2148.84,90.0,154.3332
2024-11-21 21:39:08+00:00,NKS3010,26.11724853515625,-80.54450269015331,2156.46,90.0,154.3332
2024-11-21 21:39:09+00:00,NKS3010,26.11724853515625,-80.54288423978363,2148.84,90.0,154.3332
2024-11-21 21:39:10+00:00,NKS3010,26.11724853515625,-80.54140531099756,2148.84,90.0,154.3332
2024-11-21 21:39:11+00:00,NKS3010,26.11724853515625,-80.53843948076354,2148.84,90.0,154.3332
2024-11-21 21:39:12+00:00,NKS3010,26.11724853515625,-80.5376103239239,2148.84,90.0,154.3332
2024-11-21 21:39:13+00:00,NKS3010,26.11724853515625,-80.53591214693506,2148.84,90.0,154.3332
2024-11-21 21:39:14+00:00,NKS3010,26.11724853515625,-80.53443321814905,2148.84,90.0,154.3332
2024-11-21 21:39:15+00:00,NKS3010,26.11724853515625,-80.53269019493689,2148.84,90.0,154.3332
2024-11-21 21:39:16+00:00,NKS3010,26.11724853515625,-80.53190987065153,2148.84,90.0,154.3332
2024-11-21 21:39:17+00:00,NKS3010,26.11724853515625,-80.53035520157721,2148.84,90.0,154.3332
2024-11-21 21:39:18+00:00,NKS3010,26.11724853515625,-80.52814777080829,2148.84,90.0,154.3332
2024-11-21 21:39:19+00:00,NKS3010,26.11724853515625,-80.52661602313702,2148.84,90.0,154.3332
2024-11-21 21:39:20+00:00,NKS3010,26.11724853515625,-80.52506932672463,2148.84,90.0,154.3332
2024-11-21 21:39:21+00:00,NKS3010,26.11724853515625,-80.52344689002405,2148.84,90.0,154.3332
2024-11-21 21:39:22+00:00,NKS3010,26.11724853515625,-80.52159822904144,2148.84,90.0,154.3332
2024-11-21 21:39:23+00:00,NKS3010,26.11724853515625,-80.5202498525943,2148.84,90.0,154.3332
2024-11-21 21:39:24+00:00,NKS3010,26.11724853515625,-80.51869518352004,2148.84,90.0,154.3332
2024-11-21 21:39:25+00:00,NKS3010,26.117295087394066,-80.51705580491284,2148.84,90.0,154.3332
2024-11-21 21:39:26+00:00,NKS3010,26.117295087394066,-80.51552405724158,2148.84,90.0,154.3332
2024-11-21 21:39:27+00:00,NKS3010,26.11729431152344,-80.51403117629718,2148.84,90.0,154.3332
2024-11-21 21:39:28+00:00,NKS3010,26.117295087394066,-80.5123549241286,2148.84,90.0,154.3332
2024-11-21 21:39:29+00:00,NKS3010,26.117295087394066,-80.51061190091644,2148.84,90.0,154.3332
2024-11-21 21:39:30+00:00,NKS3010,26.11729431152344,-80.5092635244693,2148.84,90.0,154.3332
2024-11-21 21:39:31+00:00,NKS3010,26.11729431152344,-80.50786432230245,7071.360000000001,90.0,154.3332
2024-11-21 21:39:32+00:00,NKS3010,26.11729431152344,-80.50630965322819,2148.84,90.0,154.3332
2024-11-21 21:39:33+00:00,NKS3010,26.11729431152344,-80.50485862875883,2148.84,90.0,154.3332
2024-11-21 21:39:34+00:00,NKS3010,26.11729431152344,-80.50418493882665,2148.84,90.0,154.3332
2024-11-21 21:39:35+00:00,NKS3010,26.11729431152344,-80.5018529352152,2148.84,90.0,154.3332
2024-11-21 21:39:36+00:00,NKS3010,26.11729431152344,-80.50024644383842,2148.84,90.0,154.3332
2024-11-21 21:39:37+00:00,NKS3010,26.117295087394066,-80.49962557279144,2148.84,90.0,154.3332
2024-11-21 21:39:38+00:00,NKS3010,26.117295087394066,-80.49735436072717,2148.84,90.0,154.3332
2024-11-21 21:39:39+00:00,NKS3010,26.11729431152344,-80.4958933704304,2148.84,90.0,154.3332
2024-11-21 21:39:40+00:00,NKS3010,26.11729431152344,-80.4936650114239,2148.84,90.0,154.3332
2024-11-21 21:39:41+00:00,NKS3010,26.117295087394066,-80.49212529109076,2148.84,90.0,154.3332
2024-11-21 21:39:42+00:00,NKS3010,26.117295087394066,-80.49064636230469,2148.84,90.0,154.3332
2024-11-21 21:39:43+00:00,NKS3010,26.11729431152344,-80.48983016104069,2148.84,90.0,154.3332
2024-11-21 21:39:44+00:00,NKS3010,26.117295087394066,-80.48800541804388,2148.84,90.0,154.3332
2024-11-21 21:39:45+00:00,NKS3010,26.11729431152344,-80.4871872236144,2148.84,90.0,154.3332
2024-11-21 21:39:46+00:00,NKS3010,26.11729431152344,-80.48511433151532,2148.84,89.8090147756403,154.334057404285
2024-11-21 21:39:47+00:00,NKS3010,26.11729431152344,-80.48345601783609,2148.84,89.8090147756403,154.334057404285
2024-11-21 21:39:48+00:00,NKS3010,26.117295087394066,-80.48161433293268,2148.84,89.8090147756403,154.334057404285
2024-11-21 21:39:49+00:00,NKS3010,26.117295087394066,-80.47997694749097,2148.84,89.8090147756403,154.334057404285
2024-11-21 21:39:50+00:00,NKS3010,26.117295087394066,-80.47860365647534,2148.84,89.8090147756403,154.334057404285
2024-11-21 21:39:51+00:00,NKS3010,26.11729431152344,-80.4770818746315,2148.84,89.80964927337025,154.84849855578153
2024-11-21 21:39:52+00:00,NKS3010,26.117340087890625,-80.4757344947671,2148.84,89.80964927337025,154.84849855578153
2024-11-21 21:39:54+00:00,NKS3010,26.117341639631885,-80.47242384690503,2148.84,90.0,154.847644
2024-11-21 21:39:55+00:00,NKS3010,26.117340087890625,-80.47034497530956,2156.46,90.0,154.847644
2024-11-21 21:39:56+00:00,NKS3010,26.117340087890625,-80.46899759544516,2148.84,90.0,154.847644
2024-11-21 21:39:57+00:00,NKS3010,26.117341639631885,-80.46803987943207,2148.84,90.0,154.847644
2024-11-21 21:39:58+00:00,NKS3010,26.117340087890625,-80.46645830262383,2148.84,90.0,154.847644
2024-11-21 21:39:59+00:00,NKS3010,26.117340087890625,-80.46485181124706,2148.84,90.0,154.847644
2024-11-21 21:40:00+00:00,NKS3010,26.117341639631885,-80.46323336087738,2148.84,90.0,154.847644
2024-11-21 21:40:01+00:00,NKS3010,26.117341639631885,-80.46259953425482,2148.84,90.0,154.847644
2024-11-21 21:40:02+00:00,NKS3010,26.117341639631885,-80.4610677865835,2148.84,90.0,154.847644
2024-11-21 21:40:03+00:00,NKS3010,26.117341639631885,-80.45826838566705,2148.84,89.80964927337025,154.84849855578153
2024-11-21 21:40:04+00:00,NKS3010,26.117341639631885,-80.45668381911054,2148.84,89.42896462688523,154.8553348322652
2024-11-21 21:40:05+00:00,NKS3010,26.11738586425781,-80.45505739607898,2148.84,89.0483303918214,154.86900647992528
2024-11-21 21:40:06+00:00,NKS3010,26.11743474410752,-80.45356750488281,2148.84,88.66778014613037,154.8895116887467
2024-11-21 21:40:07+00:00,NKS3010,26.11748129634534,-80.45203575721155,2148.84,88.09718559568498,154.93307624669544
2024-11-21 21:40:08+00:00,NKS3010,26.117527848583155,-80.45066246619592,2148.84,87.52696835191236,154.99199704073342
2024-11-21 21:40:09+00:00,NKS3010,26.11761474609375,-80.44914965359669,2148.84,86.95724086149042,155.06625656605485
2024-11-21 21:40:10+00:00,NKS3010,26.117660522460938,-80.44769862912733,2148.84,86.95724086149042,155.06625656605485
2024-11-21 21:40:11+00:00,NKS3010,26.1177978515625,-80.44598849314565,2148.84,85.81970189530466,155.26069922827398
2024-11-21 21:40:12+00:00,NKS3010,26.11794681872352,-80.44427138108472,2148.84,85.04674252215794,154.91172260205465
2024-11-21 21:40:13+00:00,NKS3010,26.118072509765625,-80.44272368808959,2148.84,84.47856358535208,155.05260231077511
2024-11-21 21:40:14+00:00,NKS3010,26.118209838867188,-80.44111719671287,2141.2200000000003,84.10037495347233,155.15497993567496
2024-11-21 21:40:15+00:00,NKS3010,26.11834716796875,-80.43971799454596,2141.2200000000003,83.53406790106047,155.3211996525948
2024-11-21 21:40:16+00:00,NKS3010,26.1185302734375,-80.43816332547169,2141.2200000000003,83.3455749539934,155.37997326853807
2024-11-21 21:40:17+00:00,NKS3010,26.1186916545286,-80.43650700495795,2141.2200000000003,83.15722658736907,155.44042726909964
2024-11-21 21:40:18+00:00,NKS3010,26.11887786347987,-80.43497525728662,2141.2200000000003,82.96902670084825,155.50255969445385
2024-11-21 21:40:19+00:00,NKS3010,26.119064072431144,-80.43339069073016,2133.6,82.9457482666353,154.99199704073342
2024-11-21 21:40:20+00:00,NKS3010,26.11915717690678,-80.4325984074519,2133.6,82.75709126703606,155.05601598731965
2024-11-21 21:40:21+00:00,NKS3010,26.119354248046875,-80.430908203125,2133.6,82.75709126703606,155.05601598731965
2024-11-21 21:40:22+00:00,NKS3010,26.11952959480932,-80.42958773099457,2133.6,82.5685920288275,155.1217146188869
2024-11-21 21:40:23+00:00,NKS3010,26.11971580376059,-80.42784470778241,2125.98,82.5685920288275,155.1217146188869
2024-11-21 21:40:24+00:00,NKS3010,26.119903564453125,-80.4262960182046,2125.98,82.5685920288275,155.1217146188869
2024-11-21 21:40:25+00:00,NKS3010,26.120132446289062,-80.42411948150055,2125.98,82.5685920288275,155.1217146188869
2024-11-21 21:40:26+00:00,NKS3010,26.12022399902344,-80.42344579156838,2125.98,82.5685920288275,155.1217146188869
2024-11-21 21:40:27+00:00,NKS3010,26.12049865722656,-80.42106196565447,2118.36,82.5685920288275,155.1217146188869
2024-11-21 21:40:28+00:00,NKS3010,26.120681762695312,-80.41955911888266,2118.36,82.5685920288275,155.1217146188869
2024-11-21 21:40:29+00:00,NKS3010,26.120864868164062,-80.41826356132077,2118.36,82.5685920288275,155.1217146188869
2024-11-21 21:40:30+00:00,NKS3010,26.121065818657307,-80.41659428523138,2118.36,82.38025442950399,155.18909080217313
2024-11-21 21:40:31+00:00,NKS3010,26.121139526367188,-80.41567244619694,2118.36,82.3549867283293,154.67920443424495
2024-11-21 21:40:32+00:00,NKS3010,26.12127685546875,-80.41473964475233,2110.74,82.3549867283293,154.67920443424495
2024-11-21 21:40:33+00:00,NKS3010,26.1214599609375,-80.41328862028303,2110.74,82.3549867283293,154.67920443424495
2024-11-21 21:40:34+00:00,NKS3010,26.121734619140625,-80.4108529720666,2110.74,82.3549867283293,154.67920443424495
2024-11-21 21:40:35+00:00,NKS3010,26.12191772460937,-80.40914283608487,2110.74,82.54393454382853,154.6116060543619
2024-11-21 21:40:36+00:00,NKS3010,26.1220899678893,-80.40766789362982,2110.74,82.54393454382853,154.6116060543619
2024-11-21 21:40:37+00:00,NKS3010,26.122183072364937,-80.4070340670072,2103.12,82.54393454382853,154.6116060543619
2024-11-21 21:40:38+00:00,NKS3010,26.12246238579184,-80.40455157940204,2103.12,82.54393454382853,154.6116060543619
2024-11-21 21:40:39+00:00,NKS3010,26.12264859474311,-80.40307265061597,2103.12,82.54393454382853,154.6116060543619
2024-11-21 21:40:40+00:00,NKS3010,26.122833251953125,-80.40152495762084,2103.12,82.54393454382853,154.6116060543619
2024-11-21 21:40:41+00:00,NKS3010,26.123016357421875,-80.40002211084902,2103.12,82.54393454382853,154.6116060543619
2024-11-21 21:40:42+00:00,NKS3010,26.123207221596928,-80.39842458871692,2095.5,82.54393454382853,154.6116060543619
2024-11-21 21:40:43+00:00,NKS3010,26.12342834472656,-80.39665366118805,2095.5,82.54393454382853,154.6116060543619
2024-11-21 21:40:44+00:00,NKS3010,26.123611450195312,-80.39499534750883,2095.5,82.54393454382853,154.6116060543619
2024-11-21 21:40:45+00:00,NKS3010,26.12371929621292,-80.3941990778996,2095.5,82.54393454382853,154.6116060543619
2024-11-21 21:40:46+00:00,NKS3010,26.1239055051642,-80.3925088735727,2095.5,82.54393454382853,154.6116060543619
2024-11-21 21:40:47+00:00,NKS3010,26.124091714115465,-80.39087148813098,2095.5,82.54393454382853,154.6116060543619
2024-11-21 21:40:48+00:00,NKS3010,26.12427792306673,-80.38923410268927,2087.88,82.54393454382853,154.6116060543619
2024-11-21 21:40:49+00:00,NKS3010,26.12446413201801,-80.38764953613281,2087.88,82.73304559418831,154.54569057164204
2024-11-21 21:40:50+00:00,NKS3010,26.12465034096928,-80.38622342623194,2087.88,82.73304559418831,154.54569057164204
2024-11-21 21:40:51+00:00,NKS3010,26.124801635742188,-80.38488999852592,2087.88,82.75709126703606,155.05601598731965
2024-11-21 21:40:52+00:00,NKS3010,26.125022758871825,-80.38268456092248,2080.26,82.75709126703606,155.05601598731965
2024-11-21 21:40:53+00:00,NKS3010,26.125213623046875,-80.38121061505012,2080.26,82.75709126703606,155.05601598731965
2024-11-21 21:40:54+00:00,NKS3010,26.12539517677436,-80.37972670335034,2080.26,82.75709126703606,155.05601598731965
2024-11-21 21:40:55+00:00,NKS3010,26.125534833487816,-80.37819495567908,2080.26,82.75709126703606,155.05601598731965
2024-11-21 21:40:56+00:00,NKS3010,26.125717163085938,-80.37680571933959,2080.26,82.75709126703606,155.05601598731965
2024-11-21 21:40:57+00:00,NKS3010,26.125900268554688,-80.37525105026532,2072.6400000000003,82.75709126703606,155.05601598731965
2024-11-21 21:40:58+00:00,NKS3010,26.12608337402344,-80.37369638119105,2072.6400000000003,82.75709126703606,155.05601598731965
2024-11-21 21:40:59+00:00,NKS3010,26.126266479492188,-80.37214171211673,2072.6400000000003,82.75709126703606,155.05601598731965
2024-11-21 21:41:00+00:00,NKS3010,26.12641932600636,-80.37064185509314,2072.6400000000003,82.75709126703606,155.05601598731965
2024-11-21 21:41:01+00:00,NKS3010,26.1265869140625,-80.36908419627065,2072.6400000000003,82.75709126703606,155.05601598731965
2024-11-21 21:41:02+00:00,NKS3010,26.126791743908896,-80.36747272198016,2065.02,82.75709126703606,155.05601598731965
2024-11-21 21:41:03+00:00,NKS3010,26.12697795286017,-80.36583533653845,2065.02,82.9457482666353,154.99199704073342
2024-11-21 21:41:04+00:00,NKS3010,26.127071057335804,-80.3650430532602,2065.02,82.9457482666353,154.99199704073342
2024-11-21 21:41:05+00:00,NKS3010,26.127303818524894,-80.36277184119592,2065.02,82.9457482666353,154.99199704073342
2024-11-21 21:41:06+00:00,NKS3010,26.127410888671875,-80.36193271852886,2065.02,82.9457482666353,154.99199704073342
2024-11-21 21:41:07+00:00,NKS3010,26.1275831319518,-80.36039499136115,2057.4,82.9457482666353,154.99199704073342
2024-11-21 21:41:08+00:00,NKS3010,26.127769340903072,-80.35881042480469,2057.4,82.92231596541399,154.48146014030465
2024-11-21 21:41:09+00:00,NKS3010,26.12790899761653,-80.35727867713342,2057.4,82.92231596541399,154.48146014030465
2024-11-21 21:41:10+00:00,NKS3010,26.128097534179688,-80.35555857532427,2057.4,82.92231596541399,154.48146014030465
2024-11-21 21:41:11+00:00,NKS3010,26.128281415519066,-80.35410954402045,2049.78,82.92231596541399,154.48146014030465
2024-11-21 21:41:12+00:00,NKS3010,26.12846762447034,-80.35236652080829,2049.78,82.92231596541399,154.48146014030465
2024-11-21 21:41:13+00:00,NKS3010,26.12865383342161,-80.35088759202222,2049.78,82.92231596541399,154.48146014030465
2024-11-21 21:41:14+00:00,NKS3010,26.128793490135063,-80.34956711989179,2049.78,82.92231596541399,154.48146014030465
2024-11-21 21:41:15+00:00,NKS3010,26.12896728515625,-80.34809616376765,2042.16,82.9457482666353,154.99199704073342
2024-11-21 21:41:16+00:00,NKS3010,26.129165908037606,-80.34602825458234,2042.16,82.9457482666353,154.99199704073342
2024-11-21 21:41:17+00:00,NKS3010,26.12935211698888,-80.34460214468146,2042.16,82.9457482666353,154.99199704073342
2024-11-21 21:41:18+00:00,NKS3010,26.1295166015625,-80.34317304503242,2042.16,82.9457482666353,154.99199704073342
2024-11-21 21:41:19+00:00,NKS3010,26.129653930664062,-80.34172202056305,2042.16,82.9457482666353,154.99199704073342
2024-11-21 21:41:20+00:00,NKS3010,26.12983703613281,-80.34011552918633,2034.54,82.9457482666353,154.99199704073342
2024-11-21 21:41:21+00:00,NKS3010,26.13002014160156,-80.3384053932046,2034.54,82.9457482666353,154.99199704073342
2024-11-21 21:41:22+00:00,NKS3010,26.130203247070312,-80.33685072413027,2034.54,82.9457482666353,154.99199704073342
2024-11-21 21:41:23+00:00,NKS3010,26.130386352539062,-80.33534787735846,2034.54,82.92231596541399,154.48146014030465
2024-11-21 21:41:24+00:00,NKS3010,26.130523681640625,-80.33389685288915,2034.54,82.92231596541399,154.48146014030465
2024-11-21 21:41:25+00:00,NKS3010,26.13070678710937,-80.33234218381483,2026.92,82.92231596541399,154.48146014030465
2024-11-21 21:41:26+00:00,NKS3010,26.130889892578125,-80.33083933704302,2026.92,82.92231596541399,154.48146014030465
2024-11-21 21:41:27+00:00,NKS3010,26.13102799755032,-80.32944312462439,2026.92,82.92231596541399,154.48146014030465
2024-11-21 21:41:28+00:00,NKS3010,26.13121032714844,-80.3278854658019,2026.92,82.92231596541399,154.48146014030465
2024-11-21 21:41:29+00:00,NKS3010,26.13135386321504,-80.32643244816705,2026.92,82.92231596541399,154.48146014030465
2024-11-21 21:41:30+00:00,NKS3010,26.13158662440413,-80.32437251164362,2019.3,82.92231596541399,154.48146014030465
2024-11-21 21:41:31+00:00,NKS3010,26.131759643554688,-80.3229623470666,2019.3,82.92231596541399,154.48146014030465
2024-11-21 21:41:32+00:00,NKS3010,26.131912490068856,-80.32152029184192,2019.3,82.92231596541399,154.48146014030465
2024-11-21 21:41:33+00:00,NKS3010,26.132052146782307,-80.3201470008263,2019.3,83.11174172300531,154.41891686303725
2024-11-21 21:41:34+00:00,NKS3010,26.13221740722656,-80.31866109596109,2019.3,83.11174172300531,154.41891686303725
2024-11-21 21:41:35+00:00,NKS3010,26.13242456468485,-80.31703068659857,2011.68,83.11174172300531,154.41891686303725
2024-11-21 21:41:36+00:00,NKS3010,26.132537841796875,-80.31560358011495,2011.68,83.11174172300531,154.41891686303725
2024-11-21 21:41:37+00:00,NKS3010,26.13270387811176,-80.31412564791162,2011.68,83.11174172300531,154.41891686303725
2024-11-21 21:41:38+00:00,NKS3010,26.13290405273437,-80.31244241966391,2011.68,83.11174172300531,154.41891686303725
2024-11-21 21:41:39+00:00,NKS3010,26.1330762960143,-80.3110093336839,2011.68,83.11174172300531,154.41891686303725
2024-11-21 21:41:40+00:00,NKS3010,26.133224487304688,-80.30943672612028,2004.06,83.11174172300531,154.41891686303725
2024-11-21 21:41:41+00:00,NKS3010,26.133402161679022,-80.30789301945612,2004.06,83.11174172300531,154.41891686303725
2024-11-21 21:41:42+00:00,NKS3010,26.133588370630296,-80.30636127178485,2004.06,83.11174172300531,154.41891686303725
2024-11-21 21:41:43+00:00,NKS3010,26.13377457958157,-80.30472388634314,2004.06,83.11174172300531,154.41891686303725
2024-11-21 21:41:44+00:00,NKS3010,26.133956909179688,-80.30301076061318,2004.06,83.11174172300531,154.41891686303725
2024-11-21 21:41:45+00:00,NKS3010,26.13400734077065,-80.30229421762317,2004.06,83.11174172300531,154.41891686303725
2024-11-21 21:41:46+00:00,NKS3010,26.134286654197563,-80.3000230055589,1996.44,83.11174172300531,154.41891686303725
2024-11-21 21:41:47+00:00,NKS3010,26.13441467285156,-80.29865768720515,1996.44,83.11174172300531,154.41891686303725
2024-11-21 21:41:48+00:00,NKS3010,26.134612519862287,-80.29711796687201,1996.44,83.11174172300531,154.41891686303725
2024-11-21 21:41:49+00:00,NKS3010,26.134689331054688,-80.29622203898879,1996.44,83.11174172300531,154.41891686303725
2024-11-21 21:41:50+00:00,NKS3010,26.13487243652344,-80.29451190300705,1988.82,83.11174172300531,154.41891686303725
2024-11-21 21:41:51+00:00,NKS3010,26.13512459447828,-80.29220581054688,1988.82,83.11174172300531,154.41891686303725
2024-11-21 21:41:52+00:00,NKS3010,26.13526425119173,-80.29088533841644,1988.82,83.11174172300531,154.41891686303725
2024-11-21 21:41:53+00:00,NKS3010,26.13545046014301,-80.28945922851562,1988.82,83.11174172300531,154.41891686303725
2024-11-21 21:41:54+00:00,NKS3010,26.13563666909428,-80.28782184307391,1988.82,83.11174172300531,154.41891686303725
2024-11-21 21:41:55+00:00,NKS3010,26.135776325807733,-80.2861844576322,1981.2,83.11174172300531,154.41891686303725
2024-11-21 21:41:56+00:00,NKS3010,26.13587951660156,-80.28528753316624,1981.2,83.11174172300531,154.41891686303725
2024-11-21 21:41:57+00:00,NKS3010,26.13605563923464,-80.28386042668268,1981.2,83.11174172300531,154.41891686303725
2024-11-21 21:41:58+00:00,NKS3010,26.136199951171875,-80.28228183962261,1981.2,83.11174172300531,154.41891686303725
2024-11-21 21:41:59+00:00,NKS3010,26.13642883300781,-80.28057170364093,1981.2,83.11174172300531,154.41891686303725
2024-11-21 21:42:00+00:00,NKS3010,26.13656616210937,-80.27917250147402,1973.58,83.08877288097531,153.90819851722546
2024-11-21 21:42:01+00:00,NKS3010,26.136749267578125,-80.27766965470221,1973.58,83.08877288097531,153.90819851722546
2024-11-21 21:42:02+00:00,NKS3010,26.136886596679688,-80.27606316332549,1973.58,83.11174172300531,154.41891686303725
2024-11-21 21:42:03+00:00,NKS3010,26.136986683990997,-80.2751981295072,1973.58,83.11174172300531,154.41891686303725
2024-11-21 21:42:04+00:00,NKS3010,26.137265997417902,-80.2726100041316,1973.58,83.11174172300531,154.41891686303725
2024-11-21 21:42:05+00:00,NKS3010,26.13745220636917,-80.27113107534552,1965.96,82.92231596541399,154.48146014030465
2024-11-21 21:42:06+00:00,NKS3010,26.1375732421875,-80.2697926647258,1965.96,82.92231596541399,154.48146014030465
2024-11-21 21:42:07+00:00,NKS3010,26.137778072033896,-80.26822603665863,1965.96,82.92231596541399,154.48146014030465
2024-11-21 21:42:08+00:00,NKS3010,26.137939453125,-80.26663150427476,1965.96,82.89872827448526,153.97094924934575
2024-11-21 21:42:09+00:00,NKS3010,26.13812255859375,-80.26507683520049,1965.96,82.89872827448526,153.97094924934575
2024-11-21 21:42:10+00:00,NKS3010,26.1383056640625,-80.26331487691624,1958.34,82.89872827448526,153.97094924934575
2024-11-21 21:42:11+00:00,NKS3010,26.138397216796875,-80.26258936468162,1958.34,82.89872827448526,153.97094924934575
2024-11-21 21:42:12+00:00,NKS3010,26.138671875,-80.26030918337261,1958.34,82.89872827448526,153.97094924934575
2024-11-21 21:42:13+00:00,NKS3010,26.13885498046875,-80.25865086969338,1958.34,82.89872827448526,153.97094924934575
2024-11-21 21:42:14+00:00,NKS3010,26.13898843021716,-80.25723970853363,1950.72,82.89872827448526,153.97094924934575
2024-11-21 21:42:15+00:00,NKS3010,26.139175415039062,-80.25564517614976,1950.72,82.89872827448526,153.97094924934575
2024-11-21 21:42:16+00:00,NKS3010,26.13926696777344,-80.25491966391508,1950.72,83.08877288097531,153.90819851722546
2024-11-21 21:42:17+00:00,NKS3010,26.13945395259534,-80.2532782921424,1950.72,83.08877288097531,153.90819851722546
2024-11-21 21:42:18+00:00,NKS3010,26.139678955078125,-80.25092934662439,1943.1,83.08877288097531,153.90819851722546
2024-11-21 21:42:19+00:00,NKS3010,26.1397705078125,-80.2501001897848,1943.1,83.08877288097531,153.90819851722546
2024-11-21 21:42:20+00:00,NKS3010,26.13995361328125,-80.24849369840803,1943.1,83.06565109873046,153.3975050701283
2024-11-21 21:42:21+00:00,NKS3010,26.140182495117188,-80.2464726286114,1943.1,83.06565109873046,153.3975050701283
2024-11-21 21:42:22+00:00,NKS3010,26.140365600585938,-80.24507342644455,1943.1,83.06565109873046,153.3975050701283
2024-11-21 21:42:23+00:00,NKS3010,26.140524654065143,-80.24355961726263,1935.48,83.06565109873046,153.3975050701283
2024-11-21 21:42:24+00:00,NKS3010,26.14068603515625,-80.24206773290092,1935.48,83.06565109873046,153.3975050701283
2024-11-21 21:42:25+00:00,NKS3010,26.14080396749205,-80.24070739746094,1935.48,83.06565109873046,153.3975050701283
2024-11-21 21:42:26+00:00,NKS3010,26.14096069335937,-80.23947661777709,1935.48,83.06565109873046,153.3975050701283
2024-11-21 21:42:27+00:00,NKS3010,26.14112983315678,-80.2376967210036,1935.48,83.06565109873046,153.3975050701283
2024-11-21 21:42:28+00:00,NKS3010,26.14131604210805,-80.23605933556189,1927.86,83.06565109873046,153.3975050701283
2024-11-21 21:42:29+00:00,NKS3010,26.141510009765625,-80.23429438752947,1927.86,83.06565109873046,153.3975050701283
2024-11-21 21:42:30+00:00,NKS3010,26.14169311523437,-80.23284336306011,1927.86,83.04237485122435,152.88683677125593
2024-11-21 21:42:31+00:00,NKS3010,26.14182811672405,-80.23146409254804,1927.86,83.04237485122435,152.88683677125593
2024-11-21 21:42:32+00:00,NKS3010,26.14201432567532,-80.22987952599158,1920.24,83.01894259317021,152.3761938734511
2024-11-21 21:42:33+00:00,NKS3010,26.14219665527344,-80.22838664504718,1920.24,82.99535275870554,151.86557663294445
2024-11-21 21:42:34+00:00,NKS3010,26.14234019134004,-80.22681603064905,1920.24,82.99535275870554,151.86557663294445
2024-11-21 21:42:35+00:00,NKS3010,26.14242553710937,-80.22605464143572,1912.62,82.99535275870554,151.86557663294445
2024-11-21 21:42:36+00:00,NKS3010,26.142562866210938,-80.22475908387383,1912.62,83.11827636936306,150.27137312551983
2024-11-21 21:42:37+00:00,NKS3010,26.14285226595604,-80.22232642540564,1912.62,83.09469370140614,149.76064806470177
2024-11-21 21:42:38+00:00,NKS3010,26.142945370431672,-80.22158696101263,1912.62,83.07094964030809,149.2499485485606
2024-11-21 21:42:39+00:00,NKS3010,26.143085027145126,-80.21989675668567,1905.0,83.02297069914734,148.22862720642007
2024-11-21 21:42:40+00:00,NKS3010,26.1432712360964,-80.2183650090144,1905.0,83.19686666649693,147.65618253514756
2024-11-21 21:42:41+00:00,NKS3010,26.143478393554688,-80.21662298238499,1905.0,83.17313766152631,147.1453733383229
2024-11-21 21:42:42+00:00,NKS3010,26.14361572265625,-80.21512013561318,1905.0,83.14924333822007,146.6345895556513
2024-11-21 21:42:43+00:00,NKS3010,26.143707275390625,-80.21429097877359,1897.38,83.12518197129576,146.12383145364237
2024-11-21 21:42:44+00:00,NKS3010,26.14393615722656,-80.21211444206955,1889.76,83.30199383000867,145.55220012880878
2024-11-21 21:42:45+00:00,NKS3010,26.144119262695312,-80.21066341760024,1889.76,83.27829088003978,145.04127977024854
2024-11-21 21:42:46+00:00,NKS3010,26.14424883309057,-80.2092801607572,1882.14,83.25442035251719,144.53038441000731
2024-11-21 21:42:47+00:00,NKS3010,26.144341937566207,-80.20848787747894,1882.14,83.23038047237605,144.01951431412246
2024-11-21 21:42:48+00:00,NKS3010,26.144577026367188,-80.20620669958726,1874.52,83.20616943951359,143.5086697524064
2024-11-21 21:42:50+00:00,NKS3010,26.1448540121822,-80.20357572115381,1866.9,83.38653951768524,142.93768911417033
2024-11-21 21:42:51+00:00,NKS3010,26.144989013671875,-80.20206091538915,1859.28,83.36270476079979,142.4266806839409
2024-11-21 21:42:52+00:00,NKS3010,26.145172119140625,-80.2006098909198,1851.66,83.36270476079979,142.4266806839409
2024-11-21 21:42:53+00:00,NKS3010,26.145263671875,-80.19936615566036,1844.04,83.54507917332273,141.85694188729022
2024-11-21 21:42:54+00:00,NKS3010,26.14544677734375,-80.19786330888854,1836.42,83.52163542022713,141.3457709783941
2024-11-21 21:42:56+00:00,NKS3010,26.14573850470074,-80.19507188063398,1828.8,83.49802148901027,140.8346239054783
2024-11-21 21:42:57+00:00,NKS3010,26.1458781614142,-80.1937514085036,1821.18,83.4742355280489,140.32350092902
2024-11-21 21:42:58+00:00,NKS3010,26.14599609375,-80.19257743403597,1813.56,83.45027565887985,139.812402313293
2024-11-21 21:42:59+00:00,NKS3010,26.14613342285156,-80.19107458726415,1813.56,83.45027565887985,139.812402313293
2024-11-21 21:43:00+00:00,NKS3010,26.146270751953125,-80.18972720739976,1805.94,83.42613997571416,139.301328326437
2024-11-21 21:43:01+00:00,NKS3010,26.14643678826801,-80.18820542555585,1798.3200000000002,83.40182654494072,138.79027924052806
2024-11-21 21:43:02+00:00,NKS3010,26.14659118652344,-80.18703244767096,1798.3200000000002,83.377333404619,138.27925533165126
2024-11-21 21:43:03+00:00,NKS3010,26.146716101694917,-80.18556448129505,1790.7,83.35265856396079,137.76825687997405
2024-11-21 21:43:04+00:00,NKS3010,26.14686584472656,-80.18433768794222,1783.0800000000002,83.35265856396079,137.76825687997405
2024-11-21 21:43:05+00:00,NKS3010,26.147003173828125,-80.18309395268278,1775.46,83.32780000280057,137.25728416982213
2024-11-21 21:43:06+00:00,NKS3010,26.147140502929688,-80.18153928360846,1775.46,83.30275567105417,136.74633748975637
2024-11-21 21:43:07+00:00,NKS3010,26.147321280786542,-80.1801241361178,1767.84,83.2775234881655,136.23541713265195
2024-11-21 21:43:08+00:00,NKS3010,26.1474609375,-80.17889634618217,1767.84,83.2775234881655,136.23541713265195
2024-11-21 21:43:10+00:00,NKS3010,26.147740250926905,-80.17621553861176,1752.6,83.22648709097156,135.2136565808837
2024-11-21 21:43:11+00:00,NKS3010,26.14787990764036,-80.17494788536658,1752.6,82.98349825527708,134.76469130239147
2024-11-21 21:43:12+00:00,NKS3010,26.14805603027344,-80.17345500442218,1744.98,82.95667909884222,134.25411467551854
2024-11-21 21:43:13+00:00,NKS3010,26.148159221067267,-80.17214848445013,1744.98,82.92965517984241,133.7435676884835
2024-11-21 21:43:14+00:00,NKS3010,26.148345430018537,-80.1708280123197,1737.36,82.90242415642982,133.23305068202458
2024-11-21 21:43:15+00:00,NKS3010,26.148513793945312,-80.16930922022402,1729.74,82.90242415642982,133.23305068202458
2024-11-21 21:43:16+00:00,NKS3010,26.148605346679688,-80.16853188568689,1729.74,82.8749836510982,132.72256400210236
2024-11-21 21:43:17+00:00,NKS3010,26.148764400158896,-80.16713069035455,1722.12,82.84733125000531,132.212108
2024-11-21 21:43:18+00:00,NKS3010,26.14892578125,-80.16537072523585,1722.12,82.81946450227984,131.70168303242536
2024-11-21 21:43:19+00:00,NKS3010,26.149043713585804,-80.16470102163458,1714.5,82.79138091931276,131.1912894616159
2024-11-21 21:43:20+00:00,NKS3010,26.149276474774894,-80.16264108511115,1714.5,82.76307797403199,130.6809276554456
2024-11-21 21:43:21+00:00,NKS3010,26.149416131488348,-80.16137343186597,1706.88,82.76307797403199,130.6809276554456
2024-11-21 21:43:22+00:00,NKS3010,26.14947509765625,-80.16070671801299,1699.26,82.76307797403199,130.6809276554456
2024-11-21 21:43:23+00:00,NKS3010,26.149602340439618,-80.15947195199817,1699.26,82.93140488299684,129.59598951202037
2024-11-21 21:43:24+00:00,NKS3010,26.149788549390887,-80.1581514798678,1691.64,82.90330583342465,129.0854710479101
2024-11-21 21:43:25+00:00,NKS3010,26.14992820610434,-80.15688382662256,1684.02,82.90330583342465,129.0854710479101
2024-11-21 21:43:26+00:00,NKS3010,26.1500244140625,-80.15573177697524,1684.02,82.90330583342465,129.0854710479101
2024-11-21 21:43:27+00:00,NKS3010,26.150161743164062,-80.15469533092568,1668.78,83.55839990066497,128.3926904602562
2024-11-21 21:43:28+00:00,NKS3010,26.150300624006885,-80.15313368577222,1661.16,83.55839990066497,128.3926904602562
2024-11-21 21:43:29+00:00,NKS3010,26.150390625,-80.15189692659197,1653.5400000000002,84.70143493010006,128.1296083783662
2024-11-21 21:43:30+00:00,NKS3010,26.150486832958155,-80.15065119816705,1645.92,85.3893506813394,127.99631382987148
2024-11-21 21:43:31+00:00,NKS3010,26.15062648967161,-80.14874971829926,1638.3000000000002,85.84871473357832,127.91771868752431
2024-11-21 21:43:32+00:00,NKS3010,26.150665283203125,-80.14744020857898,1630.68,86.30861401354873,127.8473557624066
2024-11-21 21:43:33+00:00,NKS3010,26.1507568359375,-80.14619647331955,1623.0600000000002,86.53874612204585,127.81526569207664
2024-11-21 21:43:34+00:00,NKS3010,26.15081269862288,-80.14494675856366,1615.44,86.7689900996318,127.78523865334056
2024-11-21 21:43:35+00:00,NKS3010,26.150894165039062,-80.14360535819577,1607.8200000000002,86.7689900996318,127.78523865334056
2024-11-21 21:43:36+00:00,NKS3010,26.15090580309852,-80.14293964092548,1600.2,86.99933858653786,127.7572761008332
2024-11-21 21:43:37+00:00,NKS3010,26.150998907574152,-80.14103816105768,1592.5800000000002,86.98721249581666,127.2435402890151
2024-11-21 21:43:38+00:00,NKS3010,26.151045459811968,-80.1398233266977,1584.96,86.98721249581666,127.2435402890151
2024-11-21 21:43:39+00:00,NKS3010,26.151138564287606,-80.13855567345252,1577.34,86.98721249581666,127.2435402890151
2024-11-21 21:43:40+00:00,NKS3010,26.151185116525426,-80.13718238243689,1569.72,86.98721249581666,127.2435402890151
2024-11-21 21:43:41+00:00,NKS3010,26.15126037597656,-80.13593565742923,1569.72,86.98721249581666,127.2435402890151
2024-11-21 21:43:42+00:00,NKS3010,26.15132477323888,-80.13464707594648,1562.1,86.9749880924363,126.72981022284442
2024-11-21 21:43:44+00:00,NKS3010,26.151443481445312,-80.13225627395343,1546.86,86.74277805933305,126.75799943240204
2024-11-21 21:43:45+00:00,NKS3010,26.151443481445312,-80.13168622862617,1539.24,86.72951207681645,126.24438989198316
2024-11-21 21:43:46+00:00,NKS3010,26.151557534427965,-80.1297877385066,1531.62,86.72951207681645,126.24438989198316
2024-11-21 21:43:47+00:00,NKS3010,26.151626586914062,-80.12862871278008,1531.62,86.71613771209364,125.7307871746278
2024-11-21 21:43:48+00:00,NKS3010,26.15169719114142,-80.12725243201623,1524.0,86.71613771209364,125.7307871746278
2024-11-21 21:43:49+00:00,NKS3010,26.151763916015625,-80.12598577535374,1516.38,86.70265363297896,125.21719136429438
2024-11-21 21:43:50+00:00,NKS3010,26.15183684785487,-80.12461148775537,1508.76,86.70265363297896,125.21719136429438
2024-11-21 21:43:51+00:00,NKS3010,26.15185546875,-80.12401652785968,1501.14,86.70265363297896,125.21719136429438
2024-11-21 21:43:52+00:00,NKS3010,26.15192995233051,-80.12271000788763,1493.52,86.70265363297896,125.21719136429438
2024-11-21 21:43:53+00:00,NKS3010,26.15199279785156,-80.12137359043334,1485.9,86.68905848538856,124.70360254632324
2024-11-21 21:43:54+00:00,NKS3010,26.152023056806144,-80.12080852801984,1478.28,86.68905848538856,124.70360254632324
2024-11-21 21:43:55+00:00,NKS3010,26.152130126953125,-80.11878247530956,1470.66,86.68905848538856,124.70360254632324
2024-11-21 21:43:56+00:00,NKS3010,26.1521627135196,-80.11800912710333,1463.04,86.68905848538856,124.70360254632324
2024-11-21 21:43:57+00:00,NKS3010,26.152255817995236,-80.11631892277643,1455.42,86.68905848538856,124.70360254632324
2024-11-21 21:43:58+00:00,NKS3010,26.152313232421875,-80.11499944722874,1447.8000000000002,86.67535089288917,124.19002080746534
2024-11-21 21:43:59+00:00,NKS3010,26.152395474708687,-80.11362515963037,1440.18,86.67535089288917,124.19002080746534
2024-11-21 21:44:00+00:00,NKS3010,26.15245056152344,-80.11240833210496,1432.5600000000002,86.67535089288917,124.19002080746534
2024-11-21 21:44:01+00:00,NKS3010,26.152535131422137,-80.11124830979566,1424.94,86.67535089288917,124.19002080746534
2024-11-21 21:44:02+00:00,NKS3010,26.152535131422137,-80.11072012094348,1417.3200000000002,86.67535089288917,124.19002080746534
2024-11-21 21:44:03+00:00,NKS3010,26.152633666992188,-80.10950628316624,1409.7,86.4384669110369,124.22091689568072
2024-11-21 21:44:04+00:00,NKS3010,26.15272134037341,-80.10770944448615,1402.0800000000002,86.4384669110369,124.22091689568072
2024-11-21 21:44:05+00:00,NKS3010,26.152767892611227,-80.10649461012616,1394.46,86.42366562500266,123.7074705900545
2024-11-21 21:44:06+00:00,NKS3010,26.152862548828125,-80.10515320975827,1386.84,86.42366562500266,123.7074705900545
2024-11-21 21:44:07+00:00,NKS3010,26.152862548828125,-80.104583164431,1379.22,86.42366562500266,123.7074705900545
2024-11-21 21:44:08+00:00,NKS3010,26.152999877929688,-80.1026657392394,1371.6,86.42366562500266,123.7074705900545
2024-11-21 21:44:09+00:00,NKS3010,26.15304720603813,-80.10147681603064,1363.98,86.42366562500266,123.7074705900545
2024-11-21 21:44:10+00:00,NKS3010,26.153091430664062,-80.10080013635024,1356.36,86.40874096279447,123.1940326088608
2024-11-21 21:44:11+00:00,NKS3010,26.15318298339844,-80.09898635576354,1341.12,86.40874096279447,123.1940326088608
2024-11-21 21:44:12+00:00,NKS3010,26.153233414989405,-80.09788513183594,1333.5,86.40874096279447,123.1940326088608
2024-11-21 21:44:13+00:00,NKS3010,26.1533203125,-80.0962397737323,1325.88,86.64759275289694,123.16287892132156
2024-11-21 21:44:14+00:00,NKS3010,26.15341962394068,-80.09513854980469,1310.64,86.64759275289694,123.16287892132156
2024-11-21 21:44:15+00:00,NKS3010,26.15346617617849,-80.09371243990381,1303.02,86.64759275289694,123.16287892132156
2024-11-21 21:44:16+00:00,NKS3010,26.15355928065413,-80.09244478665863,1295.4,86.64759275289694,123.16287892132156
2024-11-21 21:44:17+00:00,NKS3010,26.153594970703125,-80.09131665499706,1287.78,86.64759275289694,123.16287892132156
2024-11-21 21:44:18+00:00,NKS3010,26.153640747070312,-80.09017656434258,1280.16,86.64759275289694,123.16287892132156
2024-11-21 21:44:19+00:00,NKS3010,26.153732299804688,-80.0889846513856,1272.54,86.88656125194278,123.13386667851148
2024-11-21 21:44:20+00:00,NKS3010,26.153778076171875,-80.08758544921875,1257.3,86.88656125194278,123.13386667851148
2024-11-21 21:44:21+00:00,NKS3010,26.153823852539062,-80.08711904849645,1249.68,87.1256382257494,123.10699739443344
2024-11-21 21:44:22+00:00,NKS3010,26.15386962890625,-80.08535709021226,1242.0600000000002,87.36481541754857,123.08227247253323
2024-11-21 21:44:23+00:00,NKS3010,26.15391540527344,-80.08385424344044,1234.44,87.60408454967826,123.05969320533453
2024-11-21 21:44:24+00:00,NKS3010,26.15397825079449,-80.08256765512317,1226.8200000000002,87.83438474709715,122.52518266764427
2024-11-21 21:44:25+00:00,NKS3010,26.15400695800781,-80.0815740621315,1219.2,88.07481629167685,122.50682141433713
2024-11-21 21:44:26+00:00,NKS3010,26.15400695800781,-80.08090037219927,1211.5800000000002,88.07481629167685,122.50682141433713
2024-11-21 21:44:27+00:00,NKS3010,26.154052734375,-80.07950117003242,1203.96,88.31531568210372,122.49061802279898
2024-11-21 21:44:28+00:00,NKS3010,26.154098510742188,-80.0784129016804,1196.34,88.55587446906415,122.47657334947154
2024-11-21 21:44:29+00:00,NKS3010,26.154117907507946,-80.07659912109375,1188.72,88.55587446906415,122.47657334947154
2024-11-21 21:44:30+00:00,NKS3010,26.15414428710937,-80.07556267504424,1173.48,88.79648419069498,122.46468813706254
2024-11-21 21:44:31+00:00,NKS3010,26.15414428710937,-80.07488898511201,1165.86,89.03713637436378,122.45496301434972
2024-11-21 21:44:32+00:00,NKS3010,26.15421101198358,-80.07306025578424,1158.24,89.03713637436378,122.45496301434972
2024-11-21 21:44:33+00:00,NKS3010,26.15419006347656,-80.07172782466097,1150.62,89.03713637436378,122.45496301434972
2024-11-21 21:44:35+00:00,NKS3010,26.15423583984375,-80.06960311025944,1135.38,89.2778225384552,122.44739849601464
2024-11-21 21:44:36+00:00,NKS3010,26.1542575642214,-80.06830655611475,1135.38,89.51853419416165,122.44199498250644
2024-11-21 21:44:37+00:00,NKS3010,26.1542575642214,-80.06714454064002,1127.76,89.51853419416165,122.44199498250644
2024-11-21 21:44:38+00:00,NKS3010,26.1542575642214,-80.06582406850958,1120.14,89.51650278910974,121.92756922229086
2024-11-21 21:44:39+00:00,NKS3010,26.1542575642214,-80.0646092341496,1120.14,89.51650278910974,121.92756922229086
2024-11-21 21:44:40+00:00,NKS3010,26.1542575642214,-80.06334158090442,1112.52,89.51650278910974,121.92756922229086
2024-11-21 21:44:41+00:00,NKS3010,26.1542575642214,-80.0619682898888,1112.52,89.75722272623318,121.40987391883658
2024-11-21 21:44:42+00:00,NKS3010,26.154304116459212,-80.06064781775842,1104.9,89.75722272623318,121.40987391883658
2024-11-21 21:44:43+00:00,NKS3010,26.154304116459212,-80.05948580228363,1104.9,90.0,120.89434
2024-11-21 21:44:44+00:00,NKS3010,26.154281616210938,-80.05846131522702,1097.28,90.0,120.379896
2024-11-21 21:44:45+00:00,NKS3010,26.1542575642214,-80.05732022798975,1097.28,90.24590312327072,119.8665559519979
2024-11-21 21:44:46+00:00,NKS3010,26.1542575642214,-80.05621103140021,1089.66,90.24590312327072,119.8665559519979
2024-11-21 21:44:47+00:00,NKS3010,26.1542575642214,-80.05504901592548,1089.66,90.24696303742626,119.35211671036755
2024-11-21 21:44:48+00:00,NKS3010,26.1542575642214,-80.05383418156549,1082.04,90.49391689861876,119.3554427796764
2024-11-21 21:44:49+00:00,NKS3010,26.15423583984375,-80.05265721734963,1082.04,90.49605496039526,118.84101797713885
2024-11-21 21:44:50+00:00,NKS3010,26.1542575642214,-80.0509291428786,1074.42,90.49605496039526,118.84101797713885
2024-11-21 21:44:51+00:00,NKS3010,26.15421101198358,-80.05029531625598,1074.42,90.74729387682606,118.33218478062771
2024-11-21 21:44:52+00:00,NKS3010,26.15421101198358,-80.0490276630108,1066.8,90.74729387682606,118.33218478062771
2024-11-21 21:44:53+00:00,NKS3010,26.15421101198358,-80.04791846642127,1066.8,90.75055679636428,117.81778472787204
2024-11-21 21:44:54+00:00,NKS3010,26.15416445974576,-80.04691490760217,1059.18,90.75055679636428,117.81778472787204
2024-11-21 21:44:55+00:00,NKS3010,26.15416445974576,-80.04554161658655,1059.18,91.0050860052542,117.31128127794018
2024-11-21 21:44:56+00:00,NKS3010,26.15414428710937,-80.04405471513854,1051.56,91.0095127826164,116.79691677786327
2024-11-21 21:44:57+00:00,NKS3010,26.15414428710937,-80.04338102520637,1051.56,91.0095127826164,116.79691677786327
2024-11-21 21:44:58+00:00,NKS3010,26.154117907507946,-80.04221402681787,1051.56,91.01397872278532,116.282552981161
2024-11-21 21:44:59+00:00,NKS3010,26.154098510742188,-80.0408935546875,1043.94,91.26739898523329,116.29279428012184
2024-11-21 21:45:00+00:00,NKS3010,26.154052734375,-80.03964981942806,1043.94,91.27303002005672,115.77847669467069
2024-11-21 21:45:01+00:00,NKS3010,26.154071355270126,-80.0389920748197,1036.3200000000002,91.2787113070498,115.26416023750112
2024-11-21 21:45:02+00:00,NKS3010,26.154024803032307,-80.0373018704928,1028.7,91.2787113070498,115.26416023750112
2024-11-21 21:45:03+00:00,NKS3010,26.15400695800781,-80.03612590285968,1028.7,91.2787113070498,115.26416023750112
2024-11-21 21:45:04+00:00,NKS3010,26.153961181640625,-80.03508945681011,1021.08,91.2844435218008,114.7498449237843
2024-11-21 21:45:05+00:00,NKS3010,26.153961181640625,-80.03394936615564,1013.46,91.2844435218008,114.7498449237843
2024-11-21 21:45:06+00:00,NKS3010,26.15391540527344,-80.0327056308962,1013.46,91.2844435218008,114.7498449237843
2024-11-21 21:45:07+00:00,NKS3010,26.153885146318856,-80.03170306865985,1005.84,91.5412186437239,114.76252911535646
