Timestamp,Callsign,lat,lon,Altitude,Speed,Direction
2025-08-16 12:41:54+00:00,TXG403,25.7618408203125,-80.16774495442706,1005.84,119.33367462867488,133.3640878988226
2025-08-16 12:41:55+00:00,TXG403,25.761310124801376,-80.16671810510024,1013.46,119.52598731124174,133.61686406107037
2025-08-16 12:41:56+00:00,TXG403,25.760704945709744,-80.16557801444577,1028.7,119.417636233689,134.06473810257927
2025-08-16 12:41:57+00:00,TXG403,25.76019287109375,-80.1645415683962,1036.3200000000002,119.417636233689,134.06473810257927
2025-08-16 12:41:58+00:00,TXG403,25.759494587526483,-80.1631941885318,1051.56,119.31000707091616,134.51308839205964
2025-08-16 12:41:59+00:00,TXG403,25.7589111328125,-80.1619974772135,1059.18,119.31000707091616,134.51308839205964
2025-08-16 12:42:00+00:00,TXG403,25.758563542770126,-80.16132858564265,1066.8,119.20309338402984,134.96191018315207
2025-08-16 12:42:01+00:00,TXG403,25.75786525920286,-80.16003302808076,1082.04,119.20309338402984,134.96191018315207
2025-08-16 12:42:02+00:00,TXG403,25.757260080111227,-80.15873747051887,1097.28,119.09688879952802,135.41119878746596
2025-08-16 12:42:03+00:00,TXG403,25.75643920898437,-80.15716552734375,1112.52,119.09688879952802,135.41119878746596
2025-08-16 12:42:04+00:00,TXG403,25.755844116210938,-80.1558939615885,1127.76,119.09688879952802,135.41119878746596
2025-08-16 12:42:05+00:00,TXG403,25.755523681640625,-80.15533447265625,1127.76,118.99138700868036,135.86094957378415
2025-08-16 12:42:06+00:00,TXG403,25.754653930664062,-80.15355428059894,1150.62,118.8012714263725,135.61235636423638
2025-08-16 12:42:07+00:00,TXG403,25.754094527939618,-80.15241514961673,1165.86,118.8012714263725,135.61235636423638
2025-08-16 12:42:08+00:00,TXG403,25.753829956054688,-80.15187581380206,1165.86,118.8012714263725,135.61235636423638
2025-08-16 12:42:09+00:00,TXG403,25.753189086914062,-80.15060424804688,1181.1,118.8012714263725,135.61235636423638
2025-08-16 12:42:10+00:00,TXG403,25.75237209514036,-80.14899487765331,1203.96,118.69690465093576,136.0633873088224
2025-08-16 12:42:11+00:00,TXG403,25.751813468286542,-80.14785478699883,1211.5800000000002,118.69690465093576,136.0633873088224
2025-08-16 12:42:12+00:00,TXG403,25.751220703125,-80.14658610026038,1226.8200000000002,118.69690465093576,136.0633873088224
2025-08-16 12:42:13+00:00,TXG403,25.7506496623411,-80.14547096108487,1242.0600000000002,118.69690465093576,136.0633873088224
2025-08-16 12:42:14+00:00,TXG403,25.75030517578125,-80.14475504557288,1249.68,118.5932278530974,136.51486673069292
2025-08-16 12:42:15+00:00,TXG403,25.749481201171875,-80.14317830403644,1264.92,118.7824668931816,136.7618194487355
2025-08-16 12:42:16+00:00,TXG403,25.748787572828387,-80.14179157760907,1280.16,118.7824668931816,136.7618194487355
2025-08-16 12:42:17+00:00,TXG403,25.748291015625,-80.14073689778644,1295.4,118.7824668931816,136.7618194487355
2025-08-16 12:42:18+00:00,TXG403,25.74767031912076,-80.13951139630012,1303.02,118.7824668931816,136.7618194487355
2025-08-16 12:42:19+00:00,TXG403,25.747111692266948,-80.13831948334314,1318.26,118.67903626938067,137.21292955379622
2025-08-16 12:42:20+00:00,TXG403,25.74678039550781,-80.13763427734375,1325.88,118.67903626938067,137.21292955379622
2025-08-16 12:42:21+00:00,TXG403,25.746414184570312,-80.13692220052081,1333.5,118.67903626938067,137.21292955379622
2025-08-16 12:42:22+00:00,TXG403,25.74538925946769,-80.13489921137972,1356.36,118.67903626938067,137.21292955379622
2025-08-16 12:42:23+00:00,TXG403,25.74481201171875,-80.13371785481769,1371.6,118.67903626938067,137.21292955379622
2025-08-16 12:42:24+00:00,TXG403,25.744216918945312,-80.13254801432288,1386.84,118.67903626938067,137.21292955379622
2025-08-16 12:42:25+00:00,TXG403,25.743667602539062,-80.13137817382812,1394.46,118.3879196635404,137.41915332067123
2025-08-16 12:42:27+00:00,TXG403,25.74238586425781,-80.12873331705725,1424.94,118.57628383970932,137.66448387220225
2025-08-16 12:42:28+00:00,TXG403,25.741851289393537,-80.12769591133548,1440.18,118.57628383970932,137.66448387220225
2025-08-16 12:42:29+00:00,TXG403,25.741241455078125,-80.12644449869788,1455.42,118.57628383970932,137.66448387220225
2025-08-16 12:42:30+00:00,TXG403,25.74068748344809,-80.12531208542157,1463.04,118.57628383970932,137.66448387220225
2025-08-16 12:42:31+00:00,TXG403,25.74005126953125,-80.12400309244788,1478.28,118.47420361007435,138.11647804705592
2025-08-16 12:42:32+00:00,TXG403,25.739501953125,-80.12288411458331,1493.52,118.47420361007435,138.11647804705592
2025-08-16 12:42:33+00:00,TXG403,25.7388719461732,-80.12152905734081,1508.76,118.28627616573009,137.87195178024135
2025-08-16 12:42:34+00:00,TXG403,25.738311767578125,-80.12039184570312,1516.38,118.18529843208202,138.32518129854205
2025-08-16 12:42:35+00:00,TXG403,25.737801244703387,-80.11935252063677,1531.62,117.99714736124264,138.08294125670673
2025-08-16 12:42:36+00:00,TXG403,25.73710296113612,-80.11795331846992,1546.86,117.70890809483892,138.29743618386271
2025-08-16 12:42:37+00:00,TXG403,25.736544334282307,-80.11665776090803,1562.1,117.23235953291308,138.27925533165126
2025-08-16 12:42:38+00:00,TXG403,25.73593139648437,-80.1153564453125,1569.72,116.46987555114204,138.50013434075225
2025-08-16 12:42:39+00:00,TXG403,25.735382080078125,-80.11408487955725,1584.96,115.99401580396324,138.50682214537437
2025-08-16 12:42:40+00:00,TXG403,25.73492431640625,-80.11301676432288,1600.2,115.23503984880234,138.767395120628
2025-08-16 12:42:41+00:00,TXG403,25.73444948358051,-80.11178646447524,1607.8200000000002,114.7603086303817,138.79885981277363
2025-08-16 12:42:42+00:00,TXG403,25.733890856726696,-80.1104909069133,1623.0600000000002,114.09201952899036,138.6290565406105
2025-08-16 12:42:43+00:00,TXG403,25.733378782110695,-80.1091435270489,1638.3000000000002,113.33786048611042,138.95036255209487
2025-08-16 12:42:44+00:00,TXG403,25.732955932617188,-80.10798136393225,1645.92,113.33786048611042,138.95036255209487
2025-08-16 12:42:45+00:00,TXG403,25.73244773735434,-80.10655241192512,1661.16,112.19545952867897,138.9036906440248
2025-08-16 12:42:46+00:00,TXG403,25.731982214976163,-80.10525685436318,1676.4,111.52538240186465,138.8064865428092
2025-08-16 12:42:47+00:00,TXG403,25.73147014036017,-80.10380582989387,1691.64,111.52538240186465,138.8064865428092
2025-08-16 12:42:48+00:00,TXG403,25.73100461798199,-80.10240662772702,1706.88,110.38212101112974,138.84747303934603
2025-08-16 12:42:49+00:00,TXG403,25.730621337890625,-80.10121663411456,1722.12,110.38212101112974,138.84747303934603
2025-08-16 12:42:50+00:00,TXG403,25.73021322993909,-80.0999709795106,1729.74,109.63958908206966,139.28612863973075
2025-08-16 12:42:51+00:00,TXG403,25.72998046875,-80.09918212890625,1737.36,109.36976203490136,139.59928724409195
2025-08-16 12:42:52+00:00,TXG403,25.729476928710938,-80.09770711263019,1752.6,109.36976203490136,139.59928724409195
2025-08-16 12:42:53+00:00,TXG403,25.72911071777344,-80.09638468424475,1767.84,109.10114879310515,139.91552800597196
2025-08-16 12:42:54+00:00,TXG403,25.7286770060911,-80.09515150538027,1775.46,109.29997616354568,140.08471650328335
2025-08-16 12:42:55+00:00,TXG403,25.728103637695312,-80.09323120117188,1790.7,109.29997616354568,140.08471650328335
2025-08-16 12:42:56+00:00,TXG403,25.72787475585937,-80.09251912434894,1798.3200000000002,109.29997616354568,140.08471650328335
2025-08-16 12:42:57+00:00,TXG403,25.727508544921875,-80.09140014648438,1813.56,109.49832146067692,140.25558785188872
2025-08-16 12:42:58+00:00,TXG403,25.727094230005296,-80.09017656434258,1821.18,109.49832146067692,140.25558785188872
2025-08-16 12:42:59+00:00,TXG403,25.72640991210937,-80.08804321289062,1844.04,109.69618169906492,140.42813590876568
2025-08-16 12:43:00+00:00,TXG403,25.72618103027344,-80.08733113606769,1851.66,109.69618169906492,140.42813590876568
2025-08-16 12:43:01+00:00,TXG403,25.72551145391949,-80.0853052679098,1874.52,109.69618169906492,140.42813590876568
2025-08-16 12:43:02+00:00,TXG403,25.725325244968214,-80.08473522258254,1874.52,109.89355395413416,140.60235450091486
2025-08-16 12:43:03+00:00,TXG403,25.72494506835937,-80.08351643880206,1889.76,109.89355395413416,140.60235450091486
2025-08-16 12:43:04+00:00,TXG403,25.7244873046875,-80.08219592976121,1905.0,110.09043536204132,140.77823742627749
2025-08-16 12:43:05+00:00,TXG403,25.72402178230932,-80.08074490529185,1912.62,110.09043536204132,140.77823742627749
2025-08-16 12:43:06+00:00,TXG403,25.72352600097656,-80.079345703125,1927.86,110.09043536204132,140.77823742627749
2025-08-16 12:43:07+00:00,TXG403,25.723159790039062,-80.078125,1943.1,110.09043536204132,140.77823742627749
2025-08-16 12:43:08+00:00,TXG403,25.72276487188824,-80.07696187721109,1950.72,110.28682311953412,140.9557784546489
2025-08-16 12:43:09+00:00,TXG403,25.722381591796875,-80.07583618164062,1965.96,110.28682311953412,140.9557784546489
2025-08-16 12:43:10+00:00,TXG403,25.721969604492188,-80.07456461588538,1981.2,110.28682311953412,140.9557784546489
2025-08-16 12:43:11+00:00,TXG403,25.721135543564618,-80.07209058077831,2004.06,110.28682311953412,140.9557784546489
2025-08-16 12:43:12+00:00,TXG403,25.720916748046875,-80.07146199544269,2011.68,110.28682311953412,140.9557784546489
2025-08-16 12:43:13+00:00,TXG403,25.72032165527344,-80.06973266601562,2026.92,110.28682311953412,140.9557784546489
2025-08-16 12:43:14+00:00,TXG403,25.71981811523437,-80.06820678710938,2042.16,110.21456739256618,141.4384232935347
2025-08-16 12:43:15+00:00,TXG403,25.719406127929688,-80.06693522135413,2057.4,110.21456739256618,141.4384232935347
2025-08-16 12:43:16+00:00,TXG403,25.718902587890625,-80.06551106770831,2072.6400000000003,110.21456739256618,141.4384232935347
2025-08-16 12:43:17+00:00,TXG403,25.71866827496028,-80.06473181382665,2080.26,110.21456739256618,141.4384232935347
2025-08-16 12:43:18+00:00,TXG403,25.718202752582098,-80.0633326116598,2087.88,110.33754542473532,142.0992668706964
2025-08-16 12:43:19+00:00,TXG403,25.71773723020392,-80.0619334094929,2103.12,110.33754542473532,142.0992668706964
2025-08-16 12:43:20+00:00,TXG403,25.71750446901483,-80.06125971956072,2110.74,110.33754542473532,142.0992668706964
2025-08-16 12:43:21+00:00,TXG403,25.716705322265625,-80.058848063151,2125.98,110.33754542473532,142.0992668706964
2025-08-16 12:43:22+00:00,TXG403,25.716476440429688,-80.05818684895831,2133.6,110.26569747094752,142.5817532495339
2025-08-16 12:43:23+00:00,TXG403,25.715744018554688,-80.05605061848956,2156.46,110.26569747094752,142.5817532495339
2025-08-16 12:43:24+00:00,TXG403,25.71536306607521,-80.05478193175117,2164.08,110.26569747094752,142.5817532495339
2025-08-16 12:43:25+00:00,TXG403,25.715103149414062,-80.05401611328125,2171.7000000000003,110.26569747094752,142.5817532495339
2025-08-16 12:43:26+00:00,TXG403,25.714599609375,-80.05259195963538,2186.94,110.45938435892413,142.76075902408974
2025-08-16 12:43:27+00:00,TXG403,25.714152707891948,-80.05120619288027,2194.56,110.38745787232162,143.24286487261446
2025-08-16 12:43:28+00:00,TXG403,25.71373373775159,-80.05001427992335,2209.8,110.38745787232162,143.24286487261446
2025-08-16 12:43:29+00:00,TXG403,25.71331787109375,-80.048828125,2217.42,110.38745787232162,143.24286487261446
2025-08-16 12:43:30+00:00,TXG403,25.7127095885196,-80.04700858637972,2232.6600000000003,110.38745787232162,143.24286487261446
2025-08-16 12:43:31+00:00,TXG403,25.712290618379235,-80.04576485112028,2247.9,110.3160140326443,143.72519494490942
2025-08-16 12:43:32+00:00,TXG403,25.711944580078125,-80.04465738932288,2255.52,110.3160140326443,143.72519494490942
2025-08-16 12:43:33+00:00,TXG403,25.711441040039062,-80.04313151041663,2270.76,110.3160140326443,143.72519494490942
2025-08-16 12:43:34+00:00,TXG403,25.711166381835938,-80.04241943359375,2278.38,110.3160140326443,143.72519494490942
2025-08-16 12:43:35+00:00,TXG403,25.71052163334216,-80.04037533166274,2293.62,110.3160140326443,143.72519494490942
2025-08-16 12:43:36+00:00,TXG403,25.709976196289062,-80.03880818684894,2308.86,110.3160140326443,143.72519494490942
2025-08-16 12:43:37+00:00,TXG403,25.709544036347985,-80.03757692732898,2316.48,110.3160140326443,143.72519494490942
2025-08-16 12:43:38+00:00,TXG403,25.709197998046875,-80.03646850585938,2331.7200000000003,110.3160140326443,143.72519494490942
2025-08-16 12:43:39+00:00,TXG403,25.708706096067267,-80.03498581220515,2346.96,110.3160140326443,143.72519494490942
2025-08-16 12:43:40+00:00,TXG403,25.70824057368909,-80.03369025464326,2354.58,110.3160140326443,143.72519494490942
2025-08-16 12:43:41+00:00,TXG403,25.70777505131091,-80.03218740787145,2369.82,110.3160140326443,143.72519494490942
2025-08-16 12:43:42+00:00,TXG403,25.707309528932733,-80.03084002800705,2385.06,110.3160140326443,143.72519494490942
2025-08-16 12:43:43+00:00,TXG403,25.707076767743644,-80.03016633807488,2392.6800000000003,110.3160140326443,143.72519494490942
2025-08-16 12:43:44+00:00,TXG403,25.70635986328125,-80.02802530924475,2407.92,110.24504821803976,144.20774699109828
2025-08-16 12:43:45+00:00,TXG403,25.706099170749468,-80.02726428913621,2423.1600000000003,110.24504821803976,144.20774699109828
2025-08-16 12:43:46+00:00,TXG403,25.70563364837129,-80.02581326466685,2430.78,110.24504821803976,144.20774699109828
2025-08-16 12:43:47+00:00,TXG403,25.70521467823093,-80.02451770710496,2446.02,110.05304335565948,144.03053959082902
2025-08-16 12:43:48+00:00,TXG403,25.7047119140625,-80.02304077148438,2461.26,110.05304335565948,144.03053959082902
2025-08-16 12:43:49+00:00,TXG403,25.70423708123676,-80.02166748046875,2476.5,110.05304335565948,144.03053959082902
2025-08-16 12:43:50+00:00,TXG403,25.704025268554688,-80.02090454101562,2484.1200000000003,110.05304335565948,144.03053959082902
2025-08-16 12:43:51+00:00,TXG403,25.703521728515625,-80.01942952473956,2499.36,110.05304335565948,144.03053959082902
2025-08-16 12:43:52+00:00,TXG403,25.70302672305349,-80.0180399192954,2506.98,110.05304335565948,144.03053959082902
2025-08-16 12:43:53+00:00,TXG403,25.702606201171875,-80.01668294270831,2522.2200000000003,110.05304335565948,144.03053959082902
2025-08-16 12:43:54+00:00,TXG403,25.702002573821503,-80.01482693654185,2545.08,110.05304335565948,144.03053959082902
2025-08-16 12:43:55+00:00,TXG403,25.701537051443324,-80.01353137897996,2560.32,110.12345107774296,143.54739184161082
2025-08-16 12:43:56+00:00,TXG403,25.701118081302965,-80.01218399911556,2575.56,110.12345107774296,143.54739184161082
2025-08-16 12:43:57+00:00,TXG403,25.70086669921875,-80.01154581705725,2575.56,110.12345107774296,143.54739184161082
2025-08-16 12:43:58+00:00,TXG403,25.700419797735695,-80.01005928471403,2598.42,110.12345107774296,143.54739184161082
2025-08-16 12:43:59+00:00,TXG403,25.699951171875,-80.00874837239581,2606.04,110.12345107774296,143.54739184161082
2025-08-16 12:44:00+00:00,TXG403,25.699493408203125,-80.00742594401038,2621.28,110.12345107774296,143.54739184161082
2025-08-16 12:44:01+00:00,TXG403,25.699023230601163,-80.00591350051593,2636.52,110.12345107774296,143.54739184161082
2025-08-16 12:44:02+00:00,TXG403,25.69857788085937,-80.00467936197913,2651.76,110.12345107774296,143.54739184161082
2025-08-16 12:44:03+00:00,TXG403,25.697905976893537,-80.00264869545987,2667.0,110.12345107774296,143.54739184161082
2025-08-16 12:44:04+00:00,TXG403,25.697533558990997,-80.00140496020049,2682.24,110.12345107774296,143.54739184161082
2025-08-16 12:44:05+00:00,TXG403,25.69725424556409,-80.00067944796581,2689.86,110.05304335565948,144.03053959082902
2025-08-16 12:44:06+00:00,TXG403,25.696609497070312,-79.99872843424475,2705.1,110.05304335565948,144.03053959082902
2025-08-16 12:44:07+00:00,TXG403,25.696197509765625,-79.99745686848956,2720.34,110.05304335565948,144.03053959082902
2025-08-16 12:44:08+00:00,TXG403,25.69595078290519,-79.99668913067512,2727.96,110.05304335565948,144.03053959082902
2025-08-16 12:44:09+00:00,TXG403,25.69557836500265,-79.99554904002065,2735.58,110.05304335565948,144.03053959082902
2025-08-16 12:44:10+00:00,TXG403,25.69506629038665,-79.99404619324883,2750.82,110.05304335565948,144.03053959082902
2025-08-16 12:44:11+00:00,TXG403,25.694503784179688,-79.99226888020831,2766.06,110.05304335565948,144.03053959082902
2025-08-16 12:44:12+00:00,TXG403,25.69404602050781,-79.9908447265625,2781.3,110.05304335565948,144.03053959082902
2025-08-16 12:44:13+00:00,TXG403,25.69354248046875,-79.98942057291663,2796.54,110.05304335565948,144.03053959082902
2025-08-16 12:44:14+00:00,TXG403,25.693359375,-79.98886108398438,2796.54,109.8605676141446,143.85495362572811
2025-08-16 12:44:15+00:00,TXG403,25.692645574020126,-79.98673924859963,2819.4,110.05304335565948,144.03053959082902
2025-08-16 12:44:16+00:00,TXG403,25.692214965820312,-79.9853515625,2834.6400000000003,110.05304335565948,144.03053959082902
2025-08-16 12:44:17+00:00,TXG403,25.69194729045286,-79.98451088959314,2842.26,110.05304335565948,144.03053959082902
2025-08-16 12:44:18+00:00,TXG403,25.691482543945312,-79.983164469401,2849.88,109.98310652189998,144.51390338088592
2025-08-16 12:44:19+00:00,TXG403,25.6907958984375,-79.9810791015625,2872.74,109.98310652189998,144.51390338088592
2025-08-16 12:44:20+00:00,TXG403,25.690550723318324,-79.98036510539504,2872.74,109.98310652189998,144.51390338088592
2025-08-16 12:44:21+00:00,TXG403,25.68989899198888,-79.97834403559847,2887.98,109.98310652189998,144.51390338088592
2025-08-16 12:44:22+00:00,TXG403,25.689712783037606,-79.97767034566624,2895.6000000000004,109.91363607456962,144.99748105119957
2025-08-16 12:44:23+00:00,TXG403,25.689285278320312,-79.97639973958331,2910.84,109.91363607456962,144.99748105119957
2025-08-16 12:44:24+00:00,TXG403,25.689010620117188,-79.97563680013019,2910.84,109.91363607456962,144.99748105119957
2025-08-16 12:44:25+00:00,TXG403,25.688362768140887,-79.97368002837555,2926.08,109.91363607456962,144.99748105119957
2025-08-16 12:44:26+00:00,TXG403,25.687911987304688,-79.97227986653644,2941.32,109.84462756613166,145.48127046896516
2025-08-16 12:44:27+00:00,TXG403,25.68743172338453,-79.9708298017394,2948.94,109.84462756613166,145.48127046896516
2025-08-16 12:44:28+00:00,TXG403,25.686767578125,-79.96882120768225,2964.1800000000003,109.84462756613166,145.48127046896516
2025-08-16 12:44:29+00:00,TXG403,25.686547230865997,-79.96803139740564,2971.8,109.84462756613166,145.48127046896516
2025-08-16 12:44:30+00:00,TXG403,25.68594205177436,-79.96616579451648,2987.04,109.7760766026392,145.9652695287262
2025-08-16 12:44:31+00:00,TXG403,25.685476529396187,-79.9648702369546,3002.28,109.96587470903214,146.14013092240245
2025-08-16 12:44:32+00:00,TXG403,25.685290320444917,-79.96419654702237,3002.28,109.96587470903214,146.14013092240245
2025-08-16 12:44:33+00:00,TXG403,25.684844970703125,-79.96281941731769,3017.52,109.897231616909,146.6237600888911
2025-08-16 12:44:34+00:00,TXG403,25.68438720703125,-79.9615478515625,3025.1400000000003,109.897231616909,146.6237600888911
2025-08-16 12:44:35+00:00,TXG403,25.68397521972656,-79.96022542317706,3032.76,109.897231616909,146.6237600888911
2025-08-16 12:44:36+00:00,TXG403,25.683151245117188,-79.95773315429688,3055.6200000000003,109.897231616909,146.6237600888911
2025-08-16 12:44:38+00:00,TXG403,25.682281494140625,-79.955088297526,3070.86,110.01730274554062,147.2829003894622
2025-08-16 12:44:39+00:00,TXG403,25.681869506835938,-79.95381673177081,3078.48,110.01730274554062,147.2829003894622
2025-08-16 12:44:40+00:00,TXG403,25.681473036943856,-79.95264017357016,3086.1000000000004,109.94902218355712,147.7663713915874
2025-08-16 12:44:41+00:00,TXG403,25.681100619041317,-79.95144826061318,3093.7200000000003,109.94902218355712,147.7663713915874
2025-08-16 12:44:43+00:00,TXG403,25.68013000488281,-79.94857788085938,3108.96,110.00001790851428,148.90910157596062
2025-08-16 12:44:44+00:00,TXG403,25.679672241210938,-79.94720458984375,3116.5800000000004,109.93253656193951,149.3926243662614
2025-08-16 12:44:45+00:00,TXG403,25.679214477539062,-79.94572957356769,3124.2000000000003,110.05023687139668,150.05194792595776
2025-08-16 12:44:46+00:00,TXG403,25.678586798199152,-79.94383038214914,3131.82,110.05023687139668,150.05194792595776
2025-08-16 12:44:47+00:00,TXG403,25.678298950195312,-79.94303385416663,3131.82,110.16690687556378,150.7118991593774
2025-08-16 12:44:48+00:00,TXG403,25.67784118652344,-79.941660563151,3131.82,110.0996966099858,151.19490780737382
2025-08-16 12:44:49+00:00,TXG403,25.67738342285156,-79.940185546875,3139.44,110.21527338817351,151.8551202116909
2025-08-16 12:44:50+00:00,TXG403,25.6768798828125,-79.93865966796875,3147.06,110.14841414028784,152.33797866480168
2025-08-16 12:44:51+00:00,TXG403,25.676352290783896,-79.93719712743217,3154.6800000000003,110.26291706722702,152.9984478583989
2025-08-16 12:44:52+00:00,TXG403,25.67588676840572,-79.93569428066036,3154.6800000000003,110.1964059757122,153.4811580187165
2025-08-16 12:44:53+00:00,TXG403,25.67546779826536,-79.93450236770343,3162.3,110.3764352138364,153.65952284514415
2025-08-16 12:44:54+00:00,TXG403,25.67495572364936,-79.9329476986291,3169.92,110.30985393213504,154.1418797275506
2025-08-16 12:44:55+00:00,TXG403,25.67445373535156,-79.93153889973956,3169.92,110.24368814541408,154.6244434626888
2025-08-16 12:44:56+00:00,TXG403,25.67417907714844,-79.930674235026,3177.54,110.35609953429524,155.28541351684487
2025-08-16 12:44:57+00:00,TXG403,25.673419499801376,-79.9283355137087,3185.1600000000003,110.29027621184296,155.76783266071857
2025-08-16 12:44:58+00:00,TXG403,25.67294311523437,-79.92691040039062,3192.78,110.22485943116808,156.25045612028146
2025-08-16 12:44:59+00:00,TXG403,25.672622680664062,-79.92604573567706,3192.78,110.22485943116808,156.25045612028146
2025-08-16 12:45:00+00:00,TXG403,25.671929828191207,-79.92393061799822,3200.4,110.33618528753644,156.91132334468523
2025-08-16 12:45:01+00:00,TXG403,25.67141775357521,-79.9223759489239,3208.02,110.27110298812693,157.39380340494756
2025-08-16 12:45:02+00:00,TXG403,25.670905678959212,-79.92082127984963,3215.6400000000003,110.2064185629561,157.8764853042671
2025-08-16 12:45:03+00:00,TXG403,25.670393604343214,-79.91937025538027,3215.6400000000003,110.31667951203976,158.53725173928655
2025-08-16 12:45:04+00:00,TXG403,25.66992808196504,-79.91791923091097,3223.26,110.2523218573346,159.0197914138855
2025-08-16 12:45:05+00:00,TXG403,25.66969532077595,-79.91724554097874,3223.26,110.36160327538616,159.68079895249747
2025-08-16 12:45:06+00:00,TXG403,25.66918324615996,-79.91569087190447,3230.88,110.36160327538616,159.68079895249747
2025-08-16 12:45:07+00:00,TXG403,25.66841125488281,-79.91343180338538,3238.5,110.2975697722287,160.1631981351965
2025-08-16 12:45:08+00:00,TXG403,25.66792633573888,-79.91201148842862,3246.1200000000003,110.23392091765164,160.6457961632945
2025-08-16 12:45:09+00:00,TXG403,25.667460813360695,-79.91056046395931,3246.1200000000003,110.1706534118504,161.12859125009936
2025-08-16 12:45:10+00:00,TXG403,25.6669921875,-79.90921020507812,3253.74,110.27884413207082,161.78916198968713
2025-08-16 12:45:11+00:00,TXG403,25.66644287109375,-79.90758260091144,3261.36,110.27884413207082,161.78916198968713
2025-08-16 12:45:12+00:00,TXG403,25.66592458951271,-79.90605192364387,3261.36,110.21588874398398,162.27181714994316
2025-08-16 12:45:13+00:00,TXG403,25.66569182832362,-79.90532641140919,3268.98,110.15330682457748,162.75466706126198
2025-08-16 12:45:14+00:00,TXG403,25.66490044028072,-79.90283894089032,3276.6000000000004,110.09109520840568,163.23770999544854
2025-08-16 12:45:15+00:00,TXG403,25.664388365664724,-79.90143973872347,3284.2200000000003,110.19821436433378,163.8978538905654
2025-08-16 12:45:16+00:00,TXG403,25.664108276367188,-79.90061442057288,3284.2200000000003,110.19821436433378,163.8978538905654
2025-08-16 12:45:17+00:00,TXG403,25.663364216432733,-79.89827857827237,3291.84,110.24249975681548,165.0411400104089
2025-08-16 12:45:18+00:00,TXG403,25.66314697265625,-79.89761352539062,3291.84,110.24249975681548,165.0411400104089
2025-08-16 12:45:19+00:00,TXG403,25.66259765625,-79.89608764648438,3299.46,110.18088723756554,165.52390592088022
2025-08-16 12:45:20+00:00,TXG403,25.66192109706038,-79.8940291494693,3307.0800000000004,110.11963314081832,166.0068621230209
2025-08-16 12:45:21+00:00,TXG403,25.66122436523437,-79.89186604817706,3307.0800000000004,110.22485943116808,166.6671531949669
2025-08-16 12:45:22+00:00,TXG403,25.660943500066207,-79.89107527822819,3314.7000000000003,110.1638972324686,167.1499727946684
2025-08-16 12:45:23+00:00,TXG403,25.660446166992188,-79.88957722981769,3314.7000000000003,110.1638972324686,167.1499727946684
2025-08-16 12:45:24+00:00,TXG403,25.65975952148437,-79.88749186197913,3322.32,110.10328627121532,167.63298053086237
2025-08-16 12:45:25+00:00,TXG403,25.659267619504767,-79.88599669258548,3329.94,110.14723460802834,168.77605408290327
2025-08-16 12:45:26+00:00,TXG403,25.65875554488877,-79.88444202351121,3329.94,110.14723460802834,168.77605408290327
2025-08-16 12:45:27+00:00,TXG403,25.65829002251059,-79.88309464364681,3337.56,110.08725350057333,169.2591123218245
2025-08-16 12:45:28+00:00,TXG403,25.65749863446769,-79.8806589954304,3345.1800000000003,110.13088999482576,170.40214937293047
2025-08-16 12:45:30+00:00,TXG403,25.656707246424787,-79.87822334721403,3352.8,110.07152586453874,170.8852571138489
2025-08-16 12:45:31+00:00,TXG403,25.6563720703125,-79.8773193359375,3352.8,110.01249650624872,171.3685472660495
2025-08-16 12:45:32+00:00,TXG403,25.655548095703125,-79.87472534179688,3360.42,110.11485437749045,172.02825826769467
2025-08-16 12:45:33+00:00,TXG403,25.65493826138771,-79.8729374723614,3368.04,110.05609473657545,172.51141453927968
2025-08-16 12:45:34+00:00,TXG403,25.654379634533896,-79.87127915868217,3375.6600000000003,110.05609473657545,172.51141453927968
2025-08-16 12:45:36+00:00,TXG403,25.653488159179688,-79.86857096354163,3383.28,110.04095181220428,174.13758424419146
2025-08-16 12:45:37+00:00,TXG403,25.65293884277344,-79.86684163411456,3383.28,110.04095181220428,174.13758424419146
2025-08-16 12:45:38+00:00,TXG403,25.652618408203125,-79.86587524414062,3390.9,110.14158074052143,174.79744286960036
2025-08-16 12:45:39+00:00,TXG403,25.651912365929554,-79.86386856942806,3398.52,110.24145247429328,175.45783662069945
2025-08-16 12:45:40+00:00,TXG403,25.651657104492188,-79.86297607421875,3398.52,110.18349064448456,175.94060010950355
2025-08-16 12:45:41+00:00,TXG403,25.65106201171875,-79.86124674479163,3406.1400000000003,110.2825590889166,176.60121483311468
2025-08-16 12:45:42+00:00,TXG403,25.650189933130296,-79.85863451687794,3406.1400000000003,110.2825590889166,176.60121483311468
2025-08-16 12:45:43+00:00,TXG403,25.64955139160156,-79.85677083333331,3413.76,110.22485943116808,177.08385026965232
2025-08-16 12:45:44+00:00,TXG403,25.648910522460938,-79.85488891601562,3421.38,110.26569747094752,178.2271915619174
2025-08-16 12:45:45+00:00,TXG403,25.648361206054688,-79.85310872395831,3421.38,110.2085683370626,178.709878500367
2025-08-16 12:45:46+00:00,TXG403,25.64809508242849,-79.85236401827831,3429.0,110.2085683370626,178.709878500367
2025-08-16 12:45:47+00:00,TXG403,25.647257142147776,-79.84982472545693,3436.6200000000003,110.30601487195574,179.37062224362026
2025-08-16 12:45:48+00:00,TXG403,25.646942138671875,-79.848887125651,3436.6200000000003,110.24914073195195,179.85318344735407
2025-08-16 12:45:49+00:00,TXG403,25.64630126953125,-79.84695434570312,3444.24,110.19257102685825,180.33592091840703
2025-08-16 12:45:50+00:00,TXG403,25.645751953125,-79.84527587890625,3444.24,110.2892005377698,180.9965774399357
2025-08-16 12:45:51+00:00,TXG403,25.644927978515625,-79.84293619791663,3451.86,110.2892005377698,180.9965774399357
2025-08-16 12:45:52+00:00,TXG403,25.644650216829977,-79.84205138008548,3451.86,110.23288067982251,181.47919008202985
2025-08-16 12:45:54+00:00,TXG403,25.643393306408896,-79.83832017430717,3467.1000000000004,110.27268561330987,182.6225479464692
2025-08-16 12:45:55+00:00,TXG403,25.642822265625,-79.836680094401,3467.1000000000004,110.21690941324864,183.1052110730172
2025-08-16 12:45:56+00:00,TXG403,25.642182948225635,-79.83469261313383,3474.7200000000003,110.21690941324864,183.1052110730172
2025-08-16 12:45:57+00:00,TXG403,25.64190673828125,-79.83388264973956,3474.7200000000003,110.1614265431482,183.58804680857125
2025-08-16 12:45:58+00:00,TXG403,25.64106569451801,-79.83132416347286,3482.34,110.25646217452314,184.24853335788865
2025-08-16 12:45:59+00:00,TXG403,25.640533447265625,-79.82976277669269,3489.96,110.20121930893109,184.73124604121932
2025-08-16 12:46:00+00:00,TXG403,25.63998413085937,-79.828135172526,3497.5800000000004,110.20121930893109,184.73124604121932
2025-08-16 12:46:01+00:00,TXG403,25.63934326171875,-79.82615152994788,3505.2000000000003,110.14626444683924,185.2141295598377
2025-08-16 12:46:02+00:00,TXG403,25.638784634864937,-79.82448361954596,3505.2000000000003,110.14626444683924,185.2141295598377
2025-08-16 12:46:03+00:00,TXG403,25.63824462890625,-79.82284545898438,3512.82,110.24052257443924,185.8745332830408
2025-08-16 12:46:04+00:00,TXG403,25.63764953613281,-79.82111612955725,3520.44,110.24052257443924,185.8745332830408
2025-08-16 12:46:05+00:00,TXG403,25.636871337890625,-79.8187255859375,3535.6800000000003,110.18580300946486,186.35729462076765
2025-08-16 12:46:06+00:00,TXG403,25.63655012744968,-79.81774672022402,3535.6800000000003,110.18580300946486,186.35729462076765
2025-08-16 12:46:07+00:00,TXG403,25.635991500595868,-79.8160884065448,3543.3,110.27934528033164,187.01790691996945
2025-08-16 12:46:08+00:00,TXG403,25.6351318359375,-79.81353759765625,3558.54,110.27934528033164,187.01790691996945
2025-08-16 12:46:10+00:00,TXG403,25.63417053222656,-79.81074015299475,3566.1600000000003,110.22485943116808,187.50054734433772
2025-08-16 12:46:11+00:00,TXG403,25.63385009765625,-79.80976608564265,3573.78,110.1706534118504,187.9833564584493
2025-08-16 12:46:12+00:00,TXG403,25.63325500488281,-79.80794270833331,3581.4,110.1706534118504,187.9833564584493
2025-08-16 12:46:13+00:00,TXG403,25.63231387380826,-79.8051539007223,3589.02,110.31769615172723,188.16136537705023
2025-08-16 12:46:14+00:00,TXG403,25.631755246954448,-79.80344376474056,3596.6400000000003,110.31769615172723,188.16136537705023
2025-08-16 12:46:15+00:00,TXG403,25.631196620100635,-79.80173362875883,3604.26,110.26344244184315,188.6438861367424
2025-08-16 12:46:16+00:00,TXG403,25.630599975585938,-79.800059000651,3611.88,110.20946561651616,189.1265751771732
2025-08-16 12:46:17+00:00,TXG403,25.62982177734375,-79.79771931966144,3627.12,110.20946561651616,189.1265751771732
2025-08-16 12:46:18+00:00,TXG403,25.629241426112287,-79.79587770857898,3634.74,110.20946561651616,189.1265751771732
2025-08-16 12:46:19+00:00,TXG403,25.628915560447563,-79.7950485517394,3642.36,110.20946561651616,189.1265751771732
2025-08-16 12:46:20+00:00,TXG403,25.62831038135593,-79.79313112654773,3657.6,110.15576365659489,189.60943121316487
2025-08-16 12:46:21+00:00,TXG403,25.627761840820312,-79.791514078776,3665.22,110.15576365659489,189.60943121316487
2025-08-16 12:46:22+00:00,TXG403,25.6270751953125,-79.78947957356769,3672.84,110.15576365659489,189.60943121316487
2025-08-16 12:46:23+00:00,TXG403,25.62649484408104,-79.78779342939265,3688.08,110.30156056274346,189.787309442464
2025-08-16 12:46:24+00:00,TXG403,25.62621553065413,-79.78680880564565,3688.08,110.24781140464184,190.2698796378472
2025-08-16 12:46:25+00:00,TXG403,25.6256103515625,-79.7850468473614,3695.7,110.24781140464184,190.2698796378472
2025-08-16 12:46:26+00:00,TXG403,25.62464904785156,-79.78225708007812,3710.94,110.24781140464184,190.2698796378472
2025-08-16 12:46:27+00:00,TXG403,25.62407412771451,-79.78053830704596,3718.56,110.194334245184,190.75261642937005
2025-08-16 12:46:28+00:00,TXG403,25.623515500860695,-79.77882817106428,3726.18,110.194334245184,190.75261642937005
2025-08-16 12:46:29+00:00,TXG403,25.622817993164062,-79.77676391601562,3733.8,110.28569909984748,191.41326830407056
2025-08-16 12:46:32+00:00,TXG403,25.621420650158896,-79.7726094947671,3756.66,110.3764352138364,192.07440355643016
2025-08-16 12:46:33+00:00,TXG403,25.620529174804688,-79.76994832356769,3764.28,110.32313682966294,192.5567396758232
2025-08-16 12:46:34+00:00,TXG403,25.61993408203125,-79.76811726888019,3771.9,110.32313682966294,192.5567396758232
2025-08-16 12:46:35+00:00,TXG403,25.619325799457098,-79.76633899616746,3779.52,110.32313682966294,192.5567396758232
2025-08-16 12:46:36+00:00,TXG403,25.6190185546875,-79.76537068684894,3787.14,110.27010483859368,193.03924158798736
2025-08-16 12:46:37+00:00,TXG403,25.61810302734375,-79.76267496744788,3794.76,110.27010483859368,193.03924158798736
2025-08-16 12:46:42+00:00,TXG403,25.61512756347656,-79.75377400716144,3848.1,110.36013253124518,193.70029228839772
2025-08-16 12:46:43+00:00,TXG403,25.61485290527344,-79.75301106770831,3848.1,110.36013253124518,193.70029228839772
2025-08-16 12:46:44+00:00,TXG403,25.61378608315678,-79.74980768167745,3870.96,110.30732091742765,194.1826785308357
2025-08-16 12:46:45+00:00,TXG403,25.6131591796875,-79.74797566731769,3878.58,110.30732091742765,194.1826785308357
2025-08-16 12:46:46+00:00,TXG403,25.612564086914062,-79.74614461263019,3886.2,110.30732091742765,194.1826785308357
2025-08-16 12:46:47+00:00,TXG403,25.61224985930879,-79.74535096366452,3893.82,110.30732091742765,194.1826785308357
2025-08-16 12:46:48+00:00,TXG403,25.611272262314618,-79.74239709242335,3909.06,110.30732091742765,194.1826785308357
2025-08-16 12:46:49+00:00,TXG403,25.61068725585937,-79.7406005859375,3924.3,110.30732091742765,194.1826785308357
2025-08-16 12:46:50+00:00,TXG403,25.61000061035156,-79.73861694335938,3939.54,110.30732091742765,194.1826785308357
2025-08-16 12:46:51+00:00,TXG403,25.609451293945312,-79.7369384765625,3947.16,110.30732091742765,194.1826785308357
2025-08-16 12:46:52+00:00,TXG403,25.60908430713718,-79.73586748231133,3954.78,110.30732091742765,194.1826785308357
2025-08-16 12:46:53+00:00,TXG403,25.608199814618644,-79.73322454488499,3977.64,110.30732091742765,194.1826785308357
2025-08-16 12:46:54+00:00,TXG403,25.6075480832892,-79.73125529739093,3992.88,110.30732091742765,194.1826785308357
2025-08-16 12:46:55+00:00,TXG403,25.606942904197563,-79.72949333910674,4000.5,110.30732091742765,194.1826785308357
2025-08-16 12:46:56+00:00,TXG403,25.60633850097656,-79.72768147786456,4015.74,110.30732091742765,194.1826785308357
2025-08-16 12:46:58+00:00,TXG403,25.60542297363281,-79.72488403320312,4030.98,110.25477108572716,194.66522893282016
2025-08-16 12:46:59+00:00,TXG403,25.604801501257946,-79.72301555129718,4038.6,110.25477108572716,194.66522893282016
2025-08-16 12:47:00+00:00,TXG403,25.604232788085938,-79.72127278645831,4053.84,110.25477108572716,194.66522893282016
2025-08-16 12:47:01+00:00,TXG403,25.603591918945312,-79.71944173177081,4061.46,110.20248118226836,195.14794227657896
2025-08-16 12:47:02+00:00,TXG403,25.602767944335938,-79.71694946289062,4069.08,110.20248118226836,195.14794227657896
2025-08-16 12:47:04+00:00,TXG403,25.60162353515625,-79.71359252929688,4091.94,110.15044936973828,195.63081735594972
2025-08-16 12:47:05+00:00,TXG403,25.600937665519066,-79.71151100014737,4099.56,110.15044936973828,195.63081735594972
2025-08-16 12:47:06+00:00,TXG403,25.600379038665253,-79.70974904186318,4107.18,110.15044936973828,195.63081735594972
2025-08-16 12:47:08+00:00,TXG403,25.59954109838453,-79.70731339364681,4122.42,110.09867382721362,196.11385297624744
2025-08-16 12:47:09+00:00,TXG403,25.59856350139036,-79.70435952240564,4137.66,110.09867382721362,196.11385297624744
2025-08-16 12:47:10+00:00,TXG403,25.59791177006091,-79.70244209721403,4152.900000000001,110.09867382721362,196.11385297624744
2025-08-16 12:47:11+00:00,TXG403,25.597320556640625,-79.7005716959635,4160.52,110.09867382721362,196.11385297624744
2025-08-16 12:47:12+00:00,TXG403,25.5966796875,-79.69863891601562,4175.76,110.09867382721362,196.11385297624744
2025-08-16 12:47:13+00:00,TXG403,25.596405029296875,-79.69782511393225,4175.76,110.09867382721362,196.11385297624744
2025-08-16 12:47:14+00:00,TXG403,25.59558415817002,-79.6952906194723,4191.0,110.04715274998972,196.5970479541331
2025-08-16 12:47:15+00:00,TXG403,25.594894409179688,-79.69329833984375,4206.24,110.18787055347065,196.7739894034333
2025-08-16 12:47:16+00:00,TXG403,25.59461975097656,-79.69243367513019,4206.24,110.18787055347065,196.7739894034333
2025-08-16 12:47:17+00:00,TXG403,25.593722068657307,-79.6897456331073,4229.1,110.18787055347065,196.7739894034333
2025-08-16 12:47:18+00:00,TXG403,25.59311688956568,-79.68793185252065,4236.72,110.32833466866828,196.95211563337807
2025-08-16 12:47:19+00:00,TXG403,25.59246826171875,-79.68607584635413,4244.34,110.32833466866828,196.95211563337807
2025-08-16 12:47:20+00:00,TXG403,25.59210205078125,-79.68505859375,4251.96,110.66120713180295,196.83046950761943
2025-08-16 12:47:21+00:00,TXG403,25.591208247815143,-79.68243868845815,4267.2,110.8011968143778,197.01257469787492
2025-08-16 12:47:22+00:00,TXG403,25.590866088867188,-79.68144734700519,4274.820000000001,110.94092710948608,197.1958538023553
2025-08-16 12:47:27+00:00,TXG403,25.587251307600635,-79.67134871572819,4343.400000000001,111.5519374220422,197.4620769935505
2025-08-16 12:47:28+00:00,TXG403,25.586700439453125,-79.66974894205725,4351.02,111.69063963013274,197.65163430807337
2025-08-16 12:47:29+00:00,TXG403,25.586366815082098,-79.6688094229068,4358.64,111.69063963013274,197.65163430807337
2025-08-16 12:47:30+00:00,TXG403,25.585342665850103,-79.66606284087555,4373.88,111.8290752396402,197.84234770128492
2025-08-16 12:47:34+00:00,TXG403,25.582672119140625,-79.65871175130206,4419.6,112.105143303598,198.22722935645967
2025-08-16 12:47:36+00:00,TXG403,25.58171159130032,-79.65621660340508,4442.46,112.105143303598,198.22722935645967
2025-08-16 12:47:37+00:00,TXG403,25.58050123311705,-79.65284815374412,4457.7,112.24277411758696,198.4213909169499
2025-08-16 12:47:38+00:00,TXG403,25.579849501787606,-79.65108619545987,4472.9400000000005,112.24277411758696,198.4213909169499
2025-08-16 12:47:39+00:00,TXG403,25.579421997070312,-79.65001424153644,4480.56,112.24277411758696,198.4213909169499
2025-08-16 12:47:40+00:00,TXG403,25.578732248079977,-79.64813232421875,4488.18,112.24277411758696,198.4213909169499
2025-08-16 12:47:41+00:00,TXG403,25.5780029296875,-79.64614868164062,4503.42,112.38013505195958,198.61669515363985
2025-08-16 12:47:42+00:00,TXG403,25.5772705078125,-79.64421590169269,4511.04,112.38013505195958,198.61669515363985
2025-08-16 12:47:43+00:00,TXG403,25.576629638671875,-79.64253743489581,4526.280000000001,112.38013505195958,198.61669515363985
2025-08-16 12:47:44+00:00,TXG403,25.57630920410156,-79.64162190755206,4533.900000000001,112.38013505195958,198.61669515363985
2025-08-16 12:47:45+00:00,TXG403,25.575240830243644,-79.63885613207549,4549.14,112.38013505195958,198.61669515363985
2025-08-16 12:47:46+00:00,TXG403,25.5745890989142,-79.63704235148879,4556.76,112.38013505195958,198.61669515363985
2025-08-16 12:47:47+00:00,TXG403,25.57384426310911,-79.63502128169222,4572.0,112.46058400149668,199.28846115413015
2025-08-16 12:47:48+00:00,TXG403,25.57319641113281,-79.63328043619788,4579.62,112.46058400149668,199.28846115413015
2025-08-16 12:47:49+00:00,TXG403,25.572913218352756,-79.63253381117335,4587.24,112.46058400149668,199.28846115413015
2025-08-16 12:47:50+00:00,TXG403,25.57186889648437,-79.6297709147135,4602.4800000000005,112.46058400149668,199.28846115413015
2025-08-16 12:47:52+00:00,TXG403,25.57044982910156,-79.62595621744788,4617.72,112.40421227964153,199.7639774440621
2025-08-16 12:47:53+00:00,TXG403,25.56976318359375,-79.62412516276038,4632.96,112.40421227964153,199.7639774440621
2025-08-16 12:47:54+00:00,TXG403,25.56903076171875,-79.62214152018225,4640.58,112.34810834790942,200.2396861878797
2025-08-16 12:47:55+00:00,TXG403,25.56830454680879,-79.6202519254864,4655.820000000001,112.34810834790942,200.2396861878797
2025-08-16 12:47:56+00:00,TXG403,25.56769936771716,-79.61859361180717,4663.4400000000005,112.34810834790942,200.2396861878797
2025-08-16 12:47:57+00:00,TXG403,25.566954531912074,-79.61667618661556,4671.06,112.34810834790942,200.2396861878797
2025-08-16 12:47:58+00:00,TXG403,25.56620969610699,-79.614655116819,4686.3,112.29227040946876,200.71558601719897
2025-08-16 12:47:59+00:00,TXG403,25.565511412539724,-79.61268586932488,4693.92,112.29227040946876,200.71558601719897
2025-08-16 12:48:00+00:00,TXG403,25.564813128972457,-79.61087208873818,4709.16,112.4280145223018,200.91129460804584
2025-08-16 12:48:01+00:00,TXG403,25.56411484540519,-79.60895466354657,4716.780000000001,112.37217398774612,201.38692150173583
2025-08-16 12:48:02+00:00,TXG403,25.563720703125,-79.60795084635413,4724.400000000001,112.37217398774612,201.38692150173583
2025-08-16 12:48:04+00:00,TXG403,25.562066546941207,-79.60351332178652,4747.26,112.31659664771672,201.86273878076145
2025-08-16 12:48:05+00:00,TXG403,25.561431884765625,-79.60179646809894,4754.88,112.31659664771672,201.86273878076145
2025-08-16 12:48:06+00:00,TXG403,25.56074523925781,-79.59991455078125,4762.5,112.31659664771672,201.86273878076145
2025-08-16 12:48:07+00:00,TXG403,25.56001281738281,-79.59793090820312,4777.740000000001,112.2612807496584,202.3387451019992
2025-08-16 12:48:08+00:00,TXG403,25.55964583057468,-79.59703553397702,4777.740000000001,112.2612807496584,202.3387451019992
2025-08-16 12:48:09+00:00,TXG403,25.558914184570312,-79.59503173828125,4792.9800000000005,112.2612807496584,202.3387451019992
2025-08-16 12:48:10+00:00,TXG403,25.55795288085937,-79.59243774414062,4808.22,112.2612807496584,202.3387451019992
2025-08-16 12:48:11+00:00,TXG403,25.55764408434852,-79.59159419221697,4808.22,112.20622455551626,202.81493913440383
2025-08-16 12:48:12+00:00,TXG403,25.556573382878707,-79.58869214327831,4823.46,112.20622455551626,202.81493913440383
2025-08-16 12:48:13+00:00,TXG403,25.55568889036017,-79.5863083173644,4838.7,112.20622455551626,202.81493913440383
2025-08-16 12:48:14+00:00,TXG403,25.55536302469545,-79.5853755159198,4838.7,112.15142634159864,203.29131955887925
2025-08-16 12:48:15+00:00,TXG403,25.554931640625,-79.58429972330725,4846.320000000001,112.15142634159864,203.29131955887925
2025-08-16 12:48:16+00:00,TXG403,25.55378024860964,-79.58117790941924,4861.56,112.09688439844182,203.76788506815063
2025-08-16 12:48:17+00:00,TXG403,25.5531005859375,-79.57926432291663,4869.18,112.09688439844182,203.76788506815063
2025-08-16 12:48:18+00:00,TXG403,25.552290576999468,-79.57708394752359,4876.8,112.09688439844182,203.76788506815063
2025-08-16 12:48:19+00:00,TXG403,25.551910400390625,-79.57611083984375,4884.42,112.17623634149278,204.4382591485108
2025-08-16 12:48:20+00:00,TXG403,25.551126771054022,-79.573974609375,4892.04,112.17623634149278,204.4382591485108
2025-08-16 12:48:21+00:00,TXG403,25.55035400390625,-79.57194010416663,4907.280000000001,112.30962202648716,204.6329940284401
2025-08-16 12:48:22+00:00,TXG403,25.550079345703125,-79.5711771647135,4907.280000000001,112.57562965127988,205.0257814118953
2025-08-16 12:48:23+00:00,TXG403,25.548985368114405,-79.56832597840508,4922.52,112.89644022555063,204.9489628680543
2025-08-16 12:48:24+00:00,TXG403,25.54829406738281,-79.56654866536456,4937.76,113.3495671853298,205.08192466010536
2025-08-16 12:48:25+00:00,TXG403,25.54744914426642,-79.56438748341685,4945.38,113.3495671853298,205.08192466010536
2025-08-16 12:48:26+00:00,TXG403,25.546646118164062,-79.56247965494788,4960.62,114.2539197243166,205.3862504240372
2025-08-16 12:48:27+00:00,TXG403,25.54595947265625,-79.56086356684847,4968.240000000001,114.83516755526492,205.77309856576505
2025-08-16 12:48:28+00:00,TXG403,25.54512153237553,-79.55889431935435,4975.860000000001,115.28491161747309,205.96078913488307
2025-08-16 12:48:29+00:00,TXG403,25.544265747070312,-79.55698649088538,4983.4800000000005,115.73380912938416,206.16114639124947
2025-08-16 12:48:30+00:00,TXG403,25.543911174192267,-79.55619955962555,4991.1,116.24496635329632,205.9125972685464
2025-08-16 12:48:31+00:00,TXG403,25.542700816009003,-79.55350479989681,5006.34,116.69294332965694,206.13996396767104
2025-08-16 12:48:33+00:00,TXG403,25.5413818359375,-79.55067952473956,5021.58,117.58580338469132,206.63237394892687
2025-08-16 12:48:34+00:00,TXG403,25.54046630859375,-79.54874674479163,5029.2,118.03058568581731,206.89732756184037
2025-08-16 12:48:35+00:00,TXG403,25.53911629369703,-79.5460423883402,5044.4400000000005,118.54218270184349,206.7226499067708
2025-08-16 12:48:36+00:00,TXG403,25.53826904296875,-79.5443216959635,5059.68,118.98545643832884,207.01433666140937
2025-08-16 12:48:37+00:00,TXG403,25.53785938327595,-79.54355491782133,5059.68,119.49746120836838,206.87046367668765
2025-08-16 12:48:40+00:00,TXG403,25.53424072265625,-79.53669230143225,5105.400000000001,119.49746120836838,206.87046367668765
2025-08-16 12:48:42+00:00,TXG403,25.5322265625,-79.53297932942706,5135.88,120.45111091560526,207.0756920446251
2025-08-16 12:48:43+00:00,TXG403,25.53144836425781,-79.53145345052081,5143.5,120.45111091560526,207.0756920446251
2025-08-16 12:48:49+00:00,TXG403,25.52577209472656,-79.52072143554688,5212.08,120.37912601136836,207.5193384073155
2025-08-16 12:48:51+00:00,TXG403,25.524673461914062,-79.51863606770834,5227.320000000001,120.37912601136836,207.5193384073155
2025-08-16 12:48:53+00:00,TXG403,25.52291611493644,-79.51536358527414,5250.18,120.25643716352928,207.25964921554692
2025-08-16 12:49:00+00:00,TXG403,25.51616604045286,-79.50261529886495,5334.0,120.25643716352928,207.25964921554692
2025-08-16 12:49:01+00:00,TXG403,25.51519775390625,-79.50078328450519,5349.240000000001,120.25643716352928,207.25964921554692
2025-08-16 12:49:02+00:00,TXG403,25.514164294226696,-79.49883227078419,5364.4800000000005,120.25643716352928,207.25964921554692
2025-08-16 12:49:04+00:00,TXG403,25.51216254800053,-79.49510106500588,5387.34,120.25643716352928,207.25964921554692
2025-08-16 12:49:10+00:00,TXG403,25.50615730932203,-79.48370015846109,5463.54,120.25643716352928,207.25964921554692
2025-08-16 12:49:13+00:00,TXG403,25.50364348847987,-79.47893250663326,5501.64,120.25643716352928,207.25964921554692
2025-08-16 12:49:17+00:00,TXG403,25.499919309454448,-79.47193649579894,5547.360000000001,120.25643716352928,207.25964921554692
2025-08-16 12:49:18+00:00,TXG403,25.49903481693591,-79.47022635981722,5562.6,120.25643716352928,207.25964921554692
2025-08-16 12:49:19+00:00,TXG403,25.4981689453125,-79.46858723958331,5570.22,120.25643716352928,207.25964921554692
2025-08-16 12:50:20+00:00,TXG403,25.44061175847457,-79.35896387640035,6172.200000000001,120.25643716352928,207.25964921554692
2025-08-16 12:50:49+00:00,TXG403,25.412168341167902,-79.30496503721993,6438.900000000001,120.1375458670849,214.14778128506308
2025-08-16 12:51:49+00:00,TXG403,25.353279760328387,-79.19333979768574,6995.160000000001,120.1375458670849,214.14778128506308
2025-08-16 12:52:33+00:00,TXG403,25.308746337890625,-79.10939534505209,7345.68,120.1375458670849,214.14778128506308
2025-08-16 12:53:36+00:00,TXG403,25.245620727539062,-78.99037679036459,7787.64,120.2939221300575,226.40446069275453
2025-08-16 12:53:42+00:00,TXG403,25.239532470703125,-78.9788818359375,7833.360000000001,120.2939221300575,226.40446069275453
2025-08-16 12:55:36+00:00,TXG403,25.118656481726696,-78.75186560288915,8481.060000000001,120.39018057027288,237.9585732266252
2025-08-16 12:55:46+00:00,TXG403,25.10762360136388,-78.73113668189859,8534.4,120.43423575344342,238.66265335363136
2025-08-16 12:55:47+00:00,TXG403,25.106414794921875,-78.72894287109375,8542.02,120.43423575344342,238.66265335363136
2025-08-16 14:02:10+00:00,,20.520598847987287,-71.30506480823864,8839.2,120.35972344539378,225.9604135154271
2025-08-16 14:02:11+00:00,,20.519574698755296,-71.30321710759944,8839.2,120.35972344539378,225.9604135154271
2025-08-16 14:02:12+00:00,,20.518524169921875,-71.30131857735768,8839.2,120.35972344539378,225.9604135154271
2025-08-16 14:02:13+00:00,,20.517526400291317,-71.299521706321,8839.2,120.35972344539378,225.9604135154271
2025-08-16 14:02:14+00:00,,20.516036728681144,-71.29677512428975,8839.2,120.35972344539378,225.9604135154271
2025-08-16 14:02:16+00:00,,20.51454162597656,-71.29410879952565,8839.2,120.35972344539378,225.9604135154271
2025-08-16 14:02:18+00:00,TXG403,20.512985229492188,-71.29121507917131,8839.2,120.35972344539378,225.9604135154271
2025-08-16 14:02:19+00:00,TXG403,20.511381504899365,-71.28833562677556,8839.2,120.35972344539378,225.9604135154271
2025-08-16 14:02:20+00:00,TXG403,20.51045046014301,-71.28668767755681,8839.2,120.35972344539378,225.9604135154271
2025-08-16 14:02:22+00:00,TXG403,20.50849914550781,-71.28317151750838,8839.2,120.35972344539378,225.9604135154271
2025-08-16 14:02:23+00:00,TXG403,20.507564221398304,-71.28144420276988,8839.2,120.35972344539378,225.9604135154271
2025-08-16 14:02:27+00:00,TXG403,20.503326416015625,-71.27375466482977,8839.2,120.35972344539378,225.9604135154271
2025-08-16 14:02:28+00:00,TXG403,20.50235037076271,-71.27195601029825,8839.2,120.35972344539378,225.9604135154271
2025-08-16 14:02:30+00:00,TXG403,20.500259399414062,-71.26816340855191,8839.2,120.35972344539378,225.9604135154271
2025-08-16 14:02:31+00:00,TXG403,20.49911499023437,-71.26610347202848,8839.2,120.35972344539378,225.9604135154271
2025-08-16 14:02:32+00:00,TXG403,20.49811411712129,-71.26426558061075,8839.2,120.35972344539378,225.9604135154271
2025-08-16 14:02:35+00:00,TXG403,20.494674682617188,-71.25801086425781,8839.2,120.35972344539378,225.9604135154271
2025-08-16 14:02:36+00:00,TXG403,20.493621826171875,-71.2561471121652,8839.2,120.35972344539378,225.9604135154271
2025-08-16 14:02:37+00:00,TXG403,20.49261474609375,-71.25433240618025,8839.2,120.35972344539378,225.9604135154271
2025-08-16 14:02:38+00:00,TXG403,20.492111206054688,-71.25340053013394,8839.2,120.35972344539378,225.9604135154271
2025-08-16 14:02:39+00:00,TXG403,20.49033989340572,-71.25018310546875,8839.2,120.35972344539378,225.9604135154271
2025-08-16 14:02:41+00:00,TXG403,20.48872375488281,-71.24726976667131,8839.2,120.35972344539378,225.9604135154271
2025-08-16 14:02:42+00:00,TXG403,20.487313997947563,-71.24473987926137,8839.2,120.35972344539378,225.9604135154271
2025-08-16 14:02:43+00:00,TXG403,20.4862060546875,-71.24275752476285,8839.2,120.35972344539378,225.9604135154271
2025-08-16 14:02:44+00:00,TXG403,20.48519897460937,-71.24089377267018,8839.2,120.35972344539378,225.9604135154271
2025-08-16 14:02:45+00:00,TXG403,20.48419499801377,-71.2390969016335,8839.2,120.35972344539378,225.9604135154271
2025-08-16 14:02:46+00:00,TXG403,20.48377602787341,-71.23834783380681,8839.2,120.35972344539378,225.9604135154271
2025-08-16 14:02:47+00:00,TXG403,20.48277282714844,-71.23647962297713,8839.2,120.35972344539378,225.9604135154271
2025-08-16 14:02:48+00:00,TXG403,20.481170654296875,-71.23358590262274,8839.2,120.35972344539378,225.9604135154271
2025-08-16 14:02:49+00:00,TXG403,20.48011779785156,-71.23172215053012,8839.2,120.47215114328776,226.2208630874445
2025-08-16 14:02:50+00:00,TXG403,20.479074251853813,-71.22980846058238,8839.2,120.47215114328776,226.2208630874445
2025-08-16 14:02:51+00:00,TXG403,20.478012084960938,-71.22789655412947,8839.2,120.47215114328776,226.2208630874445
2025-08-16 14:02:52+00:00,TXG403,20.477538028005824,-71.22706187855113,8839.2,120.47215114328776,226.2208630874445
2025-08-16 14:02:53+00:00,TXG403,20.47697940115201,-71.22601318359375,8839.2,120.47215114328776,226.2208630874445
2025-08-16 14:02:54+00:00,TXG403,20.474899291992188,-71.22225625174383,8839.2,120.47215114328776,226.2208630874445
2025-08-16 14:03:06+00:00,TXG403,20.46264131190413,-71.20014537464489,8839.2,120.47215114328776,226.2208630874445
2025-08-16 14:03:07+00:00,TXG403,20.461669921875,-71.19841984340121,8839.2,120.47215114328776,226.2208630874445
2025-08-16 14:03:12+00:00,TXG403,20.456771850585938,-71.18959154401506,8839.2,120.47215114328776,226.2208630874445
2025-08-16 14:03:25+00:00,TXG403,20.44304281978284,-71.16483931107955,8839.2,120.47215114328776,226.2208630874445
2025-08-16 14:03:28+00:00,TXG403,20.43983459472656,-71.15918295724049,8839.2,120.87451084176858,226.5657166193036
2025-08-16 14:03:29+00:00,TXG403,20.43882751464844,-71.15746634347096,8839.2,121.231909548517,226.21501358162985
2025-08-16 14:03:30+00:00,TXG403,20.43768931243379,-71.15550093217325,8839.2,121.63306930368316,226.5809014801912
2025-08-16 14:03:31+00:00,TXG403,20.436572058726163,-71.15370316938919,8839.2,122.7508765802442,226.32262028683297
2025-08-16 14:03:32+00:00,TXG403,20.43596687963453,-71.15265447443181,8839.2,123.40087992736407,226.1524143988284
2025-08-16 14:03:33+00:00,TXG403,20.434104790121825,-71.14975807883519,8839.2,123.40087992736407,226.1524143988284
2025-08-16 14:03:34+00:00,TXG403,20.4334716796875,-71.14873613630022,8839.2,123.40087992736407,226.1524143988284
2025-08-16 14:03:48+00:00,TXG403,20.41607666015625,-71.12612588065011,8839.2,123.40087992736407,226.1524143988284
2025-08-16 14:03:49+00:00,TXG403,20.4136962890625,-71.12352643694197,8839.2,133.52647853259586,226.33782145689997
2025-08-16 14:03:50+00:00,TXG403,20.41172790527344,-71.12136840820312,8839.2,134.81576983262497,226.26414473041103
2025-08-16 14:03:51+00:00,TXG403,20.41021728515625,-71.11984797886441,8839.2,135.3684565253377,226.26765368995896
2025-08-16 14:03:54+00:00,TXG403,20.40626655190678,-71.11585027521306,8839.2,137.12109639666144,226.05409285550343
2025-08-16 14:03:57+00:00,TXG403,20.40263547735699,-71.11240456321019,8839.2,138.40972724347304,226.2998166171632
2025-08-16 14:03:59+00:00,TXG403,20.39959716796875,-71.10969543457031,8839.2,140.07756704863473,226.05877580345705
2025-08-16 14:04:00+00:00,TXG403,20.3982130147643,-71.10845947265625,8839.2,140.07756704863473,226.05877580345705
2025-08-16 14:04:03+00:00,TXG403,20.391998291015625,-71.10322134835377,8839.2,140.07756704863473,226.05877580345705
2025-08-16 14:04:05+00:00,TXG403,20.388716358249468,-71.1006691672585,8839.2,143.13010235415598,226.35536
2025-08-16 14:04:06+00:00,TXG403,20.38699392545021,-71.09932084517044,8839.2,143.70408458626693,225.95514289876337
2025-08-16 14:04:07+00:00,TXG403,20.38508528369968,-71.09792258522725,8839.2,144.25034090432712,226.29572340757508
2025-08-16 14:04:08+00:00,TXG403,20.38350250761388,-71.09677401455963,8839.2,145.47804464134032,226.03067666040184
2025-08-16 14:04:09+00:00,TXG403,20.3817335225768,-71.09552556818181,8839.2,145.47804464134032,226.03067666040184
2025-08-16 14:04:11+00:00,TXG403,20.38005764201536,-71.09437699751419,8839.2,146.59912007263594,226.1524143988284
2025-08-16 14:04:12+00:00,TXG403,20.37831115722656,-71.09316689627508,8839.2,146.59912007263594,226.1524143988284
2025-08-16 14:04:13+00:00,TXG403,20.37503000033104,-71.09098122336644,8839.2,147.53880174001355,226.2015591441996
2025-08-16 14:04:16+00:00,TXG403,20.371490478515625,-71.08865465436662,8839.2,148.11905241085122,225.976810203345
2025-08-16 14:04:17+00:00,TXG403,20.36993408203125,-71.0876246861049,8839.2,148.1878099213056,226.413811998392
2025-08-16 14:04:29+00:00,TXG403,20.348052978515625,-71.07295989990234,8839.2,147.71856120935868,226.36062129794533
2025-08-16 14:04:30+00:00,TXG403,20.346540030786542,-71.07195490056819,8839.2,147.648882516625,225.92585945602548
2025-08-16 14:04:31+00:00,TXG403,20.344528198242188,-71.07060568673268,8839.2,147.648882516625,225.92585945602548
2025-08-16 14:04:32+00:00,TXG403,20.342769299523304,-71.0694580078125,8839.2,147.648882516625,225.92585945602548
2025-08-16 14:04:33+00:00,TXG403,20.34104686672405,-71.06825949928975,8839.2,147.648882516625,225.92585945602548
2025-08-16 14:04:34+00:00,TXG403,20.339370986162606,-71.06716086647725,8839.2,147.648882516625,225.92585945602548
2025-08-16 14:04:35+00:00,TXG403,20.337387084960938,-71.06579916817799,8839.2,147.648882516625,225.92585945602548
2025-08-16 14:04:36+00:00,TXG403,20.33564680713718,-71.06461403586644,8839.2,147.648882516625,225.92585945602548
2025-08-16 14:04:37+00:00,TXG403,20.333831269862287,-71.06341552734375,8839.2,147.648882516625,225.92585945602548
2025-08-16 14:04:38+00:00,TXG403,20.33221435546875,-71.06231689453125,8839.2,147.648882516625,225.92585945602548
2025-08-16 14:04:39+00:00,TXG403,20.331344604492188,-71.06172834123885,8839.2,147.648882516625,225.92585945602548
2025-08-16 14:04:40+00:00,TXG403,20.32871052370233,-71.060019753196,8839.2,147.648882516625,225.92585945602548
2025-08-16 14:04:41+00:00,TXG403,20.32689498642744,-71.05877130681819,8839.2,147.648882516625,225.92585945602548
2025-08-16 14:04:42+00:00,TXG403,20.32539367675781,-71.05775560651506,8839.2,147.648882516625,225.92585945602548
2025-08-16 14:04:43+00:00,TXG403,20.323745727539062,-71.05662754603793,8839.2,147.648882516625,225.92585945602548
2025-08-16 14:04:44+00:00,TXG403,20.32177424026748,-71.05537553267044,8839.2,147.648882516625,225.92585945602548
2025-08-16 14:04:45+00:00,TXG403,20.3203125,-71.05437142508367,8839.2,147.648882516625,225.92585945602548
2025-08-16 14:04:46+00:00,TXG403,20.3184814453125,-71.05314527239119,8839.2,147.648882516625,225.92585945602548
2025-08-16 14:04:47+00:00,TXG403,20.31678771972656,-71.05196816580633,8839.2,147.648882516625,225.92585945602548
2025-08-16 14:04:48+00:00,TXG403,20.315024165783896,-71.05083118785512,8839.2,147.648882516625,225.92585945602548
2025-08-16 14:04:49+00:00,TXG403,20.313348285222457,-71.0496826171875,8839.2,147.648882516625,225.92585945602548
2025-08-16 14:04:50+00:00,TXG403,20.312530517578125,-71.04912349155973,8839.2,147.648882516625,225.92585945602548
2025-08-16 14:04:51+00:00,TXG403,20.309810315148304,-71.04733553799713,8839.2,147.648882516625,225.92585945602548
2025-08-16 14:04:52+00:00,TXG403,20.30795288085937,-71.04608263288225,8839.2,147.648882516625,225.92585945602548
2025-08-16 14:04:53+00:00,TXG403,20.30617924059852,-71.04488858309657,8839.2,147.648882516625,225.92585945602548
2025-08-16 14:04:54+00:00,TXG403,20.30438232421875,-71.0436793736049,8839.2,147.648882516625,225.92585945602548
2025-08-16 14:04:55+00:00,TXG403,20.302459716796875,-71.04240417480469,8839.2,147.71856120935868,226.36062129794533
2025-08-16 14:04:56+00:00,TXG403,20.30096538996292,-71.04139293323863,8839.2,147.71856120935868,226.36062129794533
2025-08-16 14:04:57+00:00,TXG403,20.29998779296875,-71.04074374112213,8839.2,147.82878287145542,226.0862861637721
2025-08-16 14:04:58+00:00,TXG403,20.297653198242188,-71.03916713169644,8839.2,147.82878287145542,226.0862861637721
2025-08-16 14:04:59+00:00,TXG403,20.2957763671875,-71.0379409790039,8839.2,147.75923187844458,225.6509957608851
2025-08-16 14:05:00+00:00,TXG403,20.29403686523437,-71.0367638724191,8839.2,147.75923187844458,225.6509957608851
2025-08-16 14:05:01+00:00,TXG403,20.292388916015625,-71.03568485804965,8839.2,147.75923187844458,225.6509957608851
2025-08-16 14:05:02+00:00,TXG403,20.29156494140625,-71.03509630475725,8839.2,147.75923187844458,225.6509957608851
2025-08-16 14:05:03+00:00,TXG403,20.289276123046875,-71.03357587541853,8839.2,147.75923187844458,225.6509957608851
2025-08-16 14:05:04+00:00,TXG403,20.28774455442267,-71.0325539328835,8839.2,147.75923187844458,225.6509957608851
2025-08-16 14:05:05+00:00,TXG403,20.2855224609375,-71.03107452392578,8839.2,147.75923187844458,225.6509957608851
2025-08-16 14:05:06+00:00,TXG403,20.283920288085938,-71.02999550955633,8839.2,147.75923187844458,225.6509957608851
2025-08-16 14:05:07+00:00,TXG403,20.28163146972656,-71.02847508021762,8839.2,147.75923187844458,225.6509957608851
2025-08-16 14:05:08+00:00,TXG403,20.27989196777344,-71.02729797363281,8839.2,147.75923187844458,225.6509957608851
2025-08-16 14:05:09+00:00,TXG403,20.279132390426376,-71.02676114169032,8839.2,147.75923187844458,225.6509957608851
2025-08-16 14:05:10+00:00,TXG403,20.27740995762712,-71.02566250887782,8839.2,147.75923187844458,225.6509957608851
2025-08-16 14:05:11+00:00,TXG403,20.275594420352224,-71.0244140625,8839.2,147.75923187844458,225.6509957608851
2025-08-16 14:05:12+00:00,TXG403,20.273173703985695,-71.02281605113637,8839.2,147.75923187844458,225.6509957608851
2025-08-16 14:05:13+00:00,TXG403,20.27163748013771,-71.02176735617894,8839.2,147.75923187844458,225.6509957608851
2025-08-16 14:05:14+00:00,TXG403,20.270659883143537,-71.0211181640625,8839.2,147.75923187844458,225.6509957608851
2025-08-16 14:05:15+00:00,TXG403,20.268984002582098,-71.02001953125,8839.2,147.75923187844458,225.6509957608851
2025-08-16 14:05:16+00:00,TXG403,20.267121913069385,-71.01877108487213,8839.2,147.75923187844458,225.6509957608851
2025-08-16 14:05:17+00:00,TXG403,20.26474774894068,-71.0171730735085,8839.2,147.75923187844458,225.6509957608851
2025-08-16 14:05:18+00:00,TXG403,20.2629787639036,-71.01602450284088,8839.2,147.75923187844458,225.6509957608851
2025-08-16 14:05:19+00:00,TXG403,20.260986328125,-71.01469312395369,8839.2,147.75923187844458,225.6509957608851
2025-08-16 14:05:20+00:00,TXG403,20.260025024414062,-71.01405552455356,8839.2,147.75923187844458,225.6509957608851
2025-08-16 14:05:21+00:00,TXG403,20.25814819335937,-71.01278032575334,8839.2,147.75923187844458,225.6509957608851
2025-08-16 14:05:22+00:00,TXG403,20.256271362304688,-71.0115541730608,8839.2,147.86984998801034,225.3769711174424
2025-08-16 14:05:23+00:00,TXG403,20.254440307617188,-71.01032802036832,8839.2,147.86984998801034,225.3769711174424
2025-08-16 14:05:24+00:00,TXG403,20.252655029296875,-71.00910186767578,8839.2,147.86984998801034,225.3769711174424
2025-08-16 14:05:25+00:00,TXG403,20.25082397460937,-71.00792476109098,8839.2,147.86984998801034,225.3769711174424
2025-08-16 14:05:26+00:00,TXG403,20.24986267089844,-71.00728716169084,8839.2,147.86984998801034,225.3769711174424
2025-08-16 14:05:27+00:00,TXG403,20.2481689453125,-71.00615910121371,8839.2,147.93927193638118,225.81278974743776
2025-08-16 14:05:28+00:00,TXG403,20.24635961500265,-71.00493829900569,8839.2,147.93927193638118,225.81278974743776
2025-08-16 14:05:29+00:00,TXG403,20.24459062996557,-71.00378972833806,8839.2,147.93927193638118,225.81278974743776
2025-08-16 14:05:31+00:00,TXG403,20.24142507779396,-71.00169233842325,8839.2,147.93927193638118,225.81278974743776
2025-08-16 14:05:32+00:00,TXG403,20.239702644994704,-71.00054376775569,8839.2,147.93927193638118,225.81278974743776
2025-08-16 14:05:34+00:00,TXG403,20.236071570444917,-70.99809681285512,8839.2,147.93927193638118,225.81278974743776
2025-08-16 14:05:35+00:00,TXG403,20.234344482421875,-70.99693843296598,8839.2,147.93927193638118,225.81278974743776
2025-08-16 14:05:36+00:00,TXG403,20.232650756835938,-70.99585941859652,8839.2,147.93927193638118,225.81278974743776
2025-08-16 14:05:37+00:00,TXG403,20.23029909295551,-70.99430153586644,8839.2,147.93927193638118,225.81278974743776
2025-08-16 14:05:38+00:00,TXG403,20.228669764631885,-70.99320290305394,8839.2,147.93927193638118,225.81278974743776
2025-08-16 14:05:39+00:00,TXG403,20.227752685546875,-70.99262237548828,8839.2,147.93927193638118,225.81278974743776
2025-08-16 14:05:40+00:00,TXG403,20.225876630362816,-70.99135520241475,8839.2,147.93927193638118,225.81278974743776
2025-08-16 14:05:41+00:00,TXG403,20.2239990234375,-70.99012102399553,8839.2,147.93927193638118,225.81278974743776
2025-08-16 14:05:42+00:00,TXG403,20.22230529785156,-70.9889929635184,8839.2,147.93927193638118,225.81278974743776
2025-08-16 14:05:43+00:00,TXG403,20.21968518273305,-70.98726029829544,8839.2,148.05002855366683,225.54013510010208
2025-08-16 14:05:44+00:00,TXG403,20.217819213867188,-70.98605019705633,8839.2,148.05002855366683,225.54013510010208
2025-08-16 14:05:45+00:00,TXG403,20.216812133789062,-70.98536355154852,8839.2,148.05002855366683,225.54013510010208
2025-08-16 14:05:46+00:00,TXG403,20.215118408203125,-70.98423549107144,8839.2,148.05002855366683,225.54013510010208
2025-08-16 14:05:47+00:00,TXG403,20.213287353515625,-70.98305838448658,8839.2,148.05002855366683,225.54013510010208
2025-08-16 14:05:48+00:00,TXG403,20.21136474609375,-70.98173413957869,8839.2,148.05002855366683,225.54013510010208
2025-08-16 14:05:49+00:00,TXG403,20.209629899364405,-70.98061856356532,8839.2,148.05002855366683,225.54013510010208
2025-08-16 14:05:50+00:00,TXG403,20.207907466565143,-70.97946999289769,8839.2,148.05002855366683,225.54013510010208
2025-08-16 14:05:51+00:00,TXG403,20.207162630760063,-70.97897061434657,8839.2,148.05002855366683,225.54013510010208
2025-08-16 14:05:52+00:00,TXG403,20.205207436771715,-70.97772216796875,8839.2,148.05002855366683,225.54013510010208
2025-08-16 14:05:53+00:00,TXG403,20.202693615929554,-70.97602428089488,8839.2,148.05002855366683,225.54013510010208
2025-08-16 14:05:54+00:00,TXG403,20.20088195800781,-70.97481863839283,8839.2,148.05002855366683,225.54013510010208
2025-08-16 14:05:55+00:00,TXG403,20.199050903320312,-70.97364153180803,8839.2,148.05002855366683,225.54013510010208
2025-08-16 14:05:56+00:00,TXG403,20.19720045186705,-70.97237881747157,8839.2,148.05002855366683,225.54013510010208
2025-08-16 14:05:57+00:00,TXG403,20.1954345703125,-70.97123827253068,8839.2,147.93927193638118,225.81278974743776
2025-08-16 14:05:58+00:00,TXG403,20.194640078787074,-70.97073086825282,8839.2,147.93927193638118,225.81278974743776
2025-08-16 14:05:59+00:00,TXG403,20.192779541015625,-70.96947261265348,8839.2,147.93927193638118,225.81278974743776
2025-08-16 14:06:00+00:00,TXG403,20.191177368164062,-70.96839359828402,8839.2,147.93927193638118,225.81278974743776
2025-08-16 14:06:02+00:00,TXG403,20.187789916992188,-70.9661865234375,8839.2,147.93927193638118,225.81278974743776
2025-08-16 14:06:05+00:00,TXG403,20.183467541710804,-70.96329012784088,8839.2,147.93927193638118,225.81278974743776
2025-08-16 14:06:06+00:00,TXG403,20.18016233282574,-70.961142800071,8839.2,147.93927193638118,225.81278974743776
2025-08-16 14:06:07+00:00,TXG403,20.178579556739937,-70.96009410511363,8839.2,147.93927193638118,225.81278974743776
2025-08-16 14:06:08+00:00,TXG403,20.176950228416317,-70.95899547230113,8839.2,148.00842633117986,226.2489386101664
2025-08-16 14:06:10+00:00,TXG403,20.1741943359375,-70.95716203962053,8839.2,148.00842633117986,226.2489386101664
2025-08-16 14:06:11+00:00,TXG403,20.17236328125,-70.95593588692799,8839.2,148.00842633117986,226.2489386101664
2025-08-16 14:06:12+00:00,TXG403,20.170339810646187,-70.95465087890625,8839.2,148.11905241085122,225.976810203345
2025-08-16 14:06:13+00:00,TXG403,20.16791909427966,-70.95305286754262,8839.2,148.00842633117986,226.2489386101664
2025-08-16 14:06:14+00:00,TXG403,20.166150109242583,-70.95185435901988,8839.2,148.00842633117986,226.2489386101664
2025-08-16 14:06:15+00:00,TXG403,20.16545182567532,-70.95140491832387,8839.2,148.00842633117986,226.2489386101664
2025-08-16 14:06:16+00:00,TXG403,20.163848876953125,-70.95034463065008,8839.2,148.00842633117986,226.2489386101664
2025-08-16 14:06:17+00:00,TXG403,20.161215572033896,-70.9486083984375,8839.2,148.00842633117986,226.2489386101664
2025-08-16 14:06:18+00:00,TXG403,20.15949313923464,-70.94745982776988,8839.2,148.00842633117986,226.2489386101664
2025-08-16 14:06:19+00:00,TXG403,20.157677601959744,-70.94626131924713,8839.2,148.00842633117986,226.2489386101664
2025-08-16 14:06:20+00:00,TXG403,20.156021118164062,-70.94519478934149,8839.2,148.00842633117986,226.2489386101664
2025-08-16 14:06:21+00:00,TXG403,20.155117228879767,-70.94456343217325,8839.2,148.00842633117986,226.2489386101664
2025-08-16 14:06:22+00:00,TXG403,20.153068930415785,-70.94321511008519,8839.2,148.00842633117986,226.2489386101664
2025-08-16 14:06:23+00:00,TXG403,20.151206840903072,-70.9420166015625,8839.2,148.00842633117986,226.2489386101664
2025-08-16 14:06:24+00:00,TXG403,20.149337768554688,-70.9407315935407,8839.2,148.00842633117986,226.2489386101664
2025-08-16 14:06:25+00:00,TXG403,20.14759826660156,-70.93960353306363,8839.2,148.00842633117986,226.2489386101664
2025-08-16 14:06:26+00:00,TXG403,20.145853333554022,-70.93847101384944,8839.2,148.00842633117986,226.2489386101664
2025-08-16 14:06:27+00:00,TXG403,20.14403779627913,-70.93727250532669,8839.2,148.00842633117986,226.2489386101664
2025-08-16 14:06:28+00:00,TXG403,20.142455020193324,-70.93617387251419,8839.2,148.00842633117986,226.2489386101664
2025-08-16 14:06:29+00:00,TXG403,20.140732587394066,-70.93507523970169,8839.2,148.00842633117986,226.2489386101664
2025-08-16 14:06:30+00:00,TXG403,20.13885498046875,-70.9338160923549,8839.2,148.00842633117986,226.2489386101664
2025-08-16 14:06:31+00:00,TXG403,20.136822199417374,-70.93247847123575,8839.2,148.00842633117986,226.2489386101664
2025-08-16 14:06:32+00:00,TXG403,20.13583374023437,-70.93180520193914,8839.2,148.00842633117986,226.2489386101664
2025-08-16 14:06:33+00:00,TXG403,20.133224487304688,-70.93008858816961,8839.2,148.00842633117986,226.2489386101664
2025-08-16 14:06:34+00:00,TXG403,20.13221352787341,-70.92943226207387,8839.2,148.00842633117986,226.2489386101664
2025-08-16 14:06:35+00:00,TXG403,20.130537647311968,-70.92833362926137,8839.2,148.00842633117986,226.2489386101664
2025-08-16 14:06:36+00:00,TXG403,20.12867555779926,-70.9270851828835,8839.2,148.00842633117986,226.2489386101664
2025-08-16 14:06:37+00:00,TXG403,20.127182006835938,-70.92611585344588,8839.2,148.0773145158413,226.68541579949832
2025-08-16 14:06:38+00:00,TXG403,20.124672065346928,-70.9244384765625,8839.2,148.0773145158413,226.68541579949832
2025-08-16 14:06:39+00:00,TXG403,20.12310791015625,-70.9234183175223,8839.2,148.0773145158413,226.68541579949832
2025-08-16 14:06:40+00:00,TXG403,20.122437557931672,-70.92294034090907,8839.2,148.0773145158413,226.68541579949832
2025-08-16 14:06:41+00:00,TXG403,20.11981201171875,-70.92126028878346,8839.2,148.0773145158413,226.68541579949832
2025-08-16 14:06:42+00:00,TXG403,20.11802673339844,-70.92008318219865,8839.2,148.0773145158413,226.68541579949832
2025-08-16 14:06:43+00:00,TXG403,20.11633921477754,-70.9189453125,8839.2,148.0773145158413,226.68541579949832
2025-08-16 14:06:44+00:00,TXG403,20.11459350585937,-70.91777801513672,8839.2,148.0773145158413,226.68541579949832
2025-08-16 14:06:45+00:00,TXG403,20.113037109375,-70.916748046875,8839.2,148.0773145158413,226.68541579949832
2025-08-16 14:06:46+00:00,TXG403,20.11138916015625,-70.91571807861328,8839.2,148.0773145158413,226.68541579949832
2025-08-16 14:06:47+00:00,TXG403,20.10940293134269,-70.9143510298295,8839.2,148.0773145158413,226.68541579949832
2025-08-16 14:06:48+00:00,TXG403,20.10777282714844,-70.91331481933594,8839.2,148.0773145158413,226.68541579949832
2025-08-16 14:06:49+00:00,TXG403,20.105725304555083,-70.91195401278407,8839.2,148.0773145158413,226.68541579949832
2025-08-16 14:06:50+00:00,TXG403,20.103816662804554,-70.91065562855113,8839.2,148.0773145158413,226.68541579949832
2025-08-16 14:06:51+00:00,TXG403,20.10218733448093,-70.90960693359375,8839.2,148.0773145158413,226.68541579949832
2025-08-16 14:06:52+00:00,TXG403,20.101442498675848,-70.90910755504262,8839.2,148.0773145158413,226.68541579949832
2025-08-16 14:06:53+00:00,TXG403,20.098846435546875,-70.90738024030412,8839.2,148.0773145158413,226.68541579949832
2025-08-16 14:06:54+00:00,TXG403,20.097299349510063,-70.90641091086644,8839.2,148.0773145158413,226.68541579949832
2025-08-16 14:06:55+00:00,TXG403,20.09564208984375,-70.90527125767301,8839.2,147.96708398312126,226.9578606569906
2025-08-16 14:06:56+00:00,TXG403,20.09371482719809,-70.904013893821,8839.2,147.96708398312126,226.9578606569906
2025-08-16 14:06:57+00:00,TXG403,20.091806185447563,-70.90271550958806,8839.2,147.96708398312126,226.9578606569906
2025-08-16 14:06:58+00:00,TXG403,20.09088134765625,-70.90213230678012,8839.2,147.96708398312126,226.9578606569906
2025-08-16 14:06:59+00:00,TXG403,20.08905029296875,-70.90095520019531,8839.2,147.96708398312126,226.9578606569906
2025-08-16 14:07:00+00:00,TXG403,20.086731991525426,-70.89941961115056,8839.2,147.96708398312126,226.9578606569906
2025-08-16 14:07:01+00:00,TXG403,20.0851026632018,-70.89832097833806,8839.2,147.96708398312126,226.9578606569906
2025-08-16 14:07:02+00:00,TXG403,20.08324057368909,-70.89707253196019,8839.2,147.96708398312126,226.9578606569906
2025-08-16 14:07:03+00:00,TXG403,20.08156469312765,-70.89597389914769,8839.2,147.96708398312126,226.9578606569906
2025-08-16 14:07:04+00:00,TXG403,20.08002846927966,-70.89497514204544,8839.2,147.96708398312126,226.9578606569906
2025-08-16 14:07:05+00:00,TXG403,20.07856750488281,-70.89399065290178,8839.2,147.96708398312126,226.9578606569906
2025-08-16 14:07:06+00:00,TXG403,20.076769812632413,-70.89282781427556,8839.2,147.96708398312126,226.9578606569906
2025-08-16 14:07:07+00:00,TXG403,20.074493408203125,-70.8912931169782,8839.2,147.96708398312126,226.9578606569906
2025-08-16 14:07:08+00:00,TXG403,20.07262666346663,-70.89008123224431,8839.2,148.03583677006628,227.39414093863724
2025-08-16 14:07:09+00:00,TXG403,20.07076457395392,-70.88883278586644,8839.2,147.92599912470595,227.6669001332552
2025-08-16 14:07:10+00:00,TXG403,20.069786976959744,-70.88818359375,8839.2,147.92599912470595,227.6669001332552
2025-08-16 14:07:11+00:00,TXG403,20.067924887447035,-70.88693514737213,8839.2,147.92599912470595,227.6669001332552
2025-08-16 14:07:12+00:00,TXG403,20.066016245696503,-70.88568670099431,8839.2,147.85711818494948,227.23114354564763
2025-08-16 14:07:13+00:00,TXG403,20.064239501953125,-70.88447570800781,8839.2,147.85711818494948,227.23114354564763
2025-08-16 14:07:14+00:00,TXG403,20.062774658203125,-70.8835438319615,8839.2,147.85711818494948,227.23114354564763
2025-08-16 14:07:15+00:00,TXG403,20.06001100701801,-70.88169167258519,8839.2,147.85711818494948,227.23114354564763
2025-08-16 14:07:16+00:00,TXG403,20.059173066737287,-70.88114235617894,8839.2,147.85711818494948,227.23114354564763
2025-08-16 14:07:17+00:00,TXG403,20.05723571777344,-70.87986537388394,8839.2,147.85711818494948,227.23114354564763
2025-08-16 14:07:18+00:00,TXG403,20.055404663085938,-70.8786392211914,8839.2,147.85711818494948,227.23114354564763
2025-08-16 14:07:19+00:00,TXG403,20.053390502929688,-70.87726593017578,8839.2,147.92599912470595,227.6669001332552
2025-08-16 14:07:20+00:00,TXG403,20.05146789550781,-70.87603977748324,8839.2,147.92599912470595,227.6669001332552
2025-08-16 14:07:21+00:00,TXG403,20.049774169921875,-70.87491171700611,8839.2,147.92599912470595,227.6669001332552
2025-08-16 14:07:22+00:00,TXG403,20.0487453654661,-70.87420099431819,8839.2,147.92599912470595,227.6669001332552
2025-08-16 14:07:23+00:00,TXG403,20.046929828191207,-70.87300248579544,8839.2,147.92599912470595,227.6669001332552
2025-08-16 14:07:24+00:00,TXG403,20.045150756835938,-70.87182181222096,8839.2,147.92599912470595,227.6669001332552
2025-08-16 14:07:25+00:00,TXG403,20.04354858398437,-70.87074279785156,8839.2,147.92599912470595,227.6669001332552
2025-08-16 14:07:26+00:00,TXG403,20.04112243652344,-70.86912427629744,8839.2,147.92599912470595,227.6669001332552
2025-08-16 14:07:27+00:00,TXG403,20.040115356445312,-70.8684866768973,8839.2,147.92599912470595,227.6669001332552
2025-08-16 14:07:28+00:00,TXG403,20.03842163085937,-70.86735861642018,8839.2,147.92599912470595,227.6669001332552
2025-08-16 14:07:29+00:00,TXG403,20.03672790527344,-70.86623055594305,8839.2,147.92599912470595,227.6669001332552
2025-08-16 14:07:30+00:00,TXG403,20.03477969412076,-70.86496249112213,8839.2,147.92599912470595,227.6669001332552
2025-08-16 14:07:31+00:00,TXG403,20.032791137695312,-70.86363111223494,8839.2,147.92599912470595,227.6669001332552
2025-08-16 14:07:32+00:00,TXG403,20.03105551509534,-70.86246559836644,8839.2,147.92599912470595,227.6669001332552
2025-08-16 14:07:33+00:00,TXG403,20.0301710225768,-70.86191628196019,8839.2,147.92599912470595,227.6669001332552
2025-08-16 14:07:34+00:00,TXG403,20.02821582858845,-70.86061789772725,8839.2,147.92599912470595,227.6669001332552
2025-08-16 14:07:35+00:00,TXG403,20.026519775390625,-70.85946219308033,8839.2,147.92599912470595,227.6669001332552
2025-08-16 14:07:36+00:00,TXG403,20.024212336136124,-70.85797119140625,8839.2,147.92599912470595,227.6669001332552
2025-08-16 14:07:37+00:00,TXG403,20.02244335109905,-70.8567726828835,8839.2,147.92599912470595,227.6669001332552
2025-08-16 14:07:38+00:00,TXG403,20.020627813824152,-70.85557417436075,8839.2,147.92599912470595,227.6669001332552
2025-08-16 14:07:39+00:00,TXG403,20.018966674804688,-70.85445949009488,8839.2,147.92599912470595,227.6669001332552
2025-08-16 14:07:40+00:00,TXG403,20.01727294921875,-70.85333142961775,8839.2,147.92599912470595,227.6669001332552
2025-08-16 14:07:41+00:00,TXG403,20.016298455707098,-70.85272771661931,8839.2,147.92599912470595,227.6669001332552
2025-08-16 14:07:42+00:00,TXG403,20.013598425913663,-70.85092995383519,8839.2,147.9946167919165,228.1029845064872
2025-08-16 14:07:43+00:00,TXG403,20.01191711425781,-70.84984915597096,8839.2,148.104326144697,227.8307473931075
2025-08-16 14:07:44+00:00,TXG403,20.010269165039062,-70.84872109549383,8839.2,148.104326144697,227.8307473931075
2025-08-16 14:07:45+00:00,TXG403,20.009408724510063,-70.84818337180394,8839.2,148.104326144697,227.8307473931075
2025-08-16 14:07:46+00:00,TXG403,20.00750008275953,-70.846884987571,8839.2,148.104326144697,227.8307473931075
2025-08-16 14:07:47+00:00,TXG403,20.005599975585938,-70.84563119070867,8839.2,148.104326144697,227.8307473931075
2025-08-16 14:07:48+00:00,TXG403,20.00312805175781,-70.84401266915455,8839.2,148.104326144697,227.8307473931075
2025-08-16 14:07:49+00:00,TXG403,20.001708984375,-70.84308079310824,8839.2,148.104326144697,227.8307473931075
2025-08-16 14:07:50+00:00,TXG403,19.999912067995236,-70.84189120205963,8839.2,148.104326144697,227.8307473931075
2025-08-16 14:07:51+00:00,TXG403,19.997222900390625,-70.84013802664617,8839.2,148.104326144697,227.8307473931075
2025-08-16 14:07:52+00:00,TXG403,19.996353149414062,-70.83954947335377,8839.2,148.104326144697,227.8307473931075
2025-08-16 14:07:53+00:00,TXG403,19.99452209472656,-70.83837236676897,8839.2,148.104326144697,227.8307473931075
2025-08-16 14:07:54+00:00,TXG403,19.99274302337129,-70.83714710582387,8839.2,148.104326144697,227.8307473931075
2025-08-16 14:07:55+00:00,TXG403,19.9909274860964,-70.83599853515625,8839.2,148.104326144697,227.8307473931075
2025-08-16 14:07:56+00:00,TXG403,19.98939514160156,-70.83498818533758,8839.2,148.104326144697,227.8307473931075
2025-08-16 14:07:57+00:00,TXG403,19.98838806152344,-70.83430153982977,8839.2,148.104326144697,227.8307473931075
2025-08-16 14:07:58+00:00,TXG403,19.98651123046875,-70.83307538713728,8839.2,148.104326144697,227.8307473931075
2025-08-16 14:07:59+00:00,TXG403,19.98481750488281,-70.83194732666016,8839.2,148.104326144697,227.8307473931075
2025-08-16 14:08:00+00:00,TXG403,19.9820360086732,-70.83010586825282,8839.2,148.104326144697,227.8307473931075
2025-08-16 14:08:01+00:00,TXG403,19.980220471398304,-70.82890735973012,8839.2,148.104326144697,227.8307473931075
2025-08-16 14:08:02+00:00,TXG403,19.97840493412341,-70.8277587890625,8839.2,148.104326144697,227.8307473931075
2025-08-16 14:08:03+00:00,TXG403,19.977584838867188,-70.82718985421315,8839.2,148.104326144697,227.8307473931075
2025-08-16 14:08:04+00:00,TXG403,19.9757080078125,-70.82596370152066,8839.2,148.104326144697,227.8307473931075
2025-08-16 14:08:05+00:00,TXG403,19.97396850585937,-70.82483564104353,8839.2,148.104326144697,227.8307473931075
2025-08-16 14:08:06+00:00,TXG403,19.972213486493644,-70.82366388494319,8839.2,148.104326144697,227.8307473931075
2025-08-16 14:08:07+00:00,TXG403,19.969711303710938,-70.82204001290455,8839.2,148.104326144697,227.8307473931075
2025-08-16 14:08:08+00:00,TXG403,19.968246459960938,-70.82105909075057,8839.2,148.104326144697,227.8307473931075
2025-08-16 14:08:09+00:00,TXG403,19.96728515625,-70.82042149135043,8839.2,148.104326144697,227.8307473931075
2025-08-16 14:08:10+00:00,TXG403,19.965696173199152,-70.81936922940338,8839.2,148.104326144697,227.8307473931075
2025-08-16 14:08:11+00:00,TXG403,19.963042695643537,-70.81762140447444,8839.2,148.104326144697,227.8307473931075
2025-08-16 14:08:12+00:00,TXG403,19.961227158368644,-70.81642289595169,8839.2,148.104326144697,227.8307473931075
2025-08-16 14:08:13+00:00,TXG403,19.959274291992188,-70.81517355782643,8839.2,148.104326144697,227.8307473931075
2025-08-16 14:08:14+00:00,TXG403,19.957502979343214,-70.81397594105113,8839.2,148.104326144697,227.8307473931075
2025-08-16 14:08:15+00:00,TXG403,19.956527709960938,-70.81335885184149,8839.2,148.104326144697,227.8307473931075
2025-08-16 14:08:16+00:00,TXG403,19.954605102539062,-70.81208365304127,8839.2,148.104326144697,227.8307473931075
2025-08-16 14:08:17+00:00,TXG403,19.95277404785156,-70.81085750034879,8839.2,148.104326144697,227.8307473931075
2025-08-16 14:08:18+00:00,TXG403,19.950759887695312,-70.80958230154852,8839.2,148.104326144697,227.8307473931075
2025-08-16 14:08:19+00:00,TXG403,19.949203491210938,-70.80850328717912,8839.2,148.104326144697,227.8307473931075
2025-08-16 14:08:20+00:00,TXG403,19.94819253177966,-70.80783358487213,8839.2,148.104326144697,227.8307473931075
2025-08-16 14:08:21+00:00,TXG403,19.946319580078125,-70.8066395350865,8839.2,148.1725534233269,228.26767814879392
2025-08-16 14:08:22+00:00,TXG403,19.943816621424787,-70.80498712713069,8839.2,148.1725534233269,228.26767814879392
2025-08-16 14:08:23+00:00,TXG403,19.94237350205244,-70.8040383078835,8839.2,148.062972497392,228.53939478896444
2025-08-16 14:08:24+00:00,TXG403,19.940744173728813,-70.802939675071,8839.2,148.062972497392,228.53939478896444
2025-08-16 14:08:25+00:00,TXG403,19.938183800648837,-70.80129172585225,8839.2,148.062972497392,228.53939478896444
2025-08-16 14:08:26+00:00,TXG403,19.936248779296875,-70.79996926443914,8839.2,148.062972497392,228.53939478896444
2025-08-16 14:08:27+00:00,TXG403,19.935562133789062,-70.79952784946988,8839.2,148.062972497392,228.53939478896444
2025-08-16 14:08:28+00:00,TXG403,19.933761338056144,-70.79834539240056,8839.2,148.062972497392,228.53939478896444
2025-08-16 14:08:29+00:00,TXG403,19.9318061440678,-70.79704700816762,8839.2,148.062972497392,228.53939478896444
2025-08-16 14:08:30+00:00,TXG403,19.930083711268537,-70.79594837535512,8839.2,148.1725534233269,228.26767814879392
2025-08-16 14:08:31+00:00,TXG403,19.92836127846928,-70.7947998046875,8839.2,148.062972497392,228.53939478896444
2025-08-16 14:08:32+00:00,TXG403,19.926498413085938,-70.79354422433033,8839.2,148.1725534233269,228.26767814879392
2025-08-16 14:08:33+00:00,TXG403,19.92547503972457,-70.79290216619319,8839.2,148.1725534233269,228.26767814879392
2025-08-16 14:08:34+00:00,TXG403,19.923614501953125,-70.79168047223772,8839.2,148.062972497392,228.53939478896444
2025-08-16 14:08:35+00:00,TXG403,19.921099129369704,-70.79000577059657,8839.2,148.062972497392,228.53939478896444
2025-08-16 14:08:36+00:00,TXG403,19.91937669657045,-70.78890713778407,8839.2,148.062972497392,228.53939478896444
2025-08-16 14:08:37+00:00,TXG403,19.91766357421875,-70.78775678362166,8839.2,148.062972497392,228.53939478896444
2025-08-16 14:08:38+00:00,TXG403,19.91610717773437,-70.78677586146762,8839.2,148.062972497392,228.53939478896444
2025-08-16 14:08:39+00:00,TXG403,19.914302502648304,-70.78556130149144,8839.2,148.062972497392,228.53939478896444
2025-08-16 14:08:40+00:00,TXG403,19.91230773925781,-70.78422546386719,8839.2,148.062972497392,228.53939478896444
2025-08-16 14:08:41+00:00,TXG403,19.911529541015625,-70.7837350027902,8839.2,148.062972497392,228.53939478896444
2025-08-16 14:08:42+00:00,TXG403,19.908995547537074,-70.7820656516335,8839.2,148.062972497392,228.53939478896444
2025-08-16 14:08:43+00:00,TXG403,19.90741277145127,-70.78101695667613,8839.2,148.062972497392,228.53939478896444
2025-08-16 14:08:44+00:00,TXG403,19.90550412970074,-70.77976851029825,8839.2,148.062972497392,228.53939478896444
2025-08-16 14:08:45+00:00,TXG403,19.903884887695312,-70.77868325369695,8839.2,148.062972497392,228.53939478896444
2025-08-16 14:08:46+00:00,TXG403,19.90205383300781,-70.77750614711215,8839.2,148.062972497392,228.53939478896444
2025-08-16 14:08:47+00:00,TXG403,19.900222778320312,-70.77627999441961,8839.2,148.062972497392,228.53939478896444
2025-08-16 14:08:48+00:00,TXG403,19.89866095074153,-70.77527410333806,8839.2,148.062972497392,228.53939478896444
2025-08-16 14:08:49+00:00,TXG403,19.89678955078125,-70.77402387346541,8839.2,148.062972497392,228.53939478896444
2025-08-16 14:08:50+00:00,TXG403,19.895828247070312,-70.77338627406527,8839.2,148.062972497392,228.53939478896444
2025-08-16 14:08:51+00:00,TXG403,19.893633309057204,-70.77192826704544,8839.2,148.062972497392,228.53939478896444
2025-08-16 14:08:52+00:00,TXG403,19.89193725585937,-70.77083587646484,8839.2,148.062972497392,228.53939478896444
2025-08-16 14:08:53+00:00,TXG403,19.88958326436705,-70.76928156072444,8839.2,148.062972497392,228.53939478896444
2025-08-16 14:08:54+00:00,TXG403,19.887814279329977,-70.76808305220169,8839.2,148.062972497392,228.53939478896444
2025-08-16 14:08:55+00:00,TXG403,19.885812533103813,-70.76683460582387,8839.2,148.062972497392,228.53939478896444
2025-08-16 14:08:56+00:00,TXG403,19.884933471679688,-70.76622554234098,8839.2,148.062972497392,228.53939478896444
2025-08-16 14:08:57+00:00,TXG403,19.883102416992188,-70.76499938964844,8839.2,148.062972497392,228.53939478896444
2025-08-16 14:08:58+00:00,TXG403,19.881390070511124,-70.76388827237213,8839.2,148.062972497392,228.53939478896444
2025-08-16 14:08:59+00:00,TXG403,19.879062458620236,-70.76234019886363,8839.2,148.062972497392,228.53939478896444
2025-08-16 14:09:00+00:00,TXG403,19.87733459472656,-70.76122283935547,8839.2,148.062972497392,228.53939478896444
2025-08-16 14:09:01+00:00,TXG403,19.87554931640625,-70.76004573277066,8839.2,148.062972497392,228.53939478896444
2025-08-16 14:09:02+00:00,TXG403,19.874779652740997,-70.75954367897725,8839.2,148.062972497392,228.53939478896444
2025-08-16 14:09:03+00:00,TXG403,19.87249859308792,-70.75799560546875,8839.2,148.062972497392,228.53939478896444
2025-08-16 14:09:04+00:00,TXG403,19.870962369239937,-70.75699684836644,8839.2,148.062972497392,228.53939478896444
2025-08-16 14:09:05+00:00,TXG403,19.86914683196504,-70.75579833984375,8839.2,148.062972497392,228.53939478896444
2025-08-16 14:09:06+00:00,TXG403,19.866772667836333,-70.75425026633519,8839.2,148.062972497392,228.53939478896444
2025-08-16 14:09:07+00:00,TXG403,19.86514333951271,-70.75320157137782,8839.2,148.062972497392,228.53939478896444
2025-08-16 14:09:08+00:00,TXG403,19.86421229475636,-70.75255237926137,8839.2,148.062972497392,228.53939478896444
2025-08-16 14:09:09+00:00,TXG403,19.862548828125,-70.75146266392301,8839.2,148.062972497392,228.53939478896444
2025-08-16 14:09:10+00:00,TXG403,19.8598829366393,-70.74970592151988,8839.2,148.062972497392,228.53939478896444
2025-08-16 14:09:11+00:00,TXG403,19.85824584960937,-70.74861798967635,8839.2,148.062972497392,228.53939478896444
2025-08-16 14:09:12+00:00,TXG403,19.85625186208951,-70.74730890447444,8839.2,148.062972497392,228.53939478896444
2025-08-16 14:09:13+00:00,TXG403,19.854622533765887,-70.746260209517,8839.2,148.062972497392,228.53939478896444
2025-08-16 14:09:14+00:00,TXG403,19.85215759277344,-70.74459620884488,8839.2,148.062972497392,228.53939478896444
2025-08-16 14:09:15+00:00,TXG403,19.85127077264301,-70.74401300603694,8839.2,148.062972497392,228.53939478896444
2025-08-16 14:09:16+00:00,TXG403,19.84931557865466,-70.74276455965907,8839.2,148.062972497392,228.53939478896444
2025-08-16 14:09:17+00:00,TXG403,19.847453489141948,-70.74151611328125,8839.2,148.062972497392,228.53939478896444
2025-08-16 14:09:18+00:00,TXG403,19.845824160818324,-70.74046741832387,8839.2,148.062972497392,228.53939478896444
2025-08-16 14:09:19+00:00,TXG403,19.843780517578125,-70.73910304478238,8839.2,148.062972497392,228.53939478896444
2025-08-16 14:09:20+00:00,TXG403,19.84295654296875,-70.73856353759766,8839.2,148.062972497392,228.53939478896444
2025-08-16 14:09:21+00:00,TXG403,19.841168937036542,-70.73737127130681,8839.2,148.062972497392,228.53939478896444
2025-08-16 14:09:22+00:00,TXG403,19.839306847523837,-70.73612282492894,8839.2,148.062972497392,228.53939478896444
2025-08-16 14:09:23+00:00,TXG403,19.83750915527344,-70.73493412562777,8839.2,148.062972497392,228.53939478896444
2025-08-16 14:09:24+00:00,TXG403,19.8350830078125,-70.73336465018133,8839.2,148.062972497392,228.53939478896444
2025-08-16 14:09:25+00:00,TXG403,19.834030151367188,-70.73267800467352,8839.2,148.062972497392,228.53939478896444
2025-08-16 14:09:26+00:00,TXG403,19.832137802899894,-70.73142866654825,8839.2,148.062972497392,228.53939478896444
2025-08-16 14:09:28+00:00,TXG403,19.82855328058792,-70.72908158735794,8839.2,148.062972497392,228.53939478896444
2025-08-16 14:09:29+00:00,TXG403,19.826934814453125,-70.72796957833424,8839.2,148.062972497392,228.53939478896444
2025-08-16 14:09:30+00:00,TXG403,19.82524807170286,-70.72688432173294,8839.2,148.062972497392,228.53939478896444
2025-08-16 14:09:31+00:00,TXG403,19.8226318359375,-70.72517395019531,8839.2,148.062972497392,228.53939478896444
2025-08-16 14:09:32+00:00,TXG403,19.82171630859375,-70.72458539690291,8839.2,148.062972497392,228.53939478896444
2025-08-16 14:09:33+00:00,TXG403,19.82015991210937,-70.72350638253346,8839.2,148.062972497392,228.53939478896444
2025-08-16 14:09:34+00:00,TXG403,19.81842041015625,-70.72237832205633,8839.2,148.062972497392,228.53939478896444
2025-08-16 14:09:35+00:00,TXG403,19.81654357910156,-70.72115216936385,8839.2,148.062972497392,228.53939478896444
2025-08-16 14:09:36+00:00,TXG403,19.81402587890625,-70.71948460170199,8839.2,148.062972497392,228.53939478896444
2025-08-16 14:09:37+00:00,TXG403,19.812073788400426,-70.71819513494319,8839.2,148.062972497392,228.53939478896444
2025-08-16 14:09:38+00:00,TXG403,19.811189295881885,-70.71764581853694,8839.2,148.062972497392,228.53939478896444
2025-08-16 14:09:39+00:00,TXG403,19.8094482421875,-70.71649278913225,8839.2,148.062972497392,228.53939478896444
2025-08-16 14:09:40+00:00,TXG403,19.807744430283368,-70.71534867720169,8839.2,148.13106754493677,228.9761291172157
2025-08-16 14:09:41+00:00,TXG403,19.805740356445312,-70.71404048374723,8839.2,148.13106754493677,228.9761291172157
2025-08-16 14:09:42+00:00,TXG403,19.80409240722656,-70.71296146937777,8839.2,148.062972497392,228.53939478896444
2025-08-16 14:09:43+00:00,TXG403,19.80244445800781,-70.71188245500838,8839.2,148.062972497392,228.53939478896444
2025-08-16 14:09:44+00:00,TXG403,19.799789428710938,-70.71011679513111,8839.2,148.062972497392,228.53939478896444
2025-08-16 14:09:45+00:00,TXG403,19.79903916181144,-70.70960582386363,8839.2,148.062972497392,228.53939478896444
2025-08-16 14:09:46+00:00,TXG403,19.79745483398437,-70.7085963657924,8839.2,148.062972497392,228.53939478896444
2025-08-16 14:09:47+00:00,TXG403,19.79498911712129,-70.70695911754262,8839.2,147.95365222822466,228.8119454023964
2025-08-16 14:09:48+00:00,TXG403,19.79312702760858,-70.70576060901988,8839.2,147.95365222822466,228.8119454023964
2025-08-16 14:09:49+00:00,TXG403,19.791358042571503,-70.70456210049713,8839.2,147.95365222822466,228.8119454023964
2025-08-16 14:09:50+00:00,TXG403,19.790451049804688,-70.70398603166853,8839.2,147.95365222822466,228.8119454023964
2025-08-16 14:09:51+00:00,TXG403,19.788848876953125,-70.70290701729908,8839.2,147.95365222822466,228.8119454023964
2025-08-16 14:09:52+00:00,TXG403,19.78651428222656,-70.70138658796037,8839.2,147.95365222822466,228.8119454023964
2025-08-16 14:09:53+00:00,TXG403,19.784820556640625,-70.70025852748324,8839.2,147.95365222822466,228.8119454023964
2025-08-16 14:09:54+00:00,TXG403,19.782885535288663,-70.69896906072444,8839.2,148.062972497392,228.53939478896444
2025-08-16 14:09:55+00:00,TXG403,19.780975341796875,-70.69770812988281,8839.2,147.95365222822466,228.8119454023964
2025-08-16 14:09:56+00:00,TXG403,19.779952744306144,-70.697021484375,8839.2,148.062972497392,228.53939478896444
2025-08-16 14:09:57+00:00,TXG403,19.777267456054688,-70.69530487060547,8839.2,147.95365222822466,228.8119454023964
2025-08-16 14:09:58+00:00,TXG403,19.776443481445312,-70.69471631731307,8839.2,147.95365222822466,228.8119454023964
2025-08-16 14:09:59+00:00,TXG403,19.77479553222656,-70.69363730294361,8839.2,147.95365222822466,228.8119454023964
2025-08-16 14:10:00+00:00,TXG403,19.77305603027344,-70.69250924246649,8839.2,147.95365222822466,228.8119454023964
2025-08-16 14:10:01+00:00,TXG403,19.771014714645126,-70.69117875532669,8839.2,147.95365222822466,228.8119454023964
2025-08-16 14:10:02+00:00,TXG403,19.769338834083687,-70.69003018465907,8839.2,147.95365222822466,228.8119454023964
2025-08-16 14:10:03+00:00,TXG403,19.76742553710937,-70.68878173828125,8839.2,148.062972497392,228.53939478896444
2025-08-16 14:10:04+00:00,TXG403,19.764730162539724,-70.68703391335225,8839.2,148.062972497392,228.53939478896444
2025-08-16 14:10:05+00:00,TXG403,19.763799117783368,-70.68638472123575,8839.2,148.062972497392,228.53939478896444
2025-08-16 14:10:06+00:00,TXG403,19.762169789459744,-70.68533602627838,8839.2,148.062972497392,228.53939478896444
2025-08-16 14:10:07+00:00,TXG403,19.76035425218485,-70.68413751775569,8839.2,148.062972497392,228.53939478896444
2025-08-16 14:10:08+00:00,TXG403,19.758773803710938,-70.68309238978793,8839.2,148.062972497392,228.53939478896444
2025-08-16 14:10:09+00:00,TXG403,19.756118774414062,-70.68132672991072,8839.2,147.95365222822466,228.8119454023964
2025-08-16 14:10:10+00:00,TXG403,19.754302461268537,-70.68014248934657,8839.2,147.95365222822466,228.8119454023964
2025-08-16 14:10:11+00:00,TXG403,19.75360107421875,-70.67965916224887,8839.2,147.95365222822466,228.8119454023964
2025-08-16 14:10:12+00:00,TXG403,19.751602431475103,-70.6783447265625,8839.2,147.95365222822466,228.8119454023964
2025-08-16 14:10:13+00:00,TXG403,19.74989318847656,-70.67725590297152,8839.2,147.95365222822466,228.8119454023964
2025-08-16 14:10:14+00:00,TXG403,19.74801790916313,-70.67599764737213,8839.2,147.95365222822466,228.8119454023964
2025-08-16 14:10:15+00:00,TXG403,19.746322631835938,-70.67490168980191,8839.2,147.95365222822466,228.8119454023964
2025-08-16 14:10:16+00:00,TXG403,19.744308471679688,-70.67352839878629,8839.2,147.95365222822466,228.8119454023964
2025-08-16 14:10:17+00:00,TXG403,19.74238586425781,-70.67225319998602,8839.2,147.95365222822466,228.8119454023964
2025-08-16 14:10:18+00:00,TXG403,19.74159370034428,-70.6717529296875,8839.2,147.95365222822466,228.8119454023964
2025-08-16 14:10:19+00:00,TXG403,19.73987126754502,-70.67060435901988,8839.2,147.95365222822466,228.8119454023964
2025-08-16 14:10:20+00:00,TXG403,19.73782296908104,-70.66925603693181,8839.2,147.95365222822466,228.8119454023964
2025-08-16 14:10:22+00:00,TXG403,19.73386602886653,-70.66660933061075,8839.2,147.95365222822466,228.8119454023964
2025-08-16 14:10:23+00:00,TXG403,19.73312119306144,-70.66615988991475,8839.2,147.95365222822466,228.8119454023964
2025-08-16 14:10:24+00:00,TXG403,19.73139876026218,-70.66501131924713,8839.2,147.95365222822466,228.8119454023964
2025-08-16 14:10:25+00:00,TXG403,19.72933959960937,-70.66367013113836,8839.2,147.95365222822466,228.8119454023964
2025-08-16 14:10:26+00:00,TXG403,19.7266845703125,-70.66190447126115,8839.2,147.95365222822466,228.8119454023964
2025-08-16 14:10:27+00:00,TXG403,19.72492799920551,-70.66071666370738,8839.2,147.95365222822466,228.8119454023964
2025-08-16 14:10:28+00:00,TXG403,19.72320556640625,-70.65959930419922,8839.2,147.95365222822466,228.8119454023964
2025-08-16 14:10:29+00:00,TXG403,19.721529685844807,-70.65851939808238,8839.2,147.95365222822466,228.8119454023964
2025-08-16 14:10:30+00:00,TXG403,19.72069174556409,-70.657920143821,8839.2,147.95365222822466,228.8119454023964
2025-08-16 14:10:31+00:00,TXG403,19.7188762082892,-70.65672163529825,8839.2,147.95365222822466,228.8119454023964
2025-08-16 14:10:32+00:00,TXG403,19.71640893968485,-70.65512362393463,8839.2,147.95365222822466,228.8119454023964
2025-08-16 14:10:33+00:00,TXG403,19.714508056640625,-70.65386090959822,8839.2,147.95365222822466,228.8119454023964
2025-08-16 14:10:34+00:00,TXG403,19.712684760659428,-70.65262673117894,8839.2,147.95365222822466,228.8119454023964
2025-08-16 14:10:35+00:00,TXG403,19.711800268140887,-70.65207741477269,8839.2,147.95365222822466,228.8119454023964
2025-08-16 14:10:36+00:00,TXG403,19.70989162639036,-70.65082896839488,8839.2,147.95365222822466,228.8119454023964
2025-08-16 14:10:37+00:00,TXG403,19.708236694335938,-70.64969199044361,8839.2,147.95365222822466,228.8119454023964
2025-08-16 14:10:38+00:00,TXG403,19.70588813393803,-70.64818226207387,8839.2,147.95365222822466,228.8119454023964
2025-08-16 14:10:39+00:00,TXG403,19.70416259765625,-70.64704350062777,8839.2,147.95365222822466,228.8119454023964
2025-08-16 14:10:40+00:00,TXG403,19.702582925052965,-70.64598499644887,8839.2,147.95365222822466,228.8119454023964
2025-08-16 14:10:41+00:00,TXG403,19.70165188029661,-70.6453857421875,8839.2,147.95365222822466,228.8119454023964
2025-08-16 14:10:42+00:00,TXG403,19.699138059454448,-70.64373779296875,8839.2,148.062972497392,228.53939478896444
2025-08-16 14:10:43+00:00,TXG403,19.6971828654661,-70.64243940873575,8839.2,148.062972497392,228.53939478896444
2025-08-16 14:10:44+00:00,TXG403,19.695227671477756,-70.64114102450282,8839.2,147.95365222822466,228.8119454023964
2025-08-16 14:10:45+00:00,TXG403,19.69349670410156,-70.64002990722656,8839.2,148.062972497392,228.53939478896444
2025-08-16 14:10:46+00:00,TXG403,19.69184875488281,-70.63890184674943,8839.2,148.062972497392,228.53939478896444
2025-08-16 14:10:47+00:00,TXG403,19.69094486559852,-70.63829456676137,8839.2,148.062972497392,228.53939478896444
2025-08-16 14:10:48+00:00,TXG403,19.688507080078125,-70.63669477190291,8839.2,148.062972497392,228.53939478896444
2025-08-16 14:10:49+00:00,TXG403,19.68663024902344,-70.63546861921037,8839.2,148.062972497392,228.53939478896444
2025-08-16 14:10:50+00:00,TXG403,19.684846522444385,-70.63429953835225,8839.2,148.062972497392,228.53939478896444
2025-08-16 14:10:51+00:00,TXG403,19.683124089645126,-70.63320090553975,8839.2,148.062972497392,228.53939478896444
2025-08-16 14:10:52+00:00,TXG403,19.68150329589844,-70.63213348388672,8839.2,148.062972497392,228.53939478896444
2025-08-16 14:10:53+00:00,TXG403,19.67995853747352,-70.631103515625,8839.2,148.062972497392,228.53939478896444
2025-08-16 14:10:54+00:00,TXG403,19.678298950195312,-70.62997545514787,8839.2,148.062972497392,228.53939478896444
2025-08-16 14:10:55+00:00,TXG403,19.676422119140625,-70.62874930245533,8839.2,148.062972497392,228.53939478896444
2025-08-16 14:10:56+00:00,TXG403,19.674819946289062,-70.62771933419361,8839.2,148.062972497392,228.53939478896444
2025-08-16 14:10:57+00:00,TXG403,19.67294311523437,-70.62649318150113,8839.2,148.062972497392,228.53939478896444
2025-08-16 14:10:58+00:00,TXG403,19.67051696777344,-70.62487465994695,8839.2,148.062972497392,228.53939478896444
2025-08-16 14:10:59+00:00,TXG403,19.66897220934852,-70.6238625266335,8839.2,148.062972497392,228.53939478896444
2025-08-16 14:11:00+00:00,TXG403,19.66724977654926,-70.62271395596588,8839.2,148.062972497392,228.53939478896444
2025-08-16 14:11:01+00:00,TXG403,19.665434239274365,-70.62151544744319,8839.2,148.062972497392,228.53939478896444
2025-08-16 14:11:02+00:00,TXG403,19.664382934570312,-70.62080383300781,8839.2,148.062972497392,228.53939478896444
2025-08-16 14:11:03+00:00,TXG403,19.662872314453125,-70.61982291085377,8839.2,148.062972497392,228.53939478896444
2025-08-16 14:11:04+00:00,TXG403,19.66094970703125,-70.61854771205356,8839.2,148.062972497392,228.53939478896444
2025-08-16 14:11:05+00:00,TXG403,19.658916925979877,-70.61722079190338,8839.2,148.062972497392,228.53939478896444
2025-08-16 14:11:06+00:00,TXG403,19.656326293945312,-70.61550685337613,8839.2,148.062972497392,228.53939478896444
2025-08-16 14:11:07+00:00,TXG403,19.654861450195312,-70.61452593122209,8839.2,148.062972497392,228.53939478896444
2025-08-16 14:11:08+00:00,TXG403,19.653935836533368,-70.613974831321,8839.2,148.062972497392,228.53939478896444
2025-08-16 14:11:09+00:00,TXG403,19.65216064453125,-70.61280931745256,8839.2,148.062972497392,228.53939478896444
2025-08-16 14:11:10+00:00,TXG403,19.650165105270126,-70.61147793856532,8839.2,148.062972497392,228.53939478896444
2025-08-16 14:11:11+00:00,TXG403,19.64820991128178,-70.61017955433238,8839.2,148.062972497392,228.53939478896444
2025-08-16 14:11:12+00:00,TXG403,19.646392822265625,-70.60898372105191,8839.2,148.062972497392,228.53939478896444
2025-08-16 14:11:13+00:00,TXG403,19.64442443847656,-70.60770852225164,8839.2,148.062972497392,228.53939478896444
2025-08-16 14:11:14+00:00,TXG403,19.64341735839844,-70.60702187674383,8839.2,148.062972497392,228.53939478896444
2025-08-16 14:11:15+00:00,TXG403,19.641646045749468,-70.60588489879262,8839.2,148.062972497392,228.53939478896444
2025-08-16 14:11:16+00:00,TXG403,19.63983050847457,-70.60468639026988,8839.2,148.062972497392,228.53939478896444
2025-08-16 14:11:17+00:00,TXG403,19.637875314486227,-70.60338800603694,8839.2,148.062972497392,228.53939478896444
2025-08-16 14:11:18+00:00,TXG403,19.63604736328125,-70.60221535818914,8839.2,148.062972497392,228.53939478896444
2025-08-16 14:11:19+00:00,TXG403,19.63443044888771,-70.60114080255681,8839.2,148.062972497392,228.53939478896444
2025-08-16 14:11:20+00:00,TXG403,19.63252180713718,-70.59989235617894,8839.2,148.062972497392,228.53939478896444
2025-08-16 14:11:21+00:00,TXG403,19.63154421014301,-70.59919322620738,8839.2,148.062972497392,228.53939478896444
2025-08-16 14:11:22+00:00,TXG403,19.62950134277344,-70.5978993007115,8839.2,148.062972497392,228.53939478896444
2025-08-16 14:11:23+00:00,TXG403,19.627773478879767,-70.59674627130681,8839.2,148.062972497392,228.53939478896444
2025-08-16 14:11:24+00:00,TXG403,19.62533569335937,-70.59515271868025,8839.2,148.062972497392,228.53939478896444
2025-08-16 14:11:25+00:00,TXG403,19.623504638671875,-70.59392656598772,8839.2,148.062972497392,228.53939478896444
2025-08-16 14:11:26+00:00,TXG403,19.62153625488281,-70.5926513671875,8839.2,148.062972497392,228.53939478896444
2025-08-16 14:11:27+00:00,TXG403,19.620790643207098,-70.59220192649144,8839.2,148.062972497392,228.53939478896444
2025-08-16 14:11:28+00:00,TXG403,19.6190185546875,-70.59103284563338,8839.2,148.062972497392,228.53939478896444
2025-08-16 14:11:29+00:00,TXG403,19.6173923298464,-70.58995472301137,8839.2,148.062972497392,228.53939478896444
2025-08-16 14:11:30+00:00,TXG403,19.6146240234375,-70.58809007917131,8839.2,148.062972497392,228.53939478896444
2025-08-16 14:11:31+00:00,TXG403,19.613807807534428,-70.587607643821,8839.2,148.062972497392,228.53939478896444
2025-08-16 14:11:32+00:00,TXG403,19.611247434454448,-70.58590975674713,8839.2,148.062972497392,228.53939478896444
2025-08-16 14:11:33+00:00,TXG403,19.6092922404661,-70.58461137251419,8839.2,148.062972497392,228.53939478896444
2025-08-16 14:11:34+00:00,TXG403,19.608547404661017,-70.58411199396306,8839.2,148.062972497392,228.53939478896444
2025-08-16 14:11:35+00:00,TXG403,19.606246948242188,-70.58264596121649,8839.2,148.1725534233269,228.26767814879392
2025-08-16 14:11:36+00:00,TXG403,19.60455322265625,-70.58151790073941,8831.58,148.1725534233269,228.26767814879392
2025-08-16 14:11:37+00:00,TXG403,19.602728374933797,-70.58031671697444,8831.58,148.1725534233269,228.26767814879392
2025-08-16 14:11:38+00:00,TXG403,19.600799560546875,-70.57906559535434,8831.58,148.1725534233269,228.26767814879392
2025-08-16 14:11:39+00:00,TXG403,19.59984213618909,-70.57841907848012,8823.960000000001,148.1725534233269,228.26767814879392
2025-08-16 14:11:40+00:00,TXG403,19.597183227539062,-70.57666233607699,8823.960000000001,148.1725534233269,228.26767814879392
2025-08-16 14:11:41+00:00,TXG403,19.59537312135858,-70.57547274502838,8816.34,148.104326144697,227.8307473931075
2025-08-16 14:11:42+00:00,TXG403,19.59434509277344,-70.57479858398438,8816.34,148.104326144697,227.8307473931075
2025-08-16 14:11:43+00:00,TXG403,19.59262653932733,-70.57372492009944,8808.720000000001,148.2142975922981,227.55934759946788
2025-08-16 14:11:44+00:00,TXG403,19.590904106528072,-70.57257634943181,8801.1,148.2142975922981,227.55934759946788
2025-08-16 14:11:45+00:00,TXG403,19.589080810546875,-70.57136535644531,8801.1,148.2142975922981,227.55934759946788
2025-08-16 14:11:46+00:00,TXG403,19.58734130859375,-70.57023729596818,8793.48,148.2142975922981,227.55934759946788
2025-08-16 14:11:47+00:00,TXG403,19.584548950195312,-70.56842258998324,8785.86,148.2142975922981,227.55934759946788
2025-08-16 14:11:48+00:00,TXG403,19.58373506190413,-70.56788219105113,8785.86,148.2142975922981,227.55934759946788
2025-08-16 14:11:49+00:00,TXG403,19.581802368164062,-70.5666078839983,8778.24,148.25630242681993,226.85113859724413
2025-08-16 14:11:50+00:00,TXG403,19.580062866210938,-70.56547982352117,8770.62,148.25630242681993,226.85113859724413
2025-08-16 14:11:51+00:00,TXG403,19.578335002317267,-70.56438654119319,8763.0,148.25630242681993,226.85113859724413
2025-08-16 14:11:52+00:00,TXG403,19.57637980832892,-70.56308815696019,8763.0,148.1878099213056,226.413811998392
2025-08-16 14:11:53+00:00,TXG403,19.57465737552966,-70.56198952414769,8755.380000000001,148.1878099213056,226.413811998392
2025-08-16 14:11:54+00:00,TXG403,19.573745727539062,-70.5613599504743,8755.380000000001,148.1878099213056,226.413811998392
2025-08-16 14:11:55+00:00,TXG403,19.57191467285156,-70.56018284388949,8747.76,148.22994483603208,225.70552625575797
2025-08-16 14:11:56+00:00,TXG403,19.57118225097656,-70.5596923828125,8747.76,148.22994483603208,225.70552625575797
2025-08-16 14:11:57+00:00,TXG403,19.56756591796875,-70.55728912353516,8732.52,148.22994483603208,225.70552625575797
2025-08-16 14:11:58+00:00,TXG403,19.56605529785156,-70.55635724748885,8732.52,148.22994483603208,225.70552625575797
2025-08-16 14:11:59+00:00,TXG403,19.564415883209744,-70.55524791370738,8724.9,148.16105286557024,225.26832527828304
2025-08-16 14:12:00+00:00,TXG403,19.563400268554688,-70.55459158761158,8717.28,148.16105286557024,225.26832527828304
2025-08-16 14:12:01+00:00,TXG403,19.56092446537341,-70.55300071022725,8709.66,148.16105286557024,225.26832527828304
2025-08-16 14:12:02+00:00,TXG403,19.559202032574152,-70.55185213955963,8709.66,148.09189306434686,224.8314512478943
2025-08-16 14:12:03+00:00,TXG403,19.557665808726163,-70.55080344460225,8702.04,148.09189306434686,224.8314512478943
2025-08-16 14:12:04+00:00,TXG403,19.556716918945312,-70.55022648402621,8702.04,148.09189306434686,224.8314512478943
2025-08-16 14:12:05+00:00,TXG403,19.55502319335937,-70.54909842354908,8694.42,148.13402230639633,224.1228881886292
2025-08-16 14:12:06+00:00,TXG403,19.552545062566207,-70.54745760830963,8686.800000000001,148.13402230639633,224.1228881886292
2025-08-16 14:12:07+00:00,TXG403,19.550869182004767,-70.54635897549713,8679.18,148.13402230639633,224.1228881886292
2025-08-16 14:12:08+00:00,TXG403,19.549193301443324,-70.54526034268463,8679.18,148.06445559144987,223.6861433282833
2025-08-16 14:12:09+00:00,TXG403,19.54742431640625,-70.54409572056363,8671.560000000001,148.06445559144987,223.6861433282833
2025-08-16 14:12:10+00:00,TXG403,19.545730590820312,-70.54301670619418,8663.94,148.06445559144987,223.6861433282833
2025-08-16 14:12:11+00:00,TXG403,19.54403686523437,-70.54188864571705,8663.94,147.9946167919165,223.24972951698743
2025-08-16 14:12:12+00:00,TXG403,19.542022705078125,-70.54056440080916,8656.32,147.9946167919165,223.24972951698743
2025-08-16 14:12:13+00:00,TXG403,19.541232868776483,-70.54001686789769,8648.7,147.9946167919165,223.24972951698743
2025-08-16 14:12:14+00:00,TXG403,19.53863525390625,-70.5383082798549,8641.08,147.9946167919165,223.24972951698743
2025-08-16 14:12:15+00:00,TXG403,19.537078857421875,-70.53727831159318,8641.08,148.10671404094217,222.97750149428677
2025-08-16 14:12:16+00:00,TXG403,19.535320734573624,-70.53612171519887,8633.460000000001,148.10671404094217,222.97750149428677
2025-08-16 14:12:17+00:00,TXG403,19.533599853515625,-70.53502219063893,8625.84,148.0367357107053,222.54088723248063
2025-08-16 14:12:18+00:00,TXG403,19.532684326171875,-70.53438459123885,8625.84,148.0367357107053,222.54088723248063
2025-08-16 14:12:19+00:00,TXG403,19.5302930928893,-70.53282581676137,8618.220000000001,148.0367357107053,222.54088723248063
2025-08-16 14:12:20+00:00,TXG403,19.52838445113877,-70.5315773703835,8610.6,148.0367357107053,222.54088723248063
2025-08-16 14:12:21+00:00,TXG403,19.527420043945312,-70.53090231759205,8610.6,148.0367357107053,222.54088723248063
2025-08-16 14:12:22+00:00,TXG403,19.52545166015625,-70.52962979403407,8602.98,148.0367357107053,222.54088723248063
2025-08-16 14:12:23+00:00,TXG403,19.52289128707627,-70.52793190696019,8595.36,148.0367357107053,222.54088723248063
2025-08-16 14:12:24+00:00,TXG403,19.52119445800781,-70.52683149065291,8587.74,148.0367357107053,222.54088723248063
2025-08-16 14:12:25+00:00,TXG403,19.52023780952065,-70.52623401988637,8587.74,148.07912378006682,221.8321659758743
2025-08-16 14:12:26+00:00,TXG403,19.518608481197035,-70.52513538707387,8580.12,148.07912378006682,221.8321659758743
2025-08-16 14:12:27+00:00,TXG403,19.517025705111227,-70.52408669211644,8580.12,148.07912378006682,221.8321659758743
2025-08-16 14:12:28+00:00,TXG403,19.515117063360695,-70.52283824573863,8572.5,148.07912378006682,221.8321659758743
2025-08-16 14:12:29+00:00,TXG403,19.513504028320312,-70.52177974155973,8564.880000000001,148.07912378006682,221.8321659758743
2025-08-16 14:12:30+00:00,TXG403,19.510894775390625,-70.5200631277902,8557.26,148.07912378006682,221.8321659758743
2025-08-16 14:12:31+00:00,TXG403,19.510089421676376,-70.51954234730113,8557.26,148.07912378006682,221.8321659758743
2025-08-16 14:12:32+00:00,TXG403,19.508102416992188,-70.51824842180525,8549.640000000001,148.07912378006682,221.8321659758743
2025-08-16 14:12:33+00:00,TXG403,19.50724973516949,-70.51764470880681,8549.640000000001,148.07912378006682,221.8321659758743
2025-08-16 14:12:34+00:00,TXG403,19.50468936208951,-70.51599675958806,8542.02,148.07912378006682,221.8321659758743
2025-08-16 14:12:35+00:00,TXG403,19.503060033765887,-70.51489812677556,8534.4,148.07912378006682,221.8321659758743
2025-08-16 14:12:36+00:00,TXG403,19.501235961914062,-70.51373617989674,8526.78,148.07912378006682,221.8321659758743
2025-08-16 14:12:37+00:00,TXG403,19.50031345173464,-70.51310036399144,8526.78,148.07912378006682,221.8321659758743
2025-08-16 14:12:38+00:00,TXG403,19.49839782714844,-70.51187242780412,8519.16,148.07912378006682,221.8321659758743
2025-08-16 14:12:39+00:00,TXG403,19.4967041015625,-70.51074436732699,8511.54,148.07912378006682,221.8321659758743
2025-08-16 14:12:40+00:00,TXG403,19.494913392147776,-70.5096047141335,8511.54,148.07912378006682,221.8321659758743
2025-08-16 14:12:41+00:00,TXG403,19.492585780256885,-70.508056640625,8503.92,148.19204178295394,221.56058520253768
2025-08-16 14:12:42+00:00,TXG403,19.49072369074417,-70.50685813210225,8496.300000000001,148.19204178295394,221.56058520253768
2025-08-16 14:12:43+00:00,TXG403,19.48909436242055,-70.50575949928975,8488.68,148.19204178295394,221.56058520253768
2025-08-16 14:12:44+00:00,TXG403,19.488327026367188,-70.50525120326449,8488.68,148.19204178295394,221.56058520253768
2025-08-16 14:12:45+00:00,TXG403,19.48597536248676,-70.50371204723012,8481.060000000001,148.19204178295394,221.56058520253768
2025-08-16 14:12:46+00:00,TXG403,19.484390258789062,-70.50265175955633,8473.44,148.19204178295394,221.56058520253768
2025-08-16 14:12:47+00:00,TXG403,19.483694302833687,-70.50221391157669,8473.44,148.19204178295394,221.56058520253768
2025-08-16 14:12:48+00:00,TXG403,19.481002807617188,-70.50049373081754,8465.82,148.19204178295394,221.56058520253768
2025-08-16 14:12:49+00:00,TXG403,19.48004150390625,-70.4998561314174,8465.82,148.19204178295394,221.56058520253768
2025-08-16 14:12:50+00:00,TXG403,19.47750285520392,-70.49821888316762,8450.58,148.19204178295394,221.56058520253768
2025-08-16 14:12:51+00:00,TXG403,19.47596740722656,-70.49715859549383,8450.58,148.19204178295394,221.56058520253768
2025-08-16 14:12:52+00:00,TXG403,19.474244198556672,-70.49607155539769,8442.960000000001,148.19204178295394,221.56058520253768
2025-08-16 14:12:53+00:00,TXG403,19.47261487023305,-70.49497292258519,8442.960000000001,148.19204178295394,221.56058520253768
2025-08-16 14:12:54+00:00,TXG403,19.470977783203125,-70.49392155238559,8435.34,148.12178354133349,221.1235669108848
2025-08-16 14:12:55+00:00,TXG403,19.46864318847656,-70.49240112304688,8427.720000000001,148.12178354133349,221.1235669108848
2025-08-16 14:12:56+00:00,TXG403,19.46772688526218,-70.49177689985794,8420.1,148.12178354133349,221.1235669108848
2025-08-16 14:12:57+00:00,TXG403,19.465988159179688,-70.49063546316961,8420.1,148.12178354133349,221.1235669108848
2025-08-16 14:12:58+00:00,TXG403,19.46414236295021,-70.48942982066762,8412.48,148.12178354133349,221.1235669108848
2025-08-16 14:12:59+00:00,TXG403,19.46237337791313,-70.48828125,8404.86,148.23511618234338,220.8523131017512
2025-08-16 14:13:00+00:00,TXG403,19.46099853515625,-70.48739842006137,8404.86,148.23511618234338,220.8523131017512
2025-08-16 14:13:01+00:00,TXG403,19.458480834960938,-70.48573085239957,8397.24,148.23511618234338,220.8523131017512
2025-08-16 14:13:02+00:00,TXG403,19.457578497417902,-70.48513516512782,8389.62,148.23511618234338,220.8523131017512
2025-08-16 14:13:03+00:00,TXG403,19.45511122881356,-70.48353715376419,8382.0,148.16471756731542,220.41509121599137
2025-08-16 14:13:04+00:00,TXG403,19.454133631819385,-70.48288796164769,8382.0,148.16471756731542,220.41509121599137
2025-08-16 14:13:05+00:00,TXG403,19.452438354492188,-70.48175811767578,8374.380000000001,148.16471756731542,220.41509121599137
2025-08-16 14:13:06+00:00,TXG403,19.450595661745236,-70.4805908203125,8366.76,148.16471756731542,220.41509121599137
2025-08-16 14:13:07+00:00,TXG403,19.449850825940143,-70.48009144176137,8366.76,148.16471756731542,220.41509121599137
2025-08-16 14:13:08+00:00,TXG403,19.446545617055083,-70.47789417613637,8359.140000000001,148.16471756731542,220.41509121599137
2025-08-16 14:13:09+00:00,TXG403,19.44575500488281,-70.47739301409041,8351.52,148.16471756731542,220.41509121599137
2025-08-16 14:13:10+00:00,TXG403,19.444839477539062,-70.47680446079801,8351.52,148.16471756731542,220.41509121599137
2025-08-16 14:13:11+00:00,TXG403,19.44232177734375,-70.47513689313615,8343.9,148.0940392148314,219.9782034074556
2025-08-16 14:13:12+00:00,TXG403,19.440582275390625,-70.47400883265902,8336.28,148.0940392148314,219.9782034074556
2025-08-16 14:13:13+00:00,TXG403,19.43861389160156,-70.47273363385881,8336.28,148.0940392148314,219.9782034074556
2025-08-16 14:13:14+00:00,TXG403,19.436782836914062,-70.47150748116627,8328.66,148.0940392148314,219.9782034074556
2025-08-16 14:13:15+00:00,TXG403,19.4351806640625,-70.47047751290455,8321.04,148.0940392148314,219.9782034074556
2025-08-16 14:13:16+00:00,TXG403,19.43355754270392,-70.46935480291194,8321.04,148.0940392148314,219.9782034074556
2025-08-16 14:13:17+00:00,TXG403,19.43183510990466,-70.46825617009944,8313.42,148.02307967060497,219.54165167058463
2025-08-16 14:13:18+00:00,TXG403,19.430145263671875,-70.4671423775809,8305.800000000001,148.13710786724818,219.2696478824828
2025-08-16 14:13:19+00:00,TXG403,19.4285299010196,-70.46605890447444,8305.800000000001,148.13710786724818,219.2696478824828
2025-08-16 14:13:20+00:00,TXG403,19.42690057269597,-70.465010209517,8298.18,148.13710786724818,219.2696478824828
2025-08-16 14:13:21+00:00,TXG403,19.425364348847985,-70.46401145241475,8290.560000000001,148.13710786724818,219.2696478824828
2025-08-16 14:13:23+00:00,TXG403,19.421221199682204,-70.46131480823863,8282.94,148.13710786724818,219.2696478824828
2025-08-16 14:13:24+00:00,TXG403,19.42034912109375,-70.46071733747209,8275.32,148.13710786724818,219.2696478824828
2025-08-16 14:13:25+00:00,TXG403,19.41875393107786,-70.45966685901988,8275.32,148.13710786724818,219.2696478824828
2025-08-16 14:13:26+00:00,TXG403,19.417236328125,-70.45870644705633,8267.7,148.13710786724818,219.2696478824828
2025-08-16 14:13:27+00:00,TXG403,19.4146728515625,-70.45703887939453,8260.08,148.13710786724818,219.2696478824828
2025-08-16 14:13:28+00:00,TXG403,19.412887573242188,-70.45586177280973,8252.460000000001,148.13710786724818,219.2696478824828
2025-08-16 14:13:29+00:00,TXG403,19.41107281183792,-70.45462313565338,8252.460000000001,148.13710786724818,219.2696478824828
2025-08-16 14:13:30+00:00,TXG403,19.4102783203125,-70.4541451590402,8244.84,148.13710786724818,219.2696478824828
2025-08-16 14:13:31+00:00,TXG403,19.408493041992188,-70.45296805245533,8244.84,148.13710786724818,219.2696478824828
2025-08-16 14:13:32+00:00,TXG403,19.406836558196503,-70.45187655362213,8237.220000000001,148.13710786724818,219.2696478824828
2025-08-16 14:13:33+00:00,TXG403,19.405105590820312,-70.45076097760881,8229.6,148.18045574442883,218.5612170563675
2025-08-16 14:13:34+00:00,TXG403,19.403484797073624,-70.44967928799713,8229.6,148.18045574442883,218.5612170563675
2025-08-16 14:13:35+00:00,TXG403,19.402587890625,-70.44909340994695,8221.98,148.18045574442883,218.5612170563675
2025-08-16 14:13:36+00:00,TXG403,19.400665283203125,-70.44786725725447,8214.36,148.2514188649346,218.99851472561616
2025-08-16 14:13:37+00:00,TXG403,19.398239135742188,-70.44624873570035,8214.36,148.18045574442883,218.5612170563675
2025-08-16 14:13:38+00:00,TXG403,19.39724679720604,-70.44558438387782,8206.74,148.18045574442883,218.5612170563675
2025-08-16 14:13:39+00:00,TXG403,19.39466857910156,-70.44394356863836,8199.12,148.18045574442883,218.5612170563675
2025-08-16 14:13:40+00:00,TXG403,19.39277778237553,-70.44268798828125,8191.5,148.18045574442883,218.5612170563675
2025-08-16 14:13:41+00:00,TXG403,19.390869140625,-70.44143954190338,8191.5,148.29519144393143,218.2904163630112
2025-08-16 14:13:42+00:00,TXG403,19.390170857057733,-70.44099010120738,8183.88,148.29519144393143,218.2904163630112
2025-08-16 14:13:43+00:00,TXG403,19.388351440429688,-70.43977464948381,8183.88,148.29519144393143,218.2904163630112
2025-08-16 14:13:44+00:00,TXG403,19.386539782507946,-70.438643022017,8176.26,148.29519144393143,218.2904163630112
2025-08-16 14:13:45+00:00,TXG403,19.38509666313559,-70.43769420276988,8168.64,148.2240855205199,217.8529121456258
2025-08-16 14:13:46+00:00,TXG403,19.382720947265625,-70.43614523751393,8168.64,148.2240855205199,217.8529121456258
2025-08-16 14:13:47+00:00,TXG403,19.380889892578125,-70.43491908482144,8161.02,148.2240855205199,217.8529121456258
2025-08-16 14:13:48+00:00,TXG403,19.37997436523437,-70.43433053152899,8153.400000000001,148.2240855205199,217.8529121456258
2025-08-16 14:13:49+00:00,TXG403,19.378326416015625,-70.43325151715959,8153.400000000001,148.2240855205199,217.8529121456258
2025-08-16 14:13:50+00:00,TXG403,19.3764844991393,-70.432051225142,8145.780000000001,148.3392489033634,217.58244623674085
2025-08-16 14:13:51+00:00,TXG403,19.374762066340043,-70.4309525923295,8138.160000000001,148.3392489033634,217.58244623674085
2025-08-16 14:13:52+00:00,TXG403,19.372946529065143,-70.42980402166194,8138.160000000001,148.3392489033634,217.58244623674085
2025-08-16 14:13:53+00:00,TXG403,19.371322631835938,-70.4286902291434,8130.54,148.3392489033634,217.58244623674085
2025-08-16 14:13:54+00:00,TXG403,19.370361328125,-70.428101675851,8130.54,148.3392489033634,217.58244623674085
2025-08-16 14:13:55+00:00,TXG403,19.36875915527344,-70.4270226614816,8122.92,148.3392489033634,217.58244623674085
2025-08-16 14:13:56+00:00,TXG403,19.367202758789062,-70.42604173932756,8115.3,148.26799990325426,217.1447343824285
2025-08-16 14:13:57+00:00,TXG403,19.36466023073358,-70.4243607954545,8107.68,148.26799990325426,217.1447343824285
2025-08-16 14:13:58+00:00,TXG403,19.36326366359905,-70.4234619140625,8107.68,148.26799990325426,217.1447343824285
2025-08-16 14:13:59+00:00,TXG403,19.36083984375,-70.42187282017301,8100.06,148.26799990325426,217.1447343824285
2025-08-16 14:14:00+00:00,TXG403,19.359958454713983,-70.42131458629262,8092.44,148.26799990325426,217.1447343824285
2025-08-16 14:14:01+00:00,TXG403,19.35832912639036,-70.42026589133519,8092.44,148.26799990325426,217.1447343824285
2025-08-16 14:14:02+00:00,TXG403,19.356719970703125,-70.41917528424943,8084.820000000001,148.26799990325426,217.1447343824285
2025-08-16 14:14:03+00:00,TXG403,19.35580444335937,-70.41858673095703,8077.200000000001,148.26799990325426,217.1447343824285
2025-08-16 14:14:04+00:00,TXG403,19.35413942498676,-70.41751930930394,8069.580000000001,148.1964631922185,216.70735966949744
2025-08-16 14:14:05+00:00,TXG403,19.35246354442532,-70.41642067649144,8061.96,148.1964631922185,216.70735966949744
2025-08-16 14:14:06+00:00,TXG403,19.34999627582097,-70.41482266512782,8054.34,148.1964631922185,216.70735966949744
2025-08-16 14:14:07+00:00,TXG403,19.34836694749735,-70.41372403231532,8046.72,148.1964631922185,216.70735966949744
2025-08-16 14:14:08+00:00,TXG403,19.346649169921875,-70.41260310581754,8039.1,148.1964631922185,216.70735966949744
2025-08-16 14:14:09+00:00,TXG403,19.34566691770392,-70.41197620738637,8031.48,148.12463724841098,216.2703241434032
2025-08-16 14:14:10+00:00,TXG403,19.34321594238281,-70.41034698486328,8016.240000000001,148.12463724841098,216.2703241434032
2025-08-16 14:14:11+00:00,TXG403,19.34165954589844,-70.40936606270924,8008.620000000001,148.12463724841098,216.2703241434032
2025-08-16 14:14:12+00:00,TXG403,19.34077893273305,-70.40878018465907,8001.0,148.12463724841098,216.2703241434032
2025-08-16 14:14:13+00:00,TXG403,19.33845132084216,-70.40728204900569,7985.76,148.12463724841098,216.2703241434032
2025-08-16 14:14:14+00:00,TXG403,19.33749389648437,-70.40661948067799,7985.76,148.2405199151872,215.9991018277285
2025-08-16 14:14:15+00:00,TXG403,19.334793090820312,-70.40485382080078,7962.900000000001,148.16854728576433,215.56185809602653
2025-08-16 14:14:16+00:00,TXG403,19.3341064453125,-70.40441240583147,7962.900000000001,148.16854728576433,215.56185809602653
2025-08-16 14:14:18+00:00,TXG403,19.33062744140625,-70.40210723876953,7940.04,148.096282200198,215.12495588958475
2025-08-16 14:14:19+00:00,TXG403,19.32872190313824,-70.40089000355113,7932.42,148.096282200198,215.12495588958475
2025-08-16 14:14:20+00:00,TXG403,19.326580500198624,-70.39949174360794,7917.18,148.096282200198,215.12495588958475
2025-08-16 14:14:21+00:00,TXG403,19.32563781738281,-70.39887019566129,7909.56,148.096282200198,215.12495588958475
2025-08-16 14:14:22+00:00,TXG403,19.323898315429688,-70.39769308907643,7894.320000000001,148.096282200198,215.12495588958475
2025-08-16 14:14:23+00:00,TXG403,19.32220458984375,-70.39659534801137,7886.700000000001,148.023723103618,214.6883972934689
2025-08-16 14:14:24+00:00,TXG403,19.320556640625,-70.39553506033758,7879.080000000001,148.023723103618,214.6883972934689
2025-08-16 14:14:25+00:00,TXG403,19.31890869140625,-70.39440699986051,7863.84,148.023723103618,214.6883972934689
2025-08-16 14:14:26+00:00,TXG403,19.317535400390625,-70.39352416992188,7856.22,148.023723103618,214.6883972934689
2025-08-16 14:14:27+00:00,TXG403,19.31602478027344,-70.39254324776783,7848.6,148.023723103618,214.6883972934689
2025-08-16 14:14:28+00:00,TXG403,19.314476918365997,-70.39150168678975,7840.98,147.95086843224863,214.25218440809235
2025-08-16 14:14:29+00:00,TXG403,19.31149757514565,-70.38955411044032,7818.120000000001,147.95086843224863,214.25218440809235
2025-08-16 14:14:30+00:00,TXG403,19.3105665303893,-70.38895485617894,7810.5,147.95086843224863,214.25218440809235
2025-08-16 14:14:31+00:00,TXG403,19.309844970703125,-70.38847242082869,7810.5,148.06762360703428,213.97964088714195
2025-08-16 14:14:32+00:00,TXG403,19.30744753045551,-70.38690740411931,7795.26,148.06762360703428,213.97964088714195
2025-08-16 14:14:33+00:00,TXG403,19.30577087402344,-70.38582393101285,7780.02,148.06762360703428,213.97964088714195
2025-08-16 14:14:34+00:00,TXG403,19.30339748576536,-70.38421075994319,7764.780000000001,147.9946167919165,213.543219537988
2025-08-16 14:14:35+00:00,TXG403,19.301581948490465,-70.38306218927556,7757.160000000001,147.9946167919165,213.543219537988
2025-08-16 14:14:36+00:00,TXG403,19.299859515691207,-70.38191361860794,7741.92,147.9946167919165,213.543219537988
2025-08-16 14:14:38+00:00,TXG403,19.2982177734375,-70.38082122802734,7734.3,148.1118158706226,213.2710109378643
2025-08-16 14:14:39+00:00,TXG403,19.296615600585938,-70.37979125976562,7726.68,148.1118158706226,213.2710109378643
2025-08-16 14:14:40+00:00,TXG403,19.293574963585804,-70.3777687766335,7703.820000000001,148.1118158706226,213.2710109378643
2025-08-16 14:14:41+00:00,TXG403,19.29185485839844,-70.37665230887274,7696.200000000001,148.1118158706226,213.2710109378643
2025-08-16 14:14:43+00:00,TXG403,19.28952491889565,-70.37517200816762,7680.96,148.1563027595031,212.56250871036409
2025-08-16 14:14:44+00:00,TXG403,19.288035247285485,-70.37417325106532,7665.72,148.1563027595031,212.56250871036409
2025-08-16 14:14:45+00:00,TXG403,19.287185668945312,-70.37361145019531,7665.72,148.1563027595031,212.56250871036409
2025-08-16 14:14:46+00:00,TXG403,19.284439086914062,-70.37179674421037,7642.860000000001,148.1563027595031,212.56250871036409
2025-08-16 14:14:47+00:00,TXG403,19.282309322033896,-70.37042791193181,7627.620000000001,148.0829906748111,212.12566703777097
2025-08-16 14:14:48+00:00,TXG403,19.280540336996825,-70.36927934126419,7620.0,148.0829906748111,212.12566703777097
2025-08-16 14:14:50+00:00,TXG403,19.277801513671875,-70.367431640625,7597.14,148.0829906748111,212.12566703777097
2025-08-16 14:14:51+00:00,TXG403,19.275885113215043,-70.36618319424713,7589.52,148.0829906748111,212.12566703777097
2025-08-16 14:14:52+00:00,TXG403,19.274139404296875,-70.36502838134766,7574.280000000001,148.0829906748111,212.12566703777097
2025-08-16 14:14:53+00:00,TXG403,19.272254038665253,-70.36383611505681,7566.660000000001,148.0829906748111,212.12566703777097
2025-08-16 14:14:54+00:00,TXG403,19.27061462402344,-70.36272321428572,7551.42,148.0093761371627,211.6891740936537
2025-08-16 14:14:55+00:00,TXG403,19.26983642578125,-70.36223275320867,7543.8,148.0093761371627,211.6891740936537
2025-08-16 14:14:56+00:00,TXG403,19.269088486493644,-70.361738725142,7543.8,148.0093761371627,211.6891740936537
2025-08-16 14:14:57+00:00,TXG403,19.266900531316207,-70.36029052734375,7528.56,148.0093761371627,211.6891740936537
2025-08-16 14:14:58+00:00,TXG403,19.2645263671875,-70.35875047956193,7513.320000000001,148.0093761371627,211.6891740936537
2025-08-16 14:14:59+00:00,TXG403,19.26289703886388,-70.35769375887782,7498.08,148.12762197359083,211.4170819370541
2025-08-16 14:15:01+00:00,TXG403,19.261267710540253,-70.35659512606532,7490.46,148.05385252114814,210.98037741048637
2025-08-16 14:15:02+00:00,TXG403,19.259674072265625,-70.35556248256137,7475.22,148.05385252114814,210.98037741048637
2025-08-16 14:15:03+00:00,TXG403,19.25633317333157,-70.35334916548294,7459.98,148.05385252114814,210.98037741048637
2025-08-16 14:15:04+00:00,TXG403,19.254684448242188,-70.35227639334539,7444.740000000001,148.05385252114814,210.98037741048637
2025-08-16 14:15:07+00:00,TXG403,19.251072770458155,-70.34990345348012,7421.88,148.1725534233269,210.7086259835021
2025-08-16 14:15:08+00:00,TXG403,19.24864196777344,-70.34830365862166,7406.64,148.1725534233269,210.7086259835021
2025-08-16 14:15:09+00:00,TXG403,19.24781411381091,-70.34775612571019,7399.02,148.1725534233269,210.7086259835021
2025-08-16 14:15:10+00:00,TXG403,19.24609168101165,-70.34665749289769,7391.400000000001,148.1725534233269,210.7086259835021
2025-08-16 14:15:11+00:00,TXG403,19.244508904925848,-70.34560879794032,7376.160000000001,148.09862872553057,210.27170871661704
2025-08-16 14:15:12+00:00,TXG403,19.242233276367188,-70.34413473946705,7360.92,148.21778800623787,210.0003004841856
2025-08-16 14:15:13+00:00,TXG403,19.240493774414062,-70.34300667898992,7353.3,148.21778800623787,210.0003004841856
2025-08-16 14:15:14+00:00,TXG403,19.238689875198624,-70.34181352095169,7338.06,148.21778800623787,210.0003004841856
2025-08-16 14:15:16+00:00,TXG403,19.23641967773437,-70.34035818917408,7322.820000000001,148.14370773699878,209.5631693104897
2025-08-16 14:15:17+00:00,TXG403,19.23473293498411,-70.33921675248575,7315.200000000001,148.26332874340633,209.29210676362743
2025-08-16 14:15:18+00:00,TXG403,19.231704711914062,-70.33726828438893,7292.34,148.26332874340633,209.29210676362743
2025-08-16 14:15:20+00:00,TXG403,19.22991943359375,-70.3361402239118,7284.72,148.26332874340633,209.29210676362743
2025-08-16 14:15:21+00:00,TXG403,19.228308726165253,-70.33507191051137,7269.48,148.26332874340633,209.29210676362743
2025-08-16 14:15:22+00:00,TXG403,19.226806640625,-70.33408028738836,7261.860000000001,148.3832594791596,209.02195884862567
2025-08-16 14:15:23+00:00,TXG403,19.22520446777344,-70.33305031912664,7246.620000000001,148.3832594791596,209.02195884862567
2025-08-16 14:15:24+00:00,TXG403,19.223602294921875,-70.33202035086492,7239.0,148.3832594791596,209.02195884862567
2025-08-16 14:15:25+00:00,TXG403,19.22113037109375,-70.3304018293108,7223.76,148.3832594791596,209.02195884862567
2025-08-16 14:15:26+00:00,TXG403,19.219463800979877,-70.32932905717325,7208.52,148.50350009374986,208.7527291163729
2025-08-16 14:15:27+00:00,TXG403,19.218579308461333,-70.328779740767,7208.52,148.50350009374986,208.7527291163729
2025-08-16 14:15:28+00:00,TXG403,19.216140747070312,-70.32721383231024,7193.280000000001,148.4295763957279,208.31425046501448
2025-08-16 14:15:29+00:00,TXG403,19.21466892048464,-70.32623291015625,7178.04,148.4295763957279,208.31425046501448
2025-08-16 14:15:30+00:00,TXG403,19.21387753244173,-70.32573353160512,7178.04,148.4295763957279,208.31425046501448
2025-08-16 14:15:31+00:00,TXG403,19.21211242675781,-70.32461438860213,7162.8,148.4295763957279,208.31425046501448
2025-08-16 14:15:32+00:00,TXG403,19.21064758300781,-70.32363346644809,7155.18,148.35534096290743,207.8761200458727
2025-08-16 14:15:33+00:00,TXG403,19.20912920418432,-70.32263738458806,7139.9400000000005,148.35534096290743,207.8761200458727
2025-08-16 14:15:34+00:00,TXG403,19.207360219147244,-70.32148881392044,7132.320000000001,148.35534096290743,207.8761200458727
2025-08-16 14:15:35+00:00,TXG403,19.205841064453125,-70.32049451555525,7117.08,148.35534096290743,207.8761200458727
2025-08-16 14:15:36+00:00,TXG403,19.204194666975635,-70.31944136186075,7109.46,148.28079207007653,207.4383400654509
2025-08-16 14:15:37+00:00,TXG403,19.202682495117188,-70.31848362513949,7101.84,148.28079207007653,207.4383400654509
2025-08-16 14:15:38+00:00,TXG403,19.20107566704184,-70.31739390980113,7086.6,148.28079207007653,207.4383400654509
2025-08-16 14:15:39+00:00,TXG403,19.19956970214844,-70.31642368861606,7078.9800000000005,148.28079207007653,207.4383400654509
2025-08-16 14:15:41+00:00,TXG403,19.19664001464844,-70.3145108904157,7056.120000000001,148.20592798166848,207.00091274714583
2025-08-16 14:15:42+00:00,TXG403,19.195116980601163,-70.31349875710225,7048.5,148.20592798166848,207.00091274714583
2025-08-16 14:15:43+00:00,TXG403,19.193766965704448,-70.31264981356532,7040.88,148.20592798166848,207.00091274714583
2025-08-16 14:15:44+00:00,TXG403,19.191375732421875,-70.31107766287664,7025.64,148.20592798166848,207.00091274714583
2025-08-16 14:15:45+00:00,TXG403,19.188949584960938,-70.30950818743025,7010.400000000001,148.20592798166848,207.00091274714583
2025-08-16 14:15:46+00:00,TXG403,19.187203100172137,-70.30835515802556,6995.160000000001,148.13074695171443,206.5638403313891
2025-08-16 14:15:47+00:00,TXG403,19.185470581054688,-70.30720302036832,6987.54,148.13074695171443,206.5638403313891
2025-08-16 14:15:50+00:00,TXG403,19.181663383871825,-70.30470969460225,6957.06,148.13074695171443,206.5638403313891
2025-08-16 14:15:51+00:00,TXG403,19.180127160023837,-70.3037109375,6949.4400000000005,148.13074695171443,206.5638403313891
2025-08-16 14:15:52+00:00,TXG403,19.17933654785156,-70.30323028564453,6941.820000000001,148.0552472237966,206.12712507578905
2025-08-16 14:15:53+00:00,TXG403,19.17752023470604,-70.30201305042613,6926.58,148.0552472237966,206.12712507578905
2025-08-16 14:15:54+00:00,TXG403,19.175949096679688,-70.30097416469027,6918.96,148.0552472237966,206.12712507578905
2025-08-16 14:15:55+00:00,TXG403,19.17365639896716,-70.29946621981532,6903.72,148.0552472237966,206.12712507578905
2025-08-16 14:15:56+00:00,TXG403,19.17286501092426,-70.29896684126419,6896.1,148.0552472237966,206.12712507578905
2025-08-16 14:15:57+00:00,TXG403,19.17137533931409,-70.29796808416194,6888.4800000000005,148.0552472237966,206.12712507578905
2025-08-16 14:15:58+00:00,TXG403,19.168302891618115,-70.29597056995738,6865.620000000001,148.1010861295729,205.4184619129988
2025-08-16 14:15:59+00:00,TXG403,19.16670227050781,-70.29494149344305,6858.0,148.1010861295729,205.4184619129988
2025-08-16 14:16:00+00:00,TXG403,19.16583251953125,-70.29435294015065,6850.38,148.1010861295729,205.4184619129988
2025-08-16 14:16:02+00:00,TXG403,19.162857055664062,-70.29239109584262,6835.14,148.1010861295729,205.4184619129988
2025-08-16 14:16:03+00:00,TXG403,19.160659790039062,-70.29096875871932,6819.900000000001,148.1010861295729,205.4184619129988
2025-08-16 14:16:04+00:00,TXG403,19.1588527873411,-70.28977827592325,6804.660000000001,148.22306765270136,205.14708318139904
2025-08-16 14:16:05+00:00,TXG403,19.15801484706038,-70.289228959517,6797.04,148.22306765270136,205.14708318139904
2025-08-16 14:16:06+00:00,TXG403,19.156478623212397,-70.28823020241475,6789.42,148.1472423752695,204.70993114138548
2025-08-16 14:16:07+00:00,TXG403,19.15484929488877,-70.28718150745738,6781.8,148.1472423752695,204.70993114138548
2025-08-16 14:16:08+00:00,TXG403,19.153335571289062,-70.28616224016463,6766.56,148.1472423752695,204.70993114138548
2025-08-16 14:16:09+00:00,TXG403,19.152475130760063,-70.28563343394887,6766.56,148.1472423752695,204.70993114138548
2025-08-16 14:16:10+00:00,TXG403,19.150909423828125,-70.28459276471818,6751.320000000001,148.1472423752695,204.70993114138548
2025-08-16 14:16:11+00:00,TXG403,19.149263026350635,-70.28353604403407,6743.700000000001,148.1472423752695,204.70993114138548
2025-08-16 14:16:12+00:00,TXG403,19.147476196289062,-70.28233664376393,6728.46,148.1472423752695,204.70993114138548
2025-08-16 14:16:13+00:00,TXG403,19.1457716085143,-70.28123890269887,6720.84,148.26970777792624,204.43890641534648
2025-08-16 14:16:14+00:00,TXG403,19.144375041379767,-70.28034002130681,6713.22,148.1937192071861,204.0015341403981
2025-08-16 14:16:15+00:00,TXG403,19.142559504104877,-70.27914151278407,6697.9800000000005,148.1937192071861,204.0015341403981
2025-08-16 14:16:17+00:00,TXG403,19.1396484375,-70.27723584856307,6682.740000000001,148.1937192071861,204.0015341403981
2025-08-16 14:16:18+00:00,TXG403,19.137863159179688,-70.2760587419782,6667.5,148.1937192071861,204.0015341403981
2025-08-16 14:16:19+00:00,TXG403,19.137066340042374,-70.27554598721588,6659.88,148.1937192071861,204.0015341403981
2025-08-16 14:16:20+00:00,TXG403,19.134645623675848,-70.27399791370738,6644.64,148.1937192071861,204.0015341403981
2025-08-16 14:16:23+00:00,TXG403,19.13008117675781,-70.27100699288502,6614.160000000001,148.11740423750993,203.56452223368265
2025-08-16 14:16:24+00:00,TXG403,19.128500728283896,-70.26995294744319,6606.54,148.2405199151872,203.2932723084504
2025-08-16 14:16:27+00:00,TXG403,19.12298583984375,-70.26634761265348,6568.4400000000005,148.2405199151872,203.2932723084504
2025-08-16 14:16:28+00:00,TXG403,19.12220764160156,-70.26585715157643,6560.820000000001,148.2405199151872,203.2932723084504
2025-08-16 14:16:31+00:00,TXG403,19.11749267578125,-70.262816292899,6530.34,148.28764783342004,202.58514706324365
2025-08-16 14:16:33+00:00,TXG403,19.114162639036017,-70.26061456853694,6507.4800000000005,148.28764783342004,202.58514706324365
2025-08-16 14:16:34+00:00,TXG403,19.112533310712397,-70.2595658735795,6499.860000000001,148.28764783342004,202.58514706324365
2025-08-16 14:16:36+00:00,TXG403,19.11016845703125,-70.25800977434432,6484.62,148.28764783342004,202.58514706324365
2025-08-16 14:16:37+00:00,TXG403,19.108110848119704,-70.25666947798294,6469.38,148.28764783342004,202.58514706324365
2025-08-16 14:16:40+00:00,TXG403,19.103485107421875,-70.25369371686662,6438.900000000001,148.41158680169153,202.3152003058665
2025-08-16 14:16:41+00:00,TXG403,19.101837158203125,-70.2526637486049,6423.660000000001,148.41158680169153,202.3152003058665
2025-08-16 14:16:42+00:00,TXG403,19.10018920898437,-70.25153568812777,6416.04,148.3351063410459,201.87715984209532
2025-08-16 14:16:43+00:00,TXG403,19.098521087129235,-70.25047718394887,6400.8,148.3351063410459,201.87715984209532
2025-08-16 14:16:44+00:00,TXG403,19.097869355799787,-70.25002774325282,6400.8,148.3351063410459,201.87715984209532
2025-08-16 14:16:45+00:00,TXG403,19.095029669292902,-70.24818004261363,6377.9400000000005,148.3351063410459,201.87715984209532
2025-08-16 14:16:46+00:00,TXG403,19.09364318847656,-70.24731772286549,6370.320000000001,148.3351063410459,201.87715984209532
2025-08-16 14:16:47+00:00,TXG403,19.091812133789062,-70.24609157017301,6362.700000000001,148.2582933960088,201.4394806443792
2025-08-16 14:16:49+00:00,TXG403,19.090164184570312,-70.24506160191129,6347.46,148.2582933960088,201.4394806443792
2025-08-16 14:16:50+00:00,TXG403,19.0879537291446,-70.24358575994319,6332.22,148.2582933960088,201.4394806443792
2025-08-16 14:16:51+00:00,TXG403,19.087142944335938,-70.24305071149553,6324.6,148.2582933960088,201.4394806443792
2025-08-16 14:16:52+00:00,TXG403,19.08416748046875,-70.24113791329518,6309.360000000001,148.2582933960088,201.4394806443792
2025-08-16 14:16:53+00:00,TXG403,19.082794189453125,-70.24020603724887,6301.740000000001,148.2582933960088,201.4394806443792
2025-08-16 14:16:55+00:00,TXG403,19.081250206898837,-70.23919122869319,6286.5,148.18114607165975,201.0021650726722
2025-08-16 14:16:56+00:00,TXG403,19.07968139648437,-70.23819514683316,6278.88,148.18114607165975,201.0021650726722
2025-08-16 14:16:57+00:00,TXG403,19.076705932617188,-70.23628234863281,6256.02,148.18114607165975,201.0021650726722
2025-08-16 14:16:58+00:00,TXG403,19.075973510742188,-70.23574284144809,6256.02,148.18114607165975,201.0021650726722
2025-08-16 14:16:59+00:00,TXG403,19.074188232421875,-70.23461478097096,6240.780000000001,148.18114607165975,201.0021650726722
2025-08-16 14:17:00+00:00,TXG403,19.07352253542108,-70.23414750532669,6233.160000000001,148.10366246139446,200.56521550554223
2025-08-16 14:17:01+00:00,TXG403,19.07100871457892,-70.23254949396306,6217.92,148.10366246139446,200.56521550554223
2025-08-16 14:17:02+00:00,TXG403,19.07020568847656,-70.23201533726285,6217.92,148.10366246139446,200.56521550554223
2025-08-16 14:17:03+00:00,TXG403,19.067596435546875,-70.23029872349332,6195.06,148.22860315589293,200.29386770495415
2025-08-16 14:17:04+00:00,TXG403,19.066912117650958,-70.22985284978694,6195.06,148.22860315589293,200.29386770495415
2025-08-16 14:17:05+00:00,TXG403,19.06480407714844,-70.22848401750838,6179.820000000001,148.22860315589293,200.29386770495415
2025-08-16 14:17:07+00:00,TXG403,19.0616455078125,-70.22642408098494,6156.96,148.22860315589293,200.29386770495415
2025-08-16 14:17:08+00:00,TXG403,19.0609130859375,-70.22593361990789,6149.34,148.22860315589293,200.29386770495415
2025-08-16 14:17:09+00:00,TXG403,19.05844116210937,-70.2243641444615,6134.1,148.22860315589293,200.29386770495415
2025-08-16 14:17:10+00:00,TXG403,19.057834431276483,-70.22391024502838,6134.1,148.15094868094474,199.85669378920187
2025-08-16 14:17:11+00:00,TXG403,19.055693028336865,-70.22251198508519,6118.860000000001,148.15094868094474,199.85669378920187
2025-08-16 14:17:13+00:00,TXG403,19.05262756347656,-70.2205385480608,6096.0,148.15094868094474,199.85669378920187
2025-08-16 14:17:15+00:00,TXG403,19.04942321777344,-70.21842956542969,6073.14,148.15094868094474,199.85669378920187
2025-08-16 14:17:16+00:00,TXG403,19.04731362552966,-70.21706875887782,6057.900000000001,148.15094868094474,199.85669378920187
2025-08-16 14:17:18+00:00,TXG403,19.045172222590043,-70.2156205610795,6050.280000000001,148.07295387670075,199.41988860128816
2025-08-16 14:17:19+00:00,TXG403,19.042984267412606,-70.21422230113637,6035.04,148.07295387670075,199.41988860128816
2025-08-16 14:17:20+00:00,TXG403,19.041549682617188,-70.2132797241211,6019.8,148.07295387670075,199.41988860128816
2025-08-16 14:17:21+00:00,TXG403,19.040098028667902,-70.212324662642,6012.18,148.19857133397923,199.14830916790015
2025-08-16 14:17:22+00:00,TXG403,19.039306640625,-70.21182528409088,6012.18,148.19857133397923,199.14830916790015
2025-08-16 14:17:23+00:00,TXG403,19.037072133209744,-70.21037708629262,5996.9400000000005,148.19857133397923,199.14830916790015
2025-08-16 14:17:24+00:00,TXG403,19.036234192929022,-70.20982776988637,5989.320000000001,148.19857133397923,199.14830916790015
2025-08-16 14:17:25+00:00,TXG403,19.034511760129767,-70.20867919921875,5974.08,148.12040315297727,198.71127866100403
2025-08-16 14:17:26+00:00,TXG403,19.032302856445312,-70.20724705287387,5958.84,148.12040315297727,198.71127866100403
2025-08-16 14:17:27+00:00,TXG403,19.03148586467161,-70.20668168501419,5958.84,148.12040315297727,198.71127866100403
2025-08-16 14:17:32+00:00,TXG403,19.023101806640625,-70.20121438162664,5897.88,148.12040315297727,198.71127866100403
2025-08-16 14:17:33+00:00,TXG403,19.02175644696769,-70.20033957741475,5890.26,148.12040315297727,198.71127866100403
2025-08-16 14:17:37+00:00,TXG403,19.01705467094809,-70.19729336825282,5859.780000000001,148.37300939412404,198.1698118590033
2025-08-16 14:17:38+00:00,TXG403,19.014083862304688,-70.19537789481024,5836.92,148.37300939412404,198.1698118590033
2025-08-16 14:17:39+00:00,TXG403,19.012710571289062,-70.19449506487166,5829.3,148.37300939412404,198.1698118590033
2025-08-16 14:17:40+00:00,TXG403,19.010971069335938,-70.19336700439453,5821.68,148.29484013652086,197.73195710392565
2025-08-16 14:17:41+00:00,TXG403,19.009373551708155,-70.19234952059657,5806.4400000000005,148.29484013652086,197.73195710392565
2025-08-16 14:17:43+00:00,TXG403,19.007651118908896,-70.19120094992894,5798.820000000001,148.4218350678862,197.4620769935505
2025-08-16 14:17:44+00:00,TXG403,19.00532350701801,-70.18970281427556,5783.58,148.4218350678862,197.4620769935505
2025-08-16 14:17:46+00:00,TXG403,19.00145967127913,-70.18720592151988,5753.1,148.34349350679403,197.02399266023687
2025-08-16 14:17:48+00:00,TXG403,19.000030517578125,-70.18630436488559,5745.4800000000005,148.34349350679403,197.02399266023687
2025-08-16 14:17:49+00:00,TXG403,18.9986572265625,-70.18537248883928,5737.860000000001,148.34349350679403,197.02399266023687
2025-08-16 14:17:50+00:00,TXG403,18.995635986328125,-70.18341064453125,5715.0,148.34349350679403,197.02399266023687
2025-08-16 14:17:51+00:00,TXG403,18.99415096994173,-70.18246182528407,5707.38,148.34349350679403,197.02399266023687
2025-08-16 14:17:52+00:00,TXG403,18.993359581898837,-70.18196244673294,5699.76,148.26480293111538,196.5862783161977
2025-08-16 14:17:53+00:00,TXG403,18.99110412597656,-70.18046787806918,5684.52,148.26480293111538,196.5862783161977
2025-08-16 14:17:55+00:00,TXG403,18.988285387976696,-70.17866654829544,5669.280000000001,148.26480293111538,196.5862783161977
2025-08-16 14:17:56+00:00,TXG403,18.98744744769597,-70.17806729403407,5661.66,148.1857613021877,196.14893643837144
2025-08-16 14:17:57+00:00,TXG403,18.985153198242188,-70.1765932355608,5646.42,148.1857613021877,196.14893643837144
2025-08-16 14:17:58+00:00,TXG403,18.984420776367188,-70.17610277448381,5638.8,148.1857613021877,196.14893643837144
2025-08-16 14:17:59+00:00,TXG403,18.98223359706038,-70.17472145774144,5631.18,148.1857613021877,196.14893643837144
2025-08-16 14:18:01+00:00,TXG403,18.979207701602224,-70.17272394353694,5608.320000000001,148.10636656846296,195.71196952371943
2025-08-16 14:18:02+00:00,TXG403,18.97764587402344,-70.1716886247907,5600.700000000001,148.10636656846296,195.71196952371943
2025-08-16 14:18:03+00:00,TXG403,18.976043701171875,-70.17065865652899,5585.46,148.10636656846296,195.71196952371943
2025-08-16 14:18:04+00:00,TXG403,18.97471618652344,-70.16977582659041,5577.84,148.10636656846296,195.71196952371943
2025-08-16 14:18:06+00:00,TXG403,18.971832275390625,-70.16791207449774,5562.6,148.10636656846296,195.71196952371943
2025-08-16 14:18:07+00:00,TXG403,18.970967955508478,-70.16733065518463,5554.9800000000005,148.23441357613828,195.44065419090717
2025-08-16 14:18:08+00:00,TXG403,18.968593791379767,-70.16578258167613,5539.740000000001,148.23441357613828,195.44065419090717
2025-08-16 14:18:12+00:00,TXG403,18.96365925417108,-70.16258655894887,5509.26,148.3628159504075,195.1703177010902
2025-08-16 14:18:13+00:00,TXG403,18.96240234375,-70.16178131103516,5494.02,148.3628159504075,195.1703177010902
2025-08-16 14:18:14+00:00,TXG403,18.960662841796875,-70.16065325055803,5486.400000000001,148.3628159504075,195.1703177010902
2025-08-16 14:18:15+00:00,TXG403,18.959143687102756,-70.15969016335225,5471.16,148.49157387757168,194.90096412736776
2025-08-16 14:18:17+00:00,TXG403,18.956039428710938,-70.15766143798828,5455.92,148.49157387757168,194.90096412736776
2025-08-16 14:18:18+00:00,TXG403,18.954535015558797,-70.15669389204544,5440.68,148.41235764186845,194.46255390687628
2025-08-16 14:18:19+00:00,TXG403,18.95327810513771,-70.15589488636363,5433.06,148.54165338569197,194.19358146827628
2025-08-16 14:18:20+00:00,TXG403,18.951788433527543,-70.15494606711644,5425.4400000000005,148.54165338569197,194.19358146827628
2025-08-16 14:18:21+00:00,TXG403,18.950252209679554,-70.15394731001419,5410.2,148.54165338569197,194.19358146827628
2025-08-16 14:18:22+00:00,TXG403,18.94844055175781,-70.15280587332586,5402.58,148.54165338569197,194.19358146827628
2025-08-16 14:18:23+00:00,TXG403,18.947040105270126,-70.15184992009944,5394.96,148.46226123581553,193.7549365640566
2025-08-16 14:18:24+00:00,TXG403,18.94578319484905,-70.15105091441762,5387.34,148.46226123581553,193.7549365640566
2025-08-16 14:18:25+00:00,TXG403,18.944366455078125,-70.15015738351002,5372.1,148.46226123581553,193.7549365640566
2025-08-16 14:18:26+00:00,TXG403,18.94229177701271,-70.1488037109375,5364.4800000000005,148.46226123581553,193.7549365640566
2025-08-16 14:18:27+00:00,TXG403,18.940155029296875,-70.14741080147877,5349.240000000001,148.46226123581553,193.7549365640566
2025-08-16 14:18:28+00:00,TXG403,18.938427941273837,-70.14630681818181,5334.0,148.2528495426089,193.58685620716648
2025-08-16 14:18:30+00:00,TXG403,18.936984821901483,-70.14535799893463,5326.38,148.30239438304903,192.8787704171911
2025-08-16 14:18:32+00:00,TXG403,18.933958926443324,-70.14341042258519,5303.52,148.30239438304903,192.8787704171911
2025-08-16 14:18:34+00:00,TXG403,18.93083992650953,-70.14136297052556,5288.280000000001,148.30239438304903,192.8787704171911
2025-08-16 14:18:39+00:00,TXG403,18.922393798828125,-70.13583592006137,5227.320000000001,148.22191537654686,192.44125429046625
2025-08-16 14:18:40+00:00,TXG403,18.921066284179688,-70.13500213623047,5219.7,148.22191537654686,192.44125429046625
2025-08-16 14:18:43+00:00,TXG403,18.916763305664062,-70.13215746198381,5189.22,148.22191537654686,192.44125429046625
2025-08-16 14:18:48+00:00,TXG403,18.9107666015625,-70.12828281947544,5143.5,148.14106975771543,192.00411957399905
2025-08-16 14:18:50+00:00,TXG403,18.906509399414062,-70.1254871913365,5120.64,148.14106975771543,192.00411957399905
2025-08-16 14:18:52+00:00,TXG403,18.90342065843485,-70.12343528053975,5097.780000000001,148.0598553398838,191.5673688787927
2025-08-16 14:18:54+00:00,TXG403,18.90069580078125,-70.12161254882812,5074.92,147.97826992231353,191.13100483741152
2025-08-16 14:18:55+00:00,TXG403,18.89946371822034,-70.12083851207387,5067.3,147.97826992231353,191.13100483741152
2025-08-16 14:18:57+00:00,TXG403,18.89662403171345,-70.1189408735795,5052.06,147.97826992231353,191.13100483741152
2025-08-16 14:18:58+00:00,TXG403,18.8951809123411,-70.11799205433238,5036.820000000001,147.97826992231353,191.13100483741152
2025-08-16 14:18:59+00:00,TXG403,18.89373779296875,-70.11704323508519,5029.2,147.97826992231353,191.13100483741152
2025-08-16 14:19:00+00:00,TXG403,18.89218139648437,-70.11607033865789,5021.58,147.97826992231353,191.13100483741152
2025-08-16 14:19:01+00:00,TXG403,18.89071655273437,-70.1150894165039,5006.34,147.97826992231353,191.13100483741152
2025-08-16 14:19:03+00:00,TXG403,18.887779106528072,-70.11314808238637,4983.4800000000005,147.97826992231353,191.13100483741152
2025-08-16 14:19:04+00:00,TXG403,18.88636779785156,-70.11224474225725,4975.860000000001,147.97826992231353,191.13100483741152
2025-08-16 14:19:05+00:00,TXG403,18.884811401367188,-70.11121477399553,4968.240000000001,147.97826992231353,191.13100483741152
2025-08-16 14:19:06+00:00,TXG403,18.883449748411017,-70.11030162464488,4960.62,147.97826992231353,191.13100483741152
2025-08-16 14:19:08+00:00,TXG403,18.88061006190413,-70.10845392400569,4937.76,148.1092081981543,190.858724
2025-08-16 14:19:09+00:00,TXG403,18.87904357910156,-70.10743822370256,4930.14,148.1092081981543,190.858724
2025-08-16 14:19:10+00:00,TXG403,18.877761840820312,-70.10660443987166,4922.52,148.1092081981543,190.858724
2025-08-16 14:19:11+00:00,TXG403,18.876205444335938,-70.10557447160994,4907.280000000001,148.02743224051227,190.42212587612195
2025-08-16 14:19:12+00:00,TXG403,18.874557495117188,-70.10449545724049,4899.66,148.02743224051227,190.42212587612195
2025-08-16 14:19:13+00:00,TXG403,18.87290954589844,-70.10346548897877,4884.42,148.02743224051227,190.42212587612195
2025-08-16 14:19:15+00:00,TXG403,18.870182360632946,-70.10166237571019,4869.18,148.15892887233613,190.1502217858014
2025-08-16 14:19:16+00:00,TXG403,18.868832345736227,-70.10076349431819,4861.56,148.2405199151872,190.58744278917223
2025-08-16 14:19:17+00:00,TXG403,18.86729612188824,-70.099814675071,4853.9400000000005,148.37220528797548,190.3171654795807
2025-08-16 14:19:18+00:00,TXG403,18.86581420898437,-70.0988551548549,4838.7,148.37220528797548,190.3171654795807
2025-08-16 14:19:19+00:00,TXG403,18.864316778667902,-70.09786709872157,4831.08,148.37220528797548,190.3171654795807
2025-08-16 14:19:20+00:00,TXG403,18.862920211533368,-70.0969682173295,4823.46,148.50426451651495,190.0478963543308
2025-08-16 14:19:21+00:00,TXG403,18.86157019663665,-70.0960693359375,4815.84,148.50426451651495,190.0478963543308
2025-08-16 14:19:23+00:00,TXG403,18.858718872070312,-70.09424482073103,4792.9800000000005,148.50426451651495,190.0478963543308
2025-08-16 14:19:24+00:00,TXG403,18.8572408385196,-70.09327281605113,4785.360000000001,148.50426451651495,190.0478963543308
2025-08-16 14:19:25+00:00,TXG403,18.855880737304688,-70.0924301147461,4777.740000000001,148.5556750399153,189.3405533496788
2025-08-16 14:19:26+00:00,TXG403,18.85426149529926,-70.09137517755681,4762.5,148.5556750399153,189.3405533496788
2025-08-16 14:19:27+00:00,TXG403,18.852767944335938,-70.09046827043807,4754.88,148.5556750399153,189.3405533496788
2025-08-16 14:19:28+00:00,TXG403,18.85146836103019,-70.08962735262782,4747.26,148.5556750399153,189.3405533496788
2025-08-16 14:19:29+00:00,TXG403,18.850112915039062,-70.08875165666853,4739.64,148.5556750399153,189.3405533496788
2025-08-16 14:19:30+00:00,TXG403,18.84881488347457,-70.08792946555394,4732.02,148.5556750399153,189.3405533496788
2025-08-16 14:19:31+00:00,TXG403,18.846533823821503,-70.08643132990056,4716.780000000001,148.5556750399153,189.3405533496788
2025-08-16 14:19:32+00:00,TXG403,18.84580993652344,-70.08595602852955,4709.16,148.5556750399153,189.3405533496788
2025-08-16 14:19:33+00:00,TXG403,18.844345868644066,-70.08503306995738,4701.54,148.6886765070214,189.07269286124708
2025-08-16 14:19:34+00:00,TXG403,18.84283447265625,-70.08404323032926,4693.92,148.6886765070214,189.07269286124708
2025-08-16 14:19:35+00:00,TXG403,18.84122686871028,-70.08303555575282,4678.68,148.6886765070214,189.07269286124708
2025-08-16 14:19:36+00:00,TXG403,18.839859008789062,-70.08217947823658,4671.06,148.6886765070214,189.07269286124708
2025-08-16 14:19:37+00:00,TXG403,18.83857339115466,-70.08133766867894,4663.4400000000005,148.6886765070214,189.07269286124708
2025-08-16 14:19:38+00:00,TXG403,18.83610612255032,-70.07978959517044,4648.2,148.6886765070214,189.07269286124708
2025-08-16 14:19:39+00:00,TXG403,18.834663003177965,-70.07884077592325,4632.96,148.6886765070214,189.07269286124708
2025-08-16 14:19:40+00:00,TXG403,18.833825062897244,-70.078291459517,4632.96,148.6886765070214,189.07269286124708
2025-08-16 14:19:41+00:00,TXG403,18.832521600238348,-70.07749245383519,4625.34,148.6886765070214,189.07269286124708
2025-08-16 14:19:42+00:00,TXG403,18.830845719676905,-70.07644375887782,4610.1,148.60747108298486,188.6333639294364
2025-08-16 14:19:43+00:00,TXG403,18.82928466796875,-70.07541111537387,4602.4800000000005,148.60747108298486,188.6333639294364
2025-08-16 14:19:44+00:00,TXG403,18.828643798828125,-70.07501874651228,4594.860000000001,148.60747108298486,188.6333639294364
2025-08-16 14:19:45+00:00,TXG403,18.826629638671875,-70.07369450160434,4587.24,148.60747108298486,188.6333639294364
2025-08-16 14:19:46+00:00,TXG403,18.825352555614405,-70.07289817116475,4572.0,148.60747108298486,188.6333639294364
2025-08-16 14:19:47+00:00,TXG403,18.823974609375,-70.0719778878348,4564.38,148.60747108298486,188.6333639294364
2025-08-16 14:19:48+00:00,TXG403,18.82204734672934,-70.07080078125,4556.76,148.5258866842665,188.19441568262644
2025-08-16 14:19:49+00:00,TXG403,18.820650779594807,-70.06990189985794,4541.52,148.5258866842665,188.19441568262644
2025-08-16 14:19:50+00:00,TXG403,18.81939697265625,-70.06908416748047,4533.900000000001,148.5258866842665,188.19441568262644
2025-08-16 14:19:51+00:00,TXG403,18.818649033368644,-70.068603515625,4533.900000000001,148.5258866842665,188.19441568262644
2025-08-16 14:19:52+00:00,TXG403,18.817159361758478,-70.06765469637782,4518.66,148.5258866842665,188.19441568262644
2025-08-16 14:19:53+00:00,TXG403,18.8148783021054,-70.06615656072444,4503.42,148.5258866842665,188.19441568262644
2025-08-16 14:19:54+00:00,TXG403,18.81320242154396,-70.065107865767,4495.8,148.5258866842665,188.19441568262644
2025-08-16 14:19:55+00:00,TXG403,18.81166619769597,-70.06410910866475,4488.18,148.44392098488453,187.7558507907902
2025-08-16 14:19:56+00:00,TXG403,18.810921361890887,-70.06360973011363,4480.56,148.44392098488453,187.7558507907902
2025-08-16 14:19:57+00:00,TXG403,18.809664451469807,-70.06281072443181,4472.9400000000005,148.44392098488453,187.7558507907902
2025-08-16 14:19:58+00:00,TXG403,18.808035123146187,-70.06176202947444,4457.7,148.44392098488453,187.7558507907902
2025-08-16 14:19:59+00:00,TXG403,18.806312690346928,-70.06066339666194,4450.08,148.44392098488453,187.7558507907902
2025-08-16 14:20:00+00:00,TXG403,18.80474853515625,-70.05966731480191,4434.84,148.44392098488453,187.7558507907902
2025-08-16 14:20:01+00:00,TXG403,18.80282127251059,-70.05841619318181,4427.22,148.44392098488453,187.7558507907902
2025-08-16 14:20:02+00:00,TXG403,18.80218505859375,-70.05799974714006,4419.6,148.44392098488453,187.7558507907902
2025-08-16 14:20:03+00:00,TXG403,18.800493660619704,-70.05691805752838,4411.9800000000005,148.44392098488453,187.7558507907902
2025-08-16 14:20:04+00:00,TXG403,18.79905054124735,-70.05596923828125,4404.360000000001,148.44392098488453,187.7558507907902
2025-08-16 14:20:05+00:00,TXG403,18.797467765161542,-70.05497048117894,4389.12,148.36157164330731,187.3176719465625
2025-08-16 14:20:06+00:00,TXG403,18.7960246457892,-70.05402166193181,4381.5,148.36157164330731,187.3176719465625
2025-08-16 14:20:07+00:00,TXG403,18.794586181640625,-70.05309513636996,4366.26,148.36157164330731,187.3176719465625
2025-08-16 14:20:08+00:00,TXG403,18.79302978515625,-70.05211421421598,4358.64,148.36157164330731,187.3176719465625
2025-08-16 14:20:09+00:00,TXG403,18.79095045186705,-70.05077570134944,4343.400000000001,148.36157164330731,187.3176719465625
2025-08-16 14:20:10+00:00,TXG403,18.790191650390625,-70.0502504621233,4343.400000000001,148.36157164330731,187.3176719465625
2025-08-16 14:20:11+00:00,TXG403,18.788669392213983,-70.049277565696,4328.16,148.36157164330731,187.3176719465625
2025-08-16 14:20:12+00:00,TXG403,18.78722627284163,-70.04832874644887,4320.54,148.36157164330731,187.3176719465625
2025-08-16 14:20:13+00:00,TXG403,18.785659790039062,-70.04730769566129,4312.92,148.36157164330731,187.3176719465625
2025-08-16 14:20:14+00:00,TXG403,18.78437805175781,-70.04647391183033,4297.68,148.27883630237295,186.8798818654508
2025-08-16 14:20:15+00:00,TXG403,18.783083123675848,-70.04568204012782,4290.06,148.27883630237295,186.8798818654508
2025-08-16 14:20:16+00:00,TXG403,18.78159345206568,-70.04468328302556,4282.4400000000005,148.27883630237295,186.8798818654508
2025-08-16 14:20:17+00:00,TXG403,18.78021240234375,-70.04382542201449,4274.820000000001,148.27883630237295,186.8798818654508
2025-08-16 14:20:18+00:00,TXG403,18.77870178222656,-70.04279545375277,4259.58,148.27883630237295,186.8798818654508
2025-08-16 14:20:19+00:00,TXG403,18.77703133275953,-70.04173694957387,4251.96,148.27883630237295,186.8798818654508
2025-08-16 14:20:20+00:00,TXG403,18.77558821338718,-70.04083806818181,4244.34,148.27883630237295,186.8798818654508
2025-08-16 14:20:21+00:00,TXG403,18.77498303429555,-70.04043856534088,4236.72,148.27883630237295,186.8798818654508
2025-08-16 14:20:22+00:00,TXG403,18.7734375,-70.03941127232144,4229.1,148.41319335679293,186.6099075460465
2025-08-16 14:20:23+00:00,TXG403,18.771957138837397,-70.03844105113637,4213.860000000001,148.41319335679293,186.6099075460465
2025-08-16 14:20:24+00:00,TXG403,18.7705078125,-70.03754752022877,4206.24,148.41319335679293,186.6099075460465
2025-08-16 14:20:25+00:00,TXG403,18.76817321777344,-70.03602709089006,4191.0,148.41319335679293,186.6099075460465
2025-08-16 14:20:26+00:00,TXG403,18.7667432882018,-70.03509521484375,4183.38,148.41319335679293,186.6099075460465
2025-08-16 14:20:27+00:00,TXG403,18.765998452396715,-70.03459583629262,4175.76,148.41319335679293,186.6099075460465
2025-08-16 14:20:28+00:00,TXG403,18.76446533203125,-70.03362383161272,4168.14,148.41319335679293,186.6099075460465
2025-08-16 14:20:29+00:00,TXG403,18.76320531812765,-70.0327980735085,4160.52,148.41319335679293,186.6099075460465
2025-08-16 14:20:30+00:00,TXG403,18.761157019663663,-70.03149968927556,4145.280000000001,148.41319335679293,186.6099075460465
2025-08-16 14:20:31+00:00,TXG403,18.75965881347656,-70.03053392682756,4137.66,148.41319335679293,186.6099075460465
2025-08-16 14:20:32+00:00,TXG403,18.75827078091896,-70.02960205078125,4130.04,148.41319335679293,186.6099075460465
2025-08-16 14:20:33+00:00,TXG403,18.75743284063824,-70.02910267223012,4122.42,148.41319335679293,186.6099075460465
2025-08-16 14:20:34+00:00,TXG403,18.75673455707097,-70.02860329367894,4114.8,148.33026485333698,186.17187468080968
2025-08-16 14:20:35+00:00,TXG403,18.75457763671875,-70.02724783761158,4099.56,148.33026485333698,186.17187468080968
2025-08-16 14:20:36+00:00,TXG403,18.752498303429554,-70.02585671164769,4084.32,148.33026485333698,186.17187468080968
2025-08-16 14:20:37+00:00,TXG403,18.75110173629502,-70.02495783025569,4076.7,148.19571258920917,186.44248328604704
2025-08-16 14:20:38+00:00,TXG403,18.749565512447035,-70.02395907315338,4069.08,148.19571258920917,186.44248328604704
2025-08-16 14:20:40+00:00,TXG403,18.7481689453125,-70.0230298723493,4053.84,148.19571258920917,186.44248328604704
2025-08-16 14:20:41+00:00,TXG403,18.74555969238281,-70.0213623046875,4038.6,148.19571258920917,186.44248328604704
2025-08-16 14:20:42+00:00,TXG403,18.743865966796875,-70.02028329031805,4030.98,148.33026485333698,186.17187468080968
2025-08-16 14:20:43+00:00,TXG403,18.742536124536542,-70.01941472833806,4015.74,148.33026485333698,186.17187468080968
2025-08-16 14:20:44+00:00,TXG403,18.74095334845074,-70.01836603338069,4008.12,148.11219811515377,186.0054789702424
2025-08-16 14:20:47+00:00,TXG403,18.73704296047405,-70.01581920276988,3985.26,148.11219811515377,186.0054789702424
2025-08-16 14:20:48+00:00,TXG403,18.73546018438824,-70.0147705078125,3970.02,148.11219811515377,186.0054789702424
2025-08-16 14:20:49+00:00,TXG403,18.734161376953125,-70.01390729631697,3962.4,148.11219811515377,186.0054789702424
2025-08-16 14:20:50+00:00,TXG403,18.73285325907045,-70.01307262073863,3954.78,148.11219811515377,186.0054789702424
2025-08-16 14:20:52+00:00,TXG403,18.731317035222457,-70.01207386363637,3939.54,148.02829047567567,185.56887170344308
2025-08-16 14:20:53+00:00,TXG403,18.728523900953387,-70.01022616299713,3924.3,148.02829047567567,185.56887170344308
2025-08-16 14:20:54+00:00,TXG403,18.726974487304688,-70.00924791608537,3916.68,148.02829047567567,185.56887170344308
2025-08-16 14:20:55+00:00,TXG403,18.72554455773305,-70.00827858664769,3901.44,148.02829047567567,185.56887170344308
2025-08-16 14:20:56+00:00,TXG403,18.724090576171875,-70.00733511788502,3893.82,148.02829047567567,185.56887170344308
2025-08-16 14:20:57+00:00,TXG403,18.72340315479343,-70.0068803267045,3886.2,148.02829047567567,185.56887170344308
2025-08-16 14:21:06+00:00,TXG403,18.71063232421875,-69.99850681849887,3802.38,148.07912378006682,184.8601383132286
2025-08-16 14:21:10+00:00,TXG403,18.704596050715043,-69.99459561434657,3764.28,148.13034832246336,184.15155155360392
2025-08-16 14:21:17+00:00,TXG403,18.695068359375,-69.98835427420477,3695.7,148.0456370629486,183.7148600242073
2025-08-16 14:21:51+00:00,TXG403,18.64775576833951,-69.95754172585228,3375.6600000000003,148.11534823772925,181.1522344741477
2025-08-16 14:21:53+00:00,TXG403,18.645102290783896,-69.95569402521308,3360.42,146.0381758738892,180.49361398330467
2025-08-16 14:21:54+00:00,TXG403,18.64393848483845,-69.95489501953125,3352.8,145.356604159758,180.08846836338833
2025-08-16 14:21:57+00:00,TXG403,18.639724731445312,-69.95171683175221,3322.32,144.08111838836948,179.7714970575522
2025-08-16 14:22:00+00:00,TXG403,18.63588494769597,-69.94875266335225,3291.84,143.3929251873925,179.43995505795888
2025-08-16 14:22:02+00:00,TXG403,18.63323147014036,-69.94670521129262,3276.6000000000004,143.3929251873925,179.43995505795888
2025-08-16 14:22:04+00:00,TXG403,18.630438335871293,-69.9444580078125,3253.74,142.83340649313672,178.82313196528506
2025-08-16 14:22:05+00:00,TXG403,18.62896728515625,-69.9432809012277,3246.1200000000003,142.83340649313672,178.82313196528506
2025-08-16 14:22:06+00:00,TXG403,18.62713623046875,-69.94180951799666,3230.88,142.73359809902286,178.413451348158
2025-08-16 14:22:07+00:00,TXG403,18.625643455376057,-69.94066273082387,3215.6400000000003,142.73359809902286,178.413451348158
2025-08-16 14:22:08+00:00,TXG403,18.625038276284428,-69.94016335227269,3215.6400000000003,142.73359809902286,178.413451348158
2025-08-16 14:22:09+00:00,TXG403,18.623611450195312,-69.93901388985768,3200.4,142.73359809902286,178.413451348158
2025-08-16 14:22:10+00:00,TXG403,18.622384798728813,-69.93806596235794,3192.78,142.73359809902286,178.413451348158
2025-08-16 14:22:11+00:00,TXG403,18.621034783832098,-69.93696732954544,3185.1600000000003,142.73359809902286,178.413451348158
2025-08-16 14:22:12+00:00,TXG403,18.619964082362287,-69.9361183860085,3177.54,142.86530572059465,178.10241483582854
2025-08-16 14:22:13+00:00,TXG403,18.61875915527344,-69.93518829345703,3169.92,142.76516601842533,177.69256194815702
2025-08-16 14:22:14+00:00,TXG403,18.61729431152344,-69.93401118687223,3162.3,142.76516601842533,177.69256194815702
2025-08-16 14:22:15+00:00,TXG403,18.61614990234375,-69.9331283569336,3162.3,142.7969911102346,176.9717269282137
2025-08-16 14:22:16+00:00,TXG403,18.614936440677965,-69.93212335759944,3154.6800000000003,142.7969911102346,176.9717269282137
2025-08-16 14:22:17+00:00,TXG403,18.61312866210937,-69.93067605154852,3147.06,142.7969911102346,176.9717269282137
2025-08-16 14:22:19+00:00,TXG403,18.611165709414724,-69.92912708629262,3147.06,142.86142540436109,175.53022270826503
2025-08-16 14:22:20+00:00,TXG403,18.609878540039062,-69.92812565394809,3139.44,142.86142540436109,175.53022270826503
2025-08-16 14:22:21+00:00,TXG403,18.608688354492188,-69.9271447317941,3139.44,142.89404103147984,174.80955487563426
2025-08-16 14:22:22+00:00,TXG403,18.607301873675848,-69.92608087713069,3139.44,143.02875379326733,174.49967779483364
2025-08-16 14:22:23+00:00,TXG403,18.606033325195312,-69.92508479527066,3131.82,142.9269266826896,174.08894415826117
2025-08-16 14:22:25+00:00,TXG403,18.60346984863281,-69.92302485874723,3131.82,142.85742967380193,172.958031409731
2025-08-16 14:22:26+00:00,TXG403,18.602096557617188,-69.92194584437777,3124.2000000000003,142.9935214936398,172.64789692993486
2025-08-16 14:22:28+00:00,TXG403,18.599578857421875,-69.91998400006975,3124.2000000000003,142.9238796831438,171.51674057324652
2025-08-16 14:22:29+00:00,TXG403,18.59852600097656,-69.91915021623885,3116.5800000000004,142.95752522691714,170.796182763303
2025-08-16 14:22:30+00:00,TXG403,18.596694946289062,-69.91767883300781,3116.5800000000004,142.8533133019782,170.38584097777215
2025-08-16 14:22:31+00:00,TXG403,18.595477605270126,-69.91669256036931,3108.96,142.8533133019782,170.38584097777215
2025-08-16 14:22:32+00:00,TXG403,18.594918978416317,-69.91629305752838,3108.96,142.8868834047799,169.66515986236752
2025-08-16 14:22:33+00:00,TXG403,18.59385681152344,-69.91542271205356,3108.96,142.8868834047799,169.66515986236752
2025-08-16 14:22:34+00:00,TXG403,18.59335327148437,-69.91503034319197,3108.96,142.92073990164107,168.94453748807427
2025-08-16 14:22:35+00:00,TXG403,18.590868933726163,-69.913047096946,3093.7200000000003,142.81529354676687,168.53439833464623
2025-08-16 14:22:37+00:00,TXG403,18.589279174804688,-69.91179330008367,3086.1000000000004,142.8490707414889,167.81365145223623
2025-08-16 14:22:38+00:00,TXG403,18.58799743652344,-69.91081237792969,3078.48,142.8490707414889,167.81365145223623
2025-08-16 14:22:39+00:00,TXG403,18.586632680084744,-69.90965132279825,3070.86,142.8490707414889,167.81365145223623
2025-08-16 14:22:40+00:00,TXG403,18.585617065429688,-69.90889957972934,3063.24,142.74273666763798,167.4039034766246
2025-08-16 14:22:41+00:00,TXG403,18.584305068193856,-69.90785356001419,3055.6200000000003,142.74273666763798,167.4039034766246
2025-08-16 14:22:42+00:00,TXG403,18.58319091796875,-69.90693773542131,3048.0,142.74273666763798,167.4039034766246
2025-08-16 14:22:43+00:00,TXG403,18.581039428710938,-69.90522112165178,3032.76,142.63588114721506,166.9947349168462
2025-08-16 14:22:45+00:00,TXG403,18.579986572265625,-69.90433829171315,3025.1400000000003,142.63588114721506,166.9947349168462
2025-08-16 14:22:49+00:00,TXG403,18.57490151615466,-69.90026300603694,2994.6600000000003,142.63588114721506,166.9947349168462
2025-08-16 14:22:51+00:00,TXG403,18.572294590836865,-69.89821555397725,2979.42,142.56142842766695,165.86491522906667
2025-08-16 14:22:53+00:00,TXG403,18.56964111328125,-69.8960985456194,2971.8,142.59464336859145,165.14373567430525
2025-08-16 14:23:02+00:00,TXG403,18.5595703125,-69.88805498395648,2933.7000000000003,142.77088587260553,164.1108613225372
2025-08-16 14:23:10+00:00,TXG403,18.550460815429688,-69.88089425223214,2903.2200000000003,143.13010235415598,162.04986
2025-08-16 14:23:11+00:00,TXG403,18.548309326171875,-69.87922668457031,2895.6000000000004,143.13010235415598,162.04986
2025-08-16 14:23:13+00:00,TXG403,18.54608568094545,-69.87749134410512,2887.98,143.13010235415598,162.04986
2025-08-16 14:23:20+00:00,TXG403,18.53859077065678,-69.87159867720169,2865.1200000000003,143.54391891079905,156.7037295248996
2025-08-16 14:23:21+00:00,TXG403,18.53793903932733,-69.87114923650569,2865.1200000000003,143.43185482171725,156.2902546909608
2025-08-16 14:23:22+00:00,TXG403,18.536773681640625,-69.87025124686102,2865.1200000000003,143.43185482171725,156.2902546909608
2025-08-16 14:23:24+00:00,TXG403,18.533660888671875,-69.867798941476,2849.88,143.51079960558275,154.85106219483055
2025-08-16 14:23:26+00:00,TXG403,18.532026905124468,-69.86655495383519,2842.26,143.51079960558275,154.85106219483055
2025-08-16 14:23:27+00:00,TXG403,18.530914306640625,-69.86568995884488,2834.6400000000003,143.66413543310807,154.54569057164204
2025-08-16 14:23:28+00:00,TXG403,18.5291748046875,-69.86436571393693,2827.02,143.66413543310807,154.54569057164204
2025-08-16 14:23:29+00:00,TXG403,18.528717041015625,-69.86397334507535,2827.02,143.55082481539995,154.1315777327704
2025-08-16 14:23:30+00:00,TXG403,18.527618408203125,-69.8631395612444,2819.4,143.55082481539995,154.1315777327704
2025-08-16 14:23:31+00:00,TXG403,18.52642822265625,-69.86220768519809,2811.78,143.55082481539995,154.1315777327704
2025-08-16 14:23:32+00:00,TXG403,18.524718203787074,-69.86091197620738,2804.1600000000003,143.59122543222765,153.4121691927839
2025-08-16 14:23:33+00:00,TXG403,18.52411302469545,-69.86041259765625,2804.1600000000003,143.59122543222765,153.4121691927839
2025-08-16 14:23:34+00:00,TXG403,18.52239990234375,-69.85911778041293,2796.54,143.59122543222765,153.4121691927839
2025-08-16 14:23:35+00:00,TXG403,18.52173886056673,-69.85861483487213,2788.92,143.47687822446105,152.9984478583989
2025-08-16 14:23:36+00:00,TXG403,18.520575054621293,-69.857666015625,2781.3,143.47687822446105,152.9984478583989
2025-08-16 14:23:37+00:00,TXG403,18.5195509053893,-69.85686700994319,2781.3,143.47687822446105,152.9984478583989
2025-08-16 14:23:38+00:00,TXG403,18.518433651681672,-69.85601806640625,2773.6800000000003,143.47687822446105,152.9984478583989
2025-08-16 14:23:39+00:00,TXG403,18.51680432335805,-69.85471968217325,2766.06,143.3619113908088,152.58533921377023
2025-08-16 14:23:40+00:00,TXG403,18.516265869140625,-69.85431126185824,2766.06,143.3619113908088,152.58533921377023
2025-08-16 14:23:41+00:00,TXG403,18.515167236328125,-69.85347747802734,2758.44,143.24632081446853,152.17284824876523
2025-08-16 14:23:44+00:00,TXG403,18.511871337890625,-69.85087803431918,2743.2000000000003,143.24632081446853,152.17284824876523
2025-08-16 14:23:45+00:00,TXG403,18.511276245117188,-69.85038757324219,2743.2000000000003,143.16913217067557,151.04079344386517
2025-08-16 14:23:46+00:00,TXG403,18.50921630859375,-69.84877707741475,2735.58,143.16913217067557,151.04079344386517
2025-08-16 14:23:47+00:00,TXG403,18.508005950410485,-69.84782825816762,2727.96,143.2085359526819,150.32067764702506
2025-08-16 14:23:48+00:00,TXG403,18.50701904296875,-69.84710148402621,2720.34,143.2085359526819,150.32067764702506
2025-08-16 14:23:49+00:00,TXG403,18.506515502929688,-69.8466600690569,2720.34,143.2085359526819,150.32067764702506
2025-08-16 14:23:50+00:00,TXG403,18.505416870117188,-69.845826285226,2720.34,143.09077787198962,149.90901690843785
2025-08-16 14:23:51+00:00,TXG403,18.504235219147244,-69.844931862571,2712.7200000000003,143.09077787198962,149.90901690843785
2025-08-16 14:23:52+00:00,TXG403,18.502487182617188,-69.84352111816406,2705.1,143.24831906297723,149.60063363129797
2025-08-16 14:23:53+00:00,TXG403,18.501480102539062,-69.84273638044084,2697.48,143.24831906297723,149.60063363129797
2025-08-16 14:23:54+00:00,TXG403,18.50009206998146,-69.8416359641335,2689.86,143.24831906297723,149.60063363129797
2025-08-16 14:23:55+00:00,TXG403,18.499579995365465,-69.84123646129262,2689.86,143.13010235415598,149.18876
2025-08-16 14:23:56+00:00,TXG403,18.498695502846928,-69.840537331321,2682.24,143.13010235415598,149.18876
2025-08-16 14:23:58+00:00,TXG403,18.496460995431672,-69.838789506392,2667.0,143.13010235415598,149.18876
2025-08-16 14:24:00+00:00,TXG403,18.49420166015625,-69.83699798583984,2659.38,143.28848696665193,148.88066243816692
2025-08-16 14:24:03+00:00,TXG403,18.490768432617188,-69.834349496024,2636.52,143.28848696665193,148.88066243816692
2025-08-16 14:24:08+00:00,TXG403,18.48541259765625,-69.83013153076172,2598.42,143.44752724790845,148.57370726671488
2025-08-16 14:24:10+00:00,TXG403,18.483891891220868,-69.82900168678975,2590.8,143.60722481175893,148.26790158082716
2025-08-16 14:24:11+00:00,TXG403,18.48280334472656,-69.82816968645369,2583.1800000000003,143.60722481175893,148.26790158082716
2025-08-16 14:24:13+00:00,TXG403,18.48021426443326,-69.82615522904825,2567.94,143.60722481175893,148.26790158082716
2025-08-16 14:24:14+00:00,TXG403,18.47909545898437,-69.8252759660993,2560.32,143.60722481175893,148.26790158082716
2025-08-16 14:24:15+00:00,TXG403,18.477996826171875,-69.8244421822684,2552.7000000000003,143.60722481175893,148.26790158082716
2025-08-16 14:24:16+00:00,TXG403,18.477002160023837,-69.82370827414769,2545.08,143.60722481175893,148.26790158082716
2025-08-16 14:24:17+00:00,TXG403,18.47552490234375,-69.82252938406805,2537.46,143.60722481175893,148.26790158082716
2025-08-16 14:24:18+00:00,TXG403,18.4743021302304,-69.82161088423294,2529.84,143.4889438805047,147.85410536029045
2025-08-16 14:24:19+00:00,TXG403,18.47373962402344,-69.82115609305242,2529.84,143.4889438805047,147.85410536029045
2025-08-16 14:24:20+00:00,TXG403,18.472533145193324,-69.82021262428975,2522.2200000000003,143.4889438805047,147.85410536029045
2025-08-16 14:24:21+00:00,TXG403,18.471405029296875,-69.81934138706754,2514.6,143.64950593144962,147.54860190918956
2025-08-16 14:24:22+00:00,TXG403,18.47035217285156,-69.81850760323658,2506.98,143.64950593144962,147.54860190918956
2025-08-16 14:24:23+00:00,TXG403,18.46934509277344,-69.8177719116211,2499.36,143.8107329859849,147.24426197335973
2025-08-16 14:24:24+00:00,TXG403,18.46875,-69.8172814505441,2499.36,143.8107329859849,147.24426197335973
2025-08-16 14:24:25+00:00,TXG403,18.467697143554688,-69.81649671282088,2491.74,143.9726266148964,146.94109278231383
2025-08-16 14:24:27+00:00,TXG403,18.46568298339844,-69.81502532958984,2484.1200000000003,143.9726266148964,146.94109278231383
2025-08-16 14:24:28+00:00,TXG403,18.463623046875,-69.81355394635881,2468.88,146.4211862749993,146.9618037400558
2025-08-16 14:24:29+00:00,TXG403,18.46298217773437,-69.81316157749723,2461.26,146.4211862749993,146.9618037400558
2025-08-16 14:24:30+00:00,TXG403,18.46205889168432,-69.81252219460225,2453.6400000000003,147.14427804956702,146.977109963511
2025-08-16 14:24:31+00:00,TXG403,18.46145371259269,-69.81212269176137,2453.6400000000003,148.1432161091918,147.17954237862543
2025-08-16 14:24:32+00:00,TXG403,18.45973127979343,-69.81107399680394,2438.4,149.85861444792465,147.52976723408955
2025-08-16 14:24:33+00:00,TXG403,18.458038330078125,-69.81007167271207,2423.1600000000003,149.85861444792465,147.52976723408955
2025-08-16 14:24:34+00:00,TXG403,18.45698469776218,-69.80952592329544,2423.1600000000003,149.85861444792465,147.52976723408955
2025-08-16 14:24:35+00:00,TXG403,18.456298828125,-69.80909075055803,2415.54,149.85861444792465,147.52976723408955
2025-08-16 14:24:40+00:00,TXG403,18.45046738446769,-69.80608021129262,2377.44,153.7913720915795,147.9355260278722
2025-08-16 14:24:42+00:00,TXG403,18.4478759765625,-69.80472564697266,2362.2000000000003,153.97040780848656,147.70904761040143
2025-08-16 14:24:44+00:00,TXG403,18.44599914550781,-69.80379377092635,2346.96,153.97040780848656,147.70904761040143
2025-08-16 14:24:46+00:00,TXG403,18.443161010742188,-69.80232238769531,2331.7200000000003,153.97040780848656,147.70904761040143
2025-08-16 14:24:48+00:00,TXG403,18.440458653336865,-69.80093661221588,2316.48,153.97040780848656,147.70904761040143
2025-08-16 14:24:51+00:00,TXG403,18.43666076660156,-69.79898725237166,2293.62,154.06257701453984,147.02121898574256
2025-08-16 14:24:53+00:00,TXG403,18.43418884277344,-69.79776109967912,2278.38,154.06257701453984,147.02121898574256
2025-08-16 14:24:59+00:00,TXG403,18.427322387695312,-69.79422977992465,2240.28,153.97461053564936,146.55876648398382
2025-08-16 14:25:03+00:00,TXG403,18.42256164550781,-69.79177747453963,2217.42,153.70520992941616,146.3238270061699
2025-08-16 14:25:04+00:00,TXG403,18.421463012695312,-69.79118892124721,2209.8,153.70520992941616,146.3238270061699
2025-08-16 14:25:08+00:00,TXG403,18.416290283203125,-69.78854043143136,2179.32,153.70520992941616,146.3238270061699
2025-08-16 14:25:14+00:00,TXG403,18.41038590770657,-69.78540593927556,2141.2200000000003,153.34443423864275,145.63218186136186
2025-08-16 14:25:15+00:00,TXG403,18.40805053710937,-69.78417532784596,2133.6,153.34443423864275,145.63218186136186
2025-08-16 14:25:19+00:00,TXG403,18.404342651367188,-69.78216443743025,2110.74,153.0723221489595,145.40484598670284
2025-08-16 14:25:20+00:00,TXG403,18.40269470214844,-69.78128160749162,2095.5,153.0723221489595,145.40484598670284
2025-08-16 14:25:24+00:00,TXG403,18.398849487304688,-69.77922167096818,2072.6400000000003,152.79936402875168,145.1808000034761
2025-08-16 14:25:25+00:00,TXG403,18.397677146782307,-69.778564453125,2065.02,152.79936402875168,145.1808000034761
2025-08-16 14:25:26+00:00,TXG403,18.39532470703125,-69.77730887276783,2049.78,152.79936402875168,145.1808000034761
2025-08-16 14:25:27+00:00,TXG403,18.394088745117188,-69.77662222726002,2049.78,152.70626595652075,144.72343874594807
2025-08-16 14:25:28+00:00,TXG403,18.3929443359375,-69.77603367396762,2042.16,152.70626595652075,144.72343874594807
2025-08-16 14:25:30+00:00,TXG403,18.391616821289062,-69.77529798235213,2034.54,152.70626595652075,144.72343874594807
2025-08-16 14:25:32+00:00,TXG403,18.3892822265625,-69.77402278355191,2019.3,152.70626595652075,144.72343874594807
2025-08-16 14:25:35+00:00,TXG403,18.385201147047137,-69.77182284268463,1996.44,152.61257784292386,144.26646200871951
2025-08-16 14:25:36+00:00,TXG403,18.38465881347656,-69.77152143205916,1988.82,152.61257784292386,144.26646200871951
2025-08-16 14:25:37+00:00,TXG403,18.38291931152344,-69.77058955601285,1981.2,152.61257784292386,144.26646200871951
2025-08-16 14:25:40+00:00,TXG403,18.3790283203125,-69.76848057338168,1958.34,152.51829456653672,143.80987345739766
2025-08-16 14:25:43+00:00,TXG403,18.3767286397643,-69.76722856001419,1950.72,152.51829456653672,143.80987345739766
2025-08-16 14:25:44+00:00,TXG403,18.374725341796875,-69.76612636021207,1935.48,152.51829456653672,143.80987345739766
2025-08-16 14:25:45+00:00,TXG403,18.37346998311705,-69.76548073508519,1927.86,152.51829456653672,143.80987345739766
2025-08-16 14:25:46+00:00,TXG403,18.37220764160156,-69.76475306919644,1920.24,152.51829456653672,143.80987345739766
2025-08-16 14:25:48+00:00,TXG403,18.37030443094545,-69.76373291015625,1912.62,152.51829456653672,143.80987345739766
2025-08-16 14:25:49+00:00,TXG403,18.369186401367188,-69.76313454764227,1905.0,152.51829456653672,143.80987345739766
2025-08-16 14:25:50+00:00,TXG403,18.367904663085938,-69.76244790213445,1897.38,152.7004277886672,143.57320076582806
2025-08-16 14:25:51+00:00,TXG403,18.366906117584744,-69.761885209517,1889.76,152.7004277886672,143.57320076582806
2025-08-16 14:25:52+00:00,TXG403,18.365881968352756,-69.76133589311075,1882.14,152.7004277886672,143.57320076582806
2025-08-16 14:25:53+00:00,TXG403,18.365249633789062,-69.76097651890348,1882.14,152.7004277886672,143.57320076582806
2025-08-16 14:26:01+00:00,TXG403,18.35494219246557,-69.75544322620738,1821.18,152.7004277886672,143.57320076582806
2025-08-16 14:26:05+00:00,TXG403,18.35151672363281,-69.75357055664062,1798.3200000000002,152.6059680625825,143.11624969486326
2025-08-16 14:26:06+00:00,TXG403,18.349365234375,-69.75239345005582,1790.7,152.5109034701493,142.65969010396176
2025-08-16 14:26:09+00:00,TXG403,18.346190371755824,-69.75064919211644,1767.84,152.32792177724124,142.89787579333134
2025-08-16 14:26:20+00:00,TXG403,18.333709716796875,-69.74381038120815,1699.26,152.32792177724124,142.89787579333134
2025-08-16 14:26:29+00:00,TXG403,18.323455810546875,-69.73826817103794,1638.3000000000002,152.59925117712763,141.9660393165314
2025-08-16 14:26:30+00:00,TXG403,18.322029760328387,-69.73746559836644,1630.68,152.59925117712763,141.9660393165314
2025-08-16 14:26:31+00:00,TXG403,18.32148742675781,-69.73718915666853,1623.0600000000002,152.59925117712763,141.9660393165314
2025-08-16 14:26:33+00:00,TXG403,18.318957312632413,-69.73581764914769,1607.8200000000002,152.59925117712763,141.9660393165314
2025-08-16 14:26:37+00:00,TXG403,18.31392967094809,-69.73307106711644,1584.96,152.50339222484453,141.50950916307866
2025-08-16 14:26:39+00:00,TXG403,18.31169516353284,-69.73187255859375,1577.34,152.778561080596,140.57976535796914
2025-08-16 14:26:41+00:00,TXG403,18.30963134765625,-69.73076411655973,1569.72,152.778561080596,140.57976535796914
2025-08-16 14:26:42+00:00,TXG403,18.30918134269068,-69.73052423650569,1569.72,152.778561080596,140.57976535796914
2025-08-16 14:26:45+00:00,TXG403,18.304991641287074,-69.72827703302556,1562.1,152.67610869865345,138.97226436893348
2025-08-16 14:26:47+00:00,TXG403,18.30340576171875,-69.72737993512834,1554.48,152.67610869865345,138.97226436893348
2025-08-16 14:26:50+00:00,TXG403,18.299265716035485,-69.7251808860085,1546.86,152.95749504561243,138.044603519796
2025-08-16 14:26:52+00:00,TXG403,18.297088623046875,-69.72404479980469,1539.24,152.86009407067908,137.58660275201146
2025-08-16 14:26:55+00:00,TXG403,18.294342041015625,-69.72252437046598,1539.24,152.85031830221683,135.28605700710335
2025-08-16 14:26:56+00:00,TXG403,18.293307029594807,-69.72198486328125,1531.62,152.75056079961868,134.82850011300545
2025-08-16 14:26:58+00:00,TXG403,18.290542602539062,-69.72051348005022,1531.62,152.75056079961868,134.82850011300545
2025-08-16 14:26:59+00:00,TXG403,18.289955268471928,-69.72018710049713,1531.62,152.74467162505695,133.6782511275525
2025-08-16 14:27:03+00:00,TXG403,18.286231089446503,-69.71818958629262,1524.0,152.6364530726083,132.07091080588296
2025-08-16 14:27:04+00:00,TXG403,18.283950805664062,-69.71693311418807,1516.38,152.6364530726083,132.07091080588296
2025-08-16 14:27:06+00:00,TXG403,18.28292588056144,-69.7163918235085,1516.38,152.62229722866826,129.77047467425692
2025-08-16 14:27:07+00:00,TXG403,18.28120422363281,-69.71546173095703,1508.76,152.62229722866826,129.77047467425692
2025-08-16 14:27:12+00:00,TXG403,18.276443481445312,-69.71286228724887,1493.52,152.62229722866826,129.77047467425692
2025-08-16 14:27:25+00:00,TXG403,18.263900756835938,-69.70604487827846,1455.42,152.39332214691206,126.55740640243351
2025-08-16 14:27:34+00:00,TXG403,18.25499453787076,-69.70121071555394,1432.5600000000002,152.39332214691206,126.55740640243351
2025-08-16 14:28:21+00:00,TXG403,18.23995816505561,-69.66165993430398,1257.3,93.59500966100912,98.45253954117184
2025-08-16 14:28:24+00:00,TXG403,18.240737915039062,-69.65925489153182,1242.0600000000002,70.47288958610667,93.88426818894888
2025-08-16 14:28:25+00:00,TXG403,18.240875244140625,-69.65886252267018,1242.0600000000002,70.47288958610667,93.88426818894888
2025-08-16 14:28:27+00:00,TXG403,18.24172715009269,-69.65631658380681,1226.8200000000002,70.36740446246958,93.39957152782252
2025-08-16 14:28:29+00:00,TXG403,18.2420064635196,-69.65556751598012,1219.2,70.36740446246958,93.39957152782252
2025-08-16 14:28:35+00:00,TXG403,18.24375915527344,-69.64998517717635,1188.72,71.56505117707799,92.72844181063672
2025-08-16 14:28:37+00:00,TXG403,18.244308471679688,-69.64831760951449,1181.1,71.76750891929619,92.07829074760726
2025-08-16 14:28:49+00:00,TXG403,18.247329711914062,-69.63894980294364,1127.76,71.25865955480728,91.26561344119332
2025-08-16 14:29:03+00:00,TXG403,18.251495361328125,-69.62742396763393,1059.18,71.25865955480728,91.26561344119332
