Timestamp,Callsign,lat,lon,Altitude,Speed,Direction
2025-10-11 11:05:57+00:00,UAL584,28.481185913085938,-81.32243816669171,1005.84,358.69804732742114,90.5655247993568
2025-10-11 11:06:00+00:00,UAL584,28.483566284179688,-81.3224909855769,1043.94,358.37271667760643,90.57867384680092
2025-10-11 11:06:01+00:00,UAL584,28.48396430581303,-81.32252412683823,1051.56,358.37271667760643,90.57867384680092
2025-10-11 11:06:02+00:00,UAL584,28.484848022460938,-81.3225438044621,1066.8,358.0474909506004,90.5947423130373
2025-10-11 11:06:04+00:00,UAL584,28.48622131347656,-81.32259662334735,1097.28,358.37271667760643,90.57867384680092
2025-10-11 11:06:06+00:00,UAL584,28.48837280273437,-81.32264944223255,1120.14,358.37271667760643,90.57867384680092
2025-10-11 11:06:12+00:00,UAL584,28.492855783236227,-81.32268569048716,1173.48,359.6936083777293,96.20240350888288
2025-10-11 11:06:14+00:00,UAL584,28.49496459960937,-81.3227022611178,1181.1,359.3969088056195,97.74977505000278
2025-10-11 11:06:16+00:00,UAL584,28.496486857786017,-81.32273954503677,1196.34,359.10946374663945,99.2996860838396
2025-10-11 11:06:17+00:00,UAL584,28.49789428710937,-81.32275508000299,1203.96,359.1140534061458,99.8140682660752
2025-10-11 11:06:19+00:00,UAL584,28.499652409957623,-81.32279339958643,1226.8200000000002,359.12309225856933,100.84283452259164
2025-10-11 11:06:21+00:00,UAL584,28.50146484375,-81.32280789888819,1242.0600000000002,359.4212744343922,101.86510827149937
2025-10-11 11:06:26+00:00,UAL584,28.50616972325212,-81.32284725413604,1287.78,359.44103451916783,105.46603884643125
2025-10-11 11:06:27+00:00,UAL584,28.50714111328125,-81.32286071777344,1295.4,359.4437477729193,105.98045848425002
2025-10-11 11:06:30+00:00,UAL584,28.509933471679688,-81.32291353665863,1318.26,358.63607246839706,108.06385732809096
2025-10-11 11:06:31+00:00,UAL584,28.510894775390625,-81.32296635554388,1318.26,359.4437477729193,105.98045848425002
2025-10-11 11:06:33+00:00,UAL584,28.512780141022244,-81.32311652688418,1333.5,356.7754773934801,109.750330796161
2025-10-11 11:06:34+00:00,UAL584,28.51389739472987,-81.32322423598345,1341.12,354.9960800477597,112.0614440943146
2025-10-11 11:06:35+00:00,UAL584,28.51492154396186,-81.32333194508271,1341.12,354.0046131959245,113.2828583096518
2025-10-11 11:06:36+00:00,UAL584,28.51552672305349,-81.32338579963238,1348.74,353.2901631922431,114.476216905204
2025-10-11 11:06:37+00:00,UAL584,28.516969842425848,-81.32360121783091,1356.36,353.2901631922431,114.476216905204
2025-10-11 11:06:38+00:00,UAL584,28.51813364837129,-81.32376278147979,1356.36,353.2901631922431,114.476216905204
2025-10-11 11:06:39+00:00,UAL584,28.51904296875,-81.32391709547773,1363.98,351.6561084159669,116.98823044708004
2025-10-11 11:06:40+00:00,UAL584,28.51991271972656,-81.32407555213342,1371.6,352.1207218450349,116.33375046016369
2025-10-11 11:06:41+00:00,UAL584,28.521159543829448,-81.32424747242646,1379.22,351.51839420597065,118.5902218240907
2025-10-11 11:06:42+00:00,UAL584,28.52223024529926,-81.324462890625,1394.46,351.7998539405012,119.02459929632226
2025-10-11 11:06:43+00:00,UAL584,28.523162841796875,-81.32460374098554,1402.0800000000002,351.8350249906778,119.53380607352676
2025-10-11 11:06:44+00:00,UAL584,28.52426147460937,-81.32476219764123,1409.7,352.1131165952201,119.9713850697797
2025-10-11 11:06:45+00:00,UAL584,28.525405883789062,-81.32492065429688,1424.94,352.14668669802177,120.48098357355542
2025-10-11 11:06:46+00:00,UAL584,28.52637339446504,-81.32510914522061,1432.5600000000002,352.1131165952201,119.9713850697797
2025-10-11 11:06:47+00:00,UAL584,28.52790961831303,-81.32532456341914,1447.8000000000002,352.4214645251402,120.92170094637272
2025-10-11 11:06:49+00:00,UAL584,28.530075073242188,-81.32566011868988,1470.66,352.48522245578016,121.94167712736814
2025-10-11 11:06:50+00:00,UAL584,28.53065620034428,-81.32575539981616,1478.28,352.51670309217747,122.45172113514109
2025-10-11 11:06:51+00:00,UAL584,28.532285528667902,-81.3259708180147,1493.52,352.5479225565953,122.96180180259104
2025-10-11 11:06:52+00:00,UAL584,28.53270449880826,-81.32602467256436,1501.14,352.5479225565953,122.96180180259104
2025-10-11 11:06:53+00:00,UAL584,28.533920288085938,-81.32624112642725,1516.38,352.5788840674294,123.47191867537848
2025-10-11 11:06:54+00:00,UAL584,28.53515625,-81.32639958308295,1524.0,352.37395308316206,124.04929311008878
2025-10-11 11:06:55+00:00,UAL584,28.5362548828125,-81.32655803973859,1539.24,352.1385745956389,124.11861078019912
2025-10-11 11:06:56+00:00,UAL584,28.537266618114405,-81.32672478170957,1554.48,351.9034628321116,124.19002080746534
2025-10-11 11:06:57+00:00,UAL584,28.538497924804688,-81.32692777193506,1569.72,351.46923439005184,124.84783236241572
2025-10-11 11:06:58+00:00,UAL584,28.53968811035156,-81.32719186636115,1584.96,351.00285657893494,125.0045992542114
2025-10-11 11:06:59+00:00,UAL584,28.54071148371292,-81.32737103630518,1592.5800000000002,350.5376777919744,125.1696274854695
2025-10-11 11:07:00+00:00,UAL584,28.54182873742055,-81.32758645450366,1607.8200000000002,349.8422810349212,125.43258806827698
2025-10-11 11:07:01+00:00,UAL584,28.543039095603813,-81.32785572725186,1623.0600000000002,348.91980077564494,125.81180030503906
2025-10-11 11:07:02+00:00,UAL584,28.54403686523437,-81.32808978740985,1638.3000000000002,348.00310069207643,126.22342463511411
2025-10-11 11:07:03+00:00,UAL584,28.545040841829977,-81.32839427274814,1645.92,347.04040507383985,126.16575221514697
2025-10-11 11:07:04+00:00,UAL584,28.546158095537606,-81.32866354549634,1668.78,345.9073630665112,126.76739444260522
2025-10-11 11:07:05+00:00,UAL584,28.547368453720868,-81.32904052734375,1684.02,345.17352002964435,126.65460832445208
2025-10-11 11:07:06+00:00,UAL584,28.54833984375,-81.32935744065503,1691.64,344.50072462349914,127.0582951927815
2025-10-11 11:07:07+00:00,UAL584,28.549323647709212,-81.3296329273897,1699.26,343.54503861708014,127.13013572204817
2025-10-11 11:07:08+00:00,UAL584,28.55053400589248,-81.33006376378677,1714.5,342.5906972530432,127.23730046455478
2025-10-11 11:07:09+00:00,UAL584,28.552070229740465,-81.33065616383271,1737.36,341.9299875128086,127.70754977880516
2025-10-11 11:07:10+00:00,UAL584,28.553192138671875,-81.33104764498194,1744.98,341.4188887912985,127.542692861933
2025-10-11 11:07:11+00:00,UAL584,28.554351289393537,-81.33151783662686,1760.22,340.7642728577428,128.04282768802815
2025-10-11 11:07:12+00:00,UAL584,28.555343627929688,-81.33194556603064,1775.46,340.33073233598293,128.38547579543106
2025-10-11 11:07:13+00:00,UAL584,28.55644614009534,-81.33237950942095,1790.7,339.60512391795163,128.43081838445633
2025-10-11 11:07:14+00:00,UAL584,28.557403564453125,-81.33284348707929,1805.94,338.66647437779625,128.6830020050804
2025-10-11 11:07:15+00:00,UAL584,28.558401334083687,-81.33324118221509,1821.18,337.94356647296064,128.7755168565118
2025-10-11 11:07:16+00:00,UAL584,28.55947203555349,-81.33377972771143,1836.42,337.2218112253886,128.88850038256604
2025-10-11 11:07:17+00:00,UAL584,28.56063584149894,-81.33437212775738,1844.04,337.2218112253886,128.88850038256604
2025-10-11 11:07:18+00:00,UAL584,28.56165999073093,-81.33491067325366,1866.9,335.68871797504454,128.70665101504912
2025-10-11 11:07:19+00:00,UAL584,28.56273069220074,-81.33544921875,1882.14,335.17685962711136,128.666547956232
2025-10-11 11:07:20+00:00,UAL584,28.56380139367055,-81.33598776424634,1897.38,334.9692903226228,128.88336691645296
2025-10-11 11:07:21+00:00,UAL584,28.564732438426905,-81.33647245519302,1912.62,334.6647230078007,128.63671962829432
2025-10-11 11:07:22+00:00,UAL584,28.565756587658896,-81.33706485523896,1927.86,334.5663162536045,128.17194428184376
2025-10-11 11:07:23+00:00,UAL584,28.566827289128707,-81.3376034007353,1950.72,334.3589941756947,128.39372109356557
2025-10-11 11:07:24+00:00,UAL584,28.567944542836333,-81.33824965533091,1965.96,334.46719351448775,127.70754977880516
2025-10-11 11:07:25+00:00,UAL584,28.569015244306144,-81.3387882008272,1988.82,334.46719351448775,127.70754977880516
2025-10-11 11:07:26+00:00,UAL584,28.5699462890625,-81.33928739107569,2004.06,334.46719351448775,127.70754977880516
2025-10-11 11:07:27+00:00,UAL584,28.57097043829449,-81.33986529181988,2019.3,334.7743543018758,127.95185145585856
2025-10-11 11:07:28+00:00,UAL584,28.5720411397643,-81.34040383731616,2034.54,334.7743543018758,127.95185145585856
2025-10-11 11:07:29+00:00,UAL584,28.573287963867188,-81.34108323317304,2049.78,334.5663162536045,128.17194428184376
2025-10-11 11:07:30+00:00,UAL584,28.5743408203125,-81.34166424091046,2065.02,334.3589941756947,128.39372109356557
2025-10-11 11:07:31+00:00,UAL584,28.575347900390625,-81.34224524864783,2080.26,334.15238977940373,128.61717317984724
2025-10-11 11:07:33+00:00,UAL584,28.577133178710938,-81.34324880746692,2103.12,332.92339295633496,128.84229182436798
2025-10-11 11:07:34+00:00,UAL584,28.57855224609375,-81.34409390963037,2125.98,332.2095575205479,129.09674672346057
2025-10-11 11:07:35+00:00,UAL584,28.579070527674787,-81.34444292853863,2133.6,331.1892062570269,129.166429049357
2025-10-11 11:07:36+00:00,UAL584,28.580187781382413,-81.34514303768384,2148.84,330.17027802541145,129.27702377959227
2025-10-11 11:07:37+00:00,UAL584,28.58116537837659,-81.34584314682905,2164.08,329.03624346792645,128.98702331344722
2025-10-11 11:07:38+00:00,UAL584,28.582443237304688,-81.34673485389123,2186.94,327.70402361405684,129.02189881045155
2025-10-11 11:07:39+00:00,UAL584,28.58358609474311,-81.34762034696689,2209.8,326.24641168018536,128.69842576533935
2025-10-11 11:07:40+00:00,UAL584,28.584377482786017,-81.3482127470129,2225.04,324.9142981002398,128.87925999634112
2025-10-11 11:07:41+00:00,UAL584,28.585189819335938,-81.34895324707031,2240.28,323.45069889360207,128.71590379270106
2025-10-11 11:07:42+00:00,UAL584,28.58600681110964,-81.34966681985293,2255.52,322.1250163489018,129.04240940573422
2025-10-11 11:07:43+00:00,UAL584,28.58703096034163,-81.35058234719668,2270.76,320.51713597898805,128.6418629368919
2025-10-11 11:07:44+00:00,UAL584,28.58805510957362,-81.3516055836397,2293.62,319.0510109177567,128.73132361087923
2025-10-11 11:07:45+00:00,UAL584,28.58857727050781,-81.35217519906848,2301.24,317.5878785074053,128.90492610033527
2025-10-11 11:07:46+00:00,UAL584,28.589824094610695,-81.35354434742646,2324.1,316.12962954482634,129.1623311296526
2025-10-11 11:07:47+00:00,UAL584,28.59022521972656,-81.35402386005109,2331.7200000000003,314.51582183951905,129.1418395806073
2025-10-11 11:07:48+00:00,UAL584,28.591049194335938,-81.35497459998498,2346.96,314.51582183951905,129.1418395806073
2025-10-11 11:07:49+00:00,UAL584,28.59182584083686,-81.35596780215991,2362.2000000000003,311.14319901441013,129.79494504903192
2025-10-11 11:07:50+00:00,UAL584,28.5926513671875,-81.35708735539362,2377.44,309.5444782080797,130.09026490376078
2025-10-11 11:07:51+00:00,UAL584,28.593338012695312,-81.35814373309796,2392.6800000000003,307.9542308751325,130.4863653723779
2025-10-11 11:07:52+00:00,UAL584,28.59406034825212,-81.3591990751379,2400.3,306.37481682182954,130.98233215350206
2025-10-11 11:07:53+00:00,UAL584,28.59466552734375,-81.3602036696214,2415.54,304.62415507994893,131.28405262057535
2025-10-11 11:07:54+00:00,UAL584,28.595363810911017,-81.36146096622241,2423.1600000000003,302.8831380708774,131.7077113511136
2025-10-11 11:07:55+00:00,UAL584,28.59606209447828,-81.36269962086396,2438.4,301.15486916391035,132.2521364930227
2025-10-11 11:07:56+00:00,UAL584,28.596588134765625,-81.3637953538161,2446.02,299.248826336547,132.66372710795193
2025-10-11 11:07:57+00:00,UAL584,28.597086243710272,-81.36485380284927,2453.6400000000003,297.3566523358648,133.2211318165752
2025-10-11 11:07:58+00:00,UAL584,28.59759521484375,-81.36606656588037,2468.88,295.28325966469515,133.70200629616693
2025-10-11 11:07:59+00:00,UAL584,28.59834315413136,-81.36797736672793,2484.1200000000003,293.4286928087454,134.56029977288466
2025-10-11 11:08:00+00:00,UAL584,28.598482810844807,-81.36851591222427,2491.74,291.4767909795404,134.89031677017542
2025-10-11 11:08:01+00:00,UAL584,28.59896850585937,-81.36992234450116,2499.36,291.4767909795404,134.89031677017542
2025-10-11 11:08:02+00:00,UAL584,28.599517822265625,-81.3719294621394,2514.6,287.81888891452274,136.17226758930704
2025-10-11 11:08:03+00:00,UAL584,28.599693169028072,-81.37255500344668,2514.6,285.91583151783306,136.94746643776452
2025-10-11 11:08:04+00:00,UAL584,28.599838256835938,-81.37324993426984,2522.2200000000003,284.2962043860295,137.4990540607041
2025-10-11 11:08:05+00:00,UAL584,28.600250244140625,-81.37530987079327,2537.46,282.4824893849545,138.04747921937977
2025-10-11 11:08:06+00:00,UAL584,28.600624213784428,-81.37740191291363,2552.7000000000003,280.6849124000027,138.73306186311754
2025-10-11 11:08:07+00:00,UAL584,28.600799560546875,-81.37863746056189,2560.32,278.9067441837798,139.5537805753035
2025-10-11 11:08:08+00:00,UAL584,28.60089111328125,-81.37979947603662,2567.94,277.177245850855,139.99683961895576
2025-10-11 11:08:09+00:00,UAL584,28.60102844238281,-81.38138404259314,2575.56,275.6688779795897,140.61647087250472
2025-10-11 11:08:10+00:00,UAL584,28.601136288400426,-81.38267965877759,2590.8,274.19000772552386,140.81958971865862
2025-10-11 11:08:11+00:00,UAL584,28.60118284063824,-81.38407987706802,2598.42,272.9249779491564,141.14153428500413
2025-10-11 11:08:12+00:00,UAL584,28.601229392876057,-81.38569551355698,2613.6600000000003,271.87446556260454,141.5478432946614
2025-10-11 11:08:13+00:00,UAL584,28.60127594511388,-81.38655718635113,2621.28,271.0378534933013,142.0098411828995
2025-10-11 11:08:14+00:00,UAL584,28.601303100585938,-81.38872586763819,2644.1400000000003,270.4151795411449,141.99027180613638
2025-10-11 11:08:15+00:00,UAL584,28.601303100585938,-81.3895709698017,2651.76,270.0,141.986544
2025-10-11 11:08:16+00:00,UAL584,28.60127594511388,-81.39102711397061,2667.0,269.37949235216604,142.5093451484441
2025-10-11 11:08:17+00:00,UAL584,28.60127594511388,-81.39248118681064,2682.24,268.7591302248692,142.5344136537736
2025-10-11 11:08:18+00:00,UAL584,28.60121154785156,-81.39379648061896,2689.86,268.1457482851522,143.09035835131115
2025-10-11 11:08:19+00:00,UAL584,28.60118284063824,-81.3955508961397,2705.1,267.7340828646876,143.1273445511796
2025-10-11 11:08:20+00:00,UAL584,28.60107421875,-81.39744098369891,2720.34,267.11703654746043,143.19666792721569
2025-10-11 11:08:21+00:00,UAL584,28.60102844238281,-81.39833890474756,2727.96,266.7178154801609,143.76569958663364
2025-10-11 11:08:22+00:00,UAL584,28.600950079449152,-81.40039780560664,2750.82,266.3086140135487,143.82827523270743
2025-10-11 11:08:23+00:00,UAL584,28.60085697497352,-81.40185187844668,2758.44,265.8997892877088,143.8981805174401
2025-10-11 11:08:24+00:00,UAL584,28.600799560546875,-81.40261723445013,2766.06,265.5074185200847,144.4882624878721
2025-10-11 11:08:25+00:00,UAL584,28.600670766022244,-81.40465231502759,2788.92,265.5233412515894,145.00113144975637
2025-10-11 11:08:26+00:00,UAL584,28.60053110930879,-81.40616024241729,2796.54,265.32074083959515,145.042192102921
2025-10-11 11:08:27+00:00,UAL584,28.60043334960937,-81.4077934852013,2811.78,265.3372606637454,145.5549275023838
2025-10-11 11:08:28+00:00,UAL584,28.60034490035752,-81.40912224264707,2819.4,265.1525926094323,146.1102471740276
2025-10-11 11:08:29+00:00,UAL584,28.600205243644066,-81.41073787913604,2834.6400000000003,265.1525926094323,146.1102471740276
2025-10-11 11:08:30+00:00,UAL584,28.60015869140625,-81.41165340647979,2842.26,265.16958004171005,146.62285759722306
2025-10-11 11:08:31+00:00,UAL584,28.6000190346928,-81.41375373391543,2857.5,265.16958004171005,146.62285759722306
2025-10-11 11:08:32+00:00,UAL584,28.599929809570312,-81.41465994027942,2865.1200000000003,265.1864491062935,147.13548081939288
2025-10-11 11:08:33+00:00,UAL584,28.599838256835938,-81.41613886906549,2872.74,265.4021922297349,147.60598800055914
2025-10-11 11:08:34+00:00,UAL584,28.599693169028072,-81.4177928251379,2887.98,265.4021922297349,147.60598800055914
2025-10-11 11:08:35+00:00,UAL584,28.59956359863281,-81.41962491548975,2903.2200000000003,265.616561305851,148.0785746885923
2025-10-11 11:08:36+00:00,UAL584,28.599460407838983,-81.42123951631436,2910.84,265.616561305851,148.0785746885923
2025-10-11 11:08:37+00:00,UAL584,28.599380493164062,-81.42263559194708,2926.08,265.6317225654116,148.59151908355406
2025-10-11 11:08:38+00:00,UAL584,28.59927419888771,-81.42430922564341,2933.7000000000003,265.64677950936823,149.10447381138397
2025-10-11 11:08:39+00:00,UAL584,28.599227646649894,-81.42506318933823,2941.32,265.64677950936823,149.10447381138397
2025-10-11 11:08:40+00:00,UAL584,28.599105834960938,-81.42670264610877,2956.56,265.6617332085718,149.61743876580508
2025-10-11 11:08:41+00:00,UAL584,28.59901428222656,-81.42839285043567,2964.1800000000003,265.858224669508,149.57940339427276
2025-10-11 11:08:42+00:00,UAL584,28.598876953125,-81.42992459810694,2979.42,265.8724082974883,150.092508464995
2025-10-11 11:08:43+00:00,UAL584,28.59883117675781,-81.43113943246692,2987.04,265.8724082974883,150.092508464995
2025-10-11 11:08:44+00:00,UAL584,28.59869384765625,-81.43298809344952,3002.28,265.88649527892585,150.60562267093775
2025-10-11 11:08:45+00:00,UAL584,28.59862246755826,-81.43454159007354,3017.52,266.0817511359326,150.56959461427232
2025-10-11 11:08:46+00:00,UAL584,28.598482810844807,-81.43669577205884,3032.76,266.0950825563056,151.08284022466242
2025-10-11 11:08:47+00:00,UAL584,28.598419189453125,-81.43747769869287,3040.38,266.2897687846987,151.04867810680955
2025-10-11 11:08:48+00:00,UAL584,28.59832763671875,-81.4397489107572,3055.6200000000003,266.49646835521554,151.529739997927
2025-10-11 11:08:49+00:00,UAL584,28.59823608398437,-81.44101656400238,3063.24,266.69066372393667,151.49917247899276
2025-10-11 11:08:50+00:00,UAL584,28.598203497417902,-81.44240435431988,3078.48,266.89547409073566,151.9840324626874
2025-10-11 11:08:51+00:00,UAL584,28.59809875488281,-81.44397442157452,3086.1000000000004,267.0891621738322,151.95703962671817
2025-10-11 11:08:52+00:00,UAL584,28.598052978515625,-81.44550616924579,3101.34,267.29208251413377,152.44565152765242
2025-10-11 11:08:53+00:00,UAL584,28.59800720214844,-81.44709073580225,3116.5800000000004,267.6784694101673,152.4005076532731
2025-10-11 11:08:54+00:00,UAL584,28.597924183990997,-81.44875919117646,3124.2000000000003,267.68627750217576,152.91453084011673
2025-10-11 11:08:55+00:00,UAL584,28.597877631753175,-81.44989013671875,3131.82,267.87890360333853,152.89462623513907
2025-10-11 11:08:56+00:00,UAL584,28.597824096679688,-81.45158034104566,3147.06,267.88601490769736,153.4087189370891
2025-10-11 11:08:57+00:00,UAL584,28.59778452727754,-81.45301370059741,3154.6800000000003,267.694033276005,153.4285568477685
2025-10-11 11:08:58+00:00,UAL584,28.597737975039724,-81.45457548253677,3169.92,267.7017372554552,153.94258564797175
2025-10-11 11:08:59+00:00,UAL584,28.597691422801905,-81.456298828125,3177.54,267.70938995736145,154.45661721284583
2025-10-11 11:09:00+00:00,UAL584,28.59759831832627,-81.45791446461396,3192.78,267.7169918917089,154.97065151487982
2025-10-11 11:09:01+00:00,UAL584,28.59755176608845,-81.45947624655332,3200.4,267.7169918917089,154.97065151487982
2025-10-11 11:09:02+00:00,UAL584,28.597505213850635,-81.46119959214155,3208.02,267.53514708200873,155.50596349350636
2025-10-11 11:09:03+00:00,UAL584,28.597412109375,-81.46281522863052,3215.6400000000003,267.54327192660844,156.01993309404736
2025-10-11 11:09:04+00:00,UAL584,28.59736555713718,-81.46443086511948,3223.26,267.3632415738596,156.55672866262643
2025-10-11 11:09:05+00:00,UAL584,28.597320556640625,-81.46584144005408,3230.88,267.1844433157888,157.09505933329666
2025-10-11 11:09:06+00:00,UAL584,28.59722900390625,-81.46763728215143,3238.5,267.0068679940209,157.63490937872015
2025-10-11 11:09:07+00:00,UAL584,28.597137451171875,-81.46927466759314,3246.1200000000003,266.4585241359196,158.23648518137958
2025-10-11 11:09:08+00:00,UAL584,28.5970458984375,-81.47054232083832,3253.74,265.9143832200251,158.85244374217012
2025-10-11 11:09:09+00:00,UAL584,28.596908569335938,-81.47233816293567,3261.36,265.3744941293949,159.48261841261703
2025-10-11 11:09:10+00:00,UAL584,28.596725463867188,-81.474609375,3268.98,264.65562609709684,160.17393833290416
2025-10-11 11:09:11+00:00,UAL584,28.59663391113281,-81.47529602050781,3268.98,263.9430477946904,160.89025345182398
2025-10-11 11:09:12+00:00,UAL584,28.59638796014301,-81.47773293887866,3276.6000000000004,263.05586948900674,161.69262174597569
2025-10-11 11:09:13+00:00,UAL584,28.596267700195312,-81.47872924804688,3284.2200000000003,262.177660735178,162.53336929719157
2025-10-11 11:09:14+00:00,UAL584,28.595947265625,-81.48100046011115,3284.2200000000003,261.1304738095093,163.4904327012703
2025-10-11 11:09:15+00:00,UAL584,28.595718383789062,-81.48232093224158,3291.84,259.8879596890874,164.084250515592
2025-10-11 11:09:16+00:00,UAL584,28.595363810911017,-81.48430319393384,3291.84,258.4438624995807,164.35258012202254
2025-10-11 11:09:17+00:00,UAL584,28.59503173828125,-81.48580697866583,3299.46,256.8717645615279,165.34233361269136
2025-10-11 11:09:18+00:00,UAL584,28.59466552734375,-81.48744436410755,3307.0800000000004,255.44642720928744,165.82741459232872
2025-10-11 11:09:19+00:00,UAL584,28.594246557203387,-81.48904239430146,3307.0800000000004,254.4190761517484,166.629833104835
2025-10-11 11:09:20+00:00,UAL584,28.593795776367188,-81.49087759164661,3314.7000000000003,253.18251582283503,167.1404725783338
2025-10-11 11:09:21+00:00,UAL584,28.59354827363612,-81.49168126723345,3314.7000000000003,251.95405631186043,167.72846845358703
2025-10-11 11:09:22+00:00,UAL584,28.593063354492188,-81.49330726036658,3322.32,250.56966481275248,168.56344671754678
2025-10-11 11:09:23+00:00,UAL584,28.592477572166317,-81.4950741038603,3329.94,249.36245301531216,169.3138292875438
2025-10-11 11:09:24+00:00,UAL584,28.591964721679688,-81.49652921236475,3329.94,248.26318550264293,169.47006612920973
2025-10-11 11:09:25+00:00,UAL584,28.591323852539062,-81.4982722355769,3337.56,247.07402810870337,170.36254056226264
2025-10-11 11:09:26+00:00,UAL584,28.5904541015625,-81.50054344764123,3345.1800000000003,245.8273165070216,170.8581524447882
2025-10-11 11:09:27+00:00,UAL584,28.589824094610695,-81.50196748621323,3352.8,244.7438988122936,171.21404284184473
2025-10-11 11:09:28+00:00,UAL584,28.58921813964844,-81.50334284855768,3360.42,243.66535956281277,171.6308855829349
2025-10-11 11:09:29+00:00,UAL584,28.58843994140625,-81.50508587176984,3368.04,242.671050361992,172.56510026764602
2025-10-11 11:09:30+00:00,UAL584,28.58770751953125,-81.5066176194411,3375.6600000000003,241.3759341173556,172.8914568461804
2025-10-11 11:09:31+00:00,UAL584,28.58684475139036,-81.50832232306988,3383.28,240.3183357934546,173.4965726827777
2025-10-11 11:09:32+00:00,UAL584,28.586013793945312,-81.50983957143927,3383.28,239.2684439373733,174.1603796082133
2025-10-11 11:09:33+00:00,UAL584,28.585261975304554,-81.51123046875,3390.9,238.22687156396532,174.88220929589846
2025-10-11 11:09:34+00:00,UAL584,28.584424035023837,-81.5127383961397,3398.52,237.10306442500564,175.2291719006509
2025-10-11 11:09:35+00:00,UAL584,28.5838623046875,-81.51358971228967,3398.52,236.0777790462929,176.06991514481865
2025-10-11 11:09:36+00:00,UAL584,28.58262634277344,-81.5157024676983,3406.1400000000003,234.96694678421693,176.54500880327012
2025-10-11 11:09:37+00:00,UAL584,28.581770557468214,-81.51699290556064,3413.76,233.7282964135823,177.38995914163348
2025-10-11 11:09:38+00:00,UAL584,28.58069985599841,-81.51860854204966,3413.76,232.63333058723128,178.0043146199204
2025-10-11 11:09:39+00:00,UAL584,28.57967570676642,-81.52000876034009,3421.38,231.54629078329404,178.68322019419463
2025-10-11 11:09:40+00:00,UAL584,28.57855224609375,-81.52156536395734,3421.38,230.59479745943827,179.09893343217172
2025-10-11 11:09:41+00:00,UAL584,28.57790672172934,-81.52237836052393,3429.0,229.5231066658994,179.89732280913955
2025-10-11 11:09:42+00:00,UAL584,28.57672119140625,-81.52394221379205,3436.6200000000003,228.69138598645128,180.80346443273348
2025-10-11 11:09:43+00:00,UAL584,28.575668334960938,-81.52531550480768,3436.6200000000003,227.98863245522944,181.40261273413407
2025-10-11 11:09:44+00:00,UAL584,28.574432373046875,-81.52679443359375,3444.24,227.40982324027283,181.68032518264343
2025-10-11 11:09:45+00:00,UAL584,28.573562622070312,-81.52790363018329,3451.86,227.06175769075853,182.00124276476805
2025-10-11 11:09:46+00:00,UAL584,28.57246398925781,-81.52927692119891,3459.48,226.9434225170081,182.3520759075496
2025-10-11 11:09:47+00:00,UAL584,28.57122802734375,-81.53080866887018,3467.1000000000004,227.05355056351095,182.7283073371893
2025-10-11 11:09:48+00:00,UAL584,28.57012939453125,-81.5321819598858,3474.7200000000003,227.3906819597184,183.134115956748
2025-10-11 11:09:49+00:00,UAL584,28.56898498535156,-81.53355525090143,3489.96,227.61806290899685,183.16590606043903
2025-10-11 11:09:50+00:00,UAL584,28.567665229409428,-81.53524959788604,3497.5800000000004,227.84536136557932,183.20057988210655
2025-10-11 11:09:51+00:00,UAL584,28.566780736890887,-81.53632668887866,3512.82,227.9531168534872,183.5822804901199
2025-10-11 11:09:52+00:00,UAL584,28.56578063964844,-81.53762230506311,3520.44,228.17983011986425,183.62119962555084
2025-10-11 11:09:53+00:00,UAL584,28.56459045410156,-81.53915405273438,3535.6800000000003,228.4064437549947,183.66299247375963
2025-10-11 11:09:54+00:00,UAL584,28.5631496623411,-81.54095818014707,3558.54,228.4064437549947,183.66299247375963
2025-10-11 11:09:55+00:00,UAL584,28.5626220703125,-81.54163654033954,3566.1600000000003,228.4064437549947,183.66299247375963
2025-10-11 11:09:56+00:00,UAL584,28.560961707163663,-81.54375861672793,3589.02,228.52669081066676,183.32188661159628
2025-10-11 11:09:57+00:00,UAL584,28.5597513489804,-81.54532039866729,3604.26,228.52669081066676,183.32188661159628
2025-10-11 11:09:58+00:00,UAL584,28.55877685546875,-81.54654869666467,3619.5,228.52669081066676,183.32188661159628
2025-10-11 11:09:59+00:00,UAL584,28.55779615499205,-81.5478515625,3634.74,228.64738565245688,182.98159121209957
2025-10-11 11:10:00+00:00,UAL584,28.55691166247352,-81.54898250804229,3649.98,228.64738565245688,182.98159121209957
2025-10-11 11:10:01+00:00,UAL584,28.55584716796875,-81.55035165640021,3672.84,228.64738565245688,182.98159121209957
2025-10-11 11:10:02+00:00,UAL584,28.55463060282044,-81.55189065372241,3688.08,228.64738565245688,182.98159121209957
2025-10-11 11:10:03+00:00,UAL584,28.55364990234375,-81.55315105731671,3703.32,228.5407336715429,182.59573618018143
2025-10-11 11:10:04+00:00,UAL584,28.552459716796875,-81.55468280498798,3718.56,228.5407336715429,182.59573618018143
2025-10-11 11:10:05+00:00,UAL584,28.551232289459744,-81.55619901769302,3741.42,228.4336303624505,182.2105165052533
2025-10-11 11:10:06+00:00,UAL584,28.550262451171875,-81.55748220590442,3756.66,228.5548886693813,181.86959680509116
2025-10-11 11:10:07+00:00,UAL584,28.54920959472656,-81.55885549692005,3779.52,228.5548886693813,181.86959680509116
2025-10-11 11:10:08+00:00,UAL584,28.54820251464844,-81.56012315016523,3794.76,228.6766018867889,181.5294947501367
2025-10-11 11:10:09+00:00,UAL584,28.547149658203125,-81.56149644118085,3817.62,228.6766018867889,181.5294947501367
2025-10-11 11:10:10+00:00,UAL584,28.546051025390625,-81.56292255108173,3832.86,228.7987714747416,181.1902149446588
2025-10-11 11:10:11+00:00,UAL584,28.544906616210938,-81.5644014798678,3855.72,228.9213988876781,180.85176201630355
2025-10-11 11:10:12+00:00,UAL584,28.54369082693326,-81.56594669117646,3878.58,228.9213988876781,180.85176201630355
2025-10-11 11:10:13+00:00,UAL584,28.542526245117188,-81.56746497521033,3893.82,229.04448557418112,180.5141406161024
2025-10-11 11:10:14+00:00,UAL584,28.54145631951801,-81.56890869140625,3909.06,229.04448557418112,180.5141406161024
2025-10-11 11:10:15+00:00,UAL584,28.540618379237287,-81.56998578239893,3924.3,229.04448557418112,180.5141406161024
2025-10-11 11:10:16+00:00,UAL584,28.53954767776748,-81.57138600068936,3947.16,229.04448557418112,180.5141406161024
2025-10-11 11:10:17+00:00,UAL584,28.538497924804688,-81.57279968261719,3962.4,229.16803297674747,180.1773554184781
2025-10-11 11:10:18+00:00,UAL584,28.53744506835937,-81.57417297363281,3977.64,229.27476535777063,180.56691267136347
2025-10-11 11:10:19+00:00,UAL584,28.536346435546875,-81.57559908353363,3992.88,229.27476535777063,180.56691267136347
2025-10-11 11:10:20+00:00,UAL584,28.53529357910156,-81.57697237454926,4008.12,229.381037831808,180.9570938178365
2025-10-11 11:10:21+00:00,UAL584,28.534149169921875,-81.57850412222052,4023.36,229.504906863607,180.6225997805428
2025-10-11 11:10:22+00:00,UAL584,28.53298381223517,-81.58005658318018,4038.6,229.6106493186606,181.01412295196715
2025-10-11 11:10:23+00:00,UAL584,28.53204345703125,-81.58135634202222,4046.22,229.6106493186606,181.01412295196715
2025-10-11 11:10:24+00:00,UAL584,28.530982066009003,-81.58274931066177,4061.46,229.84011248884704,181.07405729054355
2025-10-11 11:10:25+00:00,UAL584,28.53014412572828,-81.58388025620405,4076.7,229.84011248884704,181.07405729054355
2025-10-11 11:10:26+00:00,UAL584,28.529073424258478,-81.58528047449448,4091.94,229.84011248884704,181.07405729054355
2025-10-11 11:10:27+00:00,UAL584,28.52814237950212,-81.58657298368564,4099.56,229.84011248884704,181.07405729054355
2025-10-11 11:10:28+00:00,UAL584,28.527071678032307,-81.58797320197613,4114.8,229.7159349744296,181.40626000751996
2025-10-11 11:10:29+00:00,UAL584,28.5260009765625,-81.58937342026655,4130.04,229.6106493186606,181.01412295196715
2025-10-11 11:10:30+00:00,UAL584,28.52483717061705,-81.59093520220591,4145.280000000001,229.4868526385484,181.34789483086104
2025-10-11 11:10:31+00:00,UAL584,28.523766469147244,-81.59233542049634,4160.52,229.4868526385484,181.34789483086104
2025-10-11 11:10:32+00:00,UAL584,28.52269576767744,-81.59373563878677,4175.76,229.4868526385484,181.34789483086104
2025-10-11 11:10:33+00:00,UAL584,28.521652221679688,-81.59514207106366,4183.38,229.36351139166192,181.68251021041752
2025-10-11 11:10:34+00:00,UAL584,28.52059936523437,-81.59656818096454,4198.62,229.36351139166192,181.68251021041752
2025-10-11 11:10:35+00:00,UAL584,28.519500732421875,-81.59799429086536,4213.860000000001,229.36351139166192,181.68251021041752
2025-10-11 11:10:36+00:00,UAL584,28.518539428710938,-81.59926194411054,4229.1,229.36351139166192,181.68251021041752
2025-10-11 11:10:37+00:00,UAL584,28.517074584960938,-81.60121624286359,4244.34,229.36351139166192,181.68251021041752
2025-10-11 11:10:38+00:00,UAL584,28.516021728515625,-81.6026423527644,4259.58,229.46894225455145,182.0732077440404
2025-10-11 11:10:39+00:00,UAL584,28.51538706634004,-81.60348331227021,4267.2,229.46894225455145,182.0732077440404
2025-10-11 11:10:40+00:00,UAL584,28.51389739472987,-81.60547593060664,4290.06,229.59221201091975,181.7393117116687
2025-10-11 11:10:41+00:00,UAL584,28.512826693260063,-81.60687614889707,4305.3,229.59221201091975,181.7393117116687
2025-10-11 11:10:42+00:00,UAL584,28.511662887314618,-81.60843793083643,4320.54,229.6971181749904,182.13134048959117
2025-10-11 11:10:43+00:00,UAL584,28.51112365722656,-81.609139075646,4328.16,229.6971181749904,182.13134048959117
2025-10-11 11:10:44+00:00,UAL584,28.51007080078125,-81.61056518554688,4343.400000000001,229.6971181749904,182.13134048959117
2025-10-11 11:10:45+00:00,UAL584,28.50888061523437,-81.61209693321814,4358.64,229.6971181749904,182.13134048959117
2025-10-11 11:10:46+00:00,UAL584,28.507827758789062,-81.61352304311896,4366.26,229.6971181749904,182.13134048959117
2025-10-11 11:10:47+00:00,UAL584,28.50677490234375,-81.61494915301984,4389.12,229.6971181749904,182.13134048959117
2025-10-11 11:10:48+00:00,UAL584,28.505905151367188,-81.61605834960938,4404.360000000001,229.6971181749904,182.13134048959117
2025-10-11 11:10:49+00:00,UAL584,28.504302978515625,-81.61822392390326,4411.9800000000005,229.57392125990089,182.4645191408697
2025-10-11 11:10:50+00:00,UAL584,28.50314382779396,-81.61974738625918,4427.22,229.57392125990089,182.4645191408697
2025-10-11 11:10:51+00:00,UAL584,28.50230588751324,-81.62093218635113,4442.46,229.57392125990089,182.4645191408697
2025-10-11 11:10:52+00:00,UAL584,28.501739501953125,-81.62160433255707,4450.08,229.57392125990089,182.4645191408697
2025-10-11 11:10:53+00:00,UAL584,28.500490350238348,-81.62330178653491,4465.320000000001,229.67845060603847,182.8564404599176
2025-10-11 11:10:54+00:00,UAL584,28.499313354492188,-81.62487910344049,4480.56,229.67845060603847,182.8564404599176
2025-10-11 11:10:55+00:00,UAL584,28.498214721679688,-81.62630521334131,4495.8,229.67845060603847,182.8564404599176
2025-10-11 11:10:56+00:00,UAL584,28.4970703125,-81.62788977989783,4503.42,229.5557753287536,183.189745017845
2025-10-11 11:10:57+00:00,UAL584,28.4959716796875,-81.62931588979865,4518.66,229.5557753287536,183.189745017845
2025-10-11 11:10:58+00:00,UAL584,28.494918823242188,-81.63074199969952,4533.900000000001,229.5557753287536,183.189745017845
2025-10-11 11:10:59+00:00,UAL584,28.4938333802304,-81.63213393267466,4541.52,229.5557753287536,183.189745017845
2025-10-11 11:11:00+00:00,UAL584,28.49285888671875,-81.63343576284552,4556.76,229.5557753287536,183.189745017845
2025-10-11 11:11:01+00:00,UAL584,28.49180603027344,-81.6348618727464,4572.0,229.5557753287536,183.189745017845
2025-10-11 11:11:02+00:00,UAL584,28.49061584472656,-81.63639362041766,4579.62,229.53777250790665,183.9149891243612
2025-10-11 11:11:03+00:00,UAL584,28.48956298828125,-81.63781973031848,4594.860000000001,229.53777250790665,183.9149891243612
2025-10-11 11:11:04+00:00,UAL584,28.48857297735699,-81.63913502412686,4602.4800000000005,229.53777250790665,183.9149891243612
2025-10-11 11:11:05+00:00,UAL584,28.487274169921875,-81.64083040677582,4617.72,229.53777250790665,183.9149891243612
2025-10-11 11:11:06+00:00,UAL584,28.48622131347656,-81.6422565166767,4625.34,229.41605719562588,184.24925155115864
2025-10-11 11:11:07+00:00,UAL584,28.485122680664062,-81.64368262657752,4640.58,229.41605719562588,184.24925155115864
2025-10-11 11:11:08+00:00,UAL584,28.484161376953125,-81.64500309870795,4648.2,229.51991111453515,184.640251245608
2025-10-11 11:11:09+00:00,UAL584,28.483062744140625,-81.64642920860877,4655.820000000001,229.3987053549955,184.9746338227157
2025-10-11 11:11:10+00:00,UAL584,28.481964111328125,-81.64785531850958,4671.06,229.50218949204097,185.36553117013196
2025-10-11 11:11:11+00:00,UAL584,28.48079875364142,-81.64942124310664,4678.68,229.3814890756119,185.70003292689515
2025-10-11 11:11:12+00:00,UAL584,28.47967529296875,-81.65086599496692,4686.3,229.3814890756119,185.70003292689515
2025-10-11 11:11:13+00:00,UAL584,28.47862243652344,-81.65234492375299,4693.92,229.3814890756119,185.70003292689515
2025-10-11 11:11:14+00:00,UAL584,28.477523803710938,-81.65377103365381,4701.54,229.36440677812087,186.42544866720493
2025-10-11 11:11:15+00:00,UAL584,28.476841813426905,-81.65464513442095,4709.16,229.3474569075597,187.1508808501951
2025-10-11 11:11:16+00:00,UAL584,28.47518920898437,-81.6568345289964,4716.780000000001,229.3474569075597,187.1508808501951
2025-10-11 11:11:17+00:00,UAL584,28.47418833587129,-81.65809182559741,4724.400000000001,229.33063793288875,187.87632928539915
2025-10-11 11:11:18+00:00,UAL584,28.47297797768803,-81.65970746208643,4732.02,229.2118534900886,188.2119932678404
2025-10-11 11:11:19+00:00,UAL584,28.47209348516949,-81.66089226217832,4739.64,229.31394834653443,188.60179378527684
2025-10-11 11:11:20+00:00,UAL584,28.47097623146186,-81.66234633501841,4739.64,229.1956496917806,188.93756965828743
2025-10-11 11:11:21+00:00,UAL584,28.46999863446769,-81.66363884420957,4747.26,229.1956496917806,188.93756965828743
2025-10-11 11:11:22+00:00,UAL584,28.468734741210938,-81.66528555063098,4754.88,229.1795698734298,189.6631610445829
2025-10-11 11:11:23+00:00,UAL584,28.46786499023437,-81.66644756610577,4762.5,229.1795698734298,189.6631610445829
2025-10-11 11:11:24+00:00,UAL584,28.466629028320312,-81.66803213266223,4777.740000000001,229.06217013846015,189.9998470454545
2025-10-11 11:11:25+00:00,UAL584,28.465389962923727,-81.66967055376841,4777.740000000001,229.16361262005324,190.38876725527456
2025-10-11 11:11:26+00:00,UAL584,28.464385986328125,-81.67098999023438,4792.9800000000005,229.04668773343568,190.7255599601534
2025-10-11 11:11:27+00:00,UAL584,28.4630126953125,-81.67273301344648,4800.6,229.04668773343568,190.7255599601534
2025-10-11 11:11:28+00:00,UAL584,28.462234497070312,-81.67378939115082,4808.22,228.93017554572543,191.06314415005133
2025-10-11 11:11:29+00:00,UAL584,28.460678100585938,-81.67584932767426,4823.46,229.03132270436333,191.45128669572475
2025-10-11 11:11:30+00:00,UAL584,28.460220336914062,-81.67643033541162,4823.46,229.03132270436333,191.45128669572475
2025-10-11 11:11:31+00:00,UAL584,28.458526611328125,-81.67864872859076,4838.7,229.03132270436333,191.45128669572475
2025-10-11 11:11:32+00:00,UAL584,28.45738220214844,-81.68012765737677,4853.9400000000005,229.03132270436333,191.45128669572475
2025-10-11 11:11:33+00:00,UAL584,28.456358828787074,-81.6814647001379,4861.56,229.1320602549526,191.8400234769902
2025-10-11 11:11:34+00:00,UAL584,28.455334679555083,-81.68275720932905,4876.8,229.1320602549526,191.8400234769902
2025-10-11 11:11:35+00:00,UAL584,28.454315185546875,-81.684089073768,4876.8,229.1320602549526,191.8400234769902
2025-10-11 11:11:36+00:00,UAL584,28.453170776367188,-81.68562082143927,4892.04,229.2323900615583,192.22935088876
2025-10-11 11:11:37+00:00,UAL584,28.45184326171875,-81.68738870059741,4907.280000000001,229.2323900615583,192.22935088876
2025-10-11 11:11:38+00:00,UAL584,28.45079040527344,-81.68873713566705,4914.900000000001,229.2323900615583,192.22935088876
2025-10-11 11:11:39+00:00,UAL584,28.450260485632946,-81.68943517348345,4930.14,229.21644640507583,192.954907995318
2025-10-11 11:11:40+00:00,UAL584,28.44863115730932,-81.69153550091914,4937.76,229.21644640507583,192.954907995318
2025-10-11 11:11:41+00:00,UAL584,28.447420799126057,-81.69320499195771,4945.38,229.21644640507583,192.954907995318
2025-10-11 11:11:42+00:00,UAL584,28.4464897543697,-81.69438979204966,4960.62,229.3160275198656,193.34472805189185
2025-10-11 11:11:43+00:00,UAL584,28.445372500662074,-81.6958438648897,4968.240000000001,229.3160275198656,193.34472805189185
2025-10-11 11:11:44+00:00,UAL584,28.443650067862816,-81.69810575597427,4975.860000000001,229.2006222046354,193.68047993116335
2025-10-11 11:11:45+00:00,UAL584,28.44295178429555,-81.69902128331802,4983.4800000000005,229.2998628201921,194.0702062594937
2025-10-11 11:11:46+00:00,UAL584,28.441726684570312,-81.70067420372595,4991.1,229.2998628201921,194.0702062594937
2025-10-11 11:11:47+00:00,UAL584,28.44057762016684,-81.70214484719668,5006.34,229.3987053549955,194.46051248029084
2025-10-11 11:11:48+00:00,UAL584,28.439529418945312,-81.70352642352765,5013.96,229.3987053549955,194.46051248029084
2025-10-11 11:11:49+00:00,UAL584,28.438385009765625,-81.70505817119891,5021.58,229.49715161466776,194.8513951088125
2025-10-11 11:11:50+00:00,UAL584,28.437132754568324,-81.70666862936582,5029.2,229.3823257729623,195.18591117704835
2025-10-11 11:11:51+00:00,UAL584,28.435775756835938,-81.70849139873798,5036.820000000001,229.3823257729623,195.18591117704835
2025-10-11 11:11:52+00:00,UAL584,28.43463134765625,-81.71002314640924,5052.06,229.48043964978515,195.5766972034912
2025-10-11 11:11:53+00:00,UAL584,28.43406030687235,-81.7107615751379,5052.06,229.48043964978515,195.5766972034912
2025-10-11 11:11:54+00:00,UAL584,28.432205200195312,-81.71319227952222,5067.3,229.48043964978515,195.5766972034912
2025-10-11 11:11:55+00:00,UAL584,28.43117406812765,-81.71458524816177,5074.92,229.5781619363429,195.96805444075784
2025-10-11 11:11:56+00:00,UAL584,28.430145263671875,-81.71593886155347,5090.16,229.4638511819684,196.30201581419928
2025-10-11 11:11:57+00:00,UAL584,28.428863525390625,-81.71762906588037,5097.780000000001,229.4638511819684,196.30201581419928
2025-10-11 11:11:58+00:00,UAL584,28.42758954581568,-81.71932444852939,5105.400000000001,229.5612461374368,196.69327540677685
2025-10-11 11:11:59+00:00,UAL584,28.427032470703125,-81.72005873460034,5113.02,229.4473848500905,197.0273507585349
2025-10-11 11:12:00+00:00,UAL584,28.425168829449152,-81.72250186695771,5128.26,229.4473848500905,197.0273507585349
2025-10-11 11:12:01+00:00,UAL584,28.424148559570312,-81.72386169433594,5135.88,229.33390947703435,197.36220157078105
2025-10-11 11:12:02+00:00,UAL584,28.423004150390625,-81.7253934420072,5143.5,229.33390947703435,197.36220157078105
2025-10-11 11:12:03+00:00,UAL584,28.421956725039724,-81.72681023092832,5151.12,229.33390947703435,197.36220157078105
2025-10-11 11:12:04+00:00,UAL584,28.42076110839844,-81.7282984806941,5158.740000000001,229.43103931291355,197.75270185676837
2025-10-11 11:12:05+00:00,UAL584,28.420074462890625,-81.72924922062799,5173.9800000000005,229.41481324872723,198.47806893179308
2025-10-11 11:12:06+00:00,UAL584,28.418930053710938,-81.73078096829926,5181.6,229.41481324872723,198.47806893179308
2025-10-11 11:12:07+00:00,UAL584,28.417648315429688,-81.73247117262616,5181.6,229.41481324872723,198.47806893179308
2025-10-11 11:12:08+00:00,UAL584,28.41645812988281,-81.73400292029748,5196.84,229.51123900843703,198.8690396723342
2025-10-11 11:12:09+00:00,UAL584,28.415313720703125,-81.73553466796875,5204.46,229.51123900843703,198.8690396723342
2025-10-11 11:12:10+00:00,UAL584,28.414135949086333,-81.73709644990811,5212.08,229.51123900843703,198.8690396723342
2025-10-11 11:12:11+00:00,UAL584,28.412972143140887,-81.73865823184741,5219.7,229.49481224754865,199.59432760279776
2025-10-11 11:12:12+00:00,UAL584,28.41180833719544,-81.74016615923716,5234.9400000000005,229.49481224754865,199.59432760279776
2025-10-11 11:12:13+00:00,UAL584,28.41055142677436,-81.7418895048254,5242.56,229.49481224754865,199.59432760279776
2025-10-11 11:12:14+00:00,UAL584,28.4093410685911,-81.7434512867647,5250.18,229.59054318560604,199.9857627808348
2025-10-11 11:12:15+00:00,UAL584,28.40817726264565,-81.74495921415439,5265.42,229.59054318560604,199.9857627808348
2025-10-11 11:12:16+00:00,UAL584,28.407153113413663,-81.74635943244488,5265.42,229.47850443921024,200.31963182061315
2025-10-11 11:12:17+00:00,UAL584,28.4059427552304,-81.74792121438418,5280.66,229.47850443921024,200.31963182061315
2025-10-11 11:12:18+00:00,UAL584,28.40492248535156,-81.7493203970102,5288.280000000001,229.47850443921024,200.31963182061315
2025-10-11 11:12:19+00:00,UAL584,28.40313720703125,-81.75164442795972,5303.52,229.46231429862453,201.0449521495021
2025-10-11 11:12:20+00:00,UAL584,28.40245056152344,-81.75259516789362,5311.14,229.46231429862453,201.0449521495021
2025-10-11 11:12:21+00:00,UAL584,28.40091511354608,-81.75459917853863,5318.76,229.46231429862453,201.0449521495021
2025-10-11 11:12:22+00:00,UAL584,28.39984441207627,-81.75605325137866,5326.38,229.46231429862453,201.0449521495021
2025-10-11 11:12:23+00:00,UAL584,28.39878845214844,-81.7574545053335,5341.62,229.46231429862453,201.0449521495021
2025-10-11 11:12:24+00:00,UAL584,28.397749561374468,-81.75885368795957,5349.240000000001,229.557419019714,201.43619609973652
2025-10-11 11:12:25+00:00,UAL584,28.39668273925781,-81.76025390625,5356.860000000001,229.557419019714,201.43619609973652
2025-10-11 11:12:26+00:00,UAL584,28.3948974609375,-81.76257793719952,5372.1,229.557419019714,201.43619609973652
2025-10-11 11:12:27+00:00,UAL584,28.39383917339777,-81.76396987017466,5387.34,229.557419019714,201.43619609973652
2025-10-11 11:12:28+00:00,UAL584,28.392791748046875,-81.76537733811597,5402.58,229.557419019714,201.43619609973652
2025-10-11 11:12:29+00:00,UAL584,28.3916015625,-81.76696190467248,5410.2,229.557419019714,201.43619609973652
2025-10-11 11:12:30+00:00,UAL584,28.39031982421875,-81.76870492788458,5417.820000000001,229.557419019714,201.43619609973652
2025-10-11 11:12:31+00:00,UAL584,28.38927705409163,-81.77010928883271,5433.06,229.557419019714,201.43619609973652
2025-10-11 11:12:32+00:00,UAL584,28.388066695908368,-81.77167107077207,5440.68,229.557419019714,201.43619609973652
2025-10-11 11:12:33+00:00,UAL584,28.386763233249468,-81.7733944163603,5455.92,229.557419019714,201.43619609973652
2025-10-11 11:12:34+00:00,UAL584,28.38583218849311,-81.77463307100186,5471.16,229.557419019714,201.43619609973652
2025-10-11 11:12:35+00:00,UAL584,28.384552001953125,-81.77636366624097,5486.400000000001,229.557419019714,201.43619609973652
2025-10-11 11:12:36+00:00,UAL584,28.383270263671875,-81.77805387056787,5494.02,229.557419019714,201.43619609973652
2025-10-11 11:12:37+00:00,UAL584,28.382080078125,-81.77963843712439,5509.26,229.557419019714,201.43619609973652
2025-10-11 11:12:38+00:00,UAL584,28.380990755760063,-81.78104176240811,5524.5,229.557419019714,201.43619609973652
2025-10-11 11:12:39+00:00,UAL584,28.379733845338983,-81.78276510799634,5539.740000000001,229.557419019714,201.43619609973652
2025-10-11 11:12:40+00:00,UAL584,28.37841796875,-81.78444495567908,5554.9800000000005,229.46231429862453,201.0449521495021
2025-10-11 11:12:41+00:00,UAL584,28.377359681210272,-81.785888671875,5562.6,229.3510779515739,201.3796935468565
2025-10-11 11:12:42+00:00,UAL584,28.37619587526483,-81.7873965992647,5577.84,229.3510779515739,201.3796935468565
2025-10-11 11:12:43+00:00,UAL584,28.374984741210938,-81.78898737980768,5585.46,229.3510779515739,201.3796935468565
2025-10-11 11:12:44+00:00,UAL584,28.373794555664062,-81.79051912747894,5600.700000000001,229.3510779515739,201.3796935468565
2025-10-11 11:12:45+00:00,UAL584,28.37310791015625,-81.79146986741284,5608.320000000001,229.3510779515739,201.3796935468565
2025-10-11 11:12:46+00:00,UAL584,28.37178039550781,-81.79316007173975,5623.56,229.14462374110428,201.32580425130973
2025-10-11 11:12:47+00:00,UAL584,28.370590209960938,-81.79474463829627,5631.18,229.03407194661256,201.66270417750388
2025-10-11 11:12:48+00:00,UAL584,28.369538905256885,-81.79612103630518,5646.42,228.82782802161933,201.6128286006848
2025-10-11 11:12:49+00:00,UAL584,28.36761474609375,-81.79860041691705,5661.66,228.82782802161933,201.6128286006848
2025-10-11 11:12:50+00:00,UAL584,28.366513009798727,-81.79999856387866,5669.280000000001,228.82782802161933,201.6128286006848
2025-10-11 11:12:51+00:00,UAL584,28.365463256835938,-81.8013998178335,5684.52,228.7179641033032,201.9518706663358
2025-10-11 11:12:52+00:00,UAL584,28.36399918895657,-81.80322983685664,5699.76,228.6214847041173,201.5655666701813
2025-10-11 11:12:53+00:00,UAL584,28.363533666578387,-81.80382223690259,5699.76,228.51194265169892,201.9059988747063
2025-10-11 11:12:54+00:00,UAL584,28.36170959472656,-81.80615351750299,5722.62,228.51194265169892,201.9059988747063
2025-10-11 11:12:55+00:00,UAL584,28.36097717285156,-81.80710425743689,5730.240000000001,228.51194265169892,201.9059988747063
2025-10-11 11:12:56+00:00,UAL584,28.359420776367188,-81.80905855618988,5745.4800000000005,228.51194265169892,201.9059988747063
2025-10-11 11:12:57+00:00,UAL584,28.358230590820312,-81.8106431227464,5760.72,228.4150472784642,201.5209202248989
2025-10-11 11:12:58+00:00,UAL584,28.35699462890625,-81.81217487041766,5768.34,228.4150472784642,201.5209202248989
2025-10-11 11:12:59+00:00,UAL584,28.355805995100635,-81.8136776194853,5783.58,228.3058302315497,201.86273878076145
2025-10-11 11:13:00+00:00,UAL584,28.354705810546875,-81.81507990910455,5791.200000000001,228.3058302315497,201.86273878076145
2025-10-11 11:13:01+00:00,UAL584,28.35338527873411,-81.81674732881436,5806.4400000000005,228.3058302315497,201.86273878076145
2025-10-11 11:13:02+00:00,UAL584,28.352783203125,-81.81756239670972,5814.06,228.3058302315497,201.86273878076145
2025-10-11 11:13:03+00:00,UAL584,28.351336980270126,-81.81938620174634,5821.68,228.3058302315497,201.86273878076145
2025-10-11 11:13:04+00:00,UAL584,28.35072326660156,-81.82015052208533,5829.3,228.4027697710617,202.24716660901024
2025-10-11 11:13:05+00:00,UAL584,28.349029541015625,-81.82231609637921,5852.16,228.4027697710617,202.24716660901024
2025-10-11 11:13:06+00:00,UAL584,28.348297119140625,-81.82321401742786,5852.16,228.4027697710617,202.24716660901024
2025-10-11 11:13:07+00:00,UAL584,28.34600830078125,-81.826171875,5875.02,228.4027697710617,202.24716660901024
2025-10-11 11:13:08+00:00,UAL584,28.34491277145127,-81.82757209329043,5890.26,228.4027697710617,202.24716660901024
2025-10-11 11:13:09+00:00,UAL584,28.34360930879237,-81.82924158432905,5897.88,228.4027697710617,202.24716660901024
2025-10-11 11:13:10+00:00,UAL584,28.342529296875,-81.83066148024335,5913.12,228.4993412125888,202.63217118694124
2025-10-11 11:13:11+00:00,UAL584,28.341796875,-81.83155940129205,5913.12,228.4993412125888,202.63217118694124
2025-10-11 11:13:12+00:00,UAL584,28.3399658203125,-81.83388343224158,5935.9800000000005,228.4993412125888,202.63217118694124
2025-10-11 11:13:13+00:00,UAL584,28.33886098053496,-81.8352732938879,5943.6,228.4993412125888,202.63217118694124
2025-10-11 11:13:14+00:00,UAL584,28.33753967285156,-81.83699974646936,5958.84,228.60846885256635,202.29165276934685
2025-10-11 11:13:15+00:00,UAL584,28.33648681640625,-81.83837303748498,5966.46,228.60846885256635,202.29165276934685
2025-10-11 11:13:16+00:00,UAL584,28.335250854492188,-81.83990478515625,5981.700000000001,228.60846885256635,202.29165276934685
2025-10-11 11:13:17+00:00,UAL584,28.33415920451536,-81.84130500344668,5989.320000000001,228.60846885256635,202.29165276934685
2025-10-11 11:13:18+00:00,UAL584,28.33296203613281,-81.84286264272833,6004.56,228.70462744207717,202.67787862510644
2025-10-11 11:13:19+00:00,UAL584,28.332000732421875,-81.84407747708832,6012.18,228.70462744207717,202.67787862510644
2025-10-11 11:13:20+00:00,UAL584,28.330307006835938,-81.8462430513822,6027.42,228.70462744207717,202.67787862510644
2025-10-11 11:13:21+00:00,UAL584,28.32969018968485,-81.84706744025738,6035.04,228.70462744207717,202.67787862510644
2025-10-11 11:13:22+00:00,UAL584,28.327789306640625,-81.84951782226562,6050.280000000001,228.70462744207717,202.67787862510644
2025-10-11 11:13:23+00:00,UAL584,28.32671084646451,-81.85094496783091,6057.900000000001,228.80041997765824,203.06467317840156
2025-10-11 11:13:24+00:00,UAL584,28.325592041015625,-81.85231722318207,6073.14,228.80041997765824,203.06467317840156
2025-10-11 11:13:25+00:00,UAL584,28.324539184570312,-81.85374333308295,6080.76,228.80041997765824,203.06467317840156
2025-10-11 11:13:26+00:00,UAL584,28.32330322265625,-81.85527508075421,6088.38,228.80041997765824,203.06467317840156
2025-10-11 11:13:27+00:00,UAL584,28.32211303710937,-81.85685964731067,6103.62,228.89584801308752,203.45203318567977
2025-10-11 11:13:28+00:00,UAL584,28.32079871226165,-81.85853845932905,6111.240000000001,228.89584801308752,203.45203318567977
2025-10-11 11:13:29+00:00,UAL584,28.319595336914062,-81.8601344181941,6118.860000000001,229.1002107122912,203.5027584885757
2025-10-11 11:13:30+00:00,UAL584,28.318405151367188,-81.86171898475061,6134.1,229.304468960508,203.55607145955807
2025-10-11 11:13:31+00:00,UAL584,28.31730729442532,-81.8631160960478,6141.72,229.7126516897885,203.6704521789468
2025-10-11 11:13:32+00:00,UAL584,28.316050384004235,-81.86489329618564,6156.96,230.32401526402649,203.86137683176435
2025-10-11 11:13:33+00:00,UAL584,28.315352100436968,-81.86586267807905,6164.58,231.04648566961347,203.75164948882903
2025-10-11 11:13:34+00:00,UAL584,28.31410217285156,-81.86768751878003,6172.200000000001,231.85899761707145,204.0787093121259
2025-10-11 11:13:35+00:00,UAL584,28.31302448854608,-81.86930936925552,6179.820000000001,232.69605172201656,203.72566987066995
2025-10-11 11:13:36+00:00,UAL584,28.311813354492188,-81.87117356520429,6195.06,233.62177541967844,203.8302176752605
2025-10-11 11:13:37+00:00,UAL584,28.310714721679688,-81.872810950646,6210.3,234.3446719020997,203.86851680105764
2025-10-11 11:13:38+00:00,UAL584,28.3096727274232,-81.87453326056988,6217.92,235.185842784057,203.64511199201505
2025-10-11 11:13:39+00:00,UAL584,28.308563232421875,-81.87640263484076,6233.160000000001,235.9087080835408,203.75359782665447
2025-10-11 11:13:40+00:00,UAL584,28.30755615234375,-81.87814565805286,6248.400000000001,236.7515870582733,203.61197006599195
2025-10-11 11:13:41+00:00,UAL584,28.30645751953125,-81.88009995680585,6256.02,237.47334230584536,203.79061270619607
2025-10-11 11:13:42+00:00,UAL584,28.305576130495236,-81.88169591567095,6271.26,238.1937192071861,204.0015341403981
2025-10-11 11:13:43+00:00,UAL584,28.304831294690143,-81.88309613396143,6278.88,238.8378173191804,203.80424807245475
2025-10-11 11:13:44+00:00,UAL584,28.30390024993379,-81.88487333409927,6294.12,239.5564243200743,204.0761156627268
2025-10-11 11:13:45+00:00,UAL584,28.3028761007018,-81.88686595243564,6309.360000000001,240.2013366980341,203.9334141468159
2025-10-11 11:13:46+00:00,UAL584,28.3018798828125,-81.88886789175177,6316.9800000000005,240.84707031551667,203.81658404637304
2025-10-11 11:13:47+00:00,UAL584,28.301107115664724,-81.89047420726104,6332.22,241.562360379546,204.1778916698892
2025-10-11 11:13:48+00:00,UAL584,28.300176070908368,-81.89252068014707,6339.84,242.2078311720741,204.11566523509148
2025-10-11 11:13:49+00:00,UAL584,28.299224853515625,-81.89457233135516,6355.08,242.8536136251276,204.0793577193253
2025-10-11 11:13:50+00:00,UAL584,28.298500190346928,-81.89623664407168,6362.700000000001,243.4995438119168,204.0689829569064
2025-10-11 11:13:51+00:00,UAL584,28.29771423339844,-81.89811119666467,6377.9400000000005,244.208298204855,204.54761816750067
2025-10-11 11:13:52+00:00,UAL584,28.29701051873676,-81.89979104434741,6385.56,244.85255279179185,204.59160412093868
2025-10-11 11:13:53+00:00,UAL584,28.29624938964844,-81.90170288085938,6393.18,245.62763507759647,204.4486151719787
2025-10-11 11:13:54+00:00,UAL584,28.29547119140625,-81.90360436072717,6408.42,245.62763507759647,204.4486151719787
2025-10-11 11:13:55+00:00,UAL584,28.29482256355932,-81.90533806295957,6416.04,246.9148663271917,204.67631512023007
2025-10-11 11:13:56+00:00,UAL584,28.294077727754235,-81.90743839039521,6423.660000000001,247.74493057099272,205.10902279694287
2025-10-11 11:13:57+00:00,UAL584,28.293182373046875,-81.90999544583832,6438.900000000001,248.38522105721376,205.2947422363953
2025-10-11 11:13:58+00:00,UAL584,28.292770385742188,-81.91115746131311,6446.52,249.02427447850064,205.50605161956813
2025-10-11 11:13:59+00:00,UAL584,28.29212951660156,-81.9131117600661,6454.14,249.79638483167489,205.56463859700185
2025-10-11 11:14:00+00:00,UAL584,28.291377697960804,-81.91546271829043,6469.38,250.3847979647542,205.34758996758924
2025-10-11 11:14:01+00:00,UAL584,28.290847778320312,-81.91723163311298,6477.0,251.15677462305297,205.4719218358567
2025-10-11 11:14:02+00:00,UAL584,28.290252685546875,-81.91923875075116,6492.240000000001,251.79151552941917,205.7936757470657
2025-10-11 11:14:03+00:00,UAL584,28.289703369140625,-81.9212458683894,6499.860000000001,252.56061222738612,205.9858444495642
2025-10-11 11:14:04+00:00,UAL584,28.28901672363281,-81.92383399376502,6515.1,253.1499055701285,205.8708218592055
2025-10-11 11:14:05+00:00,UAL584,28.28851318359375,-81.92589393028845,6522.72,253.1499055701285,205.8708218592055
2025-10-11 11:14:06+00:00,UAL584,28.28807248907574,-81.92768770105698,6530.34,254.5446347395697,206.55935603125715
2025-10-11 11:14:07+00:00,UAL584,28.28759765625,-81.92974970890924,6537.96,255.27097554929009,206.38631581134663
2025-10-11 11:14:08+00:00,UAL584,28.287139892578125,-81.93175682654748,6545.58,255.89464223566475,206.87046367668765
2025-10-11 11:14:09+00:00,UAL584,28.28672790527344,-81.93381676307092,6560.820000000001,256.62071012510967,206.75913325494977
2025-10-11 11:14:10+00:00,UAL584,28.28644316075212,-81.93506577435664,6560.820000000001,257.2398512350464,207.2960380538237
2025-10-11 11:14:11+00:00,UAL584,28.285858154296875,-81.93814791165863,6576.06,257.68693654101054,207.4632169365113
2025-10-11 11:14:12+00:00,UAL584,28.28551211599576,-81.9400203929228,6583.68,257.9648432269205,207.24624119085905
2025-10-11 11:14:13+00:00,UAL584,28.285125732421875,-81.94205650916467,6591.3,258.27226419129767,207.53782965824536
2025-10-11 11:14:14+00:00,UAL584,28.28476728019068,-81.94395177504595,6598.92,258.27226419129767,207.53782965824536
2025-10-11 11:14:15+00:00,UAL584,28.284393310546875,-81.94580665001502,6606.54,258.13327475737896,207.6430071614797
2025-10-11 11:14:16+00:00,UAL584,28.283981323242188,-81.94807786207929,6621.780000000001,258.02386755579664,208.25262457355635
2025-10-11 11:14:17+00:00,UAL584,28.283603474245236,-81.94992963005518,6629.400000000001,257.8854823514268,208.35998160898984
2025-10-11 11:14:18+00:00,UAL584,28.28323105634269,-81.95197610294116,6637.02,257.8854823514268,208.35998160898984
2025-10-11 11:14:19+00:00,UAL584,28.28281208620233,-81.95407643037686,6644.64,257.7472404844526,208.46855286992528
2025-10-11 11:14:20+00:00,UAL584,28.282393116061968,-81.95633832146143,6652.26,257.7472404844526,208.46855286992528
2025-10-11 11:14:21+00:00,UAL584,28.28197414592161,-81.95843864889707,6659.88,257.6091433393191,208.57833646024068
2025-10-11 11:14:22+00:00,UAL584,28.281646728515625,-81.96027902456427,6667.5,257.6393939892997,209.08082641750343
2025-10-11 11:14:23+00:00,UAL584,28.28122931011652,-81.96237003102021,6675.12,257.6393939892997,209.08082641750343
2025-10-11 11:14:24+00:00,UAL584,28.280776977539062,-81.96466299203723,6682.740000000001,257.6393939892997,209.08082641750343
2025-10-11 11:14:25+00:00,UAL584,28.280391369835804,-81.96673224954043,6697.9800000000005,257.6393939892997,209.08082641750343
2025-10-11 11:14:26+00:00,UAL584,28.27997239969544,-81.96883257697613,6705.6,257.6393939892997,209.08082641750343
2025-10-11 11:14:27+00:00,UAL584,28.27964653403072,-81.9705020680147,6713.22,257.6393939892997,209.08082641750343
2025-10-11 11:14:28+00:00,UAL584,28.279312133789062,-81.97237454927881,6720.84,257.6694995750397,209.58337437781017
2025-10-11 11:14:29+00:00,UAL584,28.27880859375,-81.97486428653491,6728.46,257.6694995750397,209.58337437781017
2025-10-11 11:14:30+00:00,UAL584,28.27838962360964,-81.97696461397061,6743.700000000001,257.6694995750397,209.58337437781017
2025-10-11 11:14:31+00:00,UAL584,28.278017205707098,-81.97906494140625,6751.320000000001,257.6694995750397,209.58337437781017
2025-10-11 11:14:32+00:00,UAL584,28.27759823556673,-81.98111141429229,6758.9400000000005,257.6694995750397,209.58337437781017
2025-10-11 11:14:33+00:00,UAL584,28.27713271318856,-81.98342715992646,6766.56,257.5624517509935,210.1961778223132
2025-10-11 11:14:34+00:00,UAL584,28.27670288085937,-81.98573772723859,6774.18,257.5624517509935,210.1961778223132
2025-10-11 11:14:35+00:00,UAL584,28.27634132514565,-81.9876278147978,6781.8,257.5624517509935,210.1961778223132
2025-10-11 11:14:36+00:00,UAL584,28.275922355005296,-81.98967428768384,6789.42,257.59258147259925,210.69857764538705
2025-10-11 11:14:37+00:00,UAL584,28.27574157714844,-81.99075552133411,6797.04,257.59258147259925,210.69857764538705
2025-10-11 11:14:38+00:00,UAL584,28.27522407143803,-81.99328254250918,6804.660000000001,257.59258147259925,210.69857764538705
2025-10-11 11:14:39+00:00,UAL584,28.27480510129767,-81.99554443359375,6812.280000000001,257.6225678422396,211.201035456096
2025-10-11 11:14:40+00:00,UAL584,28.27427673339844,-81.99830862192005,6819.900000000001,257.6225678422396,211.201035456096
2025-10-11 11:14:41+00:00,UAL584,28.27386474609375,-82.00042137732873,6827.52,257.6524118642417,211.7035508415561
2025-10-11 11:14:42+00:00,UAL584,28.273641295352224,-82.00146843405332,6835.14,257.6524118642417,211.7035508415561
2025-10-11 11:14:43+00:00,UAL584,28.272994995117188,-82.0048053448017,6842.76,257.6524118642417,211.7035508415561
2025-10-11 11:14:44+00:00,UAL584,28.272674560546875,-82.0064955491286,6850.38,257.6524118642417,211.7035508415561
2025-10-11 11:14:45+00:00,UAL584,28.27229128045551,-82.00841567095591,6858.0,257.68211453372896,212.20612339274712
2025-10-11 11:14:46+00:00,UAL584,28.271896362304688,-82.01050978440503,6865.620000000001,257.68211453372896,212.20612339274712
2025-10-11 11:14:47+00:00,UAL584,28.271484375,-82.01262253981366,6873.240000000001,257.68211453372896,212.20612339274712
2025-10-11 11:14:48+00:00,UAL584,28.271127474510063,-82.01450123506436,6888.4800000000005,257.68211453372896,212.20612339274712
2025-10-11 11:14:49+00:00,UAL584,28.270661952131885,-82.01687083524814,6896.1,257.68211453372896,212.20612339274712
2025-10-11 11:14:50+00:00,UAL584,28.27024298199152,-82.01897116268384,6903.72,257.68211453372896,212.20612339274712
2025-10-11 11:14:51+00:00,UAL584,28.269824011851163,-82.02107149011948,6911.34,257.7116768367247,212.70875270446808
2025-10-11 11:14:52+00:00,UAL584,28.26947021484375,-82.0229750413161,6918.96,257.7116768367247,212.70875270446808
2025-10-11 11:14:53+00:00,UAL584,28.26898607157044,-82.02554141773896,6934.200000000001,257.7116768367247,212.70875270446808
2025-10-11 11:14:54+00:00,UAL584,28.268567101430083,-82.02764174517466,6941.820000000001,257.7116768367247,212.70875270446808
2025-10-11 11:14:55+00:00,UAL584,28.26824123576536,-82.02931123621323,6949.4400000000005,257.7410997502534,213.2114383752935
2025-10-11 11:14:56+00:00,UAL584,28.267868041992188,-82.03142606295069,6957.06,257.7410997502534,213.2114383752935
2025-10-11 11:14:57+00:00,UAL584,28.26740329548464,-82.03378116383271,6964.68,257.7410997502534,213.2114383752935
2025-10-11 11:14:58+00:00,UAL584,28.26695251464844,-82.03612694373498,6972.3,257.7410997502534,213.2114383752935
2025-10-11 11:14:59+00:00,UAL584,28.26649475097656,-82.03845097468451,6979.92,257.7703842424421,213.71418000752988
2025-10-11 11:15:00+00:00,UAL584,28.266082763671875,-82.04056373009314,6987.54,257.7703842424421,213.71418000752988
2025-10-11 11:15:01+00:00,UAL584,28.2657274149232,-82.04250560087314,6995.160000000001,257.7703842424421,213.71418000752988
2025-10-11 11:15:02+00:00,UAL584,28.265401549258478,-82.04417509191177,7002.780000000001,257.7703842424421,213.71418000752988
2025-10-11 11:15:03+00:00,UAL584,28.264936026880296,-82.04654469209561,7010.400000000001,257.7703842424421,213.71418000752988
2025-10-11 11:15:04+00:00,UAL584,28.264572143554688,-82.04843374399036,7018.02,257.7703842424421,213.71418000752988
2025-10-11 11:15:05+00:00,UAL584,28.26416015625,-82.05059931828424,7033.26,257.7995312726192,214.21697720717293
2025-10-11 11:15:06+00:00,UAL584,28.26377222093485,-82.05268411075366,7040.88,257.7995312726192,214.21697720717293
2025-10-11 11:15:07+00:00,UAL584,28.26324462890625,-82.05545865572412,7048.5,257.7995312726192,214.21697720717293
2025-10-11 11:15:08+00:00,UAL584,28.263027385129767,-82.0565616383272,7056.120000000001,257.7995312726192,214.21697720717293
2025-10-11 11:15:09+00:00,UAL584,28.26255798339844,-82.05910315880408,7063.740000000001,257.7995312726192,214.21697720717293
2025-10-11 11:15:10+00:00,UAL584,28.26214599609375,-82.06121591421271,7078.9800000000005,257.7995312726192,214.21697720717293
2025-10-11 11:15:11+00:00,UAL584,28.261550903320312,-82.06422659067005,7086.6,257.9340879177886,214.10884875146957
2025-10-11 11:15:12+00:00,UAL584,28.26118469238281,-82.06612807053784,7094.22,257.9340879177886,214.10884875146957
2025-10-11 11:15:13+00:00,UAL584,28.260818481445312,-82.06829364483173,7109.46,257.9340879177886,214.10884875146957
2025-10-11 11:15:14+00:00,UAL584,28.260406494140625,-82.07040640024036,7117.08,257.96279767963426,214.61195448163065
2025-10-11 11:15:15+00:00,UAL584,28.260141146385063,-82.07169476677393,7124.700000000001,257.96279767963426,214.61195448163065
2025-10-11 11:15:16+00:00,UAL584,28.259675624006885,-82.07422593060664,7132.320000000001,257.96279767963426,214.61195448163065
2025-10-11 11:15:17+00:00,UAL584,28.25925665386652,-82.07638011259189,7139.9400000000005,257.96279767963426,214.61195448163065
2025-10-11 11:15:18+00:00,UAL584,28.258837683726163,-82.07874971277573,7155.18,257.96279767963426,214.61195448163065
2025-10-11 11:15:19+00:00,UAL584,28.25839233398437,-82.08107581505408,7162.8,257.96279767963426,214.61195448163065
2025-10-11 11:15:20+00:00,UAL584,28.25799974344544,-82.08300422219668,7170.42,257.96279767963426,214.61195448163065
2025-10-11 11:15:21+00:00,UAL584,28.257797241210938,-82.08408649151141,7178.04,257.96279767963426,214.61195448163065
2025-10-11 11:15:22+00:00,UAL584,28.257161803164724,-82.08747414981616,7193.280000000001,257.96279767963426,214.61195448163065
2025-10-11 11:15:23+00:00,UAL584,28.25669860839844,-82.08984375,7200.900000000001,257.96279767963426,214.61195448163065
2025-10-11 11:15:24+00:00,UAL584,28.256332397460938,-82.09195650540863,7208.52,257.96279767963426,214.61195448163065
2025-10-11 11:15:25+00:00,UAL584,28.256091101694917,-82.09329044117646,7216.14,257.96279767963426,214.61195448163065
2025-10-11 11:15:26+00:00,UAL584,28.255645751953125,-82.09560100848859,7223.76,257.96279767963426,214.61195448163065
2025-10-11 11:15:27+00:00,UAL584,28.25523376464844,-82.09776658278241,7239.0,257.9913731429963,215.1151138447264
2025-10-11 11:15:28+00:00,UAL584,28.25477600097656,-82.10009061373194,7246.620000000001,257.9913731429963,215.1151138447264
2025-10-11 11:15:29+00:00,UAL584,28.254415221133478,-82.10201487821689,7254.240000000001,257.9913731429963,215.1151138447264
2025-10-11 11:15:30+00:00,UAL584,28.25390625,-82.10479149451623,7269.48,257.9913731429963,215.1151138447264
2025-10-11 11:15:31+00:00,UAL584,28.253530728614937,-82.10675407858457,7277.1,257.9913731429963,215.1151138447264
2025-10-11 11:15:32+00:00,UAL584,28.25306520623676,-82.10906982421875,7284.72,257.9913731429963,215.1151138447264
2025-10-11 11:15:33+00:00,UAL584,28.252899169921875,-82.11017902080829,7292.34,257.9913731429963,215.1151138447264
2025-10-11 11:15:34+00:00,UAL584,28.252273818193856,-82.11337818818936,7307.58,257.9913731429963,215.1151138447264
2025-10-11 11:15:35+00:00,UAL584,28.252029418945312,-82.1146686260517,7315.200000000001,257.9913731429963,215.1151138447264
2025-10-11 11:15:36+00:00,UAL584,28.25152898238877,-82.11741727941177,7330.44,257.9913731429963,215.1151138447264
2025-10-11 11:15:37+00:00,UAL584,28.25115966796875,-82.11936950683594,7338.06,257.9913731429963,215.1151138447264
2025-10-11 11:15:38+00:00,UAL584,28.250737594345868,-82.12151022518384,7345.68,257.9913731429963,215.1151138447264
2025-10-11 11:15:39+00:00,UAL584,28.25038146972656,-82.12343656099756,7353.3,257.9913731429963,215.1151138447264
2025-10-11 11:15:40+00:00,UAL584,28.249946206302965,-82.12576473460479,7360.92,257.9913731429963,215.1151138447264
2025-10-11 11:15:41+00:00,UAL584,28.24946594238281,-82.1283487173227,7368.54,257.9913731429963,215.1151138447264
2025-10-11 11:15:42+00:00,UAL584,28.249061713784428,-82.13028851677393,7376.160000000001,258.01981523389145,215.61832646528907
2025-10-11 11:15:43+00:00,UAL584,28.24873352050781,-82.13220449594348,7383.780000000001,258.01981523389145,215.61832646528907
2025-10-11 11:15:44+00:00,UAL584,28.24836343021716,-82.13416604434741,7391.400000000001,258.01981523389145,215.61832646528907
2025-10-11 11:15:45+00:00,UAL584,28.247897907838983,-82.13653564453125,7399.02,258.01981523389145,215.61832646528907
2025-10-11 11:15:46+00:00,UAL584,28.24757204217426,-82.13820513556988,7406.64,258.01981523389145,215.61832646528907
2025-10-11 11:15:47+00:00,UAL584,28.247199624271715,-82.14035931755518,7414.26,258.01981523389145,215.61832646528907
2025-10-11 11:15:48+00:00,UAL584,28.246594445180083,-82.14359059053311,7429.5,258.01981523389145,215.61832646528907
2025-10-11 11:15:49+00:00,UAL584,28.24626857951536,-82.14531393612134,7437.120000000001,258.01981523389145,215.61832646528907
2025-10-11 11:15:50+00:00,UAL584,28.245849609375,-82.14746811810664,7452.360000000001,258.01981523389145,215.61832646528907
2025-10-11 11:15:51+00:00,UAL584,28.24561684818591,-82.1487606272978,7452.360000000001,258.01981523389145,215.61832646528907
2025-10-11 11:15:52+00:00,UAL584,28.24501166909428,-82.15193804572613,7467.6,257.88615705443567,215.725698324958
2025-10-11 11:15:53+00:00,UAL584,28.244796752929688,-82.15301513671875,7475.22,257.88615705443567,215.725698324958
2025-10-11 11:15:54+00:00,UAL584,28.244266833289192,-82.15581557329966,7482.84,257.88615705443567,215.725698324958
2025-10-11 11:15:55+00:00,UAL584,28.243881225585938,-82.15798011192908,7490.46,257.88615705443567,215.725698324958
2025-10-11 11:15:56+00:00,UAL584,28.24347544524629,-82.15990851907168,7498.08,257.9147636572826,216.2287139265076
2025-10-11 11:15:57+00:00,UAL584,28.24310302734375,-82.16206270105698,7505.700000000001,257.9147636572826,216.2287139265076
2025-10-11 11:15:58+00:00,UAL584,28.24263750496557,-82.16443230124082,7513.320000000001,257.9147636572826,216.2287139265076
2025-10-11 11:15:59+00:00,UAL584,28.24227905273437,-82.16637831467847,7520.94,257.9147636572826,216.2287139265076
2025-10-11 11:16:00+00:00,UAL584,28.241892669160485,-82.16830982881436,7528.56,257.9432374661674,216.731783179326
2025-10-11 11:16:01+00:00,UAL584,28.241520251257946,-82.17046401079966,7536.18,257.9432374661674,216.731783179326
2025-10-11 11:16:02+00:00,UAL584,28.241054728879767,-82.17283361098345,7543.8,257.9432374661674,216.731783179326
2025-10-11 11:16:03+00:00,UAL584,28.24067687988281,-82.17477651742786,7551.42,257.9432374661674,216.731783179326
2025-10-11 11:16:04+00:00,UAL584,28.24030989307468,-82.17671113855698,7559.04,257.9432374661674,216.731783179326
2025-10-11 11:16:05+00:00,UAL584,28.239898681640625,-82.17884357158954,7566.660000000001,257.9432374661674,216.731783179326
2025-10-11 11:16:06+00:00,UAL584,28.23934936523437,-82.18185424804688,7581.900000000001,257.9432374661674,216.731783179326
2025-10-11 11:16:07+00:00,UAL584,28.23886677370233,-82.18425077550552,7589.52,257.9432374661674,216.731783179326
2025-10-11 11:16:08+00:00,UAL584,28.238525390625,-82.18618539663458,7597.14,257.9432374661674,216.731783179326
2025-10-11 11:16:09+00:00,UAL584,28.238113403320312,-82.18835097092847,7604.76,257.97157938964074,217.23490571067893
2025-10-11 11:16:10+00:00,UAL584,28.23765563964844,-82.19072782076319,7612.38,257.83893935585934,217.34269662099217
2025-10-11 11:16:11+00:00,UAL584,28.23728399761652,-82.1927059397978,7620.0,257.83893935585934,217.34269662099217
2025-10-11 11:16:12+00:00,UAL584,28.236865027476163,-82.19486012178311,7620.0,257.83893935585934,217.34269662099217
2025-10-11 11:16:13+00:00,UAL584,28.23646545410156,-82.19701326810394,7627.620000000001,257.8674426451054,217.84562308841575
2025-10-11 11:16:14+00:00,UAL584,28.236053466796875,-82.19917884239783,7635.240000000001,257.8674426451054,217.84562308841575
2025-10-11 11:16:15+00:00,UAL584,28.23573303222656,-82.20092186560998,7642.860000000001,257.8674426451054,217.84562308841575
2025-10-11 11:16:16+00:00,UAL584,28.235275268554688,-82.2032987154447,7650.48,257.8674426451054,217.84562308841575
2025-10-11 11:16:17+00:00,UAL584,28.23486328125,-82.20546428973859,7658.1,257.89581462300504,218.34860322047828
2025-10-11 11:16:18+00:00,UAL584,28.234490863347457,-82.20740823184741,7658.1,257.89581462300504,218.34860322047828
2025-10-11 11:16:19+00:00,UAL584,28.23402534096928,-82.20983168658091,7673.34,257.89581462300504,218.34860322047828
2025-10-11 11:16:20+00:00,UAL584,28.233673095703125,-82.21174973707929,7680.96,257.89581462300504,218.34860322047828
2025-10-11 11:16:21+00:00,UAL584,28.233280505164192,-82.21370921415439,7680.96,257.89581462300504,218.34860322047828
2025-10-11 11:16:22+00:00,UAL584,28.232861535023837,-82.2158633961397,7696.200000000001,257.89581462300504,218.34860322047828
2025-10-11 11:16:23+00:00,UAL584,28.2322563559322,-82.21914852366729,7703.820000000001,257.89581462300504,218.34860322047828
2025-10-11 11:16:24+00:00,UAL584,28.23207014698093,-82.22001019646143,7703.820000000001,257.89581462300504,218.34860322047828
2025-10-11 11:16:25+00:00,UAL584,28.231697729078387,-82.22221823299634,7711.44,257.89581462300504,218.34860322047828
2025-10-11 11:16:26+00:00,UAL584,28.23104599774894,-82.22544950597427,7726.68,257.92405618105846,218.85163664717217
2025-10-11 11:16:27+00:00,UAL584,28.2308349609375,-82.22653902493988,7726.68,257.92405618105846,218.85163664717217
2025-10-11 11:16:28+00:00,UAL584,28.23039426641949,-82.2289500517004,7734.3,257.9521682028425,219.35472300184503
2025-10-11 11:16:29+00:00,UAL584,28.22978908732786,-82.23223517922793,7741.92,257.9521682028425,219.35472300184503
2025-10-11 11:16:30+00:00,UAL584,28.229415893554688,-82.23419776329627,7749.54,257.9521682028425,219.35472300184503
2025-10-11 11:16:31+00:00,UAL584,28.22914123535156,-82.2355182354267,7749.54,257.98015156409633,219.857861921162
2025-10-11 11:16:32+00:00,UAL584,28.228546142578125,-82.23879300631006,7764.780000000001,257.98015156409633,219.857861921162
2025-10-11 11:16:33+00:00,UAL584,28.228159759004235,-82.24074419806988,7764.780000000001,257.98015156409633,219.857861921162
2025-10-11 11:16:34+00:00,UAL584,28.227926997815143,-82.24209056181064,7772.400000000001,257.98015156409633,219.857861921162
2025-10-11 11:16:35+00:00,UAL584,28.227508027674787,-82.24424474379595,7780.02,258.0080071328071,220.36105304506864
2025-10-11 11:16:36+00:00,UAL584,28.226902848583155,-82.24752987132354,7787.64,258.0080071328071,220.36105304506864
2025-10-11 11:16:37+00:00,UAL584,28.22666931152344,-82.24861731896033,7795.26,258.0080071328071,220.36105304506864
2025-10-11 11:16:38+00:00,UAL584,28.22625732421875,-82.2508357121394,7802.88,258.0080071328071,220.36105304506864
2025-10-11 11:16:39+00:00,UAL584,28.225799560546875,-82.25326538085938,7802.88,258.0080071328071,220.36105304506864
2025-10-11 11:16:40+00:00,UAL584,28.225387573242188,-82.25543095515326,7810.5,258.0357357692939,220.8642960167547
2025-10-11 11:16:41+00:00,UAL584,28.224947654594807,-82.25786994485293,7818.120000000001,258.0357357692939,220.8642960167547
2025-10-11 11:16:42+00:00,UAL584,28.224517822265625,-82.26007901705225,7825.740000000001,258.0357357692939,220.8642960167547
2025-10-11 11:16:43+00:00,UAL584,28.224156266551905,-82.26201674517466,7833.360000000001,257.93312860192486,221.47456498816152
2025-10-11 11:16:44+00:00,UAL584,28.223737296411542,-82.26422478170957,7840.98,257.93312860192486,221.47456498816152
2025-10-11 11:16:45+00:00,UAL584,28.223364878509003,-82.26621740004595,7840.98,257.93312860192486,221.47456498816152
2025-10-11 11:16:46+00:00,UAL584,28.222945908368644,-82.26842543658091,7848.6,257.93312860192486,221.47456498816152
2025-10-11 11:16:47+00:00,UAL584,28.22252693822828,-82.27063347311582,7856.22,257.9608878839777,221.9776680277929
2025-10-11 11:16:48+00:00,UAL584,28.222091674804688,-82.27307246281549,7863.84,257.9608878839777,221.9776680277929
2025-10-11 11:16:49+00:00,UAL584,28.22163391113281,-82.27550213153546,7871.46,257.9608878839777,221.9776680277929
2025-10-11 11:16:50+00:00,UAL584,28.221176147460938,-82.27772052471454,7879.080000000001,257.9608878839777,221.9776680277929
2025-10-11 11:16:51+00:00,UAL584,28.220711400953387,-82.28016572840073,7886.700000000001,257.831085670091,222.0855403418481
2025-10-11 11:16:52+00:00,UAL584,28.22030639648437,-82.28236858661359,7886.700000000001,257.8589993660291,222.58845140876147
2025-10-11 11:16:53+00:00,UAL584,28.219920012910485,-82.28436638327207,7894.320000000001,257.8589993660291,222.58845140876147
2025-10-11 11:16:54+00:00,UAL584,28.219528198242188,-82.28633000300482,7901.94,257.8589993660291,222.58845140876147
2025-10-11 11:16:55+00:00,UAL584,28.219070434570312,-82.28875967172473,7909.56,257.8589993660291,222.58845140876147
2025-10-11 11:16:56+00:00,UAL584,28.218709654727224,-82.29077507467832,7909.56,257.8867872046656,223.09141506886533
2025-10-11 11:16:57+00:00,UAL584,28.218338012695312,-82.29277390700116,7917.18,257.8867872046656,223.09141506886533
2025-10-11 11:16:58+00:00,UAL584,28.21783447265625,-82.29541485126202,7917.18,257.8867872046656,223.09141506886533
2025-10-11 11:16:59+00:00,UAL584,28.217330932617188,-82.29789733886719,7924.8,257.9144500223001,223.59443096724303
2025-10-11 11:17:00+00:00,UAL584,28.217010498046875,-82.29964036207929,7924.8,257.9144500223001,223.59443096724303
2025-10-11 11:17:01+00:00,UAL584,28.216568251787606,-82.30186911190259,7924.8,257.78560847852765,223.70270671294327
2025-10-11 11:17:02+00:00,UAL584,28.2161865234375,-82.30386587289661,7924.8,257.8134228421162,224.2055315510566
2025-10-11 11:17:03+00:00,UAL584,28.21563720703125,-82.30676987591914,7924.8,257.8134228421162,224.2055315510566
2025-10-11 11:17:04+00:00,UAL584,28.21527099609375,-82.30877802922174,7924.8,257.8134228421162,224.2055315510566
2025-10-11 11:17:05+00:00,UAL584,28.214845818988348,-82.31102438534009,7924.8,257.8134228421162,224.2055315510566
2025-10-11 11:17:06+00:00,UAL584,28.21444702148437,-82.31300354003906,7924.8,257.8134228421162,224.2055315510566
2025-10-11 11:17:07+00:00,UAL584,28.214035034179688,-82.31527475210333,7924.8,257.8134228421162,224.2055315510566
2025-10-11 11:17:08+00:00,UAL584,28.21357727050781,-82.3177044208233,7924.8,257.8134228421162,224.2055315510566
2025-10-11 11:17:09+00:00,UAL584,28.213119506835938,-82.31992281400238,7924.8,257.8134228421162,224.2055315510566
2025-10-11 11:17:10+00:00,UAL584,28.21265786381091,-82.3223876953125,7924.8,257.8134228421162,224.2055315510566
2025-10-11 11:17:11+00:00,UAL584,28.21223889367055,-82.32459573184741,7924.8,257.8134228421162,224.2055315510566
2025-10-11 11:17:12+00:00,UAL584,28.2117919921875,-82.32684208796576,7924.8,257.8134228421162,224.2055315510566
2025-10-11 11:17:13+00:00,UAL584,28.21135440115201,-82.32928107766543,7924.8,257.8134228421162,224.2055315510566
2025-10-11 11:17:14+00:00,UAL584,28.210981983249468,-82.33105827780332,7924.8,257.8134228421162,224.2055315510566
2025-10-11 11:17:15+00:00,UAL584,28.21051646087129,-82.33353558708643,7924.8,257.6849815207256,224.31469215029588
2025-10-11 11:17:16+00:00,UAL584,28.21009749073093,-82.33574362362134,7924.8,257.6849815207256,224.31469215029588
2025-10-11 11:17:17+00:00,UAL584,28.209640502929688,-82.33819814828723,7924.8,257.6849815207256,224.31469215029588
2025-10-11 11:17:18+00:00,UAL584,28.209136962890625,-82.3406806358924,7924.8,257.5283024433908,223.9226468420193
2025-10-11 11:17:19+00:00,UAL584,28.208816528320312,-82.34242365910455,7924.8,257.5283024433908,223.9226468420193
2025-10-11 11:17:20+00:00,UAL584,28.20835876464844,-82.34464205228363,7924.8,257.5283024433908,223.9226468420193
2025-10-11 11:17:21+00:00,UAL584,28.20790953555349,-82.34689151539521,7924.8,257.5283024433908,223.9226468420193
2025-10-11 11:17:22+00:00,UAL584,28.20758366988877,-82.34866871553311,7924.8,257.5283024433908,223.9226468420193
2025-10-11 11:17:23+00:00,UAL584,28.207077026367188,-82.35113877516523,7924.8,257.5283024433908,223.9226468420193
2025-10-11 11:17:24+00:00,UAL584,28.2066650390625,-82.35335716834436,7924.8,257.5283024433908,223.9226468420193
2025-10-11 11:17:25+00:00,UAL584,28.206207275390625,-82.35578683706427,7924.8,257.5283024433908,223.9226468420193
2025-10-11 11:17:26+00:00,UAL584,28.20581468485169,-82.35777013442095,7924.8,257.5283024433908,223.9226468420193
2025-10-11 11:17:27+00:00,UAL584,28.205337524414062,-82.36022362342248,7924.8,257.5283024433908,223.9226468420193
2025-10-11 11:17:28+00:00,UAL584,28.204879760742188,-82.36249483548676,7924.8,257.55666579210674,224.42497890415504
2025-10-11 11:17:29+00:00,UAL584,28.204421997070312,-82.36492450420673,7924.8,257.5283024433908,223.9226468420193
2025-10-11 11:17:30+00:00,UAL584,28.20396423339844,-82.3671428973858,7924.8,257.55666579210674,224.42497890415504
2025-10-11 11:17:31+00:00,UAL584,28.2037353515625,-82.36846336951623,7924.8,257.5283024433908,223.9226468420193
2025-10-11 11:17:32+00:00,UAL584,28.203207759533896,-82.37117991727939,7924.8,257.55666579210674,224.42497890415504
2025-10-11 11:17:33+00:00,UAL584,28.202695684917902,-82.37381879021143,7924.8,257.6849815207256,224.31469215029588
2025-10-11 11:17:34+00:00,UAL584,28.2022705078125,-82.37580519456128,7924.8,257.6849815207256,224.31469215029588
2025-10-11 11:17:35+00:00,UAL584,28.20199584960937,-82.3773897611178,7924.8,257.6849815207256,224.31469215029588
2025-10-11 11:17:36+00:00,UAL584,28.2015380859375,-82.37960815429688,7924.8,257.6849815207256,224.31469215029588
2025-10-11 11:17:37+00:00,UAL584,28.200897216796875,-82.38293574406549,7924.8,257.6849815207256,224.31469215029588
2025-10-11 11:17:38+00:00,UAL584,28.20069393869173,-82.38405115464155,7924.8,257.6849815207256,224.31469215029588
2025-10-11 11:17:39+00:00,UAL584,28.200088759600103,-82.38717471852021,7924.8,257.6849815207256,224.31469215029588
2025-10-11 11:17:40+00:00,UAL584,28.19970703125,-82.38922119140625,7924.8,257.6849815207256,224.31469215029588
2025-10-11 11:17:41+00:00,UAL584,28.199386596679688,-82.39075293907752,7924.8,257.6849815207256,224.31469215029588
2025-10-11 11:17:42+00:00,UAL584,28.19892495365466,-82.39320642807905,7924.8,257.6849815207256,224.31469215029588
2025-10-11 11:17:43+00:00,UAL584,28.1985059835143,-82.39541446461396,7924.8,257.6849815207256,224.31469215029588
2025-10-11 11:17:44+00:00,UAL584,28.19805908203125,-82.39767221304083,7924.8,257.6849815207256,224.31469215029588
2025-10-11 11:17:45+00:00,UAL584,28.197574938757946,-82.40009981043198,7924.8,257.6849815207256,224.31469215029588
2025-10-11 11:17:46+00:00,UAL584,28.197189331054688,-82.40210899939905,7924.8,257.6849815207256,224.31469215029588
2025-10-11 11:17:47+00:00,UAL584,28.19678355071504,-82.40413890165439,7924.8,257.6849815207256,224.31469215029588
2025-10-11 11:17:48+00:00,UAL584,28.196365356445312,-82.40633451021631,7924.8,257.6849815207256,224.31469215029588
2025-10-11 11:17:49+00:00,UAL584,28.195770263671875,-82.4094508244441,7924.8,257.6849815207256,224.31469215029588
2025-10-11 11:17:50+00:00,UAL584,28.1953125,-82.41172203650842,7924.8,257.55666579210674,224.42497890415504
2025-10-11 11:17:51+00:00,UAL584,28.19487490896451,-82.4139404296875,7924.8,257.55666579210674,224.42497890415504
2025-10-11 11:17:52+00:00,UAL584,28.194642147775426,-82.41523293887866,7924.8,257.55666579210674,224.42497890415504
2025-10-11 11:17:53+00:00,UAL584,28.194076538085938,-82.41816594050482,7924.8,257.55666579210674,224.42497890415504
2025-10-11 11:17:54+00:00,UAL584,28.193572998046875,-82.42059560922473,7924.8,257.55666579210674,224.42497890415504
2025-10-11 11:17:55+00:00,UAL584,28.193344116210938,-82.42191608135516,7924.8,257.55666579210674,224.42497890415504
2025-10-11 11:17:56+00:00,UAL584,28.192886352539062,-82.42418729341944,7924.8,257.55666579210674,224.42497890415504
2025-10-11 11:17:57+00:00,UAL584,28.192428588867188,-82.4266169621394,7924.8,257.55666579210674,224.42497890415504
2025-10-11 11:17:58+00:00,UAL584,28.19184901350636,-82.42950439453125,7924.8,257.6849815207256,224.31469215029588
2025-10-11 11:17:59+00:00,UAL584,28.191430043365997,-82.43176628561582,7924.8,257.6849815207256,224.31469215029588
2025-10-11 11:18:00+00:00,UAL584,28.19110417770127,-82.43332806755518,7924.8,257.6849815207256,224.31469215029588
2025-10-11 11:18:01+00:00,UAL584,28.19068520756091,-82.43553610409009,7924.8,257.6849815207256,224.31469215029588
2025-10-11 11:18:02+00:00,UAL584,28.19032287597656,-82.43755047137921,7924.8,257.6849815207256,224.31469215029588
2025-10-11 11:18:03+00:00,UAL584,28.189682006835938,-82.44087806114783,7924.8,257.6849815207256,224.31469215029588
2025-10-11 11:18:04+00:00,UAL584,28.189288640426376,-82.4429141773897,7924.8,257.6849815207256,224.31469215029588
2025-10-11 11:18:05+00:00,UAL584,28.18890380859375,-82.44489229642426,7924.8,257.6849815207256,224.31469215029588
2025-10-11 11:18:06+00:00,UAL584,28.188400268554688,-82.44737478402942,7924.8,257.55666579210674,224.42497890415504
2025-10-11 11:18:07+00:00,UAL584,28.18807983398437,-82.44911780724158,7924.8,257.55666579210674,224.42497890415504
2025-10-11 11:18:08+00:00,UAL584,28.1876220703125,-82.45138901930585,7924.8,257.55666579210674,224.42497890415504
2025-10-11 11:18:09+00:00,UAL584,28.18714723748676,-82.45379279641543,7924.8,257.5849024457269,224.92736571787668
2025-10-11 11:18:10+00:00,UAL584,28.18668171510858,-82.45627010569854,7932.42,257.5849024457269,224.92736571787668
2025-10-11 11:18:11+00:00,UAL584,28.186402401681672,-82.45761646943936,7932.42,257.5849024457269,224.92736571787668
2025-10-11 11:18:12+00:00,UAL584,28.186019897460938,-82.4596287653996,7932.42,257.5849024457269,224.92736571787668
2025-10-11 11:18:13+00:00,UAL584,28.18533170021186,-82.46321734260113,7940.04,257.5849024457269,224.92736571787668
2025-10-11 11:18:14+00:00,UAL584,28.18492126464844,-82.46522756723255,7947.660000000001,257.61301323762893,225.4298069171305
2025-10-11 11:18:15+00:00,UAL584,28.18450927734375,-82.46744596041162,7947.660000000001,257.74078411276463,225.3200119941553
2025-10-11 11:18:16+00:00,UAL584,28.18407478979078,-82.46967988855698,7947.660000000001,257.74078411276463,225.3200119941553
2025-10-11 11:18:17+00:00,UAL584,28.18368530273437,-82.4717242901142,7955.280000000001,257.7684990787698,225.82275152919345
2025-10-11 11:18:18+00:00,UAL584,28.183273315429688,-82.47394268329327,7955.280000000001,257.7684990787698,225.82275152919345
2025-10-11 11:18:19+00:00,UAL584,28.182861328125,-82.47600261981671,7962.900000000001,257.7684990787698,225.82275152919345
2025-10-11 11:18:20+00:00,UAL584,28.182449340820312,-82.47822101299579,7962.900000000001,257.7684990787698,225.82275152919345
2025-10-11 11:18:21+00:00,UAL584,28.18208312988281,-82.48001685509314,7970.52,257.7960909111779,226.32554366806164
2025-10-11 11:18:22+00:00,UAL584,28.181625366210938,-82.4824993426983,7978.14,257.7960909111779,226.32554366806164
2025-10-11 11:18:23+00:00,UAL584,28.181167602539062,-82.48477055476263,7978.14,257.7960909111779,226.32554366806164
2025-10-11 11:18:24+00:00,UAL584,28.18075561523437,-82.48698894794171,7985.76,257.7960909111779,226.32554366806164
2025-10-11 11:18:25+00:00,UAL584,28.1802978515625,-82.48926016000598,7993.38,257.6688605340119,226.4348510240685
2025-10-11 11:18:26+00:00,UAL584,28.17988508838718,-82.49149098115811,8001.0,257.6688605340119,226.4348510240685
2025-10-11 11:18:27+00:00,UAL584,28.179473876953125,-82.4935384897085,8008.620000000001,257.6688605340119,226.4348510240685
2025-10-11 11:18:28+00:00,UAL584,28.178878784179688,-82.49665480393628,8016.240000000001,257.6688605340119,226.4348510240685
2025-10-11 11:18:29+00:00,UAL584,28.178466796875,-82.49871474045972,8023.860000000001,257.6688605340119,226.4348510240685
2025-10-11 11:18:30+00:00,UAL584,28.178054809570312,-82.5009331336388,8031.48,257.6688605340119,226.4348510240685
2025-10-11 11:18:31+00:00,UAL584,28.177650580971928,-82.50296200022979,8039.1,257.6688605340119,226.4348510240685
2025-10-11 11:18:32+00:00,UAL584,28.177278163069385,-82.50500847311582,8046.72,257.6688605340119,226.4348510240685
2025-10-11 11:18:33+00:00,UAL584,28.17671953621557,-82.50770120059741,8054.34,257.6688605340119,226.4348510240685
2025-10-11 11:18:34+00:00,UAL584,28.17636108398437,-82.50975388746991,8061.96,257.6688605340119,226.4348510240685
2025-10-11 11:18:35+00:00,UAL584,28.17588159593485,-82.51222498276655,8077.200000000001,257.6688605340119,226.4348510240685
2025-10-11 11:18:36+00:00,UAL584,28.17546262579449,-82.51421760110293,8077.200000000001,257.6688605340119,226.4348510240685
2025-10-11 11:18:37+00:00,UAL584,28.17504365565413,-82.5164794921875,8092.44,257.6688605340119,226.4348510240685
2025-10-11 11:18:38+00:00,UAL584,28.17462158203125,-82.51852182241583,8092.44,257.6965986696972,226.93745321559015
2025-10-11 11:18:39+00:00,UAL584,28.17425537109375,-82.52052894005408,8100.06,257.6965986696972,226.93745321559015
2025-10-11 11:18:40+00:00,UAL584,28.17378674523305,-82.52299589269302,8107.68,257.6965986696972,226.93745321559015
2025-10-11 11:18:41+00:00,UAL584,28.17329406738281,-82.5254939152644,8122.92,257.6965986696972,226.93745321559015
2025-10-11 11:18:42+00:00,UAL584,28.17285570047669,-82.52773509306064,8130.54,257.6965986696972,226.93745321559015
2025-10-11 11:18:43+00:00,UAL584,28.172286987304688,-82.53067016601562,8138.160000000001,257.6965986696972,226.93745321559015
2025-10-11 11:18:44+00:00,UAL584,28.17187810348252,-82.53268971162686,8145.780000000001,257.6965986696972,226.93745321559015
2025-10-11 11:18:45+00:00,UAL584,28.171463012695312,-82.53494849571814,8153.400000000001,257.6965986696972,226.93745321559015
2025-10-11 11:18:46+00:00,UAL584,28.17100524902344,-82.53721970778241,8161.02,257.6965986696972,226.93745321559015
2025-10-11 11:18:47+00:00,UAL584,28.17062119306144,-82.53920611213238,8168.64,257.6965986696972,226.93745321559015
2025-10-11 11:18:48+00:00,UAL584,28.170181274414062,-82.54149803748498,8176.26,257.6965986696972,226.93745321559015
2025-10-11 11:18:49+00:00,UAL584,28.16976928710937,-82.54371643066406,8191.5,257.6965986696972,226.93745321559015
2025-10-11 11:18:50+00:00,UAL584,28.169271178164724,-82.54620720358457,8199.12,257.56975952135576,227.0476316081824
2025-10-11 11:18:51+00:00,UAL584,28.168991088867188,-82.54757220928485,8199.12,257.56975952135576,227.0476316081824
2025-10-11 11:18:52+00:00,UAL584,28.16839599609375,-82.55074134239783,8214.36,257.56975952135576,227.0476316081824
2025-10-11 11:18:53+00:00,UAL584,28.16802978515625,-82.55253718449518,8221.98,257.56975952135576,227.0476316081824
2025-10-11 11:18:54+00:00,UAL584,28.16750219312765,-82.55520091337314,8229.6,257.56975952135576,227.0476316081824
2025-10-11 11:18:55+00:00,UAL584,28.1671142578125,-82.55723806527942,8237.220000000001,257.56975952135576,227.0476316081824
2025-10-11 11:18:56+00:00,UAL584,28.16670227050781,-82.55950927734375,8244.84,257.56975952135576,227.0476316081824
2025-10-11 11:18:57+00:00,UAL584,28.16624528270657,-82.56177116842832,8252.460000000001,257.56975952135576,227.0476316081824
2025-10-11 11:18:58+00:00,UAL584,28.16583251953125,-82.56378760704627,8260.08,257.56975952135576,227.0476316081824
2025-10-11 11:18:59+00:00,UAL584,28.165453894663663,-82.56581025965073,8267.7,257.56975952135576,227.0476316081824
2025-10-11 11:19:00+00:00,UAL584,28.165034924523304,-82.5680721507353,8275.32,257.56975952135576,227.0476316081824
2025-10-11 11:19:01+00:00,UAL584,28.164615954382946,-82.57006476907168,8282.94,257.56975952135576,227.0476316081824
2025-10-11 11:19:02+00:00,UAL584,28.164010775291317,-82.5732421875,8290.560000000001,257.56975952135576,227.0476316081824
2025-10-11 11:19:03+00:00,UAL584,28.16363835738877,-82.5750732421875,8298.18,257.56975952135576,227.0476316081824
2025-10-11 11:19:04+00:00,UAL584,28.16322326660156,-82.57730924166162,8305.800000000001,257.56975952135576,227.0476316081824
2025-10-11 11:19:05+00:00,UAL584,28.162765502929688,-82.57958045372595,8313.42,257.56975952135576,227.0476316081824
2025-10-11 11:19:06+00:00,UAL584,28.162353515625,-82.58179884690503,8321.04,257.56975952135576,227.0476316081824
2025-10-11 11:19:07+00:00,UAL584,28.16191592458951,-82.58406695197613,8328.66,257.56975952135576,227.0476316081824
2025-10-11 11:19:08+00:00,UAL584,28.161450402211333,-82.58632884306064,8336.28,257.56975952135576,227.0476316081824
2025-10-11 11:19:09+00:00,UAL584,28.16107177734375,-82.58834838867188,8343.9,257.6965986696972,226.93745321559015
2025-10-11 11:19:10+00:00,UAL584,28.160568237304688,-82.59083087627704,8351.52,257.6965986696972,226.93745321559015
2025-10-11 11:19:11+00:00,UAL584,28.16015625,-82.59310208834131,8359.140000000001,257.6965986696972,226.93745321559015
2025-10-11 11:19:12+00:00,UAL584,28.15968141717426,-82.59559182559741,8374.380000000001,257.6965986696972,226.93745321559015
2025-10-11 11:19:13+00:00,UAL584,28.15924072265625,-82.59780296912561,8382.0,257.6965986696972,226.93745321559015
2025-10-11 11:19:14+00:00,UAL584,28.15882873535156,-82.60007418118988,8389.62,257.8235604160544,226.82838806095185
2025-10-11 11:19:15+00:00,UAL584,28.158424506753175,-82.60210822610293,8397.24,257.8235604160544,226.82838806095185
2025-10-11 11:19:16+00:00,UAL584,28.158004760742188,-82.6043525108924,8404.86,257.8235604160544,226.82838806095185
2025-10-11 11:19:17+00:00,UAL584,28.157546997070312,-82.60662372295673,8412.48,257.8235604160544,226.82838806095185
2025-10-11 11:19:18+00:00,UAL584,28.157167596332098,-82.60862462660845,8420.1,257.8235604160544,226.82838806095185
2025-10-11 11:19:19+00:00,UAL584,28.15684173066737,-82.61045568129595,8427.720000000001,257.8235604160544,226.82838806095185
2025-10-11 11:19:20+00:00,UAL584,28.156376208289192,-82.61293299057905,8435.34,257.8235604160544,226.82838806095185
2025-10-11 11:19:21+00:00,UAL584,28.15594482421875,-82.61496910682092,8442.960000000001,257.8235604160544,226.82838806095185
2025-10-11 11:19:22+00:00,UAL584,28.15539861129502,-82.61788760914521,8458.2,257.8235604160544,226.82838806095185
2025-10-11 11:19:23+00:00,UAL584,28.15498352050781,-82.62014535757208,8465.82,257.8235604160544,226.82838806095185
2025-10-11 11:19:24+00:00,UAL584,28.15460722325212,-82.62214211856616,8473.44,257.95064368964506,226.7204377508556
2025-10-11 11:19:25+00:00,UAL584,28.15418825311176,-82.62440400965073,8481.060000000001,257.95064368964506,226.7204377508556
2025-10-11 11:19:26+00:00,UAL584,28.15374755859375,-82.62669489933893,8488.68,257.8235604160544,226.82838806095185
2025-10-11 11:19:27+00:00,UAL584,28.153289794921875,-82.628913292518,8496.300000000001,257.8235604160544,226.82838806095185
2025-10-11 11:19:28+00:00,UAL584,28.15283823821504,-82.63140510110293,8503.92,257.8235604160544,226.82838806095185
2025-10-11 11:19:29+00:00,UAL584,28.152374267578125,-82.63387826772833,8511.54,257.8235604160544,226.82838806095185
2025-10-11 11:19:30+00:00,UAL584,28.151870727539062,-82.6363607553335,8519.16,257.8235604160544,226.82838806095185
2025-10-11 11:19:31+00:00,UAL584,28.151488223318324,-82.63840619255518,8519.16,257.85090839255867,227.331284361115
2025-10-11 11:19:32+00:00,UAL584,28.151069253177965,-82.6406680836397,8526.78,257.85090839255867,227.331284361115
2025-10-11 11:19:33+00:00,UAL584,28.150603730799787,-82.6431453929228,8534.4,257.6965986696972,226.93745321559015
2025-10-11 11:19:34+00:00,UAL584,28.15013820842161,-82.64540728400738,8542.02,257.6965986696972,226.93745321559015
2025-10-11 11:19:35+00:00,UAL584,28.14971923828125,-82.64766917509189,8557.26,257.6965986696972,226.93745321559015
2025-10-11 11:19:36+00:00,UAL584,28.149444580078125,-82.64898446890021,8557.26,257.6965986696972,226.93745321559015
2025-10-11 11:19:37+00:00,UAL584,28.148849487304688,-82.65215360201319,8572.5,257.6965986696972,226.93745321559015
2025-10-11 11:19:38+00:00,UAL584,28.14864853681144,-82.65327004825366,8580.12,257.6965986696972,226.93745321559015
2025-10-11 11:19:39+00:00,UAL584,28.14813646219544,-82.65574735753677,8587.74,257.6688605340119,226.4348510240685
2025-10-11 11:19:40+00:00,UAL584,28.147717492055083,-82.65800924862134,8595.36,257.6688605340119,226.4348510240685
2025-10-11 11:19:41+00:00,UAL584,28.147298521914724,-82.66027113970591,8602.98,257.6688605340119,226.4348510240685
2025-10-11 11:19:42+00:00,UAL584,28.146652221679688,-82.66340402456427,8618.220000000001,257.6688605340119,226.4348510240685
2025-10-11 11:19:43+00:00,UAL584,28.146460581634003,-82.66452564912686,8618.220000000001,257.6688605340119,226.4348510240685
2025-10-11 11:19:44+00:00,UAL584,28.145965576171875,-82.66699570875898,8633.460000000001,257.6688605340119,226.4348510240685
2025-10-11 11:19:45+00:00,UAL584,28.14543643240201,-82.66969568589155,8641.08,257.6688605340119,226.4348510240685
2025-10-11 11:19:46+00:00,UAL584,28.145050048828125,-82.67174940842847,8648.7,257.6688605340119,226.4348510240685
2025-10-11 11:19:47+00:00,UAL584,28.14463806152344,-82.67396780160755,8656.32,257.6688605340119,226.4348510240685
2025-10-11 11:19:48+00:00,UAL584,28.14422607421875,-82.67599666819854,8663.94,257.6688605340119,226.4348510240685
2025-10-11 11:19:49+00:00,UAL584,28.143630981445312,-82.67914405235877,8671.560000000001,257.6688605340119,226.4348510240685
2025-10-11 11:19:50+00:00,UAL584,28.14320192498676,-82.68116670496323,8671.560000000001,257.5417535599951,226.54527385315015
2025-10-11 11:19:51+00:00,UAL584,28.1427829548464,-82.6834285960478,8679.18,257.56975952135576,227.0476316081824
2025-10-11 11:19:52+00:00,UAL584,28.142303466796875,-82.68590486966644,8679.18,257.56975952135576,227.0476316081824
2025-10-11 11:19:53+00:00,UAL584,28.142038119041317,-82.68725226907168,8686.800000000001,257.56975952135576,227.0476316081824
2025-10-11 11:19:54+00:00,UAL584,28.14143293994968,-82.6904296875,8694.42,257.56975952135576,227.0476316081824
2025-10-11 11:19:55+00:00,UAL584,28.140967417571503,-82.69269157858457,8694.42,257.56975952135576,227.0476316081824
2025-10-11 11:19:56+00:00,UAL584,28.140701293945312,-82.69403897798975,8702.04,257.5976418196396,227.5500433703085
2025-10-11 11:19:57+00:00,UAL584,28.14022258176642,-82.69651525160845,8709.66,257.56975952135576,227.0476316081824
2025-10-11 11:19:58+00:00,UAL584,28.139617402674787,-82.69963881548716,8717.28,257.56975952135576,227.0476316081824
2025-10-11 11:19:59+00:00,UAL584,28.139198432534428,-82.70190070657168,8724.9,257.56975952135576,227.0476316081824
2025-10-11 11:20:00+00:00,UAL584,28.13896567134534,-82.70303165211396,8732.52,257.56975952135576,227.0476316081824
2025-10-11 11:20:01+00:00,UAL584,28.13827514648437,-82.70639859713037,8747.76,257.56975952135576,227.0476316081824
2025-10-11 11:20:02+00:00,UAL584,28.13804626464844,-82.707771888146,8747.76,257.56975952135576,227.0476316081824
2025-10-11 11:20:03+00:00,UAL584,28.13761565644862,-82.70981732536768,8755.380000000001,257.56975952135576,227.0476316081824
2025-10-11 11:20:04+00:00,UAL584,28.13696392511917,-82.71315630744488,8763.0,257.56975952135576,227.0476316081824
2025-10-11 11:20:05+00:00,UAL584,28.13658142089844,-82.71521935096155,8770.62,257.56975952135576,227.0476316081824
2025-10-11 11:20:06+00:00,UAL584,28.13612365722656,-82.71743774414062,8778.24,257.56975952135576,227.0476316081824
2025-10-11 11:20:07+00:00,UAL584,28.135757446289062,-82.71949768066406,8785.86,257.56975952135576,227.0476316081824
2025-10-11 11:20:08+00:00,UAL584,28.135299682617188,-82.72171607384314,8793.48,257.56975952135576,227.0476316081824
2025-10-11 11:20:09+00:00,UAL584,28.13491562665519,-82.72376565372241,8801.1,257.56975952135576,227.0476316081824
2025-10-11 11:20:10+00:00,UAL584,28.13445010427701,-82.72602754480698,8808.720000000001,257.56975952135576,227.0476316081824
2025-10-11 11:20:11+00:00,UAL584,28.133984581898837,-82.72850485409009,8816.34,257.56975952135576,227.0476316081824
2025-10-11 11:20:12+00:00,UAL584,28.133468627929688,-82.73095937875598,8831.58,257.5417535599951,226.54527385315015
2025-10-11 11:20:13+00:00,UAL584,28.133056640625,-82.73323059082031,8839.2,257.5417535599951,226.54527385315015
2025-10-11 11:20:14+00:00,UAL584,28.1325880147643,-82.73545209099268,8846.82,257.5136231244986,226.0429704652878
2025-10-11 11:20:15+00:00,UAL584,28.13226214909957,-82.73722929113052,8862.060000000001,257.5136231244986,226.0429704652878
2025-10-11 11:20:16+00:00,UAL584,28.131866455078125,-82.73925194373498,8869.68,257.4853673968218,225.5407218078399
2025-10-11 11:20:17+00:00,UAL584,28.131362915039062,-82.74173443134015,8877.300000000001,257.4853673968218,225.5407218078399
2025-10-11 11:20:18+00:00,UAL584,28.13095868644068,-82.74374569163604,8892.54,257.4853673968218,225.5407218078399
2025-10-11 11:20:19+00:00,UAL584,28.13053971630032,-82.74595372817095,8900.16,257.4569855518604,225.03852824725405
2025-10-11 11:20:20+00:00,UAL584,28.130035400390625,-82.74844242976263,8915.4,257.4569855518604,225.03852824725405
2025-10-11 11:20:21+00:00,UAL584,28.129669189453125,-82.75044954740082,8923.02,257.4569855518604,225.03852824725405
2025-10-11 11:20:22+00:00,UAL584,28.1291897014036,-82.75290096507354,8938.26,257.4284767573759,224.53639015321576
2025-10-11 11:20:23+00:00,UAL584,28.12861633300781,-82.75578425480768,8945.880000000001,257.4284767573759,224.53639015321576
2025-10-11 11:20:24+00:00,UAL584,28.12835176112288,-82.75710161994488,8953.5,257.4284767573759,224.53639015321576
2025-10-11 11:20:25+00:00,UAL584,28.1279296875,-82.7591118445763,8968.74,257.3998401739193,224.0343078986841
2025-10-11 11:20:26+00:00,UAL584,28.12733459472656,-82.76222815880408,8983.98,257.3998401739193,224.0343078986841
2025-10-11 11:20:27+00:00,UAL584,28.126815537274894,-82.76491052964155,8991.6,257.5283024433908,223.9226468420193
2025-10-11 11:20:28+00:00,UAL584,28.12662932832362,-82.76577220243564,8999.220000000001,257.4998115589544,223.42036990077528
2025-10-11 11:20:29+00:00,UAL584,28.126235961914062,-82.76777414175177,9006.84,257.4998115589544,223.42036990077528
2025-10-11 11:20:30+00:00,UAL584,28.125778198242188,-82.77020381047174,9022.08,257.4711922908485,222.9181484530164
2025-10-11 11:20:31+00:00,UAL584,28.12513732910156,-82.77332012469952,9037.32,257.4711922908485,222.9181484530164
2025-10-11 11:20:32+00:00,UAL584,28.12476723881091,-82.77530445772061,9044.94,257.4711922908485,222.9181484530164
2025-10-11 11:20:33+00:00,UAL584,28.124313354492188,-82.7774928166316,9060.18,257.4424437837211,222.41598287466016
2025-10-11 11:20:34+00:00,UAL584,28.12392929853019,-82.77950511259189,9067.8,257.4424437837211,222.41598287466016
2025-10-11 11:20:35+00:00,UAL584,28.12353515625,-82.78145423302283,9075.42,257.4424437837211,222.41598287466016
2025-10-11 11:20:36+00:00,UAL584,28.122998253773837,-82.78408274931064,9090.66,257.41356517473787,221.91387354498477
2025-10-11 11:20:37+00:00,UAL584,28.12261962890625,-82.78610229492188,9098.28,257.41356517473787,221.91387354498477
2025-10-11 11:20:38+00:00,UAL584,28.12220764160156,-82.78826786921576,9113.52,257.41356517473787,221.91387354498477
2025-10-11 11:20:39+00:00,UAL584,28.12178789559057,-82.79027602251841,9121.14,257.38455559350155,221.411820846666
2025-10-11 11:20:40+00:00,UAL584,28.121322373212397,-82.79269947725186,9128.76,257.38455559350155,221.411820846666
2025-10-11 11:20:41+00:00,UAL584,28.120925903320312,-82.7946589543269,9136.38,257.38455559350155,221.411820846666
2025-10-11 11:20:42+00:00,UAL584,28.12046813964844,-82.79682452862079,9151.62,257.38455559350155,221.411820846666
2025-10-11 11:20:43+00:00,UAL584,28.120065462791317,-82.79905431410845,9159.24,257.38455559350155,221.411820846666
2025-10-11 11:20:44+00:00,UAL584,28.11959994041313,-82.80126235064341,9166.86,257.35541416197066,220.90982516581508
2025-10-11 11:20:45+00:00,UAL584,28.11918097027277,-82.80341653262866,9174.48,257.35541416197066,220.90982516581508
2025-10-11 11:20:46+00:00,UAL584,28.1187154478946,-82.80583998736216,9189.72,257.35541416197066,220.90982516581508
2025-10-11 11:20:47+00:00,UAL584,28.118316650390625,-82.80781085674579,9197.34,257.35541416197066,220.90982516581508
2025-10-11 11:20:48+00:00,UAL584,28.11792405985169,-82.8097713694853,9204.96,257.35541416197066,220.90982516581508
2025-10-11 11:20:49+00:00,UAL584,28.117272328522244,-82.8130564970129,9212.58,257.35541416197066,220.90982516581508
2025-10-11 11:20:50+00:00,UAL584,28.11703491210937,-82.81414912297174,9220.2,257.35541416197066,220.90982516581508
2025-10-11 11:20:51+00:00,UAL584,28.11648094047934,-82.81698787913604,9227.82,257.35541416197066,220.90982516581508
2025-10-11 11:20:52+00:00,UAL584,28.11602783203125,-82.81921973595252,9235.44,257.35541416197066,220.90982516581508
2025-10-11 11:20:53+00:00,UAL584,28.11561584472656,-82.8213853102464,9243.06,257.35541416197066,220.90982516581508
2025-10-11 11:20:54+00:00,UAL584,28.11522403005826,-82.82334271599268,9243.06,257.35541416197066,220.90982516581508
2025-10-11 11:20:55+00:00,UAL584,28.114758507680083,-82.82555075252759,9250.68,257.35541416197066,220.90982516581508
2025-10-11 11:20:56+00:00,UAL584,28.114242553710938,-82.82814612755408,9258.3,257.35541416197066,220.90982516581508
2025-10-11 11:20:57+00:00,UAL584,28.11383056640625,-82.83036452073316,9265.92,257.35541416197066,220.90982516581508
2025-10-11 11:20:58+00:00,UAL584,28.113408492783368,-82.83233642578125,9273.54,257.35541416197066,220.90982516581508
2025-10-11 11:20:59+00:00,UAL584,28.113006591796875,-82.83453721266523,9281.16,257.35541416197066,220.90982516581508
2025-10-11 11:21:00+00:00,UAL584,28.112548828125,-82.83670278695911,9288.78,257.32613999437683,220.40788689201705
2025-10-11 11:21:01+00:00,UAL584,28.112136840820312,-82.83886836125299,9296.4,257.32613999437683,220.40788689201705
2025-10-11 11:21:02+00:00,UAL584,28.111732612221928,-82.84084544462314,9304.02,257.32613999437683,220.40788689201705
2025-10-11 11:21:03+00:00,UAL584,28.11126708984375,-82.84326889935664,9311.64,257.32613999437683,220.40788689201705
2025-10-11 11:21:04+00:00,UAL584,28.110855102539062,-82.8452594463642,9319.26,257.35541416197066,220.90982516581508
2025-10-11 11:21:05+00:00,UAL584,28.11038259732521,-82.84763111787686,9326.88,257.32613999437683,220.40788689201705
2025-10-11 11:21:06+00:00,UAL584,28.109870522709212,-82.8500545726103,9326.88,257.35541416197066,220.90982516581508
2025-10-11 11:21:07+00:00,UAL584,28.109451552568856,-82.85220875459561,9334.5,257.35541416197066,220.90982516581508
2025-10-11 11:21:08+00:00,UAL584,28.10903258242849,-82.85441679113052,9342.12,257.35541416197066,220.90982516581508
2025-10-11 11:21:09+00:00,UAL584,28.10861361228813,-82.85640940946689,9349.74,257.35541416197066,220.90982516581508
2025-10-11 11:21:10+00:00,UAL584,28.10824584960937,-82.85835852989783,9349.74,257.35541416197066,220.90982516581508
2025-10-11 11:21:11+00:00,UAL584,28.107775672007413,-82.86077162798716,9357.36,257.35541416197066,220.90982516581508
2025-10-11 11:21:12+00:00,UAL584,28.107330322265625,-82.86295377291162,9364.98,257.35541416197066,220.90982516581508
2025-10-11 11:21:13+00:00,UAL584,28.10693773172669,-82.86491842830884,9372.6,257.35541416197066,220.90982516581508
2025-10-11 11:21:14+00:00,UAL584,28.10655212402344,-82.86691518930286,9372.6,257.35541416197066,220.90982516581508
2025-10-11 11:21:15+00:00,UAL584,28.10604858398437,-82.86929203913763,9380.22,257.35541416197066,220.90982516581508
2025-10-11 11:21:16+00:00,UAL584,28.105587716829977,-82.8717041015625,9387.84,257.35541416197066,220.90982516581508
2025-10-11 11:21:17+00:00,UAL584,28.10521529892744,-82.8734813017004,9395.46,257.35541416197066,220.90982516581508
2025-10-11 11:21:18+00:00,UAL584,28.104721069335938,-82.8761056753305,9395.46,257.35541416197066,220.90982516581508
2025-10-11 11:21:19+00:00,UAL584,28.10435485839844,-82.87784869854266,9403.08,257.25471052686714,221.5247475058776
2025-10-11 11:21:20+00:00,UAL584,28.10386528403072,-82.88026697495405,9410.7,257.25471052686714,221.5247475058776
2025-10-11 11:21:21+00:00,UAL584,28.103485107421875,-82.88223266601562,9410.7,257.25471052686714,221.5247475058776
2025-10-11 11:21:22+00:00,UAL584,28.10298156738281,-82.88466233473554,9418.32,257.25471052686714,221.5247475058776
2025-10-11 11:21:23+00:00,UAL584,28.102515269134003,-82.88710650275738,9418.32,257.25471052686714,221.5247475058776
2025-10-11 11:21:24+00:00,UAL584,28.10214285123146,-82.88882984834561,9425.94,257.28399890470695,222.02654485138973
2025-10-11 11:21:25+00:00,UAL584,28.10169982910156,-82.89105341984674,9433.56,257.28399890470695,222.02654485138973
2025-10-11 11:21:26+00:00,UAL584,28.101165254237287,-82.89389217601104,9433.56,257.28399890470695,222.02654485138973
2025-10-11 11:21:27+00:00,UAL584,28.10069973185911,-82.89610021254595,9441.18,257.28399890470695,222.02654485138973
2025-10-11 11:21:28+00:00,UAL584,28.10028076171875,-82.89830824908091,9441.18,257.28399890470695,222.02654485138973
2025-10-11 11:21:29+00:00,UAL584,28.100006103515625,-82.89961007925177,9448.8,257.41356517473787,221.91387354498477
2025-10-11 11:21:30+00:00,UAL584,28.099535925913663,-82.90202421300552,9448.8,257.4424437837211,222.41598287466016
2025-10-11 11:21:31+00:00,UAL584,28.098953247070312,-82.90489196777344,9456.42,257.4424437837211,222.41598287466016
2025-10-11 11:21:32+00:00,UAL584,28.09858703613281,-82.90689908541162,9464.04,257.4424437837211,222.41598287466016
2025-10-11 11:21:33+00:00,UAL584,28.098185911016948,-82.90886374080884,9464.04,257.5718624825832,222.3046994475211
2025-10-11 11:21:34+00:00,UAL584,28.097808837890625,-82.91086050180286,9471.66,257.60033357369025,222.80711583805532
2025-10-11 11:21:35+00:00,UAL584,28.09730529785156,-82.91329017052283,9471.66,257.60033357369025,222.80711583805532
2025-10-11 11:21:36+00:00,UAL584,28.096929000595868,-82.91527243221509,9479.28,257.60033357369025,222.80711583805532
2025-10-11 11:21:37+00:00,UAL584,28.096323821504235,-82.91839599609375,9486.9,257.60033357369025,222.80711583805532
2025-10-11 11:21:38+00:00,UAL584,28.0960693359375,-82.91973407451923,9486.9,257.75766880112553,223.1999348309955
2025-10-11 11:21:39+00:00,UAL584,28.09565734863281,-82.9219524676983,9494.52,257.75766880112553,223.1999348309955
2025-10-11 11:21:40+00:00,UAL584,28.095245361328125,-82.92417086087738,9494.52,257.75766880112553,223.1999348309955
2025-10-11 11:21:41+00:00,UAL584,28.09478759765625,-82.92638925405646,9502.14,257.78560847852765,223.70270671294327
2025-10-11 11:21:42+00:00,UAL584,28.094368627515887,-82.92857450597427,9502.14,257.9144500223001,223.59443096724303
2025-10-11 11:21:43+00:00,UAL584,28.093917846679688,-82.9310373159555,9509.76,257.9144500223001,223.59443096724303
2025-10-11 11:21:44+00:00,UAL584,28.09353068723517,-82.93304443359375,9509.76,257.9419886479567,224.09749875212788
2025-10-11 11:21:45+00:00,UAL584,28.093048095703125,-82.93568537785455,9517.38,257.9419886479567,224.09749875212788
2025-10-11 11:21:46+00:00,UAL584,28.09263610839844,-82.93795658991888,9517.38,257.9419886479567,224.09749875212788
2025-10-11 11:21:47+00:00,UAL584,28.09222722457627,-82.93993781594668,9517.38,257.96940390346214,224.60061807486852
2025-10-11 11:21:48+00:00,UAL584,28.091812133789062,-82.94218210073615,9525.0,257.96940390346214,224.60061807486852
2025-10-11 11:21:49+00:00,UAL584,28.09149169921875,-82.9439779428335,9525.0,258.09781764113467,224.4939542921799
2025-10-11 11:21:50+00:00,UAL584,28.091109970868644,-82.94596952550552,9532.62,258.09781764113467,224.4939542921799
2025-10-11 11:21:51+00:00,UAL584,28.090644448490465,-82.94844683478863,9532.62,258.09781764113467,224.4939542921799
2025-10-11 11:21:52+00:00,UAL584,28.090255737304688,-82.9504218468299,9540.24,258.1248360202999,224.9973633437748
2025-10-11 11:21:53+00:00,UAL584,28.089614868164062,-82.9540135310246,9547.86,258.1248360202999,224.9973633437748
2025-10-11 11:21:54+00:00,UAL584,28.08934098583157,-82.95534021714155,9547.86,258.1248360202999,224.9973633437748
2025-10-11 11:21:55+00:00,UAL584,28.088882446289062,-82.9578164907602,9555.48,258.1248360202999,224.9973633437748
2025-10-11 11:21:56+00:00,UAL584,28.08856201171875,-82.95961233285755,9555.48,258.1248360202999,224.9973633437748
2025-10-11 11:21:57+00:00,UAL584,28.088084075410485,-82.96228745404414,9563.1,258.1248360202999,224.9973633437748
2025-10-11 11:21:58+00:00,UAL584,28.087711657507946,-82.96406465418198,9563.1,258.1248360202999,224.9973633437748
2025-10-11 11:21:59+00:00,UAL584,28.087188720703125,-82.96700697678784,9570.72,258.1248360202999,224.9973633437748
2025-10-11 11:22:00+00:00,UAL584,28.08673406051377,-82.96945010914521,9578.34,258.1248360202999,224.9973633437748
2025-10-11 11:22:01+00:00,UAL584,28.08631896972656,-82.97170785757208,9585.96,258.1248360202999,224.9973633437748
2025-10-11 11:22:02+00:00,UAL584,28.08604431152344,-82.97302832970252,9585.96,258.1248360202999,224.9973633437748
2025-10-11 11:22:03+00:00,UAL584,28.08563232421875,-82.9752467228816,9593.58,258.15173376158555,225.5008222043108
2025-10-11 11:22:04+00:00,UAL584,28.085151284427965,-82.97795912798716,9601.2,258.15173376158555,225.5008222043108
2025-10-11 11:22:05+00:00,UAL584,28.08482541876324,-82.979736328125,9601.2,258.15173376158555,225.5008222043108
2025-10-11 11:22:06+00:00,UAL584,28.08422023967161,-82.98291374655332,9608.82,258.15173376158555,225.5008222043108
2025-10-11 11:22:07+00:00,UAL584,28.083984375,-82.98422593336835,9616.44,258.15173376158555,225.5008222043108
2025-10-11 11:22:08+00:00,UAL584,28.08352195610434,-82.98668356502759,9616.44,258.15173376158555,225.5008222043108
2025-10-11 11:22:09+00:00,UAL584,28.083102985963983,-82.98894545611216,9624.06,258.15173376158555,225.5008222043108
2025-10-11 11:22:10+00:00,UAL584,28.08265686035156,-82.99140930175781,9624.06,258.1785116593927,226.00433054091687
2025-10-11 11:22:11+00:00,UAL584,28.082125388969807,-82.99411549287686,9631.68,258.1785116593927,226.00433054091687
2025-10-11 11:22:12+00:00,UAL584,28.081706418829448,-82.99637738396143,9639.3,258.1785116593927,226.00433054091687
2025-10-11 11:22:13+00:00,UAL584,28.08128744868909,-82.99858542049634,9639.3,258.1785116593927,226.00433054091687
2025-10-11 11:22:14+00:00,UAL584,28.08087158203125,-83.00086388221155,9646.92,258.0509175609759,226.1102818297337
2025-10-11 11:22:15+00:00,UAL584,28.080496060646187,-83.00289378446689,9646.92,258.0509175609759,226.1102818297337
2025-10-11 11:22:16+00:00,UAL584,28.08013916015625,-83.00487811748798,9654.54,258.07784741285286,226.61360387851323
2025-10-11 11:22:17+00:00,UAL584,28.07968139648437,-83.00714932955225,9654.54,258.07784741285286,226.61360387851323
2025-10-11 11:22:18+00:00,UAL584,28.079192597987287,-83.00984102136948,9662.16,258.20517050126864,226.5078880236494
2025-10-11 11:22:19+00:00,UAL584,28.0789598367982,-83.0111873851103,9662.16,258.20517050126864,226.5078880236494
2025-10-11 11:22:20+00:00,UAL584,28.07835465770657,-83.01436480353863,9669.78,258.20517050126864,226.5078880236494
2025-10-11 11:22:21+00:00,UAL584,28.07794189453125,-83.01660391000598,9677.4,258.20517050126864,226.5078880236494
2025-10-11 11:22:22+00:00,UAL584,28.07747016518803,-83.01910400390625,9685.02,258.20517050126864,226.5078880236494
2025-10-11 11:22:23+00:00,UAL584,28.077117919921875,-83.02109351524939,9685.02,258.20517050126864,226.5078880236494
2025-10-11 11:22:24+00:00,UAL584,28.076725329382946,-83.02314309512866,9692.64,258.20517050126864,226.5078880236494
2025-10-11 11:22:25+00:00,UAL584,28.076259807004767,-83.02562040441177,9700.26,258.20517050126864,226.5078880236494
2025-10-11 11:22:26+00:00,UAL584,28.07588195800781,-83.02764305701623,9700.26,258.20517050126864,226.5078880236494
2025-10-11 11:22:27+00:00,UAL584,28.07551497119968,-83.02965949563418,9707.88,258.20517050126864,226.5078880236494
2025-10-11 11:22:28+00:00,UAL584,28.07501220703125,-83.03239675668567,9707.88,258.23171106797935,227.01149432546023
2025-10-11 11:22:29+00:00,UAL584,28.074691772460938,-83.03419259878302,9715.5,258.1046578983966,227.11697576744916
2025-10-11 11:22:30+00:00,UAL584,28.07427978515625,-83.03646381084735,9715.5,258.1046578983966,227.11697576744916
2025-10-11 11:22:31+00:00,UAL584,28.073792538400426,-83.03892247817095,9723.12,258.1046578983966,227.11697576744916
2025-10-11 11:22:32+00:00,UAL584,28.0733642578125,-83.0411646916316,9730.74,258.1046578983966,227.11697576744916
2025-10-11 11:22:33+00:00,UAL584,28.07300115035752,-83.04323084214155,9730.74,258.1046578983966,227.11697576744916
2025-10-11 11:22:34+00:00,UAL584,28.0726318359375,-83.04523174579327,9738.36,258.1046578983966,227.11697576744916
2025-10-11 11:22:35+00:00,UAL584,28.072265625,-83.04708040677582,9738.36,258.13134979782427,227.6203971658839
2025-10-11 11:22:36+00:00,UAL584,28.07167053222656,-83.05046081542969,9745.98,258.13134979782427,227.6203971658839
2025-10-11 11:22:37+00:00,UAL584,28.071185613082623,-83.0529246610754,9753.6,258.13134979782427,227.6203971658839
2025-10-11 11:22:38+00:00,UAL584,28.07099940413136,-83.05384018841914,9753.6,258.13134979782427,227.6203971658839
2025-10-11 11:22:39+00:00,UAL584,28.070526123046875,-83.05653498722955,9761.22,258.13134979782427,227.6203971658839
2025-10-11 11:22:40+00:00,UAL584,28.07002180713718,-83.05901022518384,9761.22,258.13134979782427,227.6203971658839
2025-10-11 11:22:41+00:00,UAL584,28.069656372070312,-83.06107741135816,9768.84,258.13134979782427,227.6203971658839
2025-10-11 11:22:42+00:00,UAL584,28.06923041909428,-83.06331858915439,9776.46,258.13134979782427,227.6203971658839
2025-10-11 11:22:43+00:00,UAL584,28.06881144895392,-83.06558048023896,9784.08,258.00468327354525,227.72675871993303
2025-10-11 11:22:44+00:00,UAL584,28.06839247881356,-83.06784237132354,9784.08,258.00468327354525,227.72675871993303
2025-10-11 11:22:45+00:00,UAL584,28.068020060911017,-83.06988884420957,9791.7,258.00468327354525,227.72675871993303
2025-10-11 11:22:46+00:00,UAL584,28.067459106445312,-83.07280320387616,9799.32,257.97772331381645,227.22357296918813
2025-10-11 11:22:47+00:00,UAL584,28.067047119140625,-83.07507441594049,9806.94,258.00468327354525,227.72675871993303
2025-10-11 11:22:48+00:00,UAL584,28.066763150489937,-83.0764590992647,9806.94,258.00468327354525,227.72675871993303
2025-10-11 11:22:49+00:00,UAL584,28.066131591796875,-83.07982811560998,9814.56,258.00468327354525,227.72675871993303
2025-10-11 11:22:50+00:00,UAL584,28.065902709960938,-83.08120140662561,9822.18,258.00468327354525,227.72675871993303
2025-10-11 11:22:51+00:00,UAL584,28.065399169921875,-83.08368389423077,9822.18,258.00468327354525,227.72675871993303
2025-10-11 11:22:52+00:00,UAL584,28.064854508739405,-83.08658375459561,9829.8,258.00468327354525,227.72675871993303
2025-10-11 11:22:53+00:00,UAL584,28.06443553859905,-83.08884564568018,9837.42,258.00468327354525,227.72675871993303
2025-10-11 11:22:54+00:00,UAL584,28.064016568458687,-83.0911075367647,9845.04,257.97772331381645,227.22357296918813
2025-10-11 11:22:55+00:00,UAL584,28.063751220703125,-83.09250464806189,9845.04,257.97772331381645,227.22357296918813
2025-10-11 11:22:56+00:00,UAL584,28.0632717326536,-83.09498506433823,9852.66,257.97772331381645,227.22357296918813
2025-10-11 11:22:57+00:00,UAL584,28.06285276251324,-83.0972469554228,9860.28,257.97772331381645,227.22357296918813
2025-10-11 11:22:58+00:00,UAL584,28.062387240135063,-83.09972426470591,9867.9,257.97772331381645,227.22357296918813
2025-10-11 11:22:59+00:00,UAL584,28.0619682699947,-83.10198615579043,9875.52,257.97772331381645,227.22357296918813
2025-10-11 11:23:00+00:00,UAL584,28.061508178710938,-83.10444171612079,9875.52,257.97772331381645,227.22357296918813
2025-10-11 11:23:01+00:00,UAL584,28.061004638671875,-83.10692420372595,9883.14,257.85090839255867,227.331284361115
2025-10-11 11:23:02+00:00,UAL584,28.060592651367188,-83.10919541579028,9890.76,257.85090839255867,227.331284361115
2025-10-11 11:23:03+00:00,UAL584,28.060199284957623,-83.11119528377759,9898.38,257.85090839255867,227.331284361115
2025-10-11 11:23:04+00:00,UAL584,28.059780314817267,-83.11345717486216,9906.0,257.85090839255867,227.331284361115
2025-10-11 11:23:05+00:00,UAL584,28.05931479243909,-83.11593448414521,9913.62,257.85090839255867,227.331284361115
2025-10-11 11:23:06+00:00,UAL584,28.05894470214844,-83.11796335073615,9921.24,257.85090839255867,227.331284361115
2025-10-11 11:23:07+00:00,UAL584,28.05843029992055,-83.12045826631436,9928.86,257.8235604160544,226.82838806095185
2025-10-11 11:23:08+00:00,UAL584,28.05796477754237,-83.12293557559741,9936.48,257.8235604160544,226.82838806095185
2025-10-11 11:23:09+00:00,UAL584,28.05782512082892,-83.12385110294116,9936.48,257.8235604160544,226.82838806095185
2025-10-11 11:23:10+00:00,UAL584,28.057159423828125,-83.12720665564905,9951.72,257.8235604160544,226.82838806095185
2025-10-11 11:23:11+00:00,UAL584,28.05670166015625,-83.12968914325421,9959.34,257.8235604160544,226.82838806095185
2025-10-11 11:23:12+00:00,UAL584,28.05633544921875,-83.13148498535156,9959.34,257.8235604160544,226.82838806095185
2025-10-11 11:23:13+00:00,UAL584,28.05610656738281,-83.13285827636719,9966.96,257.7960909111779,226.32554366806164
2025-10-11 11:23:14+00:00,UAL584,28.055648803710938,-83.13507666954627,9974.58,257.7960909111779,226.32554366806164
2025-10-11 11:23:15+00:00,UAL584,28.055007934570312,-83.13845707820013,9982.2,257.7960909111779,226.32554366806164
2025-10-11 11:23:16+00:00,UAL584,28.05461301641949,-83.14049215877759,9989.82,257.7960909111779,226.32554366806164
2025-10-11 11:23:17+00:00,UAL584,28.054412841796875,-83.14157339242786,9997.44,257.9234436147242,226.2173534021064
2025-10-11 11:23:18+00:00,UAL584,28.05377197265625,-83.14495380108173,10005.06,257.9234436147242,226.2173534021064
2025-10-11 11:23:19+00:00,UAL584,28.05335998535156,-83.147225013146,10012.68,257.9234436147242,226.2173534021064
2025-10-11 11:23:20+00:00,UAL584,28.052993774414062,-83.1490208552434,10020.3,257.89612229595366,225.7143202630832
2025-10-11 11:23:21+00:00,UAL584,28.052611270193324,-83.15104765050552,10027.92,257.89612229595366,225.7143202630832
2025-10-11 11:23:22+00:00,UAL584,28.052032470703125,-83.15414428710938,10035.54,257.89612229595366,225.7143202630832
2025-10-11 11:23:23+00:00,UAL584,28.0517578125,-83.155517578125,10043.16,257.89612229595366,225.7143202630832
2025-10-11 11:23:24+00:00,UAL584,28.051307807534428,-83.15794103285845,10050.78,257.89612229595366,225.7143202630832
2025-10-11 11:23:25+00:00,UAL584,28.05088806152344,-83.15995436448316,10058.4,257.8686789333675,225.2113386769328
2025-10-11 11:23:26+00:00,UAL584,28.050330210540253,-83.16311106962314,10066.02,257.8686789333675,225.2113386769328
2025-10-11 11:23:27+00:00,UAL584,28.05010986328125,-83.16423269418567,10073.64,257.8686789333675,225.2113386769328
2025-10-11 11:23:28+00:00,UAL584,28.049631926972985,-83.16666546989893,10081.26,257.8686789333675,225.2113386769328
2025-10-11 11:23:29+00:00,UAL584,28.0491943359375,-83.16893357496997,10081.26,257.8686789333675,225.2113386769328
2025-10-11 11:23:30+00:00,UAL584,28.048747434454448,-83.17140467026655,10096.5,257.8686789333675,225.2113386769328
2025-10-11 11:23:31+00:00,UAL584,28.04818725585937,-83.17426828237677,10104.12,257.8686789333675,225.2113386769328
2025-10-11 11:23:32+00:00,UAL584,28.04791259765625,-83.1756415733924,10104.12,257.8411127200609,224.7084089898392
2025-10-11 11:23:33+00:00,UAL584,28.047350867319917,-83.17872888901655,10119.36,257.8411127200609,224.7084089898392
2025-10-11 11:23:34+00:00,UAL584,28.04688534494173,-83.18099078010113,10119.36,257.8411127200609,224.7084089898392
2025-10-11 11:23:35+00:00,UAL584,28.046466374801376,-83.18319881663604,10126.98,257.8411127200609,224.7084089898392
2025-10-11 11:23:36+00:00,UAL584,28.046218872070312,-83.18456796499396,10134.6,257.8411127200609,224.7084089898392
2025-10-11 11:23:37+00:00,UAL584,28.045806884765625,-83.1867863581731,10142.22,257.8411127200609,224.7084089898392
2025-10-11 11:23:38+00:00,UAL584,28.045211791992188,-83.18990267240082,10149.84,257.8411127200609,224.7084089898392
2025-10-11 11:23:39+00:00,UAL584,28.044837046477756,-83.19192325367646,10157.46,257.8411127200609,224.7084089898392
2025-10-11 11:23:40+00:00,UAL584,28.044418076337397,-83.1939158720129,10157.46,257.8134228421162,224.2055315510566
2025-10-11 11:23:41+00:00,UAL584,28.0440673828125,-83.19592402531549,10165.08,257.8134228421162,224.2055315510566
2025-10-11 11:23:42+00:00,UAL584,28.043609619140625,-83.19814241849457,10172.7,257.8134228421162,224.2055315510566
2025-10-11 11:23:43+00:00,UAL584,28.04320771815413,-83.20037841796875,10180.32,257.8134228421162,224.2055315510566
2025-10-11 11:23:44+00:00,UAL584,28.042739868164062,-83.20279048039362,10187.94,257.8134228421162,224.2055315510566
2025-10-11 11:23:45+00:00,UAL584,28.04227667339777,-83.2052791819853,10195.56,257.8134228421162,224.2055315510566
2025-10-11 11:23:46+00:00,UAL584,28.0418111510196,-83.20770263671875,10203.18,257.8134228421162,224.2055315510566
2025-10-11 11:23:47+00:00,UAL584,28.04159545898437,-83.20881183330829,10210.8,257.8134228421162,224.2055315510566
2025-10-11 11:23:48+00:00,UAL584,28.041183471679688,-83.21103022648737,10210.8,257.78560847852765,223.70270671294327
2025-10-11 11:23:49+00:00,UAL584,28.040693897311968,-83.21346507352939,10226.04,257.78560847852765,223.70270671294327
2025-10-11 11:23:50+00:00,UAL584,28.040267944335938,-83.21567828838641,10226.04,257.78560847852765,223.70270671294327
2025-10-11 11:23:51+00:00,UAL584,28.0396728515625,-83.2187946026142,10241.28,257.78560847852765,223.70270671294327
2025-10-11 11:23:52+00:00,UAL584,28.039352416992188,-83.22059044471155,10241.28,257.9144500223001,223.59443096724303
2025-10-11 11:23:53+00:00,UAL584,28.038924912274894,-83.22278191061582,10248.9,257.9144500223001,223.59443096724303
2025-10-11 11:23:54+00:00,UAL584,28.03852844238281,-83.22481595552881,10256.52,257.9144500223001,223.59443096724303
2025-10-11 11:23:55+00:00,UAL584,28.03802490234375,-83.22745689978967,10264.14,257.9144500223001,223.59443096724303
2025-10-11 11:23:56+00:00,UAL584,28.037612915039062,-83.22967529296875,10271.76,257.9144500223001,223.59443096724303
2025-10-11 11:23:57+00:00,UAL584,28.037155151367188,-83.23210496168872,10279.38,257.9144500223001,223.59443096724303
2025-10-11 11:23:58+00:00,UAL584,28.036783509335272,-83.23409136603863,10287.0,257.9144500223001,223.59443096724303
2025-10-11 11:23:59+00:00,UAL584,28.03656005859375,-83.23522127591644,10287.0,257.8867872046656,223.09141506886533
2025-10-11 11:24:00+00:00,UAL584,28.03608522576801,-83.23764576631436,10294.62,257.8867872046656,223.09141506886533
2025-10-11 11:24:01+00:00,UAL584,28.03543349443856,-83.24098474839155,10302.24,257.8867872046656,223.09141506886533
2025-10-11 11:24:02+00:00,UAL584,28.035107628773837,-83.24276194852939,10309.86,257.8867872046656,223.09141506886533
2025-10-11 11:24:03+00:00,UAL584,28.034688658633478,-83.24496998506436,10317.48,257.8867872046656,223.09141506886533
2025-10-11 11:24:04+00:00,UAL584,28.034223136255296,-83.2473934397978,10325.1,257.8867872046656,223.09141506886533
2025-10-11 11:24:05+00:00,UAL584,28.033804166114937,-83.24960147633271,10325.1,257.8867872046656,223.09141506886533
2025-10-11 11:24:06+00:00,UAL584,28.03347830045021,-83.25137867647061,10332.72,257.8867872046656,223.09141506886533
2025-10-11 11:24:07+00:00,UAL584,28.032989501953125,-83.25402479905347,10340.34,257.8867872046656,223.09141506886533
2025-10-11 11:24:08+00:00,UAL584,28.03253173828125,-83.25624319223255,10347.96,257.8867872046656,223.09141506886533
2025-10-11 11:24:09+00:00,UAL584,28.032211303710938,-83.2580390343299,10347.96,257.8867872046656,223.09141506886533
2025-10-11 11:24:10+00:00,UAL584,28.03175586765095,-83.26048009535845,10355.58,257.8867872046656,223.09141506886533
2025-10-11 11:24:11+00:00,UAL584,28.03138344974841,-83.26247271369488,10355.58,257.8867872046656,223.09141506886533
2025-10-11 11:24:12+00:00,UAL584,28.030929565429688,-83.26490548940802,10363.2,257.8867872046656,223.09141506886533
2025-10-11 11:24:13+00:00,UAL584,28.03047180175781,-83.26712388258716,10363.2,257.8867872046656,223.09141506886533
2025-10-11 11:24:14+00:00,UAL584,28.02998688261388,-83.26974307789521,10363.2,257.8867872046656,223.09141506886533
2025-10-11 11:24:15+00:00,UAL584,28.02956791247352,-83.27195111443018,10370.82,257.8867872046656,223.09141506886533
2025-10-11 11:24:16+00:00,UAL584,28.02924204680879,-83.27372831456802,10370.82,257.8867872046656,223.09141506886533
2025-10-11 11:24:17+00:00,UAL584,28.02877652443061,-83.27620562385113,10370.82,257.9144500223001,223.59443096724303
2025-10-11 11:24:18+00:00,UAL584,28.028450658765887,-83.27798282398896,10363.2,257.9144500223001,223.59443096724303
2025-10-11 11:24:19+00:00,UAL584,28.0279541015625,-83.28038142277643,10363.2,257.9144500223001,223.59443096724303
2025-10-11 11:24:20+00:00,UAL584,28.02754211425781,-83.2825998159555,10363.2,257.9144500223001,223.59443096724303
2025-10-11 11:24:21+00:00,UAL584,28.027175903320312,-83.28460693359375,10363.2,257.9144500223001,223.59443096724303
2025-10-11 11:24:22+00:00,UAL584,28.026763916015625,-83.28682532677283,10363.2,257.9144500223001,223.59443096724303
2025-10-11 11:24:23+00:00,UAL584,28.02630615234375,-83.2890437199519,10363.2,257.9144500223001,223.59443096724303
2025-10-11 11:24:24+00:00,UAL584,28.02589028568591,-83.29128489774814,10363.2,257.9144500223001,223.59443096724303
2025-10-11 11:24:25+00:00,UAL584,28.02547131554555,-83.29349293428311,10363.2,257.9144500223001,223.59443096724303
2025-10-11 11:24:26+00:00,UAL584,28.024932861328125,-83.29638554499701,10363.2,257.9144500223001,223.59443096724303
2025-10-11 11:24:27+00:00,UAL584,28.024566650390625,-83.2983926626352,10363.2,258.0434157568509,223.4872869621259
2025-10-11 11:24:28+00:00,UAL584,28.024214405124468,-83.30038631663604,10363.2,258.1725045531542,223.38127632609732
2025-10-11 11:24:29+00:00,UAL584,28.02379543498411,-83.30259435317095,10363.2,258.1725045531542,223.38127632609732
2025-10-11 11:24:30+00:00,UAL584,28.023422241210938,-83.3045724722055,10363.2,258.1725045531542,223.38127632609732
2025-10-11 11:24:31+00:00,UAL584,28.022864390227756,-83.30771053538604,10363.2,258.1725045531542,223.38127632609732
2025-10-11 11:24:32+00:00,UAL584,28.02264404296875,-83.30879798302283,10363.2,258.3017152750314,223.2764006735132
2025-10-11 11:24:33+00:00,UAL584,28.022232055664062,-83.3110163762019,10363.2,258.3017152750314,223.2764006735132
2025-10-11 11:24:34+00:00,UAL584,28.021793688757946,-83.31325755399814,10363.2,258.3017152750314,223.2764006735132
2025-10-11 11:24:35+00:00,UAL584,28.02123506190413,-83.31638111787686,10363.2,258.3017152750314,223.2764006735132
2025-10-11 11:24:36+00:00,UAL584,28.02100230071504,-83.31767362706802,10363.2,258.3017152750314,223.2764006735132
2025-10-11 11:24:37+00:00,UAL584,28.020584106445312,-83.31988994891827,10363.2,258.3017152750314,223.2764006735132
2025-10-11 11:24:38+00:00,UAL584,28.020172119140625,-83.32210834209735,10363.2,258.3017152750314,223.2764006735132
2025-10-11 11:24:39+00:00,UAL584,28.01962280273437,-83.32522465632513,10363.2,258.3017152750314,223.2764006735132
2025-10-11 11:24:40+00:00,UAL584,28.019302368164062,-83.32702049842248,10363.2,258.3017152750314,223.2764006735132
2025-10-11 11:24:41+00:00,UAL584,28.01893615722656,-83.32902761606067,10363.2,258.3017152750314,223.2764006735132
2025-10-11 11:24:42+00:00,UAL584,28.018395375397244,-83.33189122817095,10363.2,258.3017152750314,223.2764006735132
2025-10-11 11:24:43+00:00,UAL584,28.017976405256885,-83.33409926470591,10363.2,258.3017152750314,223.2764006735132
2025-10-11 11:24:44+00:00,UAL584,28.017745971679688,-83.33547152005707,10363.2,258.3017152750314,223.2764006735132
2025-10-11 11:24:45+00:00,UAL584,28.01715087890625,-83.33853501539966,10363.2,258.3017152750314,223.2764006735132
2025-10-11 11:24:46+00:00,UAL584,28.016830444335938,-83.34033085749701,10363.2,258.3017152750314,223.2764006735132
2025-10-11 11:24:47+00:00,UAL584,28.01634707693326,-83.34298526539521,10363.2,258.3017152750314,223.2764006735132
2025-10-11 11:24:48+00:00,UAL584,28.01596069335937,-83.344978919396,10363.2,258.3017152750314,223.2764006735132
2025-10-11 11:24:49+00:00,UAL584,28.015594482421875,-83.34719731257513,10363.2,258.3017152750314,223.2764006735132
2025-10-11 11:24:50+00:00,UAL584,28.01513671875,-83.34966322954966,10363.2,258.3017152750314,223.2764006735132
2025-10-11 11:24:51+00:00,UAL584,28.014764300847457,-83.35165584788604,10363.2,258.3017152750314,223.2764006735132
2025-10-11 11:24:52+00:00,UAL584,28.014345330707098,-83.35386388442095,10363.2,258.1725045531542,223.38127632609732
2025-10-11 11:24:53+00:00,UAL584,28.013900756835938,-83.35628216083234,10363.2,258.1725045531542,223.38127632609732
2025-10-11 11:24:54+00:00,UAL584,28.013671875,-83.35739135742188,10363.2,258.1725045531542,223.38127632609732
2025-10-11 11:24:55+00:00,UAL584,28.013228076999468,-83.35984173943018,10363.2,258.1725045531542,223.38127632609732
2025-10-11 11:24:56+00:00,UAL584,28.01280910685911,-83.36204977596509,10363.2,258.1725045531542,223.38127632609732
2025-10-11 11:24:57+00:00,UAL584,28.01239013671875,-83.36452708524814,10363.2,258.1725045531542,223.38127632609732
2025-10-11 11:24:58+00:00,UAL584,28.011971166578387,-83.36673512178311,10363.2,258.1725045531542,223.38127632609732
2025-10-11 11:24:59+00:00,UAL584,28.01156616210937,-83.3687474177434,10363.2,258.1725045531542,223.38127632609732
2025-10-11 11:25:00+00:00,UAL584,28.011226330773304,-83.37072035845591,10363.2,258.1725045531542,223.38127632609732
2025-10-11 11:25:01+00:00,UAL584,28.010650634765625,-83.37381803072412,10363.2,258.0434157568509,223.4872869621259
2025-10-11 11:25:02+00:00,UAL584,28.010238647460938,-83.37603642390326,10363.2,258.0434157568509,223.4872869621259
2025-10-11 11:25:03+00:00,UAL584,28.00978321140095,-83.37825999540439,10363.2,258.0160306279953,222.98402936433615
2025-10-11 11:25:04+00:00,UAL584,28.00936424126059,-83.38046803193936,10363.2,258.0160306279953,222.98402936433615
2025-10-11 11:25:05+00:00,UAL584,28.008945271120236,-83.38267606847427,10363.2,258.0160306279953,222.98402936433615
2025-10-11 11:25:06+00:00,UAL584,28.00852630097987,-83.38488410500918,10363.2,258.0160306279953,222.98402936433615
2025-10-11 11:25:07+00:00,UAL584,28.00810733083951,-83.38736141429229,10363.2,258.0160306279953,222.98402936433615
2025-10-11 11:25:08+00:00,UAL584,28.007720947265625,-83.38934678297778,10363.2,258.0160306279953,222.98402936433615
2025-10-11 11:25:09+00:00,UAL584,28.007308959960938,-83.39156517615686,10363.2,258.0160306279953,222.98402936433615
2025-10-11 11:25:10+00:00,UAL584,28.006988525390625,-83.39309692382812,10363.2,258.0160306279953,222.98402936433615
2025-10-11 11:25:11+00:00,UAL584,28.00643920898437,-83.3962132380559,10363.2,258.0160306279953,222.98402936433615
2025-10-11 11:25:12+00:00,UAL584,28.0059814453125,-83.39843163123498,10363.2,258.0160306279953,222.98402936433615
2025-10-11 11:25:13+00:00,UAL584,28.00579833984375,-83.39954082782452,10363.2,258.1725045531542,223.38127632609732
2025-10-11 11:25:14+00:00,UAL584,28.0052490234375,-83.40265714205225,10363.2,258.3017152750314,223.2764006735132
2025-10-11 11:25:15+00:00,UAL584,28.00502014160156,-83.40397761418268,10363.2,258.69006752597977,222.96859954531172
2025-10-11 11:25:16+00:00,UAL584,28.004562377929688,-83.40640728290265,10363.2,259.1044963165873,223.17621917084983
2025-10-11 11:25:17+00:00,UAL584,28.004196166992188,-83.40862567608173,10363.2,259.1044963165873,223.17621917084983
2025-10-11 11:25:18+00:00,UAL584,28.003738403320312,-83.41174199030951,10363.2,259.9078405376586,223.11988437525528
2025-10-11 11:25:19+00:00,UAL584,28.00350952148437,-83.41311528132513,10363.2,260.3207315379198,223.36172697289652
2025-10-11 11:25:20+00:00,UAL584,28.003143310546875,-83.41554495004505,10363.2,260.7114324663358,223.10742950071256
2025-10-11 11:25:21+00:00,UAL584,28.00289348020392,-83.41757381663604,10363.2,261.10300679546765,222.86352969438613
2025-10-11 11:25:22+00:00,UAL584,28.00247451006356,-83.4206973805147,10363.2,261.5149560466249,223.1388618949188
2025-10-11 11:25:23+00:00,UAL584,28.002241748874468,-83.42247458065259,10363.2,261.7764298992081,222.9893702067822
2025-10-11 11:25:24+00:00,UAL584,28.001915883209744,-83.42495188993564,10363.2,262.1872708259438,223.2835124438632
2025-10-11 11:25:25+00:00,UAL584,28.001724243164062,-83.42700664813702,10363.2,262.5799851047388,223.0789586048332
2025-10-11 11:25:26+00:00,UAL584,28.001496913069385,-83.42899098115811,10363.2,262.9734017269554,222.88490384610935
2025-10-11 11:25:27+00:00,UAL584,28.001220703125,-83.43123215895434,10363.2,263.2516009558305,223.27225203619736
2025-10-11 11:25:28+00:00,UAL584,28.001129150390625,-83.43213008000299,10363.2,263.2516009558305,223.27225203619736
2025-10-11 11:25:29+00:00,UAL584,28.000946044921875,-83.43440129206732,10363.2,264.03943834266465,222.9306139024717
2025-10-11 11:25:30+00:00,UAL584,28.00057983398437,-83.43825707068811,10363.2,264.3025692283412,222.82611999540129
2025-10-11 11:25:31+00:00,UAL584,28.000472763837397,-83.43938490923716,10363.2,264.7099187946287,223.19044886933327
2025-10-11 11:25:32+00:00,UAL584,28.000193450410485,-83.4429393095129,10363.2,264.97303218393495,223.0979396057912
2025-10-11 11:25:33+00:00,UAL584,28.000030517578125,-83.44522916353662,10363.2,265.3680977502643,222.96800606941
2025-10-11 11:25:34+00:00,UAL584,27.999984741210938,-83.44660245455225,10363.2,265.7636052009412,222.84868532731383
2025-10-11 11:25:35+00:00,UAL584,27.999774480270126,-83.44994040096509,10363.2,266.0366491430498,223.28825349825703
2025-10-11 11:25:36+00:00,UAL584,27.999634823556672,-83.45220229204966,10363.2,266.3001125254424,223.2194983538
2025-10-11 11:25:37+00:00,UAL584,27.99954171908104,-83.45333323759189,10363.2,266.5637326815723,223.155465900738
2025-10-11 11:25:38+00:00,UAL584,27.999355510129767,-83.45694149241729,10363.2,266.5637326815723,223.155465900738
2025-10-11 11:25:39+00:00,UAL584,27.999298095703125,-83.45811697152942,10363.2,266.5637326815723,223.155465900738
2025-10-11 11:25:40+00:00,UAL584,27.99916076660156,-83.4603353647085,10363.2,266.5637326815723,223.155465900738
2025-10-11 11:25:41+00:00,UAL584,27.99902964446504,-83.4630809110754,10363.2,266.43190369532874,223.18689152976623
2025-10-11 11:25:42+00:00,UAL584,27.998931884765625,-83.46508906437799,10363.2,266.43190369532874,223.18689152976623
2025-10-11 11:25:43+00:00,UAL584,27.998794555664062,-83.46736027644232,10363.2,266.3001125254424,223.2194983538
2025-10-11 11:25:44+00:00,UAL584,27.9986572265625,-83.4696314885066,10363.2,266.3001125254424,223.2194983538
2025-10-11 11:25:45+00:00,UAL584,27.99851756984905,-83.47185920266543,10363.2,266.3001125254424,223.2194983538
2025-10-11 11:25:46+00:00,UAL584,27.99838256835937,-83.47433236929083,10363.2,266.3001125254424,223.2194983538
2025-10-11 11:25:47+00:00,UAL584,27.998238256422137,-83.47638298483457,10363.2,266.2915718428696,222.70612906051664
2025-10-11 11:25:48+00:00,UAL584,27.998145151946503,-83.47864487591914,10363.2,266.3001125254424,223.2194983538
2025-10-11 11:25:49+00:00,UAL584,27.998016357421875,-83.48088191105768,10363.2,266.16836054960964,223.25328585528783
2025-10-11 11:25:50+00:00,UAL584,27.997879028320312,-83.48315312312201,10363.2,266.15951752607714,222.73999443517152
2025-10-11 11:25:51+00:00,UAL584,27.99774169921875,-83.48542433518628,10363.2,266.15951752607714,222.73999443517152
2025-10-11 11:25:52+00:00,UAL584,27.99765014648437,-83.48722017728363,10363.2,266.15951752607714,222.73999443517152
2025-10-11 11:25:53+00:00,UAL584,27.997467041015625,-83.4897026648888,10363.2,266.15951752607714,222.73999443517152
2025-10-11 11:25:54+00:00,UAL584,27.997283935546875,-83.49287179800177,10363.2,266.15951752607714,222.73999443517152
2025-10-11 11:25:55+00:00,UAL584,27.997238159179688,-83.49376971905048,10363.2,266.15951752607714,222.73999443517152
2025-10-11 11:25:56+00:00,UAL584,27.997100830078125,-83.49625220665564,10363.2,266.15951752607714,222.73999443517152
2025-10-11 11:25:57+00:00,UAL584,27.996888241525426,-83.49964815027573,10363.2,266.15951752607714,222.73999443517152
2025-10-11 11:25:58+00:00,UAL584,27.99678039550781,-83.50169255183295,10363.2,266.15951752607714,222.73999443517152
2025-10-11 11:25:59+00:00,UAL584,27.99664306640625,-83.50417503943811,10363.2,266.15951752607714,222.73999443517152
2025-10-11 11:26:00+00:00,UAL584,27.99651582362288,-83.50616455078125,10363.2,266.15951752607714,222.73999443517152
2025-10-11 11:26:01+00:00,UAL584,27.996376166909428,-83.50842644186582,10363.2,266.15951752607714,222.73999443517152
2025-10-11 11:26:02+00:00,UAL584,27.99627685546875,-83.51046048677881,10363.2,266.15951752607714,222.73999443517152
2025-10-11 11:26:03+00:00,UAL584,27.99609685348252,-83.51316564223345,10363.2,266.15951752607714,222.73999443517152
2025-10-11 11:26:04+00:00,UAL584,27.996002197265625,-83.5152141864483,10363.2,266.15951752607714,222.73999443517152
2025-10-11 11:26:05+00:00,UAL584,27.99591064453125,-83.51634306066177,10363.2,266.15951752607714,222.73999443517152
2025-10-11 11:26:06+00:00,UAL584,27.9957709878178,-83.51882036994488,10363.2,266.15951752607714,222.73999443517152
2025-10-11 11:26:07+00:00,UAL584,27.995635986328125,-83.52086580716644,10363.2,266.15951752607714,222.73999443517152
2025-10-11 11:26:08+00:00,UAL584,27.995445122153072,-83.52420582490811,10363.2,266.15951752607714,222.73999443517152
2025-10-11 11:26:09+00:00,UAL584,27.995305465439618,-83.52668313419116,10363.2,266.15951752607714,222.73999443517152
2025-10-11 11:26:10+00:00,UAL584,27.99522399902344,-83.52783790001502,10363.2,266.15951752607714,222.73999443517152
2025-10-11 11:26:11+00:00,UAL584,27.995086669921875,-83.53010911207934,10363.2,266.15951752607714,222.73999443517152
2025-10-11 11:26:12+00:00,UAL584,27.99488649529926,-83.53325338924634,10363.2,266.02750405924934,222.7750426463864
2025-10-11 11:26:13+00:00,UAL584,27.99481201171875,-83.53438744178186,10363.2,266.02750405924934,222.7750426463864
2025-10-11 11:26:14+00:00,UAL584,27.99460718187235,-83.53777717141543,10363.2,266.02750405924934,222.7750426463864
2025-10-11 11:26:15+00:00,UAL584,27.994467525158896,-83.54025448069854,10363.2,266.02750405924934,222.7750426463864
2025-10-11 11:26:16+00:00,UAL584,27.994354248046875,-83.54225745567908,10363.2,266.02750405924934,222.7750426463864
2025-10-11 11:26:17+00:00,UAL584,27.994216918945312,-83.5445286677434,10363.2,266.02750405924934,222.7750426463864
2025-10-11 11:26:18+00:00,UAL584,27.99409510725636,-83.54655546300552,10363.2,266.02750405924934,222.7750426463864
2025-10-11 11:26:19+00:00,UAL584,27.993908898305083,-83.54903277228863,10363.2,266.02750405924934,222.7750426463864
2025-10-11 11:26:20+00:00,UAL584,27.99376924159163,-83.55129466337314,10363.2,266.02750405924934,222.7750426463864
2025-10-11 11:26:21+00:00,UAL584,27.993629584878175,-83.55355655445771,10363.2,266.02750405924934,222.7750426463864
2025-10-11 11:26:22+00:00,UAL584,27.9935302734375,-83.55577909029444,10363.2,265.89553282441864,222.81127313598063
2025-10-11 11:26:23+00:00,UAL584,27.99335027145127,-83.55824190027573,10363.2,265.89553282441864,222.81127313598063
2025-10-11 11:26:24+00:00,UAL584,27.99330371921345,-83.55915742761948,10363.2,265.89553282441864,222.81127313598063
2025-10-11 11:26:25+00:00,UAL584,27.993072509765625,-83.562751183143,10363.2,266.02750405924934,222.7750426463864
2025-10-11 11:26:26+00:00,UAL584,27.99293130131091,-83.56481215533091,10363.2,265.89553282441864,222.81127313598063
2025-10-11 11:26:27+00:00,UAL584,27.9927978515625,-83.56729360727161,10363.2,266.02750405924934,222.7750426463864
2025-10-11 11:26:28+00:00,UAL584,27.992651987884003,-83.56955135569854,10363.2,266.02750405924934,222.7750426463864
2025-10-11 11:26:29+00:00,UAL584,27.99252319335937,-83.57157193697412,10363.2,266.02750405924934,222.7750426463864
2025-10-11 11:26:30+00:00,UAL584,27.992372674457098,-83.57359044692095,10363.2,266.02750405924934,222.7750426463864
2025-10-11 11:26:31+00:00,UAL584,27.992233017743644,-83.57585233800552,10363.2,266.02750405924934,222.7750426463864
2025-10-11 11:26:32+00:00,UAL584,27.99213991326801,-83.57784495634189,10363.2,266.02750405924934,222.7750426463864
2025-10-11 11:26:33+00:00,UAL584,27.992000256554554,-83.58010684742646,10363.2,266.02750405924934,222.7750426463864
2025-10-11 11:26:34+00:00,UAL584,27.9918605998411,-83.58236873851104,10363.2,266.02750405924934,222.7750426463864
2025-10-11 11:26:35+00:00,UAL584,27.99169921875,-83.58509357158954,10363.2,266.02750405924934,222.7750426463864
2025-10-11 11:26:36+00:00,UAL584,27.99156188964844,-83.58731196476862,10363.2,266.02750405924934,222.7750426463864
2025-10-11 11:26:37+00:00,UAL584,27.99144162970074,-83.58936982996323,10363.2,266.02750405924934,222.7750426463864
2025-10-11 11:26:38+00:00,UAL584,27.991255420749468,-83.59184713924634,10363.2,266.15951752607714,222.73999443517152
2025-10-11 11:26:39+00:00,UAL584,27.99114990234375,-83.59386150653546,10363.2,266.15951752607714,222.73999443517152
2025-10-11 11:26:40+00:00,UAL584,27.9910692117982,-83.594970703125,10363.2,266.15951752607714,222.73999443517152
2025-10-11 11:26:41+00:00,UAL584,27.990875244140625,-83.59835111177881,10363.2,266.15951752607714,222.73999443517152
2025-10-11 11:26:42+00:00,UAL584,27.990743346133478,-83.60105626723345,10363.2,266.15951752607714,222.73999443517152
2025-10-11 11:26:43+00:00,UAL584,27.99065024165784,-83.60240263097427,10363.2,266.15951752607714,222.73999443517152
2025-10-11 11:26:44+00:00,UAL584,27.99046403270657,-83.60558004940259,10363.2,266.15063365214814,222.2267083454099
2025-10-11 11:26:45+00:00,UAL584,27.99032437599311,-83.60805735868564,10363.2,266.15063365214814,222.2267083454099
2025-10-11 11:26:46+00:00,UAL584,27.990277823755296,-83.60897288602939,10363.2,266.15063365214814,222.2267083454099
2025-10-11 11:26:47+00:00,UAL584,27.99009704589844,-83.6114501953125,10363.2,266.15063365214814,222.2267083454099
2025-10-11 11:26:48+00:00,UAL584,27.989959716796875,-83.61366858849158,10363.2,266.15063365214814,222.2267083454099
2025-10-11 11:26:49+00:00,UAL584,27.98981230137712,-83.61640481387866,10363.2,266.28299169453834,222.1927647385826
2025-10-11 11:26:50+00:00,UAL584,27.989672644663663,-83.61866670496323,10363.2,266.28299169453834,222.1927647385826
2025-10-11 11:26:51+00:00,UAL584,27.98957954018803,-83.62087474149814,10363.2,266.28299169453834,222.1927647385826
2025-10-11 11:26:52+00:00,UAL584,27.989486435712397,-83.62249037798716,10363.2,266.2915718428696,222.70612906051664
2025-10-11 11:26:53+00:00,UAL584,27.989273071289062,-83.62586975097656,10363.2,266.2915718428696,222.70612906051664
2025-10-11 11:26:54+00:00,UAL584,27.9891357421875,-83.62808814415564,10363.2,266.2915718428696,222.70612906051664
2025-10-11 11:26:55+00:00,UAL584,27.989044189453125,-83.62967271071216,10363.2,266.2915718428696,222.70612906051664
2025-10-11 11:26:56+00:00,UAL584,27.98890686035156,-83.63194392277643,10363.2,266.28299169453834,222.1927647385826
2025-10-11 11:26:57+00:00,UAL584,27.98876953125,-83.6341623159555,10363.2,266.2915718428696,222.70612906051664
2025-10-11 11:26:58+00:00,UAL584,27.988648495431672,-83.63622328814341,10363.2,266.28299169453834,222.1927647385826
2025-10-11 11:26:59+00:00,UAL584,27.988508838718214,-83.63870059742646,10363.2,266.2915718428696,222.70612906051664
2025-10-11 11:27:00+00:00,UAL584,27.9884033203125,-83.64071185772235,10363.2,266.2915718428696,222.70612906051664
2025-10-11 11:27:01+00:00,UAL584,27.98827607752913,-83.64273968864893,10363.2,266.2915718428696,222.70612906051664
2025-10-11 11:27:02+00:00,UAL584,27.988082885742188,-83.64636347844049,10363.2,266.2915718428696,222.70612906051664
2025-10-11 11:27:03+00:00,UAL584,27.987945556640625,-83.64858187161957,10363.2,266.2915718428696,222.70612906051664
2025-10-11 11:27:04+00:00,UAL584,27.98785710738877,-83.64974078010113,10363.2,266.2915718428696,222.70612906051664
2025-10-11 11:27:05+00:00,UAL584,27.98771745067532,-83.65286434397979,10363.2,266.15951752607714,222.73999443517152
2025-10-11 11:27:06+00:00,UAL584,27.98753124172405,-83.6553416532629,10363.2,266.15951752607714,222.73999443517152
2025-10-11 11:27:07+00:00,UAL584,27.98743813724841,-83.6571727079504,10363.2,266.15951752607714,222.73999443517152
2025-10-11 11:27:08+00:00,UAL584,27.98734503277277,-83.65851907169116,10363.2,266.15951752607714,222.73999443517152
2025-10-11 11:27:09+00:00,UAL584,27.98720537605932,-83.66099638097427,10363.2,266.15951752607714,222.73999443517152
2025-10-11 11:27:10+00:00,UAL584,27.987075805664062,-83.66347679725061,10363.2,266.15951752607714,222.73999443517152
2025-10-11 11:27:11+00:00,UAL584,27.986892700195312,-83.66664593036359,10363.2,266.15951752607714,222.73999443517152
2025-10-11 11:27:12+00:00,UAL584,27.98683295815678,-83.66772819967832,10363.2,266.15951752607714,222.73999443517152
2025-10-11 11:27:13+00:00,UAL584,27.986693301443324,-83.67020550896143,10363.2,266.15951752607714,222.73999443517152
2025-10-11 11:27:14+00:00,UAL584,27.986480712890625,-83.67314265324518,10363.2,266.15951752607714,222.73999443517152
2025-10-11 11:27:15+00:00,UAL584,27.98638916015625,-83.67541386530951,10363.2,266.15951752607714,222.73999443517152
2025-10-11 11:27:16+00:00,UAL584,27.986227779065143,-83.67742201861216,10363.2,266.15951752607714,222.73999443517152
2025-10-11 11:27:17+00:00,UAL584,27.98608812235169,-83.67989932789521,10363.2,266.15951752607714,222.73999443517152
2025-10-11 11:27:18+00:00,UAL584,27.98597717285156,-83.6819634070763,10363.2,266.15951752607714,222.73999443517152
2025-10-11 11:27:19+00:00,UAL584,27.985855361162606,-83.68399227366729,10363.2,266.15951752607714,222.73999443517152
2025-10-11 11:27:20+00:00,UAL584,27.985715704449152,-83.6862003102022,10363.2,266.15951752607714,222.73999443517152
2025-10-11 11:27:21+00:00,UAL584,27.985576047735695,-83.6886776194853,10363.2,266.15951752607714,222.73999443517152
2025-10-11 11:27:22+00:00,UAL584,27.985427856445312,-83.69073134202222,10363.2,266.15951752607714,222.73999443517152
2025-10-11 11:27:23+00:00,UAL584,27.98529052734375,-83.69300255408655,10363.2,266.15951752607714,222.73999443517152
2025-10-11 11:27:24+00:00,UAL584,27.98515707759534,-83.69524787454043,10363.2,266.15951752607714,222.73999443517152
2025-10-11 11:27:25+00:00,UAL584,27.9850639731197,-83.6974559110754,10363.2,266.15951752607714,222.73999443517152
2025-10-11 11:27:26+00:00,UAL584,27.98492431640625,-83.69949927696814,10363.2,266.15951752607714,222.73999443517152
2025-10-11 11:27:27+00:00,UAL584,27.9847846596928,-83.70154885684741,10363.2,266.15951752607714,222.73999443517152
2025-10-11 11:27:28+00:00,UAL584,27.984649658203125,-83.70377760667066,10363.2,266.15951752607714,222.73999443517152
2025-10-11 11:27:29+00:00,UAL584,27.984505346265887,-83.70628805721509,10363.2,266.15951752607714,222.73999443517152
2025-10-11 11:27:30+00:00,UAL584,27.984375,-83.70832003079926,10363.2,266.15951752607714,222.73999443517152
2025-10-11 11:27:31+00:00,UAL584,27.98419189453125,-83.71170043945312,10363.2,266.15951752607714,222.73999443517152
2025-10-11 11:27:32+00:00,UAL584,27.984146118164062,-83.71259836050177,10363.2,266.15951752607714,222.73999443517152
2025-10-11 11:27:33+00:00,UAL584,27.98403982388771,-83.71458165785845,10363.2,266.15951752607714,222.73999443517152
2025-10-11 11:27:34+00:00,UAL584,27.98390016717426,-83.71684354894302,10363.2,266.15951752607714,222.73999443517152
2025-10-11 11:27:35+00:00,UAL584,27.983688354492188,-83.72046837439905,10363.2,266.15951752607714,222.73999443517152
2025-10-11 11:27:36+00:00,UAL584,27.983551025390625,-83.72273958646332,10363.2,266.2915718428696,222.70612906051664
2025-10-11 11:27:37+00:00,UAL584,27.98343464479608,-83.72476016773896,10363.2,266.2915718428696,222.70612906051664
2025-10-11 11:27:38+00:00,UAL584,27.9832763671875,-83.72701791616583,10363.2,266.2915718428696,222.70612906051664
2025-10-11 11:27:39+00:00,UAL584,27.983184814453125,-83.72923630934497,10363.2,266.2915718428696,222.70612906051664
2025-10-11 11:27:40+00:00,UAL584,27.98309326171875,-83.73013423039362,10363.2,266.2915718428696,222.70612906051664
2025-10-11 11:27:41+00:00,UAL584,27.98291015625,-83.73377873347357,10363.2,266.2915718428696,222.70612906051664
2025-10-11 11:27:42+00:00,UAL584,27.98278291346663,-83.73601576861216,10363.2,266.2915718428696,222.70612906051664
2025-10-11 11:27:43+00:00,UAL584,27.982635498046875,-83.73805706317609,10363.2,266.2915718428696,222.70612906051664
2025-10-11 11:27:44+00:00,UAL584,27.982589721679688,-83.73895498422473,10363.2,266.2915718428696,222.70612906051664
2025-10-11 11:27:45+00:00,UAL584,27.982406616210938,-83.7423353928786,10363.2,266.2915718428696,222.70612906051664
2025-10-11 11:27:46+00:00,UAL584,27.98226928710937,-83.74455378605768,10363.2,266.15951752607714,222.73999443517152
2025-10-11 11:27:47+00:00,UAL584,27.982177734375,-83.7466251148897,10363.2,266.15951752607714,222.73999443517152
2025-10-11 11:27:48+00:00,UAL584,27.98204040527344,-83.74862084021936,10363.2,266.15951752607714,222.73999443517152
2025-10-11 11:27:49+00:00,UAL584,27.981948852539062,-83.74999413123498,10363.2,266.15951752607714,222.73999443517152
2025-10-11 11:27:50+00:00,UAL584,27.981765747070312,-83.7533745398888,10363.2,266.15951752607714,222.73999443517152
2025-10-11 11:27:51+00:00,UAL584,27.981674194335938,-83.75469501201923,10363.2,266.15951752607714,222.73999443517152
2025-10-11 11:27:52+00:00,UAL584,27.981491088867188,-83.7578641451322,10363.2,266.02750405924934,222.7750426463864
2025-10-11 11:27:53+00:00,UAL584,27.98133979409428,-83.76014260684741,10363.2,266.02750405924934,222.7750426463864
2025-10-11 11:27:54+00:00,UAL584,27.981216430664062,-83.76214247483472,10363.2,266.02750405924934,222.7750426463864
2025-10-11 11:27:55+00:00,UAL584,27.98106048066737,-83.76461253446689,10363.2,266.02750405924934,222.7750426463864
2025-10-11 11:27:56+00:00,UAL584,27.98092082395392,-83.76687442555146,10363.2,266.02750405924934,222.7750426463864
2025-10-11 11:27:57+00:00,UAL584,27.98085021972656,-83.76800537109375,10363.2,266.02750405924934,222.7750426463864
2025-10-11 11:27:58+00:00,UAL584,27.98064151052701,-83.77161362591914,10363.2,266.02750405924934,222.7750426463864
2025-10-11 11:27:59+00:00,UAL584,27.980594958289192,-83.7725291532629,10363.2,266.02750405924934,222.7750426463864
2025-10-11 11:28:00+00:00,UAL584,27.98045530157574,-83.77479104434741,10363.2,266.02750405924934,222.7750426463864
2025-10-11 11:28:01+00:00,UAL584,27.980300903320312,-83.7772486760066,10363.2,266.02750405924934,222.7750426463864
2025-10-11 11:28:02+00:00,UAL584,27.9800828836732,-83.78087660845591,10363.2,266.02750405924934,222.7750426463864
2025-10-11 11:28:03+00:00,UAL584,27.979943226959744,-83.78308464499082,10363.2,266.02750405924934,222.7750426463864
2025-10-11 11:28:04+00:00,UAL584,27.97979736328125,-83.7853827843299,10363.2,266.02750405924934,222.7750426463864
2025-10-11 11:28:05+00:00,UAL584,27.97971046577065,-83.78647748161768,10363.2,266.02750405924934,222.7750426463864
2025-10-11 11:28:06+00:00,UAL584,27.979522705078125,-83.7898723895733,10363.2,266.02750405924934,222.7750426463864
2025-10-11 11:28:07+00:00,UAL584,27.97933959960937,-83.79235487717847,10363.2,266.02750405924934,222.7750426463864
2025-10-11 11:28:08+00:00,UAL584,27.979291495630296,-83.79347857306988,10363.2,266.02750405924934,222.7750426463864
2025-10-11 11:28:09+00:00,UAL584,27.97911071777344,-83.79642193134015,10363.2,266.02750405924934,222.7750426463864
2025-10-11 11:28:10+00:00,UAL584,27.97896562996557,-83.79864860983457,10363.2,266.02750405924934,222.7750426463864
2025-10-11 11:28:11+00:00,UAL584,27.9788818359375,-83.79980233999396,10363.2,266.02750405924934,222.7750426463864
2025-10-11 11:28:12+00:00,UAL584,27.9787794210143,-83.8018260282629,10363.2,266.02750405924934,222.7750426463864
2025-10-11 11:28:13+00:00,UAL584,27.978561401367188,-83.80518986628607,10363.2,266.02750405924934,222.7750426463864
2025-10-11 11:28:14+00:00,UAL584,27.978424072265625,-83.80767235389123,10363.2,266.02750405924934,222.7750426463864
2025-10-11 11:28:15+00:00,UAL584,27.97836045087394,-83.80877326516543,10363.2,266.02750405924934,222.7750426463864
2025-10-11 11:28:16+00:00,UAL584,27.97817424192267,-83.81195068359375,10363.2,266.02750405924934,222.7750426463864
2025-10-11 11:28:17+00:00,UAL584,27.978103637695312,-83.81305988018329,10363.2,266.02750405924934,222.7750426463864
2025-10-11 11:28:18+00:00,UAL584,27.977848376257946,-83.81668988396143,10363.2,266.02750405924934,222.7750426463864
2025-10-11 11:28:19+00:00,UAL584,27.977783203125,-83.81781357985278,10363.2,266.02750405924934,222.7750426463864
2025-10-11 11:28:20+00:00,UAL584,27.977662167306672,-83.81981344784009,10363.2,266.02750405924934,222.7750426463864
2025-10-11 11:28:21+00:00,UAL584,27.9774759583554,-83.82320628446689,10363.2,266.02750405924934,222.7750426463864
2025-10-11 11:28:22+00:00,UAL584,27.977279663085938,-83.82658151479865,10363.2,266.02750405924934,222.7750426463864
2025-10-11 11:28:23+00:00,UAL584,27.97715009269068,-83.82859173943018,10363.2,266.02750405924934,222.7750426463864
2025-10-11 11:28:24+00:00,UAL584,27.97705078125,-83.82996192345252,10363.2,266.02750405924934,222.7750426463864
2025-10-11 11:28:25+00:00,UAL584,27.97691345214844,-83.83223313551684,10363.2,266.02750405924934,222.7750426463864
2025-10-11 11:28:26+00:00,UAL584,27.976821899414062,-83.83355360764722,10363.2,266.15951752607714,222.73999443517152
2025-10-11 11:28:27+00:00,UAL584,27.97673112255032,-83.83559283088238,10363.2,266.02750405924934,222.7750426463864
2025-10-11 11:28:28+00:00,UAL584,27.976498361361227,-83.83941650390625,10363.2,266.15951752607714,222.73999443517152
2025-10-11 11:28:29+00:00,UAL584,27.97635870464777,-83.84167839499082,10363.2,266.15951752607714,222.73999443517152
2025-10-11 11:28:30+00:00,UAL584,27.976226806640625,-83.84369483360877,10363.2,266.15951752607714,222.73999443517152
2025-10-11 11:28:31+00:00,UAL584,27.976079391220868,-83.84641759535845,10363.2,266.15951752607714,222.73999443517152
2025-10-11 11:28:32+00:00,UAL584,27.975939734507413,-83.84867948644302,10363.2,266.02750405924934,222.7750426463864
2025-10-11 11:28:33+00:00,UAL584,27.975814819335938,-83.85071974534253,10363.2,266.02750405924934,222.7750426463864
2025-10-11 11:28:34+00:00,UAL584,27.975753525556144,-83.85185690487134,10363.2,266.02750405924934,222.7750426463864
2025-10-11 11:28:35+00:00,UAL584,27.97552076436705,-83.85568057789521,10363.2,266.02750405924934,222.7750426463864
2025-10-11 11:28:36+00:00,UAL584,27.97544860839844,-83.8567939171424,10363.2,266.02750405924934,222.7750426463864
2025-10-11 11:28:37+00:00,UAL584,27.97533455541578,-83.85880414177393,10363.2,266.02750405924934,222.7750426463864
2025-10-11 11:28:38+00:00,UAL584,27.97510179422669,-83.86219697840073,10363.2,266.02750405924934,222.7750426463864
2025-10-11 11:28:39+00:00,UAL584,27.97503662109375,-83.86334345890924,10363.2,266.02750405924934,222.7750426463864
2025-10-11 11:28:40+00:00,UAL584,27.97480773925781,-83.86693514310394,10363.2,266.02750405924934,222.7750426463864
2025-10-11 11:28:41+00:00,UAL584,27.974729376324152,-83.86828254250918,10363.2,266.02750405924934,222.7750426463864
2025-10-11 11:28:42+00:00,UAL584,27.97454316737288,-83.8714599609375,10363.2,266.02750405924934,222.7750426463864
2025-10-11 11:28:43+00:00,UAL584,27.974441528320312,-83.87348468487079,10363.2,266.02750405924934,222.7750426463864
2025-10-11 11:28:44+00:00,UAL584,27.97430419921875,-83.87528052696814,10363.2,266.02750405924934,222.7750426463864
2025-10-11 11:28:45+00:00,UAL584,27.97417074947034,-83.87754552504595,10363.2,266.02750405924934,222.7750426463864
2025-10-11 11:28:46+00:00,UAL584,27.9740776449947,-83.87889188878677,10363.2,266.02750405924934,222.7750426463864
2025-10-11 11:28:47+00:00,UAL584,27.973984540519066,-83.88066908892466,10363.2,266.02750405924934,222.7750426463864
2025-10-11 11:28:48+00:00,UAL584,27.973751779329977,-83.88427734375,10363.2,266.02750405924934,222.7750426463864
2025-10-11 11:28:49+00:00,UAL584,27.97370522709216,-83.88519287109375,10363.2,266.02750405924934,222.7750426463864
2025-10-11 11:28:50+00:00,UAL584,27.973565570378707,-83.88767018037686,10363.2,266.02750405924934,222.7750426463864
2025-10-11 11:28:51+00:00,UAL584,27.973425913665253,-83.88993207146143,10363.2,266.02750405924934,222.7750426463864
2025-10-11 11:28:52+00:00,UAL584,27.97320556640625,-83.8935030423678,10363.2,266.02750405924934,222.7750426463864
2025-10-11 11:28:53+00:00,UAL584,27.973068237304688,-83.89577425443207,10363.2,266.02750405924934,222.7750426463864
2025-10-11 11:28:54+00:00,UAL584,27.972960391287074,-83.89779483570771,10363.2,266.02750405924934,222.7750426463864
2025-10-11 11:28:55+00:00,UAL584,27.97279357910156,-83.89984130859375,10363.2,266.02750405924934,222.7750426463864
2025-10-11 11:28:56+00:00,UAL584,27.97263452562235,-83.9025340360754,10363.2,266.02750405924934,222.7750426463864
2025-10-11 11:28:57+00:00,UAL584,27.97251892089844,-83.90454218937799,10363.2,266.02750405924934,222.7750426463864
2025-10-11 11:28:58+00:00,UAL584,27.972427368164062,-83.90591548039362,10363.2,266.02750405924934,222.7750426463864
2025-10-11 11:28:59+00:00,UAL584,27.9722900390625,-83.90818669245795,10363.2,266.02750405924934,222.7750426463864
2025-10-11 11:29:00+00:00,UAL584,27.972075898768537,-83.91179701861216,10363.2,266.02750405924934,222.7750426463864
2025-10-11 11:29:01+00:00,UAL584,27.971936242055083,-83.91405890969668,10363.2,266.02750405924934,222.7750426463864
2025-10-11 11:29:02+00:00,UAL584,27.97179658534163,-83.91605152803311,10363.2,266.02750405924934,222.7750426463864
2025-10-11 11:29:03+00:00,UAL584,27.971750033103813,-83.91739789177393,10363.2,266.02750405924934,222.7750426463864
2025-10-11 11:29:04+00:00,UAL584,27.97161037639036,-83.91965978285845,10363.2,266.02750405924934,222.7750426463864
2025-10-11 11:29:05+00:00,UAL584,27.97142416743909,-83.92235251034009,10363.2,266.02750405924934,222.7750426463864
2025-10-11 11:29:06+00:00,UAL584,27.97133106296345,-83.92369887408091,10363.2,266.02750405924934,222.7750426463864
2025-10-11 11:29:07+00:00,UAL584,27.971099853515625,-83.92730712890625,10363.2,266.02750405924934,222.7750426463864
2025-10-11 11:29:08+00:00,UAL584,27.971051749536542,-83.92843807444854,10363.2,266.02750405924934,222.7750426463864
2025-10-11 11:29:09+00:00,UAL584,27.970818988347457,-83.93204632927393,10363.2,266.02750405924934,222.7750426463864
2025-10-11 11:29:10+00:00,UAL584,27.97077243610964,-83.93296185661768,10363.2,266.02750405924934,222.7750426463864
2025-10-11 11:29:11+00:00,UAL584,27.97053967492055,-83.93635469324448,10363.2,266.02750405924934,222.7750426463864
2025-10-11 11:29:12+00:00,UAL584,27.970446570444917,-83.9377010569853,10363.2,266.02750405924934,222.7750426463864
2025-10-11 11:29:13+00:00,UAL584,27.97030691373146,-83.94017836626841,10363.2,266.02750405924934,222.7750426463864
2025-10-11 11:29:14+00:00,UAL584,27.970184326171875,-83.94220205453723,10363.2,266.02750405924934,222.7750426463864
2025-10-11 11:29:15+00:00,UAL584,27.970001220703125,-83.94537118765021,10363.2,266.02750405924934,222.7750426463864
2025-10-11 11:29:16+00:00,UAL584,27.96984139135328,-83.94761029411768,10363.2,266.02750405924934,222.7750426463864
2025-10-11 11:29:17+00:00,UAL584,27.96974828687765,-83.94895665785845,10363.2,266.02750405924934,222.7750426463864
2025-10-11 11:29:18+00:00,UAL584,27.969562077926376,-83.95213407628677,10363.2,266.02750405924934,222.7750426463864
2025-10-11 11:29:19+00:00,UAL584,27.969451904296875,-83.95413912259613,10363.2,266.02750405924934,222.7750426463864
2025-10-11 11:29:20+00:00,UAL584,27.9693603515625,-83.95551241361176,10363.2,266.02750405924934,222.7750426463864
2025-10-11 11:29:21+00:00,UAL584,27.96923621226165,-83.95773494944854,10363.2,266.02750405924934,222.7750426463864
2025-10-11 11:29:22+00:00,UAL584,27.968994140625,-83.9611640343299,10363.2,266.02750405924934,222.7750426463864
2025-10-11 11:29:23+00:00,UAL584,27.96894836425781,-83.9620619553786,10363.2,266.02750405924934,222.7750426463864
2025-10-11 11:29:24+00:00,UAL584,27.968770689883478,-83.96522073184741,10363.2,266.02750405924934,222.7750426463864
2025-10-11 11:29:25+00:00,UAL584,27.9686279296875,-83.96766075721155,10363.2,266.02750405924934,222.7750426463864
2025-10-11 11:29:26+00:00,UAL584,27.96849137645657,-83.96969065946689,10363.2,266.02750405924934,222.7750426463864
2025-10-11 11:29:27+00:00,UAL584,27.96839827198093,-83.97103702320771,10363.2,266.02750405924934,222.7750426463864
2025-10-11 11:29:28+00:00,UAL584,27.96821206302966,-83.97442985983457,10363.2,266.02750405924934,222.7750426463864
2025-10-11 11:29:29+00:00,UAL584,27.96812438964844,-83.97558358999396,10363.2,266.02750405924934,222.7750426463864
2025-10-11 11:29:30+00:00,UAL584,27.96797930184057,-83.9776072782629,10363.2,266.02750405924934,222.7750426463864
2025-10-11 11:29:31+00:00,UAL584,27.967746540651483,-83.98186178768384,10363.2,266.02750405924934,222.7750426463864
2025-10-11 11:29:33+00:00,UAL584,27.967575073242188,-83.98435152493988,10363.2,265.89553282441864,222.81127313598063
2025-10-11 11:29:34+00:00,UAL584,27.967437744140625,-83.98662273700421,10363.2,265.89553282441864,222.81127313598063
2025-10-11 11:29:35+00:00,UAL584,27.967208862304688,-83.990478515625,10363.2,265.89553282441864,222.81127313598063
2025-10-11 11:29:36+00:00,UAL584,27.967071533203125,-83.99269690880408,10363.2,265.89553282441864,222.81127313598063
2025-10-11 11:29:37+00:00,UAL584,27.96688842773437,-83.9949681208684,10363.2,265.89553282441864,222.81127313598063
2025-10-11 11:29:38+00:00,UAL584,27.966796875,-83.9969752385066,10363.2,265.89553282441864,222.81127313598063
2025-10-11 11:29:39+00:00,UAL584,27.966705322265625,-83.99834852952222,10363.2,265.89553282441864,222.81127313598063
2025-10-11 11:29:40+00:00,UAL584,27.96658273470604,-84.00038775275738,10363.2,265.89553282441864,222.81127313598063
2025-10-11 11:29:41+00:00,UAL584,27.966339111328125,-84.00373605581427,10363.2,265.89553282441864,222.81127313598063
2025-10-11 11:29:42+00:00,UAL584,27.96630342127913,-84.00491153492646,10363.2,266.02750405924934,222.7750426463864
2025-10-11 11:29:43+00:00,UAL584,27.96615600585937,-84.00716928335333,10363.2,266.02750405924934,222.7750426463864
2025-10-11 11:29:44+00:00,UAL584,27.96593100337659,-84.01051240808823,10363.2,266.0366491430498,223.28825349825703
2025-10-11 11:29:45+00:00,UAL584,27.96588445113877,-84.01142793543198,10363.2,266.0366491430498,223.28825349825703
2025-10-11 11:29:46+00:00,UAL584,27.965606689453125,-84.01593721829926,10363.2,266.0366491430498,223.28825349825703
2025-10-11 11:29:47+00:00,UAL584,27.96555858547405,-84.01708266314341,10363.2,266.0366491430498,223.28825349825703
2025-10-11 11:29:48+00:00,UAL584,27.96541892876059,-84.01934455422793,10363.2,266.0366491430498,223.28825349825703
2025-10-11 11:29:49+00:00,UAL584,27.96532582428496,-84.02069091796875,10363.2,266.0366491430498,223.28825349825703
2025-10-11 11:29:50+00:00,UAL584,27.96514892578125,-84.02338468111475,10363.2,266.0366491430498,223.28825349825703
2025-10-11 11:29:51+00:00,UAL584,27.965011596679688,-84.02565589317908,10363.2,266.16836054960964,223.25328585528783
2025-10-11 11:29:52+00:00,UAL584,27.964828491210938,-84.02882502629205,10363.2,266.16836054960964,223.25328585528783
2025-10-11 11:29:53+00:00,UAL584,27.964767197431144,-84.02995390050552,10363.2,266.16836054960964,223.25328585528783
2025-10-11 11:29:54+00:00,UAL584,27.96462754071769,-84.03243120978863,10363.2,266.15951752607714,222.73999443517152
2025-10-11 11:29:55+00:00,UAL584,27.96444133176642,-84.03560862821689,10363.2,266.15951752607714,222.73999443517152
2025-10-11 11:29:56+00:00,UAL584,27.964370727539062,-84.03669504018927,10363.2,266.16836054960964,223.25328585528783
2025-10-11 11:29:57+00:00,UAL584,27.96416201833951,-84.04034782858457,10363.2,266.15951752607714,222.73999443517152
2025-10-11 11:29:58+00:00,UAL584,27.96406891386388,-84.04120950137866,10363.2,266.15951752607714,222.73999443517152
2025-10-11 11:29:59+00:00,UAL584,27.963882704912606,-84.04438691980698,10363.2,266.15951752607714,222.73999443517152
2025-10-11 11:30:00+00:00,UAL584,27.963775634765625,-84.04662499060998,10363.2,266.15951752607714,222.73999443517152
2025-10-11 11:30:01+00:00,UAL584,27.96368408203125,-84.04757573054388,10363.2,266.15951752607714,222.73999443517152
2025-10-11 11:30:02+00:00,UAL584,27.963510287010063,-84.05095717486216,10363.2,266.15951752607714,222.73999443517152
2025-10-11 11:30:03+00:00,UAL584,27.96332407805879,-84.05408073874082,10363.2,266.16836054960964,223.25328585528783
2025-10-11 11:30:04+00:00,UAL584,27.96318442134534,-84.05612721162686,10363.2,266.15951752607714,222.73999443517152
2025-10-11 11:30:06+00:00,UAL584,27.963043212890625,-84.05861487755408,10363.2,266.15951752607714,222.73999443517152
2025-10-11 11:30:07+00:00,UAL584,27.962765451204977,-84.06312830307905,10363.2,266.15951752607714,222.73999443517152
2025-10-11 11:30:08+00:00,UAL584,27.962631225585938,-84.06516441932092,10363.2,266.15951752607714,222.73999443517152
2025-10-11 11:30:09+00:00,UAL584,27.96253967285156,-84.0673828125,10363.2,266.15951752607714,222.73999443517152
2025-10-11 11:30:10+00:00,UAL584,27.96240234375,-84.06965402456427,10363.2,266.15951752607714,222.73999443517152
2025-10-11 11:30:11+00:00,UAL584,27.96226501464844,-84.07171396108771,10363.2,266.15951752607714,222.73999443517152
2025-10-11 11:30:12+00:00,UAL584,27.962173461914062,-84.07303443321814,10363.2,266.15951752607714,222.73999443517152
2025-10-11 11:30:13+00:00,UAL584,27.961944580078125,-84.0766789362981,10363.2,266.15951752607714,222.73999443517152
2025-10-11 11:30:15+00:00,UAL584,27.961787854210804,-84.07933852251841,10363.2,266.15951752607714,222.73999443517152
2025-10-11 11:30:16+00:00,UAL584,27.96164819749735,-84.08160041360293,10363.2,266.15951752607714,222.73999443517152
2025-10-11 11:30:17+00:00,UAL584,27.961441040039062,-84.08565814678485,10363.2,266.15951752607714,222.73999443517152
2025-10-11 11:30:18+00:00,UAL584,27.9613037109375,-84.08792935884912,10363.2,266.15951752607714,222.73999443517152
2025-10-11 11:30:20+00:00,UAL584,27.96107482910156,-84.09178513746997,10363.2,266.15951752607714,222.73999443517152
2025-10-11 11:30:21+00:00,UAL584,27.9609375,-84.09358097956732,10363.2,266.15951752607714,222.73999443517152
2025-10-11 11:30:22+00:00,UAL584,27.96075439453125,-84.0967501126803,10363.2,266.15951752607714,222.73999443517152
2025-10-11 11:30:23+00:00,UAL584,27.960617065429688,-84.09875723031848,10363.2,266.02750405924934,222.7750426463864
2025-10-11 11:30:24+00:00,UAL584,27.960479736328125,-84.10145099346454,10363.2,266.02750405924934,222.7750426463864
2025-10-11 11:30:25+00:00,UAL584,27.96039128707627,-84.10260368795957,10363.2,266.15951752607714,222.73999443517152
2025-10-11 11:30:26+00:00,UAL584,27.960250854492188,-84.1048314021184,10363.2,266.02750405924934,222.7750426463864
2025-10-11 11:30:27+00:00,UAL584,27.96011197364936,-84.1073428883272,10363.2,266.02750405924934,222.7750426463864
2025-10-11 11:30:28+00:00,UAL584,27.959976196289062,-84.10979637732873,10363.2,266.02750405924934,222.7750426463864
2025-10-11 11:30:29+00:00,UAL584,27.959832660222457,-84.11229750689341,10363.2,266.02750405924934,222.7750426463864
2025-10-11 11:30:31+00:00,UAL584,27.959518432617188,-84.1168212890625,10363.2,266.02750405924934,222.7750426463864
2025-10-11 11:30:32+00:00,UAL584,27.959381103515625,-84.11903968224158,10363.2,266.02750405924934,222.7750426463864
2025-10-11 11:30:33+00:00,UAL584,27.959274033368644,-84.12129121668198,10363.2,266.02750405924934,222.7750426463864
2025-10-11 11:30:34+00:00,UAL584,27.95913437665519,-84.12355310776655,10363.2,266.02750405924934,222.7750426463864
2025-10-11 11:30:36+00:00,UAL584,27.95885506322828,-84.12807688993564,10363.2,266.02750405924934,222.7750426463864
2025-10-11 11:30:37+00:00,UAL584,27.95866885427701,-84.13055419921875,10363.2,266.02750405924934,222.7750426463864
2025-10-11 11:30:38+00:00,UAL584,27.95852919756356,-84.13281609030332,10363.2,266.02750405924934,222.7750426463864
2025-10-11 11:30:39+00:00,UAL584,27.958419799804688,-84.13483252892127,10363.2,266.02750405924934,222.7750426463864
2025-10-11 11:30:40+00:00,UAL584,27.95824988413665,-84.13755529067095,10363.2,266.02750405924934,222.7750426463864
2025-10-11 11:30:41+00:00,UAL584,27.95814514160156,-84.13958622859076,10363.2,266.02750405924934,222.7750426463864
2025-10-11 11:30:42+00:00,UAL584,27.958017122947563,-84.14159438189341,10363.2,266.02750405924934,222.7750426463864
2025-10-11 11:30:43+00:00,UAL584,27.95787048339844,-84.14386455829327,10363.2,266.02750405924934,222.7750426463864
2025-10-11 11:30:44+00:00,UAL584,27.957733154296875,-84.14566040039062,10363.2,266.02750405924934,222.7750426463864
2025-10-11 11:30:45+00:00,UAL584,27.95764470504502,-84.14767994600186,10363.2,266.02750405924934,222.7750426463864
2025-10-11 11:30:46+00:00,UAL584,27.95745849609375,-84.15020282451923,10363.2,266.02750405924934,222.7750426463864
2025-10-11 11:30:47+00:00,UAL584,27.957318839380296,-84.15290383731616,10363.2,265.89553282441864,222.81127313598063
2025-10-11 11:30:48+00:00,UAL584,27.957183837890625,-84.15490370530347,10363.2,265.89553282441864,222.81127313598063
2025-10-11 11:30:49+00:00,UAL584,27.957046508789062,-84.1571749173678,10363.2,265.89553282441864,222.81127313598063
2025-10-11 11:30:50+00:00,UAL584,27.9569091796875,-84.15897075946515,10363.2,265.89553282441864,222.81127313598063
2025-10-11 11:30:51+00:00,UAL584,27.956760212526483,-84.16168212890625,10363.2,265.89553282441864,222.81127313598063
2025-10-11 11:30:52+00:00,UAL584,27.95662055581303,-84.16394401999082,10363.2,265.89553282441864,222.81127313598063
2025-10-11 11:30:53+00:00,UAL584,27.956451416015625,-84.16620694673975,10363.2,265.89553282441864,222.81127313598063
2025-10-11 11:30:54+00:00,UAL584,27.956314086914062,-84.16847815880408,10363.2,265.89553282441864,222.81127313598063
2025-10-11 11:30:55+00:00,UAL584,27.956222534179688,-84.17027400090143,10363.2,265.89553282441864,222.81127313598063
2025-10-11 11:30:56+00:00,UAL584,27.956061928959212,-84.17272231158091,10363.2,265.89553282441864,222.81127313598063
2025-10-11 11:30:57+00:00,UAL584,27.955875720007946,-84.17519962086396,10363.2,265.89553282441864,222.81127313598063
2025-10-11 11:30:58+00:00,UAL584,27.955718994140625,-84.17772146371692,10363.2,265.89553282441864,222.81127313598063
2025-10-11 11:31:00+00:00,UAL584,27.9554443359375,-84.18242234450122,10363.2,265.89553282441864,222.81127313598063
2025-10-11 11:31:01+00:00,UAL584,27.955307006835938,-84.18469355656549,10363.2,265.89553282441864,222.81127313598063
2025-10-11 11:31:02+00:00,UAL584,27.955123901367188,-84.18696476862982,10363.2,265.9049796784202,223.32440072835573
2025-10-11 11:31:03+00:00,UAL584,27.954986572265625,-84.1892359806941,10363.2,265.9049796784202,223.32440072835573
2025-10-11 11:31:05+00:00,UAL584,27.9547119140625,-84.1937255859375,10363.2,265.9049796784202,223.32440072835573
2025-10-11 11:31:06+00:00,UAL584,27.95457225734905,-84.19598747702207,10363.2,265.9049796784202,223.32440072835573
2025-10-11 11:31:07+00:00,UAL584,27.95443725585937,-84.19800391564002,10363.2,265.9049796784202,223.32440072835573
2025-10-11 11:31:08+00:00,UAL584,27.954292943922137,-84.20029584099268,10363.2,266.0366491430498,223.28825349825703
2025-10-11 11:31:09+00:00,UAL584,27.954153287208687,-84.2025577320772,10363.2,266.0366491430498,223.28825349825703
2025-10-11 11:31:10+00:00,UAL584,27.954013630495236,-84.20476576861216,10363.2,265.9049796784202,223.32440072835573
2025-10-11 11:31:11+00:00,UAL584,27.95387397378178,-84.20702765969668,10363.2,265.9049796784202,223.32440072835573
2025-10-11 11:31:12+00:00,UAL584,27.95368776483051,-84.20998965992646,10363.2,265.9049796784202,223.32440072835573
2025-10-11 11:31:13+00:00,UAL584,27.95361328125,-84.21110299917365,10363.2,265.9049796784202,223.32440072835573
2025-10-11 11:31:14+00:00,UAL584,27.95347595214844,-84.21337421123798,10363.2,265.9049796784202,223.32440072835573
2025-10-11 11:31:15+00:00,UAL584,27.95336189916578,-84.21542896943936,10363.2,266.0366491430498,223.28825349825703
2025-10-11 11:31:16+00:00,UAL584,27.953201293945312,-84.21812791090747,10363.2,266.0366491430498,223.28825349825703
2025-10-11 11:31:17+00:00,UAL584,27.95306396484375,-84.22039912297174,10363.2,266.0366491430498,223.28825349825703
2025-10-11 11:31:18+00:00,UAL584,27.952942929025426,-84.22243006089155,10363.2,266.0366491430498,223.28825349825703
2025-10-11 11:31:19+00:00,UAL584,27.952789306640625,-84.22446617713342,10363.2,266.0366491430498,223.28825349825703
2025-10-11 11:31:20+00:00,UAL584,27.952617063360695,-84.22760009765625,10363.2,266.0366491430498,223.28825349825703
2025-10-11 11:31:21+00:00,UAL584,27.9525146484375,-84.22874450683594,10363.2,266.0366491430498,223.28825349825703
2025-10-11 11:31:24+00:00,UAL584,27.952058436506885,-84.23643224379595,10363.2,266.0366491430498,223.28825349825703
2025-10-11 11:31:25+00:00,UAL584,27.951919555664062,-84.23846318171576,10363.2,266.0366491430498,223.28825349825703
2025-10-11 11:31:26+00:00,UAL584,27.95187222755561,-84.23955580767466,10363.2,266.0366491430498,223.28825349825703
2025-10-11 11:31:27+00:00,UAL584,27.951592914128707,-84.24364875344668,10363.2,266.0366491430498,223.28825349825703
2025-10-11 11:31:29+00:00,UAL584,27.951453257415253,-84.24612606272979,10363.2,266.0366491430498,223.28825349825703
2025-10-11 11:31:30+00:00,UAL584,27.95127868652344,-84.24860440767725,10363.2,266.0366491430498,223.28825349825703
2025-10-11 11:31:31+00:00,UAL584,27.95108083951271,-84.25221162683823,10363.2,266.0366491430498,223.28825349825703
2025-10-11 11:31:32+00:00,UAL584,27.951004028320312,-84.25335810734674,10363.2,266.0366491430498,223.28825349825703
2025-10-11 11:31:34+00:00,UAL584,27.95066186937235,-84.25856646369488,10363.2,266.0366491430498,223.28825349825703
2025-10-11 11:31:35+00:00,UAL584,27.95061531713453,-84.25948199103863,10363.2,266.0366491430498,223.28825349825703
2025-10-11 11:31:36+00:00,UAL584,27.950363159179688,-84.26397470327521,10363.2,266.0366491430498,223.28825349825703
2025-10-11 11:31:37+00:00,UAL584,27.95019634699417,-84.26599839154414,10363.2,266.0366491430498,223.28825349825703
2025-10-11 11:31:38+00:00,UAL584,27.95004272460937,-84.26851712740381,10363.2,266.0366491430498,223.28825349825703
2025-10-11 11:31:39+00:00,UAL584,27.949963585805083,-84.26987591911768,10363.2,265.9049796784202,223.32440072835573
2025-10-11 11:31:40+00:00,UAL584,27.94990539550781,-84.27099961500903,10363.2,265.9049796784202,223.32440072835573
2025-10-11 11:31:41+00:00,UAL584,27.949722290039062,-84.27416874812201,10363.2,265.9049796784202,223.32440072835573
2025-10-11 11:31:42+00:00,UAL584,27.949544615664724,-84.27687701056988,10363.2,265.9049796784202,223.32440072835573
2025-10-11 11:31:43+00:00,UAL584,27.949447631835938,-84.2780245267428,10363.2,265.9049796784202,223.32440072835573
2025-10-11 11:31:44+00:00,UAL584,27.949311854475635,-84.28005442899814,10363.2,265.9049796784202,223.32440072835573
2025-10-11 11:31:45+00:00,UAL584,27.94917297363281,-84.28251413198615,10363.2,265.9049796784202,223.32440072835573
2025-10-11 11:31:46+00:00,UAL584,27.949032541048727,-84.28457821116729,10363.2,265.9049796784202,223.32440072835573
2025-10-11 11:31:47+00:00,UAL584,27.948892884335272,-84.2870555204504,10363.2,265.9049796784202,223.32440072835573
2025-10-11 11:31:48+00:00,UAL584,27.948715209960938,-84.2899615948017,10363.2,265.7733535257323,223.36172697289652
2025-10-11 11:31:49+00:00,UAL584,27.948520466432733,-84.29271024816177,10363.2,265.7733535257323,223.36172697289652
2025-10-11 11:31:50+00:00,UAL584,27.94844055175781,-84.29381737342248,10363.2,265.7733535257323,223.36172697289652
2025-10-11 11:31:51+00:00,UAL584,27.94830322265625,-84.29608858548676,10363.2,265.7733535257323,223.36172697289652
2025-10-11 11:31:52+00:00,UAL584,27.948074340820312,-84.29925771859973,10363.2,265.7830571708314,223.8747750546624
2025-10-11 11:31:53+00:00,UAL584,27.94800839181673,-84.30041144875918,10363.2,265.7733535257323,223.36172697289652
2025-10-11 11:31:54+00:00,UAL584,27.94784545898437,-84.30311349722052,10363.2,265.7830571708314,223.8747750546624
2025-10-11 11:31:55+00:00,UAL584,27.947635973914192,-84.30649701286768,10363.2,265.7830571708314,223.8747750546624
2025-10-11 11:31:56+00:00,UAL584,27.94754286943856,-84.30741254021143,10363.2,265.7830571708314,223.8747750546624
2025-10-11 11:31:57+00:00,UAL584,27.947433471679688,-84.30966303898737,10363.2,265.7830571708314,223.8747750546624
2025-10-11 11:31:58+00:00,UAL584,27.947170451536017,-84.3130672679228,10363.2,265.7830571708314,223.8747750546624
2025-10-11 11:31:59+00:00,UAL584,27.94711303710937,-84.31420546311597,10363.2,265.7830571708314,223.8747750546624
2025-10-11 11:32:00+00:00,UAL584,27.94689113810911,-84.31737563189341,10363.2,265.7830571708314,223.8747750546624
2025-10-11 11:32:01+00:00,UAL584,27.94683837890625,-84.31848379281848,10363.2,265.7830571708314,223.8747750546624
2025-10-11 11:32:02+00:00,UAL584,27.946565272444385,-84.32276108685664,10363.2,265.7830571708314,223.8747750546624
2025-10-11 11:32:03+00:00,UAL584,27.94642561573093,-84.32480755974268,10363.2,265.7830571708314,223.8747750546624
2025-10-11 11:32:04+00:00,UAL584,27.946332511255296,-84.32615392348345,10363.2,265.7830571708314,223.8747750546624
2025-10-11 11:32:05+00:00,UAL584,27.946197509765625,-84.32867783766528,10363.2,265.7830571708314,223.8747750546624
2025-10-11 11:32:06+00:00,UAL584,27.94600664559057,-84.33116239659927,10363.2,265.7830571708314,223.8747750546624
2025-10-11 11:32:07+00:00,UAL584,27.945960093352756,-84.33207792394302,10363.2,265.7830571708314,223.8747750546624
2025-10-11 11:32:08+00:00,UAL584,27.9458204366393,-84.33455523322613,10363.2,265.7830571708314,223.8747750546624
2025-10-11 11:32:09+00:00,UAL584,27.945556640625,-84.33797396146332,10363.2,265.7830571708314,223.8747750546624
2025-10-11 11:32:10+00:00,UAL584,27.94541931152344,-84.34045644906848,10363.2,265.7830571708314,223.8747750546624
2025-10-11 11:32:11+00:00,UAL584,27.94537353515625,-84.34135437011719,10363.2,265.7830571708314,223.8747750546624
2025-10-11 11:32:12+00:00,UAL584,27.945098876953125,-84.34499887319708,10363.2,265.7830571708314,223.8747750546624
2025-10-11 11:32:13+00:00,UAL584,27.94498249635858,-84.34726490693936,10363.2,265.7830571708314,223.8747750546624
2025-10-11 11:32:14+00:00,UAL584,27.94491577148437,-84.34837928185095,10363.2,265.7830571708314,223.8747750546624
2025-10-11 11:32:16+00:00,UAL584,27.944563526218214,-84.35356588924634,10363.2,265.7830571708314,223.8747750546624
2025-10-11 11:32:17+00:00,UAL584,27.944423869504767,-84.35609705307905,10363.2,265.7830571708314,223.8747750546624
2025-10-11 11:32:18+00:00,UAL584,27.94423766055349,-84.35878978056064,10363.2,265.7830571708314,223.8747750546624
2025-10-11 11:32:19+00:00,UAL584,27.94409800384004,-84.36105167164521,10363.2,265.7830571708314,223.8747750546624
2025-10-11 11:32:20+00:00,UAL584,27.94395446777344,-84.3631157508263,10363.2,265.7830571708314,223.8747750546624
2025-10-11 11:32:21+00:00,UAL584,27.943771362304688,-84.36559823843146,10363.2,265.7830571708314,223.8747750546624
2025-10-11 11:32:22+00:00,UAL584,27.943634033203125,-84.36786945049579,10363.2,265.7830571708314,223.8747750546624
2025-10-11 11:32:23+00:00,UAL584,27.94358592922405,-84.36902214499082,10363.2,265.79271644215515,224.38782952846367
2025-10-11 11:32:24+00:00,UAL584,27.94339972027277,-84.37149945427393,10363.2,265.79271644215515,224.38782952846367
2025-10-11 11:32:25+00:00,UAL584,27.94326006355932,-84.37376134535845,10363.2,265.79271644215515,224.38782952846367
2025-10-11 11:32:26+00:00,UAL584,27.943027302370236,-84.37693876378677,10363.2,265.79271644215515,224.38782952846367
2025-10-11 11:32:27+00:00,UAL584,27.942901611328125,-84.37896141639123,10363.2,265.79271644215515,224.38782952846367
2025-10-11 11:32:29+00:00,UAL584,27.94260833222987,-84.38350901884189,10363.2,265.79271644215515,224.38782952846367
2025-10-11 11:32:30+00:00,UAL584,27.94248962402344,-84.38556377704327,10363.2,265.79271644215515,224.38782952846367
2025-10-11 11:32:31+00:00,UAL584,27.942352294921875,-84.38783498910755,10363.2,265.79271644215515,224.38782952846367
2025-10-11 11:32:32+00:00,UAL584,27.942169189453125,-84.39031747671271,10363.2,265.79271644215515,224.38782952846367
2025-10-11 11:32:33+00:00,UAL584,27.94200315313824,-84.39282585592832,10363.2,265.79271644215515,224.38782952846367
2025-10-11 11:32:34+00:00,UAL584,27.941956600900426,-84.39374138327207,10363.2,265.79271644215515,224.38782952846367
2025-10-11 11:32:35+00:00,UAL584,27.94171142578125,-84.39734238844653,10363.2,265.79271644215515,224.38782952846367
2025-10-11 11:32:36+00:00,UAL584,27.941574096679688,-84.3996136005108,10363.2,265.79271644215515,224.38782952846367
2025-10-11 11:32:37+00:00,UAL584,27.941444526284428,-84.40165800206802,10363.2,265.79271644215515,224.38782952846367
2025-10-11 11:32:38+00:00,UAL584,27.94129943847656,-84.40373347355768,10363.2,265.79271644215515,224.38782952846367
2025-10-11 11:32:39+00:00,UAL584,27.941258317333155,-84.40483542049634,10363.2,265.79271644215515,224.38782952846367
2025-10-11 11:32:40+00:00,UAL584,27.94102478027344,-84.40848717322717,10363.2,265.79271644215515,224.38782952846367
2025-10-11 11:32:41+00:00,UAL584,27.94093245166843,-84.40962847541363,10363.2,265.79271644215515,224.38782952846367
2025-10-11 11:32:42+00:00,UAL584,27.940704345703125,-84.41302959735577,10363.2,265.79271644215515,224.38782952846367
2025-10-11 11:32:43+00:00,UAL584,27.94052124023437,-84.41551208496094,10363.2,265.8023316428391,224.90089035055493
2025-10-11 11:32:44+00:00,UAL584,27.94038391113281,-84.41778329702521,10363.2,265.8023316428391,224.90089035055493
2025-10-11 11:32:45+00:00,UAL584,27.9403272725768,-84.4189453125,10363.2,265.8023316428391,224.90089035055493
2025-10-11 11:32:46+00:00,UAL584,27.940155029296875,-84.42169189453125,10363.2,265.8023316428391,224.90089035055493
2025-10-11 11:32:47+00:00,UAL584,27.940001406912074,-84.42416920381436,10363.2,265.8023316428391,224.90089035055493
2025-10-11 11:32:48+00:00,UAL584,27.939815197960804,-84.42643109489893,10363.2,265.8023316428391,224.90089035055493
2025-10-11 11:32:49+00:00,UAL584,27.939768645722985,-84.42734662224268,10363.2,265.8023316428391,224.90089035055493
2025-10-11 11:32:50+00:00,UAL584,27.93955993652344,-84.43098801832934,10363.2,265.8023316428391,224.90089035055493
2025-10-11 11:32:51+00:00,UAL584,27.93939622782044,-84.43348604090073,10363.2,265.8023316428391,224.90089035055493
2025-10-11 11:32:54+00:00,UAL584,27.93905639648437,-84.43875239445612,10363.2,265.8023316428391,224.90089035055493
2025-10-11 11:32:55+00:00,UAL584,27.93882751464844,-84.44216170400944,10363.2,265.8023316428391,224.90089035055493
2025-10-11 11:32:56+00:00,UAL584,27.9385986328125,-84.44532286446048,10363.2,265.8023316428391,224.90089035055493
2025-10-11 11:32:57+00:00,UAL584,27.938461303710938,-84.44781033497935,10363.2,265.8023316428391,224.90089035055493
2025-10-11 11:32:59+00:00,UAL584,27.938232421875,-84.45121765136719,10363.2,265.8023316428391,224.90089035055493
2025-10-11 11:33:01+00:00,UAL584,27.937911987304688,-84.45625737028303,10363.2,265.8023316428391,224.90089035055493
2025-10-11 11:33:02+00:00,UAL584,27.937774658203125,-84.45853755159197,10363.2,265.8023316428391,224.90089035055493
2025-10-11 11:33:03+00:00,UAL584,27.93759155273437,-84.46081773290092,10363.2,265.81190307326864,225.41395747758847
2025-10-11 11:33:05+00:00,UAL584,27.937441033832098,-84.46378854604865,10363.2,265.81190307326864,225.41395747758847
2025-10-11 11:33:07+00:00,UAL584,27.93702206369173,-84.46991553673377,10363.2,265.81190307326864,225.41395747758847
2025-10-11 11:33:08+00:00,UAL584,27.93697551145392,-84.47081345778247,10363.2,265.9423369238633,225.3769711174424
2025-10-11 11:33:09+00:00,UAL584,27.936813354492188,-84.47309961858787,10363.2,265.9423369238633,225.3769711174424
2025-10-11 11:33:10+00:00,UAL584,27.936649645789192,-84.47561997633716,10363.2,265.9423369238633,225.3769711174424
2025-10-11 11:33:11+00:00,UAL584,27.93650998907574,-84.4783665583684,10363.2,265.9423369238633,225.3769711174424
2025-10-11 11:33:12+00:00,UAL584,27.936323780124468,-84.48084904597357,10363.2,265.9423369238633,225.3769711174424
2025-10-11 11:33:13+00:00,UAL584,27.936184123411017,-84.4831730769231,10363.2,265.9423369238633,225.3769711174424
2025-10-11 11:33:14+00:00,UAL584,27.936080932617188,-84.48517421506483,10363.2,265.9423369238633,225.3769711174424
2025-10-11 11:33:15+00:00,UAL584,27.935951362221928,-84.48724013108472,10363.2,265.9423369238633,225.3769711174424
2025-10-11 11:33:16+00:00,UAL584,27.935760498046875,-84.48999368919516,10363.2,265.9423369238633,225.3769711174424
2025-10-11 11:33:18+00:00,UAL584,27.93543928760593,-84.49479323167066,10363.2,265.9423369238633,225.3769711174424
2025-10-11 11:33:19+00:00,UAL584,27.935348510742188,-84.49683423312206,10363.2,265.9423369238633,225.3769711174424
2025-10-11 11:33:20+00:00,UAL584,27.935159974179022,-84.49954693134015,10363.2,265.9423369238633,225.3769711174424
2025-10-11 11:33:21+00:00,UAL584,27.934973765227756,-84.5022935133714,10363.2,265.9423369238633,225.3769711174424
2025-10-11 11:33:22+00:00,UAL584,27.93488066075212,-84.50414217435394,10363.2,265.9423369238633,225.3769711174424
2025-10-11 11:33:23+00:00,UAL584,27.93470764160156,-84.50688775980245,10363.2,265.9423369238633,225.3769711174424
2025-10-11 11:33:24+00:00,UAL584,27.934616088867188,-84.50823513966685,10363.2,265.9423369238633,225.3769711174424
2025-10-11 11:33:27+00:00,UAL584,27.934249877929688,-84.51419470445165,10363.2,265.9515701559121,225.8901285150958
2025-10-11 11:33:28+00:00,UAL584,27.934066772460938,-84.51668217497053,10363.2,265.9515701559121,225.8901285150958
2025-10-11 11:33:29+00:00,UAL584,27.933837890625,-84.52036155844633,10363.2,265.9515701559121,225.8901285150958
2025-10-11 11:33:30+00:00,UAL584,27.93376340704449,-84.52173086313098,10363.2,265.9515701559121,225.8901285150958
2025-10-11 11:33:31+00:00,UAL584,27.93365478515625,-84.5237818304098,10363.2,265.82143103111054,225.92703086660975
2025-10-11 11:33:32+00:00,UAL584,27.9335306458554,-84.52579791729266,10363.2,265.82143103111054,225.92703086660975
2025-10-11 11:33:33+00:00,UAL584,27.93325133242849,-84.52949523925781,10363.2,265.82143103111054,225.92703086660975
2025-10-11 11:33:34+00:00,UAL584,27.93320478019068,-84.53039316030646,10363.2,265.82143103111054,225.92703086660975
2025-10-11 11:33:35+00:00,UAL584,27.933065123477224,-84.53292846679688,10363.2,265.82143103111054,225.92703086660975
2025-10-11 11:33:36+00:00,UAL584,27.93292546676377,-84.53472430889423,10363.2,265.82143103111054,225.92703086660975
2025-10-11 11:33:37+00:00,UAL584,27.93269270557468,-84.53815753643329,10363.2,265.82143103111054,225.92703086660975
2025-10-11 11:33:38+00:00,UAL584,27.93264615333686,-84.53905545748194,10363.2,265.82143103111054,225.92703086660975
2025-10-11 11:33:39+00:00,UAL584,27.93250649662341,-84.54137948843146,10363.2,265.82143103111054,225.92703086660975
2025-10-11 11:33:41+00:00,UAL584,27.932098388671875,-84.54777555645637,10363.2,265.82143103111054,225.92703086660975
2025-10-11 11:33:42+00:00,UAL584,27.931961059570312,-84.55005573776532,10363.2,265.82143103111054,225.92703086660975
2025-10-11 11:33:44+00:00,UAL584,27.931686401367188,-84.55440881117335,10363.2,265.82143103111054,225.92703086660975
2025-10-11 11:33:45+00:00,UAL584,27.931528899629235,-84.55643287071814,10363.2,265.82143103111054,225.92703086660975
2025-10-11 11:33:46+00:00,UAL584,27.93138924291578,-84.55870408278247,10363.2,265.82143103111054,225.92703086660975
2025-10-11 11:33:48+00:00,UAL584,27.93109130859375,-84.56332224719927,10363.2,265.82143103111054,225.92703086660975
2025-10-11 11:33:49+00:00,UAL584,27.930953979492188,-84.56560242850827,10363.2,265.82143103111054,225.92703086660975
2025-10-11 11:33:50+00:00,UAL584,27.930784063824152,-84.56810584435095,10363.2,265.82143103111054,225.92703086660975
2025-10-11 11:33:51+00:00,UAL584,27.930644407110695,-84.57064115084131,10363.2,265.82143103111054,225.92703086660975
2025-10-11 11:33:53+00:00,UAL584,27.930450439453125,-84.57311666236734,10363.2,265.82143103111054,225.92703086660975
2025-10-11 11:33:54+00:00,UAL584,27.93031854144597,-84.57565894493689,10363.2,265.82143103111054,225.92703086660975
2025-10-11 11:33:55+00:00,UAL584,27.930084228515625,-84.57933533866452,10363.2,265.82143103111054,225.92703086660975
2025-10-11 11:33:56+00:00,UAL584,27.92999267578125,-84.58046546349158,10363.2,265.82143103111054,225.92703086660975
2025-10-11 11:33:57+00:00,UAL584,27.929763793945312,-84.58389570128242,10363.2,265.8309158113433,226.44011047505325
2025-10-11 11:33:58+00:00,UAL584,27.92962646484375,-84.5859685933815,10363.2,265.8309158113433,226.44011047505325
2025-10-11 11:34:01+00:00,UAL584,27.92926025390625,-84.59187633586379,10363.2,265.8309158113433,226.44011047505325
2025-10-11 11:34:02+00:00,UAL584,27.929122924804688,-84.59420833947524,10363.2,265.8309158113433,226.44011047505325
2025-10-11 11:34:03+00:00,UAL584,27.928939819335938,-84.59669580999412,10363.2,265.8309158113433,226.44011047505325
2025-10-11 11:34:04+00:00,UAL584,27.928782317597985,-84.59874079777643,10363.2,265.8309158113433,226.44011047505325
2025-10-11 11:34:05+00:00,UAL584,27.92864266088453,-84.60106482872595,10363.2,265.8309158113433,226.44011047505325
2025-10-11 11:34:06+00:00,UAL584,27.928549556408896,-84.6028606708233,10363.2,265.8309158113433,226.44011047505325
2025-10-11 11:34:07+00:00,UAL584,27.928363347457623,-84.60539597731372,10363.2,265.8309158113433,226.44011047505325
2025-10-11 11:34:08+00:00,UAL584,27.92822369074417,-84.60766718937799,10363.2,265.8309158113433,226.44011047505325
2025-10-11 11:34:09+00:00,UAL584,27.928037481792902,-84.61088914137622,10363.2,265.8309158113433,226.44011047505325
2025-10-11 11:34:10+00:00,UAL584,27.92793273925781,-84.61203521152709,10363.2,265.8309158113433,226.44011047505325
2025-10-11 11:34:11+00:00,UAL584,27.927703857421875,-84.61545548349056,10363.2,265.8309158113433,226.44011047505325
2025-10-11 11:34:12+00:00,UAL584,27.927520751953125,-84.61866846624412,10363.2,265.8309158113433,226.44011047505325
2025-10-11 11:34:13+00:00,UAL584,27.927339198225635,-84.62097754845252,10363.2,265.8309158113433,226.44011047505325
2025-10-11 11:34:14+00:00,UAL584,27.92719954151218,-84.62324876051684,10363.2,265.8309158113433,226.44011047505325
2025-10-11 11:34:15+00:00,UAL584,27.927154541015625,-84.624420741819,10363.2,265.8309158113433,226.44011047505325
2025-10-11 11:34:17+00:00,UAL584,27.926780571371825,-84.62990394005408,10363.2,265.8309158113433,226.44011047505325
2025-10-11 11:34:18+00:00,UAL584,27.92659436242055,-84.63265052208533,10363.2,265.8309158113433,226.44011047505325
2025-10-11 11:34:19+00:00,UAL584,27.926454705707098,-84.63492173414966,10363.2,265.8309158113433,226.44011047505325
2025-10-11 11:34:21+00:00,UAL584,27.92617539228019,-84.63925288273737,10363.2,265.8309158113433,226.44011047505325
2025-10-11 11:34:22+00:00,UAL584,27.926101684570312,-84.64043383328419,10363.2,265.8309158113433,226.44011047505325
2025-10-11 11:34:23+00:00,UAL584,27.92589607885328,-84.64337275578424,10363.2,265.8309158113433,226.44011047505325
2025-10-11 11:34:24+00:00,UAL584,27.925849526615465,-84.64432349571814,10363.2,265.8309158113433,226.44011047505325
2025-10-11 11:34:25+00:00,UAL584,27.925689697265625,-84.64706708800117,10363.2,265.8309158113433,226.44011047505325
2025-10-11 11:34:26+00:00,UAL584,27.925552368164062,-84.64888086858787,10363.2,265.8309158113433,226.44011047505325
2025-10-11 11:34:27+00:00,UAL584,27.925384004237287,-84.65140122633716,10363.2,265.8309158113433,226.44011047505325
2025-10-11 11:34:28+00:00,UAL584,27.92518615722656,-84.65463314416274,10363.2,265.8309158113433,226.44011047505325
2025-10-11 11:34:29+00:00,UAL584,27.925058138572563,-84.65668311485877,10363.2,265.8309158113433,226.44011047505325
2025-10-11 11:34:30+00:00,UAL584,27.92500305175781,-84.65784612691624,10363.2,265.8309158113433,226.44011047505325
2025-10-11 11:34:31+00:00,UAL584,27.92468572067002,-84.66238755446216,10363.2,265.8309158113433,226.44011047505325
2025-10-11 11:34:32+00:00,UAL584,27.924592616194385,-84.66376084547778,10363.2,265.8309158113433,226.44011047505325
2025-10-11 11:34:33+00:00,UAL584,27.92440795898437,-84.66675956294222,10363.2,265.8309158113433,226.44011047505325
2025-10-11 11:34:35+00:00,UAL584,27.92417907714844,-84.67064623562794,10363.2,265.8309158113433,226.44011047505325
2025-10-11 11:34:36+00:00,UAL584,27.9239501953125,-84.6738592183815,10363.2,265.8309158113433,226.44011047505325
2025-10-11 11:34:37+00:00,UAL584,27.923812866210938,-84.67613939969044,10363.2,265.8309158113433,226.44011047505325
2025-10-11 11:34:38+00:00,UAL584,27.92366157143803,-84.67844449556787,10363.2,265.8309158113433,226.44011047505325
2025-10-11 11:34:39+00:00,UAL584,27.92353820800781,-84.68049247309847,10363.2,265.8309158113433,226.44011047505325
2025-10-11 11:34:40+00:00,UAL584,27.92342881024894,-84.6816136286809,10363.2,265.8309158113433,226.44011047505325
2025-10-11 11:34:41+00:00,UAL584,27.92324260129767,-84.68504685621997,10363.2,265.8309158113433,226.44011047505325
2025-10-11 11:34:42+00:00,UAL584,27.923126220703125,-84.68619292637084,10363.2,265.8309158113433,226.44011047505325
2025-10-11 11:34:43+00:00,UAL584,27.92294311523437,-84.68940590912439,10363.2,265.8309158113433,226.44011047505325
2025-10-11 11:34:44+00:00,UAL584,27.92277707891949,-84.6919133112981,10363.2,265.8309158113433,226.44011047505325
2025-10-11 11:34:45+00:00,UAL584,27.922730526681672,-84.69286405123194,10363.2,265.8309158113433,226.44011047505325
2025-10-11 11:34:47+00:00,UAL584,27.92235810877913,-84.69856849083533,10363.2,265.8309158113433,226.44011047505325
2025-10-11 11:34:48+00:00,UAL584,27.92217189982786,-84.70089252178485,10363.2,265.8309158113433,226.44011047505325
2025-10-11 11:34:49+00:00,UAL584,27.922027587890625,-84.70360522000294,10363.2,265.8309158113433,226.44011047505325
2025-10-11 11:34:51+00:00,UAL584,27.92184603416313,-84.70612159142127,10363.2,265.8309158113433,226.44011047505325
2025-10-11 11:34:52+00:00,UAL584,27.921615600585938,-84.70982389630012,10363.2,265.70111297522504,226.478091772357
2025-10-11 11:34:53+00:00,UAL584,27.921432495117188,-84.71210407760907,10363.2,265.70111297522504,226.478091772357
2025-10-11 11:34:54+00:00,UAL584,27.92138051178496,-84.71325214092548,10363.2,265.70111297522504,226.478091772357
2025-10-11 11:34:55+00:00,UAL584,27.921240855071503,-84.71552335298975,10363.2,265.70111297522504,226.478091772357
2025-10-11 11:34:56+00:00,UAL584,27.9209615416446,-84.71943195049579,10363.2,265.70111297522504,226.478091772357
2025-10-11 11:34:59+00:00,UAL584,27.92058912374205,-84.72492511455829,10363.2,265.70111297522504,226.478091772357
2025-10-11 11:35:01+00:00,UAL584,27.92026325807733,-84.72973163311298,10363.2,265.70111297522504,226.478091772357
2025-10-11 11:35:03+00:00,UAL584,27.91987609863281,-84.73568322523585,10363.2,265.70111297522504,226.478091772357
2025-10-11 11:35:04+00:00,UAL584,27.919797735699152,-84.73680936373194,10363.2,265.70111297522504,226.478091772357
2025-10-11 11:35:06+00:00,UAL584,27.91942531779661,-84.74251380333533,10363.2,265.5713543344499,226.5172350594989
2025-10-11 11:35:08+00:00,UAL584,27.919097900390625,-84.74687684257077,10363.2,265.5713543344499,226.5172350594989
2025-10-11 11:35:09+00:00,UAL584,27.918960571289062,-84.74915702387972,10363.2,265.70111297522504,226.478091772357
2025-10-11 11:35:10+00:00,UAL584,27.9188666909428,-84.75054227388819,10363.2,265.5713543344499,226.5172350594989
2025-10-11 11:35:11+00:00,UAL584,27.918685913085938,-84.75304369656544,10363.2,265.70111297522504,226.478091772357
2025-10-11 11:35:12+00:00,UAL584,27.918540825278072,-84.75556006798377,10363.2,265.70111297522504,226.478091772357
2025-10-11 11:35:14+00:00,UAL584,27.918214959613348,-84.75994403545673,10363.2,265.70111297522504,226.478091772357
2025-10-11 11:35:15+00:00,UAL584,27.918075302899894,-84.762215247521,10363.2,265.5713543344499,226.5172350594989
2025-10-11 11:35:16+00:00,UAL584,27.91790771484375,-84.76449642541274,10363.2,265.5713543344499,226.5172350594989
2025-10-11 11:35:17+00:00,UAL584,27.917842541710804,-84.76564847506006,10363.2,265.5713543344499,226.5172350594989
2025-10-11 11:35:18+00:00,UAL584,27.91751667604608,-84.77024371807391,10363.2,265.5713543344499,226.5172350594989
2025-10-11 11:35:19+00:00,UAL584,27.917449951171875,-84.7713887916421,10363.2,265.5713543344499,226.5172350594989
2025-10-11 11:35:20+00:00,UAL584,27.917266845703125,-84.77387626216097,10363.2,265.5612836322953,226.00433054091687
2025-10-11 11:35:22+00:00,UAL584,27.916958049192267,-84.77821936974158,10363.2,265.5612836322953,226.00433054091687
2025-10-11 11:35:24+00:00,UAL584,27.9166259765625,-84.78325609890919,10363.2,265.5713543344499,226.5172350594989
2025-10-11 11:35:25+00:00,UAL584,27.91644597457627,-84.78577247032752,10363.2,265.5713543344499,226.5172350594989
2025-10-11 11:35:26+00:00,UAL584,27.916305541992188,-84.78781646152709,10363.2,265.5713543344499,226.5172350594989
2025-10-11 11:35:27+00:00,UAL584,27.91612243652344,-84.79035575434847,10363.2,265.5713543344499,226.5172350594989
2025-10-11 11:35:29+00:00,UAL584,27.91584079548464,-84.79469886192908,10363.2,265.5713543344499,226.5172350594989
2025-10-11 11:35:30+00:00,UAL584,27.91566467285156,-84.79719629827537,10363.2,265.5713543344499,226.5172350594989
2025-10-11 11:35:31+00:00,UAL584,27.91548156738281,-84.79973559109669,10363.2,265.5713543344499,226.5172350594989
2025-10-11 11:35:33+00:00,UAL584,27.915282168630824,-84.80225196251502,10363.2,265.5713543344499,226.5172350594989
2025-10-11 11:35:34+00:00,UAL584,27.91504940744173,-84.80589646559497,10363.2,265.5713543344499,226.5172350594989
2025-10-11 11:35:35+00:00,UAL584,27.91497802734375,-84.80704253574584,10363.2,265.5713543344499,226.5172350594989
2025-10-11 11:35:36+00:00,UAL584,27.91474914550781,-84.81046280770931,10363.2,265.5713543344499,226.5172350594989
2025-10-11 11:35:37+00:00,UAL584,27.91458388506356,-84.8125516451322,10363.2,265.5713543344499,226.5172350594989
2025-10-11 11:35:38+00:00,UAL584,27.914520263671875,-84.81367579046287,10363.2,265.5612836322953,226.00433054091687
2025-10-11 11:35:39+00:00,UAL584,27.914351123874468,-84.81598487267127,10363.2,265.4312779941242,226.0447266685476
2025-10-11 11:35:40+00:00,UAL584,27.91415405273437,-84.81849526459314,10363.2,265.4312779941242,226.0447266685476
2025-10-11 11:35:41+00:00,UAL584,27.91393215373411,-84.82190058781549,10363.2,265.5612836322953,226.00433054091687
2025-10-11 11:35:44+00:00,UAL584,27.91346740722656,-84.82875608048346,10363.2,265.5612836322953,226.00433054091687
2025-10-11 11:35:45+00:00,UAL584,27.91328042240466,-84.83130234938403,10363.2,265.5612836322953,226.00433054091687
2025-10-11 11:35:46+00:00,UAL584,27.913101196289062,-84.83357555461379,10363.2,265.5612836322953,226.00433054091687
2025-10-11 11:35:47+00:00,UAL584,27.9129638671875,-84.83585573592273,10363.2,265.5612836322953,226.00433054091687
2025-10-11 11:35:48+00:00,UAL584,27.912918090820312,-84.83678853736734,10363.2,265.5612836322953,226.00433054091687
2025-10-11 11:35:49+00:00,UAL584,27.912643432617188,-84.84020880933076,10363.2,265.5612836322953,226.00433054091687
2025-10-11 11:35:50+00:00,UAL584,27.91244248212394,-84.84318659855768,10363.2,265.5612836322953,226.00433054091687
2025-10-11 11:35:51+00:00,UAL584,27.912302825410485,-84.84545781062201,10363.2,265.5612836322953,226.00433054091687
2025-10-11 11:35:53+00:00,UAL584,27.91197695974576,-84.84978895920972,10363.2,265.5612836322953,226.00433054091687
2025-10-11 11:35:54+00:00,UAL584,27.911837303032307,-84.85211299015924,10363.2,265.5612836322953,226.00433054091687
2025-10-11 11:35:55+00:00,UAL584,27.911697646318856,-84.85438420222357,10363.2,265.5612836322953,226.00433054091687
2025-10-11 11:35:56+00:00,UAL584,27.911511437367583,-84.85691950871393,10363.2,265.5612836322953,226.00433054091687
2025-10-11 11:35:57+00:00,UAL584,27.911464885129767,-84.85781742976263,10363.2,265.6913350834751,225.96509840481093
2025-10-11 11:35:58+00:00,UAL584,27.91122436523437,-84.86124866413621,10363.2,265.5612836322953,226.00433054091687
2025-10-11 11:35:59+00:00,UAL584,27.911041259765625,-84.86373613465508,10363.2,265.6913350834751,225.96509840481093
2025-10-11 11:36:01+00:00,UAL584,27.910903930664062,-84.86601631596403,10363.2,265.6913350834751,225.96509840481093
2025-10-11 11:36:02+00:00,UAL584,27.91062694484905,-84.86970167893628,10363.2,265.6913350834751,225.96509840481093
2025-10-11 11:36:03+00:00,UAL584,27.910580392611227,-84.8710749699519,10363.2,265.6913350834751,225.96509840481093
2025-10-11 11:36:04+00:00,UAL584,27.910400390625,-84.87358237212555,10363.2,265.5612836322953,226.00433054091687
2025-10-11 11:36:05+00:00,UAL584,27.91021728515625,-84.87586255343456,10363.2,265.5612836322953,226.00433054091687
2025-10-11 11:36:06+00:00,UAL584,27.9099752135196,-84.87952599158655,10363.2,265.5612836322953,226.00433054091687
2025-10-11 11:36:07+00:00,UAL584,27.909896850585938,-84.88068202756483,10363.2,265.5612836322953,226.00433054091687
2025-10-11 11:36:08+00:00,UAL584,27.90975952148437,-84.88249580815153,10363.2,265.5612836322953,226.00433054091687
2025-10-11 11:36:09+00:00,UAL584,27.90960279561705,-84.88501915564905,10363.2,265.5612836322953,226.00433054091687
2025-10-11 11:36:10+00:00,UAL584,27.909439086914062,-84.88772986070165,10363.2,265.5612836322953,226.00433054091687
2025-10-11 11:36:11+00:00,UAL584,27.909323482190143,-84.88887493426984,10363.2,265.5612836322953,226.00433054091687
2025-10-11 11:36:12+00:00,UAL584,27.90904416876324,-84.89299480731671,10363.2,265.5612836322953,226.00433054091687
2025-10-11 11:36:17+00:00,UAL584,27.908248901367188,-84.90462393130895,10363.2,265.6913350834751,225.96509840481093
2025-10-11 11:36:18+00:00,UAL584,27.908203125,-84.90555673275355,10363.2,265.6913350834751,225.96509840481093
2025-10-11 11:36:20+00:00,UAL584,27.907791137695312,-84.91172358674822,10363.2,265.5612836322953,226.00433054091687
2025-10-11 11:36:23+00:00,UAL584,27.90733337402344,-84.9183568414652,10363.2,265.5612836322953,226.00433054091687
2025-10-11 11:36:25+00:00,UAL584,27.90718207925053,-84.92083035982569,10363.2,265.5612836322953,226.00433054091687
2025-10-11 11:36:26+00:00,UAL584,27.907012939453125,-84.9233836048054,10363.2,265.5612836322953,226.00433054091687
2025-10-11 11:36:27+00:00,UAL584,27.90673828125,-84.92680387676887,10363.2,265.5612836322953,226.00433054091687
2025-10-11 11:36:28+00:00,UAL584,27.90655517578125,-84.92996503721992,10363.2,265.6913350834751,225.96509840481093
2025-10-11 11:36:29+00:00,UAL584,27.90648379568326,-84.93113004244287,10363.2,265.5612836322953,226.00433054091687
2025-10-11 11:36:30+00:00,UAL584,27.9063720703125,-84.93224521852886,10363.2,265.5612836322953,226.00433054091687
2025-10-11 11:36:31+00:00,UAL584,27.90614318847656,-84.93566549049234,10363.2,265.5511671166629,225.49143303627747
2025-10-11 11:36:32+00:00,UAL584,27.906005859375,-84.93794567180129,10363.2,265.5511671166629,225.49143303627747
2025-10-11 11:36:33+00:00,UAL584,27.90582275390625,-84.94048496462261,10363.2,265.5511671166629,225.49143303627747
2025-10-11 11:36:34+00:00,UAL584,27.905731201171875,-84.94183234448701,10363.2,265.5511671166629,225.49143303627747
2025-10-11 11:36:35+00:00,UAL584,27.905593872070312,-84.94411252579596,10363.2,265.5511671166629,225.49143303627747
2025-10-11 11:36:36+00:00,UAL584,27.90545964645127,-84.94618342472955,10363.2,265.5511671166629,225.49143303627747
2025-10-11 11:36:37+00:00,UAL584,27.905181884765625,-84.94981297906838,10363.2,265.5511671166629,225.49143303627747
2025-10-11 11:36:38+00:00,UAL584,27.90504067631091,-84.95188786433295,10363.2,265.5511671166629,225.49143303627747
2025-10-11 11:36:39+00:00,UAL584,27.904953002929688,-84.95302596182194,10363.2,265.5511671166629,225.49143303627747
2025-10-11 11:36:41+00:00,UAL584,27.904575153932733,-84.9589655949519,10363.2,265.5511671166629,225.49143303627747
2025-10-11 11:36:42+00:00,UAL584,27.90449523925781,-84.9600737949587,10363.2,265.5511671166629,225.49143303627747
2025-10-11 11:36:44+00:00,UAL584,27.90415618379237,-84.96488131009613,10363.2,265.5511671166629,225.49143303627747
2025-10-11 11:36:45+00:00,UAL584,27.9039699748411,-84.96741661658655,10363.2,265.5511671166629,225.49143303627747
2025-10-11 11:36:46+00:00,UAL584,27.90380859375,-84.96992003242923,10363.2,265.5511671166629,225.49143303627747
2025-10-11 11:36:48+00:00,UAL584,27.9034423828125,-84.97562048570165,10363.2,265.5511671166629,225.49143303627747
2025-10-11 11:36:50+00:00,UAL584,27.90321350097656,-84.9787816461527,10363.2,265.5511671166629,225.49143303627747
2025-10-11 11:36:51+00:00,UAL584,27.903121948242188,-84.98018084831955,10363.2,265.5511671166629,225.49143303627747
2025-10-11 11:36:52+00:00,UAL584,27.902847290039062,-84.98401569870282,10363.2,265.5511671166629,225.49143303627747
2025-10-11 11:36:58+00:00,UAL584,27.901885986328125,-84.99816318727889,10363.2,265.5511671166629,225.49143303627747
2025-10-11 11:37:00+00:00,UAL584,27.90154925847457,-85.00296372633716,10363.2,265.5511671166629,225.49143303627747
2025-10-11 11:37:01+00:00,UAL584,27.90140960176112,-85.00475956843451,10363.2,265.5511671166629,225.49143303627747
2025-10-11 11:37:04+00:00,UAL584,27.90101623535156,-85.01117058520049,10363.2,265.68151269481353,225.45211164813225
2025-10-11 11:37:05+00:00,UAL584,27.900850974907307,-85.01368596003607,10363.2,265.81190307326864,225.41395747758847
2025-10-11 11:37:06+00:00,UAL584,27.900711318193856,-85.01574589655951,10363.2,265.81190307326864,225.41395747758847
2025-10-11 11:37:07+00:00,UAL584,27.9005126953125,-85.01821841833726,10363.2,265.81190307326864,225.41395747758847
2025-10-11 11:37:09+00:00,UAL584,27.90032958984375,-85.02143140109081,10363.2,265.81190307326864,225.41395747758847
2025-10-11 11:37:10+00:00,UAL584,27.900192260742188,-85.02371158239976,10363.2,265.81190307326864,225.41395747758847
2025-10-11 11:37:12+00:00,UAL584,27.899826049804688,-85.02941203567218,10363.2,265.81190307326864,225.41395747758847
2025-10-11 11:37:13+00:00,UAL584,27.89973372119968,-85.03053518442005,10363.2,265.81190307326864,225.41395747758847
2025-10-11 11:37:14+00:00,UAL584,27.89945440777277,-85.03486633300781,10363.2,265.81190307326864,225.41395747758847
2025-10-11 11:37:16+00:00,UAL584,27.899221646583687,-85.03808828500598,10363.2,265.68151269481353,225.45211164813225
2025-10-11 11:37:17+00:00,UAL584,27.8989888853946,-85.04152151254505,10363.2,265.68151269481353,225.45211164813225
2025-10-11 11:37:19+00:00,UAL584,27.89881896972656,-85.04402592497053,10363.2,265.68151269481353,225.45211164813225
2025-10-11 11:37:20+00:00,UAL584,27.898681640625,-85.04630610627947,10363.2,265.68151269481353,225.45211164813225
2025-10-11 11:37:21+00:00,UAL584,27.89843025854078,-85.04991971529444,10363.2,265.68151269481353,225.45211164813225
2025-10-11 11:37:22+00:00,UAL584,27.898223876953125,-85.052887538694,10363.2,265.68151269481353,225.45211164813225
2025-10-11 11:37:23+00:00,UAL584,27.89808654785156,-85.05542683151532,10363.2,265.68151269481353,225.45211164813225
2025-10-11 11:37:24+00:00,UAL584,27.898011288400426,-85.05657489483173,10363.2,265.68151269481353,225.45211164813225
2025-10-11 11:37:26+00:00,UAL584,27.89773197497352,-85.06021939791162,10363.2,265.68151269481353,225.45211164813225
2025-10-11 11:37:27+00:00,UAL584,27.897491455078125,-85.063873866819,10363.2,265.5511671166629,225.49143303627747
2025-10-11 11:37:28+00:00,UAL584,27.897445678710938,-85.06475484596109,10363.2,265.5511671166629,225.49143303627747
2025-10-11 11:37:29+00:00,UAL584,27.89730834960937,-85.06703502727004,10363.2,265.5511671166629,225.49143303627747
2025-10-11 11:37:30+00:00,UAL584,27.897125244140625,-85.06931520857898,10363.2,265.5511671166629,225.49143303627747
2025-10-11 11:37:31+00:00,UAL584,27.89694058693061,-85.07205082820013,10363.2,265.5511671166629,225.49143303627747
2025-10-11 11:37:32+00:00,UAL584,27.896804809570312,-85.07413468270931,10363.2,265.5511671166629,225.49143303627747
2025-10-11 11:37:33+00:00,UAL584,27.89662170410156,-85.07641486401826,10363.2,265.5612836322953,226.00433054091687
2025-10-11 11:37:34+00:00,UAL584,27.896484375,-85.07869504532721,10363.2,265.5612836322953,226.00433054091687
2025-10-11 11:37:35+00:00,UAL584,27.896242303363348,-85.08235051081732,10363.2,265.5612836322953,226.00433054091687
2025-10-11 11:37:38+00:00,UAL584,27.895751953125,-85.08962955114976,10363.2,265.6913350834751,225.96509840481093
2025-10-11 11:37:39+00:00,UAL584,27.89556884765625,-85.0919097324587,10363.2,265.6913350834751,225.96509840481093
2025-10-11 11:37:40+00:00,UAL584,27.895523071289062,-85.09284253390331,10363.2,265.6913350834751,225.96509840481093
2025-10-11 11:37:41+00:00,UAL584,27.895357810844807,-85.0955552321214,10363.2,265.6913350834751,225.96509840481093
2025-10-11 11:37:44+00:00,UAL584,27.89488220214844,-85.1024296598614,10363.2,265.6913350834751,225.96509840481093
2025-10-11 11:37:45+00:00,UAL584,27.89470607951536,-85.10495699368988,10363.2,265.6913350834751,225.96509840481093
2025-10-11 11:37:46+00:00,UAL584,27.894561767578125,-85.10699002247935,10363.2,265.6913350834751,225.96509840481093
2025-10-11 11:37:47+00:00,UAL584,27.89442443847656,-85.1092702037883,10363.2,265.6913350834751,225.96509840481093
2025-10-11 11:37:50+00:00,UAL584,27.8939208984375,-85.11636985922758,10363.2,265.5612836322953,226.00433054091687
2025-10-11 11:37:55+00:00,UAL584,27.893142700195312,-85.12777076577241,10363.2,265.4312779941242,226.0447266685476
2025-10-11 11:37:59+00:00,UAL584,27.892471572100103,-85.13691241924579,10363.2,265.4312779941242,226.0447266685476
2025-10-11 11:38:11+00:00,UAL584,27.890533447265625,-85.16430548901828,10363.2,265.4312779941242,226.0447266685476
2025-10-11 11:38:12+00:00,UAL584,27.89044189453125,-85.16565286888267,10363.2,265.4312779941242,226.0447266685476
2025-10-11 11:38:13+00:00,UAL584,27.89028361692267,-85.1677058293269,10363.2,265.4312779941242,226.0447266685476
2025-10-11 11:38:15+00:00,UAL584,27.889938354492188,-85.17275252432194,10363.2,265.4312779941242,226.0447266685476
2025-10-11 11:38:16+00:00,UAL584,27.88967843783104,-85.17642094538763,10363.2,265.4312779941242,226.0447266685476
2025-10-11 11:38:17+00:00,UAL584,27.889538781117583,-85.1786921574519,10363.2,265.4312779941242,226.0447266685476
2025-10-11 11:38:18+00:00,UAL584,27.889434814453125,-85.17985217976121,10363.2,265.4312779941242,226.0447266685476
2025-10-11 11:38:19+00:00,UAL584,27.88929748535156,-85.18213236107016,10363.2,265.4312779941242,226.0447266685476
2025-10-11 11:38:20+00:00,UAL584,27.88911437988281,-85.18461983158903,10363.2,265.4312779941242,226.0447266685476
2025-10-11 11:38:21+00:00,UAL584,27.88898015426377,-85.18666780911957,10363.2,265.4312779941242,226.0447266685476
2025-10-11 11:38:23+00:00,UAL584,27.88870084083686,-85.19078768216644,10363.2,265.5612836322953,226.00433054091687
2025-10-11 11:38:24+00:00,UAL584,27.88851463188559,-85.19311171311597,10363.2,265.5612836322953,226.00433054091687
2025-10-11 11:38:25+00:00,UAL584,27.88832842293432,-85.19559420072113,10363.2,265.5612836322953,226.00433054091687
2025-10-11 11:38:26+00:00,UAL584,27.888188766220868,-85.19791823167066,10363.2,265.5612836322953,226.00433054091687
2025-10-11 11:38:30+00:00,UAL584,27.887583587129235,-85.20679180438702,10363.2,265.82143103111054,225.92703086660975
2025-10-11 11:38:35+00:00,UAL584,27.88705444335937,-85.21939259655068,10363.2,267.7823648918084,226.0101854995464
2025-10-11 11:38:37+00:00,UAL584,27.887024960275426,-85.22374666654144,10363.2,269.60846318240925,225.8461892823992
2025-10-11 11:38:38+00:00,UAL584,27.887024960275426,-85.22622915414661,10363.2,269.60846318240925,225.8461892823992
2025-10-11 11:38:41+00:00,UAL584,27.88716461698888,-85.23309560922473,10363.2,271.8307486480255,225.44154652432067
2025-10-11 11:38:42+00:00,UAL584,27.88725772146451,-85.23563091571515,10363.2,272.3532968661083,225.5166655389505
2025-10-11 11:38:43+00:00,UAL584,27.887283325195312,-85.23675306788027,10363.2,272.3532968661083,225.5166655389505
2025-10-11 11:38:45+00:00,UAL584,27.88753703489142,-85.24154663085938,10363.2,272.3532968661083,225.5166655389505
2025-10-11 11:38:47+00:00,UAL584,27.887816348318324,-85.24545522836536,10363.2,274.8395875762976,225.6163943129133
2025-10-11 11:38:48+00:00,UAL584,27.8880025572696,-85.24772644042969,10363.2,274.8395875762976,225.6163943129133
2025-10-11 11:38:49+00:00,UAL584,27.88829040527344,-85.25110784566624,10363.2,275.35988655695576,225.79931134317127
2025-10-11 11:38:50+00:00,UAL584,27.888374975172137,-85.25226886455829,10363.2,275.76263288659845,225.4368507548053
2025-10-11 11:38:51+00:00,UAL584,27.888748168945312,-85.25540909677181,10363.2,276.94662644283915,225.43802470635387
2025-10-11 11:38:52+00:00,UAL584,27.88897705078125,-85.25768927808076,10363.2,277.4821970857745,225.18607196184064
2025-10-11 11:38:54+00:00,UAL584,27.8895853333554,-85.26219881497894,10363.2,278.5372360536827,225.2501146329988
2025-10-11 11:38:55+00:00,UAL584,27.889864646782307,-85.26447002704327,10363.2,279.0747580210087,225.0567560132185
2025-10-11 11:38:56+00:00,UAL584,27.89019051244703,-85.26674123910755,10363.2,279.0747580210087,225.0567560132185
2025-10-11 11:38:57+00:00,UAL584,27.890396118164062,-85.26784644936612,10363.2,280.00039597891606,225.146109508519
2025-10-11 11:38:58+00:00,UAL584,27.8909912109375,-85.27168129974939,10363.2,280.53918372862825,225.00677312853676
2025-10-11 11:38:59+00:00,UAL584,27.891128540039062,-85.27256227889148,10363.2,280.9499098725487,224.78907108873528
2025-10-11 11:39:01+00:00,UAL584,27.892135620117188,-85.27815908755895,10363.2,281.46395301569254,225.18901009762655
2025-10-11 11:39:02+00:00,UAL584,27.89256467657574,-85.28015723595252,10363.2,281.46395301569254,225.18901009762655
2025-10-11 11:39:03+00:00,UAL584,27.893142700195312,-85.28303038399173,10363.2,282.4150975542731,224.92736571787668
2025-10-11 11:39:07+00:00,UAL584,27.894927978515625,-85.2910110185731,10363.2,284.4171516257452,225.21662670042448
2025-10-11 11:39:10+00:00,UAL584,27.89630126953125,-85.29671147184553,10363.2,286.4857361798063,224.7931917326244
2025-10-11 11:39:11+00:00,UAL584,27.897216796875,-85.30002809920398,10363.2,286.90023715479504,224.743739019562
2025-10-11 11:39:12+00:00,UAL584,27.89804077148437,-85.30303379274761,10363.2,286.90023715479504,224.743739019562
2025-10-11 11:39:13+00:00,UAL584,27.89861646749205,-85.30498211200421,10363.2,287.44004252914203,224.8597002498064
2025-10-11 11:39:14+00:00,UAL584,27.899002075195312,-85.30629859780362,10363.2,287.9792436278103,224.99559896532023
2025-10-11 11:39:15+00:00,UAL584,27.89996648238877,-85.30952453613281,10363.2,288.434948822922,224.5004380678573
2025-10-11 11:39:16+00:00,UAL584,27.90028381347656,-85.31059984890919,10363.2,289.1412424515632,224.35480269711917
2025-10-11 11:39:17+00:00,UAL584,27.90097045898437,-85.31277638561318,10363.2,289.3890987917356,224.69427542250733
2025-10-11 11:39:18+00:00,UAL584,27.901782019663663,-85.3153346135066,10363.2,289.3890987917356,224.69427542250733
2025-10-11 11:39:19+00:00,UAL584,27.902014780852756,-85.31617971567005,10363.2,289.3890987917356,224.69427542250733
2025-10-11 11:39:20+00:00,UAL584,27.90271306442002,-85.31834528996393,10363.2,289.26526430918,224.52401385559023
2025-10-11 11:39:21+00:00,UAL584,27.90359755693856,-85.32135596642127,10363.2,289.09825672226367,224.84086797622103
2025-10-11 11:39:22+00:00,UAL584,27.904342392743644,-85.32373281625598,10363.2,288.9742849081905,224.6730734044396
2025-10-11 11:39:23+00:00,UAL584,27.90467834472656,-85.32479915978774,10363.2,288.9742849081905,224.6730734044396
2025-10-11 11:39:24+00:00,UAL584,27.905593872070312,-85.32785667563383,10363.2,288.9742849081905,224.6730734044396
2025-10-11 11:39:25+00:00,UAL584,27.90648379568326,-85.3308633657602,10363.2,288.8078011270346,224.99324643919127
2025-10-11 11:39:28+00:00,UAL584,27.90792691505561,-85.33561706542969,10363.2,288.6836988353504,224.8279198730875
2025-10-11 11:39:29+00:00,UAL584,27.908981323242188,-85.33905029296875,10363.2,288.6836988353504,224.8279198730875
2025-10-11 11:39:30+00:00,UAL584,27.90962219238281,-85.34122682967273,10363.2,288.6836988353504,224.8279198730875
2025-10-11 11:39:32+00:00,UAL584,27.910675048828125,-85.34464710163621,10363.2,288.6836988353504,224.8279198730875
2025-10-11 11:39:36+00:00,UAL584,27.91351318359375,-85.35418240529185,10363.2,288.6836988353504,224.8279198730875
2025-10-11 11:39:41+00:00,UAL584,27.916168212890625,-85.36304401901533,10363.2,288.6836988353504,224.8279198730875
2025-10-11 11:39:45+00:00,UAL584,27.91937255859375,-85.37361576872053,10363.2,288.8078011270346,224.99324643919127
2025-10-11 11:39:46+00:00,UAL584,27.92003049688824,-85.3757594181941,10363.2,288.8078011270346,224.99324643919127
2025-10-11 11:39:47+00:00,UAL584,27.92068222821769,-85.37792499248798,10363.2,288.8078011270346,224.99324643919127
2025-10-11 11:39:48+00:00,UAL584,27.921054646120236,-85.37919264573316,10363.2,288.8078011270346,224.99324643919127
2025-10-11 11:39:49+00:00,UAL584,27.921844482421875,-85.38180369251177,10363.2,288.8078011270346,224.99324643919127
2025-10-11 11:39:50+00:00,UAL584,27.922823631157307,-85.38505554199219,10363.2,288.8078011270346,224.99324643919127
2025-10-11 11:39:53+00:00,UAL584,27.924728393554688,-85.39154628537733,10363.2,288.6836988353504,224.8279198730875
2025-10-11 11:39:55+00:00,UAL584,27.92573547363281,-85.39475926813088,10363.2,288.6836988353504,224.8279198730875
2025-10-11 11:39:56+00:00,UAL584,27.92660522460937,-85.39776496167451,10363.2,288.6836988353504,224.8279198730875
2025-10-11 11:40:00+00:00,UAL584,27.929061631024894,-85.40597182053784,10363.2,288.55941447691043,224.66364964303972
2025-10-11 11:40:01+00:00,UAL584,27.929672241210938,-85.40792213295987,10363.2,288.55941447691043,224.66364964303972
2025-10-11 11:40:02+00:00,UAL584,27.93035888671875,-85.41030595887383,10363.2,288.55941447691043,224.66364964303972
2025-10-11 11:40:06+00:00,UAL584,27.932647705078125,-85.41787201503536,10363.2,288.55941447691043,224.66364964303972
2025-10-11 11:40:11+00:00,UAL584,27.93609101893538,-85.42952904334436,10363.2,288.55941447691043,224.66364964303972
2025-10-11 11:40:12+00:00,UAL584,27.93678930250265,-85.43190589317908,10363.2,288.55941447691043,224.66364964303972
2025-10-11 11:40:13+00:00,UAL584,27.9375,-85.4342996849204,10363.2,288.55941447691043,224.66364964303972
2025-10-11 11:40:15+00:00,UAL584,27.938690185546875,-85.43818635760613,10363.2,288.434948822922,224.5004380678573
2025-10-11 11:40:16+00:00,UAL584,27.939303123344807,-85.44035070082721,10363.2,288.434948822922,224.5004380678573
2025-10-11 11:40:17+00:00,UAL584,27.93988037109375,-85.44225839468146,10363.2,288.434948822922,224.5004380678573
2025-10-11 11:40:18+00:00,UAL584,27.9408393471928,-85.44552073759189,10363.2,288.434948822922,224.5004380678573
2025-10-11 11:40:19+00:00,UAL584,27.94125366210937,-85.44680081881006,10363.2,288.434948822922,224.5004380678573
2025-10-11 11:40:20+00:00,UAL584,27.94175720214844,-85.44854384202222,10363.2,288.434948822922,224.5004380678573
2025-10-11 11:40:21+00:00,UAL584,27.942123413085938,-85.4498114952674,10363.2,288.434948822922,224.5004380678573
2025-10-11 11:40:22+00:00,UAL584,27.94317626953125,-85.45329754169171,10363.2,288.434948822922,224.5004380678573
2025-10-11 11:40:23+00:00,UAL584,27.943862915039062,-85.45567439152643,10363.2,288.434948822922,224.5004380678573
2025-10-11 11:40:24+00:00,UAL584,27.944503784179688,-85.45783996582031,10363.2,288.434948822922,224.5004380678573
2025-10-11 11:40:25+00:00,UAL584,27.94521525754767,-85.46016917509189,10363.2,288.434948822922,224.5004380678573
2025-10-11 11:40:28+00:00,UAL584,27.94711303710937,-85.46666071965143,10363.2,288.434948822922,224.5004380678573
2025-10-11 11:40:29+00:00,UAL584,27.94772907838983,-85.46862433938418,10363.2,288.434948822922,224.5004380678573
2025-10-11 11:40:30+00:00,UAL584,27.948427361957098,-85.47099393956802,10363.2,288.6012641163592,224.17601956193943
2025-10-11 11:40:31+00:00,UAL584,27.949127197265625,-85.47336871807391,10363.2,288.6012641163592,224.17601956193943
2025-10-11 11:40:34+00:00,UAL584,27.951141357421875,-85.48002389761115,10363.2,288.6012641163592,224.17601956193943
2025-10-11 11:40:36+00:00,UAL584,27.9521049887447,-85.48327277688418,10363.2,288.6012641163592,224.17601956193943
2025-10-11 11:40:37+00:00,UAL584,27.95298948126324,-85.48628863166363,10363.2,288.6012641163592,224.17601956193943
2025-10-11 11:40:39+00:00,UAL584,27.95433949615996,-85.49081241383271,10363.2,288.6012641163592,224.17601956193943
2025-10-11 11:40:40+00:00,UAL584,27.954666137695312,-85.49190814678485,10363.2,288.6012641163592,224.17601956193943
2025-10-11 11:40:41+00:00,UAL584,27.954991227489405,-85.49296659581802,10363.2,288.6012641163592,224.17601956193943
2025-10-11 11:40:45+00:00,UAL584,27.958053588867188,-85.50305293156549,10363.2,288.76806006684336,223.8534954186036
2025-10-11 11:40:46+00:00,UAL584,27.95876195875265,-85.50546085133271,10363.2,288.76806006684336,223.8534954186036
2025-10-11 11:40:48+00:00,UAL584,27.96011197364936,-85.5099307789522,10363.2,288.76806006684336,223.8534954186036
2025-10-11 11:40:50+00:00,UAL584,27.96141543630826,-85.5142391429228,10363.2,288.76806006684336,223.8534954186036
2025-10-11 11:40:51+00:00,UAL584,27.96164819749735,-85.51510081571689,10363.2,288.76806006684336,223.8534954186036
2025-10-11 11:40:54+00:00,UAL584,27.963592529296875,-85.52153954139123,10363.2,288.76806006684336,223.8534954186036
2025-10-11 11:40:56+00:00,UAL584,27.965279272047137,-85.52716423483457,10363.2,288.76806006684336,223.8534954186036
2025-10-11 11:41:00+00:00,UAL584,27.967529296875,-85.53448016826923,10363.2,288.76806006684336,223.8534954186036
2025-10-11 11:41:02+00:00,UAL584,27.96881103515625,-85.53875849797174,10363.2,288.89263957729844,224.01954111173876
2025-10-11 11:41:16+00:00,UAL584,27.97833251953125,-85.57008009690504,10363.2,288.9353359217142,223.5328738376865
2025-10-11 11:41:18+00:00,UAL584,27.979705810546875,-85.57456970214844,10363.2,288.9353359217142,223.5328738376865
2025-10-11 11:41:20+00:00,UAL584,27.98040874933792,-85.57692583869488,10363.2,288.9353359217142,223.5328738376865
2025-10-11 11:41:30+00:00,UAL584,27.98734503277277,-85.59986787683823,10363.2,288.9353359217142,223.5328738376865
2025-10-11 11:41:32+00:00,UAL584,27.988508838718214,-85.60369154986213,10363.2,288.8531587644191,222.8795605003456
2025-10-11 11:41:36+00:00,UAL584,27.99082946777344,-85.61143728402942,10363.2,288.8531587644191,222.8795605003456
2025-10-11 11:41:37+00:00,UAL584,27.991928100585938,-85.61502896822412,10363.2,288.8531587644191,222.8795605003456
2025-10-11 11:41:39+00:00,UAL584,27.992791644597457,-85.61785529641543,10363.2,288.8531587644191,222.8795605003456
2025-10-11 11:41:40+00:00,UAL584,27.993489928164724,-85.62017104204966,10363.2,288.8531587644191,222.8795605003456
2025-10-11 11:41:45+00:00,UAL584,27.99707445047669,-85.63196518841914,10363.2,288.8959875734202,222.3927786272855
2025-10-11 11:41:46+00:00,UAL584,27.99769592285156,-85.63409658578723,10363.2,288.8959875734202,222.3927786272855
2025-10-11 11:41:47+00:00,UAL584,27.998336791992188,-85.63620934119592,10363.2,288.8959875734202,222.3927786272855
2025-10-11 11:41:48+00:00,UAL584,27.9990234375,-85.63837491548975,10363.2,288.8959875734202,222.3927786272855
2025-10-11 11:41:50+00:00,UAL584,28.00035095214844,-85.64286452073316,10363.2,288.7704986001886,222.2267083454099
2025-10-11 11:41:54+00:00,UAL584,28.003005981445312,-85.65157963679388,10363.2,288.7704986001886,222.2267083454099
2025-10-11 11:42:01+00:00,UAL584,28.006943524894066,-85.66460104549634,10363.2,288.7704986001886,222.2267083454099
2025-10-11 11:42:02+00:00,UAL584,28.007967674126057,-85.66799388212314,10363.2,288.7704986001886,222.2267083454099
2025-10-11 11:42:03+00:00,UAL584,28.008544921875,-85.66996060884912,10363.2,288.7704986001886,222.2267083454099
2025-10-11 11:42:09+00:00,UAL584,28.012527465820312,-85.68316533015326,10363.2,288.8132720227813,221.7396868042159
2025-10-11 11:42:11+00:00,UAL584,28.01369359937765,-85.68700453814341,10363.2,288.8132720227813,221.7396868042159
2025-10-11 11:42:12+00:00,UAL584,28.01426696777344,-85.68892258864184,10363.2,288.8132720227813,221.7396868042159
2025-10-11 11:42:13+00:00,UAL584,28.014633178710938,-85.69019024188702,10363.2,288.8132720227813,221.7396868042159
2025-10-11 11:42:15+00:00,UAL584,28.016510009765625,-85.69637005145734,10363.2,288.68735150521115,221.57432144939784
2025-10-11 11:42:17+00:00,UAL584,28.017654418945312,-85.70022583007812,10363.2,288.68735150521115,221.57432144939784
2025-10-11 11:42:18+00:00,UAL584,28.01820373535156,-85.70212730994592,10363.2,288.68735150521115,221.57432144939784
2025-10-11 11:42:19+00:00,UAL584,28.018535032110695,-85.70321475758271,10363.2,288.68735150521115,221.57432144939784
2025-10-11 11:42:20+00:00,UAL584,28.01955918134269,-85.70660759420957,10363.2,288.68735150521115,221.57432144939784
2025-10-11 11:42:22+00:00,UAL584,28.02044677734375,-85.70957477276141,10363.2,288.68735150521115,221.57432144939784
2025-10-11 11:42:23+00:00,UAL584,28.0213623046875,-85.71258544921875,10363.2,288.68735150521115,221.57432144939784
2025-10-11 11:42:25+00:00,UAL584,28.022689819335938,-85.7170222355769,10363.2,288.68735150521115,221.57432144939784
2025-10-11 11:42:26+00:00,UAL584,28.02328336036811,-85.7189402860754,10363.2,288.68735150521115,221.57432144939784
2025-10-11 11:42:27+00:00,UAL584,28.023971557617188,-85.72130056527942,10363.2,288.68735150521115,221.57432144939784
2025-10-11 11:42:31+00:00,UAL584,28.0264892578125,-85.72980440579926,10363.2,288.56124350341656,221.41002789564135
2025-10-11 11:42:32+00:00,UAL584,28.02733340505826,-85.73256548713238,10363.2,288.56124350341656,221.41002789564135
2025-10-11 11:42:34+00:00,UAL584,28.02831100205244,-85.7357967601103,10363.2,288.56124350341656,221.41002789564135
2025-10-11 11:42:37+00:00,UAL584,28.030517578125,-85.74322040264423,10363.2,288.6037135175147,220.92240393405748
2025-10-11 11:42:38+00:00,UAL584,28.030871375132413,-85.74446734260113,10363.2,288.6037135175147,220.92240393405748
2025-10-11 11:42:39+00:00,UAL584,28.03152310646186,-85.74662152458643,10363.2,288.6037135175147,220.92240393405748
2025-10-11 11:42:40+00:00,UAL584,28.03207397460937,-85.74850229116583,10363.2,288.6037135175147,220.92240393405748
2025-10-11 11:42:41+00:00,UAL584,28.0329196735964,-85.75130687040439,10363.2,288.6037135175147,220.92240393405748
2025-10-11 11:42:42+00:00,UAL584,28.033617957163663,-85.75362261603863,10363.2,288.6037135175147,220.92240393405748
2025-10-11 11:42:43+00:00,UAL584,28.0341796875,-85.75552720289966,10363.2,288.6037135175147,220.92240393405748
2025-10-11 11:42:44+00:00,UAL584,28.0345458984375,-85.75679485614484,10363.2,288.51958063657503,220.2709599669488
2025-10-11 11:42:45+00:00,UAL584,28.03543349443856,-85.75976203469668,10363.2,288.51958063657503,220.2709599669488
2025-10-11 11:42:47+00:00,UAL584,28.036376953125,-85.76297466571515,10363.2,288.6463714039613,220.43490189286103
2025-10-11 11:42:48+00:00,UAL584,28.037155927237816,-85.76552447150738,10363.2,288.6463714039613,220.43490189286103
2025-10-11 11:42:52+00:00,UAL584,28.039436986890887,-85.77311796300552,10363.2,288.51958063657503,220.2709599669488
2025-10-11 11:42:54+00:00,UAL584,28.041091918945312,-85.77866187462439,10363.2,288.51958063657503,220.2709599669488
2025-10-11 11:42:55+00:00,UAL584,28.04145812988281,-85.77992952786957,10363.2,288.51958063657503,220.2709599669488
2025-10-11 11:42:56+00:00,UAL584,28.04246288234905,-85.78329647288604,10363.2,288.51958063657503,220.2709599669488
2025-10-11 11:42:57+00:00,UAL584,28.04315185546875,-85.78563396747296,10363.2,288.51958063657503,220.2709599669488
2025-10-11 11:42:58+00:00,UAL584,28.043472290039062,-85.78669034517725,10363.2,288.51958063657503,220.2709599669488
2025-10-11 11:42:59+00:00,UAL584,28.044113159179688,-85.78880310058594,10363.2,288.51958063657503,220.2709599669488
2025-10-11 11:43:00+00:00,UAL584,28.04498291015625,-85.79181377704327,10363.2,288.51958063657503,220.2709599669488
2025-10-11 11:43:01+00:00,UAL584,28.045674986758478,-85.79412123736216,10363.2,288.51958063657503,220.2709599669488
2025-10-11 11:43:04+00:00,UAL584,28.047490524033368,-85.80026065602021,10363.2,288.5621783240446,219.78321710843133
2025-10-11 11:43:05+00:00,UAL584,28.04823303222656,-85.80280010516827,10363.2,288.5621783240446,219.78321710843133
2025-10-11 11:43:07+00:00,UAL584,28.049212956832623,-85.80596923828125,10363.2,288.5621783240446,219.78321710843133
2025-10-11 11:43:08+00:00,UAL584,28.04951477050781,-85.8070256159856,10363.2,288.5621783240446,219.78321710843133
2025-10-11 11:43:09+00:00,UAL584,28.05079573291843,-85.81124698414521,10363.2,288.5621783240446,219.78321710843133
2025-10-11 11:43:10+00:00,UAL584,28.05126125529661,-85.81291647518384,10363.2,288.6049654738023,219.29559627489292
2025-10-11 11:43:12+00:00,UAL584,28.052536010742188,-85.81716684194708,10363.2,288.6049654738023,219.29559627489292
2025-10-11 11:43:14+00:00,UAL584,28.05335610599841,-85.81991756663604,10363.2,288.6049654738023,219.29559627489292
2025-10-11 11:43:19+00:00,UAL584,28.0565185546875,-85.83042438213641,10363.2,288.64794330463343,218.8080982821433
2025-10-11 11:43:20+00:00,UAL584,28.05747985839844,-85.83359351524939,10363.2,288.64794330463343,218.8080982821433
2025-10-11 11:43:22+00:00,UAL584,28.058578491210938,-85.83739647498498,10363.2,288.64794330463343,218.8080982821433
2025-10-11 11:43:23+00:00,UAL584,28.058895822298727,-85.83844353170957,10363.2,288.7754843644236,218.97313543355543
2025-10-11 11:43:24+00:00,UAL584,28.059873419292902,-85.84156709558823,10363.2,288.7754843644236,218.97313543355543
2025-10-11 11:43:25+00:00,UAL584,28.06047859838453,-85.84366742302393,10363.2,288.64794330463343,218.8080982821433
2025-10-11 11:43:26+00:00,UAL584,28.0611768819518,-85.84598316865811,10363.2,288.64794330463343,218.8080982821433
2025-10-11 11:43:27+00:00,UAL584,28.061737060546875,-85.847907433143,10363.2,288.64794330463343,218.8080982821433
2025-10-11 11:43:28+00:00,UAL584,28.062573449086333,-85.85061465992646,10363.2,288.64794330463343,218.8080982821433
2025-10-11 11:43:29+00:00,UAL584,28.062806210275426,-85.85147633272061,10363.2,288.64794330463343,218.8080982821433
2025-10-11 11:43:30+00:00,UAL584,28.0638427734375,-85.85482670710638,10363.2,288.64794330463343,218.8080982821433
2025-10-11 11:43:31+00:00,UAL584,28.064208984375,-85.85609436035156,10363.2,288.64794330463343,218.8080982821433
2025-10-11 11:43:32+00:00,UAL584,28.06504071769068,-85.85880055147061,10363.2,288.64794330463343,218.8080982821433
2025-10-11 11:43:33+00:00,UAL584,28.065739001257946,-85.86111629710479,10363.2,288.64794330463343,218.8080982821433
2025-10-11 11:43:34+00:00,UAL584,28.0660400390625,-85.86216853215143,10363.2,288.6911130453524,218.3207239530723
2025-10-11 11:43:36+00:00,UAL584,28.067642211914062,-85.8674504206731,10363.2,288.6911130453524,218.3207239530723
2025-10-11 11:43:37+00:00,UAL584,28.068145751953125,-85.869140625,10363.2,288.6911130453524,218.3207239530723
2025-10-11 11:43:38+00:00,UAL584,28.069090762380824,-85.87226418887866,10363.2,288.6911130453524,218.3207239530723
2025-10-11 11:43:39+00:00,UAL584,28.069556284759003,-85.87393367991729,10363.2,288.6911130453524,218.3207239530723
2025-10-11 11:43:40+00:00,UAL584,28.070161463850635,-85.87581858915439,10363.2,288.6911130453524,218.3207239530723
2025-10-11 11:43:41+00:00,UAL584,28.070766642942267,-85.8779727711397,10363.2,288.6911130453524,218.3207239530723
2025-10-11 11:43:42+00:00,UAL584,28.071441650390625,-85.88023259089545,10363.2,288.6911130453524,218.3207239530723
2025-10-11 11:43:43+00:00,UAL584,28.072023553363348,-85.88211957146143,10363.2,288.6911130453524,218.3207239530723
2025-10-11 11:43:44+00:00,UAL584,28.0726318359375,-85.88424682617188,10363.2,288.6911130453524,218.3207239530723
2025-10-11 11:43:45+00:00,UAL584,28.073327016022244,-85.88653564453125,10363.2,288.6911130453524,218.3207239530723
2025-10-11 11:43:46+00:00,UAL584,28.07397874735169,-85.88863597196689,10363.2,288.6911130453524,218.3207239530723
2025-10-11 11:43:48+00:00,UAL584,28.07528221001059,-85.89305204503677,10363.2,288.6911130453524,218.3207239530723
2025-10-11 11:43:49+00:00,UAL584,28.07565462791313,-85.89434455422793,10363.2,288.6911130453524,218.3207239530723
2025-10-11 11:43:50+00:00,UAL584,28.076306359242583,-85.89644488166363,10363.2,288.6911130453524,218.3207239530723
2025-10-11 11:43:51+00:00,UAL584,28.076934814453125,-85.8985079251803,10363.2,288.6911130453524,218.3207239530723
2025-10-11 11:43:52+00:00,UAL584,28.07757568359375,-85.90062068058893,10363.2,288.6911130453524,218.3207239530723
2025-10-11 11:43:53+00:00,UAL584,28.07812189651748,-85.90247659122241,10363.2,288.6911130453524,218.3207239530723
2025-10-11 11:43:54+00:00,UAL584,28.078773627846928,-85.90457691865811,10363.2,288.6911130453524,218.3207239530723
2025-10-11 11:43:55+00:00,UAL584,28.07970467260328,-85.90775433708643,10363.2,288.6911130453524,218.3207239530723
2025-10-11 11:43:56+00:00,UAL584,28.08021674721928,-85.909423828125,10363.2,288.6911130453524,218.3207239530723
2025-10-11 11:43:57+00:00,UAL584,28.08082192631091,-85.91152415556064,10363.2,288.6911130453524,218.3207239530723
2025-10-11 11:43:58+00:00,UAL584,28.08147365764036,-85.91362448299634,10363.2,288.6911130453524,218.3207239530723
2025-10-11 11:43:59+00:00,UAL584,28.082171941207623,-85.91594022863052,10363.2,288.6911130453524,218.3207239530723
2025-10-11 11:44:00+00:00,UAL584,28.082748413085938,-85.91783963716944,10363.2,288.6911130453524,218.3207239530723
2025-10-11 11:44:01+00:00,UAL584,28.08334350585937,-85.91989957369287,10363.2,288.6911130453524,218.3207239530723
2025-10-11 11:44:02+00:00,UAL584,28.08403403072034,-85.9222412109375,10363.2,288.6911130453524,218.3207239530723
2025-10-11 11:44:03+00:00,UAL584,28.084313344147244,-85.92304902918198,10363.2,288.6911130453524,218.3207239530723
2025-10-11 11:44:04+00:00,UAL584,28.08531188964844,-85.92639629657452,10363.2,288.5631270867456,218.15640638060057
2025-10-11 11:44:05+00:00,UAL584,28.08554077148437,-85.92724139873798,10363.2,288.5631270867456,218.15640638060057
2025-10-11 11:44:06+00:00,UAL584,28.086502075195312,-85.93041053185095,10363.2,288.5631270867456,218.15640638060057
2025-10-11 11:44:07+00:00,UAL584,28.087199582891948,-85.93274284811582,10363.2,288.5631270867456,218.15640638060057
2025-10-11 11:44:08+00:00,UAL584,28.08780476198358,-85.93478932100186,10363.2,288.5631270867456,218.15640638060057
2025-10-11 11:44:09+00:00,UAL584,28.08845649331303,-85.9368896484375,10363.2,288.5631270867456,218.15640638060057
2025-10-11 11:44:10+00:00,UAL584,28.08906555175781,-85.93902001014123,10363.2,288.5631270867456,218.15640638060057
2025-10-11 11:44:11+00:00,UAL584,28.089759955971928,-85.94130572150738,10363.2,288.5631270867456,218.15640638060057
2025-10-11 11:44:12+00:00,UAL584,28.090301513671875,-85.9431927020733,10363.2,288.434948822922,217.99317899342665
2025-10-11 11:44:13+00:00,UAL584,28.0909423828125,-85.94530545748194,10363.2,288.434948822922,217.99317899342665
2025-10-11 11:44:14+00:00,UAL584,28.091296179819917,-85.94658346737134,10363.2,288.434948822922,217.99317899342665
2025-10-11 11:44:15+00:00,UAL584,28.09185791015625,-85.94847459059497,10363.2,288.434948822922,217.99317899342665
2025-10-11 11:44:16+00:00,UAL584,28.092498779296875,-85.9505345271184,10363.2,288.434948822922,217.99317899342665
2025-10-11 11:44:17+00:00,UAL584,28.09320482157044,-85.95309986787686,10363.2,288.434948822922,217.99317899342665
2025-10-11 11:44:19+00:00,UAL584,28.094322075278072,-85.95686968635113,10363.2,288.434948822922,217.99317899342665
2025-10-11 11:44:21+00:00,UAL584,28.095703125,-85.96146803635816,10363.2,288.434948822922,217.99317899342665
2025-10-11 11:44:22+00:00,UAL584,28.096343994140625,-85.96358079176684,10363.2,288.434948822922,217.99317899342665
2025-10-11 11:44:24+00:00,UAL584,28.09758073192532,-85.96774830537686,10363.2,288.434948822922,217.99317899342665
2025-10-11 11:44:25+00:00,UAL584,28.098185911016948,-85.9698486328125,10363.2,288.434948822922,217.99317899342665
2025-10-11 11:44:26+00:00,UAL584,28.098861694335938,-85.97219027005707,10363.2,288.434948822922,217.99317899342665
2025-10-11 11:44:27+00:00,UAL584,28.09950256347656,-85.9742502065805,10363.2,288.434948822922,217.99317899342665
2025-10-11 11:44:28+00:00,UAL584,28.0997314453125,-85.97509530874396,10363.2,288.434948822922,217.99317899342665
2025-10-11 11:44:29+00:00,UAL584,28.100746284096928,-85.97846536075366,10363.2,288.434948822922,217.99317899342665
2025-10-11 11:44:30+00:00,UAL584,28.10135146318856,-85.98056568818936,10363.2,288.434948822922,217.99317899342665
2025-10-11 11:44:31+00:00,UAL584,28.102049746755824,-85.98288143382354,10363.2,288.434948822922,217.99317899342665
2025-10-11 11:44:32+00:00,UAL584,28.102615356445312,-85.98476116473859,10363.2,288.5631270867456,218.15640638060057
2025-10-11 11:44:33+00:00,UAL584,28.10339976165254,-85.98751292509189,10363.2,288.5631270867456,218.15640638060057
2025-10-11 11:44:35+00:00,UAL584,28.10442391088453,-85.99085190716914,10363.2,288.5631270867456,218.15640638060057
2025-10-11 11:44:36+00:00,UAL584,28.10504150390625,-85.99294809194708,10363.2,288.5631270867456,218.15640638060057
2025-10-11 11:44:37+00:00,UAL584,28.10572737354343,-85.99526798023896,10363.2,288.5631270867456,218.15640638060057
2025-10-11 11:44:38+00:00,UAL584,28.106277465820312,-85.99712078387921,10363.2,288.434948822922,217.99317899342665
2025-10-11 11:44:39+00:00,UAL584,28.10689117948888,-85.99925321691177,10363.2,288.434948822922,217.99317899342665
2025-10-11 11:44:40+00:00,UAL584,28.107542910818324,-86.00135354434741,10363.2,288.434948822922,217.99317899342665
2025-10-11 11:44:41+00:00,UAL584,28.10814808990996,-86.00345387178311,10363.2,288.434948822922,217.99317899342665
2025-10-11 11:44:42+00:00,UAL584,28.10884094238281,-86.00573026216944,10363.2,288.434948822922,217.99317899342665
2025-10-11 11:44:43+00:00,UAL584,28.109527587890625,-86.00805429311896,10363.2,288.434948822922,217.99317899342665
2025-10-11 11:44:44+00:00,UAL584,28.1098239704714,-86.00910859949448,10363.2,288.434948822922,217.99317899342665
2025-10-11 11:44:45+00:00,UAL584,28.110475701800848,-86.01120892693018,10363.2,288.434948822922,217.99317899342665
2025-10-11 11:44:46+00:00,UAL584,28.11131364208157,-86.01417092715991,10363.2,288.5631270867456,218.15640638060057
2025-10-11 11:44:47+00:00,UAL584,28.11195373535156,-86.01624122032752,10363.2,288.5631270867456,218.15640638060057
2025-10-11 11:44:48+00:00,UAL584,28.112594604492188,-86.01835397573615,10363.2,288.5631270867456,218.15640638060057
2025-10-11 11:44:49+00:00,UAL584,28.11289641816737,-86.01939481847427,10363.2,288.5631270867456,218.15640638060057
2025-10-11 11:44:51+00:00,UAL584,28.1143798828125,-86.02442814753607,10363.2,288.5631270867456,218.15640638060057
2025-10-11 11:44:52+00:00,UAL584,28.115249633789062,-86.02738600510816,10363.2,288.5631270867456,218.15640638060057
2025-10-11 11:44:53+00:00,UAL584,28.115829209149894,-86.02925020105698,10363.2,288.5631270867456,218.15640638060057
2025-10-11 11:44:54+00:00,UAL584,28.11643438824152,-86.03135052849268,10363.2,288.5631270867456,218.15640638060057
2025-10-11 11:44:55+00:00,UAL584,28.11708068847656,-86.03346017690802,10363.2,288.5631270867456,218.15640638060057
2025-10-11 11:44:56+00:00,UAL584,28.117721557617188,-86.03557293231671,10363.2,288.434948822922,217.99317899342665
2025-10-11 11:44:57+00:00,UAL584,28.11824992551642,-86.03743609260113,10363.2,288.434948822922,217.99317899342665
2025-10-11 11:44:58+00:00,UAL584,28.118901656845868,-86.03953642003677,10363.2,288.434948822922,217.99317899342665
2025-10-11 11:44:59+00:00,UAL584,28.11946028369968,-86.04142132927393,10363.2,288.434948822922,217.99317899342665
2025-10-11 11:45:00+00:00,UAL584,28.120065462791317,-86.04352165670957,10363.2,288.434948822922,217.99317899342665
2025-10-11 11:45:01+00:00,UAL584,28.12060546875,-86.04545006385217,10363.2,288.434948822922,217.99317899342665
2025-10-11 11:45:02+00:00,UAL584,28.12147521972656,-86.04835510253906,10363.2,288.434948822922,217.99317899342665
2025-10-11 11:45:03+00:00,UAL584,28.122113761255296,-86.05046889361216,10363.2,288.434948822922,217.99317899342665
2025-10-11 11:45:04+00:00,UAL584,28.12266540527344,-86.05236933781549,10363.2,288.434948822922,217.99317899342665
2025-10-11 11:45:05+00:00,UAL584,28.123306274414062,-86.05448209322412,10363.2,288.434948822922,217.99317899342665
2025-10-11 11:45:06+00:00,UAL584,28.1239013671875,-86.05654202974756,10363.2,288.434948822922,217.99317899342665
2025-10-11 11:45:07+00:00,UAL584,28.124301716432733,-86.05784696691177,10363.2,288.434948822922,217.99317899342665
2025-10-11 11:45:08+00:00,UAL584,28.12495422363281,-86.06013371394232,10363.2,288.434948822922,217.99317899342665
2025-10-11 11:45:09+00:00,UAL584,28.12559509277344,-86.06224646935095,10363.2,288.434948822922,217.99317899342665
2025-10-11 11:45:10+00:00,UAL584,28.126350014896715,-86.0647403492647,10363.2,288.434948822922,217.99317899342665
2025-10-11 11:45:11+00:00,UAL584,28.126815537274894,-86.06646369485293,10363.2,288.434948822922,217.99317899342665
2025-10-11 11:45:12+00:00,UAL584,28.127655029296875,-86.06916574331427,10363.2,288.434948822922,217.99317899342665
2025-10-11 11:45:13+00:00,UAL584,28.128250122070312,-86.07127849872296,10363.2,288.434948822922,217.99317899342665
2025-10-11 11:45:14+00:00,UAL584,28.128936767578125,-86.07360252967248,10363.2,288.434948822922,217.99317899342665
2025-10-11 11:45:15+00:00,UAL584,28.12923625364142,-86.07464958639707,10363.2,288.434948822922,217.99317899342665
2025-10-11 11:45:16+00:00,UAL584,28.13012074615996,-86.0775577320772,10363.2,288.434948822922,217.99317899342665
2025-10-11 11:45:17+00:00,UAL584,28.130447387695312,-86.078620323768,10363.2,288.434948822922,217.99317899342665
2025-10-11 11:45:18+00:00,UAL584,28.13100523867849,-86.08051973230698,10363.2,288.434948822922,217.99317899342665
2025-10-11 11:45:19+00:00,UAL584,28.132003784179688,-86.08384939340442,10363.2,288.434948822922,217.99317899342665
2025-10-11 11:45:20+00:00,UAL584,28.132541462526483,-86.08574362362134,10363.2,288.434948822922,217.99317899342665
2025-10-11 11:45:21+00:00,UAL584,28.13287353515625,-86.08680725097656,10363.2,288.434948822922,217.99317899342665
2025-10-11 11:45:22+00:00,UAL584,28.13384492518538,-86.09015969669116,10363.2,288.434948822922,217.99317899342665
2025-10-11 11:45:23+00:00,UAL584,28.1341552734375,-86.09124403733472,10363.2,288.434948822922,217.99317899342665
2025-10-11 11:45:24+00:00,UAL584,28.135162353515625,-86.09457162710333,10363.2,288.434948822922,217.99317899342665
2025-10-11 11:45:25+00:00,UAL584,28.135520805746825,-86.0958682789522,10363.2,288.434948822922,217.99317899342665
2025-10-11 11:45:26+00:00,UAL584,28.13617253707627,-86.09791475183823,10363.2,288.434948822922,217.99317899342665
2025-10-11 11:45:27+00:00,UAL584,28.136777716167902,-86.10001507927393,10363.2,288.434948822922,217.99317899342665
2025-10-11 11:45:28+00:00,UAL584,28.13758850097656,-86.10275855431189,10363.2,288.5631270867456,218.15640638060057
2025-10-11 11:45:29+00:00,UAL584,28.138220835540253,-86.10486198874082,10363.2,288.5631270867456,218.15640638060057
2025-10-11 11:45:30+00:00,UAL584,28.138826014631885,-86.10696231617646,10363.2,288.434948822922,217.99317899342665
2025-10-11 11:45:31+00:00,UAL584,28.13933808924788,-86.10863180721509,10363.2,288.434948822922,217.99317899342665
2025-10-11 11:45:32+00:00,UAL584,28.139877319335938,-86.11052293043872,10363.2,288.434948822922,217.99317899342665
2025-10-11 11:45:33+00:00,UAL584,28.14056396484375,-86.11284696138819,10363.2,288.434948822922,217.99317899342665
2025-10-11 11:45:34+00:00,UAL584,28.14138638771186,-86.11557904411768,10363.2,288.434948822922,217.99317899342665
2025-10-11 11:45:35+00:00,UAL584,28.14193725585937,-86.11749502328723,10363.2,288.434948822922,217.99317899342665
2025-10-11 11:45:36+00:00,UAL584,28.142317432468214,-86.11875646254595,10363.2,288.434948822922,217.99317899342665
2025-10-11 11:45:37+00:00,UAL584,28.143218994140625,-86.1218789907602,10363.2,288.434948822922,217.99317899342665
2025-10-11 11:45:38+00:00,UAL584,28.143807104078387,-86.12376493566177,10363.2,288.434948822922,217.99317899342665
2025-10-11 11:45:39+00:00,UAL584,28.14418029785156,-86.12504812387317,10363.2,288.3065791060212,217.83104424227704
2025-10-11 11:45:40+00:00,UAL584,28.145110566737287,-86.12818100873164,10363.2,288.3065791060212,217.83104424227704
2025-10-11 11:45:42+00:00,UAL584,28.146011352539062,-86.13133357121393,10363.2,288.434948822922,217.99317899342665
2025-10-11 11:45:43+00:00,UAL584,28.14697265625,-86.1345027043269,10363.2,288.434948822922,217.99317899342665
2025-10-11 11:45:45+00:00,UAL584,28.148208618164062,-86.13867539625903,10363.2,288.434948822922,217.99317899342665
2025-10-11 11:45:46+00:00,UAL584,28.148555432335804,-86.13992130055146,10363.2,288.434948822922,217.99317899342665
2025-10-11 11:45:47+00:00,UAL584,28.14926147460937,-86.14226708045373,10363.2,288.434948822922,217.99317899342665
2025-10-11 11:45:48+00:00,UAL584,28.14976501464844,-86.14390446589545,10363.2,288.434948822922,217.99317899342665
2025-10-11 11:45:49+00:00,UAL584,28.150131225585938,-86.14517211914062,10363.2,288.434948822922,217.99317899342665
2025-10-11 11:45:50+00:00,UAL584,28.15111580541578,-86.14853802849268,10363.2,288.434948822922,217.99317899342665
2025-10-11 11:45:51+00:00,UAL584,28.15145874023437,-86.14960890549878,10363.2,288.434948822922,217.99317899342665
2025-10-11 11:45:52+00:00,UAL584,28.15237271583686,-86.15273868336396,10363.2,288.434948822922,217.99317899342665
2025-10-11 11:45:53+00:00,UAL584,28.15269470214844,-86.1537815974309,10363.2,288.434948822922,217.99317899342665
2025-10-11 11:45:54+00:00,UAL584,28.153610229492188,-86.15695073054388,10363.2,288.434948822922,217.99317899342665
2025-10-11 11:45:55+00:00,UAL584,28.15411376953125,-86.15864093487079,10363.2,288.434948822922,217.99317899342665
2025-10-11 11:45:56+00:00,UAL584,28.154653775489937,-86.16049373851104,10363.2,288.434948822922,217.99317899342665
2025-10-11 11:45:57+00:00,UAL584,28.155441284179688,-86.16302490234375,10363.2,288.434948822922,217.99317899342665
2025-10-11 11:45:58+00:00,UAL584,28.156036376953125,-86.16513765775238,10363.2,288.434948822922,217.99317899342665
2025-10-11 11:45:59+00:00,UAL584,28.15660896947828,-86.16701013901655,10363.2,288.434948822922,217.99317899342665
2025-10-11 11:46:00+00:00,UAL584,28.15730725304555,-86.16932588465073,10363.2,288.434948822922,217.99317899342665
2025-10-11 11:46:01+00:00,UAL584,28.157958984375,-86.17168719951923,10363.2,288.434948822922,217.99317899342665
2025-10-11 11:46:03+00:00,UAL584,28.15940210374735,-86.17648853975186,10363.2,288.434948822922,217.99317899342665
2025-10-11 11:46:04+00:00,UAL584,28.1597900390625,-86.1777613713191,10363.2,288.434948822922,217.99317899342665
2025-10-11 11:46:05+00:00,UAL584,28.16047280521716,-86.18004294002759,10363.2,288.434948822922,217.99317899342665
2025-10-11 11:46:06+00:00,UAL584,28.16075134277344,-86.18114177997296,10363.2,288.434948822922,217.99317899342665
2025-10-11 11:46:07+00:00,UAL584,28.161776267876057,-86.18445901309741,10363.2,288.434948822922,217.99317899342665
2025-10-11 11:46:08+00:00,UAL584,28.16230773925781,-86.18637084960938,10363.2,288.434948822922,217.99317899342665
2025-10-11 11:46:09+00:00,UAL584,28.16261420815678,-86.1874210133272,10363.2,288.434948822922,217.99317899342665
2025-10-11 11:46:10+00:00,UAL584,28.16363525390625,-86.19080763596753,10363.2,288.434948822922,217.99317899342665
2025-10-11 11:46:11+00:00,UAL584,28.164196984242583,-86.19269875919116,10363.2,288.434948822922,217.99317899342665
2025-10-11 11:46:12+00:00,UAL584,28.16473388671875,-86.19455777681787,10363.2,288.434948822922,217.99317899342665
2025-10-11 11:46:13+00:00,UAL584,28.16542053222656,-86.1968818077674,10363.2,288.434948822922,217.99317899342665
2025-10-11 11:46:14+00:00,UAL584,28.16596596927966,-86.19878432329966,10363.2,288.434948822922,217.99317899342665
2025-10-11 11:46:15+00:00,UAL584,28.16661770060911,-86.2008846507353,10363.2,288.5631270867456,218.15640638060057
2025-10-11 11:46:16+00:00,UAL584,28.16740908865201,-86.20363123276655,10363.2,288.5631270867456,218.15640638060057
2025-10-11 11:46:17+00:00,UAL584,28.167781506554554,-86.20486988740811,10363.2,288.5631270867456,218.15640638060057
2025-10-11 11:46:18+00:00,UAL584,28.168433237884003,-86.20697021484375,10363.2,288.5631270867456,218.15640638060057
2025-10-11 11:46:19+00:00,UAL584,28.169174194335938,-86.20950552133411,10363.2,288.5631270867456,218.15640638060057
2025-10-11 11:46:20+00:00,UAL584,28.169677734375,-86.21119572566107,10363.2,288.5631270867456,218.15640638060057
2025-10-11 11:46:21+00:00,UAL584,28.170318603515625,-86.21325566218451,10363.2,288.5631270867456,218.15640638060057
2025-10-11 11:46:22+00:00,UAL584,28.17085395425053,-86.2151561063879,10363.2,288.5631270867456,218.15640638060057
2025-10-11 11:46:23+00:00,UAL584,28.171783447265625,-86.21832627516528,10363.2,288.6911130453524,218.3207239530723
2025-10-11 11:46:24+00:00,UAL584,28.172436730336333,-86.22043385225186,10363.2,288.6911130453524,218.3207239530723
2025-10-11 11:46:25+00:00,UAL584,28.173041909427965,-86.2225341796875,10363.2,288.6911130453524,218.3207239530723
2025-10-11 11:46:26+00:00,UAL584,28.173693640757413,-86.22463450712314,10363.2,288.6911130453524,218.3207239530723
2025-10-11 11:46:27+00:00,UAL584,28.17439192432468,-86.22695025275738,10363.2,288.6911130453524,218.3207239530723
2025-10-11 11:46:28+00:00,UAL584,28.17462468551377,-86.22775807100186,10363.2,288.6911130453524,218.3207239530723
2025-10-11 11:46:29+00:00,UAL584,28.17564883474576,-86.23115090762866,10363.2,288.6911130453524,218.3207239530723
2025-10-11 11:46:30+00:00,UAL584,28.175974700410485,-86.23217414407168,10363.2,288.6911130453524,218.3207239530723
2025-10-11 11:46:31+00:00,UAL584,28.176773071289062,-86.23491140512317,10363.2,288.6911130453524,218.3207239530723
2025-10-11 11:46:32+00:00,UAL584,28.1773247153072,-86.23680563534009,10363.2,288.6911130453524,218.3207239530723
2025-10-11 11:46:33+00:00,UAL584,28.17791748046875,-86.23871436485877,10363.2,288.6911130453524,218.3207239530723
2025-10-11 11:46:34+00:00,UAL584,28.178535073490465,-86.2407908720129,10363.2,288.6911130453524,218.3207239530723
2025-10-11 11:46:35+00:00,UAL584,28.17890749139301,-86.24208338120405,10363.2,288.6911130453524,218.3207239530723
2025-10-11 11:46:36+00:00,UAL584,28.17974853515625,-86.24478853665863,10363.2,288.6911130453524,218.3207239530723
2025-10-11 11:46:37+00:00,UAL584,28.180435180664062,-86.24711256760816,10363.2,288.5202103366433,218.6441469862668
2025-10-11 11:46:38+00:00,UAL584,28.1810302734375,-86.24922532301684,10363.2,288.5202103366433,218.6441469862668
2025-10-11 11:46:39+00:00,UAL584,28.181900024414062,-86.25218318058893,10363.2,288.5202103366433,218.6441469862668
2025-10-11 11:46:40+00:00,UAL584,28.182492013704977,-86.25403909122241,10363.2,288.5202103366433,218.6441469862668
2025-10-11 11:46:41+00:00,UAL584,28.183143745034428,-86.25635483685664,10363.2,288.5202103366433,218.6441469862668
2025-10-11 11:46:42+00:00,UAL584,28.18345642089844,-86.25741225022534,10363.2,288.5202103366433,218.6441469862668
2025-10-11 11:46:43+00:00,UAL584,28.18440065545551,-86.26060934627759,10363.2,288.5202103366433,218.6441469862668
2025-10-11 11:46:44+00:00,UAL584,28.184679968882413,-86.26141716452207,10363.2,288.39228629952345,218.48128399044768
2025-10-11 11:46:45+00:00,UAL584,28.18565368652344,-86.26480689415564,10363.2,288.39228629952345,218.48128399044768
2025-10-11 11:46:46+00:00,UAL584,28.1862161927304,-86.26669491038604,10363.2,288.39228629952345,218.48128399044768
2025-10-11 11:46:47+00:00,UAL584,28.1867282673464,-86.26841825597427,10363.2,288.39228629952345,218.48128399044768
2025-10-11 11:46:48+00:00,UAL584,28.187255859375,-86.27030005821814,10363.2,288.39228629952345,218.48128399044768
2025-10-11 11:46:49+00:00,UAL584,28.18756620762712,-86.27132640165439,10363.2,288.39228629952345,218.48128399044768
2025-10-11 11:46:50+00:00,UAL584,28.188636909096928,-86.27493465647979,10363.2,288.39228629952345,218.48128399044768
2025-10-11 11:46:51+00:00,UAL584,28.188949584960938,-86.27600449782153,10363.2,288.39228629952345,218.48128399044768
2025-10-11 11:46:52+00:00,UAL584,28.1898193359375,-86.27896235539362,10363.2,288.39228629952345,218.48128399044768
2025-10-11 11:46:53+00:00,UAL584,28.19036865234375,-86.28081101637622,10363.2,288.39228629952345,218.48128399044768
2025-10-11 11:46:54+00:00,UAL584,28.19068520756091,-86.28188189338238,10363.2,288.39228629952345,218.48128399044768
2025-10-11 11:46:55+00:00,UAL584,28.19133693889036,-86.28398222081802,10363.2,288.39228629952345,218.48128399044768
2025-10-11 11:46:56+00:00,UAL584,28.1923828125,-86.2875718336839,10363.2,288.39228629952345,218.48128399044768
2025-10-11 11:46:57+00:00,UAL584,28.19306945800781,-86.28989586463342,10363.2,288.3498139977418,218.96950958027784
2025-10-11 11:46:58+00:00,UAL584,28.19361799854343,-86.2917911305147,10363.2,288.3498139977418,218.96950958027784
2025-10-11 11:46:59+00:00,UAL584,28.194168090820312,-86.29369882436896,10363.2,288.3498139977418,218.96950958027784
2025-10-11 11:47:00+00:00,UAL584,28.19487490896451,-86.29604563993564,10363.2,288.3498139977418,218.96950958027784
2025-10-11 11:47:01+00:00,UAL584,28.19544982910156,-86.29813561072717,10363.2,288.3498139977418,218.96950958027784
2025-10-11 11:47:02+00:00,UAL584,28.195724487304688,-86.29898071289062,10363.2,288.22195434121056,218.8080982821433
2025-10-11 11:47:03+00:00,UAL584,28.196319580078125,-86.30109346829926,10363.2,288.22195434121056,218.8080982821433
2025-10-11 11:47:04+00:00,UAL584,28.197189331054688,-86.3040513258714,10363.2,288.3498139977418,218.96950958027784
2025-10-11 11:47:05+00:00,UAL584,28.19780769994703,-86.30617029526655,10363.2,288.3498139977418,218.96950958027784
2025-10-11 11:47:06+00:00,UAL584,28.198459431276483,-86.3082706227022,10363.2,288.3498139977418,218.96950958027784
2025-10-11 11:47:07+00:00,UAL584,28.19911193847656,-86.31060086763819,10363.2,288.3498139977418,218.96950958027784
2025-10-11 11:47:08+00:00,UAL584,28.1998094461732,-86.31290211397061,10363.2,288.3498139977418,218.96950958027784
2025-10-11 11:47:09+00:00,UAL584,28.200439453125,-86.3150376539964,10363.2,288.3498139977418,218.96950958027784
2025-10-11 11:47:10+00:00,UAL584,28.200942993164062,-86.3167278583233,10363.2,288.3498139977418,218.96950958027784
2025-10-11 11:47:11+00:00,UAL584,28.20148532673464,-86.31861069623164,10363.2,288.3498139977418,218.96950958027784
2025-10-11 11:47:12+00:00,UAL584,28.202183610301905,-86.32092644186582,10363.2,288.3498139977418,218.96950958027784
2025-10-11 11:47:13+00:00,UAL584,28.202957153320312,-86.32369995117188,10363.2,288.3498139977418,218.96950958027784
2025-10-11 11:47:14+00:00,UAL584,28.20330086400953,-86.3247501148897,10363.2,288.3498139977418,218.96950958027784
2025-10-11 11:47:15+00:00,UAL584,28.204010009765625,-86.32729163536658,10363.2,288.3498139977418,218.96950958027784
2025-10-11 11:47:16+00:00,UAL584,28.204697431144066,-86.32959702435664,10363.2,288.3498139977418,218.96950958027784
2025-10-11 11:47:17+00:00,UAL584,28.205245971679688,-86.3315171461839,10363.2,288.3498139977418,218.96950958027784
2025-10-11 11:47:18+00:00,UAL584,28.20581468485169,-86.33342069738052,10363.2,288.3498139977418,218.96950958027784
2025-10-11 11:47:19+00:00,UAL584,28.206710815429688,-86.33637648362378,10363.2,288.3498139977418,218.96950958027784
2025-10-11 11:47:20+00:00,UAL584,28.20735090869968,-86.33869844324448,10363.2,288.3498139977418,218.96950958027784
2025-10-11 11:47:21+00:00,UAL584,28.207672119140625,-86.33975689227765,10363.2,288.3498139977418,218.96950958027784
2025-10-11 11:47:23+00:00,UAL584,28.208999633789062,-86.3441936786358,10363.2,288.3498139977418,218.96950958027784
2025-10-11 11:47:24+00:00,UAL584,28.2095947265625,-86.34630643404444,10363.2,288.3498139977418,218.96950958027784
2025-10-11 11:47:25+00:00,UAL584,28.209869384765625,-86.34715153620795,10363.2,288.3498139977418,218.96950958027784
2025-10-11 11:47:27+00:00,UAL584,28.21138000488281,-86.35243342472955,10363.2,288.3498139977418,218.96950958027784
2025-10-11 11:47:28+00:00,UAL584,28.212145789194917,-86.35496251723345,10363.2,288.3498139977418,218.96950958027784
2025-10-11 11:47:29+00:00,UAL584,28.212750968286542,-86.35706284466914,10363.2,288.3498139977418,218.96950958027784
2025-10-11 11:47:30+00:00,UAL584,28.21343994140625,-86.35940551757812,10363.2,288.3498139977418,218.96950958027784
2025-10-11 11:47:31+00:00,UAL584,28.21414753542108,-86.3616943359375,10363.2,288.3498139977418,218.96950958027784
2025-10-11 11:47:32+00:00,UAL584,28.21438029661017,-86.36255600873164,10363.2,288.3498139977418,218.96950958027784
2025-10-11 11:47:33+00:00,UAL584,28.215362548828125,-86.36590224045972,10363.2,288.39228629952345,218.48128399044768
2025-10-11 11:47:34+00:00,UAL584,28.215866088867188,-86.36759244478662,10363.2,288.39228629952345,218.48128399044768
2025-10-11 11:47:35+00:00,UAL584,28.21650695800781,-86.36970520019531,10363.2,288.5202103366433,218.6441469862668
2025-10-11 11:47:36+00:00,UAL584,28.217056274414062,-86.37160668006311,10363.2,288.5202103366433,218.6441469862668
2025-10-11 11:47:37+00:00,UAL584,28.217638953257413,-86.37354233685664,10363.2,288.5202103366433,218.6441469862668
2025-10-11 11:47:38+00:00,UAL584,28.21820068359375,-86.37540963979865,10363.2,288.5202103366433,218.6441469862668
2025-10-11 11:47:40+00:00,UAL584,28.219547595007946,-86.38005873736216,10363.2,288.5202103366433,218.6441469862668
2025-10-11 11:47:41+00:00,UAL584,28.220260620117188,-86.38238173264722,10363.2,288.5202103366433,218.6441469862668
2025-10-11 11:47:42+00:00,UAL584,28.220855712890625,-86.3844944880559,10363.2,288.3498139977418,218.96950958027784
2025-10-11 11:47:43+00:00,UAL584,28.22149658203125,-86.38660724346454,10363.2,288.3498139977418,218.96950958027784
2025-10-11 11:47:44+00:00,UAL584,28.2217821024232,-86.3876522288603,10363.2,288.3498139977418,218.96950958027784
2025-10-11 11:47:45+00:00,UAL584,28.222713147179554,-86.39082964728863,10363.2,288.3498139977418,218.96950958027784
2025-10-11 11:47:46+00:00,UAL584,28.223419189453125,-86.39315678523138,10363.2,288.3498139977418,218.96950958027784
2025-10-11 11:47:47+00:00,UAL584,28.22401660983845,-86.39524572035845,10363.2,288.3498139977418,218.96950958027784
2025-10-11 11:47:48+00:00,UAL584,28.224334716796875,-86.39632591834436,10363.2,288.3498139977418,218.96950958027784
2025-10-11 11:47:49+00:00,UAL584,28.22504075907044,-86.3986385569853,10363.2,288.3498139977418,218.96950958027784
2025-10-11 11:47:50+00:00,UAL584,28.226018356064618,-86.40203139361216,10363.2,288.3498139977418,218.96950958027784
2025-10-11 11:47:51+00:00,UAL584,28.226394653320312,-86.40329801119287,10363.2,288.3498139977418,218.96950958027784
2025-10-11 11:47:52+00:00,UAL584,28.227089057534428,-86.4056396484375,10363.2,288.3498139977418,218.96950958027784
2025-10-11 11:47:53+00:00,UAL584,28.227694236626057,-86.40773997587314,10363.2,288.3498139977418,218.96950958027784
2025-10-11 11:47:54+00:00,UAL584,28.22829941571769,-86.40984030330884,10363.2,288.3498139977418,218.96950958027784
2025-10-11 11:47:55+00:00,UAL584,28.22899769928496,-86.41220990349268,10363.2,288.3498139977418,218.96950958027784
2025-10-11 11:47:56+00:00,UAL584,28.22960287837659,-86.41431023092832,10363.2,288.3075306945467,219.45785495807257
2025-10-11 11:47:57+00:00,UAL584,28.230114952992583,-86.41597972196689,10363.2,288.3075306945467,219.45785495807257
2025-10-11 11:47:58+00:00,UAL584,28.230880737304688,-86.4185098501352,10363.2,288.3075306945467,219.45785495807257
2025-10-11 11:47:59+00:00,UAL584,28.231558072364937,-86.42088048598345,10363.2,288.3075306945467,219.45785495807257
2025-10-11 11:48:00+00:00,UAL584,28.23216325145657,-86.42298081341914,10363.2,288.3075306945467,219.45785495807257
2025-10-11 11:48:01+00:00,UAL584,28.23284912109375,-86.42532348632812,10363.2,288.3075306945467,219.45785495807257
2025-10-11 11:48:02+00:00,UAL584,28.233466714115465,-86.42745074103863,10363.2,288.3075306945467,219.45785495807257
2025-10-11 11:48:03+00:00,UAL584,28.234118445444917,-86.42955106847427,10363.2,288.3075306945467,219.45785495807257
2025-10-11 11:48:05+00:00,UAL584,28.235275268554688,-86.43356323242188,10363.2,288.3075306945467,219.45785495807257
2025-10-11 11:48:06+00:00,UAL584,28.23588743048199,-86.43569048713238,10363.2,288.3075306945467,219.45785495807257
2025-10-11 11:48:07+00:00,UAL584,28.236602783203125,-86.43800001878003,10363.2,288.3075306945467,219.45785495807257
2025-10-11 11:48:08+00:00,UAL584,28.237144340903072,-86.43994499655332,10363.2,288.3075306945467,219.45785495807257
2025-10-11 11:48:09+00:00,UAL584,28.23784262447034,-86.4422607421875,10363.2,288.3075306945467,219.45785495807257
2025-10-11 11:48:10+00:00,UAL584,28.238075385659428,-86.44312241498164,10363.2,288.3075306945467,219.45785495807257
2025-10-11 11:48:11+00:00,UAL584,28.238959878177965,-86.44608441521143,10363.2,288.3075306945467,219.45785495807257
2025-10-11 11:48:12+00:00,UAL584,28.2395650572696,-86.44818474264707,10363.2,288.3075306945467,219.45785495807257
2025-10-11 11:48:13+00:00,UAL584,28.24017333984375,-86.45030681903546,10363.2,288.3075306945467,219.45785495807257
2025-10-11 11:48:14+00:00,UAL584,28.24081420898437,-86.4524195744441,10363.2,288.3075306945467,219.45785495807257
2025-10-11 11:48:15+00:00,UAL584,28.241473699020126,-86.4547549977022,10363.2,288.3075306945467,219.45785495807257
2025-10-11 11:48:16+00:00,UAL584,28.2418212890625,-86.45585280198316,10363.2,288.3075306945467,219.45785495807257
2025-10-11 11:48:17+00:00,UAL584,28.242684057203387,-86.45879408892466,10363.2,288.26543517694495,219.9463193259385
2025-10-11 11:48:18+00:00,UAL584,28.24328923629502,-86.46094827090991,10363.2,288.1380821555973,219.78562540131784
2025-10-11 11:48:19+00:00,UAL584,28.243972778320312,-86.46324744591345,10363.2,288.1380821555973,219.78562540131784
2025-10-11 11:48:20+00:00,UAL584,28.2445461467161,-86.46514892578125,10363.2,288.1380821555973,219.78562540131784
2025-10-11 11:48:21+00:00,UAL584,28.24519787804555,-86.46751852596509,10363.2,288.1380821555973,219.78562540131784
2025-10-11 11:48:22+00:00,UAL584,28.245758056640625,-86.46942725548377,10363.2,288.1380821555973,219.78562540131784
2025-10-11 11:48:23+00:00,UAL584,28.246315131753175,-86.47134219898896,10363.2,288.1380821555973,219.78562540131784
2025-10-11 11:48:24+00:00,UAL584,28.247039794921875,-86.47386404184192,10363.2,288.1380821555973,219.78562540131784
2025-10-11 11:48:25+00:00,UAL584,28.247618594412074,-86.47581212660845,10363.2,288.1380821555973,219.78562540131784
2025-10-11 11:48:26+00:00,UAL584,28.24790954589844,-86.47687471829926,10363.2,288.1380821555973,219.78562540131784
2025-10-11 11:48:27+00:00,UAL584,28.24882895259534,-86.48001278147979,10363.2,288.1380821555973,219.78562540131784
2025-10-11 11:48:28+00:00,UAL584,28.24960327148437,-86.48257915790265,10363.2,288.1380821555973,219.78562540131784
2025-10-11 11:48:29+00:00,UAL584,28.249899654065143,-86.48362103630518,10363.2,288.1380821555973,219.78562540131784
2025-10-11 11:48:30+00:00,UAL584,28.25050483315678,-86.48577521829043,10363.2,288.1380821555973,219.78562540131784
2025-10-11 11:48:31+00:00,UAL584,28.25138932567532,-86.48873721852021,10363.2,288.1380821555973,219.78562540131784
2025-10-11 11:48:32+00:00,UAL584,28.252120971679688,-86.49129427396332,10363.2,288.1380821555973,219.78562540131784
2025-10-11 11:48:33+00:00,UAL584,28.252413474907307,-86.49234547334561,10363.2,288.1380821555973,219.78562540131784
2025-10-11 11:48:34+00:00,UAL584,28.253297967425848,-86.4953074735754,10363.2,288.1380821555973,219.78562540131784
2025-10-11 11:48:36+00:00,UAL584,28.2542724609375,-86.49874173677881,10363.2,288.26543517694495,219.9463193259385
2025-10-11 11:48:38+00:00,UAL584,28.25557902707892,-86.50317023782168,10363.2,288.26543517694495,219.9463193259385
2025-10-11 11:48:39+00:00,UAL584,28.25618420617055,-86.50532441980698,10363.2,288.26543517694495,219.9463193259385
2025-10-11 11:48:40+00:00,UAL584,28.256515502929688,-86.5064004751352,10363.2,288.1380821555973,219.78562540131784
2025-10-11 11:48:41+00:00,UAL584,28.2572021484375,-86.50872450608472,10363.2,288.1380821555973,219.78562540131784
2025-10-11 11:48:43+00:00,UAL584,28.25885009765625,-86.5144817645733,10363.2,288.1380821555973,219.78562540131784
2025-10-11 11:48:47+00:00,UAL584,28.261001586914062,-86.5219292273888,10363.2,288.09642526129,220.2745643975626
2025-10-11 11:48:48+00:00,UAL584,28.261642456054688,-86.52404198279748,10363.2,288.1380821555973,219.78562540131784
2025-10-11 11:48:49+00:00,UAL584,28.2623291015625,-86.52638154871323,10363.2,288.1380821555973,219.78562540131784
2025-10-11 11:48:50+00:00,UAL584,28.26321359408104,-86.52955896714155,10363.2,288.1380821555973,219.78562540131784
2025-10-11 11:48:51+00:00,UAL584,28.26372566869703,-86.53128231272979,10363.2,288.1380821555973,219.78562540131784
2025-10-11 11:48:52+00:00,UAL584,28.26402282714844,-86.53233454777643,10363.2,288.1380821555973,219.78562540131784
2025-10-11 11:48:53+00:00,UAL584,28.264938354492188,-86.5355036808894,10363.2,288.1380821555973,219.78562540131784
2025-10-11 11:48:54+00:00,UAL584,28.26549465373411,-86.5374217313879,10363.2,288.2235262418827,220.43490189286103
2025-10-11 11:48:55+00:00,UAL584,28.26580810546875,-86.53851435734674,10363.2,288.26543517694495,219.9463193259385
2025-10-11 11:48:56+00:00,UAL584,28.266677856445312,-86.54147221491888,10363.2,288.2235262418827,220.43490189286103
2025-10-11 11:48:57+00:00,UAL584,28.267449847722457,-86.54404584099268,10363.2,288.26543517694495,219.9463193259385
2025-10-11 11:48:58+00:00,UAL584,28.26805502681409,-86.54614616842832,10363.2,288.2235262418827,220.43490189286103
2025-10-11 11:48:59+00:00,UAL584,28.26873779296875,-86.54849712665265,10363.2,288.2235262418827,220.43490189286103
2025-10-11 11:49:00+00:00,UAL584,28.26931193723517,-86.55040067784927,10363.2,288.2235262418827,220.43490189286103
2025-10-11 11:49:01+00:00,UAL584,28.269963668564618,-86.55277027803311,10363.2,288.2235262418827,220.43490189286103
2025-10-11 11:49:02+00:00,UAL584,28.270615399894066,-86.55487060546875,10363.2,288.2235262418827,220.43490189286103
2025-10-11 11:49:03+00:00,UAL584,28.27093505859375,-86.55594458946814,10363.2,288.2235262418827,220.43490189286103
2025-10-11 11:49:04+00:00,UAL584,28.27159299688824,-86.55831729664521,10363.2,288.2235262418827,220.43490189286103
2025-10-11 11:49:05+00:00,UAL584,28.272216796875,-86.56043419471155,10363.2,288.2235262418827,220.43490189286103
2025-10-11 11:49:06+00:00,UAL584,28.272896459547137,-86.5627872242647,10363.2,288.2235262418827,220.43490189286103
2025-10-11 11:49:07+00:00,UAL584,28.273590087890625,-86.56513507549579,10363.2,288.2235262418827,220.43490189286103
2025-10-11 11:49:08+00:00,UAL584,28.27427673339844,-86.56745910644531,10363.2,288.2235262418827,220.43490189286103
2025-10-11 11:49:09+00:00,UAL584,28.274851653535485,-86.56935747931988,10363.2,288.2235262418827,220.43490189286103
2025-10-11 11:49:10+00:00,UAL584,28.27522407143803,-86.57064998851104,10363.2,288.2235262418827,220.43490189286103
2025-10-11 11:49:11+00:00,UAL584,28.276153564453125,-86.57385019155646,10363.2,288.3504418347717,220.59632256624965
2025-10-11 11:49:12+00:00,UAL584,28.276760295286017,-86.57598158892466,10363.2,288.3504418347717,220.59632256624965
2025-10-11 11:49:13+00:00,UAL584,28.27736547437765,-86.57813577090991,10363.2,288.3504418347717,220.59632256624965
2025-10-11 11:49:14+00:00,UAL584,28.27793884277344,-86.58003000112677,10363.2,288.3504418347717,220.59632256624965
2025-10-11 11:49:15+00:00,UAL584,28.27857583256091,-86.58217486213238,10363.2,288.3504418347717,220.59632256624965
2025-10-11 11:49:16+00:00,UAL584,28.27918101165254,-86.58427518956802,10363.2,288.3504418347717,220.59632256624965
2025-10-11 11:49:17+00:00,UAL584,28.279861450195312,-86.58663236177881,10363.2,288.3504418347717,220.59632256624965
2025-10-11 11:49:18+00:00,UAL584,28.28043792207362,-86.58858355353863,10363.2,288.3504418347717,220.59632256624965
2025-10-11 11:49:19+00:00,UAL584,28.281051635742188,-86.59069941594049,10363.2,288.3084682788947,221.0846657335119
2025-10-11 11:49:20+00:00,UAL584,28.281368966829977,-86.59176097196689,10363.2,288.3084682788947,221.0846657335119
2025-10-11 11:49:21+00:00,UAL584,28.28225345934852,-86.59472297219668,10363.2,288.3084682788947,221.0846657335119
2025-10-11 11:49:22+00:00,UAL584,28.282625877251057,-86.5960154813879,10363.2,288.3084682788947,221.0846657335119
2025-10-11 11:49:23+00:00,UAL584,28.283556922007413,-86.59924675436582,10363.2,288.3084682788947,221.0846657335119
2025-10-11 11:49:24+00:00,UAL584,28.28388977050781,-86.60031245304987,10363.2,288.3084682788947,221.0846657335119
2025-10-11 11:49:25+00:00,UAL584,28.28475952148437,-86.60327031062201,10363.2,288.3084682788947,221.0846657335119
2025-10-11 11:49:26+00:00,UAL584,28.285372459282307,-86.60544002757354,10363.2,288.3084682788947,221.0846657335119
2025-10-11 11:49:27+00:00,UAL584,28.28594970703125,-86.60733736478363,10363.2,288.3084682788947,221.0846657335119
2025-10-11 11:49:28+00:00,UAL584,28.286629369703387,-86.60969453699448,10363.2,288.3084682788947,221.0846657335119
2025-10-11 11:49:29+00:00,UAL584,28.28732765327065,-86.61206413717832,10363.2,288.3084682788947,221.0846657335119
2025-10-11 11:49:30+00:00,UAL584,28.287932832362287,-86.61416446461396,10363.2,288.3084682788947,221.0846657335119
2025-10-11 11:49:31+00:00,UAL584,28.28851318359375,-86.61610529972955,10363.2,288.3084682788947,221.0846657335119
2025-10-11 11:49:32+00:00,UAL584,28.289108276367188,-86.61821805513819,10363.2,288.3084682788947,221.0846657335119
2025-10-11 11:49:34+00:00,UAL584,28.290435791015625,-86.6227076603816,10363.2,288.3084682788947,221.0846657335119
2025-10-11 11:49:35+00:00,UAL584,28.29100528005826,-86.62466610179229,10363.2,288.3084682788947,221.0846657335119
2025-10-11 11:49:36+00:00,UAL584,28.291671752929688,-86.62698599008411,10363.2,288.3084682788947,221.0846657335119
2025-10-11 11:49:37+00:00,UAL584,28.2923583984375,-86.62936283991888,10363.2,288.3084682788947,221.0846657335119
2025-10-11 11:49:38+00:00,UAL584,28.29291392180879,-86.63129021139707,10363.2,288.3084682788947,221.0846657335119
2025-10-11 11:49:39+00:00,UAL584,28.29356565313824,-86.63344439338238,10363.2,288.3084682788947,221.0846657335119
2025-10-11 11:49:40+00:00,UAL584,28.294189453125,-86.6355426494892,10363.2,288.2666797633448,221.57312702695427
2025-10-11 11:49:41+00:00,UAL584,28.294830322265625,-86.63770822378302,10363.2,288.2666797633448,221.57312702695427
2025-10-11 11:49:42+00:00,UAL584,28.295425415039062,-86.63982097919171,10363.2,288.2666797633448,221.57312702695427
2025-10-11 11:49:43+00:00,UAL584,28.29575360831568,-86.64093017578125,10363.2,288.2666797633448,221.57312702695427
2025-10-11 11:49:44+00:00,UAL584,28.296295166015625,-86.64283165564905,10363.2,288.2666797633448,221.57312702695427
2025-10-11 11:49:45+00:00,UAL584,28.297393798828125,-86.64647615872894,10363.2,288.2666797633448,221.57312702695427
2025-10-11 11:49:46+00:00,UAL584,28.29798889160156,-86.64858891413763,10363.2,288.2666797633448,221.57312702695427
2025-10-11 11:49:47+00:00,UAL584,28.298546742584744,-86.65051628561582,10363.2,288.2666797633448,221.57312702695427
2025-10-11 11:49:48+00:00,UAL584,28.29917907714844,-86.65265596829926,10363.2,288.2666797633448,221.57312702695427
2025-10-11 11:49:49+00:00,UAL584,28.29989675748146,-86.65504006778491,10363.2,288.2666797633448,221.57312702695427
2025-10-11 11:49:50+00:00,UAL584,28.300460815429688,-86.65693429800177,10363.2,288.2666797633448,221.57312702695427
2025-10-11 11:49:52+00:00,UAL584,28.301742553710938,-86.66142390324518,10363.2,288.2666797633448,221.57312702695427
2025-10-11 11:49:53+00:00,UAL584,28.302017211914062,-86.66232182429388,10363.2,288.2666797633448,221.57312702695427
2025-10-11 11:49:54+00:00,UAL584,28.303024291992188,-86.66575505183295,10363.2,288.2666797633448,221.57312702695427
2025-10-11 11:49:55+00:00,UAL584,28.303620936506885,-86.66785745059741,10363.2,288.2666797633448,221.57312702695427
2025-10-11 11:49:56+00:00,UAL584,28.303939819335938,-86.66892418494592,10363.2,288.2666797633448,221.57312702695427
2025-10-11 11:49:57+00:00,UAL584,28.3048095703125,-86.67193486140326,10363.2,288.2666797633448,221.57312702695427
2025-10-11 11:49:58+00:00,UAL584,28.30538992154396,-86.67388916015625,10363.2,288.2666797633448,221.57312702695427
2025-10-11 11:49:59+00:00,UAL584,28.306137084960938,-86.67642446664661,10363.2,288.2666797633448,221.57312702695427
2025-10-11 11:50:00+00:00,UAL584,28.30677795410156,-86.67859004094049,10363.2,288.2666797633448,221.57312702695427
2025-10-11 11:50:01+00:00,UAL584,28.307345115532307,-86.68051326976104,10363.2,288.2666797633448,221.57312702695427
2025-10-11 11:50:02+00:00,UAL584,28.307876586914062,-86.68244581956128,10363.2,288.2666797633448,221.57312702695427
2025-10-11 11:50:03+00:00,UAL584,28.308563232421875,-86.684822669396,10363.2,288.2666797633448,221.57312702695427
2025-10-11 11:50:04+00:00,UAL584,28.3091606528072,-86.68670654296875,10363.2,288.2666797633448,221.57312702695427
2025-10-11 11:50:05+00:00,UAL584,28.309844970703125,-86.68910099909857,10363.2,288.2666797633448,221.57312702695427
2025-10-11 11:50:06+00:00,UAL584,28.3104641154661,-86.6912303251379,10363.2,288.2666797633448,221.57312702695427
2025-10-11 11:50:07+00:00,UAL584,28.310836533368644,-86.69252283432905,10363.2,288.2666797633448,221.57312702695427
2025-10-11 11:50:09+00:00,UAL584,28.31195378707627,-86.69640036190259,10363.2,288.2666797633448,221.57312702695427
2025-10-11 11:50:10+00:00,UAL584,28.312884831832623,-86.69957778033091,10363.2,288.2666797633448,221.57312702695427
2025-10-11 11:50:11+00:00,UAL584,28.313461303710938,-86.70151343712439,10363.2,288.22507511135444,222.06170566706277
2025-10-11 11:50:12+00:00,UAL584,28.31405639648437,-86.70367901141827,10363.2,288.22507511135444,222.06170566706277
2025-10-11 11:50:13+00:00,UAL584,28.31474692134534,-86.70604032628677,10363.2,288.22507511135444,222.06170566706277
2025-10-11 11:50:14+00:00,UAL584,28.315445204912606,-86.70840992647061,10363.2,288.22507511135444,222.06170566706277
2025-10-11 11:50:15+00:00,UAL584,28.31619004071769,-86.71094109030332,10363.2,288.22507511135444,222.06170566706277
2025-10-11 11:50:16+00:00,UAL584,28.3165283203125,-86.71202439528247,10363.2,288.22507511135444,222.06170566706277
2025-10-11 11:50:17+00:00,UAL584,28.317123413085938,-86.7141899695763,10363.2,288.22507511135444,222.06170566706277
2025-10-11 11:50:18+00:00,UAL584,28.31781005859375,-86.71651400052582,10363.2,288.22507511135444,222.06170566706277
2025-10-11 11:50:19+00:00,UAL584,28.318679809570312,-86.71952467698316,10363.2,288.22507511135444,222.06170566706277
2025-10-11 11:50:20+00:00,UAL584,28.319320678710938,-86.72169025127704,10363.2,288.22507511135444,222.06170566706277
2025-10-11 11:50:21+00:00,UAL584,28.31968688964844,-86.72295790452222,10363.2,288.22507511135444,222.06170566706277
2025-10-11 11:50:22+00:00,UAL584,28.32042629435911,-86.72553567325366,10363.2,288.22507511135444,222.06170566706277
2025-10-11 11:50:24+00:00,UAL584,28.32168320478019,-86.72984403722427,10363.2,288.22507511135444,222.06170566706277
2025-10-11 11:50:25+00:00,UAL584,28.322250366210938,-86.73177865835333,10363.2,288.22507511135444,222.06170566706277
2025-10-11 11:50:26+00:00,UAL584,28.32293701171875,-86.73415550818811,10363.2,288.22507511135444,222.06170566706277
2025-10-11 11:50:27+00:00,UAL584,28.32357788085937,-86.73626826359674,10363.2,288.22507511135444,222.06170566706277
2025-10-11 11:50:28+00:00,UAL584,28.32417297363281,-86.73843383789062,10363.2,288.22507511135444,222.06170566706277
2025-10-11 11:50:29+00:00,UAL584,28.324859619140625,-86.74075786884015,10363.2,288.22507511135444,222.06170566706277
2025-10-11 11:50:30+00:00,UAL584,28.32517462261652,-86.74185360179229,10363.2,288.22507511135444,222.06170566706277
2025-10-11 11:50:31+00:00,UAL584,28.326141357421875,-86.74508901742786,10363.2,288.22507511135444,222.06170566706277
2025-10-11 11:50:32+00:00,UAL584,28.32637023925781,-86.74593411959131,10363.2,288.22507511135444,222.06170566706277
2025-10-11 11:50:33+00:00,UAL584,28.327269473318324,-86.74890854779414,10363.2,288.22507511135444,222.06170566706277
2025-10-11 11:50:34+00:00,UAL584,28.327502234507413,-86.74977022058823,10363.2,288.2666797633448,221.57312702695427
2025-10-11 11:50:36+00:00,UAL584,28.329254150390625,-86.75581125112677,10363.2,288.2666797633448,221.57312702695427
2025-10-11 11:50:37+00:00,UAL584,28.32996950311176,-86.75817153033091,10363.2,288.2666797633448,221.57312702695427
2025-10-11 11:50:38+00:00,UAL584,28.330574682203387,-86.76027185776655,10363.2,288.2666797633448,221.57312702695427
2025-10-11 11:50:39+00:00,UAL584,28.33090054786811,-86.76134894875918,10363.2,288.3929123084446,221.73491263894076
2025-10-11 11:50:40+00:00,UAL584,28.33172607421875,-86.76415663499097,10363.2,288.2666797633448,221.57312702695427
2025-10-11 11:50:41+00:00,UAL584,28.332321166992188,-86.76626939039966,10363.2,288.2666797633448,221.57312702695427
2025-10-11 11:50:42+00:00,UAL584,28.33296203613281,-86.76843496469348,10363.2,288.3929123084446,221.73491263894076
2025-10-11 11:50:43+00:00,UAL584,28.333648681640625,-86.77081181452826,10363.2,288.3929123084446,221.73491263894076
2025-10-11 11:50:44+00:00,UAL584,28.334152221679688,-86.77250201885516,10363.2,288.3929123084446,221.73491263894076
2025-10-11 11:50:45+00:00,UAL584,28.334485070180083,-86.77357393152573,10363.2,288.3929123084446,221.73491263894076
2025-10-11 11:50:46+00:00,UAL584,28.33529663085937,-86.77635779747595,10363.2,288.3929123084446,221.73491263894076
2025-10-11 11:50:47+00:00,UAL584,28.336067846265887,-86.77890553193936,10363.2,288.3929123084446,221.73491263894076
2025-10-11 11:50:48+00:00,UAL584,28.33662414550781,-86.78084740271936,10363.2,288.3929123084446,221.73491263894076
2025-10-11 11:50:49+00:00,UAL584,28.33726501464844,-86.78301297701319,10363.2,288.3929123084446,221.73491263894076
2025-10-11 11:50:50+00:00,UAL584,28.338134765625,-86.78597083458533,10363.2,288.3929123084446,221.73491263894076
2025-10-11 11:50:51+00:00,UAL584,28.338592529296875,-86.7875025822566,10363.2,288.3929123084446,221.73491263894076
2025-10-11 11:50:52+00:00,UAL584,28.339187622070312,-86.78961533766528,10363.2,288.3929123084446,221.73491263894076
2025-10-11 11:50:53+00:00,UAL584,28.33974547305349,-86.79156135110293,10363.2,288.3929123084446,221.73491263894076
2025-10-11 11:50:54+00:00,UAL584,28.340057373046875,-86.79262601412256,10363.2,288.3929123084446,221.73491263894076
2025-10-11 11:50:55+00:00,UAL584,28.3413282491393,-86.79689295151655,10363.2,288.3929123084446,221.73491263894076
2025-10-11 11:50:56+00:00,UAL584,28.34188842773437,-86.79880582369287,10363.2,288.3929123084446,221.73491263894076
2025-10-11 11:50:59+00:00,UAL584,28.34351620431673,-86.80437873391543,10363.2,288.3084682788947,221.0846657335119
2025-10-11 11:51:00+00:00,UAL584,28.3443603515625,-86.80715120755707,10363.2,288.2666797633448,221.57312702695427
2025-10-11 11:51:01+00:00,UAL584,28.3447265625,-86.8084716796875,10363.2,288.2666797633448,221.57312702695427
2025-10-11 11:51:02+00:00,UAL584,28.34541320800781,-86.81079571063702,10363.2,288.2666797633448,221.57312702695427
2025-10-11 11:51:04+00:00,UAL584,28.346420288085938,-86.81422893817609,10363.2,288.2666797633448,221.57312702695427
2025-10-11 11:51:06+00:00,UAL584,28.347976684570312,-86.81956364558295,10363.2,288.434948822922,221.246808530642
2025-10-11 11:51:07+00:00,UAL584,28.348617553710938,-86.82172921987677,10363.2,288.434948822922,221.246808530642
2025-10-11 11:51:08+00:00,UAL584,28.3489162639036,-86.8227969898897,10363.2,288.434948822922,221.246808530642
2025-10-11 11:51:09+00:00,UAL584,28.34999084472656,-86.82643010066107,10363.2,288.434948822922,221.246808530642
2025-10-11 11:51:10+00:00,UAL584,28.35063869670286,-86.8285594267004,10363.2,288.434948822922,221.246808530642
2025-10-11 11:51:11+00:00,UAL584,28.35124387579449,-86.83071360868564,10363.2,288.434948822922,221.246808530642
2025-10-11 11:51:12+00:00,UAL584,28.351821899414062,-86.83260991023138,10363.2,288.434948822922,221.246808530642
2025-10-11 11:51:13+00:00,UAL584,28.352454233977756,-86.83475269990811,10363.2,288.434948822922,221.246808530642
2025-10-11 11:51:14+00:00,UAL584,28.352826651880296,-86.83604520909927,10363.2,288.434948822922,221.246808530642
2025-10-11 11:51:15+00:00,UAL584,28.353790283203125,-86.83926508976862,10363.2,288.434948822922,221.246808530642
2025-10-11 11:51:17+00:00,UAL584,28.35484313964844,-86.84290959284857,10363.2,288.434948822922,221.246808530642
2025-10-11 11:51:18+00:00,UAL584,28.355484008789062,-86.8450223482572,10363.2,288.434948822922,221.246808530642
2025-10-11 11:51:19+00:00,UAL584,28.356124877929688,-86.84713510366583,10363.2,288.434948822922,221.246808530642
2025-10-11 11:51:20+00:00,UAL584,28.35699462890625,-86.85014578012317,10363.2,288.434948822922,221.246808530642
2025-10-11 11:51:21+00:00,UAL584,28.35738877118644,-86.85144761029414,10363.2,288.434948822922,221.246808530642
2025-10-11 11:51:22+00:00,UAL584,28.35813360699152,-86.85397877412686,10363.2,288.434948822922,221.246808530642
2025-10-11 11:51:23+00:00,UAL584,28.358738786083155,-86.85613295611216,10363.2,288.434948822922,221.246808530642
2025-10-11 11:51:24+00:00,UAL584,28.35951232910156,-86.85870243952826,10363.2,288.434948822922,221.246808530642
2025-10-11 11:51:25+00:00,UAL584,28.360153198242188,-86.86086801382208,10363.2,288.434948822922,221.246808530642
2025-10-11 11:51:26+00:00,UAL584,28.36065673828125,-86.86255821814905,10363.2,288.434948822922,221.246808530642
2025-10-11 11:51:27+00:00,UAL584,28.36138916015625,-86.8650935246394,10363.2,288.434948822922,221.246808530642
2025-10-11 11:51:28+00:00,UAL584,28.362075805664062,-86.86747037447412,10363.2,288.434948822922,221.246808530642
2025-10-11 11:51:29+00:00,UAL584,28.36241641287076,-86.86851950252759,10363.2,288.434948822922,221.246808530642
2025-10-11 11:51:30+00:00,UAL584,28.363021591962397,-86.8706736845129,10363.2,288.434948822922,221.246808530642
2025-10-11 11:51:31+00:00,UAL584,28.363533666578387,-86.87239703010113,10363.2,288.434948822922,221.246808530642
2025-10-11 11:51:32+00:00,UAL584,28.364547729492188,-86.87581575833832,10363.2,288.434948822922,221.246808530642
2025-10-11 11:51:33+00:00,UAL584,28.36518859863281,-86.87792851374701,10363.2,288.434948822922,221.246808530642
2025-10-11 11:51:34+00:00,UAL584,28.365768173993644,-86.8798828125,10363.2,288.434948822922,221.246808530642
2025-10-11 11:51:35+00:00,UAL584,28.366140591896187,-86.88117532169116,10363.2,288.434948822922,221.246808530642
2025-10-11 11:51:36+00:00,UAL584,28.366792323225635,-86.8834910673254,10363.2,288.434948822922,221.246808530642
2025-10-11 11:51:37+00:00,UAL584,28.36752319335937,-86.88585134652942,10363.2,288.3084682788947,221.0846657335119
2025-10-11 11:51:38+00:00,UAL584,28.367816472457623,-86.88693775850186,10363.2,288.3084682788947,221.0846657335119
2025-10-11 11:51:39+00:00,UAL584,28.368840621689618,-86.89033059512866,10363.2,288.3084682788947,221.0846657335119
2025-10-11 11:51:40+00:00,UAL584,28.36944580078125,-86.89250652606671,10363.2,288.3084682788947,221.0846657335119
2025-10-11 11:51:41+00:00,UAL584,28.370004427635063,-86.89442354090073,10363.2,288.3084682788947,221.0846657335119
2025-10-11 11:51:42+00:00,UAL584,28.37060960672669,-86.89652386833643,10363.2,288.3084682788947,221.0846657335119
2025-10-11 11:51:43+00:00,UAL584,28.371214785818324,-86.89846263212314,10363.2,288.3084682788947,221.0846657335119
2025-10-11 11:51:44+00:00,UAL584,28.371734619140625,-86.90037653996393,10363.2,288.3084682788947,221.0846657335119
2025-10-11 11:51:45+00:00,UAL584,28.37265014648437,-86.90338721642127,10363.2,288.3084682788947,221.0846657335119
2025-10-11 11:51:46+00:00,UAL584,28.372937218617583,-86.90444048713238,10363.2,288.3084682788947,221.0846657335119
2025-10-11 11:51:47+00:00,UAL584,28.37363550218485,-86.90681008731616,10363.2,288.1818026961486,220.9236018746325
2025-10-11 11:51:48+00:00,UAL584,28.37420654296875,-86.90872192382812,10363.2,288.1818026961486,220.9236018746325
2025-10-11 11:51:49+00:00,UAL584,28.37489241260593,-86.91106459673716,10363.2,288.1818026961486,220.9236018746325
2025-10-11 11:51:50+00:00,UAL584,28.375823457362287,-86.91429586971509,10363.2,288.1818026961486,220.9236018746325
2025-10-11 11:51:53+00:00,UAL584,28.377685546875,-86.92070456112134,10363.2,288.1818026961486,220.9236018746325
2025-10-11 11:51:54+00:00,UAL584,28.37828063964844,-86.9228245661809,10363.2,288.1818026961486,220.9236018746325
2025-10-11 11:51:55+00:00,UAL584,28.37855529785156,-86.92372248722955,10363.2,288.1818026961486,220.9236018746325
2025-10-11 11:51:56+00:00,UAL584,28.379425048828125,-86.9266803448017,10363.2,288.1818026961486,220.9236018746325
2025-10-11 11:51:57+00:00,UAL584,28.379733845338983,-86.92775950712314,10363.2,288.1818026961486,220.9236018746325
2025-10-11 11:51:58+00:00,UAL584,28.38047790527344,-86.9303248478816,10363.2,288.1818026961486,220.9236018746325
2025-10-11 11:51:59+00:00,UAL584,28.38113041247352,-86.9326602711397,10363.2,288.1818026961486,220.9236018746325
2025-10-11 11:52:00+00:00,UAL584,28.381805419921875,-86.93502572866583,10363.2,288.1818026961486,220.9236018746325
2025-10-11 11:52:01+00:00,UAL584,28.3823873228946,-86.9369686351103,10363.2,288.1818026961486,220.9236018746325
2025-10-11 11:52:02+00:00,UAL584,28.38299560546875,-86.93909278282752,10363.2,288.1818026961486,220.9236018746325
2025-10-11 11:52:04+00:00,UAL584,28.384506225585938,-86.94421621469348,10363.2,288.1818026961486,220.9236018746325
2025-10-11 11:52:05+00:00,UAL584,28.384780883789062,-86.94532541128302,10363.2,288.1818026961486,220.9236018746325
2025-10-11 11:52:06+00:00,UAL584,28.38573908401748,-86.94849350873164,10363.2,288.1818026961486,220.9236018746325
2025-10-11 11:52:07+00:00,UAL584,28.38611150192002,-86.9497860179228,10363.2,288.1818026961486,220.9236018746325
2025-10-11 11:52:08+00:00,UAL584,28.38694944220074,-86.9528018727022,10363.2,288.1818026961486,220.9236018746325
2025-10-11 11:52:10+00:00,UAL584,28.38807678222656,-86.95662865271936,10363.2,288.1818026961486,220.9236018746325
2025-10-11 11:52:11+00:00,UAL584,28.388764979475635,-86.95899514590991,10363.2,288.1818026961486,220.9236018746325
2025-10-11 11:52:12+00:00,UAL584,28.389312744140625,-86.96090698242188,10363.2,288.1818026961486,220.9236018746325
2025-10-11 11:52:13+00:00,UAL584,28.38999938964844,-86.9632310133714,10363.2,288.1818026961486,220.9236018746325
2025-10-11 11:52:14+00:00,UAL584,28.390640258789062,-86.96539658766528,10363.2,288.1818026961486,220.9236018746325
2025-10-11 11:52:15+00:00,UAL584,28.39118569584216,-86.96728874655332,10363.2,288.1818026961486,220.9236018746325
2025-10-11 11:52:16+00:00,UAL584,28.391876220703125,-86.9696749173678,10363.2,288.1818026961486,220.9236018746325
2025-10-11 11:52:17+00:00,UAL584,28.39242553710937,-86.9715763972356,10363.2,288.1818026961486,220.9236018746325
2025-10-11 11:52:18+00:00,UAL584,28.39302062988281,-86.97374197152942,10363.2,288.1818026961486,220.9236018746325
2025-10-11 11:52:19+00:00,UAL584,28.39366149902344,-86.97585472693811,10363.2,288.1818026961486,220.9236018746325
2025-10-11 11:52:20+00:00,UAL584,28.39439780025159,-86.9784366383272,10363.2,288.1818026961486,220.9236018746325
2025-10-11 11:52:21+00:00,UAL584,28.39471435546875,-86.979499230018,10363.2,288.1818026961486,220.9236018746325
2025-10-11 11:52:22+00:00,UAL584,28.395584106445312,-86.98250990647534,10363.2,288.1818026961486,220.9236018746325
2025-10-11 11:52:23+00:00,UAL584,28.39595031738281,-86.98377755972052,10363.2,288.1818026961486,220.9236018746325
2025-10-11 11:52:24+00:00,UAL584,28.3962598897643,-86.98484532973345,10363.2,288.1818026961486,220.9236018746325
2025-10-11 11:52:25+00:00,UAL584,28.397506713867188,-86.98911226712738,10363.2,288.1818026961486,220.9236018746325
2025-10-11 11:52:27+00:00,UAL584,28.39837646484375,-86.99212294358472,10363.2,288.1818026961486,220.9236018746325
2025-10-11 11:52:28+00:00,UAL584,28.39906311035156,-86.99444697453424,10363.2,288.1818026961486,220.9236018746325
2025-10-11 11:52:29+00:00,UAL584,28.399751307600635,-86.99680103975186,10363.2,288.1818026961486,220.9236018746325
2025-10-11 11:52:30+00:00,UAL584,28.400356486692267,-86.99895522173716,10363.2,288.1818026961486,220.9236018746325
2025-10-11 11:52:31+00:00,UAL584,28.40105477025953,-87.00127096737134,10363.2,288.1818026961486,220.9236018746325
2025-10-11 11:52:32+00:00,UAL584,28.40152029263771,-87.00299431295957,10363.2,288.1818026961486,220.9236018746325
2025-10-11 11:52:33+00:00,UAL584,28.4022216796875,-87.0053276648888,10363.2,288.2235262418827,220.43490189286103
2025-10-11 11:52:34+00:00,UAL584,28.40277720305879,-87.00724882238052,10363.2,288.2235262418827,220.43490189286103
2025-10-11 11:52:36+00:00,UAL584,28.40408066571769,-87.01171875,10363.2,288.2235262418827,220.43490189286103
2025-10-11 11:52:37+00:00,UAL584,28.40468584480932,-87.0138729319853,10363.2,288.2235262418827,220.43490189286103
2025-10-11 11:52:38+00:00,UAL584,28.40557033732786,-87.0168887867647,10363.2,288.2235262418827,220.43490189286103
2025-10-11 11:52:39+00:00,UAL584,28.405929565429688,-87.0181626539964,10363.2,288.2235262418827,220.43490189286103
2025-10-11 11:52:41+00:00,UAL584,28.40716552734375,-87.02244098369891,10363.2,288.2235262418827,220.43490189286103
2025-10-11 11:52:42+00:00,UAL584,28.40780639648437,-87.02455373910755,10363.2,288.2235262418827,220.43490189286103
2025-10-11 11:52:44+00:00,UAL584,28.409015202926376,-87.02884449678311,10363.2,288.2235262418827,220.43490189286103
2025-10-11 11:52:45+00:00,UAL584,28.409666934255824,-87.03094482421875,10363.2,288.2235262418827,220.43490189286103
2025-10-11 11:52:46+00:00,UAL584,28.41050720214844,-87.03395550067609,10363.2,288.2235262418827,220.43490189286103
2025-10-11 11:52:47+00:00,UAL584,28.41083074020127,-87.03498391544116,10363.2,288.2235262418827,220.43490189286103
2025-10-11 11:52:48+00:00,UAL584,28.41166868048199,-87.03799977022061,10363.2,288.2235262418827,220.43490189286103
2025-10-11 11:52:49+00:00,UAL584,28.41224670410156,-87.0399240347055,10363.2,288.2235262418827,220.43490189286103
2025-10-11 11:52:50+00:00,UAL584,28.41293334960937,-87.04224806565503,10363.2,288.2235262418827,220.43490189286103
2025-10-11 11:52:51+00:00,UAL584,28.413162231445312,-87.04309316781848,10363.2,288.2235262418827,220.43490189286103
2025-10-11 11:52:52+00:00,UAL584,28.41399629237288,-87.04586253446689,10363.2,288.2235262418827,220.43490189286103
2025-10-11 11:52:53+00:00,UAL584,28.414581298828125,-87.04800532414362,10363.2,288.2235262418827,220.43490189286103
2025-10-11 11:52:54+00:00,UAL584,28.414927337129235,-87.04909380744488,10363.2,288.09642526129,220.2745643975626
2025-10-11 11:52:55+00:00,UAL584,28.416091918945312,-87.05312875600958,10363.2,288.09642526129,220.2745643975626
2025-10-11 11:52:56+00:00,UAL584,28.41637045650159,-87.05420998965991,10363.2,288.09642526129,220.2745643975626
2025-10-11 11:52:57+00:00,UAL584,28.417007446289062,-87.05635070800781,10363.2,288.09642526129,220.2745643975626
2025-10-11 11:53:00+00:00,UAL584,28.41893082958157,-87.0629344267004,10363.2,288.09642526129,220.2745643975626
2025-10-11 11:53:01+00:00,UAL584,28.41952514648437,-87.06506582406848,10363.2,288.09642526129,220.2745643975626
2025-10-11 11:53:02+00:00,UAL584,28.420166015625,-87.06723139836237,10363.2,288.09642526129,220.2745643975626
2025-10-11 11:53:03+00:00,UAL584,28.420699814618644,-87.06912769990811,10363.2,288.09642526129,220.2745643975626
2025-10-11 11:53:04+00:00,UAL584,28.42158508300781,-87.07209073580225,10363.2,288.09642526129,220.2745643975626
2025-10-11 11:53:05+00:00,UAL584,28.42186362056409,-87.07316679113052,10363.2,288.09642526129,220.2745643975626
2025-10-11 11:53:07+00:00,UAL584,28.42304992675781,-87.07721416766827,10363.2,288.1380821555973,219.78562540131784
2025-10-11 11:53:08+00:00,UAL584,28.42396545410156,-87.08043611966644,10363.2,288.1380821555973,219.78562540131784
2025-10-11 11:53:09+00:00,UAL584,28.4245170981197,-87.08232206456802,10363.2,288.1380821555973,219.78562540131784
2025-10-11 11:53:10+00:00,UAL584,28.425168829449152,-87.08447624655332,10363.2,288.1380821555973,219.78562540131784
2025-10-11 11:53:11+00:00,UAL584,28.425704956054688,-87.08635183481067,10363.2,288.1380821555973,219.78562540131784
2025-10-11 11:53:12+00:00,UAL584,28.425933837890625,-87.08724975585938,10363.2,288.1380821555973,219.78562540131784
2025-10-11 11:53:13+00:00,UAL584,28.42689514160156,-87.09041888897235,10363.2,288.1380821555973,219.78562540131784
2025-10-11 11:53:14+00:00,UAL584,28.427490234375,-87.09253164438098,10363.2,288.1380821555973,219.78562540131784
2025-10-11 11:53:15+00:00,UAL584,28.42835998535156,-87.09554232083832,10363.2,288.1380821555973,219.78562540131784
2025-10-11 11:53:16+00:00,UAL584,28.428706799523304,-87.09680893841914,10363.2,288.1380821555973,219.78562540131784
2025-10-11 11:53:17+00:00,UAL584,28.429451635328387,-87.09934010225186,10363.2,288.1380821555973,219.78562540131784
2025-10-11 11:53:18+00:00,UAL584,28.43028259277344,-87.10214468149036,10363.2,288.1380821555973,219.78562540131784
2025-10-11 11:53:19+00:00,UAL584,28.43055725097656,-87.1032010591947,10363.2,288.1380821555973,219.78562540131784
2025-10-11 11:53:21+00:00,UAL584,28.432012008408368,-87.10806453929229,10363.2,288.26543517694495,219.9463193259385
2025-10-11 11:53:22+00:00,UAL584,28.4326171875,-87.11021872127759,10363.2,288.3075306945467,219.45785495807257
2025-10-11 11:53:23+00:00,UAL584,28.433175814353813,-87.1121036305147,10363.2,288.3075306945467,219.45785495807257
2025-10-11 11:53:24+00:00,UAL584,28.43348693847656,-87.11318382850061,10363.2,288.3075306945467,219.45785495807257
2025-10-11 11:53:25+00:00,UAL584,28.434356689453125,-87.1161416860727,10363.2,288.3075306945467,219.45785495807257
2025-10-11 11:53:26+00:00,UAL584,28.434665485963983,-87.11721981272979,10363.2,288.3075306945467,219.45785495807257
2025-10-11 11:53:27+00:00,UAL584,28.43563842773437,-87.1206312913161,10363.2,288.3075306945467,219.45785495807257
2025-10-11 11:53:28+00:00,UAL584,28.436201709811968,-87.12249755859375,10363.2,288.3075306945467,219.45785495807257
2025-10-11 11:53:29+00:00,UAL584,28.436920166015625,-87.12485680213342,10363.2,288.434948822922,219.61999376203437
2025-10-11 11:53:30+00:00,UAL584,28.437515258789062,-87.12696955754205,10363.2,288.434948822922,219.61999376203437
2025-10-11 11:53:31+00:00,UAL584,28.438201904296875,-87.12929358849158,10363.2,288.434948822922,219.61999376203437
2025-10-11 11:53:32+00:00,UAL584,28.4388427734375,-87.13145916278546,10363.2,288.3075306945467,219.45785495807257
2025-10-11 11:53:33+00:00,UAL584,28.4395751953125,-87.13399446927582,10363.2,288.3075306945467,219.45785495807257
2025-10-11 11:53:34+00:00,UAL584,28.4402052022643,-87.13612275965073,10363.2,288.3075306945467,219.45785495807257
2025-10-11 11:53:35+00:00,UAL584,28.44081038135593,-87.13822308708643,10363.2,288.3075306945467,219.45785495807257
2025-10-11 11:53:36+00:00,UAL584,28.44140625,-87.14012145996094,10363.2,288.3075306945467,219.45785495807257
2025-10-11 11:53:37+00:00,UAL584,28.441694873874468,-87.14118508731616,10363.2,288.3075306945467,219.45785495807257
2025-10-11 11:53:38+00:00,UAL584,28.442459106445312,-87.14376596304083,10363.2,288.3075306945467,219.45785495807257
2025-10-11 11:53:40+00:00,UAL584,28.443882829051905,-87.14861701516543,10363.2,288.3075306945467,219.45785495807257
2025-10-11 11:53:41+00:00,UAL584,28.444255246954448,-87.14990952435664,10363.2,288.3075306945467,219.45785495807257
2025-10-11 11:53:42+00:00,UAL584,28.44462766485699,-87.1512020335478,10363.2,288.3075306945467,219.45785495807257
2025-10-11 11:53:43+00:00,UAL584,28.445709228515625,-87.15501638559192,10363.2,288.3075306945467,219.45785495807257
2025-10-11 11:53:44+00:00,UAL584,28.44630354541843,-87.15691061580884,10363.2,288.3075306945467,219.45785495807257
2025-10-11 11:53:45+00:00,UAL584,28.44695527674788,-87.15922636144302,10363.2,288.1799247822345,219.2968031021408
2025-10-11 11:53:46+00:00,UAL584,28.44756045583951,-87.16138054342832,10363.2,288.1799247822345,219.2968031021408
2025-10-11 11:53:47+00:00,UAL584,28.44793287374205,-87.16261919806988,10363.2,288.1799247822345,219.2968031021408
2025-10-11 11:53:48+00:00,UAL584,28.448638916015625,-87.16499915489783,10363.2,288.1799247822345,219.2968031021408
2025-10-11 11:53:49+00:00,UAL584,28.44932556152344,-87.16732318584735,10363.2,288.1799247822345,219.2968031021408
2025-10-11 11:53:50+00:00,UAL584,28.4498880677304,-87.16924330767466,10363.2,288.1799247822345,219.2968031021408
2025-10-11 11:53:51+00:00,UAL584,28.4501953125,-87.17028104341944,10363.2,288.1799247822345,219.2968031021408
2025-10-11 11:53:52+00:00,UAL584,28.45072600801112,-87.17220530790439,10363.2,288.1799247822345,219.2968031021408
2025-10-11 11:53:53+00:00,UAL584,28.45165705276748,-87.17538272633271,10363.2,288.1799247822345,219.2968031021408
2025-10-11 11:53:54+00:00,UAL584,28.45257568359375,-87.17857360839844,10363.2,288.1799247822345,219.2968031021408
2025-10-11 11:53:55+00:00,UAL584,28.452960515426376,-87.1798526539522,10363.2,288.1799247822345,219.2968031021408
2025-10-11 11:53:56+00:00,UAL584,28.45356569451801,-87.1819529813879,10363.2,288.3075306945467,219.45785495807257
2025-10-11 11:53:57+00:00,UAL584,28.45417087360964,-87.18410716337314,10363.2,288.3075306945467,219.45785495807257
2025-10-11 11:53:58+00:00,UAL584,28.45482260493909,-87.18620749080884,10363.2,288.3075306945467,219.45785495807257
2025-10-11 11:53:59+00:00,UAL584,28.45575364969544,-87.18938490923716,10363.2,288.3075306945467,219.45785495807257
2025-10-11 11:54:00+00:00,UAL584,28.4560546875,-87.19045785757208,10363.2,288.3075306945467,219.45785495807257
2025-10-11 11:54:02+00:00,UAL584,28.45733642578125,-87.19493192784927,10363.2,288.3498139977418,218.96950958027784
2025-10-11 11:54:03+00:00,UAL584,28.45811462402344,-87.19742995042066,10363.2,288.3498139977418,218.96950958027784
2025-10-11 11:54:04+00:00,UAL584,28.458639888440143,-87.19934800091914,10363.2,288.3498139977418,218.96950958027784
2025-10-11 11:54:05+00:00,UAL584,28.4592916197696,-87.20150218290439,10363.2,288.3498139977418,218.96950958027784
2025-10-11 11:54:06+00:00,UAL584,28.45975714214777,-87.20317167394302,10363.2,288.3498139977418,218.96950958027784
2025-10-11 11:54:08+00:00,UAL584,28.461060604806672,-87.2076416015625,10363.2,288.3498139977418,218.96950958027784
2025-10-11 11:54:09+00:00,UAL584,28.46186828613281,-87.21037057729865,10363.2,288.3498139977418,218.96950958027784
2025-10-11 11:54:12+00:00,UAL584,28.4634813211732,-87.21588134765625,10363.2,288.3498139977418,218.96950958027784
2025-10-11 11:54:14+00:00,UAL584,28.464784783832098,-87.22035127527573,10363.2,288.22195434121056,218.8080982821433
2025-10-11 11:54:15+00:00,UAL584,28.465389962923727,-87.22245160271143,10363.2,288.22195434121056,218.8080982821433
2025-10-11 11:54:16+00:00,UAL584,28.46571350097656,-87.22352247971753,10363.2,288.22195434121056,218.8080982821433
2025-10-11 11:54:17+00:00,UAL584,28.466583251953125,-87.22648033728967,10363.2,288.22195434121056,218.8080982821433
2025-10-11 11:54:19+00:00,UAL584,28.46786499023437,-87.23091712364783,10363.2,288.22195434121056,218.8080982821433
2025-10-11 11:54:20+00:00,UAL584,28.46855551509534,-87.2332763671875,10363.2,288.22195434121056,218.8080982821433
2025-10-11 11:54:21+00:00,UAL584,28.4688720703125,-87.23435035118689,10363.2,288.22195434121056,218.8080982821433
2025-10-11 11:54:22+00:00,UAL584,28.46971932104078,-87.23731545840991,10363.2,288.22195434121056,218.8080982821433
2025-10-11 11:54:23+00:00,UAL584,28.470382690429688,-87.2396322397085,10363.2,288.22195434121056,218.8080982821433
2025-10-11 11:54:25+00:00,UAL584,28.47125244140625,-87.24259009728064,10363.2,288.22195434121056,218.8080982821433
2025-10-11 11:54:26+00:00,UAL584,28.47216796875,-87.24575923039362,10363.2,288.22195434121056,218.8080982821433
2025-10-11 11:54:27+00:00,UAL584,28.47274521649894,-87.24770938648896,10363.2,288.22195434121056,218.8080982821433
2025-10-11 11:54:28+00:00,UAL584,28.47335039559057,-87.24980971392466,10363.2,288.22195434121056,218.8080982821433
2025-10-11 11:54:30+00:00,UAL584,28.474653858249468,-87.25427964154414,10363.2,288.22195434121056,218.8080982821433
2025-10-11 11:54:33+00:00,UAL584,28.476470947265625,-87.2606013371394,10363.2,288.22195434121056,218.8080982821433
2025-10-11 11:54:34+00:00,UAL584,28.47669982910156,-87.26144643930286,10363.2,288.22195434121056,218.8080982821433
2025-10-11 11:54:37+00:00,UAL584,28.47885131835937,-87.2688939021184,10363.2,288.22195434121056,218.8080982821433
2025-10-11 11:54:38+00:00,UAL584,28.4791694253178,-87.26995131548716,10363.2,288.22195434121056,218.8080982821433
2025-10-11 11:54:39+00:00,UAL584,28.479774604409428,-87.2720516429228,10363.2,288.22195434121056,218.8080982821433
2025-10-11 11:54:40+00:00,UAL584,28.48077392578125,-87.2754434438852,10363.2,288.26417204247616,218.3195117302513
2025-10-11 11:54:43+00:00,UAL584,28.48256773867849,-87.28158389820771,10363.2,288.09390654406315,218.64777823505787
2025-10-11 11:54:44+00:00,UAL584,28.48345223119703,-87.28476131663604,10363.2,288.09390654406315,218.64777823505787
2025-10-11 11:54:45+00:00,UAL584,28.48374938964844,-87.28579594538763,10363.2,288.09390654406315,218.64777823505787
2025-10-11 11:54:46+00:00,UAL584,28.484390258789062,-87.28790870079627,10363.2,287.96567147263625,218.48855184119896
2025-10-11 11:54:47+00:00,UAL584,28.485031127929688,-87.29023273174579,10363.2,287.96567147263625,218.48855184119896
2025-10-11 11:54:48+00:00,UAL584,28.48559363413665,-87.29213938993564,10363.2,287.96567147263625,218.48855184119896
2025-10-11 11:54:49+00:00,UAL584,28.48626708984375,-87.29445824256311,10363.2,287.96567147263625,218.48855184119896
2025-10-11 11:54:50+00:00,UAL584,28.486862182617188,-87.29662381685694,10363.2,287.96567147263625,218.48855184119896
2025-10-11 11:54:52+00:00,UAL584,28.488060902740997,-87.30080997242646,10363.2,287.8372500033072,218.33042149334065
2025-10-11 11:54:53+00:00,UAL584,28.48837280273437,-87.3019057053786,10363.2,287.8372500033072,218.33042149334065
2025-10-11 11:54:54+00:00,UAL584,28.4893798828125,-87.3054973895733,10363.2,287.8372500033072,218.33042149334065
2025-10-11 11:54:55+00:00,UAL584,28.489690231064618,-87.30657240923716,10363.2,287.8372500033072,218.33042149334065
2025-10-11 11:54:56+00:00,UAL584,28.49061584472656,-87.30972290039062,10363.2,287.8372500033072,218.33042149334065
2025-10-11 11:54:59+00:00,UAL584,28.49239026085805,-87.31605080997241,10363.2,287.87869659584135,217.840763581445
2025-10-11 11:55:00+00:00,UAL584,28.49299543994968,-87.31820499195771,10363.2,287.70864302249413,218.1733895746994
2025-10-11 11:55:01+00:00,UAL584,28.49327087402344,-87.31923029972955,10363.2,287.87869659584135,217.840763581445
2025-10-11 11:55:02+00:00,UAL584,28.494112693657307,-87.32219022863052,10363.2,287.87869659584135,217.840763581445
2025-10-11 11:55:03+00:00,UAL584,28.49468994140625,-87.32408963716944,10363.2,287.87869659584135,217.840763581445
2025-10-11 11:55:04+00:00,UAL584,28.495229947364937,-87.32601390165439,10363.2,287.87869659584135,217.840763581445
2025-10-11 11:55:05+00:00,UAL584,28.49574279785156,-87.32789259690503,10363.2,287.87869659584135,217.840763581445
2025-10-11 11:55:06+00:00,UAL584,28.49657996226165,-87.33086081112134,10363.2,287.7498301538548,217.6833784348286
2025-10-11 11:55:07+00:00,UAL584,28.497116088867188,-87.33280475323016,10363.2,287.7498301538548,217.6833784348286
2025-10-11 11:55:09+00:00,UAL584,28.49835205078125,-87.33703026404748,10363.2,287.7498301538548,217.6833784348286
2025-10-11 11:55:10+00:00,UAL584,28.498764038085938,-87.3385091928335,10363.2,287.7498301538548,217.6833784348286
2025-10-11 11:55:11+00:00,UAL584,28.499588012695312,-87.34146705040564,10363.2,287.7498301538548,217.6833784348286
2025-10-11 11:55:12+00:00,UAL584,28.50018310546875,-87.34357980581427,10363.2,287.7498301538548,217.6833784348286
2025-10-11 11:55:14+00:00,UAL584,28.501374842756885,-87.34777113970591,10363.2,287.7498301538548,217.6833784348286
2025-10-11 11:55:15+00:00,UAL584,28.501922607421875,-87.34970679649939,10363.2,287.7498301538548,217.6833784348286
2025-10-11 11:55:16+00:00,UAL584,28.502517700195312,-87.35176673302283,10363.2,287.7498301538548,217.6833784348286
2025-10-11 11:55:17+00:00,UAL584,28.503097275556144,-87.35391055836396,10363.2,287.7498301538548,217.6833784348286
2025-10-11 11:55:18+00:00,UAL584,28.50370245464777,-87.35601088579966,10363.2,287.79120310874663,217.19348028968625
2025-10-11 11:55:20+00:00,UAL584,28.504959365068856,-87.36042695886948,10363.2,287.92032991180486,217.3512201743817
2025-10-11 11:55:21+00:00,UAL584,28.505538940429688,-87.3623305100661,10363.2,287.92032991180486,217.3512201743817
2025-10-11 11:55:22+00:00,UAL584,28.50616972325212,-87.36468146829043,10363.2,287.92032991180486,217.3512201743817
2025-10-11 11:55:23+00:00,UAL584,28.50654214115466,-87.36592012293198,10363.2,287.92032991180486,217.3512201743817
2025-10-11 11:55:24+00:00,UAL584,28.507369995117188,-87.36888005183295,10363.2,287.92032991180486,217.3512201743817
2025-10-11 11:55:25+00:00,UAL584,28.507659394862287,-87.36995921415439,10363.2,287.92032991180486,217.3512201743817
2025-10-11 11:55:26+00:00,UAL584,28.50863699185646,-87.37329819623164,10363.2,287.92032991180486,217.3512201743817
2025-10-11 11:55:27+00:00,UAL584,28.50892639160156,-87.37437321589545,10363.2,287.92032991180486,217.3512201743817
2025-10-11 11:55:28+00:00,UAL584,28.50924217094809,-87.37545237821689,10363.2,287.92032991180486,217.3512201743817
2025-10-11 11:55:29+00:00,UAL584,28.510266320180083,-87.37900677849268,10363.2,287.92032991180486,217.3512201743817
2025-10-11 11:55:30+00:00,UAL584,28.510871499271715,-87.38110710592832,10363.2,287.92032991180486,217.3512201743817
2025-10-11 11:55:31+00:00,UAL584,28.511523230601163,-87.3834228515625,10363.2,287.92032991180486,217.3512201743817
2025-10-11 11:55:32+00:00,UAL584,28.51181030273437,-87.38451444185694,10363.2,287.92032991180486,217.3512201743817
2025-10-11 11:55:34+00:00,UAL584,28.51327514648437,-87.38953223595252,10363.2,287.92032991180486,217.3512201743817
2025-10-11 11:55:35+00:00,UAL584,28.513916015625,-87.39185626690204,10363.2,287.92032991180486,217.3512201743817
2025-10-11 11:55:36+00:00,UAL584,28.514556884765625,-87.39396902231067,10363.2,287.92032991180486,217.3512201743817
2025-10-11 11:55:37+00:00,UAL584,28.515151977539062,-87.39608177771936,10363.2,287.96215117161046,216.8617920475996
2025-10-11 11:55:38+00:00,UAL584,28.515759484242583,-87.39817899816177,10363.2,287.96215117161046,216.8617920475996
2025-10-11 11:55:39+00:00,UAL584,28.51645776780985,-87.40071016199448,10363.2,288.0913500663068,217.0209925014187
2025-10-11 11:55:40+00:00,UAL584,28.516754150390625,-87.4017862173227,10363.2,288.0913500663068,217.0209925014187
2025-10-11 11:55:41+00:00,UAL584,28.51729570809057,-87.40367216222427,10363.2,288.0913500663068,217.0209925014187
2025-10-11 11:55:42+00:00,UAL584,28.51826477050781,-87.40701528695911,10363.2,288.0913500663068,217.0209925014187
2025-10-11 11:55:43+00:00,UAL584,28.51883193193856,-87.40889605353863,10363.2,288.0913500663068,217.0209925014187
2025-10-11 11:55:44+00:00,UAL584,28.51943711103019,-87.41099638097427,10363.2,288.0913500663068,217.0209925014187
2025-10-11 11:55:45+00:00,UAL584,28.520095825195312,-87.41335355318506,10363.2,288.0913500663068,217.0209925014187
2025-10-11 11:55:46+00:00,UAL584,28.520416259765625,-87.4144099308894,10363.2,288.0913500663068,217.0209925014187
2025-10-11 11:55:47+00:00,UAL584,28.521148681640625,-87.41689241849457,10363.2,288.0913500663068,217.0209925014187
2025-10-11 11:55:48+00:00,UAL584,28.52167161844544,-87.41880529067095,10363.2,288.0913500663068,217.0209925014187
2025-10-11 11:55:49+00:00,UAL584,28.52190437963453,-87.41966696346509,10363.2,288.0913500663068,217.0209925014187
2025-10-11 11:55:50+00:00,UAL584,28.522835424390887,-87.42279052734375,10363.2,288.0913500663068,217.0209925014187
2025-10-11 11:55:51+00:00,UAL584,28.523712158203125,-87.42597726675177,10363.2,288.0913500663068,217.0209925014187
2025-10-11 11:55:52+00:00,UAL584,28.524078369140625,-87.42719210111176,10363.2,288.0913500663068,217.0209925014187
2025-10-11 11:55:53+00:00,UAL584,28.52441820047669,-87.42828369140625,10363.2,288.0913500663068,217.0209925014187
2025-10-11 11:55:54+00:00,UAL584,28.525131225585938,-87.43078378530646,10363.2,288.0913500663068,217.0209925014187
2025-10-11 11:55:55+00:00,UAL584,28.5260009765625,-87.4337416428786,10363.2,288.0913500663068,217.0209925014187
2025-10-11 11:55:57+00:00,UAL584,28.52723693847656,-87.43817842923676,10363.2,288.0913500663068,217.0209925014187
2025-10-11 11:55:58+00:00,UAL584,28.527511596679688,-87.43897071251502,10363.2,288.0913500663068,217.0209925014187
2025-10-11 11:55:59+00:00,UAL584,28.528335571289062,-87.44192857008716,10363.2,288.0913500663068,217.0209925014187
2025-10-11 11:56:00+00:00,UAL584,28.52902687202065,-87.44422463809741,10363.2,288.0913500663068,217.0209925014187
2025-10-11 11:56:01+00:00,UAL584,28.529678603350103,-87.44654038373164,10363.2,288.0913500663068,217.0209925014187
2025-10-11 11:56:02+00:00,UAL584,28.53014412572828,-87.44826372931988,10363.2,288.0913500663068,217.0209925014187
2025-10-11 11:56:03+00:00,UAL584,28.53071594238281,-87.45011549729566,10363.2,288.0913500663068,217.0209925014187
2025-10-11 11:56:04+00:00,UAL584,28.53168034957627,-87.45348762063418,10363.2,288.0913500663068,217.0209925014187
2025-10-11 11:56:05+00:00,UAL584,28.5322265625,-87.45539738581732,10363.2,288.0913500663068,217.0209925014187
2025-10-11 11:56:06+00:00,UAL584,28.53275105104608,-87.45731129365811,10363.2,288.0913500663068,217.0209925014187
2025-10-11 11:56:07+00:00,UAL584,28.53298381223517,-87.45811911190259,10363.2,288.0913500663068,217.0209925014187
2025-10-11 11:56:08+00:00,UAL584,28.5335889913268,-87.46021943933823,10363.2,288.0913500663068,217.0209925014187
2025-10-11 11:56:09+00:00,UAL584,28.534520036083155,-87.46339685776655,10363.2,288.0913500663068,217.0209925014187
2025-10-11 11:56:10+00:00,UAL584,28.535125215174787,-87.4654971852022,10363.2,288.0913500663068,217.0209925014187
2025-10-11 11:56:11+00:00,UAL584,28.535797119140625,-87.46780982384314,10363.2,288.0913500663068,217.0209925014187
2025-10-11 11:56:13+00:00,UAL584,28.5369873046875,-87.47201358570771,10363.2,288.0913500663068,217.0209925014187
2025-10-11 11:56:14+00:00,UAL584,28.53759248377913,-87.47411391314341,10363.2,288.0913500663068,217.0209925014187
2025-10-11 11:56:15+00:00,UAL584,28.5382907673464,-87.47642965877759,10363.2,288.0913500663068,217.0209925014187
2025-10-11 11:56:17+00:00,UAL584,28.539221812102756,-87.47976864085479,10363.2,287.96215117161046,216.8617920475996
2025-10-11 11:56:18+00:00,UAL584,28.53955078125,-87.48085608849158,10363.2,287.96215117161046,216.8617920475996
2025-10-11 11:56:19+00:00,UAL584,28.540618379237287,-87.48461555032168,10363.2,288.0913500663068,217.0209925014187
2025-10-11 11:56:20+00:00,UAL584,28.540924072265625,-87.48566260704627,10363.2,287.96215117161046,216.8617920475996
2025-10-11 11:56:21+00:00,UAL584,28.54183959960937,-87.48883174015924,10363.2,287.96215117161046,216.8617920475996
2025-10-11 11:56:22+00:00,UAL584,28.54238736427436,-87.49070111443018,10363.2,287.96215117161046,216.8617920475996
2025-10-11 11:56:23+00:00,UAL584,28.542938232421875,-87.49258188100958,10363.2,287.96215117161046,216.8617920475996
2025-10-11 11:56:24+00:00,UAL584,28.543225304555083,-87.49366311465991,10363.2,287.96215117161046,216.8617920475996
2025-10-11 11:56:26+00:00,UAL584,28.544854632878707,-87.49931784237134,10363.2,288.0041616059134,216.3724799833805
2025-10-11 11:56:28+00:00,UAL584,28.54583222987288,-87.50271067899814,10363.2,287.96215117161046,216.8617920475996
2025-10-11 11:56:29+00:00,UAL584,28.54609680175781,-87.50372666579028,10363.2,288.0041616059134,216.3724799833805
2025-10-11 11:56:30+00:00,UAL584,28.547149658203125,-87.50731834998498,10363.2,288.0041616059134,216.3724799833805
2025-10-11 11:56:31+00:00,UAL584,28.54769431938559,-87.50922707950366,10363.2,288.0041616059134,216.3724799833805
2025-10-11 11:56:32+00:00,UAL584,28.548248291015625,-87.51106849083533,10363.2,288.0041616059134,216.3724799833805
2025-10-11 11:56:33+00:00,UAL584,28.54888916015625,-87.51339252178485,10363.2,288.0041616059134,216.3724799833805
2025-10-11 11:56:34+00:00,UAL584,28.549713134765625,-87.51635037935694,10363.2,288.0041616059134,216.3724799833805
2025-10-11 11:56:36+00:00,UAL584,28.55072021484375,-87.51972871668198,10363.2,288.0041616059134,216.3724799833805
2025-10-11 11:56:37+00:00,UAL584,28.55132539393538,-87.52182904411768,10363.2,288.0041616059134,216.3724799833805
2025-10-11 11:56:38+00:00,UAL584,28.55209350585937,-87.52453730656549,10363.2,288.0041616059134,216.3724799833805
2025-10-11 11:56:39+00:00,UAL584,28.55244264764301,-87.52581428079043,10363.2,288.0041616059134,216.3724799833805
2025-10-11 11:56:40+00:00,UAL584,28.553280587923727,-87.52872242647061,10363.2,288.0041616059134,216.3724799833805
2025-10-11 11:56:41+00:00,UAL584,28.55388576701536,-87.53082275390625,10363.2,288.0041616059134,216.3724799833805
2025-10-11 11:56:42+00:00,UAL584,28.554118528204448,-87.5316844267004,10363.2,288.0041616059134,216.3724799833805
2025-10-11 11:56:43+00:00,UAL584,28.55490991624735,-87.53437715418198,10363.2,288.0041616059134,216.3724799833805
2025-10-11 11:56:44+00:00,UAL584,28.555515095338983,-87.53647748161768,10363.2,288.0041616059134,216.3724799833805
2025-10-11 11:56:45+00:00,UAL584,28.556167602539062,-87.53879840557391,10363.2,288.0041616059134,216.3724799833805
2025-10-11 11:56:47+00:00,UAL584,28.557516841565143,-87.54342471852021,10363.2,288.0041616059134,216.3724799833805
2025-10-11 11:56:48+00:00,UAL584,28.55812202065678,-87.54552504595591,10363.2,288.0041616059134,216.3724799833805
2025-10-11 11:56:49+00:00,UAL584,28.558639526367188,-87.5474078838642,10363.2,288.0041616059134,216.3724799833805
2025-10-11 11:56:51+00:00,UAL584,28.55998411016949,-87.55204144646143,10363.2,288.0041616059134,216.3724799833805
2025-10-11 11:56:52+00:00,UAL584,28.560309975834212,-87.55328010110293,10363.2,288.0041616059134,216.3724799833805
2025-10-11 11:56:54+00:00,UAL584,28.56161343849311,-87.5576961741728,10363.2,288.0041616059134,216.3724799833805
2025-10-11 11:56:57+00:00,UAL584,28.563400268554688,-87.56399301382208,10363.2,288.04636245571385,215.88328477091213
2025-10-11 11:56:58+00:00,UAL584,28.564080707097457,-87.56625904756436,10363.2,288.04636245571385,215.88328477091213
2025-10-11 11:56:59+00:00,UAL584,28.56468588618909,-87.568359375,10363.2,288.0041616059134,216.3724799833805
2025-10-11 11:57:00+00:00,UAL584,28.564956665039062,-87.56943335899939,10363.2,288.0041616059134,216.3724799833805
2025-10-11 11:57:01+00:00,UAL584,28.56571003542108,-87.57191377527573,10363.2,288.0041616059134,216.3724799833805
2025-10-11 11:57:02+00:00,UAL584,28.56660461425781,-87.57508497971753,10363.2,288.0041616059134,216.3724799833805
2025-10-11 11:57:03+00:00,UAL584,28.56696694584216,-87.57632984834561,10363.2,288.0041616059134,216.3724799833805
2025-10-11 11:57:04+00:00,UAL584,28.56724548339844,-87.57740901066705,10363.2,288.0041616059134,216.3724799833805
2025-10-11 11:57:05+00:00,UAL584,28.56820678710937,-87.58073660043567,10363.2,288.0041616059134,216.3724799833805
2025-10-11 11:57:06+00:00,UAL584,28.56882903535487,-87.58284624885113,10363.2,288.0041616059134,216.3724799833805
2025-10-11 11:57:08+00:00,UAL584,28.56989973682468,-87.5866160673254,10363.2,288.0041616059134,216.3724799833805
2025-10-11 11:57:09+00:00,UAL584,28.570504915916317,-87.58871639476104,10363.2,287.8745113672503,216.2140260556937
2025-10-11 11:57:10+00:00,UAL584,28.57115664724576,-87.59103214039521,10363.2,287.8745113672503,216.2140260556937
2025-10-11 11:57:11+00:00,UAL584,28.571456909179688,-87.5920926607572,10363.2,287.8745113672503,216.2140260556937
2025-10-11 11:57:12+00:00,UAL584,28.571994587526483,-87.5939402860754,10363.2,287.8745113672503,216.2140260556937
2025-10-11 11:57:14+00:00,UAL584,28.57310485839844,-87.59795555701623,10363.2,287.8745113672503,216.2140260556937
2025-10-11 11:57:17+00:00,UAL584,28.57539367675781,-87.6059312086839,10363.2,288.0041616059134,216.3724799833805
2025-10-11 11:57:18+00:00,UAL584,28.57562255859375,-87.60677631084735,10363.2,288.0041616059134,216.3724799833805
2025-10-11 11:57:19+00:00,UAL584,28.576492309570312,-87.60968134953424,10363.2,287.8745113672503,216.2140260556937
2025-10-11 11:57:21+00:00,UAL584,28.577673960540253,-87.61386646943936,10363.2,287.8745113672503,216.2140260556937
2025-10-11 11:57:23+00:00,UAL584,28.57905578613281,-87.61871337890625,10363.2,287.8745113672503,216.2140260556937
2025-10-11 11:57:26+00:00,UAL584,28.580373990333687,-87.62334487017466,10363.2,288.0041616059134,216.3724799833805
2025-10-11 11:57:27+00:00,UAL584,28.581024169921875,-87.62563265286957,10363.2,288.0041616059134,216.3724799833805
2025-10-11 11:57:29+00:00,UAL584,28.5822360798464,-87.62986127068018,10363.2,288.0041616059134,216.3724799833805
2025-10-11 11:57:38+00:00,UAL584,28.587478637695312,-87.64808067908655,10363.2,288.0041616059134,216.3724799833805
2025-10-11 11:57:39+00:00,UAL584,28.588567184189618,-87.65188778147979,10363.2,288.0041616059134,216.3724799833805
2025-10-11 11:57:40+00:00,UAL584,28.58917236328125,-87.65398810891543,10363.2,288.0041616059134,216.3724799833805
2025-10-11 11:57:41+00:00,UAL584,28.589813232421875,-87.65626760629505,10363.2,288.0041616059134,216.3724799833805
2025-10-11 11:57:42+00:00,UAL584,28.59056893041578,-87.65878116383271,10363.2,288.0041616059134,216.3724799833805
2025-10-11 11:57:43+00:00,UAL584,28.59103445279396,-87.66045065487134,10363.2,288.0041616059134,216.3724799833805
2025-10-11 11:57:44+00:00,UAL584,28.59163963188559,-87.66255098230698,10363.2,288.0041616059134,216.3724799833805
2025-10-11 11:57:45+00:00,UAL584,28.592330932617188,-87.66508836012622,10363.2,288.0041616059134,216.3724799833805
2025-10-11 11:57:46+00:00,UAL584,28.59297180175781,-87.66720111553485,10363.2,288.0041616059134,216.3724799833805
2025-10-11 11:57:47+00:00,UAL584,28.593501721398304,-87.6690673828125,10363.2,288.0041616059134,216.3724799833805
2025-10-11 11:57:49+00:00,UAL584,28.594758631819385,-87.67348345588238,10363.2,288.0041616059134,216.3724799833805
2025-10-11 11:57:50+00:00,UAL584,28.59503173828125,-87.6745429405799,10363.2,288.0041616059134,216.3724799833805
2025-10-11 11:57:51+00:00,UAL584,28.59596899000265,-87.67768411075366,10363.2,287.8745113672503,216.2140260556937
2025-10-11 11:57:52+00:00,UAL584,28.5963134765625,-87.67897972693811,10363.2,287.8745113672503,216.2140260556937
2025-10-11 11:57:53+00:00,UAL584,28.597137451171875,-87.681884765625,10363.2,287.8745113672503,216.2140260556937
2025-10-11 11:57:54+00:00,UAL584,28.59736633300781,-87.68272986778845,10363.2,287.8745113672503,216.2140260556937
2025-10-11 11:57:55+00:00,UAL584,28.59838970636917,-87.68630083869488,10363.2,287.8745113672503,216.2140260556937
2025-10-11 11:57:56+00:00,UAL584,28.598785400390625,-87.68758920522833,10363.2,287.8745113672503,216.2140260556937
2025-10-11 11:57:57+00:00,UAL584,28.599413855601163,-87.68985523897061,10363.2,288.0041616059134,216.3724799833805
2025-10-11 11:57:58+00:00,UAL584,28.59992593021716,-87.69157858455884,10363.2,287.8745113672503,216.2140260556937
2025-10-11 11:57:59+00:00,UAL584,28.60057766154661,-87.69389433019302,10363.2,287.8745113672503,216.2140260556937
2025-10-11 11:58:00+00:00,UAL584,28.600845336914062,-87.69493103027344,10363.2,287.8745113672503,216.2140260556937
2025-10-11 11:58:01+00:00,UAL584,28.601715087890625,-87.69788888784552,10363.2,287.8745113672503,216.2140260556937
2025-10-11 11:58:02+00:00,UAL584,28.6025390625,-87.70079392653247,10363.2,287.8745113672503,216.2140260556937
2025-10-11 11:58:03+00:00,UAL584,28.603179931640625,-87.70311795748194,10363.2,287.8745113672503,216.2140260556937
2025-10-11 11:58:04+00:00,UAL584,28.603882870431672,-87.70541920381436,10363.2,287.8745113672503,216.2140260556937
2025-10-11 11:58:05+00:00,UAL584,28.60411563162076,-87.70628087660845,10363.2,287.8745113672503,216.2140260556937
2025-10-11 11:58:06+00:00,UAL584,28.60482788085937,-87.70882239708533,10363.2,287.8745113672503,216.2140260556937
2025-10-11 11:58:07+00:00,UAL584,28.60546564651748,-87.7111277860754,10363.2,287.8745113672503,216.2140260556937
2025-10-11 11:58:08+00:00,UAL584,28.60607082560911,-87.71322811351104,10363.2,287.8745113672503,216.2140260556937
2025-10-11 11:58:09+00:00,UAL584,28.60667600470074,-87.71532844094668,10363.2,287.8745113672503,216.2140260556937
2025-10-11 11:58:10+00:00,UAL584,28.60690876588983,-87.71613625919116,10363.2,287.8745113672503,216.2140260556937
2025-10-11 11:58:11+00:00,UAL584,28.607793258408368,-87.71931367761948,10363.2,287.8327631041409,216.70369590560773
2025-10-11 11:58:12+00:00,UAL584,28.608444213867188,-87.72160456730768,10363.2,287.8327631041409,216.70369590560773
2025-10-11 11:58:13+00:00,UAL584,28.609130859375,-87.7239285982572,10363.2,287.8327631041409,216.70369590560773
2025-10-11 11:58:14+00:00,UAL584,28.60965534792108,-87.725830078125,10363.2,287.8327631041409,216.70369590560773
2025-10-11 11:58:15+00:00,UAL584,28.61026052701271,-87.72793040556064,10363.2,287.8327631041409,216.70369590560773
2025-10-11 11:58:16+00:00,UAL584,28.610916137695312,-87.73026686448316,10363.2,287.8327631041409,216.70369590560773
2025-10-11 11:58:17+00:00,UAL584,28.611328125,-87.73174579326923,10363.2,287.8327631041409,216.70369590560773
2025-10-11 11:58:18+00:00,UAL584,28.61192321777344,-87.73380572979266,10363.2,287.8327631041409,216.70369590560773
2025-10-11 11:58:19+00:00,UAL584,28.612518310546875,-87.7359184852013,10363.2,287.8327631041409,216.70369590560773
2025-10-11 11:58:20+00:00,UAL584,28.6131591796875,-87.73824251615082,10363.2,287.8327631041409,216.70369590560773
2025-10-11 11:58:21+00:00,UAL584,28.613705392611227,-87.7401553883272,10363.2,287.8327631041409,216.70369590560773
2025-10-11 11:58:22+00:00,UAL584,28.61431057170286,-87.7422557157629,10363.2,287.8327631041409,216.70369590560773
2025-10-11 11:58:23+00:00,UAL584,28.6146240234375,-87.7433131291316,10363.2,287.8327631041409,216.70369590560773
2025-10-11 11:58:24+00:00,UAL584,28.615631103515625,-87.7468519944411,10363.2,287.8327631041409,216.70369590560773
2025-10-11 11:58:25+00:00,UAL584,28.61617266121557,-87.74877211626841,10363.2,287.8327631041409,216.70369590560773
2025-10-11 11:58:26+00:00,UAL584,28.616731288069385,-87.75087244370405,10363.2,287.8327631041409,216.70369590560773
2025-10-11 11:58:27+00:00,UAL584,28.61737060546875,-87.75297898512622,10363.2,287.8327631041409,216.70369590560773
2025-10-11 11:58:28+00:00,UAL584,28.617965698242188,-87.75509174053485,10363.2,287.8327631041409,216.70369590560773
2025-10-11 11:58:30+00:00,UAL584,28.6190185546875,-87.75889470027045,10363.2,287.8327631041409,216.70369590560773
2025-10-11 11:58:31+00:00,UAL584,28.61933821338718,-87.75992000804229,10363.2,287.8327631041409,216.70369590560773
2025-10-11 11:58:32+00:00,UAL584,28.62031581038136,-87.76352826286768,10363.2,287.8327631041409,216.70369590560773
2025-10-11 11:58:33+00:00,UAL584,28.620920989472985,-87.76562859030332,10363.2,287.8327631041409,216.70369590560773
2025-10-11 11:58:34+00:00,UAL584,28.6212158203125,-87.76665907639722,10363.2,287.8327631041409,216.70369590560773
2025-10-11 11:58:35+00:00,UAL584,28.62213134765625,-87.7698282095102,10363.2,287.8327631041409,216.70369590560773
2025-10-11 11:58:36+00:00,UAL584,28.622643422272244,-87.77171415441177,10363.2,287.8327631041409,216.70369590560773
2025-10-11 11:58:37+00:00,UAL584,28.623015840174787,-87.77300666360293,10363.2,287.8327631041409,216.70369590560773
2025-10-11 11:58:38+00:00,UAL584,28.62362101926642,-87.77510699103863,10363.2,287.8327631041409,216.70369590560773
2025-10-11 11:58:39+00:00,UAL584,28.62450551178496,-87.77823055491729,10363.2,287.8327631041409,216.70369590560773
2025-10-11 11:58:40+00:00,UAL584,28.62511069087659,-87.78038473690259,10363.2,287.8327631041409,216.70369590560773
2025-10-11 11:58:41+00:00,UAL584,28.62576242220604,-87.78270048253677,10363.2,287.8327631041409,216.70369590560773
2025-10-11 11:58:42+00:00,UAL584,28.626296997070312,-87.7845646784856,10363.2,287.79120310874663,217.19348028968625
2025-10-11 11:58:43+00:00,UAL584,28.62660036248676,-87.78560862821689,10363.2,287.79120310874663,217.19348028968625
2025-10-11 11:58:44+00:00,UAL584,28.627205541578387,-87.7877628102022,10363.2,287.79120310874663,217.19348028968625
2025-10-11 11:58:45+00:00,UAL584,28.62803649902344,-87.79069166917066,10363.2,287.79120310874663,217.19348028968625
2025-10-11 11:58:46+00:00,UAL584,28.62892797437765,-87.79384837431064,10363.2,287.79120310874663,217.19348028968625
2025-10-11 11:58:48+00:00,UAL584,28.62945556640625,-87.79576228215143,10363.2,287.79120310874663,217.19348028968625
2025-10-11 11:58:49+00:00,UAL584,28.630691528320312,-87.80019906850958,10363.2,287.79120310874663,217.19348028968625
2025-10-11 11:58:50+00:00,UAL584,28.631255586268537,-87.80208812040439,10363.2,287.79120310874663,217.19348028968625
2025-10-11 11:58:51+00:00,UAL584,28.631561279296875,-87.80315692608173,10363.2,287.79120310874663,217.19348028968625
2025-10-11 11:58:52+00:00,UAL584,28.632326287738348,-87.80585793887866,10363.2,287.79120310874663,217.19348028968625
2025-10-11 11:58:53+00:00,UAL584,28.6329780190678,-87.8082275390625,10363.2,287.79120310874663,217.19348028968625
2025-10-11 11:58:54+00:00,UAL584,28.633210780256885,-87.80903535730698,10363.2,287.79120310874663,217.19348028968625
2025-10-11 11:58:55+00:00,UAL584,28.63381595934852,-87.81113568474268,10363.2,287.79120310874663,217.19348028968625
2025-10-11 11:58:56+00:00,UAL584,28.63474700410487,-87.81452852136948,10363.2,287.79120310874663,217.19348028968625
2025-10-11 11:58:57+00:00,UAL584,28.63536071777344,-87.81662574181189,10363.2,287.79120310874663,217.19348028968625
2025-10-11 11:58:58+00:00,UAL584,28.6358642578125,-87.8183159461388,10363.2,287.79120310874663,217.19348028968625
2025-10-11 11:58:59+00:00,UAL584,28.63618469238281,-87.81963641826923,10363.2,287.79120310874663,217.19348028968625
2025-10-11 11:59:00+00:00,UAL584,28.636515989141948,-87.82066794002759,10363.2,287.79120310874663,217.19348028968625
2025-10-11 11:59:01+00:00,UAL584,28.6376953125,-87.82486548790564,10363.2,287.79120310874663,217.19348028968625
2025-10-11 11:59:02+00:00,UAL584,28.638153076171875,-87.82655569223255,10363.2,287.79120310874663,217.19348028968625
2025-10-11 11:59:03+00:00,UAL584,28.63884360103284,-87.82890768612134,10363.2,287.7498301538548,217.6833784348286
2025-10-11 11:59:04+00:00,UAL584,28.639495332362287,-87.83122343175552,10363.2,287.7498301538548,217.6833784348286
2025-10-11 11:59:05+00:00,UAL584,28.64002990722656,-87.83315805288458,10363.2,287.7498301538548,217.6833784348286
2025-10-11 11:59:06+00:00,UAL584,28.640566033832098,-87.83504710477939,10363.2,287.7498301538548,217.6833784348286
2025-10-11 11:59:08+00:00,UAL584,28.64154363082627,-87.83865535960479,10363.2,287.7498301538548,217.6833784348286
2025-10-11 11:59:09+00:00,UAL584,28.642364501953125,-87.84139779897833,10363.2,287.7498301538548,217.6833784348286
2025-10-11 11:59:10+00:00,UAL584,28.64307985467426,-87.84393310546875,10363.2,287.7498301538548,217.6833784348286
2025-10-11 11:59:11+00:00,UAL584,28.643685033765887,-87.84603343290439,10363.2,287.7498301538548,217.6833784348286
2025-10-11 11:59:12+00:00,UAL584,28.644195556640625,-87.84794734074518,10363.2,287.7498301538548,217.6833784348286
2025-10-11 11:59:13+00:00,UAL584,28.644790649414062,-87.85006009615381,10363.2,287.7498301538548,217.6833784348286
2025-10-11 11:59:14+00:00,UAL584,28.645477294921875,-87.85238412710333,10363.2,287.7498301538548,217.6833784348286
2025-10-11 11:59:15+00:00,UAL584,28.646105750132413,-87.85470401539521,10363.2,287.7498301538548,217.6833784348286
2025-10-11 11:59:16+00:00,UAL584,28.646759033203125,-87.85703218900238,10363.2,287.7498301538548,217.6833784348286
2025-10-11 11:59:17+00:00,UAL584,28.64735412597656,-87.85914494441107,10363.2,287.7498301538548,217.6833784348286
2025-10-11 11:59:18+00:00,UAL584,28.64773507845604,-87.86041259765625,10363.2,287.7498301538548,217.6833784348286
2025-10-11 11:59:19+00:00,UAL584,28.64804077148437,-87.8614689753606,10363.2,287.7498301538548,217.6833784348286
2025-10-11 11:59:20+00:00,UAL584,28.648898884401483,-87.8646671070772,10363.2,287.7498301538548,217.6833784348286
2025-10-11 11:59:21+00:00,UAL584,28.64950406349311,-87.8667674345129,10363.2,287.7498301538548,217.6833784348286
2025-10-11 11:59:22+00:00,UAL584,28.65038855601165,-87.86994485294116,10363.2,287.7498301538548,217.6833784348286
2025-10-11 11:59:24+00:00,UAL584,28.65099373510328,-87.87209903492646,10363.2,287.70864302249413,218.1733895746994
2025-10-11 11:59:25+00:00,UAL584,28.652017884335272,-87.87570728975186,10363.2,287.70864302249413,218.1733895746994
2025-10-11 11:59:26+00:00,UAL584,28.652623063426905,-87.8778076171875,10363.2,287.70864302249413,218.1733895746994
2025-10-11 11:59:27+00:00,UAL584,28.65325927734375,-87.88016686072717,10363.2,287.70864302249413,218.1733895746994
2025-10-11 11:59:28+00:00,UAL584,28.65355410818326,-87.88120045381436,10363.2,287.70864302249413,218.1733895746994
2025-10-11 11:59:29+00:00,UAL584,28.654541015625,-87.88460364708533,10363.2,287.70864302249413,218.1733895746994
2025-10-11 11:59:30+00:00,UAL584,28.65504377979343,-87.88647819967832,10363.2,287.70864302249413,218.1733895746994
2025-10-11 11:59:31+00:00,UAL584,28.655555854409428,-87.88820154526655,10363.2,287.70864302249413,218.1733895746994
2025-10-11 11:59:32+00:00,UAL584,28.65578861559852,-87.88906321806064,10363.2,287.70864302249413,218.1733895746994
2025-10-11 11:59:33+00:00,UAL584,28.65667310811705,-87.89224063648896,10363.2,287.70864302249413,218.1733895746994
2025-10-11 11:59:34+00:00,UAL584,28.657278287208687,-87.89434096392466,10363.2,287.70864302249413,218.1733895746994
2025-10-11 11:59:35+00:00,UAL584,28.6578369140625,-87.89627662071814,10363.2,287.70864302249413,218.1733895746994
2025-10-11 11:59:36+00:00,UAL584,28.658674854343214,-87.89924172794116,10363.2,287.70864302249413,218.1733895746994
2025-10-11 11:59:37+00:00,UAL584,28.65923348119703,-87.90134205537686,10363.2,287.70864302249413,218.1733895746994
2025-10-11 11:59:38+00:00,UAL584,28.65974555581303,-87.90306540096509,10363.2,287.70864302249413,218.1733895746994
2025-10-11 11:59:39+00:00,UAL584,28.660446166992188,-87.90557274451623,10363.2,287.8372500033072,218.33042149334065
2025-10-11 11:59:40+00:00,UAL584,28.661041259765625,-87.90773831881006,10363.2,287.8372500033072,218.33042149334065
2025-10-11 11:59:41+00:00,UAL584,28.661636352539062,-87.90985107421875,10363.2,287.8372500033072,218.33042149334065
2025-10-11 11:59:42+00:00,UAL584,28.662185668945312,-87.91175255408655,10363.2,287.8372500033072,218.33042149334065
2025-10-11 11:59:43+00:00,UAL584,28.66278076171875,-87.91386530949518,10363.2,287.8372500033072,218.33042149334065
2025-10-11 11:59:44+00:00,UAL584,28.663330078125,-87.91577507467832,10363.2,287.8372500033072,218.33042149334065
2025-10-11 11:59:46+00:00,UAL584,28.664520263671875,-87.92004511906549,10363.2,287.8372500033072,218.33042149334065
2025-10-11 11:59:48+00:00,UAL584,28.66561889648437,-87.92384807880109,10363.2,287.70864302249413,218.1733895746994
2025-10-11 11:59:49+00:00,UAL584,28.6662163168697,-87.92595358455884,10363.2,287.70864302249413,218.1733895746994
2025-10-11 11:59:50+00:00,UAL584,28.666821495961333,-87.92810776654414,10363.2,287.70864302249413,218.1733895746994
2025-10-11 11:59:51+00:00,UAL584,28.667724609375,-87.93129554161658,10363.2,287.70864302249413,218.1733895746994
2025-10-11 11:59:52+00:00,UAL584,28.6680318541446,-87.93236227596509,10363.2,287.70864302249413,218.1733895746994
2025-10-11 11:59:53+00:00,UAL584,28.66891634666313,-87.93553969439341,10363.2,287.6676405078323,218.66351294965645
2025-10-11 11:59:54+00:00,UAL584,28.669189453125,-87.93657743013819,10363.2,287.6676405078323,218.66351294965645
2025-10-11 11:59:55+00:00,UAL584,28.66978454589844,-87.93874300443207,10363.2,287.6676405078323,218.66351294965645
2025-10-11 11:59:56+00:00,UAL584,28.67047119140625,-87.9410670353816,10363.2,287.6676405078323,218.66351294965645
2025-10-11 11:59:57+00:00,UAL584,28.671066284179688,-87.94317979079028,10363.2,287.6676405078323,218.66351294965645
2025-10-11 11:59:58+00:00,UAL584,28.671661376953125,-87.94529254619891,10363.2,287.6676405078323,218.66351294965645
2025-10-11 11:59:59+00:00,UAL584,28.67217500331038,-87.94722613166363,10363.2,287.6676405078323,218.66351294965645
2025-10-11 12:00:02+00:00,UAL584,28.67403709282309,-87.95379638671875,10363.2,287.6676405078323,218.66351294965645
2025-10-11 12:00:03+00:00,UAL584,28.674728393554688,-87.95638451209436,10363.2,287.6676405078323,218.66351294965645
2025-10-11 12:00:04+00:00,UAL584,28.675387107719807,-87.9586971507353,10363.2,287.6676405078323,218.66351294965645
2025-10-11 12:00:05+00:00,UAL584,28.67599228681144,-87.96085133272061,10363.2,287.6676405078323,218.66351294965645
2025-10-11 12:00:06+00:00,UAL584,28.676559448242188,-87.9627755972055,10363.2,287.6676405078323,218.66351294965645
2025-10-11 12:00:07+00:00,UAL584,28.67706298828125,-87.9646770770733,10363.2,287.6676405078323,218.66351294965645
2025-10-11 12:00:08+00:00,UAL584,28.677621615135063,-87.96661376953125,10363.2,287.6676405078323,218.66351294965645
2025-10-11 12:00:09+00:00,UAL584,28.678253173828125,-87.96895540677582,10363.2,287.6676405078323,218.66351294965645
2025-10-11 12:00:10+00:00,UAL584,28.678939819335938,-87.97127943772534,10363.2,287.6676405078323,218.66351294965645
2025-10-11 12:00:11+00:00,UAL584,28.67953491210937,-87.97339219313403,10363.2,287.6676405078323,218.66351294965645
2025-10-11 12:00:12+00:00,UAL584,28.68004233150159,-87.97533820657168,10363.2,287.6676405078323,218.66351294965645
2025-10-11 12:00:13+00:00,UAL584,28.680587768554688,-87.97724797175482,10363.2,287.6676405078323,218.66351294965645
2025-10-11 12:00:14+00:00,UAL584,28.68143889863612,-87.98023897058823,10363.2,287.6676405078323,218.66351294965645
2025-10-11 12:00:15+00:00,UAL584,28.68167165982521,-87.98104678883271,10363.2,287.6676405078323,218.66351294965645
2025-10-11 12:00:16+00:00,UAL584,28.68260270458157,-87.98449348000918,10363.2,287.6676405078323,218.66351294965645
2025-10-11 12:00:17+00:00,UAL584,28.68319702148437,-87.98659691443811,10363.2,287.6676405078323,218.66351294965645
2025-10-11 12:00:18+00:00,UAL584,28.6834716796875,-87.98744201660156,10363.2,287.6676405078323,218.66351294965645
2025-10-11 12:00:19+00:00,UAL584,28.684371689618644,-87.99063289866729,10363.2,287.6676405078323,218.66351294965645
2025-10-11 12:00:20+00:00,UAL584,28.6849365234375,-87.99277672400842,10363.2,287.6676405078323,218.66351294965645
2025-10-11 12:00:21+00:00,UAL584,28.685302734375,-87.9940443772536,10363.2,287.6676405078323,218.66351294965645
2025-10-11 12:00:22+00:00,UAL584,28.68612670898437,-87.99705505371094,10363.2,287.6676405078323,218.66351294965645
2025-10-11 12:00:23+00:00,UAL584,28.68663024902344,-87.99874525803784,10363.2,287.6676405078323,218.66351294965645
2025-10-11 12:00:24+00:00,UAL584,28.68693206269862,-87.99978817210479,10363.2,287.6676405078323,218.66351294965645
2025-10-11 12:00:25+00:00,UAL584,28.687583794028072,-88.00215777228863,10363.2,287.6676405078323,218.66351294965645
2025-10-11 12:00:26+00:00,UAL584,28.6881889731197,-88.00425809972427,10363.2,287.6676405078323,218.66351294965645
2025-10-11 12:00:28+00:00,UAL584,28.68951416015625,-88.00893930288458,10363.2,287.6676405078323,218.66351294965645
2025-10-11 12:00:29+00:00,UAL584,28.690051062632413,-88.01088220932905,10363.2,287.6676405078323,218.66351294965645
2025-10-11 12:00:30+00:00,UAL584,28.69070279396186,-88.01319795496323,10363.2,287.6676405078323,218.66351294965645
2025-10-11 12:00:31+00:00,UAL584,28.691207885742188,-88.0151191124549,10363.2,287.6676405078323,218.66351294965645
2025-10-11 12:00:32+00:00,UAL584,28.691802978515625,-88.01728468674878,10363.2,287.7959889239304,218.8201931413799
2025-10-11 12:00:33+00:00,UAL584,28.692378674523304,-88.01917580997241,10363.2,287.7959889239304,218.8201931413799
2025-10-11 12:00:34+00:00,UAL584,28.692901611328125,-88.02108764648438,10363.2,287.7959889239304,218.8201931413799
2025-10-11 12:00:35+00:00,UAL584,28.693868346133478,-88.02450741038604,10363.2,287.7959889239304,218.8201931413799
2025-10-11 12:00:36+00:00,UAL584,28.69418334960937,-88.02557725172778,10363.2,287.7959889239304,218.8201931413799
2025-10-11 12:00:37+00:00,UAL584,28.695053100585938,-88.02879920372595,10363.2,287.7959889239304,218.8201931413799
2025-10-11 12:00:38+00:00,UAL584,28.695327758789062,-88.0296443058894,10363.2,287.7959889239304,218.8201931413799
2025-10-11 12:00:39+00:00,UAL584,28.695785522460938,-88.03133451021631,10363.2,287.7549121574792,219.31007776356316
2025-10-11 12:00:40+00:00,UAL584,28.697021484375,-88.03561283991888,10363.2,287.7959889239304,218.8201931413799
2025-10-11 12:00:41+00:00,UAL584,28.697525024414062,-88.03751431978662,10363.2,287.7549121574792,219.31007776356316
2025-10-11 12:00:43+00:00,UAL584,28.698760986328125,-88.0417926494892,10363.2,287.7549121574792,219.31007776356316
2025-10-11 12:00:45+00:00,UAL584,28.699966689287606,-88.04604923023896,10363.2,287.7549121574792,219.31007776356316
2025-10-11 12:00:46+00:00,UAL584,28.70043221166578,-88.0477725758272,10363.2,287.7549121574792,219.31007776356316
2025-10-11 12:00:47+00:00,UAL584,28.701037390757413,-88.0498729032629,10363.2,287.7549121574792,219.31007776356316
2025-10-11 12:00:48+00:00,UAL584,28.701644897460938,-88.05203951322113,10363.2,287.7549121574792,219.31007776356316
2025-10-11 12:00:49+00:00,UAL584,28.70229430117849,-88.05434283088238,10363.2,287.7549121574792,219.31007776356316
2025-10-11 12:00:50+00:00,UAL584,28.702899480270126,-88.05649701286768,10363.2,287.7549121574792,219.31007776356316
2025-10-11 12:00:51+00:00,UAL584,28.70355121159957,-88.05886661305146,10363.2,287.7549121574792,219.31007776356316
2025-10-11 12:00:52+00:00,UAL584,28.704116821289062,-88.06075462928186,10363.2,287.7549121574792,219.31007776356316
2025-10-11 12:00:53+00:00,UAL584,28.7047119140625,-88.06292020357569,10363.2,287.7549121574792,219.31007776356316
2025-10-11 12:00:54+00:00,UAL584,28.705307006835938,-88.06503295898438,10363.2,287.7549121574792,219.31007776356316
2025-10-11 12:00:55+00:00,UAL584,28.70599365234375,-88.0674098088191,10363.2,287.7549121574792,219.31007776356316
2025-10-11 12:00:56+00:00,UAL584,28.706451416015625,-88.069100013146,10363.2,287.7549121574792,219.31007776356316
2025-10-11 12:00:59+00:00,UAL584,28.70825298761917,-88.0755076688879,10363.2,287.841670535395,219.95714840021037
2025-10-11 12:01:03+00:00,UAL584,28.71062715174788,-88.08385512408091,10363.2,287.841670535395,219.95714840021037
2025-10-11 12:01:06+00:00,UAL584,28.71226501464844,-88.08959374060998,10363.2,287.841670535395,219.95714840021037
2025-10-11 12:01:07+00:00,UAL584,28.71314097259004,-88.09257956112134,10363.2,287.841670535395,219.95714840021037
2025-10-11 12:01:08+00:00,UAL584,28.713409423828125,-88.09366079477161,10363.2,287.841670535395,219.95714840021037
2025-10-11 12:01:09+00:00,UAL584,28.71397891287076,-88.09559541590073,10363.2,287.841670535395,219.95714840021037
2025-10-11 12:01:10+00:00,UAL584,28.7148634053893,-88.09882668887866,10363.2,287.841670535395,219.95714840021037
2025-10-11 12:01:11+00:00,UAL584,28.71519470214844,-88.09989342322717,10363.2,287.841670535395,219.95714840021037
2025-10-11 12:01:12+00:00,UAL584,28.715789794921875,-88.1020061786358,10363.2,287.841670535395,219.95714840021037
2025-10-11 12:01:13+00:00,UAL584,28.7164306640625,-88.10438302847052,10363.2,287.841670535395,219.95714840021037
2025-10-11 12:01:14+00:00,UAL584,28.717300415039062,-88.10739370492786,10363.2,287.841670535395,219.95714840021037
2025-10-11 12:01:15+00:00,UAL584,28.71760998742055,-88.1084666532629,10363.2,287.8007041084959,220.446907497243
2025-10-11 12:01:16+00:00,UAL584,28.71849447993909,-88.11164407169116,10363.2,287.6733068120347,220.2901829153844
2025-10-11 12:01:17+00:00,UAL584,28.719314575195312,-88.11441861666162,10363.2,287.6733068120347,220.2901829153844
2025-10-11 12:01:19+00:00,UAL584,28.71990966796875,-88.1165841909555,10363.2,287.6733068120347,220.2901829153844
2025-10-11 12:01:21+00:00,UAL584,28.72170658434852,-88.12300738166363,10363.2,287.6733068120347,220.2901829153844
2025-10-11 12:01:22+00:00,UAL584,28.722311763440143,-88.12516156364893,10363.2,287.6733068120347,220.2901829153844
2025-10-11 12:01:24+00:00,UAL584,28.723335912672137,-88.12882367302393,10363.2,287.6733068120347,220.2901829153844
2025-10-11 12:01:25+00:00,UAL584,28.72417385295286,-88.13178567325366,10363.2,287.6733068120347,220.2901829153844
2025-10-11 12:01:26+00:00,UAL584,28.72471618652344,-88.13375032865082,10363.2,287.6733068120347,220.2901829153844
2025-10-11 12:01:28+00:00,UAL584,28.72540283203125,-88.13607435960034,10363.2,287.6733068120347,220.2901829153844
2025-10-11 12:01:29+00:00,UAL584,28.72613525390625,-88.13866248497595,10363.2,287.8007041084959,220.446907497243
2025-10-11 12:01:30+00:00,UAL584,28.726593017578125,-88.14040550818811,10363.2,287.8007041084959,220.446907497243
2025-10-11 12:01:31+00:00,UAL584,28.72757216631356,-88.14379523782168,10363.2,287.8007041084959,220.446907497243
2025-10-11 12:01:32+00:00,UAL584,28.72833251953125,-88.14658531775842,10363.2,287.8007041084959,220.446907497243
2025-10-11 12:01:34+00:00,UAL584,28.728973388671875,-88.14875089205225,10363.2,287.8007041084959,220.446907497243
2025-10-11 12:01:35+00:00,UAL584,28.730209350585938,-88.15324049729566,10363.2,287.8007041084959,220.446907497243
2025-10-11 12:01:36+00:00,UAL584,28.73085021972656,-88.15540607158954,10363.2,287.6733068120347,220.2901829153844
2025-10-11 12:01:37+00:00,UAL584,28.731491088867188,-88.15778292142426,10363.2,287.6733068120347,220.2901829153844
2025-10-11 12:01:38+00:00,UAL584,28.732041181144066,-88.15968232996323,10363.2,287.6733068120347,220.2901829153844
2025-10-11 12:01:39+00:00,UAL584,28.73236083984375,-88.1607407789964,10363.2,287.6733068120347,220.2901829153844
2025-10-11 12:01:40+00:00,UAL584,28.732972225900426,-88.16291360294116,10363.2,287.6733068120347,220.2901829153844
2025-10-11 12:01:41+00:00,UAL584,28.733530852754235,-88.16506778492646,10363.2,287.6733068120347,220.2901829153844
2025-10-11 12:01:42+00:00,UAL584,28.73441534527277,-88.16808363970591,10363.2,287.6733068120347,220.2901829153844
2025-10-11 12:01:43+00:00,UAL584,28.73492431640625,-88.16998408390924,10363.2,287.6733068120347,220.2901829153844
2025-10-11 12:01:44+00:00,UAL584,28.7355325989804,-88.17212273092832,10363.2,287.6733068120347,220.2901829153844
2025-10-11 12:01:45+00:00,UAL584,28.7362060546875,-88.17447368915265,10363.2,287.7599193261552,220.9367787922647
2025-10-11 12:01:46+00:00,UAL584,28.736801147460938,-88.17663926344653,10363.2,287.8007041084959,220.446907497243
2025-10-11 12:01:47+00:00,UAL584,28.73744201660156,-88.17880483774036,10363.2,287.7599193261552,220.9367787922647
2025-10-11 12:01:50+00:00,UAL584,28.73911712129237,-88.18483240464155,10363.2,287.7599193261552,220.9367787922647
2025-10-11 12:01:51+00:00,UAL584,28.739776611328125,-88.18715022160455,10363.2,287.6327758818915,220.7804019538365
2025-10-11 12:01:52+00:00,UAL584,28.740463256835938,-88.18952707143927,10363.2,287.6327758818915,220.7804019538365
2025-10-11 12:01:53+00:00,UAL584,28.740979210805083,-88.19145651424634,10363.2,287.6327758818915,220.7804019538365
2025-10-11 12:01:54+00:00,UAL584,28.74165344238281,-88.19380540114184,10363.2,287.6327758818915,220.7804019538365
2025-10-11 12:01:55+00:00,UAL584,28.742236121226163,-88.19598029641543,10363.2,287.6327758818915,220.7804019538365
2025-10-11 12:01:56+00:00,UAL584,28.742889404296875,-88.19834782527045,10363.2,287.6327758818915,220.7804019538365
2025-10-11 12:01:57+00:00,UAL584,28.743392944335938,-88.20009084848255,10363.2,287.6327758818915,220.7804019538365
2025-10-11 12:01:58+00:00,UAL584,28.74409821073888,-88.20265826056988,10363.2,287.6327758818915,220.7804019538365
2025-10-11 12:02:00+00:00,UAL584,28.744674682617188,-88.20458045372595,10363.2,287.6327758818915,220.7804019538365
2025-10-11 12:02:02+00:00,UAL584,28.74627685546875,-88.21039053109973,10363.2,287.6327758818915,220.7804019538365
2025-10-11 12:02:03+00:00,UAL584,28.746871948242188,-88.21255610539362,10363.2,287.6327758818915,220.7804019538365
2025-10-11 12:02:04+00:00,UAL584,28.74763618081303,-88.21531407973345,10363.2,287.6327758818915,220.7804019538365
2025-10-11 12:02:05+00:00,UAL584,28.747915494239937,-88.21617575252759,10363.2,287.505452828787,220.6251138378208
2025-10-11 12:02:06+00:00,UAL584,28.74842834472656,-88.21815490722656,10363.2,287.505452828787,220.6251138378208
2025-10-11 12:02:07+00:00,UAL584,28.749405165850103,-88.22156120749082,10363.2,287.505452828787,220.6251138378208
2025-10-11 12:02:08+00:00,UAL584,28.75001034494173,-88.22371538947613,10363.2,287.6327758818915,220.7804019538365
2025-10-11 12:02:09+00:00,UAL584,28.750717163085938,-88.22628901554987,10363.2,287.6327758818915,220.7804019538365
2025-10-11 12:02:10+00:00,UAL584,28.751267255362816,-88.22823917164521,10363.2,287.6327758818915,220.7804019538365
2025-10-11 12:02:11+00:00,UAL584,28.75181579589844,-88.2301976130559,10363.2,287.6327758818915,220.7804019538365
2025-10-11 12:02:12+00:00,UAL584,28.752273559570312,-88.23188781738281,10363.2,287.6327758818915,220.7804019538365
2025-10-11 12:02:13+00:00,UAL584,28.752989688162074,-88.23448629940259,10363.2,287.6327758818915,220.7804019538365
2025-10-11 12:02:14+00:00,UAL584,28.75373452396716,-88.23707131778491,10363.2,287.6327758818915,220.7804019538365
2025-10-11 12:02:15+00:00,UAL584,28.75428771972656,-88.23901836688702,10363.2,287.6327758818915,220.7804019538365
2025-10-11 12:02:16+00:00,UAL584,28.754805225436968,-88.24094884535845,10363.2,287.6327758818915,220.7804019538365
2025-10-11 12:02:17+00:00,UAL584,28.75543212890625,-88.24308542104865,10363.2,287.6327758818915,220.7804019538365
2025-10-11 12:02:18+00:00,UAL584,28.755969031382413,-88.24504179113052,10363.2,287.6327758818915,220.7804019538365
2025-10-11 12:02:19+00:00,UAL584,28.75643455376059,-88.24676513671875,10363.2,287.6327758818915,220.7804019538365
2025-10-11 12:02:21+00:00,UAL584,28.757691464181672,-88.2512889188879,10363.2,287.6327758818915,220.7804019538365
2025-10-11 12:02:22+00:00,UAL584,28.758270263671875,-88.2532266470102,10363.2,287.6327758818915,220.7804019538365
2025-10-11 12:02:23+00:00,UAL584,28.758865356445312,-88.25533940241888,10363.2,287.7599193261552,220.9367787922647
2025-10-11 12:02:24+00:00,UAL584,28.75946044921875,-88.25753604664521,10363.2,287.7599193261552,220.9367787922647
2025-10-11 12:02:25+00:00,UAL584,28.759925971596928,-88.25925939223345,10363.2,287.7599193261552,220.9367787922647
2025-10-11 12:02:26+00:00,UAL584,28.760467529296875,-88.26114947979266,10363.2,287.7599193261552,220.9367787922647
2025-10-11 12:02:27+00:00,UAL584,28.7611083984375,-88.26331505408655,10363.2,287.7599193261552,220.9367787922647
2025-10-11 12:02:28+00:00,UAL584,28.761648404396187,-88.26523724724268,10363.2,287.7599193261552,220.9367787922647
2025-10-11 12:02:30+00:00,UAL584,28.762985229492188,-88.27002305250903,10363.2,287.5924245621816,221.27073098392387
2025-10-11 12:02:33+00:00,UAL584,28.764767404329977,-88.27643899356616,10363.2,287.5924245621816,221.27073098392387
2025-10-11 12:02:34+00:00,UAL584,28.765605344610695,-88.27945484834561,10363.2,287.5924245621816,221.27073098392387
2025-10-11 12:02:35+00:00,UAL584,28.765914916992188,-88.28053401066705,10363.2,287.5924245621816,221.27073098392387
2025-10-11 12:02:37+00:00,UAL584,28.76715087890625,-88.28507643479566,10363.2,287.4653556430149,221.11578722292484
2025-10-11 12:02:39+00:00,UAL584,28.768569946289062,-88.29004141000598,10363.2,287.4653556430149,221.11578722292484
2025-10-11 12:02:40+00:00,UAL584,28.76909676244703,-88.29200295840991,10363.2,287.4653556430149,221.11578722292484
2025-10-11 12:02:41+00:00,UAL584,28.769934702727756,-88.29501881318936,10363.2,287.4653556430149,221.11578722292484
2025-10-11 12:02:43+00:00,UAL584,28.77099609375,-88.29886216383716,10363.2,287.4653556430149,221.11578722292484
2025-10-11 12:02:45+00:00,UAL584,28.77227783203125,-88.30340458796576,10363.2,287.4653556430149,221.11578722292484
2025-10-11 12:02:47+00:00,UAL584,28.773468017578125,-88.30773573655347,10363.2,287.4653556430149,221.11578722292484
2025-10-11 12:02:49+00:00,UAL584,28.77406311035156,-88.30990131084735,10363.2,287.4653556430149,221.11578722292484
2025-10-11 12:02:54+00:00,UAL584,28.777496337890625,-88.32236656775842,10363.2,287.4653556430149,221.11578722292484
2025-10-11 12:02:57+00:00,UAL584,28.779431359242583,-88.32927030675552,10363.2,287.4653556430149,221.11578722292484
2025-10-11 12:02:58+00:00,UAL584,28.77996826171875,-88.33124014047473,10363.2,287.4653556430149,221.11578722292484
2025-10-11 12:02:59+00:00,UAL584,28.780502060712397,-88.33314783432905,10363.2,287.4653556430149,221.11578722292484
2025-10-11 12:03:00+00:00,UAL584,28.78115379204184,-88.3355174345129,10363.2,287.4653556430149,221.11578722292484
2025-10-11 12:03:01+00:00,UAL584,28.78166586665784,-88.33724078010113,10363.2,287.4653556430149,221.11578722292484
2025-10-11 12:03:04+00:00,UAL584,28.783447265625,-88.3437053973858,10363.2,287.5924245621816,221.27073098392387
2025-10-11 12:03:05+00:00,UAL584,28.783993478548727,-88.34564208984375,10363.2,287.5924245621816,221.27073098392387
2025-10-11 12:03:07+00:00,UAL584,28.785250388969807,-88.3501658720129,10363.2,287.6327758818915,220.7804019538365
2025-10-11 12:03:09+00:00,UAL584,28.786422729492188,-88.35426917442908,10363.2,287.6327758818915,220.7804019538365
2025-10-11 12:03:14+00:00,UAL584,28.789352416992188,-88.36483295147235,10363.2,287.6327758818915,220.7804019538365
2025-10-11 12:03:15+00:00,UAL584,28.79009182170286,-88.36739932789521,10363.2,287.6327758818915,220.7804019538365
2025-10-11 12:03:18+00:00,UAL584,28.792007446289062,-88.37428753192609,10363.2,287.505452828787,220.6251138378208
2025-10-11 12:03:19+00:00,UAL584,28.7926025390625,-88.37645310621997,10363.2,287.505452828787,220.6251138378208
2025-10-11 12:03:21+00:00,UAL584,28.793769448490465,-88.38075525620405,10363.2,287.505452828787,220.6251138378208
2025-10-11 12:03:22+00:00,UAL584,28.794342041015625,-88.38268573467548,10363.2,287.505452828787,220.6251138378208
2025-10-11 12:03:27+00:00,UAL584,28.797409057617188,-88.39367206280048,10363.2,287.6327758818915,220.7804019538365
2025-10-11 12:03:28+00:00,UAL584,28.79809880660752,-88.39626536649814,10363.2,287.505452828787,220.6251138378208
2025-10-11 12:03:29+00:00,UAL584,28.798564328985695,-88.39798871208643,10363.2,287.505452828787,220.6251138378208
2025-10-11 12:03:30+00:00,UAL584,28.799240112304688,-88.40032724233771,10363.2,287.505452828787,220.6251138378208
2025-10-11 12:03:34+00:00,UAL584,28.80157470703125,-88.40872544508716,10363.2,287.505452828787,220.6251138378208
2025-10-11 12:03:36+00:00,UAL584,28.80280058262712,-88.41301413143384,10363.2,287.6327758818915,220.7804019538365
2025-10-11 12:03:37+00:00,UAL584,28.803451538085938,-88.41538062462439,10363.2,287.6327758818915,220.7804019538365
2025-10-11 12:03:38+00:00,UAL584,28.804000854492188,-88.41733492337738,10363.2,287.6327758818915,220.7804019538365
2025-10-11 12:03:42+00:00,UAL584,28.80615234375,-88.42504648061896,10363.2,287.6327758818915,220.7804019538365
2025-10-11 12:03:47+00:00,UAL584,28.80922479144597,-88.43601002412686,10363.2,287.6327758818915,220.7804019538365
2025-10-11 12:03:48+00:00,UAL584,28.80976867675781,-88.43798710749701,10363.2,287.6327758818915,220.7804019538365
2025-10-11 12:03:50+00:00,UAL584,28.811459298861227,-88.44398049747241,10363.2,287.6327758818915,220.7804019538365
2025-10-11 12:04:03+00:00,UAL584,28.819140418101163,-88.47123089958639,10363.2,287.6733068120347,220.2901829153844
2025-10-11 12:04:04+00:00,UAL584,28.819839477539062,-88.4738511305589,10363.2,287.6733068120347,220.2901829153844
2025-10-11 12:04:05+00:00,UAL584,28.820480346679688,-88.47596388596753,10363.2,287.8007041084959,220.446907497243
2025-10-11 12:04:06+00:00,UAL584,28.82100250761388,-88.47790886374082,10363.2,287.8007041084959,220.446907497243
2025-10-11 12:04:07+00:00,UAL584,28.82162475585937,-88.48003094012921,10363.2,287.8007041084959,220.446907497243
2025-10-11 12:04:12+00:00,UAL584,28.82454047768803,-88.49034926470591,10363.2,287.8007041084959,220.446907497243
2025-10-11 12:04:13+00:00,UAL584,28.825103759765625,-88.49228492149939,10363.2,287.8007041084959,220.446907497243
2025-10-11 12:04:14+00:00,UAL584,28.825704283633478,-88.49444221047793,10363.2,287.8007041084959,220.446907497243
2025-10-11 12:04:15+00:00,UAL584,28.826339721679688,-88.4967745267428,10363.2,287.8007041084959,220.446907497243
2025-10-11 12:04:16+00:00,UAL584,28.82691464181673,-88.49875057444854,10363.2,287.6733068120347,220.2901829153844
2025-10-11 12:04:17+00:00,UAL584,28.827438354492188,-88.50063030536359,10363.2,287.6733068120347,220.2901829153844
2025-10-11 12:04:18+00:00,UAL584,28.828125,-88.5030071551983,10363.2,287.6733068120347,220.2901829153844
2025-10-11 12:04:19+00:00,UAL584,28.828776731329448,-88.50537468405332,10363.2,287.6733068120347,220.2901829153844
2025-10-11 12:04:20+00:00,UAL584,28.829315185546875,-88.50733830378607,10363.2,287.6733068120347,220.2901829153844
2025-10-11 12:04:21+00:00,UAL584,28.830093383789062,-88.51008488581732,10363.2,287.6733068120347,220.2901829153844
2025-10-11 12:04:23+00:00,UAL584,28.83114624023437,-88.5139934833233,10363.2,287.6733068120347,220.2901829153844
2025-10-11 12:04:24+00:00,UAL584,28.831787109375,-88.51610623873194,10363.2,287.6733068120347,220.2901829153844
2025-10-11 12:04:25+00:00,UAL584,28.832427978515625,-88.51848308856671,10363.2,287.5457287456963,220.1345489875392
2025-10-11 12:04:26+00:00,UAL584,28.83296643273305,-88.52040010340073,10363.2,287.5457287456963,220.1345489875392
2025-10-11 12:04:27+00:00,UAL584,28.8336181640625,-88.52276141826923,10363.2,287.5457287456963,220.1345489875392
2025-10-11 12:04:29+00:00,UAL584,28.83482852224576,-88.52707806755518,10363.2,287.5457287456963,220.1345489875392
2025-10-11 12:04:30+00:00,UAL584,28.83538714909957,-88.52923224954043,10363.2,287.505452828787,220.6251138378208
2025-10-11 12:04:32+00:00,UAL584,28.83604431152344,-88.53158217210034,10363.2,287.505452828787,220.6251138378208
2025-10-11 12:04:33+00:00,UAL584,28.836822509765625,-88.53438157301684,10363.2,287.3779510461371,220.47091674473404
2025-10-11 12:04:34+00:00,UAL584,28.83738889532574,-88.53634105009189,10363.2,287.3779510461371,220.47091674473404
2025-10-11 12:04:35+00:00,UAL584,28.838506149033368,-88.54043399586396,10363.2,287.3779510461371,220.47091674473404
2025-10-11 12:04:37+00:00,UAL584,28.839111328125,-88.54258817784927,10363.2,287.3779510461371,220.47091674473404
2025-10-11 12:04:38+00:00,UAL584,28.840182029594807,-88.54641185087314,10363.2,287.3779510461371,220.47091674473404
2025-10-11 12:04:39+00:00,UAL584,28.840896606445312,-88.54901240422174,10363.2,287.3779510461371,220.47091674473404
2025-10-11 12:04:40+00:00,UAL584,28.841217041015625,-88.55033287635217,10363.2,287.3779510461371,220.47091674473404
2025-10-11 12:04:41+00:00,UAL584,28.84153204449152,-88.55136646943936,10363.2,287.3779510461371,220.47091674473404
2025-10-11 12:04:42+00:00,UAL584,28.842649298199152,-88.55545941521143,10363.2,287.3779510461371,220.47091674473404
2025-10-11 12:04:44+00:00,UAL584,28.84364318847656,-88.5591008112981,10363.2,287.3779510461371,220.47091674473404
2025-10-11 12:04:45+00:00,UAL584,28.84432983398437,-88.56147766113281,10363.2,287.3779510461371,220.47091674473404
2025-10-11 12:04:47+00:00,UAL584,28.845535536943856,-88.56601490693936,10363.2,287.3779510461371,220.47091674473404
2025-10-11 12:04:48+00:00,UAL584,28.846140716035485,-88.56816908892466,10363.2,287.3779510461371,220.47091674473404
2025-10-11 12:04:49+00:00,UAL584,28.846792447364937,-88.57053868910845,10363.2,287.4179707922028,219.98000802859184
2025-10-11 12:04:50+00:00,UAL584,28.84739762645657,-88.57269287109375,10363.2,287.4179707922028,219.98000802859184
2025-10-11 12:04:52+00:00,UAL584,28.84858703613281,-88.57695359450122,10363.2,287.4179707922028,219.98000802859184
2025-10-11 12:04:54+00:00,UAL584,28.849725238347457,-88.58104032628677,10363.2,287.4179707922028,219.98000802859184
2025-10-11 12:04:58+00:00,UAL584,28.852066040039062,-88.58963012695312,10363.2,287.4179707922028,219.98000802859184
2025-10-11 12:05:00+00:00,UAL584,28.853302001953125,-88.59417255108173,10363.2,287.2502714227882,220.3178129653473
2025-10-11 12:05:03+00:00,UAL584,28.854985641220868,-88.60015869140625,10363.2,287.2502714227882,220.3178129653473
2025-10-11 12:05:04+00:00,UAL584,28.85568392478813,-88.60274370978863,10363.2,287.2502714227882,220.3178129653473
2025-10-11 12:05:05+00:00,UAL584,28.856185913085938,-88.60468350923975,10363.2,287.2900338439225,219.8265623436569
2025-10-11 12:05:06+00:00,UAL584,28.85687255859375,-88.60706035907452,10363.2,287.4179707922028,219.98000802859184
2025-10-11 12:05:08+00:00,UAL584,28.857330322265625,-88.60880338228662,10363.2,287.4179707922028,219.98000802859184
2025-10-11 12:05:11+00:00,UAL584,28.859687417240465,-88.61739214728863,10363.2,287.4179707922028,219.98000802859184
2025-10-11 12:05:12+00:00,UAL584,28.860260009765625,-88.6195256159856,10363.2,287.4179707922028,219.98000802859184
2025-10-11 12:05:13+00:00,UAL584,28.860944327661542,-88.62186207490811,10363.2,287.4179707922028,219.98000802859184
2025-10-11 12:05:14+00:00,UAL584,28.861409850039724,-88.62358542049634,10363.2,287.4179707922028,219.98000802859184
2025-10-11 12:05:15+00:00,UAL584,28.861875372417902,-88.62530876608457,10363.2,287.4179707922028,219.98000802859184
2025-10-11 12:05:16+00:00,UAL584,28.862457275390625,-88.627448448768,10363.2,287.4179707922028,219.98000802859184
2025-10-11 12:05:18+00:00,UAL584,28.8636474609375,-88.63177959735577,10363.2,287.4179707922028,219.98000802859184
2025-10-11 12:05:19+00:00,UAL584,28.864288330078125,-88.6341036283053,10363.2,287.4179707922028,219.98000802859184
2025-10-11 12:05:20+00:00,UAL584,28.86488342285156,-88.63626920259912,10363.2,287.4179707922028,219.98000802859184
2025-10-11 12:05:21+00:00,UAL584,28.86541334249205,-88.63823385799634,10363.2,287.4179707922028,219.98000802859184
2025-10-11 12:05:22+00:00,UAL584,28.86592541710805,-88.63990334903491,10363.2,287.4179707922028,219.98000802859184
2025-10-11 12:05:23+00:00,UAL584,28.86648404396186,-88.64205753102021,10363.2,287.4179707922028,219.98000802859184
2025-10-11 12:05:24+00:00,UAL584,28.86704267081568,-88.64399629480698,10363.2,287.4179707922028,219.98000802859184
2025-10-11 12:05:25+00:00,UAL584,28.867904663085938,-88.64720271183893,10363.2,287.4179707922028,219.98000802859184
2025-10-11 12:05:26+00:00,UAL584,28.868179321289062,-88.64810063288763,10363.2,287.4179707922028,219.98000802859184
2025-10-11 12:05:27+00:00,UAL584,28.868865966796875,-88.65063593937799,10363.2,287.4179707922028,219.98000802859184
2025-10-11 12:05:28+00:00,UAL584,28.8694633871822,-88.65282844094668,10363.2,287.4179707922028,219.98000802859184
2025-10-11 12:05:29+00:00,UAL584,28.870101928710938,-88.6551783635066,10363.2,287.4179707922028,219.98000802859184
2025-10-11 12:05:31+00:00,UAL584,28.871278924457098,-88.65945255055146,10363.2,287.4179707922028,219.98000802859184
2025-10-11 12:05:32+00:00,UAL584,28.871884103548727,-88.66160673253677,10363.2,287.4179707922028,219.98000802859184
2025-10-11 12:05:33+00:00,UAL584,28.872349625926905,-88.663330078125,10363.2,287.4179707922028,219.98000802859184
2025-10-11 12:05:34+00:00,UAL584,28.873306274414062,-88.66674569936896,10363.2,287.4179707922028,219.98000802859184
2025-10-11 12:05:35+00:00,UAL584,28.87367248535156,-88.66806617149939,10363.2,287.4179707922028,219.98000802859184
2025-10-11 12:05:37+00:00,UAL584,28.87486267089844,-88.6723445012019,10363.2,287.4179707922028,219.98000802859184
2025-10-11 12:05:38+00:00,UAL584,28.875375521385063,-88.6742625517004,10363.2,287.4179707922028,219.98000802859184
2025-10-11 12:05:39+00:00,UAL584,28.8762600139036,-88.67749382467832,10363.2,287.4179707922028,219.98000802859184
2025-10-11 12:05:40+00:00,UAL584,28.87649277509269,-88.67835549747241,10363.2,287.45816953466243,219.48920711395692
2025-10-11 12:05:41+00:00,UAL584,28.87709795418432,-88.68050967945771,10363.2,287.45816953466243,219.48920711395692
2025-10-11 12:05:42+00:00,UAL584,28.877700805664062,-88.6826441838191,10363.2,287.58618455136843,219.6440933993023
2025-10-11 12:05:46+00:00,UAL584,28.88021695411811,-88.69165757123164,10363.2,287.58618455136843,219.6440933993023
2025-10-11 12:05:49+00:00,UAL584,28.881866455078125,-88.69785602276141,10363.2,286.57095116691386,220.0618019780394
2025-10-11 12:05:55+00:00,UAL584,28.884979248046875,-88.71095510629505,10363.2,284.4244641524053,220.9745083459576
2025-10-11 12:05:56+00:00,UAL584,28.88552390922934,-88.71336095473345,10363.2,283.71327180695255,221.34726546015744
2025-10-11 12:05:57+00:00,UAL584,28.88607788085937,-88.71597290039062,10363.2,283.45425218070346,221.10561337179675
2025-10-11 12:05:58+00:00,UAL584,28.88650150622352,-88.71799244600186,10363.2,283.2938608302983,221.48711168351812
2025-10-11 12:06:00+00:00,UAL584,28.887176513671875,-88.72130760779748,10363.2,283.2938608302983,221.48711168351812
2025-10-11 12:06:03+00:00,UAL584,28.888961791992188,-88.72965299166162,10363.2,283.58383272762046,221.22587426197416
2025-10-11 12:06:04+00:00,UAL584,28.889387744968214,-88.73161764705884,10363.2,283.58383272762046,221.22587426197416
2025-10-11 12:06:05+00:00,UAL584,28.88957395391949,-88.73247931985293,10363.2,283.58383272762046,221.22587426197416
2025-10-11 12:06:06+00:00,UAL584,28.890289306640625,-88.73577998234674,10363.2,283.71327180695255,221.34726546015744
2025-10-11 12:06:07+00:00,UAL584,28.890792846679688,-88.73820965106671,10363.2,283.71327180695255,221.34726546015744
2025-10-11 12:06:09+00:00,UAL584,28.891433715820312,-88.74132596529444,10363.2,283.71327180695255,221.34726546015744
2025-10-11 12:06:10+00:00,UAL584,28.892166137695312,-88.74460073617786,10363.2,283.71327180695255,221.34726546015744
2025-10-11 12:06:11+00:00,UAL584,28.89259984937765,-88.74658921185664,10363.2,283.7449115065697,220.84751975369988
2025-10-11 12:06:12+00:00,UAL584,28.89312744140625,-88.74898470365082,10363.2,283.7449115065697,220.84751975369988
2025-10-11 12:06:13+00:00,UAL584,28.893630981445312,-88.75141437237079,10363.2,283.7449115065697,220.84751975369988
2025-10-11 12:06:14+00:00,UAL584,28.894088745117188,-88.75363276554987,10363.2,283.7449115065697,220.84751975369988
2025-10-11 12:06:15+00:00,UAL584,28.894555043365997,-88.75558292164521,10363.2,283.7449115065697,220.84751975369988
2025-10-11 12:06:16+00:00,UAL584,28.89502056574417,-88.75779095818018,10363.2,283.7449115065697,220.84751975369988
2025-10-11 12:06:17+00:00,UAL584,28.89553264036017,-88.76021441291363,10363.2,283.8744828036622,220.97031649145487
2025-10-11 12:06:18+00:00,UAL584,28.895998162738348,-88.76236859489893,10363.2,283.8744828036622,220.97031649145487
2025-10-11 12:06:19+00:00,UAL584,28.896240234375,-88.76350989708533,10363.2,283.8744828036622,220.97031649145487
2025-10-11 12:06:20+00:00,UAL584,28.89692687988281,-88.76657339242786,10363.2,283.8744828036622,220.97031649145487
2025-10-11 12:06:21+00:00,UAL584,28.89748783434852,-88.7692081227022,10363.2,283.8744828036622,220.97031649145487
2025-10-11 12:06:22+00:00,UAL584,28.897933959960938,-88.77116863544171,10363.2,283.8744828036622,220.97031649145487
2025-10-11 12:06:23+00:00,UAL584,28.898325774629235,-88.7731395048254,10363.2,283.8744828036622,220.97031649145487
2025-10-11 12:06:24+00:00,UAL584,28.89888440148305,-88.77556295955884,10363.2,283.8744828036622,220.97031649145487
2025-10-11 12:06:25+00:00,UAL584,28.89930725097656,-88.77750690166766,10363.2,283.8744828036622,220.97031649145487
2025-10-11 12:06:26+00:00,UAL584,28.89972234176377,-88.77949434168198,10363.2,283.8744828036622,220.97031649145487
2025-10-11 12:06:27+00:00,UAL584,28.900187864141948,-88.78170237821689,10363.2,283.8744828036622,220.97031649145487
2025-10-11 12:06:28+00:00,UAL584,28.900680541992188,-88.78389798677881,10363.2,283.8744828036622,220.97031649145487
2025-10-11 12:06:29+00:00,UAL584,28.90132141113281,-88.7869614821214,10363.2,283.8744828036622,220.97031649145487
2025-10-11 12:06:31+00:00,UAL584,28.90228271484375,-88.79134234260113,10363.2,283.7449115065697,220.84751975369988
2025-10-11 12:06:32+00:00,UAL584,28.902511596679688,-88.7924546461839,10363.2,283.7449115065697,220.84751975369988
2025-10-11 12:06:33+00:00,UAL584,28.90301513671875,-88.79467303936298,10363.2,283.7449115065697,220.84751975369988
2025-10-11 12:06:34+00:00,UAL584,28.9037258342161,-88.79796645220591,10363.2,283.7449115065697,220.84751975369988
2025-10-11 12:06:35+00:00,UAL584,28.903976440429688,-88.79926828237677,10363.2,283.7449115065697,220.84751975369988
2025-10-11 12:06:36+00:00,UAL584,28.904517222259003,-88.80168241613052,10363.2,283.7449115065697,220.84751975369988
2025-10-11 12:06:37+00:00,UAL584,28.904937744140625,-88.80365224984973,10363.2,283.7449115065697,220.84751975369988
2025-10-11 12:06:38+00:00,UAL584,28.90540171477754,-88.8058292164522,10363.2,283.7449115065697,220.84751975369988
2025-10-11 12:06:39+00:00,UAL584,28.90619310282044,-88.80938361672793,10363.2,283.7449115065697,220.84751975369988
2025-10-11 12:06:40+00:00,UAL584,28.906402587890625,-88.81046588604266,10363.2,283.7449115065697,220.84751975369988
2025-10-11 12:06:41+00:00,UAL584,28.90693793862553,-88.81288416245405,10363.2,283.7449115065697,220.84751975369988
2025-10-11 12:06:42+00:00,UAL584,28.90718078613281,-88.81395193246692,10363.2,283.7449115065697,220.84751975369988
2025-10-11 12:06:43+00:00,UAL584,28.907822431144066,-88.81703096277573,10363.2,283.7449115065697,220.84751975369988
2025-10-11 12:06:44+00:00,UAL584,28.908233642578125,-88.8190225454477,10363.2,283.7449115065697,220.84751975369988
2025-10-11 12:06:45+00:00,UAL584,28.908966064453125,-88.82229731633112,10363.2,283.61519670379914,220.7258537137103
2025-10-11 12:06:46+00:00,UAL584,28.909423828125,-88.8245157095102,10363.2,283.61519670379914,220.7258537137103
2025-10-11 12:06:47+00:00,UAL584,28.909881591796875,-88.82673410268927,10363.2,283.61519670379914,220.7258537137103
2025-10-11 12:06:48+00:00,UAL584,28.910103490797137,-88.8278018727022,10363.2,283.61519670379914,220.7258537137103
2025-10-11 12:06:49+00:00,UAL584,28.91066211765095,-88.83022532743564,10363.2,283.61519670379914,220.7258537137103
2025-10-11 12:06:50+00:00,UAL584,28.9112548828125,-88.83307236891528,10363.2,283.61519670379914,220.7258537137103
2025-10-11 12:06:51+00:00,UAL584,28.911529541015625,-88.83439284104566,10363.2,283.61519670379914,220.7258537137103
2025-10-11 12:06:52+00:00,UAL584,28.912058684785485,-88.83679558249082,10363.2,283.61519670379914,220.7258537137103
2025-10-11 12:06:53+00:00,UAL584,28.91249084472656,-88.8390409029447,10363.2,283.61519670379914,220.7258537137103
2025-10-11 12:06:54+00:00,UAL584,28.912994384765625,-88.84120647723859,10363.2,283.61519670379914,220.7258537137103
2025-10-11 12:06:55+00:00,UAL584,28.913594908633478,-88.84406594669116,10363.2,283.61519670379914,220.7258537137103
2025-10-11 12:06:56+00:00,UAL584,28.914106983249468,-88.84648940142466,10363.2,283.61519670379914,220.7258537137103
2025-10-11 12:06:57+00:00,UAL584,28.914321899414062,-88.84759756234973,10363.2,283.61519670379914,220.7258537137103
2025-10-11 12:06:58+00:00,UAL584,28.915008544921875,-88.85066105769232,10363.2,283.61519670379914,220.7258537137103
2025-10-11 12:06:59+00:00,UAL584,28.915512084960938,-88.85309072641223,10363.2,283.61519670379914,220.7258537137103
2025-10-11 12:07:00+00:00,UAL584,28.91573631157309,-88.85419060202207,10363.2,283.58383272762046,221.22587426197416
2025-10-11 12:07:01+00:00,UAL584,28.916244506835938,-88.85657677283655,10363.2,283.61519670379914,220.7258537137103
2025-10-11 12:07:02+00:00,UAL584,28.91685356528072,-88.85946834788604,10363.2,283.58383272762046,221.22587426197416
2025-10-11 12:07:03+00:00,UAL584,28.91734313964844,-88.86164738581732,10363.2,283.58383272762046,221.22587426197416
2025-10-11 12:07:04+00:00,UAL584,28.91773805779926,-88.86361514820771,10363.2,283.45425218070346,221.10561337179675
2025-10-11 12:07:05+00:00,UAL584,28.918017371226163,-88.86496151194854,10363.2,283.45425218070346,221.10561337179675
2025-10-11 12:07:06+00:00,UAL584,28.918441772460938,-88.86692927433893,10363.2,283.45425218070346,221.10561337179675
2025-10-11 12:07:07+00:00,UAL584,28.91918117717161,-88.87045467601104,10363.2,283.45425218070346,221.10561337179675
2025-10-11 12:07:08+00:00,UAL584,28.919553595074152,-88.87223187614893,10363.2,283.45425218070346,221.10561337179675
2025-10-11 12:07:10+00:00,UAL584,28.92050170898437,-88.87664794921875,10363.2,283.45425218070346,221.10561337179675
2025-10-11 12:07:11+00:00,UAL584,28.920903609970868,-88.87858671300552,10363.2,283.45425218070346,221.10561337179675
2025-10-11 12:07:12+00:00,UAL584,28.92132568359375,-88.88060936560998,10363.2,283.45425218070346,221.10561337179675
2025-10-11 12:07:13+00:00,UAL584,28.92201232910156,-88.8838841364934,10363.2,283.45425218070346,221.10561337179675
2025-10-11 12:07:14+00:00,UAL584,28.92247009277344,-88.88610252967248,10363.2,283.45425218070346,221.10561337179675
2025-10-11 12:07:15+00:00,UAL584,28.922927856445312,-88.88826810396631,10363.2,283.45425218070346,221.10561337179675
2025-10-11 12:07:17+00:00,UAL584,28.923797607421875,-88.89249361478363,10363.2,283.45425218070346,221.10561337179675
2025-10-11 12:07:18+00:00,UAL584,28.924301147460938,-88.89465918907752,10363.2,283.45425218070346,221.10561337179675
2025-10-11 12:07:19+00:00,UAL584,28.924575805664062,-88.89597966120795,10363.2,283.45425218070346,221.10561337179675
2025-10-11 12:07:20+00:00,UAL584,28.925262451171875,-88.89930725097656,10363.2,283.45425218070346,221.10561337179675
2025-10-11 12:07:21+00:00,UAL584,28.92546572927701,-88.90039780560664,10363.2,283.45425218070346,221.10561337179675
2025-10-11 12:07:22+00:00,UAL584,28.926024356130824,-88.90303667853863,10363.2,283.45425218070346,221.10561337179675
2025-10-11 12:07:23+00:00,UAL584,28.926489878509003,-88.90524471507354,10363.2,283.45425218070346,221.10561337179675
2025-10-11 12:07:24+00:00,UAL584,28.92695617675781,-88.90744135929987,10363.2,283.45425218070346,221.10561337179675
2025-10-11 12:07:25+00:00,UAL584,28.927413940429688,-88.90965975247894,10363.2,283.45425218070346,221.10561337179675
2025-10-11 12:07:26+00:00,UAL584,28.92783989340572,-88.91165340647979,10363.2,283.45425218070346,221.10561337179675
2025-10-11 12:07:27+00:00,UAL584,28.928119206832623,-88.91294591567095,10363.2,283.3245312618908,220.9864846349668
2025-10-11 12:07:28+00:00,UAL584,28.9288330078125,-88.91647338867188,10363.2,283.3245312618908,220.9864846349668
2025-10-11 12:07:29+00:00,UAL584,28.92933654785156,-88.91869178185095,10363.2,283.45425218070346,221.10561337179675
2025-10-11 12:07:30+00:00,UAL584,28.929562326204977,-88.91978544347427,10363.2,283.45425218070346,221.10561337179675
2025-10-11 12:07:31+00:00,UAL584,28.9302978515625,-88.92333984375,10363.2,283.3245312618908,220.9864846349668
2025-10-11 12:07:32+00:00,UAL584,28.93075561523437,-88.92550541804388,10363.2,283.2938608302983,221.48711168351812
2025-10-11 12:07:33+00:00,UAL584,28.93121337890625,-88.92772381122296,10363.2,283.3245312618908,220.9864846349668
2025-10-11 12:07:34+00:00,UAL584,28.931716918945312,-88.93015347994287,10363.2,283.2938608302983,221.48711168351812
2025-10-11 12:07:35+00:00,UAL584,28.93212269928496,-88.93211813534009,10363.2,283.2938608302983,221.48711168351812
2025-10-11 12:07:36+00:00,UAL584,28.932540893554688,-88.93411489633411,10363.2,283.2938608302983,221.48711168351812
2025-10-11 12:07:37+00:00,UAL584,28.93296063956568,-88.9361033720129,10363.2,283.2938608302983,221.48711168351812
2025-10-11 12:07:38+00:00,UAL584,28.933472714181672,-88.93852682674634,10363.2,283.2938608302983,221.48711168351812
2025-10-11 12:07:39+00:00,UAL584,28.933868408203125,-88.94050598144531,10363.2,283.2938608302983,221.48711168351812
2025-10-11 12:07:40+00:00,UAL584,28.93435720670021,-88.94294289981616,10363.2,283.2938608302983,221.48711168351812
2025-10-11 12:07:41+00:00,UAL584,28.934822729078387,-88.94515093635113,10363.2,283.2938608302983,221.48711168351812
2025-10-11 12:07:42+00:00,UAL584,28.935334803694385,-88.94757439108457,10363.2,283.42330524595,221.60597129839556
2025-10-11 12:07:44+00:00,UAL584,28.936172743975103,-88.95155962775738,10363.2,283.42330524595,221.60597129839556
2025-10-11 12:07:45+00:00,UAL584,28.9366848185911,-88.95398308249082,10363.2,283.42330524595,221.60597129839556
2025-10-11 12:07:46+00:00,UAL584,28.93715034096928,-88.95613726447613,10363.2,283.42330524595,221.60597129839556
2025-10-11 12:07:47+00:00,UAL584,28.937615863347457,-88.95834530101104,10363.2,283.42330524595,221.60597129839556
2025-10-11 12:07:54+00:00,UAL584,28.940827967756885,-88.97380155675552,10363.2,283.42330524595,221.60597129839556
2025-10-11 12:08:02+00:00,UAL584,28.94439697265625,-88.99078956017127,10363.2,283.42330524595,221.60597129839556
2025-10-11 12:08:03+00:00,UAL584,28.94497111692267,-88.99345846737134,10363.2,283.42330524595,221.60597129839556
2025-10-11 12:08:11+00:00,UAL584,28.948562622070312,-89.01043818547174,10363.2,283.42330524595,221.60597129839556
2025-10-11 12:08:12+00:00,UAL584,28.948974609375,-89.01241526884189,10363.2,283.42330524595,221.60597129839556
2025-10-11 12:08:25+00:00,UAL584,28.955212609242583,-89.04149672564338,10363.2,283.6817746638094,221.8470783609201
2025-10-11 12:08:26+00:00,UAL584,28.955612182617188,-89.04350280761719,10363.2,283.6817746638094,221.8470783609201
2025-10-11 12:08:27+00:00,UAL584,28.956050549523304,-89.04548196231616,10363.2,283.6817746638094,221.8470783609201
2025-10-11 12:08:39+00:00,UAL584,28.961776474774894,-89.07262465533088,10363.2,283.55261022038786,221.72596080198105
2025-10-11 12:08:40+00:00,UAL584,28.96224975585937,-89.07487722543567,10363.2,283.3924977537511,222.1063935841344
2025-10-11 12:08:41+00:00,UAL584,28.96270751953125,-89.07704279972955,10363.2,283.3924977537511,222.1063935841344
2025-10-11 12:08:42+00:00,UAL584,28.963165283203125,-89.07926119290863,10363.2,283.3924977537511,222.1063935841344
2025-10-11 12:08:46+00:00,UAL584,28.965035131422137,-89.088134765625,10363.2,283.3924977537511,222.1063935841344
2025-10-11 12:08:47+00:00,UAL584,28.96554720603813,-89.09055822035845,10363.2,283.3924977537511,222.1063935841344
2025-10-11 12:08:48+00:00,UAL584,28.96577453613281,-89.09167363093451,10363.2,283.3924977537511,222.1063935841344
2025-10-11 12:08:53+00:00,UAL584,28.968017578125,-89.10250150240381,10363.2,283.3924977537511,222.1063935841344
2025-10-11 12:08:54+00:00,UAL584,28.968712758209744,-89.10579905790439,10363.2,283.3924977537511,222.1063935841344
2025-10-11 12:08:55+00:00,UAL584,28.96922483282574,-89.1082225126379,10363.2,283.3924977537511,222.1063935841344
2025-10-11 12:08:56+00:00,UAL584,28.96950414625265,-89.10956887637866,10363.2,283.3924977537511,222.1063935841344
2025-10-11 12:08:59+00:00,UAL584,28.971273131289724,-89.1177547679228,10363.2,283.55261022038786,221.72596080198105
2025-10-11 12:09:02+00:00,UAL584,28.97262314618644,-89.12416345932905,10363.2,283.6817746638094,221.8470783609201
2025-10-11 12:09:07+00:00,UAL584,28.975043862552965,-89.1354190602022,10363.2,283.81079749449293,221.96932212864263
2025-10-11 12:09:08+00:00,UAL584,28.97529602050781,-89.13651686448316,10363.2,283.81079749449293,221.96932212864263
2025-10-11 12:09:09+00:00,UAL584,28.975982666015625,-89.13984445425177,10363.2,283.81079749449293,221.96932212864263
2025-10-11 12:09:10+00:00,UAL584,28.97616577148437,-89.14068955641528,10363.2,283.6817746638094,221.8470783609201
2025-10-11 12:09:15+00:00,UAL584,28.978683471679688,-89.15241534893329,10363.2,283.6817746638094,221.8470783609201
2025-10-11 12:09:16+00:00,UAL584,28.979278564453125,-89.15526756873498,10363.2,283.6817746638094,221.8470783609201
2025-10-11 12:09:17+00:00,UAL584,28.979507446289062,-89.15616548978363,10363.2,283.6817746638094,221.8470783609201
2025-10-11 12:09:23+00:00,UAL584,28.982254028320312,-89.16921175443207,10363.2,283.55261022038786,221.72596080198105
2025-10-11 12:09:24+00:00,UAL584,28.98262023925781,-89.17095477764423,10363.2,283.55261022038786,221.72596080198105
2025-10-11 12:09:34+00:00,UAL584,28.987706071239405,-89.19482062844668,10363.2,283.55261022038786,221.72596080198105
2025-10-11 12:09:35+00:00,UAL584,28.98793029785156,-89.19593811035156,10363.2,283.5215282455185,222.2261128882174
2025-10-11 12:09:36+00:00,UAL584,28.988357802568856,-89.1979441923254,10363.2,283.5215282455185,222.2261128882174
2025-10-11 12:09:37+00:00,UAL584,28.98907470703125,-89.20148409329926,10363.2,283.5215282455185,222.2261128882174
2025-10-11 12:09:38+00:00,UAL584,28.9895216085143,-89.2034373563879,10363.2,283.3924977537511,222.1063935841344
2025-10-11 12:09:39+00:00,UAL584,28.98970781746557,-89.20435288373164,10363.2,283.3924977537511,222.1063935841344
2025-10-11 12:09:43+00:00,UAL584,28.991683959960938,-89.21384371243988,10363.2,283.3924977537511,222.1063935841344
2025-10-11 12:09:44+00:00,UAL584,28.99214172363281,-89.21606210561896,10363.2,283.3924977537511,222.1063935841344
2025-10-11 12:09:48+00:00,UAL584,28.994064331054688,-89.22514695387622,10363.2,283.2633287434063,221.9878019120698
2025-10-11 12:09:49+00:00,UAL584,28.99452209472656,-89.2273653470553,10363.2,283.2633287434063,221.9878019120698
2025-10-11 12:09:50+00:00,UAL584,28.994921668101163,-89.22934139476104,10363.2,283.2633287434063,221.9878019120698
2025-10-11 12:09:56+00:00,UAL584,28.99776135460805,-89.24307430491729,10363.2,283.2633287434063,221.9878019120698
2025-10-11 12:09:57+00:00,UAL584,28.998275756835938,-89.2455350435697,10363.2,283.13402230639633,221.8703396802117
2025-10-11 12:09:58+00:00,UAL584,28.99864196777344,-89.2474893423227,10363.2,283.13402230639633,221.8703396802117
2025-10-11 12:09:59+00:00,UAL584,28.999099731445312,-89.24970773550177,10363.2,283.13402230639633,221.8703396802117
2025-10-11 12:10:00+00:00,UAL584,28.999557495117188,-89.2519261286809,10363.2,283.2633287434063,221.9878019120698
2025-10-11 12:10:01+00:00,UAL584,29.00006103515625,-89.25435579740082,10363.2,283.13402230639633,221.8703396802117
2025-10-11 12:10:02+00:00,UAL584,29.0005079366393,-89.25637637867646,10363.2,283.13402230639633,221.8703396802117
2025-10-11 12:10:03+00:00,UAL584,29.000885009765625,-89.25837003267725,10363.2,283.13402230639633,221.8703396802117
2025-10-11 12:10:04+00:00,UAL584,29.00143898139565,-89.26100786994488,10363.2,283.13402230639633,221.8703396802117
2025-10-11 12:10:05+00:00,UAL584,29.00166320800781,-89.26212017352765,10363.2,283.13402230639633,221.8703396802117
2025-10-11 12:10:06+00:00,UAL584,29.00237002615201,-89.26547779756436,10363.2,283.13402230639633,221.8703396802117
2025-10-11 12:10:07+00:00,UAL584,29.00283554853019,-89.2679012522978,10363.2,283.13402230639633,221.8703396802117
2025-10-11 12:10:08+00:00,UAL584,29.003301070908368,-89.27010928883271,10363.2,283.13402230639633,221.8703396802117
2025-10-11 12:10:09+00:00,UAL584,29.00372314453125,-89.2721029428335,10363.2,283.13402230639633,221.8703396802117
2025-10-11 12:10:10+00:00,UAL584,29.004180908203125,-89.27432133601263,10363.2,283.13402230639633,221.8703396802117
2025-10-11 12:10:11+00:00,UAL584,29.004364013671875,-89.27521925706128,10363.2,283.13402230639633,221.8703396802117
2025-10-11 12:10:12+00:00,UAL584,29.00507005594544,-89.27872601677393,10363.2,283.13402230639633,221.8703396802117
2025-10-11 12:10:13+00:00,UAL584,29.005599975585938,-89.28118779109076,10363.2,283.13402230639633,221.8703396802117
2025-10-11 12:10:14+00:00,UAL584,29.006011962890625,-89.28319490872894,10363.2,283.13402230639633,221.8703396802117
2025-10-11 12:10:15+00:00,UAL584,29.0064697265625,-89.28541330190802,10363.2,283.13402230639633,221.8703396802117
2025-10-11 12:10:16+00:00,UAL584,29.006881713867188,-89.28763169508716,10363.2,283.13402230639633,221.8703396802117
2025-10-11 12:10:17+00:00,UAL584,29.007339477539062,-89.28979726938098,10363.2,283.2633287434063,221.9878019120698
2025-10-11 12:10:25+00:00,UAL584,29.01112184686176,-89.30796903722427,10363.2,283.3924977537511,222.1063935841344
2025-10-11 12:10:26+00:00,UAL584,29.01136779785156,-89.30907616248498,10363.2,283.3924977537511,222.1063935841344
2025-10-11 12:10:27+00:00,UAL584,29.011642456054688,-89.31039663461536,10363.2,283.2633287434063,221.9878019120698
2025-10-11 12:10:28+00:00,UAL584,29.01233220504502,-89.31373147403491,10363.2,283.2633287434063,221.9878019120698
2025-10-11 12:10:29+00:00,UAL584,29.01278686523437,-89.31594261756311,10363.2,283.2633287434063,221.9878019120698
2025-10-11 12:10:30+00:00,UAL584,29.013496010990465,-89.31927849264707,10363.2,283.2633287434063,221.9878019120698
2025-10-11 12:10:33+00:00,UAL584,29.014389038085938,-89.32370699368988,10363.2,283.2633287434063,221.9878019120698
2025-10-11 12:10:34+00:00,UAL584,29.014892578125,-89.3261180204504,10363.2,283.2633287434063,221.9878019120698
2025-10-11 12:10:35+00:00,UAL584,29.015544309454448,-89.32918772977939,10363.2,283.3924977537511,222.1063935841344
2025-10-11 12:10:36+00:00,UAL584,29.01582362288136,-89.33053409352021,10363.2,283.3924977537511,222.1063935841344
2025-10-11 12:10:37+00:00,UAL584,29.016265869140625,-89.33273902306189,10363.2,283.3924977537511,222.1063935841344
2025-10-11 12:10:40+00:00,UAL584,29.01796502582097,-89.34071260340073,10363.2,283.3924977537511,222.1063935841344
2025-10-11 12:10:41+00:00,UAL584,29.018463134765625,-89.34314434344952,10363.2,283.3924977537511,222.1063935841344
2025-10-11 12:10:42+00:00,UAL584,29.018709861626057,-89.34426700367646,10363.2,283.3924977537511,222.1063935841344
2025-10-11 12:10:43+00:00,UAL584,29.019408145193324,-89.34755213120405,10363.2,283.3924977537511,222.1063935841344
2025-10-11 12:10:44+00:00,UAL584,29.019607543945312,-89.34869032639722,10363.2,283.3924977537511,222.1063935841344
2025-10-11 12:10:45+00:00,UAL584,29.02033918994968,-89.35196820427393,10363.2,283.3924977537511,222.1063935841344
2025-10-11 12:10:46+00:00,UAL584,29.020711607852224,-89.35374540441177,10363.2,283.3924977537511,222.1063935841344
2025-10-11 12:10:48+00:00,UAL584,29.0216892048464,-89.35837689568018,10363.2,283.55261022038786,221.72596080198105
2025-10-11 12:10:49+00:00,UAL584,29.021896362304688,-89.35951819786658,10363.2,283.55261022038786,221.72596080198105
2025-10-11 12:10:50+00:00,UAL584,29.02266680184057,-89.36306224149814,10363.2,283.5215282455185,222.2261128882174
2025-10-11 12:10:51+00:00,UAL584,29.02285301079184,-89.36392391429229,10363.2,283.55261022038786,221.72596080198105
2025-10-11 12:10:52+00:00,UAL584,29.02331853317002,-89.3661319508272,10363.2,283.55261022038786,221.72596080198105
2025-10-11 12:10:53+00:00,UAL584,29.024002075195312,-89.36944814828723,10363.2,283.55261022038786,221.72596080198105
2025-10-11 12:10:54+00:00,UAL584,29.02450561523437,-89.3718778170072,10363.2,283.5215282455185,222.2261128882174
2025-10-11 12:10:55+00:00,UAL584,29.02476165254237,-89.37302533318018,10363.2,283.5215282455185,222.2261128882174
2025-10-11 12:10:57+00:00,UAL584,29.025924682617188,-89.37853299654444,10363.2,283.5215282455185,222.2261128882174
2025-10-11 12:10:58+00:00,UAL584,29.026107788085938,-89.37943091759314,10363.2,283.5215282455185,222.2261128882174
2025-10-11 12:10:59+00:00,UAL584,29.02685650324417,-89.3829345703125,10363.2,283.5215282455185,222.2261128882174
2025-10-11 12:11:00+00:00,UAL584,29.02732202562235,-89.38514260684741,10363.2,283.5215282455185,222.2261128882174
2025-10-11 12:11:01+00:00,UAL584,29.027755737304688,-89.38714247483472,10363.2,283.5215282455185,222.2261128882174
2025-10-11 12:11:02+00:00,UAL584,29.0279737569518,-89.38826617072613,10363.2,283.5215282455185,222.2261128882174
2025-10-11 12:11:03+00:00,UAL584,29.028672040519066,-89.39155129825366,10363.2,283.5215282455185,222.2261128882174
2025-10-11 12:11:04+00:00,UAL584,29.02885824947034,-89.39246682559741,10363.2,283.6817746638094,221.8470783609201
2025-10-11 12:11:05+00:00,UAL584,29.029556533037606,-89.395751953125,10363.2,283.6817746638094,221.8470783609201
2025-10-11 12:11:06+00:00,UAL584,29.0300686076536,-89.39795998965991,10363.2,283.6817746638094,221.8470783609201
2025-10-11 12:11:07+00:00,UAL584,29.03072033898305,-89.40108355353863,10363.2,283.6817746638094,221.8470783609201
2025-10-11 12:11:08+00:00,UAL584,29.03090654793432,-89.40194522633271,10363.2,283.6817746638094,221.8470783609201
2025-10-11 12:11:10+00:00,UAL584,29.032012939453125,-89.40726647010217,10363.2,283.6817746638094,221.8470783609201
2025-10-11 12:11:11+00:00,UAL584,29.032516479492188,-89.40948486328125,10363.2,283.6817746638094,221.8470783609201
2025-10-11 12:11:12+00:00,UAL584,29.03302001953125,-89.41191453200122,10363.2,283.6817746638094,221.8470783609201
2025-10-11 12:11:13+00:00,UAL584,29.033477783203125,-89.4141329251803,10363.2,283.6817746638094,221.8470783609201
2025-10-11 12:11:14+00:00,UAL584,29.033981323242188,-89.41635131835938,10363.2,283.6817746638094,221.8470783609201
2025-10-11 12:11:15+00:00,UAL584,29.034439086914062,-89.41851689265326,10363.2,283.6817746638094,221.8470783609201
2025-10-11 12:11:16+00:00,UAL584,29.03485107421875,-89.42052401029144,10363.2,283.6817746638094,221.8470783609201
2025-10-11 12:11:17+00:00,UAL584,29.03537556276483,-89.42294850068936,10363.2,283.6817746638094,221.8470783609201
2025-10-11 12:11:18+00:00,UAL584,29.03584108514301,-89.42515653722427,10363.2,283.6817746638094,221.8470783609201
2025-10-11 12:11:19+00:00,UAL584,29.03627014160156,-89.42717918982873,10363.2,283.6817746638094,221.8470783609201
2025-10-11 12:11:20+00:00,UAL584,29.03658592094809,-89.42849551930146,10363.2,283.6817746638094,221.8470783609201
2025-10-11 12:11:21+00:00,UAL584,29.03705144332627,-89.43070355583643,10363.2,283.6817746638094,221.8470783609201
2025-10-11 12:11:22+00:00,UAL584,29.037277221679688,-89.43177443284253,10363.2,283.6817746638094,221.8470783609201
2025-10-11 12:11:23+00:00,UAL584,29.03802904032044,-89.43533504710479,10363.2,283.6817746638094,221.8470783609201
2025-10-11 12:11:24+00:00,UAL584,29.038742065429688,-89.43864088792066,10363.2,283.6817746638094,221.8470783609201
2025-10-11 12:11:25+00:00,UAL584,29.03892517089844,-89.43953880896936,10363.2,283.6817746638094,221.8470783609201
2025-10-11 12:11:26+00:00,UAL584,29.0394721596928,-89.44195915670957,10363.2,283.6817746638094,221.8470783609201
2025-10-11 12:11:27+00:00,UAL584,29.03993225097656,-89.4441868708684,10363.2,283.6817746638094,221.8470783609201
2025-10-11 12:11:28+00:00,UAL584,29.04039001464844,-89.44640526404748,10363.2,283.6817746638094,221.8470783609201
2025-10-11 12:11:29+00:00,UAL584,29.040847778320312,-89.44857083834131,10363.2,283.55261022038786,221.72596080198105
2025-10-11 12:11:30+00:00,UAL584,29.041380801443324,-89.4510067210478,10363.2,283.5215282455185,222.2261128882174
2025-10-11 12:11:31+00:00,UAL584,29.04189287605932,-89.45348403033091,10363.2,283.5215282455185,222.2261128882174
2025-10-11 12:11:32+00:00,UAL584,29.0423583984375,-89.45569206686582,10363.2,283.5215282455185,222.2261128882174
2025-10-11 12:11:33+00:00,UAL584,29.042770385742188,-89.45765568659857,10363.2,283.5215282455185,222.2261128882174
2025-10-11 12:11:34+00:00,UAL584,29.043429099907307,-89.46075439453125,10363.2,283.5215282455185,222.2261128882174
2025-10-11 12:11:35+00:00,UAL584,29.043685913085938,-89.46188119741583,10363.2,283.5215282455185,222.2261128882174
2025-10-11 12:11:36+00:00,UAL584,29.044360144663663,-89.46517046760113,10363.2,283.5215282455185,222.2261128882174
2025-10-11 12:11:37+00:00,UAL584,29.04478454589844,-89.4671630859375,10363.2,283.5215282455185,222.2261128882174
2025-10-11 12:11:38+00:00,UAL584,29.045196533203125,-89.46917020357569,10363.2,283.5215282455185,222.2261128882174
2025-10-11 12:11:39+00:00,UAL584,29.045617055084744,-89.4711483226103,10363.2,283.5215282455185,222.2261128882174
2025-10-11 12:11:40+00:00,UAL584,29.04608257746292,-89.47341021369488,10363.2,283.5215282455185,222.2261128882174
2025-10-11 12:11:41+00:00,UAL584,29.0465480998411,-89.47561825022979,10363.2,283.5215282455185,222.2261128882174
2025-10-11 12:11:42+00:00,UAL584,29.04696706998146,-89.47761086856616,10363.2,283.5215282455185,222.2261128882174
2025-10-11 12:11:43+00:00,UAL584,29.047393798828125,-89.47957552396332,10363.2,283.5215282455185,222.2261128882174
2025-10-11 12:11:44+00:00,UAL584,29.047898114737816,-89.48202694163604,10363.2,283.3924977537511,222.1063935841344
2025-10-11 12:11:45+00:00,UAL584,29.048492431640625,-89.48491023137018,10363.2,283.3924977537511,222.1063935841344
2025-10-11 12:11:46+00:00,UAL584,29.049041748046875,-89.48733990009015,10363.2,283.3924977537511,222.1063935841344
2025-10-11 12:11:47+00:00,UAL584,29.04931640625,-89.48866037222052,10363.2,283.3924977537511,222.1063935841344
2025-10-11 12:11:48+00:00,UAL584,29.049774169921875,-89.49087876539966,10363.2,283.3924977537511,222.1063935841344
2025-10-11 12:11:49+00:00,UAL584,29.050225726628707,-89.4931209788603,10363.2,283.3924977537511,222.1063935841344
2025-10-11 12:11:50+00:00,UAL584,29.050691249006885,-89.49532901539521,10363.2,283.3924977537511,222.1063935841344
2025-10-11 12:11:51+00:00,UAL584,29.051156771385063,-89.49753705193018,10363.2,283.3924977537511,222.1063935841344
2025-10-11 12:11:52+00:00,UAL584,29.05162229376324,-89.49974508846509,10363.2,283.3924977537511,222.1063935841344
2025-10-11 12:11:53+00:00,UAL584,29.052134368379235,-89.50222239774814,10363.2,283.3618287814564,222.6068797949735
2025-10-11 12:11:54+00:00,UAL584,29.052599890757413,-89.50443043428311,10363.2,283.3618287814564,222.6068797949735
2025-10-11 12:11:55+00:00,UAL584,29.05306541313559,-89.50663847081802,10363.2,283.3618287814564,222.6068797949735
2025-10-11 12:11:56+00:00,UAL584,29.05357748775159,-89.50906192555146,10363.2,283.3618287814564,222.6068797949735
2025-10-11 12:11:57+00:00,UAL584,29.053985595703125,-89.51105557955225,10363.2,283.3618287814564,222.6068797949735
2025-10-11 12:11:58+00:00,UAL584,29.05422921908104,-89.51218548943018,10363.2,283.3618287814564,222.6068797949735
2025-10-11 12:11:59+00:00,UAL584,29.054880950410485,-89.51525519875918,10363.2,283.3618287814564,222.6068797949735
2025-10-11 12:12:00+00:00,UAL584,29.055393025026483,-89.51773250804229,10363.2,283.3618287814564,222.6068797949735
2025-10-11 12:12:01+00:00,UAL584,29.05577087402344,-89.51971787672778,10363.2,283.3618287814564,222.6068797949735
2025-10-11 12:12:02+00:00,UAL584,29.0562744140625,-89.52193626990686,10363.2,283.3618287814564,222.6068797949735
2025-10-11 12:12:03+00:00,UAL584,29.05673217773437,-89.52415466308594,10363.2,283.3618287814564,222.6068797949735
2025-10-11 12:12:04+00:00,UAL584,29.05723571777344,-89.5265843318059,10363.2,283.3618287814564,222.6068797949735
2025-10-11 12:12:05+00:00,UAL584,29.057601928710938,-89.52838017390326,10363.2,283.3618287814564,222.6068797949735
2025-10-11 12:12:06+00:00,UAL584,29.05805969238281,-89.53059856708234,10363.2,283.3618287814564,222.6068797949735
2025-10-11 12:12:07+00:00,UAL584,29.058563232421875,-89.53302823580225,10363.2,283.3618287814564,222.6068797949735
2025-10-11 12:12:08+00:00,UAL584,29.05902099609375,-89.53524662898138,10363.2,283.3618287814564,222.6068797949735
2025-10-11 12:12:09+00:00,UAL584,29.05944306971663,-89.53728170955884,10363.2,283.2329340845003,222.48855489407924
2025-10-11 12:12:10+00:00,UAL584,29.059844970703125,-89.53926086425781,10363.2,283.2329340845003,222.48855489407924
2025-10-11 12:12:11+00:00,UAL584,29.06032756223517,-89.54148236443018,10363.2,283.2329340845003,222.48855489407924
2025-10-11 12:12:12+00:00,UAL584,29.060979293564618,-89.54460592830884,10363.2,283.2329340845003,222.48855489407924
2025-10-11 12:12:13+00:00,UAL584,29.061447143554688,-89.54702524038458,10363.2,283.2026759447902,222.9893702067822
2025-10-11 12:12:14+00:00,UAL584,29.06191033832097,-89.5492374195772,10363.2,283.3312974143762,223.10742950071256
2025-10-11 12:12:15+00:00,UAL584,29.06231689453125,-89.5512507512019,10363.2,283.3618287814564,222.6068797949735
2025-10-11 12:12:16+00:00,UAL584,29.06274827860169,-89.55327651079966,10363.2,283.2026759447902,222.9893702067822
2025-10-11 12:12:17+00:00,UAL584,29.063120696504235,-89.5550537109375,10363.2,283.2026759447902,222.9893702067822
2025-10-11 12:12:18+00:00,UAL584,29.063632771120236,-89.55747716567095,10363.2,283.2026759447902,222.9893702067822
2025-10-11 12:12:19+00:00,UAL584,29.06414794921875,-89.55991304837738,10363.2,283.2026759447902,222.9893702067822
2025-10-11 12:12:20+00:00,UAL584,29.06456381587659,-89.56194709329043,10363.2,283.2026759447902,222.9893702067822
2025-10-11 12:12:21+00:00,UAL584,29.065029338254767,-89.56437054802393,10363.2,283.2026759447902,222.9893702067822
2025-10-11 12:12:22+00:00,UAL584,29.065658569335938,-89.56730769230768,10363.2,283.2026759447902,222.9893702067822
2025-10-11 12:12:23+00:00,UAL584,29.06602478027344,-89.56905071551984,10363.2,283.2026759447902,222.9893702067822
2025-10-11 12:12:24+00:00,UAL584,29.06647245762712,-89.57126393037686,10363.2,283.2026759447902,222.9893702067822
2025-10-11 12:12:25+00:00,UAL584,29.06689453125,-89.57327622633716,10363.2,283.2026759447902,222.9893702067822
2025-10-11 12:12:26+00:00,UAL584,29.067352294921875,-89.57549461951623,10363.2,283.07391885825035,222.87243584005083
2025-10-11 12:12:27+00:00,UAL584,29.067672729492188,-89.57729046161359,10363.2,283.2026759447902,222.9893702067822
2025-10-11 12:12:28+00:00,UAL584,29.068241442664192,-89.57998836741729,10363.2,283.07391885825035,222.87243584005083
2025-10-11 12:12:29+00:00,UAL584,29.068634033203125,-89.58199134239783,10363.2,283.07391885825035,222.87243584005083
2025-10-11 12:12:30+00:00,UAL584,29.06917248742055,-89.58440444048716,10363.2,283.07391885825035,222.87243584005083
2025-10-11 12:12:31+00:00,UAL584,29.069549560546875,-89.58642812875598,10363.2,283.07391885825035,222.87243584005083
2025-10-11 12:12:32+00:00,UAL584,29.07001042770127,-89.58865894990811,10363.2,283.07391885825035,222.87243584005083
2025-10-11 12:12:33+00:00,UAL584,29.07041931152344,-89.5906536395733,10363.2,283.0440693771792,223.37357526998912
2025-10-11 12:12:34+00:00,UAL584,29.070894920219807,-89.59312887752759,10363.2,283.0440693771792,223.37357526998912
2025-10-11 12:12:35+00:00,UAL584,29.07138061523437,-89.59535452035755,10363.2,283.0440693771792,223.37357526998912
2025-10-11 12:12:36+00:00,UAL584,29.07183837890625,-89.59757291353662,10363.2,282.9154516892533,223.2580275515664
2025-10-11 12:12:37+00:00,UAL584,29.07224493511652,-89.59959142348345,10363.2,283.0440693771792,223.37357526998912
2025-10-11 12:12:38+00:00,UAL584,29.07275390625,-89.60227379432092,10363.2,283.0440693771792,223.37357526998912
2025-10-11 12:12:39+00:00,UAL584,29.0731201171875,-89.60401681753302,10363.2,283.0440693771792,223.37357526998912
2025-10-11 12:12:40+00:00,UAL584,29.073641502251057,-89.60648480583643,10363.2,282.9154516892533,223.2580275515664
2025-10-11 12:12:41+00:00,UAL584,29.0738525390625,-89.60760850172778,10363.2,282.9154516892533,223.2580275515664
2025-10-11 12:12:42+00:00,UAL584,29.074539184570312,-89.6109360914964,10363.2,282.9154516892533,223.2580275515664
2025-10-11 12:12:43+00:00,UAL584,29.07494496490996,-89.61294735179229,10363.2,282.9154516892533,223.2580275515664
2025-10-11 12:12:44+00:00,UAL584,29.07555014400159,-89.61607091567095,10363.2,282.9154516892533,223.2580275515664
2025-10-11 12:12:45+00:00,UAL584,29.076015666379767,-89.61833280675552,10363.2,282.9154516892533,223.2580275515664
2025-10-11 12:12:46+00:00,UAL584,29.07650756835937,-89.62076040414661,10363.2,282.9154516892533,223.2580275515664
2025-10-11 12:12:47+00:00,UAL584,29.076736450195312,-89.62186960073615,10363.2,282.9154516892533,223.2580275515664
2025-10-11 12:12:48+00:00,UAL584,29.077319129038663,-89.62479535271143,10363.2,282.9154516892533,223.2580275515664
2025-10-11 12:12:49+00:00,UAL584,29.07774353027344,-89.62678175706128,10363.2,282.9154516892533,223.2580275515664
2025-10-11 12:12:50+00:00,UAL584,29.078157069319385,-89.62878058938418,10363.2,282.9154516892533,223.2580275515664
2025-10-11 12:12:51+00:00,UAL584,29.078659057617188,-89.63148263784552,10363.2,283.0440693771792,223.37357526998912
2025-10-11 12:12:52+00:00,UAL584,29.079025268554688,-89.63327847994287,10363.2,283.0440693771792,223.37357526998912
2025-10-11 12:12:53+00:00,UAL584,29.07946053197828,-89.63524313534009,10363.2,283.0440693771792,223.37357526998912
2025-10-11 12:12:54+00:00,UAL584,29.07969329316737,-89.63658949908091,10363.2,283.0440693771792,223.37357526998912
2025-10-11 12:12:55+00:00,UAL584,29.08039157673464,-89.63992848115811,10363.2,283.0440693771792,223.37357526998912
2025-10-11 12:12:56+00:00,UAL584,29.08099365234375,-89.64283869816705,10363.2,283.0440693771792,223.37357526998912
2025-10-11 12:12:57+00:00,UAL584,29.081451416015625,-89.64505709134613,10363.2,283.0440693771792,223.37357526998912
2025-10-11 12:12:58+00:00,UAL584,29.081695039393537,-89.64639102711396,10363.2,283.0440693771792,223.37357526998912
2025-10-11 12:12:59+00:00,UAL584,29.082346770722985,-89.64951459099268,10363.2,283.0440693771792,223.37357526998912
2025-10-11 12:13:00+00:00,UAL584,29.082595825195312,-89.65065589317908,10363.2,283.0440693771792,223.37357526998912
2025-10-11 12:13:01+00:00,UAL584,29.083091606528072,-89.65312284581802,10363.2,283.0440693771792,223.37357526998912
2025-10-11 12:13:02+00:00,UAL584,29.083511352539062,-89.65535677396332,10363.2,283.0440693771792,223.37357526998912
2025-10-11 12:13:03+00:00,UAL584,29.084115755760063,-89.65823902803311,10363.2,283.1725534233269,223.4902474311514
2025-10-11 12:13:04+00:00,UAL584,29.084518432617188,-89.66021611140326,10363.2,283.1725534233269,223.4902474311514
2025-10-11 12:13:05+00:00,UAL584,29.08502197265625,-89.66269859900842,10363.2,283.1725534233269,223.4902474311514
2025-10-11 12:13:06+00:00,UAL584,29.085558875132413,-89.66513241038604,10363.2,283.1725534233269,223.4902474311514
2025-10-11 12:13:07+00:00,UAL584,29.08597784527277,-89.66739430147061,10363.2,283.1725534233269,223.4902474311514
2025-10-11 12:13:08+00:00,UAL584,29.08648991988877,-89.66981775620405,10363.2,283.1725534233269,223.4902474311514
2025-10-11 12:13:09+00:00,UAL584,29.086898803710938,-89.67183626615082,10363.2,283.1725534233269,223.4902474311514
2025-10-11 12:13:10+00:00,UAL584,29.08735656738281,-89.6740546593299,10363.2,283.1725534233269,223.4902474311514
2025-10-11 12:13:11+00:00,UAL584,29.08779338254767,-89.67606488396143,10363.2,283.1725534233269,223.4902474311514
2025-10-11 12:13:12+00:00,UAL584,29.088305457163663,-89.67854219324448,10363.2,283.1725534233269,223.4902474311514
2025-10-11 12:13:13+00:00,UAL584,29.08868408203125,-89.6804985633263,10363.2,283.2026759447902,222.9893702067822
2025-10-11 12:13:14+00:00,UAL584,29.08905029296875,-89.68229440542365,10363.2,283.2026759447902,222.9893702067822
2025-10-11 12:13:15+00:00,UAL584,29.08946926310911,-89.68430463005518,10363.2,283.2026759447902,222.9893702067822
2025-10-11 12:13:16+00:00,UAL584,29.0899658203125,-89.68651991624097,10363.2,283.2026759447902,222.9893702067822
2025-10-11 12:13:17+00:00,UAL584,29.09044686010328,-89.68898997587314,10363.2,283.1725534233269,223.4902474311514
2025-10-11 12:13:18+00:00,UAL584,29.09091238248146,-89.69119801240811,10363.2,283.1725534233269,223.4902474311514
2025-10-11 12:13:19+00:00,UAL584,29.091424457097457,-89.69367532169116,10363.2,283.2026759447902,222.9893702067822
2025-10-11 12:13:20+00:00,UAL584,29.091842651367188,-89.69565758338342,10363.2,283.2026759447902,222.9893702067822
2025-10-11 12:13:21+00:00,UAL584,29.092300415039062,-89.6979287954477,10363.2,283.1725534233269,223.4902474311514
2025-10-11 12:13:22+00:00,UAL584,29.092867576469807,-89.70078412224268,10363.2,283.1725534233269,223.4902474311514
2025-10-11 12:13:23+00:00,UAL584,29.09335327148437,-89.70305222731372,10363.2,283.1725534233269,223.4902474311514
2025-10-11 12:13:24+00:00,UAL584,29.093565860037074,-89.70412310431988,10363.2,283.1725534233269,223.4902474311514
2025-10-11 12:13:25+00:00,UAL584,29.094268798828125,-89.70748901367188,10363.2,283.1725534233269,223.4902474311514
2025-10-11 12:13:26+00:00,UAL584,29.0947265625,-89.70970740685095,10363.2,283.1725534233269,223.4902474311514
2025-10-11 12:13:27+00:00,UAL584,29.094955444335938,-89.71081660344049,10363.2,283.1725534233269,223.4902474311514
2025-10-11 12:13:28+00:00,UAL584,29.09566071073888,-89.71419390510113,10363.2,283.1725534233269,223.4902474311514
2025-10-11 12:13:29+00:00,UAL584,29.09605407714844,-89.71620412973255,10363.2,283.1725534233269,223.4902474311514
2025-10-11 12:13:30+00:00,UAL584,29.09645209878178,-89.71817914177393,10363.2,283.1725534233269,223.4902474311514
2025-10-11 12:13:31+00:00,UAL584,29.09696417339777,-89.72065645105698,10363.2,283.1725534233269,223.4902474311514
2025-10-11 12:13:32+00:00,UAL584,29.09742969577595,-89.72286448759189,10363.2,283.1725534233269,223.4902474311514
2025-10-11 12:13:33+00:00,UAL584,29.097930908203125,-89.725341796875,10363.2,283.1725534233269,223.4902474311514
2025-10-11 12:13:34+00:00,UAL584,29.098388671875,-89.72756019005408,10363.2,283.1725534233269,223.4902474311514
2025-10-11 12:13:35+00:00,UAL584,29.098872815148304,-89.72981172449448,10363.2,283.1725534233269,223.4902474311514
2025-10-11 12:13:36+00:00,UAL584,29.09925842285156,-89.7317857008714,10363.2,283.1725534233269,223.4902474311514
2025-10-11 12:13:37+00:00,UAL584,29.09971618652344,-89.73405691293567,10363.2,283.1725534233269,223.4902474311514
2025-10-11 12:13:38+00:00,UAL584,29.1001762778072,-89.7362742704504,10363.2,283.1725534233269,223.4902474311514
2025-10-11 12:13:39+00:00,UAL584,29.10067749023437,-89.73870497483472,10363.2,283.1725534233269,223.4902474311514
2025-10-11 12:13:40+00:00,UAL584,29.1009521484375,-89.74007826585034,10363.2,283.1725534233269,223.4902474311514
2025-10-11 12:13:41+00:00,UAL584,29.10140991210937,-89.74229665902942,10363.2,283.1725534233269,223.4902474311514
2025-10-11 12:13:42+00:00,UAL584,29.101991815082098,-89.74494485294116,10363.2,283.1725534233269,223.4902474311514
2025-10-11 12:13:43+00:00,UAL584,29.102317680746825,-89.74677590762866,10363.2,283.1725534233269,223.4902474311514
2025-10-11 12:13:44+00:00,UAL584,29.10292053222656,-89.74963848407452,10363.2,283.1725534233269,223.4902474311514
2025-10-11 12:13:45+00:00,UAL584,29.10320217326536,-89.7509765625,10363.2,283.1725534233269,223.4902474311514
2025-10-11 12:13:46+00:00,UAL584,29.1038818359375,-89.75433936485877,10363.2,283.1725534233269,223.4902474311514
2025-10-11 12:13:47+00:00,UAL584,29.10404011354608,-89.75501565372241,10363.2,283.1725534233269,223.4902474311514
2025-10-11 12:13:48+00:00,UAL584,29.104660034179688,-89.75814232459436,10363.2,283.1725534233269,223.4902474311514
2025-10-11 12:13:49+00:00,UAL584,29.10511779785156,-89.76036071777344,10363.2,283.1725534233269,223.4902474311514
2025-10-11 12:13:50+00:00,UAL584,29.105300903320312,-89.76125863882208,10363.2,283.1725534233269,223.4902474311514
2025-10-11 12:13:51+00:00,UAL584,29.105995307534428,-89.76460176355698,10363.2,283.1725534233269,223.4902474311514
2025-10-11 12:13:52+00:00,UAL584,29.10669359110169,-89.76799460018384,10363.2,283.1725534233269,223.4902474311514
2025-10-11 12:13:53+00:00,UAL584,29.107066009004235,-89.76977180032168,10363.2,283.1725534233269,223.4902474311514
2025-10-11 12:13:54+00:00,UAL584,29.107498168945312,-89.77176959698016,10363.2,283.1725534233269,223.4902474311514
2025-10-11 12:13:55+00:00,UAL584,29.10804360599841,-89.7744571461397,10363.2,283.30090274569807,223.6080422749489
2025-10-11 12:13:56+00:00,UAL584,29.108551025390625,-89.77689302884613,10363.2,283.1725534233269,223.4902474311514
2025-10-11 12:13:57+00:00,UAL584,29.108928098516948,-89.77892707375918,10363.2,283.1725534233269,223.4902474311514
2025-10-11 12:13:58+00:00,UAL584,29.109393620895126,-89.78113511029414,10363.2,283.1725534233269,223.4902474311514
2025-10-11 12:13:59+00:00,UAL584,29.109812591035485,-89.78312772863052,10363.2,283.14256562691946,223.99118615185617
2025-10-11 12:14:00+00:00,UAL584,29.110278113413663,-89.78538961971509,10363.2,283.1725534233269,223.4902474311514
2025-10-11 12:14:01+00:00,UAL584,29.11070251464844,-89.78740398700421,10363.2,283.14256562691946,223.99118615185617
2025-10-11 12:14:02+00:00,UAL584,29.111160278320312,-89.78962238018329,10363.2,283.14256562691946,223.99118615185617
2025-10-11 12:14:03+00:00,UAL584,29.11166381835937,-89.79210486778845,10363.2,283.14256562691946,223.99118615185617
2025-10-11 12:14:04+00:00,UAL584,29.112030029296875,-89.7939007098858,10363.2,283.14256562691946,223.99118615185617
2025-10-11 12:14:05+00:00,UAL584,29.11251262082892,-89.79632209329043,10363.2,283.14256562691946,223.99118615185617
2025-10-11 12:14:06+00:00,UAL584,29.112945556640625,-89.79833749624396,10363.2,283.14256562691946,223.99118615185617
2025-10-11 12:14:07+00:00,UAL584,29.11349021782309,-89.80106129365811,10363.2,283.01435353915963,223.8747750546624
2025-10-11 12:14:08+00:00,UAL584,29.113862635725635,-89.80283849379595,10363.2,283.14256562691946,223.99118615185617
2025-10-11 12:14:09+00:00,UAL584,29.114281605865997,-89.80504653033091,10363.2,283.14256562691946,223.99118615185617
2025-10-11 12:14:10+00:00,UAL584,29.114730834960938,-89.80705261230469,10363.2,283.14256562691946,223.99118615185617
2025-10-11 12:14:11+00:00,UAL584,29.11525920286017,-89.80973187614893,10363.2,283.14256562691946,223.99118615185617
2025-10-11 12:14:12+00:00,UAL584,29.11578369140625,-89.8122288630559,10363.2,283.01435353915963,223.8747750546624
2025-10-11 12:14:13+00:00,UAL584,29.116241455078125,-89.81444725623498,10363.2,283.14256562691946,223.99118615185617
2025-10-11 12:14:14+00:00,UAL584,29.116744995117188,-89.81692974384015,10363.2,283.14256562691946,223.99118615185617
2025-10-11 12:14:15+00:00,UAL584,29.11712129237288,-89.81894100413604,10363.2,283.14256562691946,223.99118615185617
2025-10-11 12:14:16+00:00,UAL584,29.117586814751057,-89.82114904067095,10363.2,283.14256562691946,223.99118615185617
2025-10-11 12:14:17+00:00,UAL584,29.117843627929688,-89.82226445124701,10363.2,283.14256562691946,223.99118615185617
2025-10-11 12:14:18+00:00,UAL584,29.11837820279396,-89.82497271369488,10363.2,283.14256562691946,223.99118615185617
2025-10-11 12:14:19+00:00,UAL584,29.11885070800781,-89.82744070199817,10363.2,283.14256562691946,223.99118615185617
2025-10-11 12:14:20+00:00,UAL584,29.119308471679688,-89.82965909517725,10363.2,283.01435353915963,223.8747750546624
2025-10-11 12:14:21+00:00,UAL584,29.11977476992849,-89.8318660960478,10363.2,283.01435353915963,223.8747750546624
2025-10-11 12:14:22+00:00,UAL584,29.119960978879767,-89.83278162339155,10363.2,283.01435353915963,223.8747750546624
2025-10-11 12:14:23+00:00,UAL584,29.12070581468485,-89.83638987821689,10363.2,283.01435353915963,223.8747750546624
2025-10-11 12:14:24+00:00,UAL584,29.12109375,-89.83837421123798,10363.2,283.01435353915963,223.8747750546624
2025-10-11 12:14:25+00:00,UAL584,29.121636859441207,-89.84107522403491,10363.2,283.01435353915963,223.8747750546624
2025-10-11 12:14:26+00:00,UAL584,29.121871948242188,-89.84217717097357,10363.2,283.01435353915963,223.8747750546624
2025-10-11 12:14:27+00:00,UAL584,29.122521351959744,-89.84554515165439,10363.2,283.01435353915963,223.8747750546624
2025-10-11 12:14:28+00:00,UAL584,29.123016357421875,-89.84777597280646,10363.2,283.01435353915963,223.8747750546624
2025-10-11 12:14:29+00:00,UAL584,29.12340584447828,-89.8497996610754,10363.2,283.01435353915963,223.8747750546624
2025-10-11 12:14:30+00:00,UAL584,29.12397766113281,-89.8526881291316,10363.2,282.88600868925033,223.7594861521946
2025-10-11 12:14:31+00:00,UAL584,29.12447654594809,-89.85518511603863,10363.2,282.88600868925033,223.7594861521946
2025-10-11 12:14:32+00:00,UAL584,29.124755859375,-89.85649108886719,10363.2,282.88600868925033,223.7594861521946
2025-10-11 12:14:33+00:00,UAL584,29.125213623046875,-89.85876230093146,10363.2,282.88600868925033,223.7594861521946
2025-10-11 12:14:34+00:00,UAL584,29.12578000860699,-89.86164766199448,10363.2,282.88600868925033,223.7594861521946
2025-10-11 12:14:35+00:00,UAL584,29.12624553098517,-89.86390955307905,10363.2,282.88600868925033,223.7594861521946
2025-10-11 12:14:36+00:00,UAL584,29.126678466796875,-89.86615694486176,10363.2,282.88600868925033,223.7594861521946
2025-10-11 12:14:37+00:00,UAL584,29.127083471265887,-89.8681640625,10363.2,282.88600868925033,223.7594861521946
2025-10-11 12:14:38+00:00,UAL584,29.12750244140625,-89.87017118013819,10363.2,282.88600868925033,223.7594861521946
2025-10-11 12:14:39+00:00,UAL584,29.128014516022244,-89.87284940831802,10363.2,282.88600868925033,223.7594861521946
2025-10-11 12:14:40+00:00,UAL584,29.128480038400426,-89.87511129940259,10363.2,282.88600868925033,223.7594861521946
2025-10-11 12:14:41+00:00,UAL584,29.128692626953125,-89.87619253305286,10363.2,282.88600868925033,223.7594861521946
2025-10-11 12:14:42+00:00,UAL584,29.12917832196769,-89.87866569967832,10363.2,282.88600868925033,223.7594861521946
2025-10-11 12:14:43+00:00,UAL584,29.129690396583687,-89.88114300896143,10363.2,282.88600868925033,223.7594861521946
2025-10-11 12:14:44+00:00,UAL584,29.1302490234375,-89.88383573644302,10363.2,282.88600868925033,223.7594861521946
2025-10-11 12:14:45+00:00,UAL584,29.130615234375,-89.88585838904748,10363.2,282.88600868925033,223.7594861521946
2025-10-11 12:14:46+00:00,UAL584,29.131027221679688,-89.88786550668567,10363.2,282.88600868925033,223.7594861521946
2025-10-11 12:14:47+00:00,UAL584,29.13148498535156,-89.89008389986475,10363.2,282.88600868925033,223.7594861521946
2025-10-11 12:14:48+00:00,UAL584,29.13194274902344,-89.89235511192908,10363.2,282.88600868925033,223.7594861521946
2025-10-11 12:14:49+00:00,UAL584,29.132400512695312,-89.89457350510816,10363.2,282.88600868925033,223.7594861521946
2025-10-11 12:14:50+00:00,UAL584,29.132858276367188,-89.89705599271332,10363.2,282.88600868925033,223.7594861521946
2025-10-11 12:14:51+00:00,UAL584,29.133224487304688,-89.89885183481067,10363.2,282.88600868925033,223.7594861521946
2025-10-11 12:14:52+00:00,UAL584,29.13368225097656,-89.90107022798975,10363.2,283.01435353915963,223.8747750546624
2025-10-11 12:14:53+00:00,UAL584,29.13420596365201,-89.90354650160845,10363.2,283.01435353915963,223.8747750546624
2025-10-11 12:14:54+00:00,UAL584,29.134578381554554,-89.90553911994488,10363.2,283.01435353915963,223.8747750546624
2025-10-11 12:14:55+00:00,UAL584,29.13510131835937,-89.90798950195312,10363.2,283.01435353915963,223.8747750546624
2025-10-11 12:14:56+00:00,UAL584,29.13550942631091,-89.91000904756436,10363.2,283.01435353915963,223.8747750546624
2025-10-11 12:14:57+00:00,UAL584,29.13616115764036,-89.91313261144302,10363.2,283.14256562691946,223.99118615185617
2025-10-11 12:14:58+00:00,UAL584,29.13642883300781,-89.91448622483472,10363.2,283.14256562691946,223.99118615185617
2025-10-11 12:14:59+00:00,UAL584,29.13690599344544,-89.91695628446689,10363.2,283.1725534233269,223.4902474311514
2025-10-11 12:15:00+00:00,UAL584,29.137278411347985,-89.91873348460479,10363.2,283.1725534233269,223.4902474311514
2025-10-11 12:15:01+00:00,UAL584,29.13803100585937,-89.92230341984674,10363.2,283.1725534233269,223.4902474311514
2025-10-11 12:15:02+00:00,UAL584,29.13848876953125,-89.92452181302582,10363.2,283.1725534233269,223.4902474311514
2025-10-11 12:15:03+00:00,UAL584,29.138946533203125,-89.92679302509015,10363.2,283.1725534233269,223.4902474311514
2025-10-11 12:15:04+00:00,UAL584,29.139373262049787,-89.92880428538604,10363.2,283.1725534233269,223.4902474311514
2025-10-11 12:15:05+00:00,UAL584,29.13960602323888,-89.92988137637866,10363.2,283.1725534233269,223.4902474311514
2025-10-11 12:15:06+00:00,UAL584,29.14027404785156,-89.93323692908655,10363.2,283.1725534233269,223.4902474311514
2025-10-11 12:15:07+00:00,UAL584,29.140537067995236,-89.93456672219668,10363.2,283.1725534233269,223.4902474311514
2025-10-11 12:15:08+00:00,UAL584,29.14118879932468,-89.9376902860754,10363.2,283.1725534233269,223.4902474311514
2025-10-11 12:15:09+00:00,UAL584,29.1416015625,-89.93973365196814,10363.2,283.1725534233269,223.4902474311514
2025-10-11 12:15:10+00:00,UAL584,29.142105102539062,-89.94216332068811,10363.2,283.1725534233269,223.4902474311514
2025-10-11 12:15:11+00:00,UAL584,29.142562866210938,-89.94443453275238,10363.2,283.1725534233269,223.4902474311514
2025-10-11 12:15:12+00:00,UAL584,29.142818127648304,-89.94555305032168,10363.2,283.1725534233269,223.4902474311514
2025-10-11 12:15:13+00:00,UAL584,29.143478393554688,-89.9488713191106,10363.2,283.1725534233269,223.4902474311514
2025-10-11 12:15:14+00:00,UAL584,29.14374917240466,-89.9502383961397,10363.2,283.1725534233269,223.4902474311514
2025-10-11 12:15:15+00:00,UAL584,29.144256591796875,-89.95267427884613,10363.2,283.1725534233269,223.4902474311514
2025-10-11 12:15:16+00:00,UAL584,29.14471435546875,-89.95489267202521,10363.2,283.1725534233269,223.4902474311514
2025-10-11 12:15:17+00:00,UAL584,29.14521789550781,-89.95737515963037,10363.2,283.1725534233269,223.4902474311514
2025-10-11 12:15:18+00:00,UAL584,29.14565781415519,-89.9593936695772,10363.2,283.1725534233269,223.4902474311514
2025-10-11 12:15:19+00:00,UAL584,29.14607678429555,-89.96160170611216,10363.2,283.1725534233269,223.4902474311514
2025-10-11 12:15:20+00:00,UAL584,29.146542306673727,-89.96386359719668,10363.2,283.0440693771792,223.37357526998912
2025-10-11 12:15:21+00:00,UAL584,29.147054381289724,-89.96628705193018,10363.2,283.0440693771792,223.37357526998912
2025-10-11 12:15:22+00:00,UAL584,29.147519903667902,-89.9685489430147,10363.2,283.0440693771792,223.37357526998912
2025-10-11 12:15:23+00:00,UAL584,29.147918701171875,-89.97052706204926,10363.2,283.0440693771792,223.37357526998912
2025-10-11 12:15:24+00:00,UAL584,29.14837646484375,-89.97274545522833,10363.2,283.1725534233269,223.4902474311514
2025-10-11 12:15:25+00:00,UAL584,29.1488233663268,-89.97501148897061,10363.2,283.1725534233269,223.4902474311514
2025-10-11 12:15:26+00:00,UAL584,29.149288888704977,-89.97721952550552,10363.2,283.1725534233269,223.4902474311514
2025-10-11 12:15:27+00:00,UAL584,29.149754411083155,-89.97948141659009,10363.2,283.1725534233269,223.4902474311514
2025-10-11 12:15:28+00:00,UAL584,29.150161743164062,-89.98146057128906,10363.2,283.0440693771792,223.37357526998912
2025-10-11 12:15:29+00:00,UAL584,29.150778560315143,-89.98459759880518,10363.2,283.0440693771792,223.37357526998912
2025-10-11 12:15:30+00:00,UAL584,29.151244082693324,-89.9868594898897,10363.2,283.0440693771792,223.37357526998912
2025-10-11 12:15:31+00:00,UAL584,29.15167236328125,-89.98885521521936,10363.2,283.0440693771792,223.37357526998912
2025-10-11 12:15:32+00:00,UAL584,29.15212857521186,-89.99106014476104,10363.2,283.0440693771792,223.37357526998912
2025-10-11 12:15:33+00:00,UAL584,29.15259409759004,-89.99332203584561,10363.2,283.0440693771792,223.37357526998912
2025-10-11 12:15:34+00:00,UAL584,29.153091430664062,-89.99577448918268,10363.2,283.0440693771792,223.37357526998912
2025-10-11 12:15:35+00:00,UAL584,29.15347859010858,-89.99779196346509,10363.2,283.0440693771792,223.37357526998912
2025-10-11 12:15:36+00:00,UAL584,29.15399066472457,-90.00021541819854,10363.2,283.0440693771792,223.37357526998912
2025-10-11 12:15:37+00:00,UAL584,29.154373168945312,-90.00221839317908,10363.2,283.0440693771792,223.37357526998912
2025-10-11 12:15:38+00:00,UAL584,29.154830932617188,-90.0044896052434,10363.2,283.0440693771792,223.37357526998912
2025-10-11 12:15:39+00:00,UAL584,29.15538723185911,-90.00716265510113,10363.2,283.0440693771792,223.37357526998912
2025-10-11 12:15:40+00:00,UAL584,29.155792236328125,-90.0091376671424,10363.2,283.0440693771792,223.37357526998912
2025-10-11 12:15:41+00:00,UAL584,29.15625,-90.01135606032153,10363.2,283.0440693771792,223.37357526998912
2025-10-11 12:15:42+00:00,UAL584,29.15669069451801,-90.01340978285845,10363.2,283.0440693771792,223.37357526998912
2025-10-11 12:15:43+00:00,UAL584,29.157156216896187,-90.01583323759189,10363.2,283.0440693771792,223.37357526998912
2025-10-11 12:15:44+00:00,UAL584,29.15762173927436,-90.01809512867646,10363.2,283.0440693771792,223.37357526998912
2025-10-11 12:15:45+00:00,UAL584,29.15808726165254,-90.02030316521143,10363.2,283.0440693771792,223.37357526998912
2025-10-11 12:15:46+00:00,UAL584,29.15853881835937,-90.02255366398737,10363.2,283.07391885825035,222.87243584005083
2025-10-11 12:15:47+00:00,UAL584,29.15899658203125,-90.02477205716644,10363.2,283.07391885825035,222.87243584005083
2025-10-11 12:15:48+00:00,UAL584,29.159454345703125,-90.02699045034552,10363.2,283.07391885825035,222.87243584005083
2025-10-11 12:15:49+00:00,UAL584,29.159912109375,-90.02920884352466,10363.2,283.07391885825035,222.87243584005083
2025-10-11 12:15:50+00:00,UAL584,29.160324096679688,-90.03121596116284,10363.2,283.07391885825035,222.87243584005083
2025-10-11 12:15:51+00:00,UAL584,29.16069418697034,-90.03322825712314,10363.2,283.07391885825035,222.87243584005083
2025-10-11 12:15:52+00:00,UAL584,29.16115970934852,-90.03549014820771,10363.2,283.07391885825035,222.87243584005083
2025-10-11 12:15:53+00:00,UAL584,29.16156005859375,-90.0374485896184,10363.2,283.07391885825035,222.87243584005083
2025-10-11 12:15:54+00:00,UAL584,29.16206359863281,-90.03993107722357,10363.2,283.07391885825035,222.87243584005083
2025-10-11 12:15:55+00:00,UAL584,29.162521362304688,-90.04214947040265,10363.2,283.07391885825035,222.87243584005083
2025-10-11 12:15:56+00:00,UAL584,29.16292869438559,-90.04416073069854,10363.2,283.07391885825035,222.87243584005083
2025-10-11 12:15:57+00:00,UAL584,29.163345336914062,-90.04616370567908,10363.2,283.07391885825035,222.87243584005083
2025-10-11 12:15:58+00:00,UAL584,29.163848876953125,-90.04859337439905,10363.2,283.07391885825035,222.87243584005083
2025-10-11 12:15:59+00:00,UAL584,29.164306640625,-90.05086458646332,10363.2,283.07391885825035,222.87243584005083
2025-10-11 12:16:00+00:00,UAL584,29.16469767942267,-90.05283131318936,10363.2,283.07391885825035,222.87243584005083
2025-10-11 12:16:01+00:00,UAL584,29.16517639160156,-90.05530137282153,10363.2,283.07391885825035,222.87243584005083
2025-10-11 12:16:02+00:00,UAL584,29.16572182865466,-90.05794749540439,10363.2,283.07391885825035,222.87243584005083
2025-10-11 12:16:03+00:00,UAL584,29.166229248046875,-90.0604248046875,10363.2,283.07391885825035,222.87243584005083
2025-10-11 12:16:04+00:00,UAL584,29.166466664459744,-90.06155575022979,10363.2,283.07391885825035,222.87243584005083
2025-10-11 12:16:05+00:00,UAL584,29.16719055175781,-90.06507286658655,10363.2,283.07391885825035,222.87243584005083
2025-10-11 12:16:06+00:00,UAL584,29.1673977092161,-90.06618724149814,10363.2,283.07391885825035,222.87243584005083
2025-10-11 12:16:07+00:00,UAL584,29.16786323159428,-90.06844913258271,10363.2,283.07391885825035,222.87243584005083
2025-10-11 12:16:08+00:00,UAL584,29.168426513671875,-90.07130549504205,10363.2,283.07391885825035,222.87243584005083
2025-10-11 12:16:09+00:00,UAL584,29.168930053710938,-90.07378798264722,10363.2,283.10390286965503,222.37135717289652
2025-10-11 12:16:10+00:00,UAL584,29.16938781738281,-90.0760063758263,10363.2,283.10390286965503,222.37135717289652
2025-10-11 12:16:11+00:00,UAL584,29.169632216631356,-90.07711971507354,10363.2,283.10390286965503,222.37135717289652
2025-10-11 12:16:12+00:00,UAL584,29.17012023925781,-90.0795452411358,10363.2,283.10390286965503,222.37135717289652
2025-10-11 12:16:13+00:00,UAL584,29.170623779296875,-90.08202772874095,10363.2,283.10390286965503,222.37135717289652
2025-10-11 12:16:14+00:00,UAL584,29.171028783765887,-90.08401309742646,10363.2,283.10390286965503,222.37135717289652
2025-10-11 12:16:15+00:00,UAL584,29.171630859375,-90.0868870661809,10363.2,283.10390286965503,222.37135717289652
2025-10-11 12:16:16+00:00,UAL584,29.172134399414062,-90.08931673490082,10363.2,283.10390286965503,222.37135717289652
2025-10-11 12:16:17+00:00,UAL584,29.17254638671875,-90.09158794696516,10363.2,282.94502724266385,222.7566281720839
2025-10-11 12:16:18+00:00,UAL584,29.172797768802965,-90.09268367991729,10363.2,282.8160021936587,222.64194896104556
2025-10-11 12:16:19+00:00,UAL584,29.17327880859375,-90.09512681227466,10363.2,282.5288077091515,222.9181484530164
2025-10-11 12:16:20+00:00,UAL584,29.17382191803496,-90.09828455307904,10363.2,282.11321279533433,223.09141506886533
2025-10-11 12:16:21+00:00,UAL584,29.174057006835938,-90.09940514197716,10363.2,281.6982847249686,223.2764006735132
2025-10-11 12:16:22+00:00,UAL584,29.174606323242188,-90.10257427509016,10363.2,281.28406530669724,223.4730761648757
2025-10-11 12:16:23+00:00,UAL584,29.174972534179688,-90.10479266826924,10363.2,280.8705959102314,223.68141070739028
2025-10-11 12:16:24+00:00,UAL584,29.175311589645126,-90.10706284466914,10363.2,280.4579174431971,223.90137175570587
2025-10-11 12:16:25+00:00,UAL584,29.175704956054688,-90.10954636793872,10363.2,280.04607032867983,224.13292507953423
2025-10-11 12:16:26+00:00,UAL584,29.176009873212397,-90.11158662683825,10363.2,279.635094483491,224.37603478961864
2025-10-11 12:16:27+00:00,UAL584,29.1763916015625,-90.11430006760816,10363.2,279.35450189963217,224.713708848408
2025-10-11 12:16:28+00:00,UAL584,29.17670815677966,-90.11637968175552,10363.2,278.9657999999504,224.46801731662651
2025-10-11 12:16:29+00:00,UAL584,29.17698747020657,-90.11864157284008,10363.2,278.6863545812366,224.81850260241768
2025-10-11 12:16:30+00:00,UAL584,29.177266783633478,-90.12095731847428,10363.2,278.27824883593576,225.09967363174985
2025-10-11 12:16:31+00:00,UAL584,29.17754609706038,-90.1230037913603,10363.2,278.0189205153513,224.95383796924773
2025-10-11 12:16:32+00:00,UAL584,29.177810668945312,-90.12507512019232,10363.2,278.0189205153513,224.95383796924773
2025-10-11 12:16:33+00:00,UAL584,29.178058171676376,-90.12709673713238,10363.2,277.88913155441185,224.88264995096688
2025-10-11 12:16:34+00:00,UAL584,29.1783840373411,-90.12962790096508,10363.2,278.0189205153513,224.95383796924773
2025-10-11 12:16:35+00:00,UAL584,29.178680419921875,-90.13215285081128,10363.2,278.0189205153513,224.95383796924773
2025-10-11 12:16:36+00:00,UAL584,29.178942664194917,-90.13420553768384,10363.2,278.1486266921827,225.02617956690796
2025-10-11 12:16:37+00:00,UAL584,29.179175425384003,-90.13603659237134,10363.2,278.1486266921827,225.02617956690796
2025-10-11 12:16:38+00:00,UAL584,29.17959439552436,-90.13942942899814,10363.2,278.27824883593576,225.09967363174985
2025-10-11 12:16:39+00:00,UAL584,29.179780604475635,-90.14082964728864,10363.2,278.27824883593576,225.09967363174985
2025-10-11 12:16:40+00:00,UAL584,29.180145263671875,-90.1437730055589,10363.2,278.29714496983684,224.59060208503303
2025-10-11 12:16:41+00:00,UAL584,29.180478888042902,-90.14605353860291,10363.2,278.42696902148066,224.665416628412
2025-10-11 12:16:42+00:00,UAL584,29.1807861328125,-90.1485795241136,10363.2,278.42696902148066,224.665416628412
2025-10-11 12:16:43+00:00,UAL584,29.18094441042108,-90.14971564797791,10363.2,278.42696902148066,224.665416628412
2025-10-11 12:16:44+00:00,UAL584,29.18124389648437,-90.15222402719348,10363.2,278.42696902148066,224.665416628412
2025-10-11 12:16:45+00:00,UAL584,29.18159614175053,-90.15499339384188,10363.2,278.42696902148066,224.665416628412
2025-10-11 12:16:46+00:00,UAL584,29.181884765625,-90.15703054574816,10363.2,278.42696902148066,224.665416628412
2025-10-11 12:16:47+00:00,UAL584,29.18220132084216,-90.15951717601104,10363.2,278.42696902148066,224.665416628412
2025-10-11 12:16:48+00:00,UAL584,29.18247985839844,-90.16183706430286,10363.2,278.42696902148066,224.665416628412
2025-10-11 12:16:49+00:00,UAL584,29.18280029296875,-90.1641082763672,10363.2,278.42696902148066,224.665416628412
2025-10-11 12:16:50+00:00,UAL584,29.18303926112288,-90.16614128561582,10363.2,278.42696902148066,224.665416628412
2025-10-11 12:16:51+00:00,UAL584,29.183365126787603,-90.16867244944854,10363.2,278.42696902148066,224.665416628412
2025-10-11 12:16:52+00:00,UAL584,29.183670043945312,-90.17071063701924,10363.2,278.42696902148066,224.665416628412
2025-10-11 12:16:53+00:00,UAL584,29.18394470214844,-90.1729818490835,10363.2,278.42696902148066,224.665416628412
2025-10-11 12:16:54+00:00,UAL584,29.18429617154396,-90.1757273954504,10363.2,278.42696902148066,224.665416628412
2025-10-11 12:16:55+00:00,UAL584,29.18452893273305,-90.1775584501379,10363.2,278.42696902148066,224.665416628412
2025-10-11 12:16:56+00:00,UAL584,29.18480824615996,-90.1798203412224,10363.2,278.42696902148066,224.665416628412
2025-10-11 12:16:57+00:00,UAL584,29.185134887695312,-90.18233079176684,10363.2,278.42696902148066,224.665416628412
2025-10-11 12:16:58+00:00,UAL584,29.185506529727224,-90.18509808708644,10363.2,278.42696902148066,224.665416628412
2025-10-11 12:16:59+00:00,UAL584,29.18578584315413,-90.18735997817096,10363.2,278.42696902148066,224.665416628412
2025-10-11 12:17:00+00:00,UAL584,29.185958862304688,-90.18851060133716,10363.2,278.42696902148066,224.665416628412
2025-10-11 12:17:01+00:00,UAL584,29.18637084960937,-90.19167973445012,10363.2,278.42696902148066,224.665416628412
2025-10-11 12:17:02+00:00,UAL584,29.186691284179688,-90.19421504094048,10363.2,278.29714496983684,224.59060208503303
2025-10-11 12:17:03+00:00,UAL584,29.186920166015625,-90.19601088303784,10363.2,278.29714496983684,224.59060208503303
2025-10-11 12:17:04+00:00,UAL584,29.18719482421875,-90.19833491398737,10363.2,278.29714496983684,224.59060208503303
2025-10-11 12:17:05+00:00,UAL584,29.187554828191207,-90.2010390337776,10363.2,278.29714496983684,224.59060208503303
2025-10-11 12:17:06+00:00,UAL584,29.187787589380296,-90.20287008846508,10363.2,278.29714496983684,224.59060208503303
2025-10-11 12:17:07+00:00,UAL584,29.1881103515625,-90.20535982572112,10363.2,278.29714496983684,224.59060208503303
2025-10-11 12:17:08+00:00,UAL584,29.188392768471928,-90.20744772518384,10363.2,278.29714496983684,224.59060208503303
2025-10-11 12:17:09+00:00,UAL584,29.188751220703125,-90.21016634427582,10363.2,278.29714496983684,224.59060208503303
2025-10-11 12:17:10+00:00,UAL584,29.18899794756356,-90.21224078010113,10363.2,278.29714496983684,224.59060208503303
2025-10-11 12:17:11+00:00,UAL584,29.18916320800781,-90.2133354773888,10363.2,278.29714496983684,224.59060208503303
2025-10-11 12:17:12+00:00,UAL584,29.189510022179554,-90.216064453125,10363.2,278.29714496983684,224.59060208503303
2025-10-11 12:17:13+00:00,UAL584,29.189882440082098,-90.21929572610291,10363.2,278.29714496983684,224.59060208503303
2025-10-11 12:17:14+00:00,UAL584,29.190170288085938,-90.22131112905646,10363.2,278.29714496983684,224.59060208503303
2025-10-11 12:17:15+00:00,UAL584,29.190347962460272,-90.2226885627298,10363.2,278.3161269586635,224.0815550775505
2025-10-11 12:17:16+00:00,UAL584,29.19062727588718,-90.22495045381436,10363.2,278.3161269586635,224.0815550775505
2025-10-11 12:17:17+00:00,UAL584,29.19090658931409,-90.22726619944854,10363.2,278.3161269586635,224.0815550775505
2025-10-11 12:17:18+00:00,UAL584,29.19127900721663,-90.22995892693018,10363.2,278.3161269586635,224.0815550775505
2025-10-11 12:17:19+00:00,UAL584,29.191604872881356,-90.2324900907629,10363.2,278.3161269586635,224.0815550775505
2025-10-11 12:17:20+00:00,UAL584,29.191909790039062,-90.23499122032752,10363.2,278.3161269586635,224.0815550775505
2025-10-11 12:17:21+00:00,UAL584,29.19207039525953,-90.2361522001379,10363.2,278.3161269586635,224.0815550775505
2025-10-11 12:17:22+00:00,UAL584,29.192489365399894,-90.23932961856616,10363.2,278.3161269586635,224.0815550775505
2025-10-11 12:17:23+00:00,UAL584,29.192779541015625,-90.24159358097955,10363.2,278.3161269586635,224.0815550775505
2025-10-11 12:17:24+00:00,UAL584,29.19309454449152,-90.24406881893384,10363.2,278.3161269586635,224.0815550775505
2025-10-11 12:17:25+00:00,UAL584,29.19337385791843,-90.24638456456802,10363.2,278.3161269586635,224.0815550775505
2025-10-11 12:17:26+00:00,UAL584,29.19355773925781,-90.24772057166469,10363.2,278.3161269586635,224.0815550775505
2025-10-11 12:17:27+00:00,UAL584,29.19383938029661,-90.24977740119488,10363.2,278.3161269586635,224.0815550775505
2025-10-11 12:17:28+00:00,UAL584,29.19415283203125,-90.25226299579327,10363.2,278.3161269586635,224.0815550775505
2025-10-11 12:17:29+00:00,UAL584,29.19447326660156,-90.25479830228365,10363.2,278.3161269586635,224.0815550775505
2025-10-11 12:17:30+00:00,UAL584,29.194747924804688,-90.25706951434796,10363.2,278.3161269586635,224.0815550775505
2025-10-11 12:17:31+00:00,UAL584,29.195068359375,-90.25934072641223,10363.2,278.3161269586635,224.0815550775505
2025-10-11 12:17:32+00:00,UAL584,29.195343017578125,-90.26161193847656,10363.2,278.3161269586635,224.0815550775505
2025-10-11 12:17:33+00:00,UAL584,29.19566345214844,-90.26409442608173,10363.2,278.3161269586635,224.0815550775505
2025-10-11 12:17:34+00:00,UAL584,29.19593811035156,-90.266365638146,10363.2,278.3161269586635,224.0815550775505
2025-10-11 12:17:35+00:00,UAL584,29.1961669921875,-90.2682142991286,10363.2,278.3161269586635,224.0815550775505
2025-10-11 12:17:36+00:00,UAL584,29.19648742675781,-90.27048551119287,10363.2,278.3161269586635,224.0815550775505
2025-10-11 12:17:37+00:00,UAL584,29.196818723516948,-90.27320413028492,10363.2,278.3161269586635,224.0815550775505
2025-10-11 12:17:38+00:00,UAL584,29.197098036943853,-90.27546602136948,10363.2,278.33519538467766,223.57253277692047
2025-10-11 12:17:39+00:00,UAL584,29.19740295410156,-90.2775104229267,10363.2,278.33519538467766,223.57253277692047
2025-10-11 12:17:40+00:00,UAL584,29.197677612304688,-90.27978163499095,10363.2,278.33519538467766,223.57253277692047
2025-10-11 12:17:41+00:00,UAL584,29.197998046875,-90.28231694148138,10363.2,278.33519538467766,223.57253277692047
2025-10-11 12:17:42+00:00,UAL584,29.1982618428893,-90.28435202205884,10363.2,278.33519538467766,223.57253277692047
2025-10-11 12:17:43+00:00,UAL584,29.198494604078387,-90.28618307674634,10363.2,278.33519538467766,223.57253277692047
2025-10-11 12:17:44+00:00,UAL584,29.19882202148437,-90.28886648324816,10363.2,278.33519538467766,223.57253277692047
2025-10-11 12:17:45+00:00,UAL584,29.19914633540784,-90.29140696806064,10363.2,278.33519538467766,223.57253277692047
2025-10-11 12:17:46+00:00,UAL584,29.19941711425781,-90.29340890737676,10363.2,278.33519538467766,223.57253277692047
2025-10-11 12:17:47+00:00,UAL584,29.199691772460938,-90.2956801194411,10363.2,278.33519538467766,223.57253277692047
2025-10-11 12:17:48+00:00,UAL584,29.20005798339844,-90.2986379770132,10363.2,278.33519538467766,223.57253277692047
2025-10-11 12:17:49+00:00,UAL584,29.20040324582892,-90.30115464154414,10363.2,278.33519538467766,223.57253277692047
2025-10-11 12:17:50+00:00,UAL584,29.20063600701801,-90.30298569623164,10363.2,278.33519538467766,223.57253277692047
2025-10-11 12:17:51+00:00,UAL584,29.200915320444917,-90.30524758731616,10363.2,278.33519538467766,223.57253277692047
2025-10-11 12:17:52+00:00,UAL584,29.201248168945312,-90.30798691969652,10363.2,278.33519538467766,223.57253277692047
2025-10-11 12:17:53+00:00,UAL584,29.201520499536542,-90.30998678768384,10363.2,278.33519538467766,223.57253277692047
2025-10-11 12:17:54+00:00,UAL584,29.20179981296345,-90.3122486787684,10363.2,278.33519538467766,223.57253277692047
2025-10-11 12:17:55+00:00,UAL584,29.202125678628175,-90.3145644244026,10363.2,278.33519538467766,223.57253277692047
2025-10-11 12:17:56+00:00,UAL584,29.20226533534163,-90.31569536994488,10363.2,278.3543508353797,223.06353535228337
2025-10-11 12:17:57+00:00,UAL584,29.202591201006356,-90.31838809742646,10363.2,278.33519538467766,223.57253277692047
2025-10-11 12:17:58+00:00,UAL584,29.202850341796875,-90.32045217660756,10363.2,278.3543508353797,223.06353535228337
2025-10-11 12:17:59+00:00,UAL584,29.203196380097985,-90.32318115234376,10363.2,278.2047061915687,223.49853653580192
2025-10-11 12:18:00+00:00,UAL584,29.2034912109375,-90.32520587627704,10363.2,278.2235701007919,222.9893702067822
2025-10-11 12:18:01+00:00,UAL584,29.20384811142744,-90.32813577090992,10363.2,278.3543508353797,223.06353535228337
2025-10-11 12:18:02+00:00,UAL584,29.204034320378707,-90.32948213465072,10363.2,278.3543508353797,223.06353535228337
2025-10-11 12:18:03+00:00,UAL584,29.204315185546875,-90.33175541804388,10363.2,278.3543508353797,223.06353535228337
2025-10-11 12:18:04+00:00,UAL584,29.20463949947034,-90.33427518956802,10363.2,278.3543508353797,223.06353535228337
2025-10-11 12:18:05+00:00,UAL584,29.204918812897244,-90.3365370806526,10363.2,278.3543508353797,223.06353535228337
2025-10-11 12:18:06+00:00,UAL584,29.205291230799787,-90.33922980813418,10363.2,278.3543508353797,223.06353535228337
2025-10-11 12:18:07+00:00,UAL584,29.205551147460938,-90.3415269118089,10363.2,278.2235701007919,222.9893702067822
2025-10-11 12:18:08+00:00,UAL584,29.20589640989142,-90.34402286305146,10363.2,278.3543508353797,223.06353535228337
2025-10-11 12:18:09+00:00,UAL584,29.20612917108051,-90.34580006318936,10363.2,278.3543508353797,223.06353535228337
2025-10-11 12:18:10+00:00,UAL584,29.206408484507413,-90.34806195427392,10363.2,278.3543508353797,223.06353535228337
2025-10-11 12:18:11+00:00,UAL584,29.206695556640625,-90.35034766564002,10363.2,278.3543508353797,223.06353535228337
2025-10-11 12:18:12+00:00,UAL584,29.206967111361227,-90.35237031824448,10363.2,278.2235701007919,222.9893702067822
2025-10-11 12:18:13+00:00,UAL584,29.207244873046875,-90.35489008976862,10363.2,278.2235701007919,222.9893702067822
2025-10-11 12:18:14+00:00,UAL584,29.20752573821504,-90.35689410041364,10363.2,278.2235701007919,222.9893702067822
2025-10-11 12:18:15+00:00,UAL584,29.2078857421875,-90.35964378943812,10363.2,278.2235701007919,222.9893702067822
2025-10-11 12:18:16+00:00,UAL584,29.208160400390625,-90.36191500150238,10363.2,278.2235701007919,222.9893702067822
2025-10-11 12:18:17+00:00,UAL584,29.20843505859375,-90.36413339468146,10363.2,278.2235701007919,222.9893702067822
2025-10-11 12:18:18+00:00,UAL584,29.208755493164062,-90.36666870117188,10363.2,278.2235701007919,222.9893702067822
2025-10-11 12:18:19+00:00,UAL584,29.209030151367188,-90.36888709435097,10363.2,278.2235701007919,222.9893702067822
2025-10-11 12:18:20+00:00,UAL584,29.20929472325212,-90.37095013786768,10363.2,278.2235701007919,222.9893702067822
2025-10-11 12:18:21+00:00,UAL584,29.209625244140625,-90.37364079402045,10363.2,278.2235701007919,222.9893702067822
2025-10-11 12:18:22+00:00,UAL584,29.20989990234375,-90.3756893382353,10363.2,278.24252035151886,222.48022815982503
2025-10-11 12:18:23+00:00,UAL584,29.21017921577065,-90.37795122931988,10363.2,278.24252035151886,222.48022815982503
2025-10-11 12:18:24+00:00,UAL584,29.21044921875,-90.3799790602464,10363.2,278.24252035151886,222.48022815982503
2025-10-11 12:18:25+00:00,UAL584,29.210769653320312,-90.38246154785156,10363.2,278.24252035151886,222.48022815982503
2025-10-11 12:18:26+00:00,UAL584,29.211017156051376,-90.384521484375,10363.2,278.24252035151886,222.48022815982503
2025-10-11 12:18:27+00:00,UAL584,29.21129646947828,-90.38678337545956,10363.2,278.24252035151886,222.48022815982503
2025-10-11 12:18:28+00:00,UAL584,29.21162233514301,-90.38926068474268,10363.2,278.24252035151886,222.48022815982503
2025-10-11 12:18:29+00:00,UAL584,29.211901648569917,-90.3915225758272,10363.2,278.24252035151886,222.48022815982503
2025-10-11 12:18:30+00:00,UAL584,29.212142944335938,-90.393553513747,10363.2,278.24252035151886,222.48022815982503
2025-10-11 12:18:31+00:00,UAL584,29.212326049804688,-90.39492680476263,10363.2,278.1113598688863,222.4070584506348
2025-10-11 12:18:32+00:00,UAL584,29.212739588850635,-90.39809283088238,10363.2,278.24252035151886,222.48022815982503
2025-10-11 12:18:33+00:00,UAL584,29.212966918945312,-90.4001030555138,10363.2,278.24252035151886,222.48022815982503
2025-10-11 12:18:34+00:00,UAL584,29.213287353515625,-90.40237426757812,10363.2,278.24252035151886,222.48022815982503
2025-10-11 12:18:35+00:00,UAL584,29.213530976893537,-90.40439381318936,10363.2,278.24252035151886,222.48022815982503
2025-10-11 12:18:36+00:00,UAL584,29.21385684255826,-90.4068711224724,10363.2,278.24252035151886,222.48022815982503
2025-10-11 12:18:37+00:00,UAL584,29.21413615598517,-90.40913301355698,10363.2,278.24252035151886,222.48022815982503
2025-10-11 12:18:38+00:00,UAL584,29.214431762695312,-90.41161757249095,10363.2,278.24252035151886,222.48022815982503
2025-10-11 12:18:39+00:00,UAL584,29.2147413350768,-90.41392606847428,10363.2,278.24252035151886,222.48022815982503
2025-10-11 12:18:40+00:00,UAL584,29.215020648503707,-90.41613410500918,10363.2,278.24252035151886,222.48022815982503
2025-10-11 12:18:41+00:00,UAL584,29.215347290039062,-90.41864248422472,10363.2,278.24252035151886,222.48022815982503
2025-10-11 12:18:42+00:00,UAL584,29.215486170881885,-90.42001163258271,10363.2,278.24252035151886,222.48022815982503
2025-10-11 12:18:43+00:00,UAL584,29.2159423828125,-90.42339618389424,10363.2,278.1113598688863,222.4070584506348
2025-10-11 12:18:44+00:00,UAL584,29.21609134997352,-90.42453541475186,10363.2,278.24252035151886,222.48022815982503
2025-10-11 12:18:45+00:00,UAL584,29.216463767876057,-90.42765897863052,10363.2,278.24252035151886,222.48022815982503
2025-10-11 12:18:46+00:00,UAL584,29.216629028320312,-90.42904780461237,10363.2,278.2615575337219,221.97111056202004
2025-10-11 12:18:47+00:00,UAL584,29.216949462890625,-90.43126619779144,10363.2,278.2615575337219,221.97111056202004
2025-10-11 12:18:48+00:00,UAL584,29.21722412109375,-90.43353740985576,10363.2,278.2615575337219,221.97111056202004
2025-10-11 12:18:49+00:00,UAL584,29.217581021583687,-90.43627570657168,10363.2,278.2615575337219,221.97111056202004
2025-10-11 12:18:50+00:00,UAL584,29.21786033501059,-90.43848374310664,10363.2,278.13010235415595,221.89777297384668
2025-10-11 12:18:51+00:00,UAL584,29.218093872070312,-90.44056232158954,10363.2,278.13010235415595,221.89777297384668
2025-10-11 12:18:52+00:00,UAL584,29.21836853027344,-90.44278071476862,10363.2,278.13010235415595,221.89777297384668
2025-10-11 12:18:53+00:00,UAL584,29.21874482752913,-90.44548483455884,10363.2,278.2615575337219,221.97111056202004
2025-10-11 12:18:54+00:00,UAL584,29.218963623046875,-90.44753441443812,10363.2,278.13010235415595,221.89777297384668
2025-10-11 12:18:55+00:00,UAL584,29.219256902145126,-90.44957778033093,10363.2,278.13010235415595,221.89777297384668
2025-10-11 12:18:56+00:00,UAL584,29.21953621557203,-90.45205508961396,10363.2,278.13010235415595,221.89777297384668
2025-10-11 12:18:57+00:00,UAL584,29.219879150390625,-90.45450650728662,10363.2,278.2615575337219,221.97111056202004
2025-10-11 12:18:58+00:00,UAL584,29.220141394663663,-90.45657887178312,10363.2,278.2615575337219,221.97111056202004
2025-10-11 12:18:59+00:00,UAL584,29.22042070809057,-90.45905618106616,10363.2,278.2615575337219,221.97111056202004
2025-10-11 12:19:00+00:00,UAL584,29.22056579589844,-90.46015812800482,10363.2,278.2615575337219,221.97111056202004
2025-10-11 12:19:01+00:00,UAL584,29.22084045410156,-90.4624293400691,10363.2,278.13010235415595,221.89777297384668
2025-10-11 12:19:02+00:00,UAL584,29.22130520060911,-90.4657879997702,10363.2,278.2615575337219,221.97111056202004
2025-10-11 12:19:03+00:00,UAL584,29.221584514036017,-90.46826530905332,10363.2,278.13010235415595,221.89777297384668
2025-10-11 12:19:04+00:00,UAL584,29.22191037970074,-90.4705272001379,10363.2,278.2615575337219,221.97111056202004
2025-10-11 12:19:05+00:00,UAL584,29.22216796875,-90.47257056603064,10363.2,278.2615575337219,221.97111056202004
2025-10-11 12:19:06+00:00,UAL584,29.222442626953125,-90.47478895920972,10363.2,278.2615575337219,221.97111056202004
2025-10-11 12:19:07+00:00,UAL584,29.22276306152344,-90.47727144681488,10363.2,278.2615575337219,221.97111056202004
2025-10-11 12:19:08+00:00,UAL584,29.222887976694917,-90.47844381893384,10363.2,278.2615575337219,221.97111056202004
2025-10-11 12:19:09+00:00,UAL584,29.223312377929688,-90.48181387094348,10363.2,278.2615575337219,221.97111056202004
2025-10-11 12:19:10+00:00,UAL584,29.22358626026218,-90.4840446920956,10363.2,278.2615575337219,221.97111056202004
2025-10-11 12:19:11+00:00,UAL584,29.223861694335938,-90.486092200646,10363.2,278.2615575337219,221.97111056202004
2025-10-11 12:19:12+00:00,UAL584,29.224136352539062,-90.48831059382512,10363.2,278.2615575337219,221.97111056202004
2025-10-11 12:19:13+00:00,UAL584,29.22445678710937,-90.4907930814303,10363.2,278.2615575337219,221.97111056202004
2025-10-11 12:19:14+00:00,UAL584,29.224750066207623,-90.49282298368564,10363.2,278.2615575337219,221.97111056202004
2025-10-11 12:19:15+00:00,UAL584,29.224868774414062,-90.49396221454327,10363.2,278.2615575337219,221.97111056202004
2025-10-11 12:19:16+00:00,UAL584,29.22528076171875,-90.49713134765624,10363.2,278.2615575337219,221.97111056202004
2025-10-11 12:19:17+00:00,UAL584,29.2254638671875,-90.49871591421272,10363.2,278.2615575337219,221.97111056202004
2025-10-11 12:19:18+00:00,UAL584,29.225875854492188,-90.50183222844048,10363.2,278.2615575337219,221.97111056202004
2025-10-11 12:19:19+00:00,UAL584,29.226150512695312,-90.50410344050482,10363.2,278.2615575337219,221.97111056202004
2025-10-11 12:19:20+00:00,UAL584,29.22642517089844,-90.5063746525691,10363.2,278.2615575337219,221.97111056202004
2025-10-11 12:19:21+00:00,UAL584,29.22661215572034,-90.50768683938418,10363.2,278.2615575337219,221.97111056202004
2025-10-11 12:19:22+00:00,UAL584,29.227020263671875,-90.51107553335332,10363.2,278.2615575337219,221.97111056202004
2025-10-11 12:19:23+00:00,UAL584,29.227340698242188,-90.51334674541766,10363.2,278.2615575337219,221.97111056202004
2025-10-11 12:19:24+00:00,UAL584,29.22749664823888,-90.51468793083644,10363.2,278.2615575337219,221.97111056202004
2025-10-11 12:19:25+00:00,UAL584,29.227798461914062,-90.51720252403844,10363.2,278.2615575337219,221.97111056202004
2025-10-11 12:19:26+00:00,UAL584,29.228194931806144,-90.52012724034928,10363.2,278.2615575337219,221.97111056202004
2025-10-11 12:19:27+00:00,UAL584,29.228381140757413,-90.52168902228864,10363.2,278.2615575337219,221.97111056202004
2025-10-11 12:19:28+00:00,UAL584,29.22862243652344,-90.52369924692005,10363.2,278.2615575337219,221.97111056202004
2025-10-11 12:19:29+00:00,UAL584,29.22889321537341,-90.52572811351104,10363.2,278.2615575337219,221.97111056202004
2025-10-11 12:19:30+00:00,UAL584,29.22931218551377,-90.52890553193936,10363.2,278.2615575337219,221.97111056202004
2025-10-11 12:19:31+00:00,UAL584,29.229405289989405,-90.52982105928312,10363.2,278.2615575337219,221.97111056202004
2025-10-11 12:19:32+00:00,UAL584,29.2298583984375,-90.53341792179988,10363.2,278.2615575337219,221.97111056202004
2025-10-11 12:19:33+00:00,UAL584,29.23004150390625,-90.5347383939303,10363.2,278.2615575337219,221.97111056202004
2025-10-11 12:19:34+00:00,UAL584,29.230453491210938,-90.53817162146936,10363.2,278.2615575337219,221.97111056202004
2025-10-11 12:19:35+00:00,UAL584,29.23077392578125,-90.54039001464844,10363.2,278.2615575337219,221.97111056202004
2025-10-11 12:19:36+00:00,UAL584,29.23104858398437,-90.54266122671272,10363.2,278.2615575337219,221.97111056202004
2025-10-11 12:19:37+00:00,UAL584,29.2312208272643,-90.54398480583644,10363.2,278.2615575337219,221.97111056202004
2025-10-11 12:19:38+00:00,UAL584,29.231597900390625,-90.54693955641528,10363.2,278.2615575337219,221.97111056202004
2025-10-11 12:19:39+00:00,UAL584,29.23182600635593,-90.5489932789522,10363.2,278.2615575337219,221.97111056202004
2025-10-11 12:19:40+00:00,UAL584,29.232101440429688,-90.5510066105769,10363.2,278.2615575337219,221.97111056202004
2025-10-11 12:19:41+00:00,UAL584,29.232384633209744,-90.55324778837314,10363.2,278.2615575337219,221.97111056202004
2025-10-11 12:19:42+00:00,UAL584,29.23266394663665,-90.55550967945771,10363.2,278.2615575337219,221.97111056202004
2025-10-11 12:19:43+00:00,UAL584,29.232925415039062,-90.55755615234376,10363.2,278.2615575337219,221.97111056202004
2025-10-11 12:19:44+00:00,UAL584,29.233200073242188,-90.55977454552284,10363.2,278.2615575337219,221.97111056202004
2025-10-11 12:19:45+00:00,UAL584,29.23354843915519,-90.56251077090992,10363.2,278.2615575337219,221.97111056202004
2025-10-11 12:19:46+00:00,UAL584,29.233932495117188,-90.56542616624095,10363.2,278.2615575337219,221.97111056202004
2025-10-11 12:19:47+00:00,UAL584,29.234060513771187,-90.56654986213238,10363.2,278.13010235415595,221.89777297384668
2025-10-11 12:19:48+00:00,UAL584,29.234390258789062,-90.56907066932092,10363.2,278.13010235415595,221.89777297384668
2025-10-11 12:19:49+00:00,UAL584,29.23475879733845,-90.57220458984376,10363.2,278.13010235415595,221.89777297384668
2025-10-11 12:19:50+00:00,UAL584,29.234939575195312,-90.57334899902344,10363.2,278.13010235415595,221.89777297384668
2025-10-11 12:19:51+00:00,UAL584,29.23522431971663,-90.57581284466914,10363.2,278.13010235415595,221.89777297384668
2025-10-11 12:19:52+00:00,UAL584,29.23553466796875,-90.57831397423377,10363.2,278.13010235415595,221.89777297384668
2025-10-11 12:19:53+00:00,UAL584,29.235855102539062,-90.58079646183891,10363.2,278.13010235415595,221.89777297384668
2025-10-11 12:19:54+00:00,UAL584,29.236155364472985,-90.5832447725184,10363.2,278.13010235415595,221.89777297384668
2025-10-11 12:19:55+00:00,UAL584,29.236404418945312,-90.58528606708234,10363.2,278.13010235415595,221.89777297384668
2025-10-11 12:19:56+00:00,UAL584,29.2367139913268,-90.58755313648896,10363.2,278.13010235415595,221.89777297384668
2025-10-11 12:19:57+00:00,UAL584,29.236993304753707,-90.58981502757354,10363.2,278.13010235415595,221.89777297384668
2025-10-11 12:19:58+00:00,UAL584,29.23727261818061,-90.59207691865812,10363.2,278.13010235415595,221.89777297384668
2025-10-11 12:19:59+00:00,UAL584,29.23755193160752,-90.59433880974268,10363.2,278.13010235415595,221.89777297384668
2025-10-11 12:20:00+00:00,UAL584,29.237823486328125,-90.59658930851862,10363.2,278.13010235415595,221.89777297384668
2025-10-11 12:20:01+00:00,UAL584,29.23809814453125,-90.5988077016977,10363.2,278.13010235415595,221.89777297384668
2025-10-11 12:20:02+00:00,UAL584,29.23841857910156,-90.60107891376202,10363.2,278.13010235415595,221.89777297384668
2025-10-11 12:20:03+00:00,UAL584,29.238669185315143,-90.60333251953124,10363.2,278.13010235415595,221.89777297384668
2025-10-11 12:20:04+00:00,UAL584,29.23894849874205,-90.60559441061582,10363.2,278.13010235415595,221.89777297384668
2025-10-11 12:20:05+00:00,UAL584,29.23919677734375,-90.6076284555288,10363.2,278.13010235415595,221.89777297384668
2025-10-11 12:20:06+00:00,UAL584,29.23946057335805,-90.6096873563879,10363.2,278.13010235415595,221.89777297384668
2025-10-11 12:20:07+00:00,UAL584,29.23978643902277,-90.61216466567096,10363.2,278.13010235415595,221.89777297384668
2025-10-11 12:20:08+00:00,UAL584,29.240020751953125,-90.61417799729566,10363.2,278.13010235415595,221.89777297384668
2025-10-11 12:20:09+00:00,UAL584,29.24015885692532,-90.61528822954966,10363.2,278.13010235415595,221.89777297384668
2025-10-11 12:20:10+00:00,UAL584,29.24062437930349,-90.618896484375,10363.2,278.13010235415595,221.89777297384668
2025-10-11 12:20:11+00:00,UAL584,29.240950244968214,-90.62137379365812,10363.2,278.13010235415595,221.89777297384668
2025-10-11 12:20:12+00:00,UAL584,29.241256713867188,-90.62389667217548,10363.2,278.13010235415595,221.89777297384668
2025-10-11 12:20:13+00:00,UAL584,29.24150887182203,-90.6258975758272,10363.2,278.13010235415595,221.89777297384668
2025-10-11 12:20:14+00:00,UAL584,29.24178818524894,-90.6283748851103,10363.2,278.13010235415595,221.89777297384668
2025-10-11 12:20:15+00:00,UAL584,29.24203491210937,-90.63044621394232,10363.2,277.9985609465036,221.8256042088635
2025-10-11 12:20:16+00:00,UAL584,29.2423095703125,-90.6326646071214,10363.2,277.9985609465036,221.8256042088635
2025-10-11 12:20:17+00:00,UAL584,29.24253845214844,-90.63446044921876,10363.2,277.9985609465036,221.8256042088635
2025-10-11 12:20:18+00:00,UAL584,29.24290543895657,-90.63720703125,10363.2,277.9985609465036,221.8256042088635
2025-10-11 12:20:19+00:00,UAL584,29.243133544921875,-90.6392141488882,10363.2,277.9985609465036,221.8256042088635
2025-10-11 12:20:20+00:00,UAL584,29.243408203125,-90.64148536095252,10363.2,277.9985609465036,221.8256042088635
2025-10-11 12:20:21+00:00,UAL584,29.243682861328125,-90.64349247859076,10363.2,277.9985609465036,221.8256042088635
2025-10-11 12:20:22+00:00,UAL584,29.243976140426376,-90.64598532284008,10363.2,277.9985609465036,221.8256042088635
2025-10-11 12:20:23+00:00,UAL584,29.24423217773437,-90.64803490271936,10363.2,277.9985609465036,221.8256042088635
2025-10-11 12:20:24+00:00,UAL584,29.244461059570312,-90.64983074481673,10363.2,277.9985609465036,221.8256042088635
2025-10-11 12:20:25+00:00,UAL584,29.244873046875,-90.65321115347052,10363.2,277.9985609465036,221.8256042088635
2025-10-11 12:20:26+00:00,UAL584,29.245147705078125,-90.65548236553484,10363.2,277.9985609465036,221.8256042088635
2025-10-11 12:20:27+00:00,UAL584,29.245285034179688,-90.65685565655048,10363.2,277.9985609465036,221.8256042088635
2025-10-11 12:20:28+00:00,UAL584,29.24560546875,-90.65933814415564,10363.2,277.9985609465036,221.8256042088635
2025-10-11 12:20:29+00:00,UAL584,29.245880126953125,-90.66155653733472,10363.2,277.9985609465036,221.8256042088635
2025-10-11 12:20:30+00:00,UAL584,29.24615478515625,-90.66382774939903,10363.2,277.9985609465036,221.8256042088635
2025-10-11 12:20:31+00:00,UAL584,29.246396856792902,-90.6658576516544,10363.2,277.9985609465036,221.8256042088635
2025-10-11 12:20:32+00:00,UAL584,29.24658306574417,-90.6672040153952,10363.2,277.9985609465036,221.8256042088635
2025-10-11 12:20:33+00:00,UAL584,29.24700203588453,-90.67059685202209,10363.2,277.9985609465036,221.8256042088635
2025-10-11 12:20:34+00:00,UAL584,29.24728134931144,-90.67285874310664,10363.2,277.9985609465036,221.8256042088635
2025-10-11 12:20:36+00:00,UAL584,29.24794006347656,-90.6783001239483,10363.2,277.9985609465036,221.8256042088635
2025-10-11 12:20:37+00:00,UAL584,29.248031616210938,-90.679198044997,10363.2,277.9985609465036,221.8256042088635
2025-10-11 12:20:38+00:00,UAL584,29.248443603515625,-90.68231435922472,10363.2,277.9985609465036,221.8256042088635
2025-10-11 12:20:39+00:00,UAL584,29.24867791644597,-90.68459903492646,10363.2,277.9985609465036,221.8256042088635
2025-10-11 12:20:40+00:00,UAL584,29.248947143554688,-90.6866455078125,10363.2,277.9985609465036,221.8256042088635
2025-10-11 12:20:41+00:00,UAL584,29.24922180175781,-90.68886390099158,10363.2,277.9985609465036,221.8256042088635
2025-10-11 12:20:42+00:00,UAL584,29.24946930448888,-90.69090001723345,10363.2,277.9985609465036,221.8256042088635
2025-10-11 12:20:43+00:00,UAL584,29.249771118164062,-90.6931422306941,10363.2,277.9985609465036,221.8256042088635
2025-10-11 12:20:44+00:00,UAL584,29.25007448358051,-90.69563921760113,10363.2,277.9985609465036,221.8256042088635
2025-10-11 12:20:45+00:00,UAL584,29.2503662109375,-90.69810720590442,10363.2,277.9985609465036,221.8256042088635
2025-10-11 12:20:46+00:00,UAL584,29.25063311043432,-90.70037841796876,10363.2,277.9985609465036,221.8256042088635
2025-10-11 12:20:47+00:00,UAL584,29.25091552734375,-90.70238553560694,10363.2,277.9985609465036,221.8256042088635
2025-10-11 12:20:48+00:00,UAL584,29.251190185546875,-90.70465674767128,10363.2,277.9985609465036,221.8256042088635
2025-10-11 12:20:49+00:00,UAL584,29.25141906738281,-90.7067166841947,10363.2,277.9985609465036,221.8256042088635
2025-10-11 12:20:50+00:00,UAL584,29.251693725585938,-90.70893507737378,10363.2,277.9985609465036,221.8256042088635
2025-10-11 12:20:51+00:00,UAL584,29.252076229806672,-90.71190329159008,10363.2,277.9985609465036,221.8256042088635
2025-10-11 12:20:52+00:00,UAL584,29.25228881835937,-90.71390005258412,10363.2,277.9985609465036,221.8256042088635
2025-10-11 12:20:53+00:00,UAL584,29.252609252929688,-90.71638254018929,10363.2,277.9985609465036,221.8256042088635
2025-10-11 12:20:54+00:00,UAL584,29.25288391113281,-90.7186537522536,10363.2,277.9985609465036,221.8256042088635
2025-10-11 12:20:55+00:00,UAL584,29.253146931276483,-90.72068158318018,10363.2,277.9985609465036,221.8256042088635
2025-10-11 12:20:56+00:00,UAL584,29.2532958984375,-90.72182288536658,10363.2,277.9985609465036,221.8256042088635
2025-10-11 12:20:57+00:00,UAL584,29.25365900589248,-90.72493609260113,10363.2,277.9985609465036,221.8256042088635
2025-10-11 12:20:58+00:00,UAL584,29.253936767578125,-90.7269991361178,10363.2,277.9985609465036,221.8256042088635
2025-10-11 12:20:59+00:00,UAL584,29.254171080508478,-90.72902903837314,10363.2,277.9985609465036,221.8256042088635
2025-10-11 12:21:00+00:00,UAL584,29.254590050648837,-90.7323680204504,10363.2,277.9985609465036,221.8256042088635
2025-10-11 12:21:01+00:00,UAL584,29.254852294921875,-90.73444659893327,10363.2,277.9985609465036,221.8256042088635
2025-10-11 12:21:02+00:00,UAL584,29.25514867750265,-90.73689180261948,10363.2,277.9985609465036,221.8256042088635
2025-10-11 12:21:03+00:00,UAL584,29.25538143869173,-90.73893827550552,10363.2,277.9985609465036,221.8256042088635
2025-10-11 12:21:04+00:00,UAL584,29.255630493164062,-90.74094332181488,10363.2,277.9985609465036,221.8256042088635
2025-10-11 12:21:05+00:00,UAL584,29.255905151367188,-90.7432145338792,10363.2,277.9985609465036,221.8256042088635
2025-10-11 12:21:06+00:00,UAL584,29.256134033203125,-90.74501037597656,10363.2,277.9985609465036,221.8256042088635
2025-10-11 12:21:07+00:00,UAL584,29.25649869239936,-90.74814740349268,10363.2,277.9985609465036,221.8256042088635
2025-10-11 12:21:08+00:00,UAL584,29.256684901350635,-90.74954762178312,10363.2,277.9985609465036,221.8256042088635
2025-10-11 12:21:09+00:00,UAL584,29.25696421477754,-90.75175565831802,10363.2,277.9985609465036,221.8256042088635
2025-10-11 12:21:10+00:00,UAL584,29.257232666015625,-90.75404240534856,10363.2,277.9985609465036,221.8256042088635
2025-10-11 12:21:11+00:00,UAL584,29.257644653320312,-90.75721153846156,10363.2,277.9985609465036,221.8256042088635
2025-10-11 12:21:12+00:00,UAL584,29.257895259533896,-90.75924144071688,10363.2,277.9985609465036,221.8256042088635
2025-10-11 12:21:13+00:00,UAL584,29.258174572960804,-90.76144947725186,10363.2,278.01709307365536,221.3161765212257
2025-10-11 12:21:14+00:00,UAL584,29.25845388638771,-90.76392678653492,10363.2,277.9985609465036,221.8256042088635
2025-10-11 12:21:15+00:00,UAL584,29.25860595703125,-90.76508155235877,10363.2,278.01709307365536,221.3161765212257
2025-10-11 12:21:16+00:00,UAL584,29.25888061523437,-90.76729994553784,10363.2,278.01709307365536,221.3161765212257
2025-10-11 12:21:17+00:00,UAL584,29.259292602539062,-90.77068035419173,10363.2,278.01709307365536,221.3161765212257
2025-10-11 12:21:18+00:00,UAL584,29.25957114009534,-90.772705078125,10363.2,278.01709307365536,221.3161765212257
2025-10-11 12:21:19+00:00,UAL584,29.25966424457097,-90.77362060546876,10363.2,278.01709307365536,221.3161765212257
2025-10-11 12:21:20+00:00,UAL584,29.26007080078125,-90.77701862041766,10363.2,278.01709307365536,221.3161765212257
2025-10-11 12:21:21+00:00,UAL584,29.26036252813824,-90.77927533318018,10363.2,278.01709307365536,221.3161765212257
2025-10-11 12:21:22+00:00,UAL584,29.26059528932733,-90.78105253331802,10363.2,278.01709307365536,221.3161765212257
2025-10-11 12:21:23+00:00,UAL584,29.260874602754235,-90.7833144244026,10363.2,278.01709307365536,221.3161765212257
2025-10-11 12:21:24+00:00,UAL584,29.261153916181144,-90.78557631548716,10363.2,278.01709307365536,221.3161765212257
2025-10-11 12:21:25+00:00,UAL584,29.26143322960805,-90.7880536247702,10363.2,278.01709307365536,221.3161765212257
2025-10-11 12:21:26+00:00,UAL584,29.26175909527277,-90.79074635225186,10363.2,278.01709307365536,221.3161765212257
2025-10-11 12:21:27+00:00,UAL584,29.26194530422405,-90.79209271599268,10363.2,278.01709307365536,221.3161765212257
2025-10-11 12:21:28+00:00,UAL584,29.26222461765095,-90.7943546070772,10363.2,278.01709307365536,221.3161765212257
2025-10-11 12:21:29+00:00,UAL584,29.26263427734375,-90.7975123478816,10363.2,278.01709307365536,221.3161765212257
2025-10-11 12:21:30+00:00,UAL584,29.262908935546875,-90.79973074106069,10363.2,278.01709307365536,221.3161765212257
2025-10-11 12:21:31+00:00,UAL584,29.263155662407307,-90.80178653492646,10363.2,278.01709307365536,221.3161765212257
2025-10-11 12:21:32+00:00,UAL584,29.2633884235964,-90.8037791532629,10363.2,278.01709307365536,221.3161765212257
2025-10-11 12:21:33+00:00,UAL584,29.263641357421875,-90.8058049128606,10363.2,278.01709307365536,221.3161765212257
2025-10-11 12:21:34+00:00,UAL584,29.263916015625,-90.80807612492488,10363.2,278.01709307365536,221.3161765212257
2025-10-11 12:21:35+00:00,UAL584,29.264190673828125,-90.8103473369892,10363.2,278.01709307365536,221.3161765212257
2025-10-11 12:21:36+00:00,UAL584,29.26455222954184,-90.81304213579966,10363.2,278.01709307365536,221.3161765212257
2025-10-11 12:21:37+00:00,UAL584,29.26478576660156,-90.81504821777344,10363.2,278.01709307365536,221.3161765212257
2025-10-11 12:21:38+00:00,UAL584,29.265060424804688,-90.81731942983772,10363.2,278.01709307365536,221.3161765212257
2025-10-11 12:21:39+00:00,UAL584,29.265289306640625,-90.81911527193506,10363.2,278.01709307365536,221.3161765212257
2025-10-11 12:21:40+00:00,UAL584,29.265655517578125,-90.822020310622,10363.2,278.01709307365536,221.3161765212257
2025-10-11 12:21:41+00:00,UAL584,29.26590224443856,-90.82402846392466,10363.2,278.01709307365536,221.3161765212257
2025-10-11 12:21:42+00:00,UAL584,29.26620483398437,-90.82650991586536,10363.2,278.01709307365536,221.3161765212257
2025-10-11 12:21:43+00:00,UAL584,29.26646087129237,-90.82876766429229,10363.2,278.01709307365536,221.3161765212257
2025-10-11 12:21:44+00:00,UAL584,29.26674018471928,-90.83102955537686,10363.2,278.01709307365536,221.3161765212257
2025-10-11 12:21:45+00:00,UAL584,29.26698303222656,-90.8330594576322,10363.2,278.01709307365536,221.3161765212257
2025-10-11 12:21:46+00:00,UAL584,29.26715915485964,-90.83415311925552,10363.2,278.01709307365536,221.3161765212257
2025-10-11 12:21:47+00:00,UAL584,29.267578125,-90.83776033841644,10363.2,278.01709307365536,221.3161765212257
2025-10-11 12:21:48+00:00,UAL584,29.267807006835938,-90.8395561805138,10363.2,278.01709307365536,221.3161765212257
2025-10-11 12:21:49+00:00,UAL584,29.268081665039062,-90.84182739257812,10363.2,278.01709307365536,221.3161765212257
2025-10-11 12:21:50+00:00,UAL584,29.268462617518537,-90.84497788373164,10363.2,278.01709307365536,221.3161765212257
2025-10-11 12:21:51+00:00,UAL584,29.26860227423199,-90.8458934110754,10363.2,278.01709307365536,221.3161765212257
2025-10-11 12:21:52+00:00,UAL584,29.26899719238281,-90.84927485539362,10363.2,278.01709307365536,221.3161765212257
2025-10-11 12:21:53+00:00,UAL584,29.269317626953125,-90.8517045241136,10363.2,278.01709307365536,221.3161765212257
2025-10-11 12:21:54+00:00,UAL584,29.269500732421875,-90.8530778151292,10363.2,278.01709307365536,221.3161765212257
2025-10-11 12:21:55+00:00,UAL584,29.269859184653072,-90.85601806640624,10363.2,278.01709307365536,221.3161765212257
2025-10-11 12:21:56+00:00,UAL584,29.270138498079977,-90.85822610294116,10363.2,278.01709307365536,221.3161765212257
2025-10-11 12:21:57+00:00,UAL584,29.270417811506885,-90.86070341222428,10363.2,278.01709307365536,221.3161765212257
2025-10-11 12:21:58+00:00,UAL584,29.270604020458155,-90.86204977596508,10363.2,278.01709307365536,221.3161765212257
2025-10-11 12:21:59+00:00,UAL584,29.270883333885063,-90.86431166704966,10363.2,278.01709307365536,221.3161765212257
2025-10-11 12:22:00+00:00,UAL584,29.271240234375,-90.8672332763672,10363.2,278.01709307365536,221.3161765212257
2025-10-11 12:22:01+00:00,UAL584,29.27148851297669,-90.86948170381436,10363.2,277.885169570069,221.24501424237147
2025-10-11 12:22:02+00:00,UAL584,29.27172127416578,-90.87131275850186,10363.2,277.885169570069,221.24501424237147
2025-10-11 12:22:03+00:00,UAL584,29.27197265625,-90.87330744816704,10363.2,277.885169570069,221.24501424237147
2025-10-11 12:22:04+00:00,UAL584,29.272247314453125,-90.87578993577222,10363.2,277.885169570069,221.24501424237147
2025-10-11 12:22:05+00:00,UAL584,29.27252197265625,-90.87806114783656,10363.2,277.885169570069,221.24501424237147
2025-10-11 12:22:06+00:00,UAL584,29.27279663085937,-90.88027954101562,10363.2,277.885169570069,221.24501424237147
2025-10-11 12:22:07+00:00,UAL584,29.2730712890625,-90.88229908662686,10363.2,277.885169570069,221.24501424237147
2025-10-11 12:22:08+00:00,UAL584,29.273345947265625,-90.88455787071814,10363.2,277.885169570069,221.24501424237147
2025-10-11 12:22:09+00:00,UAL584,29.27362060546875,-90.88682908278248,10363.2,277.885169570069,221.24501424237147
2025-10-11 12:22:10+00:00,UAL584,29.2738626771054,-90.88881548713238,10363.2,277.885169570069,221.24501424237147
2025-10-11 12:22:11+00:00,UAL584,29.274215698242188,-90.89174123910756,10363.2,277.885169570069,221.24501424237147
2025-10-11 12:22:12+00:00,UAL584,29.27451440843485,-90.89398552389709,10363.2,277.885169570069,221.24501424237147
2025-10-11 12:22:13+00:00,UAL584,29.274810791015625,-90.89649493877704,10363.2,277.885169570069,221.24501424237147
2025-10-11 12:22:14+00:00,UAL584,29.27493337857521,-90.8975937787224,10363.2,277.9034887190255,220.73544558976573
2025-10-11 12:22:15+00:00,UAL584,29.27521269200212,-90.90007108800552,10363.2,277.885169570069,221.24501424237147
2025-10-11 12:22:16+00:00,UAL584,29.27563166214248,-90.90324850643384,10363.2,278.01709307365536,221.3161765212257
2025-10-11 12:22:17+00:00,UAL584,29.27577209472656,-90.90436495267426,10363.2,278.01709307365536,221.3161765212257
2025-10-11 12:22:18+00:00,UAL584,29.27618408203125,-90.90774536132812,10363.2,277.885169570069,221.24501424237147
2025-10-11 12:22:19+00:00,UAL584,29.27642305018538,-90.90976490693936,10363.2,278.01709307365536,221.3161765212257
2025-10-11 12:22:20+00:00,UAL584,29.276687622070312,-90.91175959660455,10363.2,278.01709307365536,221.3161765212257
2025-10-11 12:22:21+00:00,UAL584,29.276935124801376,-90.91380399816175,10363.2,278.01709307365536,221.3161765212257
2025-10-11 12:22:22+00:00,UAL584,29.27728271484375,-90.91693584735576,10363.2,278.01709307365536,221.3161765212257
2025-10-11 12:22:23+00:00,UAL584,29.2774658203125,-90.9183091383714,10363.2,278.01709307365536,221.3161765212257
2025-10-11 12:22:24+00:00,UAL584,29.277740478515625,-90.92052753155048,10363.2,277.885169570069,221.24501424237147
2025-10-11 12:22:25+00:00,UAL584,29.278052378509003,-90.92301312614892,10363.2,277.885169570069,221.24501424237147
2025-10-11 12:22:26+00:00,UAL584,29.27833169193591,-90.92549043543198,10363.2,277.885169570069,221.24501424237147
2025-10-11 12:22:27+00:00,UAL584,29.278611005362816,-90.92775232651655,10363.2,277.885169570069,221.24501424237147
2025-10-11 12:22:28+00:00,UAL584,29.278843766551905,-90.9295295266544,10363.2,277.885169570069,221.24501424237147
2025-10-11 12:22:29+00:00,UAL584,29.27915954589844,-90.9319892296424,10363.2,277.885169570069,221.24501424237147
2025-10-11 12:22:30+00:00,UAL584,29.27940239340572,-90.93426872702209,10363.2,277.885169570069,221.24501424237147
2025-10-11 12:22:31+00:00,UAL584,29.279681706832623,-90.93653061810664,10363.2,277.885169570069,221.24501424237147
2025-10-11 12:22:32+00:00,UAL584,29.280029296875,-90.93943669245796,10363.2,277.885169570069,221.24501424237147
2025-10-11 12:22:33+00:00,UAL584,29.28019378144862,-90.9407851275276,10363.2,277.885169570069,221.24501424237147
2025-10-11 12:22:34+00:00,UAL584,29.28047309487553,-90.94304701861216,10363.2,277.885169570069,221.24501424237147
2025-10-11 12:22:35+00:00,UAL584,29.28062438964844,-90.9441375732422,10363.2,277.885169570069,221.24501424237147
2025-10-11 12:22:36+00:00,UAL584,29.280990600585938,-90.94730670635516,10363.2,277.885169570069,221.24501424237147
2025-10-11 12:22:37+00:00,UAL584,29.28131103515625,-90.9499942555147,10363.2,277.885169570069,221.24501424237147
2025-10-11 12:22:38+00:00,UAL584,29.28167724609375,-90.95290550818812,10363.2,277.885169570069,221.24501424237147
2025-10-11 12:22:39+00:00,UAL584,29.281823109772244,-90.95403334673716,10363.2,277.885169570069,221.24501424237147
2025-10-11 12:22:40+00:00,UAL584,29.282102423199152,-90.95629523782168,10363.2,277.885169570069,221.24501424237147
2025-10-11 12:22:41+00:00,UAL584,29.28236389160156,-90.95855712890624,10363.2,277.885169570069,221.24501424237147
2025-10-11 12:22:42+00:00,UAL584,29.282730102539062,-90.96172626201924,10363.2,277.885169570069,221.24501424237147
2025-10-11 12:22:43+00:00,UAL584,29.282958984375,-90.96352210411658,10363.2,277.885169570069,221.24501424237147
2025-10-11 12:22:44+00:00,UAL584,29.28321967690678,-90.96577363855698,10363.2,277.885169570069,221.24501424237147
2025-10-11 12:22:45+00:00,UAL584,29.283498990333687,-90.96803552964155,10363.2,277.885169570069,221.24501424237147
2025-10-11 12:22:46+00:00,UAL584,29.283737182617188,-90.97001882699816,10363.2,277.885169570069,221.24501424237147
2025-10-11 12:22:47+00:00,UAL584,29.28410416942532,-90.97293629365812,10363.2,277.885169570069,221.24501424237147
2025-10-11 12:22:48+00:00,UAL584,29.284383482852224,-90.97519818474268,10363.2,277.885169570069,221.24501424237147
2025-10-11 12:22:49+00:00,UAL584,29.28456115722656,-90.97656836876502,10363.2,277.885169570069,221.24501424237147
2025-10-11 12:22:50+00:00,UAL584,29.28494210970604,-90.9799373851103,10363.2,277.885169570069,221.24501424237147
2025-10-11 12:22:51+00:00,UAL584,29.28508176641949,-90.9810683306526,10363.2,277.885169570069,221.24501424237147
2025-10-11 12:22:52+00:00,UAL584,29.285385131835938,-90.9835404616136,10363.2,277.885169570069,221.24501424237147
2025-10-11 12:22:53+00:00,UAL584,29.28568694551112,-90.98602294921876,10363.2,277.9034887190255,220.73544558976573
2025-10-11 12:22:54+00:00,UAL584,29.285934448242188,-90.98803006685694,10363.2,277.9034887190255,220.73544558976573
2025-10-11 12:22:55+00:00,UAL584,29.2862548828125,-90.99051255446216,10363.2,277.9034887190255,220.73544558976573
2025-10-11 12:22:56+00:00,UAL584,29.286478333554022,-90.99253934972428,10363.2,277.9034887190255,220.73544558976573
2025-10-11 12:22:57+00:00,UAL584,29.28675842285156,-90.9945267897386,10363.2,277.9034887190255,220.73544558976573
2025-10-11 12:22:58+00:00,UAL584,29.28699040817002,-90.99657844094668,10363.2,278.0357107105348,220.806772094018
2025-10-11 12:22:59+00:00,UAL584,29.28740937831038,-90.99991742302392,10363.2,278.0357107105348,220.806772094018
2025-10-11 12:23:00+00:00,UAL584,29.287628173828125,-91.00197425255408,10363.2,278.0357107105348,220.806772094018
2025-10-11 12:23:01+00:00,UAL584,29.28794860839844,-91.00419264573316,10363.2,278.0357107105348,220.806772094018
2025-10-11 12:23:02+00:00,UAL584,29.288154214115465,-91.00621840533093,10363.2,278.0357107105348,220.806772094018
2025-10-11 12:23:03+00:00,UAL584,29.2884521484375,-91.00847097543569,10363.2,278.0357107105348,220.806772094018
2025-10-11 12:23:04+00:00,UAL584,29.288726806640625,-91.0107421875,10363.2,278.0357107105348,220.806772094018
2025-10-11 12:23:05+00:00,UAL584,29.288992154396187,-91.01273480583644,10363.2,278.0357107105348,220.806772094018
2025-10-11 12:23:06+00:00,UAL584,29.289230346679688,-91.01475642277644,10363.2,277.9034887190255,220.73544558976573
2025-10-11 12:23:07+00:00,UAL584,29.28964233398437,-91.0181368314303,10363.2,277.9034887190255,220.73544558976573
2025-10-11 12:23:08+00:00,UAL584,29.28978354243909,-91.01925120634188,10363.2,277.9034887190255,220.73544558976573
2025-10-11 12:23:09+00:00,UAL584,29.29014587402344,-91.02220388559192,10363.2,277.9034887190255,220.73544558976573
2025-10-11 12:23:10+00:00,UAL584,29.29042053222656,-91.024422278771,10363.2,277.885169570069,221.24501424237147
2025-10-11 12:23:11+00:00,UAL584,29.29057493048199,-91.0257676068474,10363.2,277.9034887190255,220.73544558976573
2025-10-11 12:23:12+00:00,UAL584,29.29096984863281,-91.02917597844048,10363.2,277.9034887190255,220.73544558976573
2025-10-11 12:23:13+00:00,UAL584,29.291244506835938,-91.03118309607872,10363.2,277.9034887190255,220.73544558976573
2025-10-11 12:23:14+00:00,UAL584,29.2913818359375,-91.03255638709436,10363.2,277.9034887190255,220.73544558976573
2025-10-11 12:23:15+00:00,UAL584,29.291656494140625,-91.03477478027344,10363.2,277.9034887190255,220.73544558976573
2025-10-11 12:23:16+00:00,UAL584,29.291976928710938,-91.0372572678786,10363.2,278.0357107105348,220.806772094018
2025-10-11 12:23:17+00:00,UAL584,29.29234313964844,-91.04042640099158,10363.2,278.0357107105348,220.806772094018
2025-10-11 12:23:18+00:00,UAL584,29.29261779785156,-91.04264479417066,10363.2,278.0357107105348,220.806772094018
2025-10-11 12:23:19+00:00,UAL584,29.292800903320312,-91.04401808518628,10363.2,278.0357107105348,220.806772094018
2025-10-11 12:23:20+00:00,UAL584,29.293121337890625,-91.04644775390624,10363.2,278.0357107105348,220.806772094018
2025-10-11 12:23:21+00:00,UAL584,29.29339599609375,-91.04871896597052,10363.2,278.0357107105348,220.806772094018
2025-10-11 12:23:22+00:00,UAL584,29.293716430664062,-91.05141272911658,10363.2,277.9034887190255,220.73544558976573
2025-10-11 12:23:23+00:00,UAL584,29.293853759765625,-91.0527860201322,10363.2,277.9034887190255,220.73544558976573
2025-10-11 12:23:24+00:00,UAL584,29.294174194335938,-91.05521568885216,10363.2,277.9034887190255,220.73544558976573
2025-10-11 12:23:25+00:00,UAL584,29.29454040527344,-91.05838482196516,10363.2,277.9034887190255,220.73544558976573
2025-10-11 12:23:26+00:00,UAL584,29.29467152740996,-91.05948055491729,10363.2,277.9034887190255,220.73544558976573
2025-10-11 12:23:27+00:00,UAL584,29.295135498046875,-91.0630857027494,10363.2,277.9034887190255,220.73544558976573
2025-10-11 12:23:28+00:00,UAL584,29.295369810977224,-91.06513528262866,10363.2,277.9034887190255,220.73544558976573
2025-10-11 12:23:29+00:00,UAL584,29.29555601992849,-91.06648164636948,10363.2,277.9034887190255,220.73544558976573
2025-10-11 12:23:30+00:00,UAL584,29.2958353333554,-91.0689589556526,10363.2,277.9034887190255,220.73544558976573
2025-10-11 12:23:31+00:00,UAL584,29.296142578125,-91.0714310866136,10363.2,277.9034887190255,220.73544558976573
2025-10-11 12:23:32+00:00,UAL584,29.296393960209212,-91.07342888327209,10363.2,277.9034887190255,220.73544558976573
2025-10-11 12:23:33+00:00,UAL584,29.29667327363612,-91.07569077435664,10363.2,277.9034887190255,220.73544558976573
2025-10-11 12:23:34+00:00,UAL584,29.29695258706303,-91.0781680836397,10363.2,277.9034887190255,220.73544558976573
2025-10-11 12:23:35+00:00,UAL584,29.297195434570312,-91.08019902155952,10363.2,277.9034887190255,220.73544558976573
2025-10-11 12:23:36+00:00,UAL584,29.29751121391684,-91.08263801125918,10363.2,277.9034887190255,220.73544558976573
2025-10-11 12:23:37+00:00,UAL584,29.297836303710938,-91.08532245342548,10363.2,277.7711819549333,220.66529537311368
2025-10-11 12:23:38+00:00,UAL584,29.2979736328125,-91.0866957444411,10363.2,277.7711819549333,220.66529537311368
2025-10-11 12:23:39+00:00,UAL584,29.298385620117188,-91.08986487755408,10363.2,277.7711819549333,220.66529537311368
2025-10-11 12:23:40+00:00,UAL584,29.298614501953125,-91.09208327073316,10363.2,277.7711819549333,220.66529537311368
2025-10-11 12:23:41+00:00,UAL584,29.298907781051376,-91.0943244485294,10363.2,277.7711819549333,220.66529537311368
2025-10-11 12:23:42+00:00,UAL584,29.29916381835937,-91.09636160043569,10363.2,277.7711819549333,220.66529537311368
2025-10-11 12:23:43+00:00,UAL584,29.299392700195312,-91.0986328125,10363.2,277.7711819549333,220.66529537311368
2025-10-11 12:23:44+00:00,UAL584,29.29965261685646,-91.10062543083644,10363.2,277.7711819549333,220.66529537311368
2025-10-11 12:23:45+00:00,UAL584,29.29989624023437,-91.10285832331732,10363.2,277.7711819549333,220.66529537311368
2025-10-11 12:23:46+00:00,UAL584,29.3001708984375,-91.1051295353816,10363.2,277.7711819549333,220.66529537311368
2025-10-11 12:23:47+00:00,UAL584,29.300445556640625,-91.10734792856069,10363.2,277.7711819549333,220.66529537311368
2025-10-11 12:23:48+00:00,UAL584,29.30072331832627,-91.109619140625,10363.2,277.7711819549333,220.66529537311368
2025-10-11 12:23:49+00:00,UAL584,29.301002631753175,-91.11188103170956,10363.2,277.7711819549333,220.66529537311368
2025-10-11 12:23:50+00:00,UAL584,29.301235392942267,-91.11408906824448,10363.2,277.7711819549333,220.66529537311368
2025-10-11 12:23:51+00:00,UAL584,29.301544189453125,-91.11637995793268,10363.2,277.7711819549333,220.66529537311368
2025-10-11 12:23:52+00:00,UAL584,29.301840572033896,-91.11882826861216,10363.2,277.7711819549333,220.66529537311368
2025-10-11 12:23:53+00:00,UAL584,29.302047729492188,-91.12086956317609,10363.2,277.7711819549333,220.66529537311368
2025-10-11 12:23:54+00:00,UAL584,29.30239919888771,-91.1235674689798,10363.2,277.7711819549333,220.66529537311368
2025-10-11 12:23:55+00:00,UAL584,29.302678512314618,-91.1257755055147,10363.2,277.7711819549333,220.66529537311368
2025-10-11 12:23:56+00:00,UAL584,29.30291748046875,-91.1277888371394,10363.2,277.7711819549333,220.66529537311368
2025-10-11 12:23:57+00:00,UAL584,29.303192138671875,-91.13027132474456,10363.2,277.7711819549333,220.66529537311368
2025-10-11 12:23:58+00:00,UAL584,29.303466796875,-91.1325425368089,10363.2,277.7711819549333,220.66529537311368
2025-10-11 12:23:59+00:00,UAL584,29.303741455078125,-91.13476092998798,10363.2,277.7711819549333,220.66529537311368
2025-10-11 12:24:00+00:00,UAL584,29.30398197497352,-91.13681568818936,10363.2,277.7711819549333,220.66529537311368
2025-10-11 12:24:01+00:00,UAL584,29.304168183924787,-91.13837747012866,10363.2,277.7711819549333,220.66529537311368
2025-10-11 12:24:02+00:00,UAL584,29.30444749735169,-91.14058550666364,10363.2,277.7711819549333,220.66529537311368
2025-10-11 12:24:03+00:00,UAL584,29.3047268107786,-91.14284739774814,10363.2,277.7711819549333,220.66529537311368
2025-10-11 12:24:04+00:00,UAL584,29.30502319335937,-91.14532470703124,10363.2,277.7711819549333,220.66529537311368
2025-10-11 12:24:05+00:00,UAL584,29.305331989870236,-91.1480174345129,10363.2,277.7711819549333,220.66529537311368
2025-10-11 12:24:06+00:00,UAL584,29.305572509765625,-91.15002558781548,10363.2,277.7711819549333,220.66529537311368
2025-10-11 12:24:07+00:00,UAL584,29.30584716796875,-91.15229679987982,10363.2,277.7711819549333,220.66529537311368
2025-10-11 12:24:08+00:00,UAL584,29.30612337791313,-91.1545338350184,10363.2,277.7711819549333,220.66529537311368
2025-10-11 12:24:09+00:00,UAL584,29.30635070800781,-91.15657512958234,10363.2,277.7711819549333,220.66529537311368
2025-10-11 12:24:10+00:00,UAL584,29.306588900291317,-91.15857292624082,10363.2,277.7711819549333,220.66529537311368
2025-10-11 12:24:11+00:00,UAL584,29.307007870431672,-91.16196576286768,10363.2,277.7711819549333,220.66529537311368
2025-10-11 12:24:12+00:00,UAL584,29.30728718385858,-91.1641737994026,10363.2,277.9034887190255,220.73544558976573
2025-10-11 12:24:13+00:00,UAL584,29.307403564453125,-91.165290245643,10363.2,277.9034887190255,220.73544558976573
2025-10-11 12:24:14+00:00,UAL584,29.307769775390625,-91.16845937875598,10363.2,277.9034887190255,220.73544558976573
2025-10-11 12:24:15+00:00,UAL584,29.30799865722656,-91.1700439453125,10363.2,277.9034887190255,220.73544558976573
2025-10-11 12:24:16+00:00,UAL584,29.3082275390625,-91.17226233849158,10363.2,277.9034887190255,220.73544558976573
2025-10-11 12:24:17+00:00,UAL584,29.30854409427966,-91.17472929113052,10363.2,277.9034887190255,220.73544558976573
2025-10-11 12:24:18+00:00,UAL584,29.30877685546875,-91.17656034581802,10363.2,277.7711819549333,220.66529537311368
2025-10-11 12:24:19+00:00,UAL584,29.309097290039062,-91.17923443134016,10363.2,277.7711819549333,220.66529537311368
2025-10-11 12:24:20+00:00,UAL584,29.309371948242188,-91.18150564340442,10363.2,277.7711819549333,220.66529537311368
2025-10-11 12:24:21+00:00,UAL584,29.309646606445312,-91.18398813100958,10363.2,277.7711819549333,220.66529537311368
2025-10-11 12:24:22+00:00,UAL584,29.309894109176376,-91.18598489200366,10363.2,277.7711819549333,220.66529537311368
2025-10-11 12:24:23+00:00,UAL584,29.31015014648437,-91.18800236628609,10363.2,277.7711819549333,220.66529537311368
2025-10-11 12:24:24+00:00,UAL584,29.310359631554554,-91.19002398322613,10363.2,277.7711819549333,220.66529537311368
2025-10-11 12:24:25+00:00,UAL584,29.31068549721928,-91.19250129250918,10363.2,277.7711819549333,220.66529537311368
2025-10-11 12:24:26+00:00,UAL584,29.31092834472656,-91.19455190805286,10363.2,277.7711819549333,220.66529537311368
2025-10-11 12:24:27+00:00,UAL584,29.311203002929688,-91.19677030123194,10363.2,277.7711819549333,220.66529537311368
2025-10-11 12:24:28+00:00,UAL584,29.31147766113281,-91.19925278883716,10363.2,277.7711819549333,220.66529537311368
2025-10-11 12:24:29+00:00,UAL584,29.31170964645127,-91.20127958409928,10363.2,277.7711819549333,220.66529537311368
2025-10-11 12:24:30+00:00,UAL584,29.31211853027344,-91.2046403151292,10363.2,277.7531618745588,221.17502564597623
2025-10-11 12:24:31+00:00,UAL584,29.31236137778072,-91.2066650390625,10363.2,277.7711819549333,220.66529537311368
2025-10-11 12:24:32+00:00,UAL584,29.312667846679688,-91.20912992037256,10363.2,277.7531618745588,221.17502564597623
2025-10-11 12:24:33+00:00,UAL584,29.312826900158896,-91.21048871208644,10363.2,277.7531618745588,221.17502564597623
2025-10-11 12:24:34+00:00,UAL584,29.31317138671875,-91.21340825007512,10363.2,277.7531618745588,221.17502564597623
2025-10-11 12:24:35+00:00,UAL584,29.31343207925053,-91.21565874885113,10363.2,277.7531618745588,221.17502564597623
2025-10-11 12:24:36+00:00,UAL584,29.31367492675781,-91.21768657977763,10363.2,277.7531618745588,221.17502564597623
2025-10-11 12:24:37+00:00,UAL584,29.31390380859375,-91.219482421875,10363.2,277.7531618745588,221.17502564597623
2025-10-11 12:24:38+00:00,UAL584,29.31417691505561,-91.22195973115812,10363.2,277.7531618745588,221.17502564597623
2025-10-11 12:24:39+00:00,UAL584,29.31445622848252,-91.22400620404414,10363.2,277.7531618745588,221.17502564597623
2025-10-11 12:24:40+00:00,UAL584,29.31464243743379,-91.22578340418198,10363.2,277.7531618745588,221.17502564597623
2025-10-11 12:24:41+00:00,UAL584,29.315014855336333,-91.2289608226103,10363.2,277.7531618745588,221.17502564597623
2025-10-11 12:24:42+00:00,UAL584,29.31536865234375,-91.23163076547472,10363.2,277.7531618745588,221.17502564597623
2025-10-11 12:24:43+00:00,UAL584,29.315460205078125,-91.23252868652344,10363.2,277.7531618745588,221.17502564597623
2025-10-11 12:24:44+00:00,UAL584,29.315826416015625,-91.2356978196364,10363.2,277.7531618745588,221.17502564597623
2025-10-11 12:24:45+00:00,UAL584,29.31610107421875,-91.23796903170069,10363.2,277.7531618745588,221.17502564597623
2025-10-11 12:24:46+00:00,UAL584,29.316411422470868,-91.24064725988052,10363.2,277.7531618745588,221.17502564597623
2025-10-11 12:24:47+00:00,UAL584,29.316650390625,-91.24266991248498,10363.2,277.7531618745588,221.17502564597623
2025-10-11 12:24:48+00:00,UAL584,29.31683349609375,-91.2440432035006,10363.2,277.7531618745588,221.17502564597623
2025-10-11 12:24:49+00:00,UAL584,29.31720281051377,-91.2469482421875,10363.2,277.7531618745588,221.17502564597623
2025-10-11 12:24:50+00:00,UAL584,29.317428588867188,-91.24921945425176,10363.2,277.7531618745588,221.17502564597623
2025-10-11 12:24:51+00:00,UAL584,29.317703247070312,-91.2514378474309,10363.2,277.7531618745588,221.17502564597623
2025-10-11 12:24:52+00:00,UAL584,29.31797790527344,-91.25370905949518,10363.2,277.7531618745588,221.17502564597623
2025-10-11 12:24:53+00:00,UAL584,29.31822695974576,-91.2557265337776,10363.2,277.7531618745588,221.17502564597623
2025-10-11 12:24:54+00:00,UAL584,29.3184814453125,-91.2579873891977,10363.2,277.7531618745588,221.17502564597623
2025-10-11 12:24:55+00:00,UAL584,29.31878558659957,-91.2604657341452,10363.2,277.7531618745588,221.17502564597623
2025-10-11 12:24:56+00:00,UAL584,29.31903076171875,-91.2624769944411,10363.2,277.7531618745588,221.17502564597623
2025-10-11 12:24:57+00:00,UAL584,29.319305419921875,-91.26474820650536,10363.2,277.7531618745588,221.17502564597623
2025-10-11 12:24:58+00:00,UAL584,29.31953430175781,-91.26675532414362,10363.2,277.7531618745588,221.17502564597623
2025-10-11 12:24:59+00:00,UAL584,29.3199028403072,-91.26967486213238,10363.2,277.7531618745588,221.17502564597623
2025-10-11 12:25:00+00:00,UAL584,29.32012939453125,-91.27172029935394,10363.2,277.7531618745588,221.17502564597623
2025-10-11 12:25:01+00:00,UAL584,29.3204149149232,-91.27419864430146,10363.2,277.7531618745588,221.17502564597623
2025-10-11 12:25:02+00:00,UAL584,29.32074078058792,-91.27667595358456,10363.2,277.7531618745588,221.17502564597623
2025-10-11 12:25:03+00:00,UAL584,29.320926989539192,-91.2784531537224,10363.2,277.7531618745588,221.17502564597623
2025-10-11 12:25:04+00:00,UAL584,29.32122802734375,-91.28096360426684,10363.2,277.885169570069,221.24501424237147
2025-10-11 12:25:05+00:00,UAL584,29.32139251191737,-91.28227682674634,10363.2,277.7531618745588,221.17502564597623
2025-10-11 12:25:06+00:00,UAL584,29.321685791015625,-91.28476656400238,10363.2,277.885169570069,221.24501424237147
2025-10-11 12:25:07+00:00,UAL584,29.32196044921875,-91.28703777606673,10363.2,277.885169570069,221.24501424237147
2025-10-11 12:25:08+00:00,UAL584,29.322235107421875,-91.28930898813098,10363.2,277.885169570069,221.24501424237147
2025-10-11 12:25:09+00:00,UAL584,29.322370108911542,-91.29040886374082,10363.2,277.7531618745588,221.17502564597623
2025-10-11 12:25:10+00:00,UAL584,29.322835631289724,-91.2942325367647,10363.2,277.7531618745588,221.17502564597623
2025-10-11 12:25:11+00:00,UAL584,29.32311494471663,-91.29649442784928,10363.2,277.7531618745588,221.17502564597623
2025-10-11 12:25:12+00:00,UAL584,29.323301153667902,-91.29805620978864,10363.2,277.7531618745588,221.17502564597623
2025-10-11 12:25:13+00:00,UAL584,29.32367357157044,-91.30123362821688,10363.2,277.7531618745588,221.17502564597623
2025-10-11 12:25:14+00:00,UAL584,29.32392883300781,-91.30325317382812,10363.2,277.7531618745588,221.17502564597623
2025-10-11 12:25:15+00:00,UAL584,29.324203491210938,-91.3055243858924,10363.2,277.7531618745588,221.17502564597623
2025-10-11 12:25:16+00:00,UAL584,29.324478149414062,-91.30800687349756,10363.2,277.7531618745588,221.17502564597623
2025-10-11 12:25:17+00:00,UAL584,29.32469772080244,-91.31001191980698,10363.2,277.7531618745588,221.17502564597623
2025-10-11 12:25:18+00:00,UAL584,29.32497703422934,-91.31227381089155,10363.2,277.7531618745588,221.17502564597623
2025-10-11 12:25:19+00:00,UAL584,29.32525634765625,-91.31453570197613,10363.2,277.7531618745588,221.17502564597623
2025-10-11 12:25:20+00:00,UAL584,29.32539367675781,-91.31587688739484,10363.2,277.7531618745588,221.17502564597623
2025-10-11 12:25:21+00:00,UAL584,29.325668334960938,-91.31809528057391,10363.2,277.7531618745588,221.17502564597623
2025-10-11 12:25:22+00:00,UAL584,29.325908078985695,-91.3201365751379,10363.2,277.7531618745588,221.17502564597623
2025-10-11 12:25:23+00:00,UAL584,29.32626342773437,-91.3228489802434,10363.2,277.7531618745588,221.17502564597623
2025-10-11 12:25:24+00:00,UAL584,29.326492309570312,-91.32512019230768,10363.2,277.7531618745588,221.17502564597623
2025-10-11 12:25:25+00:00,UAL584,29.32674601926642,-91.32713766659008,10363.2,277.7531618745588,221.17502564597623
2025-10-11 12:25:26+00:00,UAL584,29.32711843716896,-91.3303150850184,10363.2,277.7531618745588,221.17502564597623
2025-10-11 12:25:27+00:00,UAL584,29.327444302833687,-91.33279239430146,10363.2,277.7531618745588,221.17502564597623
2025-10-11 12:25:28+00:00,UAL584,29.32767706402277,-91.33500043083644,10363.2,277.7531618745588,221.17502564597623
2025-10-11 12:25:29+00:00,UAL584,29.32786327297405,-91.3363467945772,10363.2,277.7531618745588,221.17502564597623
2025-10-11 12:25:30+00:00,UAL584,29.32814258640095,-91.33860868566175,10363.2,277.7531618745588,221.17502564597623
2025-10-11 12:25:31+00:00,UAL584,29.32846069335937,-91.3413355900691,10363.2,277.7531618745588,221.17502564597623
2025-10-11 12:25:32+00:00,UAL584,29.3287353515625,-91.34355398324816,10363.2,277.7531618745588,221.17502564597623
2025-10-11 12:25:33+00:00,UAL584,29.329010009765625,-91.3458251953125,10363.2,277.7531618745588,221.17502564597623
2025-10-11 12:25:34+00:00,UAL584,29.32925984010858,-91.34808708639709,10363.2,277.7531618745588,221.17502564597623
2025-10-11 12:25:35+00:00,UAL584,29.329513549804688,-91.35010352501502,10363.2,277.7531618745588,221.17502564597623
2025-10-11 12:25:36+00:00,UAL584,29.329818466962397,-91.35261086856616,10363.2,277.885169570069,221.24501424237147
2025-10-11 12:25:37+00:00,UAL584,29.330051228151483,-91.35481890510113,10363.2,277.7531618745588,221.17502564597623
2025-10-11 12:25:38+00:00,UAL584,29.330377093816207,-91.35729621438418,10363.2,277.7531618745588,221.17502564597623
2025-10-11 12:25:39+00:00,UAL584,29.33065640724311,-91.35955810546876,10363.2,277.7531618745588,221.17502564597623
2025-10-11 12:25:40+00:00,UAL584,29.3309326171875,-91.36204059307391,10363.2,277.7531618745588,221.17502564597623
2025-10-11 12:25:41+00:00,UAL584,29.331075377383478,-91.36338177849268,10363.2,277.7531618745588,221.17502564597623
2025-10-11 12:25:42+00:00,UAL584,29.33135469081038,-91.3656436695772,10363.2,277.7531618745588,221.17502564597623
2025-10-11 12:25:43+00:00,UAL584,29.331619262695312,-91.36769221379204,10363.2,277.7531618745588,221.17502564597623
2025-10-11 12:25:44+00:00,UAL584,29.331913317664192,-91.37038286994488,10363.2,277.7531618745588,221.17502564597623
2025-10-11 12:25:45+00:00,UAL584,29.33221435546875,-91.37286846454327,10363.2,277.7531618745588,221.17502564597623
2025-10-11 12:25:46+00:00,UAL584,29.332443237304688,-91.37466430664062,10363.2,277.7531618745588,221.17502564597623
2025-10-11 12:25:47+00:00,UAL584,29.33258056640625,-91.37603759765624,10363.2,277.7531618745588,221.17502564597623
2025-10-11 12:25:48+00:00,UAL584,29.333030571371825,-91.37964585248164,10363.2,277.7531618745588,221.17502564597623
2025-10-11 12:25:49+00:00,UAL584,29.333309884798727,-91.38190774356616,10363.2,277.7531618745588,221.17502564597623
2025-10-11 12:25:50+00:00,UAL584,29.333542645987816,-91.38411578010113,10363.2,277.7531618745588,221.17502564597623
2025-10-11 12:25:51+00:00,UAL584,29.33386851165254,-91.38664694393384,10363.2,277.73522466479994,221.6847776960593
2025-10-11 12:25:52+00:00,UAL584,29.33409118652344,-91.38866131122296,10363.2,277.7531618745588,221.17502564597623
2025-10-11 12:25:53+00:00,UAL584,29.33436584472656,-91.39087970440204,10363.2,277.73522466479994,221.6847776960593
2025-10-11 12:25:54+00:00,UAL584,29.33465989969544,-91.3933787626379,10363.2,277.7531618745588,221.17502564597623
2025-10-11 12:25:55+00:00,UAL584,29.33489266088453,-91.39542523552392,10363.2,277.7531618745588,221.17502564597623
2025-10-11 12:25:56+00:00,UAL584,29.33514404296875,-91.39742924616888,10363.2,277.73522466479994,221.6847776960593
2025-10-11 12:25:57+00:00,UAL584,29.33540473550053,-91.39946432674634,10363.2,277.7531618745588,221.17502564597623
2025-10-11 12:25:58+00:00,UAL584,29.33564758300781,-91.4017075758714,10363.2,277.73522466479994,221.6847776960593
2025-10-11 12:25:59+00:00,UAL584,29.335922241210938,-91.40397878793569,10363.2,277.73522466479994,221.6847776960593
2025-10-11 12:26:00+00:00,UAL584,29.336289228019066,-91.4068962545956,10363.2,277.73522466479994,221.6847776960593
2025-10-11 12:26:01+00:00,UAL584,29.336521989208155,-91.40915814568018,10363.2,277.73522466479994,221.6847776960593
2025-10-11 12:26:02+00:00,UAL584,29.3367919921875,-91.41142625075122,10363.2,277.73522466479994,221.6847776960593
2025-10-11 12:26:03+00:00,UAL584,29.33711242675781,-91.41412001389722,10363.2,277.73522466479994,221.6847776960593
2025-10-11 12:26:04+00:00,UAL584,29.33726682501324,-91.41524370978864,10363.2,277.73522466479994,221.6847776960593
2025-10-11 12:26:05+00:00,UAL584,29.33735992948888,-91.41615923713238,10363.2,277.73522466479994,221.6847776960593
2025-10-11 12:26:06+00:00,UAL584,29.337778899629235,-91.41955207375918,10363.2,277.73522466479994,221.6847776960593
2025-10-11 12:26:07+00:00,UAL584,29.338058213056144,-91.42181396484376,10363.2,277.73522466479994,221.6847776960593
2025-10-11 12:26:08+00:00,UAL584,29.338348388671875,-91.42431405874396,10363.2,277.73522466479994,221.6847776960593
2025-10-11 12:26:09+00:00,UAL584,29.33866339214777,-91.42698400160845,10363.2,277.73522466479994,221.6847776960593
2025-10-11 12:26:10+00:00,UAL584,29.33894270557468,-91.42924589269302,10363.2,277.73522466479994,221.6847776960593
2025-10-11 12:26:11+00:00,UAL584,29.33917236328125,-91.43128615159252,10363.2,277.73522466479994,221.6847776960593
2025-10-11 12:26:12+00:00,UAL584,29.33949279785156,-91.4337686391977,10363.2,277.73522466479994,221.6847776960593
2025-10-11 12:26:13+00:00,UAL584,29.3397216796875,-91.43603985126202,10363.2,277.73522466479994,221.6847776960593
2025-10-11 12:26:14+00:00,UAL584,29.339966854806672,-91.43807803883271,10363.2,277.73522466479994,221.6847776960593
2025-10-11 12:26:15+00:00,UAL584,29.34022521972656,-91.44010690542363,10363.2,277.73522466479994,221.6847776960593
2025-10-11 12:26:16+00:00,UAL584,29.340572033898304,-91.4428172392004,10363.2,277.73522466479994,221.6847776960593
2025-10-11 12:26:17+00:00,UAL584,29.340866088867188,-91.44528315617488,10363.2,277.73522466479994,221.6847776960593
2025-10-11 12:26:18+00:00,UAL584,29.341094970703125,-91.4475543682392,10363.2,277.73522466479994,221.6847776960593
2025-10-11 12:26:19+00:00,UAL584,29.34136962890625,-91.44977276141827,10363.2,277.73522466479994,221.6847776960593
2025-10-11 12:26:20+00:00,UAL584,29.341598510742188,-91.45183269794173,10363.2,277.60343241277974,221.61612217932296
2025-10-11 12:26:21+00:00,UAL584,29.341873168945312,-91.45410391000598,10363.2,277.60343241277974,221.61612217932296
2025-10-11 12:26:22+00:00,UAL584,29.34214782714844,-91.45632230318506,10363.2,277.73522466479994,221.6847776960593
2025-10-11 12:26:23+00:00,UAL584,29.34237670898437,-91.4583822397085,10363.2,277.73522466479994,221.6847776960593
2025-10-11 12:26:24+00:00,UAL584,29.342788696289062,-91.46155137282152,10363.2,277.73522466479994,221.6847776960593
2025-10-11 12:26:25+00:00,UAL584,29.342899645789192,-91.4626895680147,10363.2,277.73522466479994,221.6847776960593
2025-10-11 12:26:26+00:00,UAL584,29.3431789592161,-91.46489760454966,10363.2,277.73522466479994,221.6847776960593
2025-10-11 12:26:27+00:00,UAL584,29.343551377118644,-91.46829044117646,10363.2,277.60343241277974,221.61612217932296
2025-10-11 12:26:28+00:00,UAL584,29.343795776367188,-91.47037212665263,10363.2,277.60343241277974,221.61612217932296
2025-10-11 12:26:29+00:00,UAL584,29.344110003972457,-91.4728142233456,10363.2,277.60343241277974,221.61612217932296
2025-10-11 12:26:30+00:00,UAL584,29.344253540039062,-91.4741750863882,10363.2,277.60343241277974,221.61612217932296
2025-10-11 12:26:31+00:00,UAL584,29.344528198242188,-91.47644629845252,10363.2,277.73522466479994,221.6847776960593
2025-10-11 12:26:32+00:00,UAL584,29.34490139201536,-91.47938447840072,10363.2,277.73522466479994,221.6847776960593
2025-10-11 12:26:33+00:00,UAL584,29.345134153204448,-91.48143095128675,10363.2,277.73522466479994,221.6847776960593
2025-10-11 12:26:34+00:00,UAL584,29.345366914393537,-91.48369284237134,10363.2,277.60343241277974,221.61612217932296
2025-10-11 12:26:35+00:00,UAL584,29.345599675582623,-91.48547004250918,10363.2,277.60343241277974,221.61612217932296
2025-10-11 12:26:36+00:00,UAL584,29.345832436771715,-91.48773193359376,10363.2,277.5858745012719,222.126053419476
2025-10-11 12:26:37+00:00,UAL584,29.34615830243644,-91.49020924287686,10363.2,277.5858745012719,222.126053419476
2025-10-11 12:26:38+00:00,UAL584,29.346405029296875,-91.4922391451322,10363.2,277.5858745012719,222.126053419476
2025-10-11 12:26:39+00:00,UAL584,29.34663391113281,-91.49451035719652,10363.2,277.60343241277974,221.61612217932296
2025-10-11 12:26:40+00:00,UAL584,29.346763481528072,-91.4956485523897,10363.2,277.73522466479994,221.6847776960593
2025-10-11 12:26:41+00:00,UAL584,29.347183227539062,-91.49926405686595,10363.2,277.60343241277974,221.61612217932296
2025-10-11 12:26:42+00:00,UAL584,29.347457885742188,-91.5015352689303,10363.2,277.5858745012719,222.126053419476
2025-10-11 12:26:43+00:00,UAL584,29.347741078522244,-91.50378058938418,10363.2,277.5858745012719,222.126053419476
2025-10-11 12:26:44+00:00,UAL584,29.347973839711333,-91.50604248046876,10363.2,277.5858745012719,222.126053419476
2025-10-11 12:26:45+00:00,UAL584,29.34823608398437,-91.50808481069708,10363.2,277.5858745012719,222.126053419476
2025-10-11 12:26:46+00:00,UAL584,29.34848591432733,-91.51013542624082,10363.2,277.5858745012719,222.126053419476
2025-10-11 12:26:47+00:00,UAL584,29.348765227754235,-91.51261273552392,10363.2,277.5858745012719,222.126053419476
2025-10-11 12:26:48+00:00,UAL584,29.349044541181144,-91.51487462660845,10363.2,277.5858745012719,222.126053419476
2025-10-11 12:26:49+00:00,UAL584,29.349288940429688,-91.51690556452826,10363.2,277.5858745012719,222.126053419476
2025-10-11 12:26:50+00:00,UAL584,29.34956359863281,-91.51938805213342,10363.2,277.7173697588028,222.1945513734811
2025-10-11 12:26:51+00:00,UAL584,29.349838256835938,-91.5216592641977,10363.2,277.7173697588028,222.1945513734811
2025-10-11 12:26:52+00:00,UAL584,29.350112915039062,-91.52393047626202,10363.2,277.73522466479994,221.6847776960593
2025-10-11 12:26:53+00:00,UAL584,29.350387573242188,-91.5262016883263,10363.2,277.8669346139127,221.75460540823084
2025-10-11 12:26:54+00:00,UAL584,29.350627317266948,-91.52844597311582,10363.2,277.8669346139127,221.75460540823084
2025-10-11 12:26:55+00:00,UAL584,29.350906630693853,-91.5307078642004,10363.2,277.7173697588028,222.1945513734811
2025-10-11 12:26:56+00:00,UAL584,29.35118594412076,-91.53296975528492,10363.2,277.7173697588028,222.1945513734811
2025-10-11 12:26:58+00:00,UAL584,29.351325600834212,-91.53431611902572,10363.2,277.7173697588028,222.1945513734811
2025-10-11 12:26:59+00:00,UAL584,29.35176086425781,-91.53792748084436,10363.2,277.7173697588028,222.1945513734811
2025-10-11 12:27:00+00:00,UAL584,29.3521728515625,-91.54109661395734,10363.2,277.7173697588028,222.1945513734811
2025-10-11 12:27:01+00:00,UAL584,29.352582511255296,-91.5447100471048,10363.2,277.7173697588028,222.1945513734811
2025-10-11 12:27:02+00:00,UAL584,29.35272216796875,-91.54585031362676,10363.2,277.7173697588028,222.1945513734811
2025-10-11 12:27:03+00:00,UAL584,29.3528618246822,-91.54697193818936,10363.2,277.7173697588028,222.1945513734811
2025-10-11 12:27:04+00:00,UAL584,29.35340881347656,-91.55150193434496,10363.2,277.7173697588028,222.1945513734811
2025-10-11 12:27:05+00:00,UAL584,29.353500366210938,-91.55239985539362,10363.2,277.7173697588028,222.1945513734811
2025-10-11 12:27:07+00:00,UAL584,29.354049682617188,-91.55694227952222,10363.2,277.7173697588028,222.1945513734811
2025-10-11 12:27:08+00:00,UAL584,29.354324340820312,-91.55942476712738,10363.2,277.7173697588028,222.1945513734811
2025-10-11 12:27:10+00:00,UAL584,29.35463080971928,-91.5618896484375,10363.2,277.7173697588028,222.1945513734811
2025-10-11 12:27:11+00:00,UAL584,29.355282541048727,-91.56754437614892,10355.58,277.7173697588028,222.1945513734811
2025-10-11 12:27:13+00:00,UAL584,29.355789184570312,-91.57183720515326,10355.58,277.73522466479994,221.6847776960593
2025-10-11 12:27:15+00:00,UAL584,29.35633850097656,-91.5765909048227,10340.34,277.73522466479994,221.6847776960593
2025-10-11 12:27:16+00:00,UAL584,29.356613159179688,-91.57886211688702,10340.34,277.73522466479994,221.6847776960593
2025-10-11 12:27:17+00:00,UAL584,29.35679626464844,-91.58044668344348,10332.72,277.60343241277974,221.61612217932296
2025-10-11 12:27:18+00:00,UAL584,29.35707092285156,-91.58266507662256,10332.72,277.60343241277974,221.61612217932296
2025-10-11 12:27:19+00:00,UAL584,29.35733083951271,-91.58472397748164,10325.1,277.60343241277974,221.61612217932296
2025-10-11 12:27:20+00:00,UAL584,29.357574462890625,-91.58673213078424,10317.48,277.60343241277974,221.61612217932296
2025-10-11 12:27:21+00:00,UAL584,29.35788946636652,-91.58946317784928,10317.48,277.60343241277974,221.61612217932296
2025-10-11 12:27:22+00:00,UAL584,29.358169555664062,-91.59190838153546,10309.86,277.7531618745588,221.17502564597623
2025-10-11 12:27:24+00:00,UAL584,29.35863430217161,-91.5959795783548,10302.24,277.60343241277974,221.61612217932296
2025-10-11 12:27:25+00:00,UAL584,29.35891361559852,-91.59824146943936,10294.62,277.60343241277974,221.61612217932296
2025-10-11 12:27:26+00:00,UAL584,29.35931396484375,-91.60162705641528,10287.0,277.60343241277974,221.61612217932296
2025-10-11 12:27:27+00:00,UAL584,29.359542846679688,-91.60342289851263,10279.38,277.60343241277974,221.61612217932296
2025-10-11 12:27:28+00:00,UAL584,29.35981750488281,-91.6059053861178,10279.38,277.60343241277974,221.61612217932296
2025-10-11 12:27:29+00:00,UAL584,29.36004638671875,-91.60775404710034,10271.76,277.60343241277974,221.61612217932296
2025-10-11 12:27:31+00:00,UAL584,29.36054992675781,-91.61224365234376,10256.52,277.60343241277974,221.61612217932296
2025-10-11 12:27:33+00:00,UAL584,29.361099243164062,-91.6169973520132,10248.9,277.60343241277974,221.61612217932296
2025-10-11 12:27:34+00:00,UAL584,29.361241227489405,-91.61811379825366,10248.9,277.60343241277974,221.61612217932296
2025-10-11 12:27:35+00:00,UAL584,29.36156709315413,-91.62086038028492,10241.28,277.5858745012719,222.126053419476
2025-10-11 12:27:36+00:00,UAL584,29.36184640658104,-91.62333768956802,10233.66,277.5858745012719,222.126053419476
2025-10-11 12:27:37+00:00,UAL584,29.362125720007946,-91.6255995806526,10226.04,277.5858745012719,222.126053419476
2025-10-11 12:27:39+00:00,UAL584,29.36268434686176,-91.6303387810202,10218.42,277.5683970215894,222.63600542338483
2025-10-11 12:27:40+00:00,UAL584,29.36293029785156,-91.6324204664964,10210.8,277.5683970215894,222.63600542338483
2025-10-11 12:27:41+00:00,UAL584,29.363149869239937,-91.63443172679229,10210.8,277.5683970215894,222.63600542338483
2025-10-11 12:27:42+00:00,UAL584,29.36347573490466,-91.636962890625,10203.18,277.5683970215894,222.63600542338483
2025-10-11 12:27:43+00:00,UAL584,29.363800048828125,-91.63986792931188,10195.56,277.55099942554494,223.14597804869632
2025-10-11 12:27:44+00:00,UAL584,29.363937377929688,-91.64124122032752,10195.56,277.55099942554494,223.14597804869632
2025-10-11 12:27:45+00:00,UAL584,29.364303588867188,-91.64441035344048,10187.94,277.55099942554494,223.14597804869632
2025-10-11 12:27:46+00:00,UAL584,29.364592988612287,-91.64671056410845,10180.32,277.55099942554494,223.14597804869632
2025-10-11 12:27:47+00:00,UAL584,29.36468609308792,-91.6476260914522,10180.32,277.55099942554494,223.14597804869632
2025-10-11 12:27:48+00:00,UAL584,29.36508178710937,-91.65101271409252,10172.7,277.55099942554494,223.14597804869632
2025-10-11 12:27:49+00:00,UAL584,29.36524471994173,-91.65214987362134,10165.08,277.5336811698919,223.65597115434983
2025-10-11 12:27:50+00:00,UAL584,29.365631103515625,-91.65581923264722,10157.46,277.5336811698919,223.65597115434983
2025-10-11 12:27:51+00:00,UAL584,29.365896451271187,-91.65785845588238,10157.46,277.5336811698919,223.65597115434983
2025-10-11 12:27:52+00:00,UAL584,29.36617576469809,-91.66017420151655,10149.84,277.5336811698919,223.65597115434983
2025-10-11 12:27:53+00:00,UAL584,29.36640930175781,-91.66242159329926,10149.84,277.5336811698919,223.65597115434983
2025-10-11 12:27:54+00:00,UAL584,29.36659240722656,-91.66379488431488,10142.22,277.51644171626947,224.16598460056272
2025-10-11 12:27:55+00:00,UAL584,29.366920600503175,-91.66674445657168,10134.6,277.51644171626947,224.16598460056272
2025-10-11 12:27:56+00:00,UAL584,29.367013704978813,-91.66765998391544,10134.6,277.51644171626947,224.16598460056272
2025-10-11 12:27:57+00:00,UAL584,29.367416381835938,-91.6708726149339,10126.98,277.6467620135672,224.23385940640267
2025-10-11 12:27:58+00:00,UAL584,29.367525779594807,-91.67202220243564,10126.98,277.6467620135672,224.23385940640267
2025-10-11 12:27:59+00:00,UAL584,29.367828369140625,-91.67456993689903,10119.36,277.6467620135672,224.23385940640267
2025-10-11 12:28:00+00:00,UAL584,29.368224063162074,-91.67800005744488,10111.74,277.62931030098974,224.743739019562
2025-10-11 12:28:01+00:00,UAL584,29.36831716763771,-91.67891558478864,10111.74,277.62931030098974,224.743739019562
2025-10-11 12:28:02+00:00,UAL584,29.36883544921875,-91.68302095853365,10104.12,277.62931030098974,224.743739019562
2025-10-11 12:28:03+00:00,UAL584,29.369110107421875,-91.68529217059796,10096.5,277.62931030098974,224.743739019562
2025-10-11 12:28:04+00:00,UAL584,29.369293212890625,-91.68692955603969,10088.88,277.62931030098974,224.743739019562
2025-10-11 12:28:07+00:00,UAL584,29.370086152674787,-91.6940487132353,10073.64,277.61193759671494,225.2536393889207
2025-10-11 12:28:08+00:00,UAL584,29.37025451660156,-91.69516930213342,10073.64,277.61193759671494,225.2536393889207
2025-10-11 12:28:09+00:00,UAL584,29.370529174804688,-91.69770460862378,10066.02,277.61193759671494,225.2536393889207
2025-10-11 12:28:10+00:00,UAL584,29.370895385742188,-91.700926560622,10058.4,277.59464336859145,225.76356037384133
2025-10-11 12:28:11+00:00,UAL584,29.371249958620236,-91.70368867761948,10058.4,277.59464336859145,225.76356037384133
2025-10-11 12:28:12+00:00,UAL584,29.371343063095868,-91.70460420496325,10050.78,277.59464336859145,225.76356037384133
2025-10-11 12:28:13+00:00,UAL584,29.37171548099841,-91.70783547794116,10043.16,277.59464336859145,225.76356037384133
2025-10-11 12:28:14+00:00,UAL584,29.371856689453125,-91.70900785006006,10043.16,277.59464336859145,225.76356037384133
2025-10-11 12:28:15+00:00,UAL584,29.372085571289062,-91.7110677865835,10043.16,277.59464336859145,225.76356037384133
2025-10-11 12:28:16+00:00,UAL584,29.372543334960938,-91.71476510854863,10027.92,277.57742708920784,226.2735018349488
2025-10-11 12:28:17+00:00,UAL584,29.372646525754767,-91.71591366038604,10027.92,277.57742708920784,226.2735018349488
2025-10-11 12:28:18+00:00,UAL584,29.373092651367188,-91.71957162710332,10020.3,277.57742708920784,226.2735018349488
2025-10-11 12:28:19+00:00,UAL584,29.37320515260858,-91.72076056985291,10020.3,277.56028823583983,226.7834636341157
2025-10-11 12:28:20+00:00,UAL584,29.37359619140625,-91.72400841346156,10012.68,277.56028823583983,226.7834636341157
2025-10-11 12:28:21+00:00,UAL584,29.373687744140625,-91.7249063345102,10012.68,277.56028823583983,226.7834636341157
2025-10-11 12:28:22+00:00,UAL584,29.37422930184057,-91.72932344324448,9997.44,277.5432262903989,227.29344563444917
2025-10-11 12:28:24+00:00,UAL584,29.37451171875,-91.73208970289966,9997.44,277.5432262903989,227.29344563444917
2025-10-11 12:28:25+00:00,UAL584,29.37492758540784,-91.73557057100186,9989.82,277.5432262903989,227.29344563444917
2025-10-11 12:28:26+00:00,UAL584,29.375152587890625,-91.73763568584737,9982.2,277.5262407393812,227.8034477002764
2025-10-11 12:28:27+00:00,UAL584,29.37548621226165,-91.74041748046876,9974.58,277.5262407393812,227.8034477002764
2025-10-11 12:28:28+00:00,UAL584,29.37579345703125,-91.7429703932542,9974.58,277.5262407393812,227.8034477002764
2025-10-11 12:28:30+00:00,UAL584,29.37632415254237,-91.74763399011948,9959.34,277.5093310738173,228.31346969713172
2025-10-11 12:28:31+00:00,UAL584,29.37660346596928,-91.74994973575366,9959.34,277.5093310738173,228.31346969713172
2025-10-11 12:28:32+00:00,UAL584,29.37689208984375,-91.75253061147832,9951.72,277.4924967892226,228.8235114917432
2025-10-11 12:28:33+00:00,UAL584,29.377115540585272,-91.75463508157168,9944.1,277.4924967892226,228.8235114917432
2025-10-11 12:28:34+00:00,UAL584,29.37739562988281,-91.75696739783656,9944.1,277.4924967892226,228.8235114917432
2025-10-11 12:28:35+00:00,UAL584,29.37757873535156,-91.7588160588191,9936.48,277.36474624498265,228.75699849198335
2025-10-11 12:28:36+00:00,UAL584,29.37781382415254,-91.76093606387866,9928.86,277.36474624498265,228.75699849198335
2025-10-11 12:28:37+00:00,UAL584,29.37799072265625,-91.76209082970252,9928.86,277.3482662386135,229.2672079268825
2025-10-11 12:28:38+00:00,UAL584,29.378494262695312,-91.76652761606069,9921.24,277.3482662386135,229.2672079268825
2025-10-11 12:28:39+00:00,UAL584,29.378631591796875,-91.76795372596156,9921.24,277.3482662386135,229.2672079268825
2025-10-11 12:28:40+00:00,UAL584,29.378744868908896,-91.7691219554228,9913.62,277.3482662386135,229.2672079268825
2025-10-11 12:28:41+00:00,UAL584,29.379256943524894,-91.77353802849268,9906.0,277.3482662386135,229.2672079268825
2025-10-11 12:28:42+00:00,UAL584,29.379547119140625,-91.77614065317005,9898.38,277.3318594196791,229.77743624510595
2025-10-11 12:28:45+00:00,UAL584,29.38037419723252,-91.78317799287686,9883.14,277.3318594196791,229.77743624510595
2025-10-11 12:28:46+00:00,UAL584,29.38056040618379,-91.78506290211396,9883.14,277.4590523671327,229.84365394703497
2025-10-11 12:28:47+00:00,UAL584,29.380839719610695,-91.78737864774814,9875.52,277.4590523671327,229.84365394703497
2025-10-11 12:28:48+00:00,UAL584,29.381103515625,-91.78971510667066,9875.52,277.4590523671327,229.84365394703497
2025-10-11 12:28:49+00:00,UAL584,29.38135179422669,-91.79184857536768,9867.9,277.5861714213645,229.91100368910853
2025-10-11 12:28:50+00:00,UAL584,29.3816311076536,-91.79416432100186,9860.28,277.5861714213645,229.91100368910853
2025-10-11 12:28:51+00:00,UAL584,29.381744384765625,-91.7953667273888,9860.28,277.5861714213645,229.91100368910853
2025-10-11 12:28:53+00:00,UAL584,29.38243103027344,-91.80122962364784,9845.04,277.5861714213645,229.91100368910853
2025-10-11 12:28:54+00:00,UAL584,29.38270568847656,-91.80355365459737,9845.04,277.5861714213645,229.91100368910853
2025-10-11 12:28:55+00:00,UAL584,29.382843017578125,-91.80450439453124,9837.42,277.5861714213645,229.91100368910853
2025-10-11 12:28:57+00:00,UAL584,29.383529663085938,-91.81036729079028,9829.8,277.5861714213645,229.91100368910853
2025-10-11 12:28:58+00:00,UAL584,29.383804321289062,-91.81269132173976,9822.18,277.5861714213645,229.91100368910853
2025-10-11 12:29:00+00:00,UAL584,29.38442424192267,-91.81786032284008,9814.56,277.7132153963918,229.97948447676907
2025-10-11 12:29:01+00:00,UAL584,29.38465700311176,-91.82017606847428,9806.94,277.7132153963918,229.97948447676907
2025-10-11 12:29:02+00:00,UAL584,29.384994506835938,-91.82299100435694,9799.32,277.7304553323367,229.46970541536652
2025-10-11 12:29:03+00:00,UAL584,29.385262182203387,-91.82513068704044,9799.32,277.7304553323367,229.46970541536652
2025-10-11 12:29:04+00:00,UAL584,29.38540183891684,-91.82653090533093,9791.7,277.60313414794734,229.40107244855665
2025-10-11 12:29:05+00:00,UAL584,29.38568115234375,-91.82885390061595,9791.7,277.7304553323367,229.46970541536652
2025-10-11 12:29:06+00:00,UAL584,29.386007018008478,-91.8314316693474,9784.08,277.60313414794734,229.40107244855665
2025-10-11 12:29:07+00:00,UAL584,29.386138916015625,-91.83260404146633,9784.08,277.60313414794734,229.40107244855665
2025-10-11 12:29:09+00:00,UAL584,29.386642456054688,-91.83704082782452,9768.84,277.62017245327354,228.8911614043252
2025-10-11 12:29:10+00:00,UAL584,29.38714599609375,-91.8412135197566,9761.22,277.62017245327354,228.8911614043252
2025-10-11 12:29:11+00:00,UAL584,29.387496689618644,-91.84403363396144,9761.22,277.62017245327354,228.8911614043252
2025-10-11 12:29:12+00:00,UAL584,29.387682898569917,-91.84586468864892,9753.6,277.62017245327354,228.8911614043252
2025-10-11 12:29:13+00:00,UAL584,29.388015747070312,-91.84844970703124,9753.6,277.6372868405576,228.3812706916923
2025-10-11 12:29:14+00:00,UAL584,29.38824462890625,-91.8502983680138,9753.6,277.6372868405576,228.3812706916923
2025-10-11 12:29:15+00:00,UAL584,29.38851928710937,-91.8528864933894,9753.6,277.6372868405576,228.3812706916923
2025-10-11 12:29:16+00:00,UAL584,29.3887939453125,-91.85521052433891,9753.6,277.5262407393812,227.8034477002764
2025-10-11 12:29:17+00:00,UAL584,29.389068603515625,-91.85753455528844,9753.6,277.5262407393812,227.8034477002764
2025-10-11 12:29:18+00:00,UAL584,29.38934326171875,-91.8600698617788,9753.6,277.5262407393812,227.8034477002764
2025-10-11 12:29:19+00:00,UAL584,29.389617919921875,-91.86239389272832,9753.6,277.5432262903989,227.29344563444917
2025-10-11 12:29:20+00:00,UAL584,29.389892578125,-91.86471792367786,9753.6,277.5432262903989,227.29344563444917
2025-10-11 12:29:23+00:00,UAL584,29.39061568955244,-91.87117632697613,9753.6,277.4314079711725,226.71635213529623
2025-10-11 12:29:25+00:00,UAL584,29.39117431640625,-91.87602323644302,9753.6,277.4314079711725,226.71635213529623
2025-10-11 12:29:26+00:00,UAL584,29.391453629833155,-91.8783389820772,9753.6,277.4314079711725,226.71635213529623
2025-10-11 12:29:27+00:00,UAL584,29.391732943260063,-91.88065472771144,9753.6,277.4314079711725,226.71635213529623
2025-10-11 12:29:28+00:00,UAL584,29.391965704449152,-91.88275505514709,9753.6,277.4314079711725,226.71635213529623
2025-10-11 12:29:29+00:00,UAL584,29.39222717285156,-91.88526447002704,9753.6,277.4314079711725,226.71635213529623
2025-10-11 12:29:30+00:00,UAL584,29.392477779065143,-91.88738654641544,9753.6,277.5432262903989,227.29344563444917
2025-10-11 12:29:31+00:00,UAL584,29.39275709249205,-91.88991771024814,9753.6,277.5432262903989,227.29344563444917
2025-10-11 12:29:32+00:00,UAL584,29.39300537109375,-91.89202528733472,9753.6,277.5432262903989,227.29344563444917
2025-10-11 12:29:33+00:00,UAL584,29.39326916710805,-91.89406451056988,9753.6,277.5262407393812,227.8034477002764
2025-10-11 12:29:34+00:00,UAL584,29.39364624023437,-91.89735999474158,9753.6,277.5262407393812,227.8034477002764
2025-10-11 12:29:35+00:00,UAL584,29.39373779296875,-91.89825791579028,9753.6,277.5262407393812,227.8034477002764
2025-10-11 12:29:36+00:00,UAL584,29.39396745067532,-91.90036549287686,9753.6,277.5093310738173,228.31346969713172
2025-10-11 12:29:38+00:00,UAL584,29.394515991210938,-91.90480745755708,9753.6,277.4924967892226,228.8235114917432
2025-10-11 12:29:39+00:00,UAL584,29.394758838718214,-91.90709731158093,9753.6,277.4924967892226,228.8235114917432
2025-10-11 12:29:43+00:00,UAL584,29.39584350585937,-91.91648043118988,9753.6,277.60313414794734,229.40107244855665
2025-10-11 12:29:47+00:00,UAL584,29.397125244140625,-91.92751957820012,9753.6,277.55247071353034,230.93092622400928
2025-10-11 12:29:48+00:00,UAL584,29.397365764036017,-91.92966236787686,9753.6,277.55247071353034,230.93092622400928
2025-10-11 12:29:49+00:00,UAL584,29.39769162970074,-91.93224738625918,9753.6,277.5357317476669,231.44091725371075
2025-10-11 12:29:50+00:00,UAL584,29.39792439088983,-91.93461698644302,9753.6,277.51906639122893,231.95092795041248
2025-10-11 12:29:53+00:00,UAL584,29.39877319335937,-91.9417278583233,9753.6,277.50247416253814,232.46095818466844
2025-10-11 12:29:55+00:00,UAL584,29.39927673339844,-91.94600618802582,9753.6,277.50247416253814,232.46095818466844
2025-10-11 12:29:56+00:00,UAL584,29.39955371921345,-91.94840375114892,9753.6,277.4695071824842,233.48107675368988
2025-10-11 12:29:57+00:00,UAL584,29.399688720703125,-91.94959787222052,9753.6,277.4695071824842,233.48107675368988
2025-10-11 12:29:58+00:00,UAL584,29.39996337890625,-91.9519747220553,9753.6,277.4695071824842,233.48107675368988
2025-10-11 12:29:59+00:00,UAL584,29.400375366210938,-91.95577768179083,9753.6,277.4531314884304,233.9911648351577
2025-10-11 12:30:00+00:00,UAL584,29.400650024414062,-91.95794325608472,9753.6,277.4531314884304,233.9911648351577
2025-10-11 12:30:01+00:00,UAL584,29.400924682617188,-91.96032010591944,9753.6,277.4531314884304,233.9911648351577
2025-10-11 12:30:02+00:00,UAL584,29.401199340820312,-91.9626969557542,9753.6,277.4368270366546,234.50127194756055
2025-10-11 12:30:04+00:00,UAL584,29.401695122153072,-91.96703742532168,9753.6,277.42059336588136,235.01139796697487
2025-10-11 12:30:05+00:00,UAL584,29.40192788334216,-91.96940702550552,9753.6,277.42059336588136,235.01139796697487
2025-10-11 12:30:06+00:00,UAL584,29.40234685348252,-91.97279986213238,9753.6,277.40443001878583,235.5215427705461
2025-10-11 12:30:07+00:00,UAL584,29.402618408203125,-91.97516221266528,9753.6,277.40443001878583,235.5215427705461
2025-10-11 12:30:08+00:00,UAL584,29.40289306640625,-91.9775918813852,9753.6,277.40443001878583,235.5215427705461
2025-10-11 12:30:09+00:00,UAL584,29.403138241525426,-91.97974709903492,9753.6,277.40443001878583,235.5215427705461
2025-10-11 12:30:10+00:00,UAL584,29.403350830078125,-91.98192302997296,9753.6,277.38833654195224,236.03170623647756
2025-10-11 12:30:11+00:00,UAL584,29.40365031614142,-91.98432473575366,9753.6,277.38833654195224,236.03170623647756
2025-10-11 12:30:12+00:00,UAL584,29.40390014648437,-91.98646545410156,9753.6,277.38833654195224,236.03170623647756
2025-10-11 12:30:13+00:00,UAL584,29.4041158385196,-91.98863309972428,9753.6,277.38833654195224,236.03170623647756
2025-10-11 12:30:14+00:00,UAL584,29.404449462890625,-91.99153606708234,9753.6,277.3723124858322,236.54188824401845
2025-10-11 12:30:15+00:00,UAL584,29.404721017611227,-91.9936954273897,9753.6,277.3723124858322,236.54188824401845
2025-10-11 12:30:16+00:00,UAL584,29.404953002929688,-91.99586721567005,9753.6,277.3723124858322,236.54188824401845
2025-10-11 12:30:18+00:00,UAL584,29.40551240565413,-92.00069651884188,9753.6,277.3723124858322,236.54188824401845
2025-10-11 12:30:22+00:00,UAL584,29.40660095214844,-92.01039240910455,9753.6,277.3404708566317,237.56230740609152
2025-10-11 12:30:23+00:00,UAL584,29.40681586831303,-92.01259837431064,9753.6,277.3404708566317,237.56230740609152
2025-10-11 12:30:24+00:00,UAL584,29.407141733977756,-92.01523724724268,9753.6,277.3404708566317,237.56230740609152
2025-10-11 12:30:25+00:00,UAL584,29.40742104740466,-92.01766070197613,9753.6,277.3404708566317,237.56230740609152
2025-10-11 12:30:26+00:00,UAL584,29.407699584960938,-92.0203223595252,9753.6,277.3404708566317,237.56230740609152
2025-10-11 12:30:27+00:00,UAL584,29.40802001953125,-92.02301612267128,9753.6,277.3404708566317,237.56230740609152
2025-10-11 12:30:28+00:00,UAL584,29.40825898768538,-92.02520033892466,9753.6,277.3404708566317,237.56230740609152
2025-10-11 12:30:29+00:00,UAL584,29.408523559570312,-92.02782264122597,9753.6,277.3404708566317,237.56230740609152
2025-10-11 12:30:30+00:00,UAL584,29.40886416677701,-92.03074735753675,9753.6,277.3404708566317,237.56230740609152
2025-10-11 12:30:31+00:00,UAL584,29.40911865234375,-92.03294607309192,9753.6,277.3404708566317,237.56230740609152
2025-10-11 12:30:32+00:00,UAL584,29.409393310546875,-92.03537574181188,9753.6,277.2173791590292,237.4971274405175
2025-10-11 12:30:33+00:00,UAL584,29.409609002582098,-92.03753303079044,9753.6,277.2173791590292,237.4971274405175
2025-10-11 12:30:34+00:00,UAL584,29.409896850585938,-92.03997098482569,9753.6,277.2173791590292,237.4971274405175
2025-10-11 12:30:35+00:00,UAL584,29.41012107719809,-92.04216452205884,9753.6,277.2173791590292,237.4971274405175
2025-10-11 12:30:36+00:00,UAL584,29.41035383838718,-92.04404943129596,9753.6,277.2330050354075,236.98676837924512
2025-10-11 12:30:37+00:00,UAL584,29.410675048828125,-92.04699589655952,9753.6,277.2330050354075,236.98676837924512
2025-10-11 12:30:38+00:00,UAL584,29.41094970703125,-92.04937274639424,9753.6,277.2330050354075,236.98676837924512
2025-10-11 12:30:39+00:00,UAL584,29.411191778667902,-92.05158906824448,9753.6,277.24869835757386,236.47642702061611
2025-10-11 12:30:40+00:00,UAL584,29.41156419657044,-92.05519732306988,9753.6,277.24869835757386,236.47642702061611
2025-10-11 12:30:41+00:00,UAL584,29.41172790527344,-92.056397658128,9753.6,277.2644595607759,235.9661034794911
2025-10-11 12:30:42+00:00,UAL584,29.411983166710804,-92.05853630514709,9753.6,277.2644595607759,235.9661034794911
2025-10-11 12:30:43+00:00,UAL584,29.412215927899894,-92.06095975988052,9753.6,277.2644595607759,235.9661034794911
2025-10-11 12:30:44+00:00,UAL584,29.412541793564618,-92.0635986328125,9753.6,277.2644595607759,235.9661034794911
2025-10-11 12:30:45+00:00,UAL584,29.412774554753707,-92.06602208754596,9753.6,277.2802890839937,235.45579787172213
2025-10-11 12:30:46+00:00,UAL584,29.412918090820312,-92.06722552959737,9753.6,277.1717121653871,234.88073093472843
2025-10-11 12:30:47+00:00,UAL584,29.41333318160752,-92.07103056066175,9753.6,277.1717121653871,234.88073093472843
2025-10-11 12:30:49+00:00,UAL584,29.413833618164062,-92.07557091346156,9753.6,277.1874130348397,234.37032050808867
2025-10-11 12:30:51+00:00,UAL584,29.414496987552965,-92.08131677964155,9753.6,277.2031824388976,233.8599277579517
2025-10-11 12:30:52+00:00,UAL584,29.41461181640625,-92.08249018742488,9753.6,277.21902082486963,233.34955280030613
2025-10-11 12:30:53+00:00,UAL584,29.41493225097656,-92.08513113168569,9753.6,277.21902082486963,233.34955280030613
2025-10-11 12:30:54+00:00,UAL584,29.41505561440678,-92.08632525275738,9753.6,277.21902082486963,233.34955280030613
2025-10-11 12:30:55+00:00,UAL584,29.415474584547137,-92.09009507123164,9753.6,277.21902082486963,233.34955280030613
2025-10-11 12:30:58+00:00,UAL584,29.41626597259004,-92.09747314453124,9753.6,277.2669544058117,231.81853585746305
2025-10-11 12:31:01+00:00,UAL584,29.41691770391949,-92.10334329044116,9753.6,277.2830732707602,231.30823325009305
2025-10-11 12:31:06+00:00,UAL584,29.41845392776748,-92.11675307329966,9753.6,277.31552530439626,230.28768332113933
2025-10-11 12:31:07+00:00,UAL584,29.41859358448093,-92.11793787339155,9753.6,277.3318594196791,229.77743624510595
2025-10-11 12:31:11+00:00,UAL584,29.41978454589844,-92.1287067119892,9753.6,277.36474624498265,228.75699849198335
2025-10-11 12:31:13+00:00,UAL584,29.42017636056673,-92.13220932904414,9753.6,277.36474624498265,228.75699849198335
2025-10-11 12:31:14+00:00,UAL584,29.420409121755824,-92.13409423828124,9753.6,277.3812999268472,228.2468080670406
2025-10-11 12:31:15+00:00,UAL584,29.42079162597656,-92.1377915602464,9753.6,277.3812999268472,228.2468080670406
2025-10-11 12:31:16+00:00,UAL584,29.421066284179688,-92.14011559119592,9753.6,277.3812999268472,228.2468080670406
2025-10-11 12:31:17+00:00,UAL584,29.42120361328125,-92.14106633112982,9753.6,277.3812999268472,228.2468080670406
2025-10-11 12:31:18+00:00,UAL584,29.42152404785156,-92.14407700758716,9753.6,277.3812999268472,228.2468080670406
2025-10-11 12:31:19+00:00,UAL584,29.421844482421875,-92.1468764085036,9753.6,277.3812999268472,228.2468080670406
2025-10-11 12:31:20+00:00,UAL584,29.422131554555083,-92.14944278492646,9753.6,277.39792777659216,227.73663677981617
2025-10-11 12:31:21+00:00,UAL584,29.42236431574417,-92.15127383961396,9753.6,277.39792777659216,227.73663677981617
2025-10-11 12:31:22+00:00,UAL584,29.422622680664062,-92.15363722581128,9753.6,277.39792777659216,227.73663677981617
2025-10-11 12:31:23+00:00,UAL584,29.422897338867188,-92.1559612567608,9753.6,277.39792777659216,227.73663677981617
2025-10-11 12:31:24+00:00,UAL584,29.423126220703125,-92.15828528771031,9753.6,277.39792777659216,227.73663677981617
2025-10-11 12:31:25+00:00,UAL584,29.42329536050053,-92.15940587660845,9753.6,277.39792777659216,227.73663677981617
2025-10-11 12:31:26+00:00,UAL584,29.42344665527344,-92.16082059420069,9753.6,277.39792777659216,227.73663677981617
2025-10-11 12:31:27+00:00,UAL584,29.423904418945312,-92.1649932861328,9753.6,277.39792777659216,227.73663677981617
2025-10-11 12:31:28+00:00,UAL584,29.42413330078125,-92.16710707720593,9753.6,277.39792777659216,227.73663677981617
2025-10-11 12:31:29+00:00,UAL584,29.42445916644597,-92.16963824103864,9753.6,277.39792777659216,227.73663677981617
2025-10-11 12:31:30+00:00,UAL584,29.424645375397244,-92.17152315027572,9753.6,277.39792777659216,227.73663677981617
2025-10-11 12:31:31+00:00,UAL584,29.424957275390625,-92.17407813439002,9753.6,277.39792777659216,227.73663677981617
2025-10-11 12:31:32+00:00,UAL584,29.42525055448888,-92.17685475068936,9753.6,277.39792777659216,227.73663677981617
2025-10-11 12:31:33+00:00,UAL584,29.42552986791578,-92.17917049632354,9753.6,277.39792777659216,227.73663677981617
2025-10-11 12:31:34+00:00,UAL584,29.42580918134269,-92.18148624195771,9753.6,277.39792777659216,227.73663677981617
2025-10-11 12:31:35+00:00,UAL584,29.42604194253178,-92.18380198759188,9753.6,277.39792777659216,227.73663677981617
2025-10-11 12:31:36+00:00,UAL584,29.426193237304688,-92.18501164362982,9753.6,277.39792777659216,227.73663677981617
2025-10-11 12:31:37+00:00,UAL584,29.426559448242188,-92.18844487116888,9753.6,277.39792777659216,227.73663677981617
2025-10-11 12:31:38+00:00,UAL584,29.42683333057468,-92.19080307904414,9753.6,277.39792777659216,227.73663677981617
2025-10-11 12:31:39+00:00,UAL584,29.42706298828125,-92.19288165752704,9753.6,277.39792777659216,227.73663677981617
2025-10-11 12:31:40+00:00,UAL584,29.427205748477224,-92.19403435202209,9753.6,277.39792777659216,227.73663677981617
2025-10-11 12:31:41+00:00,UAL584,29.427566528320312,-92.19705434945912,9753.6,277.39792777659216,227.73663677981617
2025-10-11 12:31:42+00:00,UAL584,29.427703857421875,-92.19848045935998,9753.6,277.39792777659216,227.73663677981617
2025-10-11 12:31:43+00:00,UAL584,29.42813679323358,-92.20216638901655,9753.6,277.39792777659216,227.73663677981617
2025-10-11 12:31:44+00:00,UAL584,29.428390502929688,-92.20423771784856,9753.6,277.41463029097474,227.22648475921477
2025-10-11 12:31:46+00:00,UAL584,29.4289747335143,-92.20938289866729,9753.6,277.41463029097474,227.22648475921477
2025-10-11 12:31:47+00:00,UAL584,29.429214477539062,-92.21147390512316,9753.6,277.41463029097474,227.22648475921477
2025-10-11 12:31:48+00:00,UAL584,29.429443359375,-92.2137451171875,9753.6,277.41463029097474,227.22648475921477
2025-10-11 12:31:49+00:00,UAL584,29.4297661215572,-92.2165455537684,9753.6,277.41463029097474,227.22648475921477
2025-10-11 12:31:50+00:00,UAL584,29.42999267578125,-92.21865727351263,9753.6,277.41463029097474,227.22648475921477
2025-10-11 12:31:51+00:00,UAL584,29.430324748411017,-92.22117704503675,9753.6,277.41463029097474,227.22648475921477
2025-10-11 12:31:52+00:00,UAL584,29.430633544921875,-92.22399198091944,9753.6,277.41463029097474,227.22648475921477
2025-10-11 12:31:53+00:00,UAL584,29.43072509765625,-92.22488990196814,9753.6,277.41463029097474,227.22648475921477
2025-10-11 12:31:54+00:00,UAL584,29.43109130859375,-92.22816467285156,9753.6,277.41463029097474,227.22648475921477
2025-10-11 12:31:56+00:00,UAL584,29.431549072265625,-92.23207327035756,9753.6,277.41463029097474,227.22648475921477
2025-10-11 12:31:57+00:00,UAL584,29.431814420021187,-92.23464068244488,9753.6,277.41463029097474,227.22648475921477
2025-10-11 12:31:58+00:00,UAL584,29.432098388671875,-92.23698542668268,9753.6,277.41463029097474,227.22648475921477
2025-10-11 12:31:59+00:00,UAL584,29.432373046875,-92.23948759191175,9753.6,277.41463029097474,227.22648475921477
2025-10-11 12:32:00+00:00,UAL584,29.432466151350635,-92.24045697380518,9753.6,277.41463029097474,227.22648475921477
2025-10-11 12:32:03+00:00,UAL584,29.433425903320312,-92.24876403808594,9753.6,277.41463029097474,227.22648475921477
2025-10-11 12:32:08+00:00,UAL584,29.43470764160156,-92.26012009840748,9753.6,277.41463029097474,227.22648475921477
2025-10-11 12:32:10+00:00,UAL584,29.43525695800781,-92.26497943584737,9753.6,277.41463029097474,227.22648475921477
2025-10-11 12:32:11+00:00,UAL584,29.43549204680879,-92.26706112132354,9753.6,277.41463029097474,227.22648475921477
2025-10-11 12:32:12+00:00,UAL584,29.435806274414062,-92.26989159217248,9753.6,277.41463029097474,227.22648475921477
2025-10-11 12:32:13+00:00,UAL584,29.436050673662603,-92.27196188534008,9753.6,277.41463029097474,227.22648475921477
2025-10-11 12:32:14+00:00,UAL584,29.43617248535156,-92.27311354417066,9753.6,277.4314079711725,226.71635213529623
2025-10-11 12:32:15+00:00,UAL584,29.43658447265625,-92.27659959059496,9753.6,277.41463029097474,227.22648475921477
2025-10-11 12:32:16+00:00,UAL584,29.43685913085937,-92.27892362154444,9753.6,277.4314079711725,226.71635213529623
2025-10-11 12:32:17+00:00,UAL584,29.437121375132413,-92.2814402860754,9753.6,277.4314079711725,226.71635213529623
2025-10-11 12:32:18+00:00,UAL584,29.437408447265625,-92.28378295898438,9753.6,277.4314079711725,226.71635213529623
2025-10-11 12:32:20+00:00,UAL584,29.4378662109375,-92.28790283203124,9753.6,277.302452035796,226.65038843655947
2025-10-11 12:32:21+00:00,UAL584,29.43809897212659,-92.29000315946688,9753.6,277.302452035796,226.65038843655947
2025-10-11 12:32:22+00:00,UAL584,29.438517942266948,-92.29350370519302,9753.6,277.302452035796,226.65038843655947
2025-10-11 12:32:24+00:00,UAL584,29.439030016882946,-92.29813519646144,9753.6,277.302452035796,226.65038843655947
2025-10-11 12:32:25+00:00,UAL584,29.439239501953125,-92.30020963228662,9753.6,277.302452035796,226.65038843655947
2025-10-11 12:32:26+00:00,UAL584,29.439376831054688,-92.3013716477614,9753.6,277.302452035796,226.65038843655947
2025-10-11 12:32:27+00:00,UAL584,29.439743041992188,-92.30459359975958,9753.6,277.302452035796,226.65038843655947
2025-10-11 12:32:28+00:00,UAL584,29.440017700195312,-92.30691763070912,9753.6,277.302452035796,226.65038843655947
2025-10-11 12:32:29+00:00,UAL584,29.440200805664062,-92.30850219726562,9753.6,277.302452035796,226.65038843655947
2025-10-11 12:32:30+00:00,UAL584,29.440473136255296,-92.31106028837314,9753.6,277.302452035796,226.65038843655947
2025-10-11 12:32:31+00:00,UAL584,29.44056624073093,-92.31197581571688,9753.6,277.302452035796,226.65038843655947
2025-10-11 12:32:32+00:00,UAL584,29.440938658633478,-92.31520708869488,9753.6,277.302452035796,226.65038843655947
2025-10-11 12:32:33+00:00,UAL584,29.44125366210937,-92.31800959660455,9753.6,277.302452035796,226.65038843655947
2025-10-11 12:32:34+00:00,UAL584,29.441619873046875,-92.32123154860278,9753.6,277.302452035796,226.65038843655947
2025-10-11 12:32:35+00:00,UAL584,29.44184875488281,-92.32355557955223,9753.6,277.302452035796,226.65038843655947
2025-10-11 12:32:36+00:00,UAL584,29.44207763671875,-92.32540424053484,9753.6,277.302452035796,226.65038843655947
2025-10-11 12:32:37+00:00,UAL584,29.442306518554688,-92.32751699594348,9753.6,277.302452035796,226.65038843655947
2025-10-11 12:32:38+00:00,UAL584,29.44258117675781,-92.3297882080078,9753.6,277.302452035796,226.65038843655947
2025-10-11 12:32:39+00:00,UAL584,29.442847300384003,-92.33233283547791,9753.6,277.302452035796,226.65038843655947
2025-10-11 12:32:40+00:00,UAL584,29.44308006157309,-92.33443316291364,9753.6,277.302452035796,226.65038843655947
2025-10-11 12:32:41+00:00,UAL584,29.443359375,-92.3367489085478,9753.6,277.302452035796,226.65038843655947
2025-10-11 12:32:42+00:00,UAL584,29.443588256835938,-92.33882023737982,9753.6,277.302452035796,226.65038843655947
2025-10-11 12:32:43+00:00,UAL584,29.443817138671875,-92.34114426832934,9753.6,277.302452035796,226.65038843655947
2025-10-11 12:32:44+00:00,UAL584,29.444137573242188,-92.3436795748197,9753.6,277.302452035796,226.65038843655947
2025-10-11 12:32:45+00:00,UAL584,29.44427490234375,-92.34505286583531,9753.6,277.302452035796,226.65038843655947
2025-10-11 12:32:46+00:00,UAL584,29.444662837658896,-92.34854305491729,9753.6,277.302452035796,226.65038843655947
2025-10-11 12:32:47+00:00,UAL584,29.44475594213453,-92.34945858226104,9753.6,277.302452035796,226.65038843655947
2025-10-11 12:32:48+00:00,UAL584,29.445053100585938,-92.35223623422472,9753.6,277.302452035796,226.65038843655947
2025-10-11 12:32:49+00:00,UAL584,29.44541931152344,-92.35545818622296,9753.6,277.302452035796,226.65038843655947
2025-10-11 12:32:50+00:00,UAL584,29.44551086425781,-92.35640892615686,9753.6,277.302452035796,226.65038843655947
2025-10-11 12:32:52+00:00,UAL584,29.44605940479343,-92.36103731043198,9753.6,277.302452035796,226.65038843655947
2025-10-11 12:32:53+00:00,UAL584,29.4462890625,-92.36311692457934,9753.6,277.17342167068296,226.5855735403496
2025-10-11 12:32:54+00:00,UAL584,29.4466552734375,-92.3665501521184,9753.6,277.17342167068296,226.5855735403496
2025-10-11 12:32:55+00:00,UAL584,29.44697570800781,-92.36934955303484,9753.6,277.17342167068296,226.5855735403496
2025-10-11 12:32:56+00:00,UAL584,29.44711303710937,-92.37072284405048,9753.6,277.17342167068296,226.5855735403496
2025-10-11 12:32:57+00:00,UAL584,29.44736286745233,-92.373046875,9753.6,277.1897024964263,226.07516535739492
2025-10-11 12:32:58+00:00,UAL584,29.44775390625,-92.37648010253906,9753.6,277.17342167068296,226.5855735403496
2025-10-11 12:32:59+00:00,UAL584,29.447874942068324,-92.3776783662684,9753.6,277.17342167068296,226.5855735403496
2025-10-11 12:33:00+00:00,UAL584,29.448028564453125,-92.3788041334886,9753.6,277.17342167068296,226.5855735403496
2025-10-11 12:33:01+00:00,UAL584,29.44852667339777,-92.38344080307904,9753.6,277.17342167068296,226.5855735403496
2025-10-11 12:33:06+00:00,UAL584,29.449676513671875,-92.3940687913161,9753.6,277.17342167068296,226.5855735403496
2025-10-11 12:33:08+00:00,UAL584,29.450202553959212,-92.398681640625,9753.6,277.1897024964263,226.07516535739492
2025-10-11 12:33:14+00:00,UAL584,29.45159912109375,-92.41139131433825,9753.6,277.1897024964263,226.07516535739492
2025-10-11 12:33:31+00:00,UAL584,29.45597503144862,-92.4517822265625,9753.6,277.1897024964263,226.07516535739492
2025-10-11 12:33:32+00:00,UAL584,29.4561767578125,-92.45412386380708,9753.6,275.8659711417265,226.5125615897873
2025-10-11 12:33:33+00:00,UAL584,29.456451416015625,-92.45739863469048,9753.6,275.8659711417265,226.5125615897873
2025-10-11 12:33:40+00:00,UAL584,29.45741815082097,-92.47348561006436,9753.6,272.9720559142347,228.2056420339423
2025-10-11 12:33:41+00:00,UAL584,29.457504272460938,-92.47562115009016,9753.6,272.8430529032112,228.17954704094907
2025-10-11 12:33:42+00:00,UAL584,29.457595825195312,-92.47794518103969,9753.6,272.71402103709926,228.1546090368543
2025-10-11 12:33:43+00:00,UAL584,29.457650912010063,-92.47914033777572,9753.6,272.71402103709926,228.1546090368543
2025-10-11 12:33:45+00:00,UAL584,29.457837120961333,-92.4836102653952,9753.6,272.8430529032112,228.17954704094907
2025-10-11 12:33:46+00:00,UAL584,29.457976777674787,-92.4859260110294,9753.6,272.9720559142347,228.2056420339423
2025-10-11 12:33:49+00:00,UAL584,29.458328247070312,-92.49437185434192,9753.6,272.9720559142347,228.2056420339423
2025-10-11 12:33:50+00:00,UAL584,29.458395747815143,-92.49556597541364,9753.6,272.9720559142347,228.2056420339423
2025-10-11 12:34:12+00:00,UAL584,29.460956120895126,-92.54828957950367,9753.6,273.10102877237057,228.2328936189812
2025-10-11 12:34:13+00:00,UAL584,29.46104922537076,-92.5506591796875,9753.6,273.10102877237057,228.2328936189812
2025-10-11 12:34:14+00:00,UAL584,29.461166381835938,-92.55273672250598,9753.6,273.10102877237057,228.2328936189812
2025-10-11 12:34:15+00:00,UAL584,29.46128198655985,-92.55555994370404,9753.6,273.10102877237057,228.2328936189812
2025-10-11 12:34:16+00:00,UAL584,29.46132853879767,-92.5565293255974,9753.6,273.10102877237057,228.2328936189812
2025-10-11 12:34:17+00:00,UAL584,29.461441040039062,-92.55859961876502,9753.6,273.10102877237057,228.2328936189812
2025-10-11 12:34:18+00:00,UAL584,29.461578369140625,-92.56213848407452,9753.6,273.10102877237057,228.2328936189812
2025-10-11 12:34:19+00:00,UAL584,29.46170095670021,-92.56423052619488,9753.6,273.10102877237057,228.2328936189812
2025-10-11 12:34:20+00:00,UAL584,29.46180725097656,-92.56683936485877,9753.6,273.10102877237057,228.2328936189812
2025-10-11 12:34:25+00:00,UAL584,29.46239924026748,-92.5787712545956,9753.6,273.10102877237057,228.2328936189812
2025-10-11 12:34:50+00:00,UAL584,29.465103149414062,-92.63756385216344,9753.6,273.10102877237057,228.2328936189812
2025-10-11 12:34:52+00:00,UAL584,29.46528625488281,-92.64152526855467,9753.6,273.10102877237057,228.2328936189812
2025-10-11 12:34:54+00:00,UAL584,29.46551513671875,-92.6458035982572,9753.6,273.10102877237057,228.2328936189812
2025-10-11 12:35:07+00:00,UAL584,29.46696135957362,-92.67716351677387,9753.6,273.10102877237057,228.2328936189812
2025-10-11 12:35:55+00:00,UAL584,29.472198486328125,-92.7911611703726,9753.6,273.0802101366458,229.77398088469224
2025-10-11 12:35:57+00:00,UAL584,29.472427368164062,-92.79586205115686,9753.6,273.0802101366458,229.77398088469224
2025-10-11 12:35:59+00:00,UAL584,29.47259418034957,-92.80011345358456,9753.6,272.9520999882627,229.74691209683212
2025-10-11 12:36:00+00:00,UAL584,29.47268728482521,-92.8024830537684,9753.6,272.9520999882627,229.74691209683212
2025-10-11 12:36:01+00:00,UAL584,29.472826941538663,-92.8055527630974,9753.6,272.9520999882627,229.74691209683212
2025-10-11 12:36:03+00:00,UAL584,29.472976684570312,-92.80816885141223,9753.6,272.9520999882627,229.74691209683212
2025-10-11 12:36:04+00:00,UAL584,29.473152807203387,-92.8128769818474,9753.6,272.9520999882627,229.74691209683212
2025-10-11 12:43:59+00:00,UAL584,29.51495671676377,-93.87558880974264,6096.0,272.1044099260586,196.1354435417565
2025-10-11 12:44:32+00:00,UAL584,29.517105102539062,-93.93997192382812,5760.72,272.2906100426385,193.07077151605728
2025-10-11 12:44:34+00:00,UAL584,29.51728820800781,-93.94530663123498,5730.240000000001,272.1380494821258,193.0508945526041
2025-10-11 12:44:36+00:00,UAL584,29.517379760742188,-93.94868703988882,5707.38,272.1380494821258,193.0508945526041
2025-10-11 12:44:41+00:00,UAL584,29.5177001953125,-93.95840571476865,5661.66,272.1437608652234,192.5368096451632
2025-10-11 12:44:42+00:00,UAL584,29.51774985103284,-93.96019430721508,5646.42,272.1437608652234,192.5368096451632
2025-10-11 12:44:43+00:00,UAL584,29.517837524414062,-93.9622086745042,5638.8,272.1437608652234,192.5368096451632
2025-10-11 12:44:45+00:00,UAL584,29.51793605998411,-93.96595674402572,5623.56,272.1437608652234,192.5368096451632
2025-10-11 12:44:47+00:00,UAL584,29.51806640625,-93.97028996394232,5600.700000000001,272.1437608652234,192.5368096451632
2025-10-11 12:45:14+00:00,UAL584,29.519989013671875,-94.02437650240384,5288.280000000001,272.1437608652234,192.5368096451632
2025-10-11 12:45:15+00:00,UAL584,29.52008056640625,-94.02633080115686,5273.04,272.4628166759168,191.55009919970036
2025-10-11 12:45:16+00:00,UAL584,29.52017056739936,-94.02853573069854,5265.42,272.4628166759168,191.55009919970036
2025-10-11 12:45:17+00:00,UAL584,29.52021789550781,-94.03050349308891,5250.18,272.4628166759168,191.55009919970036
2025-10-11 12:45:18+00:00,UAL584,29.520309448242188,-94.03245779184192,5242.56,272.4628166759168,191.55009919970036
2025-10-11 12:45:19+00:00,UAL584,29.520356776350635,-94.03424431295956,5227.320000000001,272.4628166759168,191.55009919970036
2025-10-11 12:45:20+00:00,UAL584,29.52044988082627,-94.03639849494488,5219.7,272.4628166759168,191.55009919970036
2025-10-11 12:47:36+00:00,UAL584,29.532553462658896,-94.29560044232537,4091.94,287.982920493402,164.9641513891377
2025-10-11 12:47:37+00:00,UAL584,29.532989501953125,-94.29708040677582,4091.94,287.982920493402,164.9641513891377
2025-10-11 12:50:48+00:00,UAL584,29.68100854905985,-94.55361758961396,2689.86,304.40431450888343,160.24331918030282
2025-10-11 12:50:53+00:00,UAL584,29.685710325079448,-94.55905689912684,2651.76,315.87690774143067,142.61330424999483
2025-10-11 12:51:07+00:00,UAL584,29.69805908203125,-94.57253089317908,2560.32,316.1751332372394,141.89891236343271
2025-10-11 12:51:08+00:00,UAL584,29.698884608381885,-94.57343606387866,2552.7000000000003,316.1751332372394,141.89891236343271
2025-10-11 12:51:09+00:00,UAL584,29.69979858398437,-94.57443237304688,2552.7000000000003,316.3253728439222,141.54316895641534
2025-10-11 12:51:14+00:00,UAL584,29.704330444335938,-94.5793973482572,2522.2200000000003,316.3253728439222,141.54316895641534
2025-10-11 12:51:15+00:00,UAL584,29.70625305175781,-94.58151010366583,2506.98,316.3322198538696,140.81583092115318
2025-10-11 12:51:36+00:00,UAL584,29.725250244140625,-94.60237356332632,2369.82,316.3322198538696,140.81583092115318
2025-10-11 12:51:45+00:00,UAL584,29.73353576660156,-94.61151123046876,2301.24,316.19348942398204,139.7167775360975
2025-10-11 12:52:06+00:00,UAL584,29.751907607256356,-94.63170668658088,2164.08,316.1997362381214,138.9894025138362
2025-10-11 12:52:07+00:00,UAL584,29.7528076171875,-94.63269160344048,2156.46,316.1997362381214,138.9894025138362
2025-10-11 12:52:12+00:00,UAL584,29.757121457891948,-94.63746912339155,2125.98,316.1997362381214,138.9894025138362
2025-10-11 12:52:14+00:00,UAL584,29.758941650390625,-94.63945242074816,2118.36,316.3531919537797,138.63382913447012
2025-10-11 12:52:24+00:00,UAL584,29.768051147460938,-94.64943519005408,2049.78,316.20604877921994,138.2620291611242
2025-10-11 12:52:33+00:00,UAL584,29.77606201171875,-94.65825594388522,1988.82,316.20604877921994,138.2620291611242
2025-10-11 12:52:36+00:00,UAL584,29.778854370117188,-94.66131943922775,1965.96,316.20604877921994,138.2620291611242
2025-10-11 12:52:47+00:00,UAL584,29.78854421841896,-94.67188218060662,1927.86,316.5154079000221,137.55197476659836
2025-10-11 12:52:48+00:00,UAL584,29.78997802734375,-94.67346778282752,1927.86,316.3603301322535,137.90649942023072
2025-10-11 12:52:49+00:00,UAL584,29.79105803926112,-94.6746287626379,1920.24,316.3603301322535,137.90649942023072
2025-10-11 12:52:50+00:00,UAL584,29.791430457163663,-94.67505959903492,1920.24,316.3603301322535,137.90649942023072
2025-10-11 12:52:51+00:00,UAL584,29.792953491210938,-94.67668973482569,1920.24,316.3603301322535,137.90649942023072
2025-10-11 12:52:52+00:00,UAL584,29.79403738248146,-94.67791389016544,1912.62,316.3603301322535,137.90649942023072
2025-10-11 12:52:55+00:00,UAL584,29.79664430779926,-94.68076818129596,1905.0,316.2124280899449,137.53465750445037
2025-10-11 12:52:56+00:00,UAL584,29.7975288003178,-94.68173756318936,1897.38,316.2124280899449,137.53465750445037
2025-10-11 12:52:57+00:00,UAL584,29.798355102539062,-94.68260544996996,1897.38,316.2124280899449,137.53465750445037
2025-10-11 12:52:58+00:00,UAL584,29.799204680879235,-94.68356861787686,1889.76,316.2188752351313,136.80728757086706
2025-10-11 12:53:01+00:00,UAL584,29.80162539724576,-94.68620749080884,1882.14,316.2188752351313,136.80728757086706
2025-10-11 12:53:02+00:00,UAL584,29.802749633789062,-94.68751760629505,1882.14,316.075129710597,135.70892309993883
2025-10-11 12:53:03+00:00,UAL584,29.80366516113281,-94.68846834622894,1874.52,316.075129710597,135.70892309993883
2025-10-11 12:53:04+00:00,UAL584,29.80418577032574,-94.68906178193936,1874.52,315.92404535277274,135.33886530669068
2025-10-11 12:53:05+00:00,UAL584,29.80531311035156,-94.69031700721156,1866.9,315.92404535277274,135.33886530669068
2025-10-11 12:53:06+00:00,UAL584,29.805816650390625,-94.69089801494891,1866.9,315.92903931942203,134.61142675004842
2025-10-11 12:53:07+00:00,UAL584,29.80688580011917,-94.69207763671876,1866.9,315.92903931942203,134.61142675004842
2025-10-11 12:53:09+00:00,UAL584,29.808517456054688,-94.69390869140624,1859.28,315.9340875539692,133.88398922717116
2025-10-11 12:53:10+00:00,UAL584,29.809725486626057,-94.69525505514709,1851.66,315.9340875539692,133.88398922717116
2025-10-11 12:53:11+00:00,UAL584,29.810531616210938,-94.69612708458531,1851.66,315.7805481602835,133.51481992915078
2025-10-11 12:53:12+00:00,UAL584,29.81093584480932,-94.6966014188879,1851.66,315.7805481602835,133.51481992915078
2025-10-11 12:53:22+00:00,UAL584,29.82001353118379,-94.70672607421876,1828.8,315.7805481602835,133.51481992915078
2025-10-11 12:53:30+00:00,UAL584,29.82639118776483,-94.7138348747702,1805.94,315.8208002858949,126.96765571814409
2025-10-11 12:53:31+00:00,UAL584,29.827182575807733,-94.71475040211396,1798.3200000000002,315.6585431775636,126.59922282729924
2025-10-11 12:53:39+00:00,UAL584,29.833653336864405,-94.72196691176472,1752.6,315.82553047044206,126.24019711915264
2025-10-11 12:53:40+00:00,UAL584,29.834444724907307,-94.72282858455884,1752.6,315.82553047044206,126.24019711915264
2025-10-11 12:53:42+00:00,UAL584,29.83616715770657,-94.7247673483456,1737.36,315.82553047044206,126.24019711915264
2025-10-11 12:53:43+00:00,UAL584,29.836958545749468,-94.72568287568936,1729.74,315.82553047044206,126.24019711915264
2025-10-11 12:53:44+00:00,UAL584,29.83740234375,-94.7261282113882,1729.74,315.82553047044206,126.24019711915264
2025-10-11 12:53:58+00:00,UAL584,29.848846435546875,-94.73880474384016,1645.92,316.16913932790743,124.79800708354466
2025-10-11 12:53:59+00:00,UAL584,29.84976041114936,-94.73979276769302,1638.3000000000002,316.16913932790743,124.79800708354466
2025-10-11 12:54:00+00:00,UAL584,29.850644903667902,-94.74076214958644,1638.3000000000002,316.16913932790743,124.79800708354466
2025-10-11 12:54:01+00:00,UAL584,29.851547241210938,-94.74176260141223,1630.68,316.16913932790743,124.79800708354466
2025-10-11 12:54:02+00:00,UAL584,29.852371215820312,-94.74266052246094,1623.0600000000002,316.16913932790743,124.79800708354466
2025-10-11 12:54:03+00:00,UAL584,29.853344933461333,-94.74372414981616,1615.44,316.3400077808997,124.44229161046458
2025-10-11 12:54:10+00:00,UAL584,29.858838097523837,-94.749755859375,1577.34,316.175994530018,124.07062574878648
2025-10-11 12:54:11+00:00,UAL584,29.85962948556673,-94.75067138671876,1569.72,316.175994530018,124.07062574878648
2025-10-11 12:54:12+00:00,UAL584,29.860427856445312,-94.75153409517723,1562.1,316.0109970523304,123.69998266525847
2025-10-11 12:54:13+00:00,UAL584,29.861572265625,-94.75280174842248,1554.48,316.0109970523304,123.69998266525847
2025-10-11 12:54:14+00:00,UAL584,29.862350463867188,-94.75369966947112,1546.86,315.845009223202,123.3303715811046
2025-10-11 12:54:15+00:00,UAL584,29.863082885742188,-94.7544919527494,1546.86,315.845009223202,123.3303715811046
2025-10-11 12:54:16+00:00,UAL584,29.86377263473252,-94.7552490234375,1539.24,315.845009223202,123.3303715811046
2025-10-11 12:54:17+00:00,UAL584,29.864564022775426,-94.75616455078124,1531.62,315.6780249107513,122.96180180259104
2025-10-11 12:54:18+00:00,UAL584,29.865554809570312,-94.75723853478064,1524.0,315.8500233810911,122.60291748990882
2025-10-11 12:54:19+00:00,UAL584,29.86623990333686,-94.75799560546876,1524.0,315.8500233810911,122.60291748990882
2025-10-11 12:54:20+00:00,UAL584,29.86675197795286,-94.75853415096508,1516.38,315.8500233810911,122.60291748990882
2025-10-11 12:54:21+00:00,UAL584,29.86735715704449,-94.7592342601103,1508.76,315.8500233810911,122.60291748990882
2025-10-11 12:54:27+00:00,UAL584,29.872467041015625,-94.76495009202222,1478.28,315.68614419783523,121.5068375400368
2025-10-11 12:54:28+00:00,UAL584,29.87285032110699,-94.76542753331802,1470.66,315.68614419783523,121.5068375400368
2025-10-11 12:54:29+00:00,UAL584,29.87350205243644,-94.76612764246325,1470.66,315.68614419783523,121.5068375400368
2025-10-11 12:54:34+00:00,UAL584,29.87750244140625,-94.77060171274036,1440.18,315.68614419783523,121.5068375400368
2025-10-11 12:54:35+00:00,UAL584,29.878646850585938,-94.7719221848708,1432.5600000000002,315.68614419783523,121.5068375400368
2025-10-11 12:54:36+00:00,UAL584,29.87904176873676,-94.77232091567096,1424.94,315.68614419783523,121.5068375400368
2025-10-11 12:54:37+00:00,UAL584,29.87983315677966,-94.7732364430147,1424.94,315.68614419783523,121.5068375400368
2025-10-11 12:54:39+00:00,UAL584,29.88178835076801,-94.775390625,1409.7,315.51616422976485,121.13927370164502
2025-10-11 12:54:40+00:00,UAL584,29.8828125,-94.77657024676984,1402.0800000000002,315.51616422976485,121.13927370164502
2025-10-11 12:54:41+00:00,UAL584,29.883557335805083,-94.77743709788604,1394.46,315.51616422976485,121.13927370164502
2025-10-11 12:54:42+00:00,UAL584,29.884348723847985,-94.77829877068018,1386.84,315.51616422976485,121.13927370164502
2025-10-11 12:54:44+00:00,UAL584,29.88560485839844,-94.77968656099756,1379.22,315.51616422976485,121.13927370164502
2025-10-11 12:54:45+00:00,UAL584,29.88597805217161,-94.78012982536768,1379.22,315.51616422976485,121.13927370164502
2025-10-11 12:54:47+00:00,UAL584,29.887527465820312,-94.7819049541767,1363.98,315.5192828765892,120.4117697204711
2025-10-11 12:54:49+00:00,UAL584,29.88919015658104,-94.78373808019302,1356.36,315.5192828765892,120.4117697204711
2025-10-11 12:54:50+00:00,UAL584,29.890353962526483,-94.78503058938418,1348.74,315.5192828765892,120.4117697204711
2025-10-11 12:54:51+00:00,UAL584,29.89109879833157,-94.78589226217832,1341.12,315.5192828765892,120.4117697204711
2025-10-11 12:54:52+00:00,UAL584,29.891890186374468,-94.78680778952209,1333.5,315.5192828765892,120.4117697204711
2025-10-11 12:54:54+00:00,UAL584,29.8934326171875,-94.78850731482872,1325.88,315.5192828765892,120.4117697204711
2025-10-11 12:54:55+00:00,UAL584,29.894302368164062,-94.78951087364784,1318.26,315.5192828765892,120.4117697204711
2025-10-11 12:54:56+00:00,UAL584,29.894683320643537,-94.78993135340072,1310.64,315.5192828765892,120.4117697204711
2025-10-11 12:54:57+00:00,UAL584,29.895754022113348,-94.79111615349268,1303.02,315.69446028754976,120.0518757766337
2025-10-11 12:54:58+00:00,UAL584,29.89654541015625,-94.79197782628675,1303.02,315.69446028754976,120.0518757766337
2025-10-11 12:55:00+00:00,UAL584,29.898314395193324,-94.79397044462314,1287.78,315.8706894984344,119.6931108001588
2025-10-11 12:55:01+00:00,UAL584,29.899105783236227,-94.79483211741729,1280.16,315.8706894984344,119.6931108001588
2025-10-11 12:55:02+00:00,UAL584,29.899887084960938,-94.79569068321814,1272.54,315.8706894984344,119.6931108001588
2025-10-11 12:55:03+00:00,UAL584,29.9005954548464,-94.79650160845593,1272.54,315.8706894984344,119.6931108001588
2025-10-11 12:55:04+00:00,UAL584,29.90093994140625,-94.79690551757812,1264.92,315.8706894984344,119.6931108001588
2025-10-11 12:55:07+00:00,UAL584,29.90329548463983,-94.7995174632353,1249.68,315.8706894984344,119.6931108001588
2025-10-11 12:55:08+00:00,UAL584,29.90413342492055,-94.80043299057904,1242.0600000000002,315.8706894984344,119.6931108001588
2025-10-11 12:55:09+00:00,UAL584,29.90492481296345,-94.80129466337314,1242.0600000000002,316.0479766460065,119.33548497328094
2025-10-11 12:55:17+00:00,UAL584,29.91123962402344,-94.80836721567005,1196.34,315.87601398911795,118.96566163522093
2025-10-11 12:55:19+00:00,UAL584,29.91283869339248,-94.81014404296876,1181.1,315.87601398911795,118.96566163522093
2025-10-11 12:55:29+00:00,UAL584,29.920566364870236,-94.81871337890624,1127.76,316.2338721670001,118.2516425495174
2025-10-11 12:55:30+00:00,UAL584,29.92149740962659,-94.8197021484375,1120.14,316.4057492610463,118.62369194710271
2025-10-11 12:55:31+00:00,UAL584,29.922102588718214,-94.820361328125,1112.52,316.4057492610463,118.62369194710271
2025-10-11 12:55:32+00:00,UAL584,29.92289397676112,-94.821240234375,1104.9,316.58624696011987,118.26954556319647
2025-10-11 12:55:33+00:00,UAL584,29.92373191704184,-94.82217407226562,1104.9,316.58624696011987,118.26954556319647
2025-10-11 12:55:34+00:00,UAL584,29.924523305084744,-94.822998046875,1097.28,316.58624696011987,118.26954556319647
2025-10-11 12:55:35+00:00,UAL584,29.925201416015625,-94.82375201056988,1089.66,316.58624696011987,118.26954556319647
2025-10-11 12:55:36+00:00,UAL584,29.92588806152344,-94.8245059742647,1089.66,316.58624696011987,118.26954556319647
2025-10-11 12:55:37+00:00,UAL584,29.926666259765625,-94.82536764705884,1082.04,316.58624696011987,118.26954556319647
2025-10-11 12:55:38+00:00,UAL584,29.927502648305083,-94.82623901367184,1074.42,316.58624696011987,118.26954556319647
2025-10-11 12:55:40+00:00,UAL584,29.928992319915253,-94.82783203125,1066.8,316.76782705585606,117.9165799603566
2025-10-11 12:55:42+00:00,UAL584,29.93037414550781,-94.82935288373164,1051.56,316.76782705585606,117.9165799603566
2025-10-11 12:55:43+00:00,UAL584,29.93136648404396,-94.83046874999997,1051.56,316.76782705585606,117.9165799603566
2025-10-11 12:55:44+00:00,UAL584,29.93206787109375,-94.83118393841914,1043.94,316.76782705585606,117.9165799603566
2025-10-11 12:55:45+00:00,UAL584,29.93285615565413,-94.83206176757812,1036.3200000000002,316.76782705585606,117.9165799603566
2025-10-11 12:55:46+00:00,UAL584,29.93364754369703,-94.8328857421875,1028.7,316.76782705585606,117.9165799603566
2025-10-11 12:55:47+00:00,UAL584,29.933990478515625,-94.8332842658548,1028.7,316.76782705585606,117.9165799603566
2025-10-11 12:55:48+00:00,UAL584,29.93471824516684,-94.8340393066406,1021.08,316.9504956333864,117.5648057737842
2025-10-11 12:55:49+00:00,UAL584,29.93602170782574,-94.83546752929686,1013.46,316.9504956333864,117.5648057737842
2025-10-11 12:55:50+00:00,UAL584,29.936347573490465,-94.83579711914064,1013.46,316.9504956333864,117.5648057737842
2025-10-11 12:55:51+00:00,UAL584,29.93756103515625,-94.83710793887866,1005.84,316.9504956333864,117.5648057737842
